arch,arm,checkpoint,seed,role,probe_family,probe_id,span_len,gain,companion_words,repeated_nll,source_domain,source_example_id,source_words,unrepeated_nll
D,D_C_43222,chck_90M,43222,C,heldout_natural_source_repeat,heldoutcopy:1:0:34715,1,0.6604044688865542,11,0.01144710648804903,gutenberg,34715,18,0.6718515753746033
D,D_C_43222,chck_90M,43222,C,heldout_natural_source_repeat,heldoutcopy:1:100:46093,1,0.03654593974351883,8,0.0444023460149765,open_subtitles,46093,11,0.08094828575849533
D,D_C_43222,chck_90M,43222,C,heldout_natural_source_repeat,heldoutcopy:1:101:9638,1,1.9404414035379887,8,0.06214877590537071,childes,9638,11,2.0025901794433594
D,D_C_43222,chck_90M,43222,C,heldout_natural_source_repeat,heldoutcopy:1:102:38847,1,2.5791255086660385,8,0.10747469961643219,open_subtitles,38847,12,2.6866002082824707
D,D_C_43222,chck_90M,43222,C,heldout_natural_source_repeat,heldoutcopy:1:103:25389,1,7.0625597247853875,28,0.015169023536145687,gutenberg,25389,52,7.077728748321533
D,D_C_43222,chck_90M,43222,C,heldout_natural_source_repeat,heldoutcopy:1:104:23610,1,1.7490879651159048,8,0.025079334154725075,gutenberg,23610,11,1.7741672992706299
D,D_C_43222,chck_90M,43222,C,heldout_natural_source_repeat,heldoutcopy:1:105:9850,1,4.648874164558947e-05,19,3.8742269680369645e-05,childes,9850,31,8.523101132595912e-05
D,D_C_43222,chck_90M,43222,C,heldout_natural_source_repeat,heldoutcopy:1:106:33545,1,-0.0014437944628298283,28,0.006778223440051079,gutenberg,33545,48,0.0053344289772212505
D,D_C_43222,chck_90M,43222,C,heldout_natural_source_repeat,heldoutcopy:1:107:27677,1,3.0728183537721634,8,0.1602877825498581,gutenberg,27677,11,3.2331061363220215
D,D_C_43222,chck_90M,43222,C,heldout_natural_source_repeat,heldoutcopy:1:108:31140,1,-0.03140437602996826,11,0.3251810669898987,gutenberg,31140,18,0.2937766909599304
D,D_C_43222,chck_90M,43222,C,heldout_natural_source_repeat,heldoutcopy:1:109:39267,1,0.354895381256938,8,0.017772706225514412,open_subtitles,39267,11,0.3726680874824524
D,D_C_43222,chck_90M,43222,C,heldout_natural_source_repeat,heldoutcopy:1:10:4664,1,2.2393726631999016,8,0.017610378563404083,bnc_spoken,4664,10,2.2569830417633057
D,D_C_43222,chck_90M,43222,C,heldout_natural_source_repeat,heldoutcopy:1:110:42641,1,10.508889935910702,8,0.10101626068353653,open_subtitles,42641,11,10.609906196594238
D,D_C_43222,chck_90M,43222,C,heldout_natural_source_repeat,heldoutcopy:1:111:16252,1,0.1444697566330433,9,0.03079373762011528,childes,16252,14,0.17526349425315857
D,D_C_43222,chck_90M,43222,C,heldout_natural_source_repeat,heldoutcopy:1:112:21179,1,4.81545726954937,9,0.08940799534320831,childes,21179,14,4.904865264892578
D,D_C_43222,chck_90M,43222,C,heldout_natural_source_repeat,heldoutcopy:1:113:36547,1,3.6686642169952393,13,0.7518942356109619,gutenberg,36547,21,4.420558452606201
D,D_C_43222,chck_90M,43222,C,heldout_natural_source_repeat,heldoutcopy:1:114:31372,1,6.119363743811846,28,0.018399279564619064,gutenberg,31372,53,6.137763023376465
D,D_C_43222,chck_90M,43222,C,heldout_natural_source_repeat,heldoutcopy:1:115:48479,1,2.982219696044922,8,5.959156036376953,open_subtitles,48479,12,8.941375732421875
D,D_C_43222,chck_90M,43222,C,heldout_natural_source_repeat,heldoutcopy:1:116:8771,1,2.5051103718578815,8,0.051583658903837204,childes,8771,10,2.5566940307617188
D,D_C_43222,chck_90M,43222,C,heldout_natural_source_repeat,heldoutcopy:1:117:35397,1,1.451217770576477,8,1.4167851209640503,gutenberg,35397,12,2.8680028915405273
D,D_C_43222,chck_90M,43222,C,heldout_natural_source_repeat,heldoutcopy:1:118:21260,1,0.9210136123001575,8,0.015166323632001877,childes,21260,10,0.9361799359321594
D,D_C_43222,chck_90M,43222,C,heldout_natural_source_repeat,heldoutcopy:1:119:13377,1,3.4475815296173096,8,0.17530322074890137,childes,13377,13,3.622884750366211
D,D_C_43222,chck_90M,43222,C,heldout_natural_source_repeat,heldoutcopy:1:11:10575,1,0.22640156745910645,11,2.44868540763855,childes,10575,17,2.6750869750976562
D,D_C_43222,chck_90M,43222,C,heldout_natural_source_repeat,heldoutcopy:1:120:16330,1,1.8712805062532425,8,0.12203626334667206,childes,16330,10,1.9933167695999146
D,D_C_43222,chck_90M,43222,C,heldout_natural_source_repeat,heldoutcopy:1:121:47969,1,8.095008850097656,19,7.438458442687988,open_subtitles,47969,30,15.533467292785645
D,D_C_43222,chck_90M,43222,C,heldout_natural_source_repeat,heldoutcopy:1:122:37483,1,13.762788072228432,8,0.13432000577449799,gutenberg,37483,10,13.89710807800293
D,D_C_43222,chck_90M,43222,C,heldout_natural_source_repeat,heldoutcopy:1:123:14826,1,0.08616498112678528,13,0.03879028558731079,childes,14826,21,0.12495526671409607
D,D_C_43222,chck_90M,43222,C,heldout_natural_source_repeat,heldoutcopy:1:124:40156,1,0.9087769011966884,8,0.003262199927121401,open_subtitles,40156,10,0.9120391011238098
D,D_C_43222,chck_90M,43222,C,heldout_natural_source_repeat,heldoutcopy:1:125:19420,1,1.9861619472503662,9,3.757580041885376,childes,19420,14,5.743741989135742
D,D_C_43222,chck_90M,43222,C,heldout_natural_source_repeat,heldoutcopy:1:126:27140,1,3.5926391649991274,11,0.015971465036273003,gutenberg,27140,17,3.6086106300354004
D,D_C_43222,chck_90M,43222,C,heldout_natural_source_repeat,heldoutcopy:1:127:7181,1,4.34168753772974,8,0.0707336887717247,childes,7181,12,4.412421226501465
D,D_C_43222,chck_90M,43222,C,heldout_natural_source_repeat,heldoutcopy:1:128:27695,1,2.8499002754688263,8,0.12760254740715027,gutenberg,27695,12,2.9775028228759766
D,D_C_43222,chck_90M,43222,C,heldout_natural_source_repeat,heldoutcopy:1:129:1384,1,0.131442129611969,12,0.4480445981025696,bnc_spoken,1384,19,0.5794867277145386
D,D_C_43222,chck_90M,43222,C,heldout_natural_source_repeat,heldoutcopy:1:12:16004,1,0.9047123193740845,15,0.5771621465682983,childes,16004,24,1.4818744659423828
D,D_C_43222,chck_90M,43222,C,heldout_natural_source_repeat,heldoutcopy:1:130:20591,1,4.104343404993415,8,0.02002335526049137,childes,20591,13,4.124366760253906
D,D_C_43222,chck_90M,43222,C,heldout_natural_source_repeat,heldoutcopy:1:131:21970,1,1.6464013680815697,9,0.05583695322275162,childes,21970,14,1.7022383213043213
D,D_C_43222,chck_90M,43222,C,heldout_natural_source_repeat,heldoutcopy:1:132:8436,1,0.6812393013387918,8,0.02880365215241909,childes,8436,11,0.7100429534912109
D,D_C_43222,chck_90M,43222,C,heldout_natural_source_repeat,heldoutcopy:1:133:59742,1,0.0016763168387115002,16,0.0017210922669619322,simple_wiki,59742,25,0.0033974091056734324
D,D_C_43222,chck_90M,43222,C,heldout_natural_source_repeat,heldoutcopy:1:134:55526,1,0.08045447710901499,9,0.004809952341020107,simple_wiki,55526,14,0.0852644294500351
D,D_C_43222,chck_90M,43222,C,heldout_natural_source_repeat,heldoutcopy:1:135:29340,1,13.57581752538681,8,0.6517806649208069,gutenberg,29340,10,14.227598190307617
D,D_C_43222,chck_90M,43222,C,heldout_natural_source_repeat,heldoutcopy:1:136:33364,1,7.392793404404074,27,0.004677069839090109,gutenberg,33364,44,7.397470474243164
D,D_C_43222,chck_90M,43222,C,heldout_natural_source_repeat,heldoutcopy:1:137:55845,1,1.875475694425404,18,0.011608551256358624,simple_wiki,55845,29,1.8870842456817627
D,D_C_43222,chck_90M,43222,C,heldout_natural_source_repeat,heldoutcopy:1:138:49750,1,2.3000123482197523,8,0.029713155701756477,open_subtitles,49750,12,2.329725503921509
D,D_C_43222,chck_90M,43222,C,heldout_natural_source_repeat,heldoutcopy:1:139:46059,1,5.714052498340607,8,0.6142250895500183,open_subtitles,46059,10,6.328277587890625
D,D_C_43222,chck_90M,43222,C,heldout_natural_source_repeat,heldoutcopy:1:13:41264,1,16.06455049663782,8,0.0843142494559288,open_subtitles,41264,10,16.14886474609375
D,D_C_43222,chck_90M,43222,C,heldout_natural_source_repeat,heldoutcopy:1:140:10122,1,0.2016768902540207,19,0.16821850836277008,childes,10122,30,0.36989539861679077
D,D_C_43222,chck_90M,43222,C,heldout_natural_source_repeat,heldoutcopy:1:141:2911,1,0.32387260906398296,17,0.02492307312786579,bnc_spoken,2911,27,0.34879568219184875
D,D_C_43222,chck_90M,43222,C,heldout_natural_source_repeat,heldoutcopy:1:142:29628,1,-0.032017648220062256,15,0.3487544059753418,gutenberg,29628,24,0.31673675775527954
D,D_C_43222,chck_90M,43222,C,heldout_natural_source_repeat,heldoutcopy:1:143:3336,1,0.8417447302490473,28,0.025580158457159996,bnc_spoken,3336,47,0.8673248887062073
D,D_C_43222,chck_90M,43222,C,heldout_natural_source_repeat,heldoutcopy:1:144:39750,1,0.7839764505624771,8,0.07326506078243256,open_subtitles,39750,10,0.8572415113449097
D,D_C_43222,chck_90M,43222,C,heldout_natural_source_repeat,heldoutcopy:1:145:11887,1,0.022987279517110437,8,0.0007856381707824767,childes,11887,11,0.023772917687892914
D,D_C_43222,chck_90M,43222,C,heldout_natural_source_repeat,heldoutcopy:1:146:37409,1,0.7217849447624758,14,0.0017232344252988696,gutenberg,37409,23,0.7235081791877747
D,D_C_43222,chck_90M,43222,C,heldout_natural_source_repeat,heldoutcopy:1:147:16087,1,0.08370977826416492,8,0.008706821128726006,childes,16087,13,0.09241659939289093
D,D_C_43222,chck_90M,43222,C,heldout_natural_source_repeat,heldoutcopy:1:148:55281,1,4.671696811914444,8,0.3729036748409271,simple_wiki,55281,11,5.044600486755371
D,D_C_43222,chck_90M,43222,C,heldout_natural_source_repeat,heldoutcopy:1:149:19070,1,0.021978532895445824,12,0.010771112516522408,childes,19070,19,0.03274964541196823
D,D_C_43222,chck_90M,43222,C,heldout_natural_source_repeat,heldoutcopy:1:14:16052,1,0.2655955832451582,8,0.01312980242073536,childes,16052,11,0.27872538566589355
D,D_C_43222,chck_90M,43222,C,heldout_natural_source_repeat,heldoutcopy:1:150:50032,1,-0.7346487045288086,8,3.124251365661621,open_subtitles,50032,12,2.3896026611328125
D,D_C_43222,chck_90M,43222,C,heldout_natural_source_repeat,heldoutcopy:1:151:57454,1,6.777447700500488,9,0.3512740135192871,simple_wiki,57454,15,7.128721714019775
D,D_C_43222,chck_90M,43222,C,heldout_natural_source_repeat,heldoutcopy:1:152:34510,1,11.3704590247944,18,0.011981542222201824,gutenberg,34510,29,11.382440567016602
D,D_C_43222,chck_90M,43222,C,heldout_natural_source_repeat,heldoutcopy:1:153:12407,1,6.868134140968323,8,0.17701804637908936,childes,12407,10,7.045152187347412
D,D_C_43222,chck_90M,43222,C,heldout_natural_source_repeat,heldoutcopy:1:154:38516,1,4.857540190219879,8,0.6426796317100525,open_subtitles,38516,11,5.500219821929932
D,D_C_43222,chck_90M,43222,C,heldout_natural_source_repeat,heldoutcopy:1:155:5433,1,4.137930266559124,8,0.0929952934384346,childes,5433,11,4.230925559997559
D,D_C_43222,chck_90M,43222,C,heldout_natural_source_repeat,heldoutcopy:1:156:10152,1,3.0646682046353817,8,0.016049597412347794,childes,10152,13,3.0807178020477295
D,D_C_43222,chck_90M,43222,C,heldout_natural_source_repeat,heldoutcopy:1:157:2397,1,1.8530139923095703,8,3.7405261993408203,bnc_spoken,2397,10,5.593540191650391
D,D_C_43222,chck_90M,43222,C,heldout_natural_source_repeat,heldoutcopy:1:158:39156,1,7.194340501911938,8,0.009630884043872356,open_subtitles,39156,13,7.2039713859558105
D,D_C_43222,chck_90M,43222,C,heldout_natural_source_repeat,heldoutcopy:1:159:55308,1,-0.7897243499755859,9,10.40047550201416,simple_wiki,55308,14,9.610751152038574
D,D_C_43222,chck_90M,43222,C,heldout_natural_source_repeat,heldoutcopy:1:15:24796,1,6.509409978985786,10,0.1901516169309616,gutenberg,24796,16,6.699561595916748
D,D_C_43222,chck_90M,43222,C,heldout_natural_source_repeat,heldoutcopy:1:160:5825,1,0.15425465442240238,8,0.017781605944037437,childes,5825,10,0.17203626036643982
D,D_C_43222,chck_90M,43222,C,heldout_natural_source_repeat,heldoutcopy:1:161:35857,1,4.739568471908569,8,1.0502536296844482,gutenberg,35857,11,5.789822101593018
D,D_C_43222,chck_90M,43222,C,heldout_natural_source_repeat,heldoutcopy:1:162:57669,1,0.021784254466183484,8,0.0018682897789403796,simple_wiki,57669,13,0.023652544245123863
D,D_C_43222,chck_90M,43222,C,heldout_natural_source_repeat,heldoutcopy:1:163:20822,1,4.410574365465436e-05,9,1.6331539882230572e-05,childes,20822,15,6.0437283536884934e-05
D,D_C_43222,chck_90M,43222,C,heldout_natural_source_repeat,heldoutcopy:1:164:57321,1,-1.192074705613777e-07,21,1.2874520507466514e-05,simple_wiki,57321,34,1.2755313036905136e-05
D,D_C_43222,chck_90M,43222,C,heldout_natural_source_repeat,heldoutcopy:1:165:12881,1,0.7326424708589911,11,0.013399899937212467,childes,12881,17,0.7460423707962036
D,D_C_43222,chck_90M,43222,C,heldout_natural_source_repeat,heldoutcopy:1:166:29039,1,2.770643264055252,8,0.35620447993278503,gutenberg,29039,13,3.126847743988037
D,D_C_43222,chck_90M,43222,C,heldout_natural_source_repeat,heldoutcopy:1:167:7182,1,-0.002714686095714569,8,0.07871412485837936,childes,7182,11,0.0759994387626648
D,D_C_43222,chck_90M,43222,C,heldout_natural_source_repeat,heldoutcopy:1:168:21853,1,1.3869060948491096,16,0.024630598723888397,childes,21853,25,1.411536693572998
D,D_C_43222,chck_90M,43222,C,heldout_natural_source_repeat,heldoutcopy:1:169:37536,1,5.261252850294113,26,0.05703213810920715,gutenberg,37536,42,5.31828498840332
D,D_C_43222,chck_90M,43222,C,heldout_natural_source_repeat,heldoutcopy:1:16:3202,1,4.9439266957342625,28,0.04576694592833519,bnc_spoken,3202,55,4.989693641662598
D,D_C_43222,chck_90M,43222,C,heldout_natural_source_repeat,heldoutcopy:1:170:3724,1,4.845663502812386,16,0.14474301040172577,bnc_spoken,3724,26,4.990406513214111
D,D_C_43222,chck_90M,43222,C,heldout_natural_source_repeat,heldoutcopy:1:171:43719,1,4.0579885840415955,9,0.11045747995376587,open_subtitles,43719,14,4.168446063995361
D,D_C_43222,chck_90M,43222,C,heldout_natural_source_repeat,heldoutcopy:1:172:29677,1,0.08009477041196078,8,0.0016914597945287824,gutenberg,29677,10,0.08178623020648956
D,D_C_43222,chck_90M,43222,C,heldout_natural_source_repeat,heldoutcopy:1:173:9435,1,0.009737163782119751,20,0.0012879418209195137,childes,9435,33,0.011025105603039265
D,D_C_43222,chck_90M,43222,C,heldout_natural_source_repeat,heldoutcopy:1:174:12464,1,0.1529257147340104,8,0.0003856868715956807,childes,12464,12,0.15331140160560608
D,D_C_43222,chck_90M,43222,C,heldout_natural_source_repeat,heldoutcopy:1:175:43943,1,5.341075971722603,8,0.1292227953672409,open_subtitles,43943,10,5.470298767089844
D,D_C_43222,chck_90M,43222,C,heldout_natural_source_repeat,heldoutcopy:1:176:21153,1,0.6274859067052603,8,0.012023592367768288,childes,21153,10,0.6395094990730286
D,D_C_43222,chck_90M,43222,C,heldout_natural_source_repeat,heldoutcopy:1:177:24419,1,1.1123769041150808,17,0.028878355398774147,gutenberg,24419,27,1.141255259513855
D,D_C_43222,chck_90M,43222,C,heldout_natural_source_repeat,heldoutcopy:1:178:22193,1,4.001394048333168,10,0.042529329657554626,childes,22193,16,4.043923377990723
D,D_C_43222,chck_90M,43222,C,heldout_natural_source_repeat,heldoutcopy:1:179:62109,1,0.05867979861795902,8,0.0012461524456739426,simple_wiki,62109,11,0.059925951063632965
D,D_C_43222,chck_90M,43222,C,heldout_natural_source_repeat,heldoutcopy:1:17:43196,1,11.180940964259207,8,0.004750869236886501,open_subtitles,43196,10,11.185691833496094
D,D_C_43222,chck_90M,43222,C,heldout_natural_source_repeat,heldoutcopy:1:180:3392,1,0.7394420951604843,12,0.08941759169101715,bnc_spoken,3392,20,0.8288596868515015
D,D_C_43222,chck_90M,43222,C,heldout_natural_source_repeat,heldoutcopy:1:181:55682,1,8.67784920334816,9,0.06199607253074646,simple_wiki,55682,15,8.739845275878906
D,D_C_43222,chck_90M,43222,C,heldout_natural_source_repeat,heldoutcopy:1:182:57347,1,5.821216370910406,12,0.05030939355492592,simple_wiki,57347,20,5.871525764465332
D,D_C_43222,chck_90M,43222,C,heldout_natural_source_repeat,heldoutcopy:1:183:8554,1,4.3208916783332825,8,0.035639941692352295,childes,8554,11,4.356531620025635
D,D_C_43222,chck_90M,43222,C,heldout_natural_source_repeat,heldoutcopy:1:184:57210,1,2.807865924667567,8,0.0033654500730335712,simple_wiki,57210,11,2.8112313747406006
D,D_C_43222,chck_90M,43222,C,heldout_natural_source_repeat,heldoutcopy:1:185:36351,1,9.88679824769497,19,0.22905029356479645,gutenberg,36351,30,10.115848541259766
D,D_C_43222,chck_90M,43222,C,heldout_natural_source_repeat,heldoutcopy:1:186:46272,1,8.288289420306683,8,0.09946025162935257,open_subtitles,46272,11,8.387749671936035
D,D_C_43222,chck_90M,43222,C,heldout_natural_source_repeat,heldoutcopy:1:187:4481,1,4.076942525804043,8,0.07793227583169937,bnc_spoken,4481,10,4.154874801635742
D,D_C_43222,chck_90M,43222,C,heldout_natural_source_repeat,heldoutcopy:1:188:61346,1,-3.099255991401151e-06,13,6.210611172718927e-05,simple_wiki,61346,21,5.900685573578812e-05
D,D_C_43222,chck_90M,43222,C,heldout_natural_source_repeat,heldoutcopy:1:189:36298,1,2.1531841158866882,19,0.48421651124954224,gutenberg,36298,30,2.6374006271362305
D,D_C_43222,chck_90M,43222,C,heldout_natural_source_repeat,heldoutcopy:1:18:12105,1,0.019596015801653266,9,0.0013574680779129267,childes,12105,15,0.020953483879566193
D,D_C_43222,chck_90M,43222,C,heldout_natural_source_repeat,heldoutcopy:1:190:23133,1,4.739518970251083,9,0.2430535852909088,gutenberg,23133,14,4.982572555541992
D,D_C_43222,chck_90M,43222,C,heldout_natural_source_repeat,heldoutcopy:1:191:59486,1,8.490926623344421,12,0.0222398042678833,simple_wiki,59486,20,8.513166427612305
D,D_C_43222,chck_90M,43222,C,heldout_natural_source_repeat,heldoutcopy:1:192:38482,1,2.081576481461525,8,0.1267779916524887,gutenberg,38482,11,2.2083544731140137
D,D_C_43222,chck_90M,43222,C,heldout_natural_source_repeat,heldoutcopy:1:193:45843,1,4.096160605549812,8,0.08055572211742401,open_subtitles,45843,11,4.176716327667236
D,D_C_43222,chck_90M,43222,C,heldout_natural_source_repeat,heldoutcopy:1:194:61912,1,0.8232301075477153,8,0.0023492376785725355,simple_wiki,61912,10,0.8255793452262878
D,D_C_43222,chck_90M,43222,C,heldout_natural_source_repeat,heldoutcopy:1:195:1018,1,9.581465609371662,16,0.06760131567716599,bnc_spoken,1018,25,9.649066925048828
D,D_C_43222,chck_90M,43222,C,heldout_natural_source_repeat,heldoutcopy:1:196:45756,1,0.9965572375804186,8,0.02585899643599987,open_subtitles,45756,13,1.0224162340164185
D,D_C_43222,chck_90M,43222,C,heldout_natural_source_repeat,heldoutcopy:1:197:51773,1,0.8755890876054764,11,0.042033836245536804,open_subtitles,51773,17,0.9176229238510132
D,D_C_43222,chck_90M,43222,C,heldout_natural_source_repeat,heldoutcopy:1:198:14587,1,0.7650346532464027,8,0.06654330343008041,childes,14587,11,0.8315779566764832
D,D_C_43222,chck_90M,43222,C,heldout_natural_source_repeat,heldoutcopy:1:199:7065,1,0.010900110006332397,22,0.2757364511489868,childes,7065,36,0.2866365611553192
D,D_C_43222,chck_90M,43222,C,heldout_natural_source_repeat,heldoutcopy:1:19:58281,1,0.005920713767409325,25,0.018973058089613914,simple_wiki,58281,40,0.02489377185702324
D,D_C_43222,chck_90M,43222,C,heldout_natural_source_repeat,heldoutcopy:1:1:57252,1,0.02825565601233393,8,0.0019321836298331618,simple_wiki,57252,13,0.03018783964216709
D,D_C_43222,chck_90M,43222,C,heldout_natural_source_repeat,heldoutcopy:1:200:7935,1,-0.9038324151188135,8,0.9303997755050659,childes,7935,10,0.026567360386252403
D,D_C_43222,chck_90M,43222,C,heldout_natural_source_repeat,heldoutcopy:1:201:50052,1,7.14523983001709,8,11.08521556854248,open_subtitles,50052,12,18.23045539855957
D,D_C_43222,chck_90M,43222,C,heldout_natural_source_repeat,heldoutcopy:1:202:7743,1,6.08743311278522,12,0.01655648835003376,childes,7743,19,6.103989601135254
D,D_C_43222,chck_90M,43222,C,heldout_natural_source_repeat,heldoutcopy:1:203:52392,1,-0.17273026704788208,22,1.1527496576309204,open_subtitles,52392,36,0.9800193905830383
D,D_C_43222,chck_90M,43222,C,heldout_natural_source_repeat,heldoutcopy:1:204:21975,1,0.7238225312903523,8,0.010025384835898876,childes,21975,10,0.7338479161262512
D,D_C_43222,chck_90M,43222,C,heldout_natural_source_repeat,heldoutcopy:1:205:42298,1,3.262194275856018,12,0.24948108196258545,open_subtitles,42298,19,3.5116753578186035
D,D_C_43222,chck_90M,43222,C,heldout_natural_source_repeat,heldoutcopy:1:206:56120,1,4.893807649612427,19,0.5995128154754639,simple_wiki,56120,30,5.493320465087891
D,D_C_43222,chck_90M,43222,C,heldout_natural_source_repeat,heldoutcopy:1:207:31876,1,-0.9913475513458252,8,2.0118460655212402,gutenberg,31876,13,1.020498514175415
D,D_C_43222,chck_90M,43222,C,heldout_natural_source_repeat,heldoutcopy:1:208:17882,1,0.0002849833199434215,8,1.9192511899746023e-05,childes,17882,11,0.00030417583184316754
D,D_C_43222,chck_90M,43222,C,heldout_natural_source_repeat,heldoutcopy:1:209:29842,1,0.418102502822876,9,1.4407908916473389,gutenberg,29842,14,1.8588933944702148
D,D_C_43222,chck_90M,43222,C,heldout_natural_source_repeat,heldoutcopy:1:20:18239,1,5.260295152664185,8,1.3075902462005615,childes,18239,11,6.567885398864746
D,D_C_43222,chck_90M,43222,C,heldout_natural_source_repeat,heldoutcopy:1:210:17570,1,5.1972361688967794e-05,8,2.95634672511369e-05,childes,17570,10,8.153582894010469e-05
D,D_C_43222,chck_90M,43222,C,heldout_natural_source_repeat,heldoutcopy:1:211:36593,1,15.720490876585245,20,0.019337233155965805,gutenberg,36593,33,15.739828109741211
D,D_C_43222,chck_90M,43222,C,heldout_natural_source_repeat,heldoutcopy:1:212:12470,1,4.964684784412384,8,0.7557169795036316,childes,12470,13,5.720401763916016
D,D_C_43222,chck_90M,43222,C,heldout_natural_source_repeat,heldoutcopy:1:213:20655,1,1.145092349499464,17,0.019259590655565262,childes,20655,27,1.1643519401550293
D,D_C_43222,chck_90M,43222,C,heldout_natural_source_repeat,heldoutcopy:1:214:42006,1,4.584226369857788,8,1.085697889328003,open_subtitles,42006,11,5.669924259185791
D,D_C_43222,chck_90M,43222,C,heldout_natural_source_repeat,heldoutcopy:1:215:60583,1,2.468773916363716,8,0.07698933780193329,simple_wiki,60583,12,2.5457632541656494
D,D_C_43222,chck_90M,43222,C,heldout_natural_source_repeat,heldoutcopy:1:216:18563,1,1.151781678199768,12,0.025264978408813477,childes,18563,19,1.1770466566085815
D,D_C_43222,chck_90M,43222,C,heldout_natural_source_repeat,heldoutcopy:1:217:6247,1,4.316029265522957,8,0.11114434897899628,childes,6247,11,4.427173614501953
D,D_C_43222,chck_90M,43222,C,heldout_natural_source_repeat,heldoutcopy:1:218:56147,1,7.6359144151210785,12,0.36674728989601135,simple_wiki,56147,19,8.00266170501709
D,D_C_43222,chck_90M,43222,C,heldout_natural_source_repeat,heldoutcopy:1:219:50022,1,9.688672139309347,8,0.007642672397196293,open_subtitles,50022,13,9.696314811706543
D,D_C_43222,chck_90M,43222,C,heldout_natural_source_repeat,heldoutcopy:1:21:54800,1,4.603646442294121,8,0.15093500912189484,simple_wiki,54800,10,4.754581451416016
D,D_C_43222,chck_90M,43222,C,heldout_natural_source_repeat,heldoutcopy:1:220:445,1,3.285398904699832,19,0.00546580133959651,bnc_spoken,445,30,3.2908647060394287
D,D_C_43222,chck_90M,43222,C,heldout_natural_source_repeat,heldoutcopy:1:221:17535,1,11.806312084197998,8,1.01546049118042,childes,17535,10,12.821772575378418
D,D_C_43222,chck_90M,43222,C,heldout_natural_source_repeat,heldoutcopy:1:222:50711,1,0.8833632469177246,9,0.2366468906402588,open_subtitles,50711,15,1.1200101375579834
D,D_C_43222,chck_90M,43222,C,heldout_natural_source_repeat,heldoutcopy:1:223:20001,1,1.9744824394583702,9,0.005958057940006256,childes,20001,14,1.9804404973983765
D,D_C_43222,chck_90M,43222,C,heldout_natural_source_repeat,heldoutcopy:1:224:777,1,12.409839153289795,9,0.034830570220947266,bnc_spoken,777,15,12.444669723510742
D,D_C_43222,chck_90M,43222,C,heldout_natural_source_repeat,heldoutcopy:1:225:1742,1,-0.17226696014404297,8,10.395837783813477,bnc_spoken,1742,11,10.223570823669434
D,D_C_43222,chck_90M,43222,C,heldout_natural_source_repeat,heldoutcopy:1:226:25849,1,4.535144913941622,23,0.04772461578249931,gutenberg,25849,37,4.582869529724121
D,D_C_43222,chck_90M,43222,C,heldout_natural_source_repeat,heldoutcopy:1:227:11615,1,7.364624738693237,8,0.5080430507659912,childes,11615,12,7.8726677894592285
D,D_C_43222,chck_90M,43222,C,heldout_natural_source_repeat,heldoutcopy:1:228:57671,1,0.11110255122184753,8,0.009761929512023926,simple_wiki,57671,12,0.12086448073387146
D,D_C_43222,chck_90M,43222,C,heldout_natural_source_repeat,heldoutcopy:1:229:57417,1,4.067784175276756e-05,13,0.005150857847183943,simple_wiki,57417,21,0.00519153568893671
D,D_C_43222,chck_90M,43222,C,heldout_natural_source_repeat,heldoutcopy:1:22:24538,1,2.0055100321769714e-05,26,0.004515926353633404,gutenberg,24538,42,0.0045359814539551735
D,D_C_43222,chck_90M,43222,C,heldout_natural_source_repeat,heldoutcopy:1:230:1756,1,3.9043610095977783,24,0.6593811511993408,bnc_spoken,1756,38,4.563742160797119
D,D_C_43222,chck_90M,43222,C,heldout_natural_source_repeat,heldoutcopy:1:231:17433,1,5.811777830123901,8,0.7923586368560791,childes,17433,12,6.6041364669799805
D,D_C_43222,chck_90M,43222,C,heldout_natural_source_repeat,heldoutcopy:1:232:49603,1,3.8872255980968475,9,0.178132563829422,open_subtitles,49603,14,4.0653581619262695
D,D_C_43222,chck_90M,43222,C,heldout_natural_source_repeat,heldoutcopy:1:233:24329,1,3.2418086528778076,8,1.1307241916656494,gutenberg,24329,11,4.372532844543457
D,D_C_43222,chck_90M,43222,C,heldout_natural_source_repeat,heldoutcopy:1:234:35242,1,0.00040843410533852875,8,0.0003228858404327184,gutenberg,35242,11,0.0007313199457712471
D,D_C_43222,chck_90M,43222,C,heldout_natural_source_repeat,heldoutcopy:1:235:43592,1,0.603461742401123,8,7.184506416320801,open_subtitles,43592,11,7.787968158721924
D,D_C_43222,chck_90M,43222,C,heldout_natural_source_repeat,heldoutcopy:1:236:3574,1,1.1016939282417297,8,0.03980153799057007,bnc_spoken,3574,12,1.1414954662322998
D,D_C_43222,chck_90M,43222,C,heldout_natural_source_repeat,heldoutcopy:1:237:28648,1,2.9776420816779137,16,0.10483524948358536,gutenberg,28648,26,3.082477331161499
D,D_C_43222,chck_90M,43222,C,heldout_natural_source_repeat,heldoutcopy:1:238:7814,1,0.8399887392297387,8,0.004596619866788387,childes,7814,10,0.8445853590965271
D,D_C_43222,chck_90M,43222,C,heldout_natural_source_repeat,heldoutcopy:1:239:5577,1,0.0004314351826906204,22,0.005531599745154381,childes,5577,36,0.005963034927845001
D,D_C_43222,chck_90M,43222,C,heldout_natural_source_repeat,heldoutcopy:1:23:12025,1,3.489457607269287,8,5.746989727020264,childes,12025,12,9.23644733428955
D,D_C_43222,chck_90M,43222,C,heldout_natural_source_repeat,heldoutcopy:1:240:53669,1,-3.4922893973998725e-05,19,0.0001726001501083374,simple_wiki,53669,31,0.00013767725613433868
D,D_C_43222,chck_90M,43222,C,heldout_natural_source_repeat,heldoutcopy:1:241:60425,1,3.611444529145956,11,0.011781398206949234,simple_wiki,60425,18,3.6232259273529053
D,D_C_43222,chck_90M,43222,C,heldout_natural_source_repeat,heldoutcopy:1:242:33497,1,3.1483986489474773,17,0.043751467019319534,gutenberg,33497,28,3.192150115966797
D,D_C_43222,chck_90M,43222,C,heldout_natural_source_repeat,heldoutcopy:1:243:15521,1,1.7861790657043457,10,2.717092990875244,childes,15521,16,4.50327205657959
D,D_C_43222,chck_90M,43222,C,heldout_natural_source_repeat,heldoutcopy:1:244:13301,1,5.538023009896278,8,0.03706835210323334,childes,13301,10,5.575091361999512
D,D_C_43222,chck_90M,43222,C,heldout_natural_source_repeat,heldoutcopy:1:245:37303,1,2.990882845595479,19,0.02251770906150341,gutenberg,37303,30,3.0134005546569824
D,D_C_43222,chck_90M,43222,C,heldout_natural_source_repeat,heldoutcopy:1:246:19400,1,0.9780037561431527,8,0.012154324911534786,childes,19400,10,0.9901580810546875
D,D_C_43222,chck_90M,43222,C,heldout_natural_source_repeat,heldoutcopy:1:247:11686,1,0.4357318878173828,8,0.03791368007659912,childes,11686,10,0.47364556789398193
D,D_C_43222,chck_90M,43222,C,heldout_natural_source_repeat,heldoutcopy:1:248:25542,1,0.11782652419060469,14,0.014935341663658619,gutenberg,25542,23,0.1327618658542633
D,D_C_43222,chck_90M,43222,C,heldout_natural_source_repeat,heldoutcopy:1:249:308,1,7.225725173950195,8,1.100499153137207,bnc_spoken,308,12,8.326224327087402
D,D_C_43222,chck_90M,43222,C,heldout_natural_source_repeat,heldoutcopy:1:24:42529,1,1.1286741993390024,8,0.0032524564303457737,open_subtitles,42529,13,1.1319266557693481
D,D_C_43222,chck_90M,43222,C,heldout_natural_source_repeat,heldoutcopy:1:250:19193,1,0.28064134530723095,8,0.01143437810242176,childes,19193,10,0.2920757234096527
D,D_C_43222,chck_90M,43222,C,heldout_natural_source_repeat,heldoutcopy:1:251:31353,1,0.011648623272776604,20,0.03067721240222454,gutenberg,31353,32,0.042325835675001144
D,D_C_43222,chck_90M,43222,C,heldout_natural_source_repeat,heldoutcopy:1:252:62261,1,4.211459059268236,20,0.039541345089673996,simple_wiki,62261,32,4.25100040435791
D,D_C_43222,chck_90M,43222,C,heldout_natural_source_repeat,heldoutcopy:1:253:15187,1,8.90918081998825,8,0.11117058992385864,childes,15187,10,9.02035140991211
D,D_C_43222,chck_90M,43222,C,heldout_natural_source_repeat,heldoutcopy:1:254:44470,1,9.22361721098423,8,0.23077617585659027,open_subtitles,44470,12,9.45439338684082
D,D_C_43222,chck_90M,43222,C,heldout_natural_source_repeat,heldoutcopy:1:255:53197,1,0.00190129189286381,18,0.0015419748378917575,simple_wiki,53197,29,0.0034432667307555676
D,D_C_43222,chck_90M,43222,C,heldout_natural_source_repeat,heldoutcopy:1:256:42272,1,0.1855066418647766,11,0.022084146738052368,open_subtitles,42272,18,0.20759078860282898
D,D_C_43222,chck_90M,43222,C,heldout_natural_source_repeat,heldoutcopy:1:257:37264,1,2.5900858463719487,11,0.015073913149535656,gutenberg,37264,17,2.6051597595214844
D,D_C_43222,chck_90M,43222,C,heldout_natural_source_repeat,heldoutcopy:1:258:13253,1,0.08014784008264542,8,0.014595523476600647,childes,13253,10,0.09474336355924606
D,D_C_43222,chck_90M,43222,C,heldout_natural_source_repeat,heldoutcopy:1:259:19515,1,0.00784755485074129,8,0.00013553177996072918,childes,19515,11,0.007983086630702019
D,D_C_43222,chck_90M,43222,C,heldout_natural_source_repeat,heldoutcopy:1:25:57450,1,12.073094725608826,8,0.04836428165435791,simple_wiki,57450,10,12.121459007263184
D,D_C_43222,chck_90M,43222,C,heldout_natural_source_repeat,heldoutcopy:1:260:1372,1,11.057349562644958,28,0.6986900568008423,bnc_spoken,1372,51,11.7560396194458
D,D_C_43222,chck_90M,43222,C,heldout_natural_source_repeat,heldoutcopy:1:261:26001,1,-0.024690866470336914,9,0.19573800265789032,gutenberg,26001,14,0.1710471361875534
D,D_C_43222,chck_90M,43222,C,heldout_natural_source_repeat,heldoutcopy:1:262:22264,1,0.6167625188827515,9,1.4270020723342896,childes,22264,15,2.043764591217041
D,D_C_43222,chck_90M,43222,C,heldout_natural_source_repeat,heldoutcopy:1:263:24260,1,0.000205484451726079,11,0.0035289174411445856,gutenberg,24260,17,0.0037344018928706646
D,D_C_43222,chck_90M,43222,C,heldout_natural_source_repeat,heldoutcopy:1:264:27648,1,0.00018403958529233932,27,0.008397507481276989,gutenberg,27648,44,0.008581547066569328
D,D_C_43222,chck_90M,43222,C,heldout_natural_source_repeat,heldoutcopy:1:265:23209,1,4.376036789268255,22,0.03834376111626625,gutenberg,23209,35,4.4143805503845215
D,D_C_43222,chck_90M,43222,C,heldout_natural_source_repeat,heldoutcopy:1:266:25022,1,1.388527512550354,20,0.17072057723999023,gutenberg,25022,32,1.5592480897903442
D,D_C_43222,chck_90M,43222,C,heldout_natural_source_repeat,heldoutcopy:1:267:31289,1,13.231490567326546,28,0.14342932403087616,gutenberg,31289,46,13.374919891357422
D,D_C_43222,chck_90M,43222,C,heldout_natural_source_repeat,heldoutcopy:1:268:19801,1,4.018527979031205,8,0.011501317843794823,childes,19801,13,4.030029296875
D,D_C_43222,chck_90M,43222,C,heldout_natural_source_repeat,heldoutcopy:1:269:3484,1,0.0007331018568947911,17,0.0011438739020377398,bnc_spoken,3484,28,0.0018769757589325309
D,D_C_43222,chck_90M,43222,C,heldout_natural_source_repeat,heldoutcopy:1:26:47039,1,10.740245777182281,15,0.013835948891937733,open_subtitles,47039,24,10.754081726074219
D,D_C_43222,chck_90M,43222,C,heldout_natural_source_repeat,heldoutcopy:1:270:19777,1,0.13539284095168114,8,0.011485997587442398,childes,19777,12,0.14687883853912354
D,D_C_43222,chck_90M,43222,C,heldout_natural_source_repeat,heldoutcopy:1:271:12609,1,2.603358343243599,10,0.1662563532590866,childes,12609,16,2.7696146965026855
D,D_C_43222,chck_90M,43222,C,heldout_natural_source_repeat,heldoutcopy:1:272:18750,1,1.2455596923828125,8,5.24974250793457,childes,18750,10,6.495302200317383
D,D_C_43222,chck_90M,43222,C,heldout_natural_source_repeat,heldoutcopy:1:273:42103,1,2.41091388463974,8,0.9035847783088684,open_subtitles,42103,13,3.3144986629486084
D,D_C_43222,chck_90M,43222,C,heldout_natural_source_repeat,heldoutcopy:1:274:538,1,4.022017784416676,19,0.025122813880443573,bnc_spoken,538,31,4.047140598297119
D,D_C_43222,chck_90M,43222,C,heldout_natural_source_repeat,heldoutcopy:1:275:6997,1,-0.3880058526992798,8,0.6625367403030396,childes,6997,12,0.27453088760375977
D,D_C_43222,chck_90M,43222,C,heldout_natural_source_repeat,heldoutcopy:1:276:48548,1,7.9070385452359915,11,0.0060492996126413345,open_subtitles,48548,18,7.913087844848633
D,D_C_43222,chck_90M,43222,C,heldout_natural_source_repeat,heldoutcopy:1:277:10502,1,2.5213645696640015,10,0.09626829624176025,childes,10502,16,2.6176328659057617
D,D_C_43222,chck_90M,43222,C,heldout_natural_source_repeat,heldoutcopy:1:278:37673,1,1.2766563892364502,8,3.6106107234954834,gutenberg,37673,13,4.887267112731934
D,D_C_43222,chck_90M,43222,C,heldout_natural_source_repeat,heldoutcopy:1:279:17123,1,13.55448954552412,9,0.018346376717090607,childes,17123,14,13.572835922241211
D,D_C_43222,chck_90M,43222,C,heldout_natural_source_repeat,heldoutcopy:1:27:29746,1,0.4742712080478668,28,0.3182728588581085,gutenberg,29746,46,0.7925440669059753
D,D_C_43222,chck_90M,43222,C,heldout_natural_source_repeat,heldoutcopy:1:280:2013,1,0.0016513466835021973,28,0.06371613591909409,bnc_spoken,2013,46,0.06536748260259628
D,D_C_43222,chck_90M,43222,C,heldout_natural_source_repeat,heldoutcopy:1:281:20483,1,2.5742086693644524,8,0.04719860106706619,childes,20483,10,2.6214072704315186
D,D_C_43222,chck_90M,43222,C,heldout_natural_source_repeat,heldoutcopy:1:282:14090,1,0.00015250302385538816,8,0.00126079679466784,childes,14090,12,0.0014132998185232282
D,D_C_43222,chck_90M,43222,C,heldout_natural_source_repeat,heldoutcopy:1:283:7166,1,3.9188710740127135,8,0.00024041623692028224,childes,7166,12,3.919111490249634
D,D_C_43222,chck_90M,43222,C,heldout_natural_source_repeat,heldoutcopy:1:284:43530,1,5.450616329908371,8,0.17071011662483215,open_subtitles,43530,13,5.621326446533203
D,D_C_43222,chck_90M,43222,C,heldout_natural_source_repeat,heldoutcopy:1:285:26656,1,-0.0030019510304555297,11,0.004585702903568745,gutenberg,26656,18,0.001583751873113215
D,D_C_43222,chck_90M,43222,C,heldout_natural_source_repeat,heldoutcopy:1:286:51222,1,0.6045724153518677,9,0.18214356899261475,open_subtitles,51222,14,0.7867159843444824
D,D_C_43222,chck_90M,43222,C,heldout_natural_source_repeat,heldoutcopy:1:287:31419,1,1.8980212062597275,8,0.14020372927188873,gutenberg,31419,12,2.038224935531616
D,D_C_43222,chck_90M,43222,C,heldout_natural_source_repeat,heldoutcopy:1:288:6218,1,2.038963792845607,8,0.028124572709202766,childes,6218,12,2.0670883655548096
D,D_C_43222,chck_90M,43222,C,heldout_natural_source_repeat,heldoutcopy:1:289:29703,1,9.962776042521,8,0.03689970821142197,gutenberg,29703,13,9.999675750732422
D,D_C_43222,chck_90M,43222,C,heldout_natural_source_repeat,heldoutcopy:1:28:20530,1,0.7342386245727539,8,2.3544540405273438,childes,20530,10,3.0886926651000977
D,D_C_43222,chck_90M,43222,C,heldout_natural_source_repeat,heldoutcopy:1:290:9980,1,0.3985997252166271,17,0.05900206044316292,childes,9980,28,0.45760178565979004
D,D_C_43222,chck_90M,43222,C,heldout_natural_source_repeat,heldoutcopy:1:291:20041,1,0.5549635235220194,10,0.018722480162978172,childes,20041,16,0.5736860036849976
D,D_C_43222,chck_90M,43222,C,heldout_natural_source_repeat,heldoutcopy:1:292:30849,1,4.209726858884096,13,0.059450577944517136,gutenberg,30849,21,4.269177436828613
D,D_C_43222,chck_90M,43222,C,heldout_natural_source_repeat,heldoutcopy:1:293:51941,1,3.543850965797901,12,0.08959286659955978,open_subtitles,51941,19,3.633443832397461
D,D_C_43222,chck_90M,43222,C,heldout_natural_source_repeat,heldoutcopy:1:294:47053,1,2.2203195989131927,8,0.17164555191993713,open_subtitles,47053,13,2.39196515083313
D,D_C_43222,chck_90M,43222,C,heldout_natural_source_repeat,heldoutcopy:1:295:3665,1,8.332796374335885,8,0.03107043169438839,bnc_spoken,3665,10,8.363866806030273
D,D_C_43222,chck_90M,43222,C,heldout_natural_source_repeat,heldoutcopy:1:296:46572,1,1.9116532504558563,8,0.23055723309516907,open_subtitles,46572,11,2.1422104835510254
D,D_C_43222,chck_90M,43222,C,heldout_natural_source_repeat,heldoutcopy:1:297:21089,1,6.088526055216789,10,0.11911220848560333,childes,21089,16,6.207638263702393
D,D_C_43222,chck_90M,43222,C,heldout_natural_source_repeat,heldoutcopy:1:298:15261,1,1.399586670100689,8,0.025895006954669952,childes,15261,11,1.4254816770553589
D,D_C_43222,chck_90M,43222,C,heldout_natural_source_repeat,heldoutcopy:1:299:835,1,1.0600960440933704,9,0.0199420265853405,bnc_spoken,835,14,1.080038070678711
D,D_C_43222,chck_90M,43222,C,heldout_natural_source_repeat,heldoutcopy:1:29:33127,1,2.056381516158581,13,0.042694516479969025,gutenberg,33127,21,2.09907603263855
D,D_C_43222,chck_90M,43222,C,heldout_natural_source_repeat,heldoutcopy:1:2:245,1,9.408284481614828,28,0.037952128797769547,bnc_spoken,245,54,9.446236610412598
D,D_C_43222,chck_90M,43222,C,heldout_natural_source_repeat,heldoutcopy:1:300:55468,1,17.058876363560557,8,0.013551386073231697,simple_wiki,55468,10,17.07242774963379
D,D_C_43222,chck_90M,43222,C,heldout_natural_source_repeat,heldoutcopy:1:301:23232,1,0.0014132587239146233,10,0.009007415734231472,gutenberg,23232,16,0.010420674458146095
D,D_C_43222,chck_90M,43222,C,heldout_natural_source_repeat,heldoutcopy:1:302:6035,1,0.0008879955494194292,8,8.654219709569588e-05,childes,6035,11,0.000974537746515125
D,D_C_43222,chck_90M,43222,C,heldout_natural_source_repeat,heldoutcopy:1:303:41316,1,8.971198320388794,8,1.0571792125701904,open_subtitles,41316,10,10.028377532958984
D,D_C_43222,chck_90M,43222,C,heldout_natural_source_repeat,heldoutcopy:1:304:40070,1,4.914369158446789,10,0.01894182711839676,open_subtitles,40070,16,4.9333109855651855
D,D_C_43222,chck_90M,43222,C,heldout_natural_source_repeat,heldoutcopy:1:305:17233,1,1.0672755744308233,8,0.024858305230736732,childes,17233,10,1.09213387966156
D,D_C_43222,chck_90M,43222,C,heldout_natural_source_repeat,heldoutcopy:1:306:16915,1,9.345575600862503,8,0.17341205477714539,childes,16915,12,9.518987655639648
D,D_C_43222,chck_90M,43222,C,heldout_natural_source_repeat,heldoutcopy:1:307:40976,1,7.047947406768799,9,7.138923168182373,open_subtitles,40976,15,14.186870574951172
D,D_C_43222,chck_90M,43222,C,heldout_natural_source_repeat,heldoutcopy:1:308:35196,1,1.5921165961772203,8,0.01892673783004284,gutenberg,35196,10,1.6110433340072632
D,D_C_43222,chck_90M,43222,C,heldout_natural_source_repeat,heldoutcopy:1:309:30904,1,15.77869638428092,16,0.02648702636361122,gutenberg,30904,26,15.805183410644531
D,D_C_43222,chck_90M,43222,C,heldout_natural_source_repeat,heldoutcopy:1:30:4873,1,0.3663466088473797,8,0.051725734025239944,childes,4873,10,0.41807234287261963
D,D_C_43222,chck_90M,43222,C,heldout_natural_source_repeat,heldoutcopy:1:310:11793,1,4.300294958055019,9,0.09338561445474625,childes,11793,14,4.393680572509766
D,D_C_43222,chck_90M,43222,C,heldout_natural_source_repeat,heldoutcopy:1:311:26364,1,6.775366298854351,9,0.09047652035951614,gutenberg,26364,15,6.865842819213867
D,D_C_43222,chck_90M,43222,C,heldout_natural_source_repeat,heldoutcopy:1:312:52435,1,0.11839062836952507,8,0.003852209774777293,open_subtitles,52435,10,0.12224283814430237
D,D_C_43222,chck_90M,43222,C,heldout_natural_source_repeat,heldoutcopy:1:313:15893,1,0.03285716590471566,8,0.0006812873762100935,childes,15893,11,0.03353845328092575
D,D_C_43222,chck_90M,43222,C,heldout_natural_source_repeat,heldoutcopy:1:314:3748,1,3.9382394775748253,14,0.0645671859383583,bnc_spoken,3748,23,4.002806663513184
D,D_C_43222,chck_90M,43222,C,heldout_natural_source_repeat,heldoutcopy:1:315:30345,1,13.902087273076177,14,0.006063399836421013,gutenberg,30345,23,13.908150672912598
D,D_C_43222,chck_90M,43222,C,heldout_natural_source_repeat,heldoutcopy:1:316:34295,1,2.907932572066784,14,0.11536020785570145,gutenberg,34295,23,3.0232927799224854
D,D_C_43222,chck_90M,43222,C,heldout_natural_source_repeat,heldoutcopy:1:317:55399,1,2.3229633821174502,17,0.01219401229172945,simple_wiki,55399,27,2.3351573944091797
D,D_C_43222,chck_90M,43222,C,heldout_natural_source_repeat,heldoutcopy:1:318:17956,1,0.016779067147581372,8,8.809178689261898e-05,childes,17956,11,0.01686715893447399
D,D_C_43222,chck_90M,43222,C,heldout_natural_source_repeat,heldoutcopy:1:319:7646,1,0.30005492037162185,9,0.0016449266113340855,childes,7646,15,0.30169984698295593
D,D_C_43222,chck_90M,43222,C,heldout_natural_source_repeat,heldoutcopy:1:31:24202,1,4.248022884130478,8,0.03759685158729553,gutenberg,24202,11,4.285619735717773
D,D_C_43222,chck_90M,43222,C,heldout_natural_source_repeat,heldoutcopy:1:320:39838,1,7.342660427093506,8,0.20610904693603516,open_subtitles,39838,11,7.548769474029541
D,D_C_43222,chck_90M,43222,C,heldout_natural_source_repeat,heldoutcopy:1:321:22154,1,2.4437209503958002e-05,8,1.6212332411669195e-05,childes,22154,10,4.0649541915627196e-05
D,D_C_43222,chck_90M,43222,C,heldout_natural_source_repeat,heldoutcopy:1:322:24151,1,6.122096285223961,8,0.1285870224237442,gutenberg,24151,13,6.250683307647705
D,D_C_43222,chck_90M,43222,C,heldout_natural_source_repeat,heldoutcopy:1:323:46356,1,14.86605261452496,28,0.02009965293109417,open_subtitles,46356,47,14.886152267456055
D,D_C_43222,chck_90M,43222,C,heldout_natural_source_repeat,heldoutcopy:1:324:57505,1,3.598719209432602,8,0.37852969765663147,simple_wiki,57505,11,3.9772489070892334
D,D_C_43222,chck_90M,43222,C,heldout_natural_source_repeat,heldoutcopy:1:325:17170,1,0.0028729834593832493,22,0.007348886225372553,childes,17170,36,0.010221869684755802
D,D_C_43222,chck_90M,43222,C,heldout_natural_source_repeat,heldoutcopy:1:326:61691,1,0.7612398751080036,11,0.00654209777712822,simple_wiki,61691,17,0.7677819728851318
D,D_C_43222,chck_90M,43222,C,heldout_natural_source_repeat,heldoutcopy:1:327:21652,1,0.9825203344225883,11,0.03550649434328079,childes,21652,17,1.0180268287658691
D,D_C_43222,chck_90M,43222,C,heldout_natural_source_repeat,heldoutcopy:1:328:22509,1,4.679262578487396,9,0.1207152009010315,childes,22509,15,4.799977779388428
D,D_C_43222,chck_90M,43222,C,heldout_natural_source_repeat,heldoutcopy:1:329:12768,1,5.356067813932896,8,0.0402882918715477,childes,12768,10,5.396356105804443
D,D_C_43222,chck_90M,43222,C,heldout_natural_source_repeat,heldoutcopy:1:32:51788,1,10.062677025794983,9,0.07849538326263428,open_subtitles,51788,15,10.141172409057617
D,D_C_43222,chck_90M,43222,C,heldout_natural_source_repeat,heldoutcopy:1:330:3012,1,3.708530902862549,16,0.24717330932617188,bnc_spoken,3012,25,3.9557042121887207
D,D_C_43222,chck_90M,43222,C,heldout_natural_source_repeat,heldoutcopy:1:331:60800,1,0.0020870608277618885,8,0.004564580507576466,simple_wiki,60800,13,0.006651641335338354
D,D_C_43222,chck_90M,43222,C,heldout_natural_source_repeat,heldoutcopy:1:332:58108,1,11.004165831953287,12,0.017684753984212875,simple_wiki,58108,19,11.0218505859375
D,D_C_43222,chck_90M,43222,C,heldout_natural_source_repeat,heldoutcopy:1:333:413,1,3.7895998805761337,9,0.09107233583927155,bnc_spoken,413,15,3.8806722164154053
D,D_C_43222,chck_90M,43222,C,heldout_natural_source_repeat,heldoutcopy:1:334:21588,1,1.4970662575215101,9,0.010259391739964485,childes,21588,15,1.5073256492614746
D,D_C_43222,chck_90M,43222,C,heldout_natural_source_repeat,heldoutcopy:1:335:16081,1,-4.305806942284107e-05,8,0.0022435036953538656,childes,16081,13,0.0022004456259310246
D,D_C_43222,chck_90M,43222,C,heldout_natural_source_repeat,heldoutcopy:1:336:56229,1,2.3343435525894165,20,0.18317139148712158,simple_wiki,56229,32,2.517514944076538
D,D_C_43222,chck_90M,43222,C,heldout_natural_source_repeat,heldoutcopy:1:337:19946,1,1.61093008518219,8,0.7555621862411499,childes,19946,12,2.36649227142334
D,D_C_43222,chck_90M,43222,C,heldout_natural_source_repeat,heldoutcopy:1:338:52714,1,0.002559860236942768,8,0.007775161415338516,open_subtitles,52714,10,0.010335021652281284
D,D_C_43222,chck_90M,43222,C,heldout_natural_source_repeat,heldoutcopy:1:339:48884,1,1.311631202697754,8,2.608436107635498,open_subtitles,48884,10,3.920067310333252
D,D_C_43222,chck_90M,43222,C,heldout_natural_source_repeat,heldoutcopy:1:33:58482,1,2.7343661887571216,9,0.01246189046651125,simple_wiki,58482,14,2.746828079223633
D,D_C_43222,chck_90M,43222,C,heldout_natural_source_repeat,heldoutcopy:1:340:36580,1,3.005300282209646,22,0.0009751332108862698,gutenberg,36580,35,3.0062754154205322
D,D_C_43222,chck_90M,43222,C,heldout_natural_source_repeat,heldoutcopy:1:341:16213,1,0.0001069146310328506,11,9.715084888739511e-05,childes,16213,18,0.0002040654799202457
D,D_C_43222,chck_90M,43222,C,heldout_natural_source_repeat,heldoutcopy:1:342:52771,1,7.474705696105957,8,3.963046073913574,open_subtitles,52771,13,11.437751770019531
D,D_C_43222,chck_90M,43222,C,heldout_natural_source_repeat,heldoutcopy:1:343:13637,1,0.7356183007359505,9,0.12161802500486374,childes,13637,15,0.8572363257408142
D,D_C_43222,chck_90M,43222,C,heldout_natural_source_repeat,heldoutcopy:1:344:56410,1,9.142314184457064,17,0.02283550426363945,simple_wiki,56410,27,9.165149688720703
D,D_C_43222,chck_90M,43222,C,heldout_natural_source_repeat,heldoutcopy:1:345:40468,1,0.39892663480713964,11,0.0013729440979659557,open_subtitles,40468,17,0.4002995789051056
D,D_C_43222,chck_90M,43222,C,heldout_natural_source_repeat,heldoutcopy:1:346:51380,1,11.63060998916626,12,0.09396982192993164,open_subtitles,51380,19,11.724579811096191
D,D_C_43222,chck_90M,43222,C,heldout_natural_source_repeat,heldoutcopy:1:347:35801,1,2.7816627472639084,17,0.06758995354175568,gutenberg,35801,28,2.849252700805664
D,D_C_43222,chck_90M,43222,C,heldout_natural_source_repeat,heldoutcopy:1:348:46103,1,0.0004240456037223339,9,0.005351859610527754,open_subtitles,46103,15,0.005775905214250088
D,D_C_43222,chck_90M,43222,C,heldout_natural_source_repeat,heldoutcopy:1:349:44740,1,4.559365347027779,8,0.16679708659648895,open_subtitles,44740,11,4.726162433624268
D,D_C_43222,chck_90M,43222,C,heldout_natural_source_repeat,heldoutcopy:1:34:22971,1,5.259194316342473,11,0.022776661440730095,gutenberg,22971,17,5.281970977783203
D,D_C_43222,chck_90M,43222,C,heldout_natural_source_repeat,heldoutcopy:1:350:12866,1,0.05723003018647432,9,0.008005673997104168,childes,12866,14,0.06523570418357849
D,D_C_43222,chck_90M,43222,C,heldout_natural_source_repeat,heldoutcopy:1:351:50967,1,10.835755959153175,8,0.10182033479213715,open_subtitles,50967,10,10.937576293945312
D,D_C_43222,chck_90M,43222,C,heldout_natural_source_repeat,heldoutcopy:1:352:18711,1,5.656286887824535,9,0.06603033095598221,childes,18711,15,5.722317218780518
D,D_C_43222,chck_90M,43222,C,heldout_natural_source_repeat,heldoutcopy:1:353:8263,1,-3.6372107565402985,8,3.9903416633605957,childes,8263,10,0.35313090682029724
D,D_C_43222,chck_90M,43222,C,heldout_natural_source_repeat,heldoutcopy:1:354:23682,1,0.00031911139376461506,8,0.002861692802980542,gutenberg,23682,11,0.0031808041967451572
D,D_C_43222,chck_90M,43222,C,heldout_natural_source_repeat,heldoutcopy:1:355:1293,1,7.179713685065508,8,0.02843908593058586,bnc_spoken,1293,12,7.208152770996094
D,D_C_43222,chck_90M,43222,C,heldout_natural_source_repeat,heldoutcopy:1:356:57136,1,3.5677755139768124,9,0.04946110025048256,simple_wiki,57136,14,3.617236614227295
D,D_C_43222,chck_90M,43222,C,heldout_natural_source_repeat,heldoutcopy:1:357:48853,1,2.546062920242548,10,0.05191328749060631,open_subtitles,48853,16,2.5979762077331543
D,D_C_43222,chck_90M,43222,C,heldout_natural_source_repeat,heldoutcopy:1:358:23261,1,0.21560508012771606,19,0.13317683339118958,gutenberg,23261,31,0.34878191351890564
D,D_C_43222,chck_90M,43222,C,heldout_natural_source_repeat,heldoutcopy:1:359:38672,1,11.489376783370972,8,0.6757509708404541,open_subtitles,38672,10,12.165127754211426
D,D_C_43222,chck_90M,43222,C,heldout_natural_source_repeat,heldoutcopy:1:35:11799,1,2.8496051989495754,8,0.0523458756506443,childes,11799,12,2.9019510746002197
D,D_C_43222,chck_90M,43222,C,heldout_natural_source_repeat,heldoutcopy:1:360:32570,1,5.383188113570213,27,0.11849464476108551,gutenberg,32570,44,5.501682758331299
D,D_C_43222,chck_90M,43222,C,heldout_natural_source_repeat,heldoutcopy:1:361:52405,1,6.800345780327916,27,0.013649581000208855,open_subtitles,52405,44,6.813995361328125
D,D_C_43222,chck_90M,43222,C,heldout_natural_source_repeat,heldoutcopy:1:362:36758,1,5.35207886993885,28,0.1662774533033371,gutenberg,36758,45,5.5183563232421875
D,D_C_43222,chck_90M,43222,C,heldout_natural_source_repeat,heldoutcopy:1:363:9937,1,-0.13809585571289062,10,2.8391013145446777,childes,9937,16,2.701005458831787
D,D_C_43222,chck_90M,43222,C,heldout_natural_source_repeat,heldoutcopy:1:364:46006,1,2.4763487726449966,8,0.14336548745632172,open_subtitles,46006,10,2.6197142601013184
D,D_C_43222,chck_90M,43222,C,heldout_natural_source_repeat,heldoutcopy:1:365:32750,1,11.434175468049943,21,0.009916328825056553,gutenberg,32750,34,11.444091796875
D,D_C_43222,chck_90M,43222,C,heldout_natural_source_repeat,heldoutcopy:1:366:49219,1,8.081772938370705,8,0.09581075608730316,open_subtitles,49219,13,8.177583694458008
D,D_C_43222,chck_90M,43222,C,heldout_natural_source_repeat,heldoutcopy:1:367:45430,1,2.8261651303619146,8,0.016925880685448647,open_subtitles,45430,13,2.8430910110473633
D,D_C_43222,chck_90M,43222,C,heldout_natural_source_repeat,heldoutcopy:1:368:46187,1,1.737109325826168,22,0.034955479204654694,open_subtitles,46187,36,1.7720648050308228
D,D_C_43222,chck_90M,43222,C,heldout_natural_source_repeat,heldoutcopy:1:369:662,1,5.947110176086426,8,2.59140682220459,bnc_spoken,662,11,8.538516998291016
D,D_C_43222,chck_90M,43222,C,heldout_natural_source_repeat,heldoutcopy:1:36:23001,1,2.7209725379943848,18,0.38957691192626953,gutenberg,23001,29,3.1105494499206543
D,D_C_43222,chck_90M,43222,C,heldout_natural_source_repeat,heldoutcopy:1:370:6730,1,1.6312390787497861,8,0.00021050144277978688,childes,6730,10,1.631449580192566
D,D_C_43222,chck_90M,43222,C,heldout_natural_source_repeat,heldoutcopy:1:371:18374,1,7.653876513242722,11,0.3964088261127472,childes,18374,17,8.050285339355469
D,D_C_43222,chck_90M,43222,C,heldout_natural_source_repeat,heldoutcopy:1:372:16215,1,8.28464126586914,11,0.10569953918457031,childes,16215,17,8.390340805053711
D,D_C_43222,chck_90M,43222,C,heldout_natural_source_repeat,heldoutcopy:1:373:11547,1,8.928817845880985,19,0.11764898151159286,childes,11547,31,9.046466827392578
D,D_C_43222,chck_90M,43222,C,heldout_natural_source_repeat,heldoutcopy:1:374:11976,1,8.16709746234119,14,0.02046738751232624,childes,11976,23,8.187564849853516
D,D_C_43222,chck_90M,43222,C,heldout_natural_source_repeat,heldoutcopy:1:375:29620,1,15.058175697922707,17,0.1125100702047348,gutenberg,29620,28,15.170685768127441
D,D_C_43222,chck_90M,43222,C,heldout_natural_source_repeat,heldoutcopy:1:376:8187,1,0.003591638756915927,8,0.0016875325236469507,childes,8187,12,0.005279171280562878
D,D_C_43222,chck_90M,43222,C,heldout_natural_source_repeat,heldoutcopy:1:377:51977,1,0.000795744126662612,14,0.003759936196729541,open_subtitles,51977,22,0.004555680323392153
D,D_C_43222,chck_90M,43222,C,heldout_natural_source_repeat,heldoutcopy:1:378:21376,1,6.456087112426758,8,4.163816452026367,childes,21376,13,10.619903564453125
D,D_C_43222,chck_90M,43222,C,heldout_natural_source_repeat,heldoutcopy:1:379:11149,1,3.4027162976562977,8,0.02587781473994255,childes,11149,13,3.4285941123962402
D,D_C_43222,chck_90M,43222,C,heldout_natural_source_repeat,heldoutcopy:1:37:6329,1,7.023591967299581,13,0.012043027207255363,childes,6329,21,7.035634994506836
D,D_C_43222,chck_90M,43222,C,heldout_natural_source_repeat,heldoutcopy:1:380:31186,1,12.269908882677555,8,0.018050216138362885,gutenberg,31186,11,12.287959098815918
D,D_C_43222,chck_90M,43222,C,heldout_natural_source_repeat,heldoutcopy:1:381:12195,1,3.473966358229518,8,0.017138006165623665,childes,12195,13,3.4911043643951416
D,D_C_43222,chck_90M,43222,C,heldout_natural_source_repeat,heldoutcopy:1:382:12502,1,1.8348939716815948,8,0.03949424624443054,childes,12502,12,1.8743882179260254
D,D_C_43222,chck_90M,43222,C,heldout_natural_source_repeat,heldoutcopy:1:383:52445,1,11.00398613885045,8,0.05336974188685417,open_subtitles,52445,11,11.057355880737305
D,D_C_43222,chck_90M,43222,C,heldout_natural_source_repeat,heldoutcopy:1:384:16427,1,1.6330992366420105e-05,8,3.349725011503324e-05,childes,16427,10,4.9828242481453344e-05
D,D_C_43222,chck_90M,43222,C,heldout_natural_source_repeat,heldoutcopy:1:385:40415,1,1.7938793152570724,10,0.06537552177906036,open_subtitles,40415,16,1.8592548370361328
D,D_C_43222,chck_90M,43222,C,heldout_natural_source_repeat,heldoutcopy:1:386:42036,1,1.5157664474099874,8,0.018398577347397804,open_subtitles,42036,12,1.5341650247573853
D,D_C_43222,chck_90M,43222,C,heldout_natural_source_repeat,heldoutcopy:1:387:20376,1,1.3200110122561455,11,0.05534113198518753,childes,20376,18,1.375352144241333
D,D_C_43222,chck_90M,43222,C,heldout_natural_source_repeat,heldoutcopy:1:388:48463,1,6.964477896690369,8,0.706612229347229,open_subtitles,48463,11,7.671090126037598
D,D_C_43222,chck_90M,43222,C,heldout_natural_source_repeat,heldoutcopy:1:389:15428,1,0.891118218190968,8,0.009325752966105938,childes,15428,11,0.900443971157074
D,D_C_43222,chck_90M,43222,C,heldout_natural_source_repeat,heldoutcopy:1:38:61321,1,0.042337689839769155,20,0.0003121604095213115,simple_wiki,61321,33,0.042649850249290466
D,D_C_43222,chck_90M,43222,C,heldout_natural_source_repeat,heldoutcopy:1:390:8283,1,3.1490833088755608,8,0.11539823561906815,childes,8283,12,3.264481544494629
D,D_C_43222,chck_90M,43222,C,heldout_natural_source_repeat,heldoutcopy:1:391:21620,1,9.91198256611824,8,0.3742313086986542,childes,21620,12,10.286213874816895
D,D_C_43222,chck_90M,43222,C,heldout_natural_source_repeat,heldoutcopy:1:392:21512,1,4.674347639083862,8,2.3445751667022705,childes,21512,10,7.018922805786133
D,D_C_43222,chck_90M,43222,C,heldout_natural_source_repeat,heldoutcopy:1:393:42962,1,1.0236171558499336,9,0.09147297590970993,open_subtitles,42962,14,1.1150901317596436
D,D_C_43222,chck_90M,43222,C,heldout_natural_source_repeat,heldoutcopy:1:394:12507,1,0.234925736207515,8,0.0030246484093368053,childes,12507,13,0.2379503846168518
D,D_C_43222,chck_90M,43222,C,heldout_natural_source_repeat,heldoutcopy:1:395:51369,1,-3.106691285967827,12,3.303945541381836,open_subtitles,51369,19,0.1972542554140091
D,D_C_43222,chck_90M,43222,C,heldout_natural_source_repeat,heldoutcopy:1:396:18874,1,0.0004280468128854409,8,0.00014327930693980306,childes,18874,11,0.000571326119825244
D,D_C_43222,chck_90M,43222,C,heldout_natural_source_repeat,heldoutcopy:1:397:29014,1,1.688658818602562,11,0.034698739647865295,gutenberg,29014,17,1.7233575582504272
D,D_C_43222,chck_90M,43222,C,heldout_natural_source_repeat,heldoutcopy:1:398:6171,1,1.1274527329951525,8,0.00624680332839489,childes,6171,13,1.1336995363235474
D,D_C_43222,chck_90M,43222,C,heldout_natural_source_repeat,heldoutcopy:1:399:54953,1,12.499003996141255,12,0.01128233503550291,simple_wiki,54953,19,12.510286331176758
D,D_C_43222,chck_90M,43222,C,heldout_natural_source_repeat,heldoutcopy:1:39:14794,1,0.000157452370331157,8,6.794698856538162e-05,childes,14794,11,0.00022539935889653862
D,D_C_43222,chck_90M,43222,C,heldout_natural_source_repeat,heldoutcopy:1:3:40267,1,6.190097779035568,8,0.37769749760627747,open_subtitles,40267,12,6.567795276641846
D,D_C_43222,chck_90M,43222,C,heldout_natural_source_repeat,heldoutcopy:1:400:62164,1,3.020263012731448,8,0.002097788965329528,simple_wiki,62164,13,3.0223608016967773
D,D_C_43222,chck_90M,43222,C,heldout_natural_source_repeat,heldoutcopy:1:401:11958,1,0.009609799904865213,8,0.00016759421851020306,childes,11958,13,0.009777394123375416
D,D_C_43222,chck_90M,43222,C,heldout_natural_source_repeat,heldoutcopy:1:402:2962,1,7.944409132003784,28,0.9248144626617432,bnc_spoken,2962,51,8.869223594665527
D,D_C_43222,chck_90M,43222,C,heldout_natural_source_repeat,heldoutcopy:1:403:61979,1,0.8884360790252686,8,1.4025847911834717,simple_wiki,61979,11,2.2910208702087402
D,D_C_43222,chck_90M,43222,C,heldout_natural_source_repeat,heldoutcopy:1:404:10763,1,4.705210775136948,8,0.2510036528110504,childes,10763,13,4.956214427947998
D,D_C_43222,chck_90M,43222,C,heldout_natural_source_repeat,heldoutcopy:1:405:8499,1,0.38581056892871857,8,0.09593932330608368,childes,8499,10,0.48174989223480225
D,D_C_43222,chck_90M,43222,C,heldout_natural_source_repeat,heldoutcopy:1:406:37423,1,15.385837078094482,8,0.5103516578674316,gutenberg,37423,13,15.896188735961914
D,D_C_43222,chck_90M,43222,C,heldout_natural_source_repeat,heldoutcopy:1:407:57745,1,6.315039181150496,16,0.002591586671769619,simple_wiki,57745,26,6.317630767822266
D,D_C_43222,chck_90M,43222,C,heldout_natural_source_repeat,heldoutcopy:1:408:44711,1,5.311452470719814,10,0.07361642271280289,open_subtitles,44711,16,5.385068893432617
D,D_C_43222,chck_90M,43222,C,heldout_natural_source_repeat,heldoutcopy:1:409:10737,1,3.6924898624420166,9,0.9911577701568604,childes,10737,15,4.683647632598877
D,D_C_43222,chck_90M,43222,C,heldout_natural_source_repeat,heldoutcopy:1:40:49926,1,0.0029093027114868164,10,0.13464003801345825,open_subtitles,49926,16,0.13754934072494507
D,D_C_43222,chck_90M,43222,C,heldout_natural_source_repeat,heldoutcopy:1:410:57934,1,7.7725978791713715,15,0.32785072922706604,simple_wiki,57934,24,8.100448608398438
D,D_C_43222,chck_90M,43222,C,heldout_natural_source_repeat,heldoutcopy:1:411:30996,1,0.06150150578469038,9,0.005936016328632832,gutenberg,30996,15,0.06743752211332321
D,D_C_43222,chck_90M,43222,C,heldout_natural_source_repeat,heldoutcopy:1:412:33453,1,0.7699849605560303,8,1.0843067169189453,gutenberg,33453,10,1.8542916774749756
D,D_C_43222,chck_90M,43222,C,heldout_natural_source_repeat,heldoutcopy:1:413:50679,1,10.478543847799301,8,0.14348354935646057,open_subtitles,50679,11,10.622027397155762
D,D_C_43222,chck_90M,43222,C,heldout_natural_source_repeat,heldoutcopy:1:414:26998,1,9.165320210158825,22,0.01639384776353836,gutenberg,26998,35,9.181714057922363
D,D_C_43222,chck_90M,43222,C,heldout_natural_source_repeat,heldoutcopy:1:415:35590,1,2.2832216024398804,14,1.2707113027572632,gutenberg,35590,23,3.5539329051971436
D,D_C_43222,chck_90M,43222,C,heldout_natural_source_repeat,heldoutcopy:1:416:59600,1,1.63690584897995,19,0.7508206963539124,simple_wiki,59600,31,2.3877265453338623
D,D_C_43222,chck_90M,43222,C,heldout_natural_source_repeat,heldoutcopy:1:417:50164,1,7.739768892526627,9,0.42920026183128357,open_subtitles,50164,15,8.16896915435791
D,D_C_43222,chck_90M,43222,C,heldout_natural_source_repeat,heldoutcopy:1:418:26196,1,13.990459732711315,13,0.018741317093372345,gutenberg,26196,21,14.009201049804688
D,D_C_43222,chck_90M,43222,C,heldout_natural_source_repeat,heldoutcopy:1:419:4819,1,4.387157961726189,22,0.14926333725452423,childes,4819,36,4.536421298980713
D,D_C_43222,chck_90M,43222,C,heldout_natural_source_repeat,heldoutcopy:1:41:48631,1,1.9393502920866013,8,0.16720230877399445,open_subtitles,48631,13,2.1065526008605957
D,D_C_43222,chck_90M,43222,C,heldout_natural_source_repeat,heldoutcopy:1:420:33776,1,0.081277035176754,28,0.06992978602647781,gutenberg,33776,53,0.1512068212032318
D,D_C_43222,chck_90M,43222,C,heldout_natural_source_repeat,heldoutcopy:1:421:26505,1,0.0651801903732121,9,0.00710946274921298,gutenberg,26505,14,0.07228965312242508
D,D_C_43222,chck_90M,43222,C,heldout_natural_source_repeat,heldoutcopy:1:422:593,1,0.5485127344727516,8,0.0160650834441185,bnc_spoken,593,12,0.5645778179168701
D,D_C_43222,chck_90M,43222,C,heldout_natural_source_repeat,heldoutcopy:1:423:61123,1,3.819059683708474,9,0.00261084851808846,simple_wiki,61123,14,3.8216705322265625
D,D_C_43222,chck_90M,43222,C,heldout_natural_source_repeat,heldoutcopy:1:424:24837,1,0.0019915941811632365,11,0.00015841660206206143,gutenberg,24837,18,0.002150010783225298
D,D_C_43222,chck_90M,43222,C,heldout_natural_source_repeat,heldoutcopy:1:425:53020,1,5.516355097293854,14,0.9034013152122498,simple_wiki,53020,23,6.4197564125061035
D,D_C_43222,chck_90M,43222,C,heldout_natural_source_repeat,heldoutcopy:1:426:33193,1,11.307636685669422,8,0.026628069579601288,gutenberg,33193,13,11.334264755249023
D,D_C_43222,chck_90M,43222,C,heldout_natural_source_repeat,heldoutcopy:1:427:2163,1,0.0013175536878407001,8,0.007321550045162439,bnc_spoken,2163,11,0.00863910373300314
D,D_C_43222,chck_90M,43222,C,heldout_natural_source_repeat,heldoutcopy:1:428:33551,1,0.056684585055336356,12,0.0015278107021003962,gutenberg,33551,19,0.05821239575743675
D,D_C_43222,chck_90M,43222,C,heldout_natural_source_repeat,heldoutcopy:1:429:36967,1,3.830820322036743,8,2.3240854740142822,gutenberg,36967,10,6.154905796051025
D,D_C_43222,chck_90M,43222,C,heldout_natural_source_repeat,heldoutcopy:1:42:30689,1,7.345224268734455,8,0.04016267508268356,gutenberg,30689,11,7.385386943817139
D,D_C_43222,chck_90M,43222,C,heldout_natural_source_repeat,heldoutcopy:1:430:734,1,1.9718248043209314,8,0.018658479675650597,bnc_spoken,734,11,1.990483283996582
D,D_C_43222,chck_90M,43222,C,heldout_natural_source_repeat,heldoutcopy:1:431:50417,1,5.377269685268402,9,0.5410194993019104,open_subtitles,50417,14,5.9182891845703125
D,D_C_43222,chck_90M,43222,C,heldout_natural_source_repeat,heldoutcopy:1:432:14489,1,0.03509857153403573,8,0.00038652101648040116,childes,14489,10,0.03548509255051613
D,D_C_43222,chck_90M,43222,C,heldout_natural_source_repeat,heldoutcopy:1:433:52924,1,1.1413687281310558,8,0.009600657969713211,simple_wiki,52924,10,1.150969386100769
D,D_C_43222,chck_90M,43222,C,heldout_natural_source_repeat,heldoutcopy:1:434:20331,1,1.1587611213326454,8,0.042894504964351654,childes,20331,13,1.201655626296997
D,D_C_43222,chck_90M,43222,C,heldout_natural_source_repeat,heldoutcopy:1:435:618,1,-0.0014992766082286835,28,0.05296608805656433,bnc_spoken,618,46,0.05146681144833565
D,D_C_43222,chck_90M,43222,C,heldout_natural_source_repeat,heldoutcopy:1:436:7806,1,7.510070645366795e-06,9,1.1444026313256472e-05,childes,7806,15,1.8954096958623268e-05
D,D_C_43222,chck_90M,43222,C,heldout_natural_source_repeat,heldoutcopy:1:437:20063,1,0.0024100616574287415,12,0.0033811326138675213,childes,20063,20,0.005791194271296263
D,D_C_43222,chck_90M,43222,C,heldout_natural_source_repeat,heldoutcopy:1:438:18225,1,0.1679128676187247,8,0.0034926861990243196,childes,18225,12,0.17140555381774902
D,D_C_43222,chck_90M,43222,C,heldout_natural_source_repeat,heldoutcopy:1:439:2204,1,7.721535794436932,8,0.06172836571931839,bnc_spoken,2204,13,7.78326416015625
D,D_C_43222,chck_90M,43222,C,heldout_natural_source_repeat,heldoutcopy:1:43:22560,1,2.5059368014335632,12,0.21613317728042603,gutenberg,22560,19,2.7220699787139893
D,D_C_43222,chck_90M,43222,C,heldout_natural_source_repeat,heldoutcopy:1:440:6015,1,0.0073003340512514114,13,0.02552868239581585,childes,6015,21,0.03282901644706726
D,D_C_43222,chck_90M,43222,C,heldout_natural_source_repeat,heldoutcopy:1:441:59625,1,-0.03520470857620239,19,0.3486391603946686,simple_wiki,59625,31,0.3134344518184662
D,D_C_43222,chck_90M,43222,C,heldout_natural_source_repeat,heldoutcopy:1:442:21982,1,1.0317202806472778,9,1.8411601781845093,childes,21982,14,2.872880458831787
D,D_C_43222,chck_90M,43222,C,heldout_natural_source_repeat,heldoutcopy:1:443:25850,1,0.008425861597061157,11,0.0332280769944191,gutenberg,25850,18,0.041653938591480255
D,D_C_43222,chck_90M,43222,C,heldout_natural_source_repeat,heldoutcopy:1:444:6376,1,0.12567160837352276,8,0.009426252916455269,childes,6376,10,0.13509786128997803
D,D_C_43222,chck_90M,43222,C,heldout_natural_source_repeat,heldoutcopy:1:445:26621,1,1.5010940842330456e-05,25,0.0006208876147866249,gutenberg,26621,40,0.0006358985556289554
D,D_C_43222,chck_90M,43222,C,heldout_natural_source_repeat,heldoutcopy:1:446:43944,1,11.928187847137451,17,3.3673348426818848,open_subtitles,43944,27,15.295522689819336
D,D_C_43222,chck_90M,43222,C,heldout_natural_source_repeat,heldoutcopy:1:447:2458,1,1.6908702850341797,11,9.348207473754883,bnc_spoken,2458,17,11.039077758789062
D,D_C_43222,chck_90M,43222,C,heldout_natural_source_repeat,heldoutcopy:1:448:27928,1,0.3377990226726979,15,0.0028072495479136705,gutenberg,27928,24,0.3406062722206116
D,D_C_43222,chck_90M,43222,C,heldout_natural_source_repeat,heldoutcopy:1:449:48353,1,10.236961483955383,12,1.1141527891159058,open_subtitles,48353,20,11.351114273071289
D,D_C_43222,chck_90M,43222,C,heldout_natural_source_repeat,heldoutcopy:1:44:10694,1,6.586299896240234,8,0.16861820220947266,childes,10694,10,6.754918098449707
D,D_C_43222,chck_90M,43222,C,heldout_natural_source_repeat,heldoutcopy:1:450:5113,1,1.0695626884698868,22,0.13113437592983246,childes,5113,36,1.2006970643997192
D,D_C_43222,chck_90M,43222,C,heldout_natural_source_repeat,heldoutcopy:1:451:20569,1,0.00046090740943327546,8,0.00019059749320149422,childes,20569,10,0.0006515049026347697
D,D_C_43222,chck_90M,43222,C,heldout_natural_source_repeat,heldoutcopy:1:452:32006,1,12.6906328946352,10,0.1720523089170456,gutenberg,32006,16,12.862685203552246
D,D_C_43222,chck_90M,43222,C,heldout_natural_source_repeat,heldoutcopy:1:453:13635,1,0.33584192488342524,8,0.007941930554807186,childes,13635,11,0.3437838554382324
D,D_C_43222,chck_90M,43222,C,heldout_natural_source_repeat,heldoutcopy:1:454:36076,1,1.3897979017347097,21,0.023735666647553444,gutenberg,36076,34,1.4135335683822632
D,D_C_43222,chck_90M,43222,C,heldout_natural_source_repeat,heldoutcopy:1:455:38736,1,7.239548683166504,8,6.543947219848633,open_subtitles,38736,13,13.783495903015137
D,D_C_43222,chck_90M,43222,C,heldout_natural_source_repeat,heldoutcopy:1:456:21251,1,3.6287862583994865,10,0.06474430114030838,childes,21251,16,3.693530559539795
D,D_C_43222,chck_90M,43222,C,heldout_natural_source_repeat,heldoutcopy:1:457:8587,1,0.39829033333808184,8,0.005572262220084667,childes,8587,10,0.4038625955581665
D,D_C_43222,chck_90M,43222,C,heldout_natural_source_repeat,heldoutcopy:1:458:57238,1,0.40274340589530766,12,0.002430938882753253,simple_wiki,57238,19,0.4051743447780609
D,D_C_43222,chck_90M,43222,C,heldout_natural_source_repeat,heldoutcopy:1:459:21940,1,1.0847619705600664e-05,8,3.373566141817719e-05,childes,21940,13,4.458328112377785e-05
D,D_C_43222,chck_90M,43222,C,heldout_natural_source_repeat,heldoutcopy:1:45:40690,1,1.552734554046765,8,0.003569423919543624,open_subtitles,40690,11,1.5563039779663086
D,D_C_43222,chck_90M,43222,C,heldout_natural_source_repeat,heldoutcopy:1:460:8054,1,4.945866376161575,9,0.4603435695171356,childes,8054,14,5.406209945678711
D,D_C_43222,chck_90M,43222,C,heldout_natural_source_repeat,heldoutcopy:1:461:46237,1,0.6629366874694824,10,6.149536609649658,open_subtitles,46237,16,6.812473297119141
D,D_C_43222,chck_90M,43222,C,heldout_natural_source_repeat,heldoutcopy:1:462:49126,1,3.2717447578907013,8,0.2902176082134247,open_subtitles,49126,10,3.561962366104126
D,D_C_43222,chck_90M,43222,C,heldout_natural_source_repeat,heldoutcopy:1:463:41975,1,1.3070392608642578,22,2.172264814376831,open_subtitles,41975,36,3.479304075241089
D,D_C_43222,chck_90M,43222,C,heldout_natural_source_repeat,heldoutcopy:1:464:14589,1,-5.333084791898727,8,5.559463024139404,childes,14589,10,0.22637823224067688
D,D_C_43222,chck_90M,43222,C,heldout_natural_source_repeat,heldoutcopy:1:465:29641,1,7.851733639836311,22,0.13681654632091522,gutenberg,29641,35,7.988550186157227
D,D_C_43222,chck_90M,43222,C,heldout_natural_source_repeat,heldoutcopy:1:466:17748,1,1.7501684129238129,14,0.14927688241004944,childes,17748,22,1.8994452953338623
D,D_C_43222,chck_90M,43222,C,heldout_natural_source_repeat,heldoutcopy:1:467:32194,1,2.8340959548950195,24,0.7391400337219238,gutenberg,32194,38,3.5732359886169434
D,D_C_43222,chck_90M,43222,C,heldout_natural_source_repeat,heldoutcopy:1:468:39681,1,1.5407502241432667,9,0.02750186249613762,open_subtitles,39681,15,1.5682520866394043
D,D_C_43222,chck_90M,43222,C,heldout_natural_source_repeat,heldoutcopy:1:469:25484,1,9.140868812799454,17,0.3129647672176361,gutenberg,25484,27,9.45383358001709
D,D_C_43222,chck_90M,43222,C,heldout_natural_source_repeat,heldoutcopy:1:46:12163,1,2.052195966243744,8,0.8231135010719299,childes,12163,13,2.875309467315674
D,D_C_43222,chck_90M,43222,C,heldout_natural_source_repeat,heldoutcopy:1:470:59579,1,8.750184655189514,8,0.26779401302337646,simple_wiki,59579,13,9.01797866821289
D,D_C_43222,chck_90M,43222,C,heldout_natural_source_repeat,heldoutcopy:1:471:11814,1,1.2621174864470959,8,0.010188121348619461,childes,11814,12,1.2723056077957153
D,D_C_43222,chck_90M,43222,C,heldout_natural_source_repeat,heldoutcopy:1:472:54910,1,5.333129201084375,10,0.0033199451863765717,simple_wiki,54910,16,5.336449146270752
D,D_C_43222,chck_90M,43222,C,heldout_natural_source_repeat,heldoutcopy:1:473:59915,1,6.926493406295776,8,1.5357191562652588,simple_wiki,59915,11,8.462212562561035
D,D_C_43222,chck_90M,43222,C,heldout_natural_source_repeat,heldoutcopy:1:474:26831,1,10.598674457520247,24,0.053071338683366776,gutenberg,26831,38,10.651745796203613
D,D_C_43222,chck_90M,43222,C,heldout_natural_source_repeat,heldoutcopy:1:475:10741,1,1.3002126663923264,9,0.09222681820392609,childes,10741,15,1.3924394845962524
D,D_C_43222,chck_90M,43222,C,heldout_natural_source_repeat,heldoutcopy:1:476:28818,1,3.7505594938993454,28,0.10068733990192413,gutenberg,28818,48,3.8512468338012695
D,D_C_43222,chck_90M,43222,C,heldout_natural_source_repeat,heldoutcopy:1:477:47644,1,2.3944644927978516,8,5.773324012756348,open_subtitles,47644,10,8.1677885055542
D,D_C_43222,chck_90M,43222,C,heldout_natural_source_repeat,heldoutcopy:1:478:31508,1,0.3194922513794154,13,0.0013374679256230593,gutenberg,31508,21,0.32082971930503845
D,D_C_43222,chck_90M,43222,C,heldout_natural_source_repeat,heldoutcopy:1:479:36426,1,9.867189647629857,21,0.029744861647486687,gutenberg,36426,34,9.896934509277344
D,D_C_43222,chck_90M,43222,C,heldout_natural_source_repeat,heldoutcopy:1:47:14405,1,5.010913372039795,8,0.6900720596313477,childes,14405,12,5.700985431671143
D,D_C_43222,chck_90M,43222,C,heldout_natural_source_repeat,heldoutcopy:1:480:51855,1,12.378197176381946,8,0.02032138593494892,open_subtitles,51855,11,12.398518562316895
D,D_C_43222,chck_90M,43222,C,heldout_natural_source_repeat,heldoutcopy:1:481:62312,1,2.3027454912662506,8,0.3000825345516205,simple_wiki,62312,10,2.602828025817871
D,D_C_43222,chck_90M,43222,C,heldout_natural_source_repeat,heldoutcopy:1:482:27603,1,0.17692700400948524,28,0.01054772362112999,gutenberg,27603,49,0.18747472763061523
D,D_C_43222,chck_90M,43222,C,heldout_natural_source_repeat,heldoutcopy:1:483:50134,1,3.847699547186494,8,0.015706872567534447,open_subtitles,50134,12,3.8634064197540283
D,D_C_43222,chck_90M,43222,C,heldout_natural_source_repeat,heldoutcopy:1:484:4244,1,4.927500307559967,8,0.10242170095443726,bnc_spoken,4244,13,5.029922008514404
D,D_C_43222,chck_90M,43222,C,heldout_natural_source_repeat,heldoutcopy:1:485:50422,1,11.002602750901133,12,0.0055931261740624905,open_subtitles,50422,19,11.008195877075195
D,D_C_43222,chck_90M,43222,C,heldout_natural_source_repeat,heldoutcopy:1:486:52213,1,6.215164162218571,8,0.06551554054021835,open_subtitles,52213,12,6.280679702758789
D,D_C_43222,chck_90M,43222,C,heldout_natural_source_repeat,heldoutcopy:1:487:1949,1,0.02670195698738098,28,0.47939571738243103,bnc_spoken,1949,54,0.506097674369812
D,D_C_43222,chck_90M,43222,C,heldout_natural_source_repeat,heldoutcopy:1:488:45325,1,4.58715096116066,9,0.13003215193748474,open_subtitles,45325,15,4.7171831130981445
D,D_C_43222,chck_90M,43222,C,heldout_natural_source_repeat,heldoutcopy:1:489:12192,1,0.20538330078125,8,1.856353521347046,childes,12192,11,2.061736822128296
D,D_C_43222,chck_90M,43222,C,heldout_natural_source_repeat,heldoutcopy:1:48:8343,1,-0.0021014511585235596,22,0.14840950071811676,childes,8343,36,0.1463080495595932
D,D_C_43222,chck_90M,43222,C,heldout_natural_source_repeat,heldoutcopy:1:490:9729,1,1.977407049620524,8,0.0003768687602132559,childes,9729,10,1.9777839183807373
D,D_C_43222,chck_90M,43222,C,heldout_natural_source_repeat,heldoutcopy:1:491:31673,1,1.6281061116605997,16,0.017933016642928123,gutenberg,31673,25,1.6460391283035278
D,D_C_43222,chck_90M,43222,C,heldout_natural_source_repeat,heldoutcopy:1:492:27435,1,6.817550808191299,8,0.3425353467464447,gutenberg,27435,10,7.160086154937744
D,D_C_43222,chck_90M,43222,C,heldout_natural_source_repeat,heldoutcopy:1:493:19194,1,7.824403166770935,8,1.2650638818740845,childes,19194,11,9.08946704864502
D,D_C_43222,chck_90M,43222,C,heldout_natural_source_repeat,heldoutcopy:1:494:2455,1,4.0933762192726135,23,0.7333201766014099,bnc_spoken,2455,37,4.826696395874023
D,D_C_43222,chck_90M,43222,C,heldout_natural_source_repeat,heldoutcopy:1:495:59343,1,0.0027423128485679626,11,0.032638076692819595,simple_wiki,59343,17,0.03538038954138756
D,D_C_43222,chck_90M,43222,C,heldout_natural_source_repeat,heldoutcopy:1:496:26155,1,6.690783858299255,17,0.169716477394104,gutenberg,26155,28,6.860500335693359
D,D_C_43222,chck_90M,43222,C,heldout_natural_source_repeat,heldoutcopy:1:497:19287,1,0.0017743855714797974,28,0.08681371062994003,childes,19287,46,0.08858809620141983
D,D_C_43222,chck_90M,43222,C,heldout_natural_source_repeat,heldoutcopy:1:498:51356,1,6.434518426656723,12,0.41059866547584534,open_subtitles,51356,19,6.845117092132568
D,D_C_43222,chck_90M,43222,C,heldout_natural_source_repeat,heldoutcopy:1:499:32457,1,0.018565788865089417,17,0.08876264840364456,gutenberg,32457,28,0.10732843726873398
D,D_C_43222,chck_90M,43222,C,heldout_natural_source_repeat,heldoutcopy:1:49:14477,1,4.129007127135992,11,0.04102346673607826,childes,14477,17,4.17003059387207
D,D_C_43222,chck_90M,43222,C,heldout_natural_source_repeat,heldoutcopy:1:4:29592,1,6.926974284928292,20,0.0037450906820595264,gutenberg,29592,32,6.930719375610352
D,D_C_43222,chck_90M,43222,C,heldout_natural_source_repeat,heldoutcopy:1:500:33621,1,0.26883020251989365,11,0.11677364259958267,gutenberg,33621,17,0.3856038451194763
D,D_C_43222,chck_90M,43222,C,heldout_natural_source_repeat,heldoutcopy:1:501:7788,1,0.18422436714172363,8,0.14860782027244568,childes,7788,10,0.3328321874141693
D,D_C_43222,chck_90M,43222,C,heldout_natural_source_repeat,heldoutcopy:1:502:27969,1,1.123973105684854,8,0.0012717501958832145,gutenberg,27969,11,1.1252448558807373
D,D_C_43222,chck_90M,43222,C,heldout_natural_source_repeat,heldoutcopy:1:503:24636,1,1.6153759993612766,28,0.04141389951109886,gutenberg,24636,48,1.6567898988723755
D,D_C_43222,chck_90M,43222,C,heldout_natural_source_repeat,heldoutcopy:1:504:13925,1,1.6383370430557989,8,0.00054058717796579,childes,13925,12,1.6388776302337646
D,D_C_43222,chck_90M,43222,C,heldout_natural_source_repeat,heldoutcopy:1:505:42046,1,5.8755481243133545,8,2.7528374195098877,open_subtitles,42046,10,8.628385543823242
D,D_C_43222,chck_90M,43222,C,heldout_natural_source_repeat,heldoutcopy:1:506:38597,1,8.699008539319038,8,0.058334752917289734,open_subtitles,38597,12,8.757343292236328
D,D_C_43222,chck_90M,43222,C,heldout_natural_source_repeat,heldoutcopy:1:507:50496,1,1.3397712986916304,24,0.01937815733253956,open_subtitles,50496,38,1.35914945602417
D,D_C_43222,chck_90M,43222,C,heldout_natural_source_repeat,heldoutcopy:1:508:41831,1,6.295154303312302,8,0.07609489560127258,open_subtitles,41831,10,6.371249198913574
D,D_C_43222,chck_90M,43222,C,heldout_natural_source_repeat,heldoutcopy:1:509:52138,1,1.0492339134216309,11,5.495014667510986,open_subtitles,52138,17,6.544248580932617
D,D_C_43222,chck_90M,43222,C,heldout_natural_source_repeat,heldoutcopy:1:50:49825,1,0.36265966354403645,8,0.0019220703979954123,open_subtitles,49825,11,0.36458173394203186
D,D_C_43222,chck_90M,43222,C,heldout_natural_source_repeat,heldoutcopy:1:510:2514,1,-2.3390607833862305,11,7.52467155456543,bnc_spoken,2514,18,5.185610771179199
D,D_C_43222,chck_90M,43222,C,heldout_natural_source_repeat,heldoutcopy:1:511:27073,1,4.473615124821663,28,0.10289816558361053,gutenberg,27073,54,4.576513290405273
D,D_C_43222,chck_90M,43222,C,heldout_natural_source_repeat,heldoutcopy:1:512:57715,1,0.00044137006625533104,25,0.007452070247381926,simple_wiki,57715,40,0.007893440313637257
D,D_C_43222,chck_90M,43222,C,heldout_natural_source_repeat,heldoutcopy:1:513:53390,1,11.688801694661379,8,0.021210741251707077,simple_wiki,53390,12,11.710012435913086
D,D_C_43222,chck_90M,43222,C,heldout_natural_source_repeat,heldoutcopy:1:514:32754,1,3.765628361143172,9,0.013520455919206142,gutenberg,32754,15,3.779148817062378
D,D_C_43222,chck_90M,43222,C,heldout_natural_source_repeat,heldoutcopy:1:515:13887,1,1.289868513122201,9,0.021343311294913292,childes,13887,14,1.3112118244171143
D,D_C_43222,chck_90M,43222,C,heldout_natural_source_repeat,heldoutcopy:1:516:55544,1,7.248846502043307,14,0.008038549683988094,simple_wiki,55544,22,7.256885051727295
D,D_C_43222,chck_90M,43222,C,heldout_natural_source_repeat,heldoutcopy:1:517:14378,1,2.8966257609426975,8,0.041481491178274155,childes,14378,11,2.9381072521209717
D,D_C_43222,chck_90M,43222,C,heldout_natural_source_repeat,heldoutcopy:1:518:60276,1,8.0533866584301,20,0.13150790333747864,simple_wiki,60276,33,8.184894561767578
D,D_C_43222,chck_90M,43222,C,heldout_natural_source_repeat,heldoutcopy:1:519:56373,1,-2.1812040358781815e-05,9,0.00016032364510465413,simple_wiki,56373,14,0.00013851160474587232
D,D_C_43222,chck_90M,43222,C,heldout_natural_source_repeat,heldoutcopy:1:51:43292,1,9.833705469965935,11,0.1455206423997879,open_subtitles,43292,18,9.979226112365723
D,D_C_43222,chck_90M,43222,C,heldout_natural_source_repeat,heldoutcopy:1:520:33118,1,12.953244123142213,14,0.006402101833373308,gutenberg,33118,23,12.959646224975586
D,D_C_43222,chck_90M,43222,C,heldout_natural_source_repeat,heldoutcopy:1:521:2365,1,0.8660054132342339,9,0.03914857655763626,bnc_spoken,2365,14,0.9051539897918701
D,D_C_43222,chck_90M,43222,C,heldout_natural_source_repeat,heldoutcopy:1:522:54637,1,1.2105020185699686,14,0.0014577010879293084,simple_wiki,54637,23,1.211959719657898
D,D_C_43222,chck_90M,43222,C,heldout_natural_source_repeat,heldoutcopy:1:523:58440,1,5.739397689700127,10,0.17506058514118195,simple_wiki,58440,16,5.914458274841309
D,D_C_43222,chck_90M,43222,C,heldout_natural_source_repeat,heldoutcopy:1:524:38716,1,7.161743760108948,8,0.6317523717880249,open_subtitles,38716,12,7.793496131896973
D,D_C_43222,chck_90M,43222,C,heldout_natural_source_repeat,heldoutcopy:1:525:40240,1,-2.0709908455610275,11,2.184234380722046,open_subtitles,40240,17,0.11324353516101837
D,D_C_43222,chck_90M,43222,C,heldout_natural_source_repeat,heldoutcopy:1:526:6219,1,2.0557557195425034,8,0.1557716280221939,childes,6219,10,2.2115273475646973
D,D_C_43222,chck_90M,43222,C,heldout_natural_source_repeat,heldoutcopy:1:527:39518,1,8.288619816303253,8,0.17034262418746948,open_subtitles,39518,10,8.458962440490723
D,D_C_43222,chck_90M,43222,C,heldout_natural_source_repeat,heldoutcopy:1:528:14738,1,2.1148782521486282,11,0.017279788851737976,childes,14738,17,2.132158041000366
D,D_C_43222,chck_90M,43222,C,heldout_natural_source_repeat,heldoutcopy:1:529:6556,1,14.898938531056046,8,0.0230718906968832,childes,6556,10,14.92201042175293
D,D_C_43222,chck_90M,43222,C,heldout_natural_source_repeat,heldoutcopy:1:52:17801,1,14.840493804775178,8,0.011676185764372349,childes,17801,12,14.85216999053955
D,D_C_43222,chck_90M,43222,C,heldout_natural_source_repeat,heldoutcopy:1:530:47621,1,3.679647371172905,8,0.07267172634601593,open_subtitles,47621,11,3.752319097518921
D,D_C_43222,chck_90M,43222,C,heldout_natural_source_repeat,heldoutcopy:1:531:26672,1,4.59150131046772,20,0.011013433337211609,gutenberg,26672,32,4.602514743804932
D,D_C_43222,chck_90M,43222,C,heldout_natural_source_repeat,heldoutcopy:1:532:18142,1,7.317532300949097,8,3.6766483783721924,childes,18142,10,10.994180679321289
D,D_C_43222,chck_90M,43222,C,heldout_natural_source_repeat,heldoutcopy:1:533:33915,1,4.642888359725475,28,0.031621165573596954,gutenberg,33915,46,4.674509525299072
D,D_C_43222,chck_90M,43222,C,heldout_natural_source_repeat,heldoutcopy:1:534:37154,1,4.345428416505456,9,0.02691369317471981,gutenberg,37154,14,4.372342109680176
D,D_C_43222,chck_90M,43222,C,heldout_natural_source_repeat,heldoutcopy:1:535:25475,1,4.36182177066803,8,1.0873931646347046,gutenberg,25475,13,5.449214935302734
D,D_C_43222,chck_90M,43222,C,heldout_natural_source_repeat,heldoutcopy:1:536:59165,1,0.00012513890396803617,9,0.0011364913079887629,simple_wiki,59165,15,0.001261630211956799
D,D_C_43222,chck_90M,43222,C,heldout_natural_source_repeat,heldoutcopy:1:537:6076,1,3.3731460571289062,8,5.425992965698242,childes,6076,11,8.799139022827148
D,D_C_43222,chck_90M,43222,C,heldout_natural_source_repeat,heldoutcopy:1:538:1152,1,0.35423416015692055,10,0.0018593657296150923,bnc_spoken,1152,16,0.35609352588653564
D,D_C_43222,chck_90M,43222,C,heldout_natural_source_repeat,heldoutcopy:1:539:21416,1,0.9647765010595322,8,0.10874642431735992,childes,21416,10,1.073522925376892
D,D_C_43222,chck_90M,43222,C,heldout_natural_source_repeat,heldoutcopy:1:53:53263,1,-4.10738730430603,10,5.527841091156006,simple_wiki,53263,16,1.4204537868499756
D,D_C_43222,chck_90M,43222,C,heldout_natural_source_repeat,heldoutcopy:1:540:55271,1,6.642025180160999,14,0.05606871098279953,simple_wiki,55271,22,6.698093891143799
D,D_C_43222,chck_90M,43222,C,heldout_natural_source_repeat,heldoutcopy:1:541:25540,1,-1.1826316453516483,14,1.2173351049423218,gutenberg,25540,23,0.03470345959067345
D,D_C_43222,chck_90M,43222,C,heldout_natural_source_repeat,heldoutcopy:1:542:14952,1,2.780787669122219,8,0.06498483568429947,childes,14952,10,2.8457725048065186
D,D_C_43222,chck_90M,43222,C,heldout_natural_source_repeat,heldoutcopy:1:543:46951,1,8.378492295742035,9,0.42861562967300415,open_subtitles,46951,15,8.807107925415039
D,D_C_43222,chck_90M,43222,C,heldout_natural_source_repeat,heldoutcopy:1:544:38435,1,0.4012744426727295,28,0.1421067714691162,gutenberg,38435,49,0.5433812141418457
D,D_C_43222,chck_90M,43222,C,heldout_natural_source_repeat,heldoutcopy:1:545:42181,1,3.909322150051594,12,0.08091079443693161,open_subtitles,42181,20,3.9902329444885254
D,D_C_43222,chck_90M,43222,C,heldout_natural_source_repeat,heldoutcopy:1:546:52617,1,1.2810987308621407,8,0.09102629870176315,open_subtitles,52617,10,1.3721250295639038
D,D_C_43222,chck_90M,43222,C,heldout_natural_source_repeat,heldoutcopy:1:547:6726,1,0.00019021023763343692,22,0.00015615197480656207,childes,6726,36,0.000346362212439999
D,D_C_43222,chck_90M,43222,C,heldout_natural_source_repeat,heldoutcopy:1:548:41740,1,1.4705802202224731,8,1.21969735622406,open_subtitles,41740,10,2.690277576446533
D,D_C_43222,chck_90M,43222,C,heldout_natural_source_repeat,heldoutcopy:1:549:30084,1,4.0408419370651245,8,0.9581753015518188,gutenberg,30084,10,4.999017238616943
D,D_C_43222,chck_90M,43222,C,heldout_natural_source_repeat,heldoutcopy:1:54:34920,1,8.796339254826307,24,0.056761521846055984,gutenberg,34920,38,8.853100776672363
D,D_C_43222,chck_90M,43222,C,heldout_natural_source_repeat,heldoutcopy:1:550:11056,1,0.04890543036162853,8,0.028021762147545815,childes,11056,11,0.07692719250917435
D,D_C_43222,chck_90M,43222,C,heldout_natural_source_repeat,heldoutcopy:1:551:9109,1,7.5585056245327,9,0.04423561692237854,childes,9109,14,7.602741241455078
D,D_C_43222,chck_90M,43222,C,heldout_natural_source_repeat,heldoutcopy:1:552:2593,1,0.961738109588623,8,4.741602897644043,bnc_spoken,2593,11,5.703341007232666
D,D_C_43222,chck_90M,43222,C,heldout_natural_source_repeat,heldoutcopy:1:553:20799,1,0.0014128004113445058,8,0.0001851148990681395,childes,20799,10,0.0015979153104126453
D,D_C_43222,chck_90M,43222,C,heldout_natural_source_repeat,heldoutcopy:1:554:40688,1,5.068604946136475,27,2.2193093299865723,open_subtitles,40688,44,7.287914276123047
D,D_C_43222,chck_90M,43222,C,heldout_natural_source_repeat,heldoutcopy:1:555:60548,1,9.60034211911261,8,0.013070737943053246,simple_wiki,60548,10,9.613412857055664
D,D_C_43222,chck_90M,43222,C,heldout_natural_source_repeat,heldoutcopy:1:556:33177,1,7.242992401123047,8,5.695289611816406,gutenberg,33177,10,12.938282012939453
D,D_C_43222,chck_90M,43222,C,heldout_natural_source_repeat,heldoutcopy:1:557:4773,1,0.07660675048828125,8,10.087113380432129,childes,4773,11,10.16372013092041
D,D_C_43222,chck_90M,43222,C,heldout_natural_source_repeat,heldoutcopy:1:558:2881,1,3.666620761156082,9,0.08375188708305359,bnc_spoken,2881,15,3.7503726482391357
D,D_C_43222,chck_90M,43222,C,heldout_natural_source_repeat,heldoutcopy:1:559:13649,1,5.6383281844318844e-05,8,1.9907753085135482e-05,childes,13649,10,7.629103492945433e-05
D,D_C_43222,chck_90M,43222,C,heldout_natural_source_repeat,heldoutcopy:1:55:22365,1,0.00011395174442441203,8,5.125868119648658e-05,childes,22365,10,0.0001652104256208986
D,D_C_43222,chck_90M,43222,C,heldout_natural_source_repeat,heldoutcopy:1:560:16569,1,3.9070628881454468,13,1.55681574344635,childes,16569,21,5.463878631591797
D,D_C_43222,chck_90M,43222,C,heldout_natural_source_repeat,heldoutcopy:1:561:59149,1,0.019485007971525192,9,0.039400506764650345,simple_wiki,59149,15,0.05888551473617554
D,D_C_43222,chck_90M,43222,C,heldout_natural_source_repeat,heldoutcopy:1:562:36704,1,0.11549528501927853,28,0.008278341963887215,gutenberg,36704,46,0.12377362698316574
D,D_C_43222,chck_90M,43222,C,heldout_natural_source_repeat,heldoutcopy:1:563:23405,1,10.0487648723647,11,0.009839368052780628,gutenberg,23405,17,10.05860424041748
D,D_C_43222,chck_90M,43222,C,heldout_natural_source_repeat,heldoutcopy:1:564:36114,1,5.980071686208248,11,0.09527096897363663,gutenberg,36114,18,6.075342655181885
D,D_C_43222,chck_90M,43222,C,heldout_natural_source_repeat,heldoutcopy:1:565:42847,1,0.20653820037841797,10,1.4507951736450195,open_subtitles,42847,16,1.6573333740234375
D,D_C_43222,chck_90M,43222,C,heldout_natural_source_repeat,heldoutcopy:1:566:23755,1,2.7144091171212494,16,0.007332082372158766,gutenberg,23755,26,2.721741199493408
D,D_C_43222,chck_90M,43222,C,heldout_natural_source_repeat,heldoutcopy:1:567:17790,1,0.07333914609625936,8,0.0006049233488738537,childes,17790,10,0.07394406944513321
D,D_C_43222,chck_90M,43222,C,heldout_natural_source_repeat,heldoutcopy:1:568:52196,1,14.088958218693733,8,0.24659590423107147,open_subtitles,52196,10,14.335554122924805
D,D_C_43222,chck_90M,43222,C,heldout_natural_source_repeat,heldoutcopy:1:569:1289,1,6.421819280833006,24,0.05139343813061714,bnc_spoken,1289,39,6.473212718963623
D,D_C_43222,chck_90M,43222,C,heldout_natural_source_repeat,heldoutcopy:1:56:46420,1,7.866397462785244,12,0.06824866682291031,open_subtitles,46420,20,7.934646129608154
D,D_C_43222,chck_90M,43222,C,heldout_natural_source_repeat,heldoutcopy:1:570:33705,1,1.1149642169475555,28,0.2707240879535675,gutenberg,33705,46,1.385688304901123
D,D_C_43222,chck_90M,43222,C,heldout_natural_source_repeat,heldoutcopy:1:571:45114,1,5.90271370112896,11,0.13014037907123566,open_subtitles,45114,18,6.032854080200195
D,D_C_43222,chck_90M,43222,C,heldout_natural_source_repeat,heldoutcopy:1:572:9819,1,0.6933196038007736,11,0.07795609533786774,childes,9819,18,0.7712756991386414
D,D_C_43222,chck_90M,43222,C,heldout_natural_source_repeat,heldoutcopy:1:573:30529,1,3.7795626036822796,28,0.04983316734433174,gutenberg,30529,47,3.8293957710266113
D,D_C_43222,chck_90M,43222,C,heldout_natural_source_repeat,heldoutcopy:1:574:7455,1,0.039126068353652954,11,0.3389524519443512,childes,7455,18,0.37807852029800415
D,D_C_43222,chck_90M,43222,C,heldout_natural_source_repeat,heldoutcopy:1:575:29421,1,12.891980677843094,11,0.412657231092453,gutenberg,29421,17,13.304637908935547
D,D_C_43222,chck_90M,43222,C,heldout_natural_source_repeat,heldoutcopy:1:576:56249,1,0.00022904644720256329,9,0.0017675028648227453,simple_wiki,56249,15,0.0019965493120253086
D,D_C_43222,chck_90M,43222,C,heldout_natural_source_repeat,heldoutcopy:1:577:27768,1,6.906634330749512,21,4.79249382019043,gutenberg,27768,34,11.699128150939941
D,D_C_43222,chck_90M,43222,C,heldout_natural_source_repeat,heldoutcopy:1:578:61636,1,7.253297954797745,8,0.38198408484458923,simple_wiki,61636,11,7.635282039642334
D,D_C_43222,chck_90M,43222,C,heldout_natural_source_repeat,heldoutcopy:1:579:30396,1,3.0647158166393638,28,0.00729279313236475,gutenberg,30396,46,3.0720086097717285
D,D_C_43222,chck_90M,43222,C,heldout_natural_source_repeat,heldoutcopy:1:57:19704,1,0.00440644845366478,16,0.03744448721408844,childes,19704,26,0.04185093566775322
D,D_C_43222,chck_90M,43222,C,heldout_natural_source_repeat,heldoutcopy:1:580:10953,1,4.768224243889563e-06,22,2.825220326485578e-05,childes,10953,36,3.302042750874534e-05
D,D_C_43222,chck_90M,43222,C,heldout_natural_source_repeat,heldoutcopy:1:581:6068,1,-1.0376902669668198,8,1.1088002920150757,childes,6068,10,0.07111002504825592
D,D_C_43222,chck_90M,43222,C,heldout_natural_source_repeat,heldoutcopy:1:582:40534,1,2.3352195769548416,8,0.20111827552318573,open_subtitles,40534,13,2.5363378524780273
D,D_C_43222,chck_90M,43222,C,heldout_natural_source_repeat,heldoutcopy:1:583:57686,1,1.4009681940078735,18,0.8694456815719604,simple_wiki,57686,29,2.270413875579834
D,D_C_43222,chck_90M,43222,C,heldout_natural_source_repeat,heldoutcopy:1:584:52508,1,12.592390649020672,14,0.06401193886995316,open_subtitles,52508,22,12.656402587890625
D,D_C_43222,chck_90M,43222,C,heldout_natural_source_repeat,heldoutcopy:1:585:46945,1,-0.3516964912414551,9,3.2077343463897705,open_subtitles,46945,15,2.8560378551483154
D,D_C_43222,chck_90M,43222,C,heldout_natural_source_repeat,heldoutcopy:1:586:32738,1,2.403183470480144,14,0.015107144601643085,gutenberg,32738,22,2.418290615081787
D,D_C_43222,chck_90M,43222,C,heldout_natural_source_repeat,heldoutcopy:1:587:39615,1,0.011612474918365479,11,0.2691817283630371,open_subtitles,39615,17,0.2807942032814026
D,D_C_43222,chck_90M,43222,C,heldout_natural_source_repeat,heldoutcopy:1:588:23172,1,0.33736079186201096,13,0.0320880189538002,gutenberg,23172,21,0.36944881081581116
D,D_C_43222,chck_90M,43222,C,heldout_natural_source_repeat,heldoutcopy:1:589:37720,1,0.5052297473885119,8,0.0073039173148572445,gutenberg,37720,11,0.5125336647033691
D,D_C_43222,chck_90M,43222,C,heldout_natural_source_repeat,heldoutcopy:1:58:20945,1,2.9947344064712524,8,1.6135848760604858,childes,20945,11,4.608319282531738
D,D_C_43222,chck_90M,43222,C,heldout_natural_source_repeat,heldoutcopy:1:590:8191,1,0.1688979202444898,9,0.00012909532233607024,childes,8191,14,0.16902701556682587
D,D_C_43222,chck_90M,43222,C,heldout_natural_source_repeat,heldoutcopy:1:591:25760,1,10.942608579527587,8,0.0065415059216320515,gutenberg,25760,13,10.949150085449219
D,D_C_43222,chck_90M,43222,C,heldout_natural_source_repeat,heldoutcopy:1:592:23433,1,2.2510370779782534,27,0.02259020321071148,gutenberg,23433,44,2.273627281188965
D,D_C_43222,chck_90M,43222,C,heldout_natural_source_repeat,heldoutcopy:1:593:12594,1,0.46977546671405435,13,0.006336004938930273,childes,12594,21,0.4761114716529846
D,D_C_43222,chck_90M,43222,C,heldout_natural_source_repeat,heldoutcopy:1:594:49143,1,0.0046283528208732605,22,0.0037849945947527885,open_subtitles,49143,36,0.008413347415626049
D,D_C_43222,chck_90M,43222,C,heldout_natural_source_repeat,heldoutcopy:1:595:28904,1,1.5597994849085808,15,0.06291574984788895,gutenberg,28904,24,1.6227152347564697
D,D_C_43222,chck_90M,43222,C,heldout_natural_source_repeat,heldoutcopy:1:596:36034,1,5.417440019547939,14,0.020086683332920074,gutenberg,36034,22,5.437526702880859
D,D_C_43222,chck_90M,43222,C,heldout_natural_source_repeat,heldoutcopy:1:597:25494,1,13.99910288117826,9,0.02049226500093937,gutenberg,25494,15,14.0195951461792
D,D_C_43222,chck_90M,43222,C,heldout_natural_source_repeat,heldoutcopy:1:598:54936,1,1.1921331100165844,8,0.005461651831865311,simple_wiki,54936,12,1.1975947618484497
D,D_C_43222,chck_90M,43222,C,heldout_natural_source_repeat,heldoutcopy:1:599:2877,1,4.440114960074425,14,0.13851691782474518,bnc_spoken,2877,22,4.57863187789917
D,D_C_43222,chck_90M,43222,C,heldout_natural_source_repeat,heldoutcopy:1:59:25709,1,0.003367876634001732,13,0.016317736357450485,gutenberg,25709,21,0.019685612991452217
D,D_C_43222,chck_90M,43222,C,heldout_natural_source_repeat,heldoutcopy:1:5:25862,1,12.13144688308239,14,0.0158357173204422,gutenberg,25862,22,12.147282600402832
D,D_C_43222,chck_90M,43222,C,heldout_natural_source_repeat,heldoutcopy:1:600:48239,1,0.03499401733279228,8,0.0513588972389698,open_subtitles,48239,11,0.08635291457176208
D,D_C_43222,chck_90M,43222,C,heldout_natural_source_repeat,heldoutcopy:1:601:41088,1,2.9323668777942657,8,0.09896108508110046,open_subtitles,41088,11,3.031327962875366
D,D_C_43222,chck_90M,43222,C,heldout_natural_source_repeat,heldoutcopy:1:602:34708,1,14.572334326803684,28,0.12411399930715561,gutenberg,34708,49,14.69644832611084
D,D_C_43222,chck_90M,43222,C,heldout_natural_source_repeat,heldoutcopy:1:603:53124,1,13.943256039172411,11,0.05703292414546013,simple_wiki,53124,17,14.000288963317871
D,D_C_43222,chck_90M,43222,C,heldout_natural_source_repeat,heldoutcopy:1:604:46029,1,7.231603145599365,12,7.2200798988342285,open_subtitles,46029,19,14.451683044433594
D,D_C_43222,chck_90M,43222,C,heldout_natural_source_repeat,heldoutcopy:1:605:10491,1,0.33425690326839685,8,0.014035447500646114,childes,10491,11,0.34829235076904297
D,D_C_43222,chck_90M,43222,C,heldout_natural_source_repeat,heldoutcopy:1:606:53273,1,0.0405895970761776,17,0.054609302431344986,simple_wiki,53273,27,0.09519889950752258
D,D_C_43222,chck_90M,43222,C,heldout_natural_source_repeat,heldoutcopy:1:607:3998,1,0.004430912435054779,20,0.06943123042583466,bnc_spoken,3998,32,0.07386214286088943
D,D_C_43222,chck_90M,43222,C,heldout_natural_source_repeat,heldoutcopy:1:608:51912,1,2.4316357374191284,11,1.0247989892959595,open_subtitles,51912,18,3.456434726715088
D,D_C_43222,chck_90M,43222,C,heldout_natural_source_repeat,heldoutcopy:1:609:50775,1,4.459080934524536,8,0.3457305431365967,open_subtitles,50775,10,4.804811477661133
D,D_C_43222,chck_90M,43222,C,heldout_natural_source_repeat,heldoutcopy:1:60:14021,1,6.312374830245972,8,2.728715181350708,childes,14021,10,9.04109001159668
D,D_C_43222,chck_90M,43222,C,heldout_natural_source_repeat,heldoutcopy:1:610:28756,1,6.954397685825825,8,0.06618499010801315,gutenberg,28756,10,7.020582675933838
D,D_C_43222,chck_90M,43222,C,heldout_natural_source_repeat,heldoutcopy:1:611:24556,1,7.278486967086792,19,0.3360273838043213,gutenberg,24556,30,7.614514350891113
D,D_C_43222,chck_90M,43222,C,heldout_natural_source_repeat,heldoutcopy:1:612:10798,1,1.1916438415646553,8,0.08607994765043259,childes,10798,10,1.277723789215088
D,D_C_43222,chck_90M,43222,C,heldout_natural_source_repeat,heldoutcopy:1:613:46251,1,10.676867216825485,22,0.059086114168167114,open_subtitles,46251,36,10.735953330993652
D,D_C_43222,chck_90M,43222,C,heldout_natural_source_repeat,heldoutcopy:1:614:6877,1,0.2258378341794014,8,0.044008515775203705,childes,6877,13,0.2698463499546051
D,D_C_43222,chck_90M,43222,C,heldout_natural_source_repeat,heldoutcopy:1:615:10734,1,1.7118519619107246,8,0.06738459318876266,childes,10734,13,1.7792365550994873
D,D_C_43222,chck_90M,43222,C,heldout_natural_source_repeat,heldoutcopy:1:616:60646,1,-1.7822427153587341,8,2.4270946979522705,simple_wiki,60646,11,0.6448519825935364
D,D_C_43222,chck_90M,43222,C,heldout_natural_source_repeat,heldoutcopy:1:617:7553,1,3.108370613306761,11,0.05478661134839058,childes,7553,18,3.1631572246551514
D,D_C_43222,chck_90M,43222,C,heldout_natural_source_repeat,heldoutcopy:1:618:59801,1,3.8708513975143433,8,0.17654144763946533,simple_wiki,59801,13,4.047392845153809
D,D_C_43222,chck_90M,43222,C,heldout_natural_source_repeat,heldoutcopy:1:619:24541,1,5.753875147551298,27,0.03495513275265694,gutenberg,24541,43,5.788830280303955
D,D_C_43222,chck_90M,43222,C,heldout_natural_source_repeat,heldoutcopy:1:61:15069,1,0.5096365585923195,8,0.0017472729086875916,childes,15069,10,0.5113838315010071
D,D_C_43222,chck_90M,43222,C,heldout_natural_source_repeat,heldoutcopy:1:620:42197,1,12.753853313624859,8,0.03692866116762161,open_subtitles,42197,10,12.79078197479248
D,D_C_43222,chck_90M,43222,C,heldout_natural_source_repeat,heldoutcopy:1:621:58634,1,1.2934194914996624,8,0.018491733819246292,simple_wiki,58634,11,1.3119112253189087
D,D_C_43222,chck_90M,43222,C,heldout_natural_source_repeat,heldoutcopy:1:622:47340,1,0.17320324713364244,8,0.007118103560060263,open_subtitles,47340,12,0.1803213506937027
D,D_C_43222,chck_90M,43222,C,heldout_natural_source_repeat,heldoutcopy:1:623:42637,1,2.604493375867605,8,0.05419350042939186,open_subtitles,42637,12,2.658686876296997
D,D_C_43222,chck_90M,43222,C,heldout_natural_source_repeat,heldoutcopy:1:624:7889,1,0.002544635906815529,12,0.02645033970475197,childes,7889,19,0.028994975611567497
D,D_C_43222,chck_90M,43222,C,heldout_natural_source_repeat,heldoutcopy:1:625:15068,1,3.5640536225400865e-05,13,6.758938252460212e-05,childes,15068,21,0.00010322991875000298
D,D_C_43222,chck_90M,43222,C,heldout_natural_source_repeat,heldoutcopy:1:626:46293,1,0.08858225494623184,9,0.0020051151514053345,open_subtitles,46293,15,0.09058737009763718
D,D_C_43222,chck_90M,43222,C,heldout_natural_source_repeat,heldoutcopy:1:627:43161,1,2.5636510848999023,8,2.285893440246582,open_subtitles,43161,11,4.849544525146484
D,D_C_43222,chck_90M,43222,C,heldout_natural_source_repeat,heldoutcopy:1:628:42466,1,0.48113669105805457,8,0.001046586548909545,open_subtitles,42466,10,0.4821832776069641
D,D_C_43222,chck_90M,43222,C,heldout_natural_source_repeat,heldoutcopy:1:629:7055,1,-0.035170167684555054,22,0.4580475687980652,childes,7055,36,0.42287740111351013
D,D_C_43222,chck_90M,43222,C,heldout_natural_source_repeat,heldoutcopy:1:62:34392,1,-0.18960412684828043,13,0.2048339694738388,gutenberg,34392,21,0.015229842625558376
D,D_C_43222,chck_90M,43222,C,heldout_natural_source_repeat,heldoutcopy:1:630:44659,1,3.545908145606518,8,0.02945692092180252,open_subtitles,44659,10,3.5753650665283203
D,D_C_43222,chck_90M,43222,C,heldout_natural_source_repeat,heldoutcopy:1:631:17623,1,3.6580007672309875,8,0.504100501537323,childes,17623,10,4.1621012687683105
D,D_C_43222,chck_90M,43222,C,heldout_natural_source_repeat,heldoutcopy:1:632:12679,1,6.189472123514861,8,0.003598288167268038,childes,12679,12,6.193070411682129
D,D_C_43222,chck_90M,43222,C,heldout_natural_source_repeat,heldoutcopy:1:633:8050,1,1.2403792142868042,11,0.30746304988861084,childes,8050,17,1.547842264175415
D,D_C_43222,chck_90M,43222,C,heldout_natural_source_repeat,heldoutcopy:1:634:4995,1,9.81791664659977,8,0.07374022901058197,childes,4995,13,9.891656875610352
D,D_C_43222,chck_90M,43222,C,heldout_natural_source_repeat,heldoutcopy:1:635:56796,1,0.3752322685904801,8,0.005274902563542128,simple_wiki,56796,11,0.3805071711540222
D,D_C_43222,chck_90M,43222,C,heldout_natural_source_repeat,heldoutcopy:1:636:33569,1,4.989930929616094,19,0.029943643137812614,gutenberg,33569,31,5.019874572753906
D,D_C_43222,chck_90M,43222,C,heldout_natural_source_repeat,heldoutcopy:1:637:41234,1,0.304132986580953,8,0.002065431559458375,open_subtitles,41234,11,0.3061984181404114
D,D_C_43222,chck_90M,43222,C,heldout_natural_source_repeat,heldoutcopy:1:638:13288,1,6.863227531313896,8,0.1851108819246292,childes,13288,12,7.048338413238525
D,D_C_43222,chck_90M,43222,C,heldout_natural_source_repeat,heldoutcopy:1:639:55398,1,6.090571165084839,25,3.8554108142852783,simple_wiki,55398,40,9.945981979370117
D,D_C_43222,chck_90M,43222,C,heldout_natural_source_repeat,heldoutcopy:1:63:5691,1,8.973108034580946,8,0.04611136391758919,childes,5691,10,9.019219398498535
D,D_C_43222,chck_90M,43222,C,heldout_natural_source_repeat,heldoutcopy:1:640:44475,1,9.546674359589815,15,0.056887995451688766,open_subtitles,44475,24,9.603562355041504
D,D_C_43222,chck_90M,43222,C,heldout_natural_source_repeat,heldoutcopy:1:641:3778,1,0.06972790090367198,20,0.004626166541129351,bnc_spoken,3778,33,0.07435406744480133
D,D_C_43222,chck_90M,43222,C,heldout_natural_source_repeat,heldoutcopy:1:642:13892,1,0.0014904731651768088,16,0.0006138585740700364,childes,13892,25,0.0021043317392468452
D,D_C_43222,chck_90M,43222,C,heldout_natural_source_repeat,heldoutcopy:1:643:49115,1,0.20649465452879667,8,0.009817530401051044,open_subtitles,49115,10,0.21631218492984772
D,D_C_43222,chck_90M,43222,C,heldout_natural_source_repeat,heldoutcopy:1:644:11330,1,0.6072955075651407,8,0.02895212732255459,childes,11330,12,0.6362476348876953
D,D_C_43222,chck_90M,43222,C,heldout_natural_source_repeat,heldoutcopy:1:645:48764,1,4.255109012126923,8,0.2906983494758606,open_subtitles,48764,12,4.545807361602783
D,D_C_43222,chck_90M,43222,C,heldout_natural_source_repeat,heldoutcopy:1:646:13972,1,1.0758373821154237,8,0.015067807398736477,childes,13972,10,1.0909051895141602
D,D_C_43222,chck_90M,43222,C,heldout_natural_source_repeat,heldoutcopy:1:647:44204,1,4.893379718065262,8,0.03985068202018738,open_subtitles,44204,11,4.933230400085449
D,D_C_43222,chck_90M,43222,C,heldout_natural_source_repeat,heldoutcopy:1:648:40926,1,7.498871564865112,8,2.8628838062286377,open_subtitles,40926,10,10.36175537109375
D,D_C_43222,chck_90M,43222,C,heldout_natural_source_repeat,heldoutcopy:1:649:56016,1,-0.06885147094726562,10,7.9443769454956055,simple_wiki,56016,16,7.87552547454834
D,D_C_43222,chck_90M,43222,C,heldout_natural_source_repeat,heldoutcopy:1:64:28077,1,12.754349190741777,10,0.040477316826581955,gutenberg,28077,16,12.79482650756836
D,D_C_43222,chck_90M,43222,C,heldout_natural_source_repeat,heldoutcopy:1:650:3003,1,0.002011071890592575,24,0.019465142861008644,bnc_spoken,3003,38,0.02147621475160122
D,D_C_43222,chck_90M,43222,C,heldout_natural_source_repeat,heldoutcopy:1:651:17989,1,2.4156740121543407,8,0.009190279990434647,childes,17989,12,2.4248642921447754
D,D_C_43222,chck_90M,43222,C,heldout_natural_source_repeat,heldoutcopy:1:652:916,1,2.2005545794963837,9,0.01699092984199524,bnc_spoken,916,15,2.217545509338379
D,D_C_43222,chck_90M,43222,C,heldout_natural_source_repeat,heldoutcopy:1:653:47159,1,0.4912128313444555,8,0.003023697528988123,open_subtitles,47159,10,0.4942365288734436
D,D_C_43222,chck_90M,43222,C,heldout_natural_source_repeat,heldoutcopy:1:654:48979,1,2.8757069299463183,22,0.003242950653657317,open_subtitles,48979,36,2.8789498805999756
D,D_C_43222,chck_90M,43222,C,heldout_natural_source_repeat,heldoutcopy:1:655:9527,1,0.16986140341032296,11,0.0014317509485408664,childes,9527,17,0.17129315435886383
D,D_C_43222,chck_90M,43222,C,heldout_natural_source_repeat,heldoutcopy:1:656:8380,1,7.601449489593506,8,3.8948607444763184,childes,8380,13,11.496310234069824
D,D_C_43222,chck_90M,43222,C,heldout_natural_source_repeat,heldoutcopy:1:657:13840,1,1.7606476321816444,8,0.10271670669317245,childes,13840,12,1.863364338874817
D,D_C_43222,chck_90M,43222,C,heldout_natural_source_repeat,heldoutcopy:1:658:3245,1,5.909196339547634,9,0.0540643110871315,bnc_spoken,3245,14,5.963260650634766
D,D_C_43222,chck_90M,43222,C,heldout_natural_source_repeat,heldoutcopy:1:659:31129,1,8.722942993044853,11,0.06862004101276398,gutenberg,31129,18,8.791563034057617
D,D_C_43222,chck_90M,43222,C,heldout_natural_source_repeat,heldoutcopy:1:65:1678,1,4.737763032317162,12,0.16076983511447906,bnc_spoken,1678,19,4.898532867431641
D,D_C_43222,chck_90M,43222,C,heldout_natural_source_repeat,heldoutcopy:1:660:12686,1,0.8541014981456101,14,0.006464521866291761,childes,12686,22,0.8605660200119019
D,D_C_43222,chck_90M,43222,C,heldout_natural_source_repeat,heldoutcopy:1:661:13814,1,5.322025895118713,8,0.7286533117294312,childes,13814,12,6.0506792068481445
D,D_C_43222,chck_90M,43222,C,heldout_natural_source_repeat,heldoutcopy:1:662:8962,1,9.359724313020706,8,0.17671748995780945,childes,8962,10,9.536441802978516
D,D_C_43222,chck_90M,43222,C,heldout_natural_source_repeat,heldoutcopy:1:663:18937,1,16.004225611686707,8,0.3680335283279419,childes,18937,12,16.37225914001465
D,D_C_43222,chck_90M,43222,C,heldout_natural_source_repeat,heldoutcopy:1:664:42345,1,1.5756391547620296,8,0.038969848304986954,open_subtitles,42345,12,1.6146090030670166
D,D_C_43222,chck_90M,43222,C,heldout_natural_source_repeat,heldoutcopy:1:665:29658,1,8.490349221974611,8,0.04882962629199028,gutenberg,29658,12,8.539178848266602
D,D_C_43222,chck_90M,43222,C,heldout_natural_source_repeat,heldoutcopy:1:666:55630,1,0.4842067346908152,22,0.0060334219597280025,simple_wiki,55630,35,0.4902401566505432
D,D_C_43222,chck_90M,43222,C,heldout_natural_source_repeat,heldoutcopy:1:667:55116,1,0.19474506378173828,8,12.132487297058105,simple_wiki,55116,13,12.327232360839844
D,D_C_43222,chck_90M,43222,C,heldout_natural_source_repeat,heldoutcopy:1:668:534,1,0.36298051476478577,18,0.30051425099372864,bnc_spoken,534,29,0.6634947657585144
D,D_C_43222,chck_90M,43222,C,heldout_natural_source_repeat,heldoutcopy:1:669:34343,1,0.9792323652654886,16,0.02046937309205532,gutenberg,34343,26,0.999701738357544
D,D_C_43222,chck_90M,43222,C,heldout_natural_source_repeat,heldoutcopy:1:66:60002,1,4.392580753192306,20,0.02614426054060459,simple_wiki,60002,32,4.41872501373291
D,D_C_43222,chck_90M,43222,C,heldout_natural_source_repeat,heldoutcopy:1:670:29125,1,1.0157878398895264,9,1.9382083415985107,gutenberg,29125,15,2.953996181488037
D,D_C_43222,chck_90M,43222,C,heldout_natural_source_repeat,heldoutcopy:1:671:14760,1,7.905792593955994,12,0.1283184289932251,childes,14760,19,8.034111022949219
D,D_C_43222,chck_90M,43222,C,heldout_natural_source_repeat,heldoutcopy:1:672:37703,1,9.890956833958626,17,0.12201790511608124,gutenberg,37703,27,10.012974739074707
D,D_C_43222,chck_90M,43222,C,heldout_natural_source_repeat,heldoutcopy:1:673:57411,1,0.1175236664712429,16,0.037870753556489944,simple_wiki,57411,25,0.15539442002773285
D,D_C_43222,chck_90M,43222,C,heldout_natural_source_repeat,heldoutcopy:1:674:23569,1,12.356661781668663,8,0.16103555262088776,gutenberg,23569,13,12.51769733428955
D,D_C_43222,chck_90M,43222,C,heldout_natural_source_repeat,heldoutcopy:1:675:41624,1,0.9453419744968414,9,0.21656295657157898,open_subtitles,41624,15,1.1619049310684204
D,D_C_43222,chck_90M,43222,C,heldout_natural_source_repeat,heldoutcopy:1:676:59011,1,6.99888230022043,28,0.013262742199003696,simple_wiki,59011,49,7.012145042419434
D,D_C_43222,chck_90M,43222,C,heldout_natural_source_repeat,heldoutcopy:1:677:3622,1,0.9548793323338032,9,0.06038303300738335,bnc_spoken,3622,15,1.0152623653411865
D,D_C_43222,chck_90M,43222,C,heldout_natural_source_repeat,heldoutcopy:1:678:45344,1,2.6455491930246353,10,0.021790608763694763,open_subtitles,45344,16,2.66733980178833
D,D_C_43222,chck_90M,43222,C,heldout_natural_source_repeat,heldoutcopy:1:679:33713,1,2.18759919796139,8,0.006399377249181271,gutenberg,33713,12,2.1939985752105713
D,D_C_43222,chck_90M,43222,C,heldout_natural_source_repeat,heldoutcopy:1:67:15751,1,3.863991916179657,8,0.1364009976387024,childes,15751,10,4.000392913818359
D,D_C_43222,chck_90M,43222,C,heldout_natural_source_repeat,heldoutcopy:1:680:53171,1,0.0031476450385525823,19,0.0003796095261350274,simple_wiki,53171,31,0.0035272545646876097
D,D_C_43222,chck_90M,43222,C,heldout_natural_source_repeat,heldoutcopy:1:681:521,1,0.4457893371582031,11,8.346394538879395,bnc_spoken,521,17,8.792183876037598
D,D_C_43222,chck_90M,43222,C,heldout_natural_source_repeat,heldoutcopy:1:682:26735,1,2.002331966534257,12,0.010510211810469627,gutenberg,26735,20,2.0128421783447266
D,D_C_43222,chck_90M,43222,C,heldout_natural_source_repeat,heldoutcopy:1:683:15635,1,-1.6548754554241896,8,1.6752352714538574,childes,15635,12,0.020359816029667854
D,D_C_43222,chck_90M,43222,C,heldout_natural_source_repeat,heldoutcopy:1:684:37763,1,5.456876227632165,8,0.02404027245938778,gutenberg,37763,13,5.480916500091553
D,D_C_43222,chck_90M,43222,C,heldout_natural_source_repeat,heldoutcopy:1:685:53683,1,-0.02782374620437622,9,0.23909075558185577,simple_wiki,53683,15,0.21126700937747955
D,D_C_43222,chck_90M,43222,C,heldout_natural_source_repeat,heldoutcopy:1:686:32341,1,1.35416604205966,19,0.03070472553372383,gutenberg,32341,30,1.3848707675933838
D,D_C_43222,chck_90M,43222,C,heldout_natural_source_repeat,heldoutcopy:1:687:21483,1,5.37978059053421,10,0.8183175921440125,childes,21483,16,6.198098182678223
D,D_C_43222,chck_90M,43222,C,heldout_natural_source_repeat,heldoutcopy:1:688:44893,1,3.7700594924390316,9,0.04871711507439613,open_subtitles,44893,15,3.8187766075134277
D,D_C_43222,chck_90M,43222,C,heldout_natural_source_repeat,heldoutcopy:1:689:7393,1,3.164799563586712,11,0.09376872330904007,childes,7393,17,3.258568286895752
D,D_C_43222,chck_90M,43222,C,heldout_natural_source_repeat,heldoutcopy:1:68:43270,1,8.57737122476101,8,0.1733192354440689,open_subtitles,43270,10,8.750690460205078
D,D_C_43222,chck_90M,43222,C,heldout_natural_source_repeat,heldoutcopy:1:690:41383,1,6.372588187456131,9,0.31865546107292175,open_subtitles,41383,15,6.691243648529053
D,D_C_43222,chck_90M,43222,C,heldout_natural_source_repeat,heldoutcopy:1:691:49476,1,4.1818108558654785,10,4.344581127166748,open_subtitles,49476,16,8.526391983032227
D,D_C_43222,chck_90M,43222,C,heldout_natural_source_repeat,heldoutcopy:1:692:20524,1,2.244124624878168,11,0.037671592086553574,childes,20524,17,2.2817962169647217
D,D_C_43222,chck_90M,43222,C,heldout_natural_source_repeat,heldoutcopy:1:693:30116,1,-0.002604277804493904,25,0.02028832770884037,gutenberg,30116,41,0.017684049904346466
D,D_C_43222,chck_90M,43222,C,heldout_natural_source_repeat,heldoutcopy:1:694:1497,1,0.2319660186767578,8,7.883258819580078,bnc_spoken,1497,13,8.115224838256836
D,D_C_43222,chck_90M,43222,C,heldout_natural_source_repeat,heldoutcopy:1:695:29018,1,0.006263053510338068,14,0.005408772733062506,gutenberg,29018,22,0.011671826243400574
D,D_C_43222,chck_90M,43222,C,heldout_natural_source_repeat,heldoutcopy:1:696:44334,1,0.00043068360537290573,8,0.0012129339156672359,open_subtitles,44334,11,0.0016436175210401416
D,D_C_43222,chck_90M,43222,C,heldout_natural_source_repeat,heldoutcopy:1:697:11860,1,1.1156913042068481,8,0.11170303821563721,childes,11860,13,1.2273943424224854
D,D_C_43222,chck_90M,43222,C,heldout_natural_source_repeat,heldoutcopy:1:698:16844,1,0.0025028189411386847,8,0.0005011494504287839,childes,16844,10,0.0030039683915674686
D,D_C_43222,chck_90M,43222,C,heldout_natural_source_repeat,heldoutcopy:1:699:18120,1,7.5809082090854645,14,0.13746175169944763,childes,18120,22,7.718369960784912
D,D_C_43222,chck_90M,43222,C,heldout_natural_source_repeat,heldoutcopy:1:69:7032,1,6.98957172781229,8,0.04546626657247543,childes,7032,10,7.035037994384766
D,D_C_43222,chck_90M,43222,C,heldout_natural_source_repeat,heldoutcopy:1:6:12973,1,-1.62259466573596,10,1.6374610662460327,childes,12973,16,0.014866400510072708
D,D_C_43222,chck_90M,43222,C,heldout_natural_source_repeat,heldoutcopy:1:700:29068,1,7.111877501010895,16,0.2454041838645935,gutenberg,29068,25,7.357281684875488
D,D_C_43222,chck_90M,43222,C,heldout_natural_source_repeat,heldoutcopy:1:701:60740,1,0.0010697081161197275,8,0.00020454221521504223,simple_wiki,60740,10,0.0012742503313347697
D,D_C_43222,chck_90M,43222,C,heldout_natural_source_repeat,heldoutcopy:1:702:7225,1,4.168283030390739,8,0.20013566315174103,childes,7225,10,4.3684186935424805
D,D_C_43222,chck_90M,43222,C,heldout_natural_source_repeat,heldoutcopy:1:703:862,1,7.09919048845768,13,0.07381032407283783,bnc_spoken,862,21,7.173000812530518
D,D_C_43222,chck_90M,43222,C,heldout_natural_source_repeat,heldoutcopy:1:704:964,1,0.01703217253088951,14,0.0013044904917478561,bnc_spoken,964,23,0.018336663022637367
D,D_C_43222,chck_90M,43222,C,heldout_natural_source_repeat,heldoutcopy:1:705:59023,1,6.538650661706924,8,0.3894375264644623,simple_wiki,59023,11,6.928088188171387
D,D_C_43222,chck_90M,43222,C,heldout_natural_source_repeat,heldoutcopy:1:706:2827,1,11.37039053440094,11,1.0515884160995483,bnc_spoken,2827,18,12.421978950500488
D,D_C_43222,chck_90M,43222,C,heldout_natural_source_repeat,heldoutcopy:1:707:11769,1,1.7637084713205695,8,0.006131173111498356,childes,11769,12,1.7698396444320679
D,D_C_43222,chck_90M,43222,C,heldout_natural_source_repeat,heldoutcopy:1:708:13248,1,0.002431341323244851,8,7.915183232398704e-05,childes,13248,10,0.002510493155568838
D,D_C_43222,chck_90M,43222,C,heldout_natural_source_repeat,heldoutcopy:1:709:21847,1,0.6067866706289351,11,0.005140421446412802,childes,21847,17,0.6119270920753479
D,D_C_43222,chck_90M,43222,C,heldout_natural_source_repeat,heldoutcopy:1:70:43417,1,5.919537544250488,9,4.73708438873291,open_subtitles,43417,15,10.656621932983398
D,D_C_43222,chck_90M,43222,C,heldout_natural_source_repeat,heldoutcopy:1:710:27199,1,9.22718334197998,20,1.0927057266235352,gutenberg,27199,33,10.319889068603516
D,D_C_43222,chck_90M,43222,C,heldout_natural_source_repeat,heldoutcopy:1:711:38023,1,4.401178032159805,11,0.2208617627620697,gutenberg,38023,18,4.622039794921875
D,D_C_43222,chck_90M,43222,C,heldout_natural_source_repeat,heldoutcopy:1:712:22519,1,0.6871724128723145,12,4.047393321990967,childes,22519,20,4.734565734863281
D,D_C_43222,chck_90M,43222,C,heldout_natural_source_repeat,heldoutcopy:1:713:4078,1,3.1998250521719456,16,0.047022100538015366,bnc_spoken,4078,25,3.246847152709961
D,D_C_43222,chck_90M,43222,C,heldout_natural_source_repeat,heldoutcopy:1:714:21424,1,0.002359282225370407,12,0.01101885735988617,childes,21424,19,0.013378139585256577
D,D_C_43222,chck_90M,43222,C,heldout_natural_source_repeat,heldoutcopy:1:715:14208,1,12.301581669598818,16,0.03598947450518608,childes,14208,26,12.337571144104004
D,D_C_43222,chck_90M,43222,C,heldout_natural_source_repeat,heldoutcopy:1:716:13884,1,6.639578580856323,12,0.07389092445373535,childes,13884,20,6.713469505310059
D,D_C_43222,chck_90M,43222,C,heldout_natural_source_repeat,heldoutcopy:1:717:43163,1,11.18641433864832,8,0.02397765964269638,open_subtitles,43163,10,11.210391998291016
D,D_C_43222,chck_90M,43222,C,heldout_natural_source_repeat,heldoutcopy:1:718:33362,1,7.461912363767624,9,0.1850612461566925,gutenberg,33362,15,7.646973609924316
D,D_C_43222,chck_90M,43222,C,heldout_natural_source_repeat,heldoutcopy:1:719:54333,1,7.631346179172397,15,0.010243462398648262,simple_wiki,54333,24,7.641589641571045
D,D_C_43222,chck_90M,43222,C,heldout_natural_source_repeat,heldoutcopy:1:71:10326,1,-0.0005570459179580212,8,0.004797258414328098,childes,10326,12,0.004240212496370077
D,D_C_43222,chck_90M,43222,C,heldout_natural_source_repeat,heldoutcopy:1:720:6070,1,1.298292636871338,9,0.775184154510498,childes,6070,14,2.073476791381836
D,D_C_43222,chck_90M,43222,C,heldout_natural_source_repeat,heldoutcopy:1:721:11990,1,0.00021202024072408676,9,0.005750066600739956,childes,11990,14,0.005962086841464043
D,D_C_43222,chck_90M,43222,C,heldout_natural_source_repeat,heldoutcopy:1:722:43552,1,11.3376484811306,8,0.44101038575172424,open_subtitles,43552,10,11.778658866882324
D,D_C_43222,chck_90M,43222,C,heldout_natural_source_repeat,heldoutcopy:1:723:22822,1,0.2683813273906708,22,0.265512079000473,gutenberg,22822,35,0.5338934063911438
D,D_C_43222,chck_90M,43222,C,heldout_natural_source_repeat,heldoutcopy:1:724:5886,1,0.32773193903267384,8,0.02841058187186718,childes,5886,11,0.356142520904541
D,D_C_43222,chck_90M,43222,C,heldout_natural_source_repeat,heldoutcopy:1:725:27447,1,0.00027470686472952366,9,0.0027188025414943695,gutenberg,27447,15,0.002993509406223893
D,D_C_43222,chck_90M,43222,C,heldout_natural_source_repeat,heldoutcopy:1:726:23826,1,0.4434995651245117,8,12.877212524414062,gutenberg,23826,13,13.320712089538574
D,D_C_43222,chck_90M,43222,C,heldout_natural_source_repeat,heldoutcopy:1:727:13469,1,0.09674117452232167,8,0.0009504806366749108,childes,13469,10,0.09769165515899658
D,D_C_43222,chck_90M,43222,C,heldout_natural_source_repeat,heldoutcopy:1:728:23830,1,0.6570437252521515,15,0.023098915815353394,gutenberg,23830,24,0.6801426410675049
D,D_C_43222,chck_90M,43222,C,heldout_natural_source_repeat,heldoutcopy:1:729:21643,1,0.5273589733988047,9,0.007558083161711693,childes,21643,14,0.5349170565605164
D,D_C_43222,chck_90M,43222,C,heldout_natural_source_repeat,heldoutcopy:1:72:8165,1,0.990831945091486,8,0.02745964750647545,childes,8165,13,1.0182915925979614
D,D_C_43222,chck_90M,43222,C,heldout_natural_source_repeat,heldoutcopy:1:730:55880,1,16.47060365229845,21,0.028227142989635468,simple_wiki,55880,34,16.498830795288086
D,D_C_43222,chck_90M,43222,C,heldout_natural_source_repeat,heldoutcopy:1:731:49440,1,4.302352428436279,8,2.0306315422058105,open_subtitles,49440,11,6.33298397064209
D,D_C_43222,chck_90M,43222,C,heldout_natural_source_repeat,heldoutcopy:1:732:37350,1,2.6411848068237305,25,0.9501144886016846,gutenberg,37350,40,3.591299295425415
D,D_C_43222,chck_90M,43222,C,heldout_natural_source_repeat,heldoutcopy:1:733:18392,1,0.7111008986830711,8,0.04905370622873306,childes,18392,11,0.7601546049118042
D,D_C_43222,chck_90M,43222,C,heldout_natural_source_repeat,heldoutcopy:1:734:13216,1,2.389866653829813,8,0.05518501624464989,childes,13216,12,2.445051670074463
D,D_C_43222,chck_90M,43222,C,heldout_natural_source_repeat,heldoutcopy:1:735:57250,1,6.11285974085331,13,0.19189737737178802,simple_wiki,57250,21,6.304757118225098
D,D_C_43222,chck_90M,43222,C,heldout_natural_source_repeat,heldoutcopy:1:736:56581,1,13.751975312829018,20,0.02916310727596283,simple_wiki,56581,33,13.78113842010498
D,D_C_43222,chck_90M,43222,C,heldout_natural_source_repeat,heldoutcopy:1:737:38621,1,18.77175249159336,17,0.15080152451992035,open_subtitles,38621,27,18.92255401611328
D,D_C_43222,chck_90M,43222,C,heldout_natural_source_repeat,heldoutcopy:1:738:5588,1,4.200232442468405,8,0.025824610143899918,childes,5588,10,4.226057052612305
D,D_C_43222,chck_90M,43222,C,heldout_natural_source_repeat,heldoutcopy:1:739:13497,1,3.2474963665008545,8,3.5326220989227295,childes,13497,10,6.780118465423584
D,D_C_43222,chck_90M,43222,C,heldout_natural_source_repeat,heldoutcopy:1:73:3176,1,0.3626892566680908,11,3.3675994873046875,bnc_spoken,3176,17,3.7302887439727783
D,D_C_43222,chck_90M,43222,C,heldout_natural_source_repeat,heldoutcopy:1:740:32070,1,1.9801682974211872,8,0.002565071452409029,gutenberg,32070,11,1.9827333688735962
D,D_C_43222,chck_90M,43222,C,heldout_natural_source_repeat,heldoutcopy:1:741:22608,1,0.3075265884399414,15,1.9374580383300781,gutenberg,22608,24,2.2449846267700195
D,D_C_43222,chck_90M,43222,C,heldout_natural_source_repeat,heldoutcopy:1:742:5833,1,0.001167193055152893,22,0.0383654423058033,childes,5833,36,0.03953263536095619
D,D_C_43222,chck_90M,43222,C,heldout_natural_source_repeat,heldoutcopy:1:743:40408,1,5.385276108980179,10,0.4359404742717743,open_subtitles,40408,16,5.821216583251953
D,D_C_43222,chck_90M,43222,C,heldout_natural_source_repeat,heldoutcopy:1:744:15281,1,0.8802473722025752,8,0.013011199422180653,childes,15281,10,0.8932585716247559
D,D_C_43222,chck_90M,43222,C,heldout_natural_source_repeat,heldoutcopy:1:745:17775,1,0.9252251964062452,9,0.0236246008425951,childes,17775,15,0.9488497972488403
D,D_C_43222,chck_90M,43222,C,heldout_natural_source_repeat,heldoutcopy:1:746:18202,1,0.6424682773649693,12,0.029636200517416,childes,18202,19,0.6721044778823853
D,D_C_43222,chck_90M,43222,C,heldout_natural_source_repeat,heldoutcopy:1:747:34629,1,0.2808084189891815,8,0.03316211700439453,gutenberg,34629,10,0.31397053599357605
D,D_C_43222,chck_90M,43222,C,heldout_natural_source_repeat,heldoutcopy:1:748:52023,1,1.2331433668732643,8,0.08316846936941147,open_subtitles,52023,10,1.3163118362426758
D,D_C_43222,chck_90M,43222,C,heldout_natural_source_repeat,heldoutcopy:1:749:7970,1,3.5077296048402786,8,0.07712475955486298,childes,7970,12,3.5848543643951416
D,D_C_43222,chck_90M,43222,C,heldout_natural_source_repeat,heldoutcopy:1:74:14015,1,1.7843486070632935,9,0.6820794343948364,childes,14015,14,2.46642804145813
D,D_C_43222,chck_90M,43222,C,heldout_natural_source_repeat,heldoutcopy:1:750:21812,1,0.003992305137217045,9,0.013179098255932331,childes,21812,14,0.017171403393149376
D,D_C_43222,chck_90M,43222,C,heldout_natural_source_repeat,heldoutcopy:1:751:39050,1,3.9829957485198975,8,2.4268481731414795,open_subtitles,39050,12,6.409843921661377
D,D_C_43222,chck_90M,43222,C,heldout_natural_source_repeat,heldoutcopy:1:752:33420,1,10.128572238143533,14,0.006635891739279032,gutenberg,33420,23,10.135208129882812
D,D_C_43222,chck_90M,43222,C,heldout_natural_source_repeat,heldoutcopy:1:753:51497,1,-1.3040847778320312,13,4.322082042694092,open_subtitles,51497,21,3.0179972648620605
D,D_C_43222,chck_90M,43222,C,heldout_natural_source_repeat,heldoutcopy:1:754:42722,1,5.061400830745697,8,0.7035718560218811,open_subtitles,42722,10,5.764972686767578
D,D_C_43222,chck_90M,43222,C,heldout_natural_source_repeat,heldoutcopy:1:755:53258,1,-5.6023491197265685e-06,9,8.976056415122002e-05,simple_wiki,53258,14,8.415821503149346e-05
D,D_C_43222,chck_90M,43222,C,heldout_natural_source_repeat,heldoutcopy:1:756:24965,1,11.540783921256661,26,0.030644377693533897,gutenberg,24965,42,11.571428298950195
D,D_C_43222,chck_90M,43222,C,heldout_natural_source_repeat,heldoutcopy:1:757:57497,1,9.352396212983876,9,0.005062855314463377,simple_wiki,57497,15,9.35745906829834
D,D_C_43222,chck_90M,43222,C,heldout_natural_source_repeat,heldoutcopy:1:758:15653,1,0.3331781094893813,8,0.014846199192106724,childes,15653,11,0.34802430868148804
D,D_C_43222,chck_90M,43222,C,heldout_natural_source_repeat,heldoutcopy:1:759:37836,1,0.47655442357063293,8,0.021422892808914185,gutenberg,37836,10,0.4979773163795471
D,D_C_43222,chck_90M,43222,C,heldout_natural_source_repeat,heldoutcopy:1:75:9557,1,0.24999807588756084,9,0.017998116090893745,childes,9557,14,0.2679961919784546
D,D_C_43222,chck_90M,43222,C,heldout_natural_source_repeat,heldoutcopy:1:760:43742,1,0.0001296530244871974,9,0.001214005402289331,open_subtitles,43742,15,0.0013436584267765284
D,D_C_43222,chck_90M,43222,C,heldout_natural_source_repeat,heldoutcopy:1:761:40555,1,0.06586577370762825,8,0.003458235412836075,open_subtitles,40555,11,0.06932400912046432
D,D_C_43222,chck_90M,43222,C,heldout_natural_source_repeat,heldoutcopy:1:762:2316,1,4.426983326673508,8,0.22833207249641418,bnc_spoken,2316,10,4.655315399169922
D,D_C_43222,chck_90M,43222,C,heldout_natural_source_repeat,heldoutcopy:1:763:31284,1,0.8187823304906487,14,0.013320266269147396,gutenberg,31284,23,0.8321025967597961
D,D_C_43222,chck_90M,43222,C,heldout_natural_source_repeat,heldoutcopy:1:764:20937,1,5.621694475412369,8,0.1304665505886078,childes,20937,10,5.752161026000977
D,D_C_43222,chck_90M,43222,C,heldout_natural_source_repeat,heldoutcopy:1:765:59305,1,6.573301047086716,8,0.3902757465839386,simple_wiki,59305,11,6.963576793670654
D,D_C_43222,chck_90M,43222,C,heldout_natural_source_repeat,heldoutcopy:1:766:52346,1,1.4941782876849174,8,0.007861979305744171,open_subtitles,52346,13,1.5020402669906616
D,D_C_43222,chck_90M,43222,C,heldout_natural_source_repeat,heldoutcopy:1:767:25201,1,5.316637452691793,24,0.06227356567978859,gutenberg,25201,39,5.378911018371582
D,D_C_43222,chck_90M,43222,C,heldout_natural_source_repeat,heldoutcopy:1:768:2028,1,0.8412013500928879,12,0.08590449392795563,bnc_spoken,2028,20,0.9271058440208435
D,D_C_43222,chck_90M,43222,C,heldout_natural_source_repeat,heldoutcopy:1:769:27172,1,2.272804841399193,22,0.053410425782203674,gutenberg,27172,36,2.3262152671813965
D,D_C_43222,chck_90M,43222,C,heldout_natural_source_repeat,heldoutcopy:1:76:24856,1,2.840119209140539,16,0.05027357116341591,gutenberg,24856,25,2.890392780303955
D,D_C_43222,chck_90M,43222,C,heldout_natural_source_repeat,heldoutcopy:1:770:14772,1,0.5442460323683918,8,0.0034720157273113728,childes,14772,12,0.5477180480957031
D,D_C_43222,chck_90M,43222,C,heldout_natural_source_repeat,heldoutcopy:1:771:31988,1,6.283829689025879,10,3.6880979537963867,gutenberg,31988,16,9.971927642822266
D,D_C_43222,chck_90M,43222,C,heldout_natural_source_repeat,heldoutcopy:1:772:4282,1,11.473623426631093,22,0.016784517094492912,bnc_spoken,4282,36,11.490407943725586
D,D_C_43222,chck_90M,43222,C,heldout_natural_source_repeat,heldoutcopy:1:773:55763,1,0.17476769164204597,11,0.044778238981962204,simple_wiki,55763,17,0.21954593062400818
D,D_C_43222,chck_90M,43222,C,heldout_natural_source_repeat,heldoutcopy:1:774:17,1,2.876915007829666,10,0.05147168040275574,bnc_spoken,17,16,2.928386688232422
D,D_C_43222,chck_90M,43222,C,heldout_natural_source_repeat,heldoutcopy:1:775:2498,1,2.857413560152054,12,0.1290867030620575,bnc_spoken,2498,19,2.9865002632141113
D,D_C_43222,chck_90M,43222,C,heldout_natural_source_repeat,heldoutcopy:1:776:49123,1,1.7442920058965683,9,0.14778591692447662,open_subtitles,49123,14,1.892077922821045
D,D_C_43222,chck_90M,43222,C,heldout_natural_source_repeat,heldoutcopy:1:777:12708,1,3.128174304962158,8,0.2082529067993164,childes,12708,12,3.3364272117614746
D,D_C_43222,chck_90M,43222,C,heldout_natural_source_repeat,heldoutcopy:1:778:62001,1,3.354676604270935,9,0.009565472602844238,simple_wiki,62001,14,3.3642420768737793
D,D_C_43222,chck_90M,43222,C,heldout_natural_source_repeat,heldoutcopy:1:779:4611,1,4.793832626193762,25,0.03410211578011513,bnc_spoken,4611,40,4.827934741973877
D,D_C_43222,chck_90M,43222,C,heldout_natural_source_repeat,heldoutcopy:1:77:14445,1,-1.8160042762756348,8,4.947857856750488,childes,14445,10,3.1318535804748535
D,D_C_43222,chck_90M,43222,C,heldout_natural_source_repeat,heldoutcopy:1:780:57811,1,6.255441464483738,9,0.01184006780385971,simple_wiki,57811,14,6.267281532287598
D,D_C_43222,chck_90M,43222,C,heldout_natural_source_repeat,heldoutcopy:1:781:40078,1,2.312305487692356,8,0.040014706552028656,open_subtitles,40078,13,2.3523201942443848
D,D_C_43222,chck_90M,43222,C,heldout_natural_source_repeat,heldoutcopy:1:782:8317,1,0.8551698699593544,10,0.06295403093099594,childes,8317,16,0.9181239008903503
D,D_C_43222,chck_90M,43222,C,heldout_natural_source_repeat,heldoutcopy:1:783:41601,1,2.1790289729833603,8,0.11342383921146393,open_subtitles,41601,10,2.292452812194824
D,D_C_43222,chck_90M,43222,C,heldout_natural_source_repeat,heldoutcopy:1:784:16162,1,11.499145686626434,12,0.5223997235298157,childes,16162,20,12.02154541015625
D,D_C_43222,chck_90M,43222,C,heldout_natural_source_repeat,heldoutcopy:1:785:20577,1,2.4781783623620868,8,0.005537171848118305,childes,20577,10,2.483715534210205
D,D_C_43222,chck_90M,43222,C,heldout_natural_source_repeat,heldoutcopy:1:786:2169,1,0.7910261447541416,8,0.0035608713515102863,bnc_spoken,2169,10,0.7945870161056519
D,D_C_43222,chck_90M,43222,C,heldout_natural_source_repeat,heldoutcopy:1:787:16900,1,6.50385258346796,8,0.07035853713750839,childes,16900,10,6.574211120605469
D,D_C_43222,chck_90M,43222,C,heldout_natural_source_repeat,heldoutcopy:1:788:62443,1,0.5100062545388937,11,0.017493361607193947,switchboard,62443,17,0.5274996161460876
D,D_C_43222,chck_90M,43222,C,heldout_natural_source_repeat,heldoutcopy:1:789:52856,1,2.246634542942047,11,0.02620023488998413,simple_wiki,52856,18,2.2728347778320312
D,D_C_43222,chck_90M,43222,C,heldout_natural_source_repeat,heldoutcopy:1:78:58172,1,8.227022022008896,21,0.22984710335731506,simple_wiki,58172,34,8.456869125366211
D,D_C_43222,chck_90M,43222,C,heldout_natural_source_repeat,heldoutcopy:1:790:30506,1,6.148200064897537,17,0.2510966956615448,gutenberg,30506,28,6.399296760559082
D,D_C_43222,chck_90M,43222,C,heldout_natural_source_repeat,heldoutcopy:1:791:1106,1,5.692497730255127,9,2.421901226043701,bnc_spoken,1106,14,8.114398956298828
D,D_C_43222,chck_90M,43222,C,heldout_natural_source_repeat,heldoutcopy:1:792:60913,1,2.024706918746233e-05,15,0.0009017692063935101,simple_wiki,60913,24,0.0009220162755809724
D,D_C_43222,chck_90M,43222,C,heldout_natural_source_repeat,heldoutcopy:1:793:6524,1,11.964033082127571,22,0.2339039295911789,childes,6524,36,12.19793701171875
D,D_C_43222,chck_90M,43222,C,heldout_natural_source_repeat,heldoutcopy:1:794:20010,1,0.002389875917288009,8,6.437094270950183e-05,childes,20010,10,0.002454246859997511
D,D_C_43222,chck_90M,43222,C,heldout_natural_source_repeat,heldoutcopy:1:795:59034,1,6.079721920192242,25,0.01357937604188919,simple_wiki,59034,40,6.093301296234131
D,D_C_43222,chck_90M,43222,C,heldout_natural_source_repeat,heldoutcopy:1:796:9547,1,2.234490867704153,9,0.060704950243234634,childes,9547,15,2.2951958179473877
D,D_C_43222,chck_90M,43222,C,heldout_natural_source_repeat,heldoutcopy:1:797:23384,1,3.263398140668869,10,0.043035537004470825,gutenberg,23384,16,3.30643367767334
D,D_C_43222,chck_90M,43222,C,heldout_natural_source_repeat,heldoutcopy:1:798:55884,1,0.05336318165063858,14,0.10749942809343338,simple_wiki,55884,23,0.16086260974407196
D,D_C_43222,chck_90M,43222,C,heldout_natural_source_repeat,heldoutcopy:1:799:62199,1,0.5354667087085545,12,0.002642593812197447,simple_wiki,62199,19,0.538109302520752
D,D_C_43222,chck_90M,43222,C,heldout_natural_source_repeat,heldoutcopy:1:79:53393,1,0.016683904454112053,25,0.020834872499108315,simple_wiki,53393,40,0.03751877695322037
D,D_C_43222,chck_90M,43222,C,heldout_natural_source_repeat,heldoutcopy:1:7:4568,1,0.13569851219654083,11,0.17683736979961395,bnc_spoken,4568,18,0.3125358819961548
D,D_C_43222,chck_90M,43222,C,heldout_natural_source_repeat,heldoutcopy:1:800:21595,1,3.1827814382268116e-05,8,1.7523612768854946e-05,childes,21595,11,4.935142715112306e-05
D,D_C_43222,chck_90M,43222,C,heldout_natural_source_repeat,heldoutcopy:1:801:621,1,2.7750425338745117,8,9.290350914001465,bnc_spoken,621,10,12.065393447875977
D,D_C_43222,chck_90M,43222,C,heldout_natural_source_repeat,heldoutcopy:1:802:10391,1,10.640079274773598,8,0.14641021192073822,childes,10391,11,10.786489486694336
D,D_C_43222,chck_90M,43222,C,heldout_natural_source_repeat,heldoutcopy:1:803:26089,1,0.03682917356491089,28,0.6355471014976501,gutenberg,26089,54,0.672376275062561
D,D_C_43222,chck_90M,43222,C,heldout_natural_source_repeat,heldoutcopy:1:804:5745,1,6.893921911716461,8,0.2036699652671814,childes,5745,10,7.097591876983643
D,D_C_43222,chck_90M,43222,C,heldout_natural_source_repeat,heldoutcopy:1:805:22598,1,7.023979961872101,17,0.08248823881149292,gutenberg,22598,27,7.106468200683594
D,D_C_43222,chck_90M,43222,C,heldout_natural_source_repeat,heldoutcopy:1:806:48065,1,1.2792625725269318,8,0.11169824004173279,open_subtitles,48065,11,1.3909608125686646
D,D_C_43222,chck_90M,43222,C,heldout_natural_source_repeat,heldoutcopy:1:807:22919,1,4.344106733798981,17,0.13397163152694702,gutenberg,22919,28,4.478078365325928
D,D_C_43222,chck_90M,43222,C,heldout_natural_source_repeat,heldoutcopy:1:808:45385,1,12.072704931721091,8,0.019414285197854042,open_subtitles,45385,10,12.092119216918945
D,D_C_43222,chck_90M,43222,C,heldout_natural_source_repeat,heldoutcopy:1:809:47930,1,10.434355169534683,25,0.06669196486473083,open_subtitles,47930,40,10.501047134399414
D,D_C_43222,chck_90M,43222,C,heldout_natural_source_repeat,heldoutcopy:1:80:42785,1,2.575076162815094,9,0.4523925185203552,open_subtitles,42785,14,3.027468681335449
D,D_C_43222,chck_90M,43222,C,heldout_natural_source_repeat,heldoutcopy:1:810:61418,1,3.7557270750403404,22,0.0745227113366127,simple_wiki,61418,36,3.830249786376953
D,D_C_43222,chck_90M,43222,C,heldout_natural_source_repeat,heldoutcopy:1:811:22029,1,2.359987039119005,9,0.04476068541407585,childes,22029,14,2.404747724533081
D,D_C_43222,chck_90M,43222,C,heldout_natural_source_repeat,heldoutcopy:1:812:43182,1,4.280334785580635,8,0.10352198779582977,open_subtitles,43182,10,4.383856773376465
D,D_C_43222,chck_90M,43222,C,heldout_natural_source_repeat,heldoutcopy:1:813:1021,1,8.42438018321991,8,1.0152407884597778,bnc_spoken,1021,10,9.439620971679688
D,D_C_43222,chck_90M,43222,C,heldout_natural_source_repeat,heldoutcopy:1:814:16667,1,1.8183491230010986,14,1.0265436172485352,childes,16667,23,2.844892740249634
D,D_C_43222,chck_90M,43222,C,heldout_natural_source_repeat,heldoutcopy:1:815:14860,1,1.8954702392220497,8,0.09281029552221298,childes,14860,13,1.9882805347442627
D,D_C_43222,chck_90M,43222,C,heldout_natural_source_repeat,heldoutcopy:1:816:20633,1,13.959594268351793,11,0.022000771015882492,childes,20633,17,13.981595039367676
D,D_C_43222,chck_90M,43222,C,heldout_natural_source_repeat,heldoutcopy:1:817:39302,1,7.518350537866354,8,0.056093279272317886,open_subtitles,39302,10,7.574443817138672
D,D_C_43222,chck_90M,43222,C,heldout_natural_source_repeat,heldoutcopy:1:818:3416,1,1.8904916942119598,8,0.14087989926338196,bnc_spoken,3416,12,2.031371593475342
D,D_C_43222,chck_90M,43222,C,heldout_natural_source_repeat,heldoutcopy:1:819:7608,1,5.383104860782623,8,0.06903690099716187,childes,7608,10,5.452141761779785
D,D_C_43222,chck_90M,43222,C,heldout_natural_source_repeat,heldoutcopy:1:81:56464,1,11.487079663202167,15,0.028142886236310005,simple_wiki,56464,24,11.515222549438477
D,D_C_43222,chck_90M,43222,C,heldout_natural_source_repeat,heldoutcopy:1:820:48514,1,8.310757502913475,8,0.09037317335605621,open_subtitles,48514,12,8.401130676269531
D,D_C_43222,chck_90M,43222,C,heldout_natural_source_repeat,heldoutcopy:1:821:39708,1,1.9062343947589397,8,0.05436896160244942,open_subtitles,39708,13,1.9606033563613892
D,D_C_43222,chck_90M,43222,C,heldout_natural_source_repeat,heldoutcopy:1:822:42196,1,8.806099995970726,8,0.03791321814060211,open_subtitles,42196,10,8.844013214111328
D,D_C_43222,chck_90M,43222,C,heldout_natural_source_repeat,heldoutcopy:1:823:2438,1,5.85837034881115,8,0.02320142090320587,bnc_spoken,2438,10,5.8815717697143555
D,D_C_43222,chck_90M,43222,C,heldout_natural_source_repeat,heldoutcopy:1:824:39037,1,6.382662013173103,8,0.18421821296215057,open_subtitles,39037,10,6.566880226135254
D,D_C_43222,chck_90M,43222,C,heldout_natural_source_repeat,heldoutcopy:1:825:44343,1,0.06150043290108442,8,0.010306705720722675,open_subtitles,44343,12,0.0718071386218071
D,D_C_43222,chck_90M,43222,C,heldout_natural_source_repeat,heldoutcopy:1:826:20914,1,5.929198674857616,8,0.11490494757890701,childes,20914,11,6.044103622436523
D,D_C_43222,chck_90M,43222,C,heldout_natural_source_repeat,heldoutcopy:1:827:31635,1,1.5692634396255016,19,0.017199058085680008,gutenberg,31635,31,1.5864624977111816
D,D_C_43222,chck_90M,43222,C,heldout_natural_source_repeat,heldoutcopy:1:828:56150,1,5.212805730989203,15,0.0031194856856018305,simple_wiki,56150,24,5.215925216674805
D,D_C_43222,chck_90M,43222,C,heldout_natural_source_repeat,heldoutcopy:1:829:27293,1,17.07622575107962,12,0.012034899555146694,gutenberg,27293,20,17.088260650634766
D,D_C_43222,chck_90M,43222,C,heldout_natural_source_repeat,heldoutcopy:1:82:62077,1,-0.1199752886313945,11,0.12277005612850189,simple_wiki,62077,18,0.0027947674971073866
D,D_C_43222,chck_90M,43222,C,heldout_natural_source_repeat,heldoutcopy:1:830:8902,1,2.6462143808603287,8,0.07189689576625824,childes,8902,10,2.718111276626587
D,D_C_43222,chck_90M,43222,C,heldout_natural_source_repeat,heldoutcopy:1:831:7566,1,3.0292542204260826,9,0.02087876945734024,childes,7566,15,3.050132989883423
D,D_C_43222,chck_90M,43222,C,heldout_natural_source_repeat,heldoutcopy:1:832:31805,1,3.7179070375859737,8,0.04162946715950966,gutenberg,31805,12,3.7595365047454834
D,D_C_43222,chck_90M,43222,C,heldout_natural_source_repeat,heldoutcopy:1:833:58604,1,8.37672370672226,8,0.43679100275039673,simple_wiki,58604,11,8.813514709472656
D,D_C_43222,chck_90M,43222,C,heldout_natural_source_repeat,heldoutcopy:1:834:29335,1,2.283429147209972,24,0.005476234946399927,gutenberg,29335,38,2.288905382156372
D,D_C_43222,chck_90M,43222,C,heldout_natural_source_repeat,heldoutcopy:1:835:32424,1,1.5846919566392899,27,0.020528003573417664,gutenberg,32424,43,1.6052199602127075
D,D_C_43222,chck_90M,43222,C,heldout_natural_source_repeat,heldoutcopy:1:836:32491,1,0.9305269727483392,13,0.0013813963159918785,gutenberg,32491,21,0.931908369064331
D,D_C_43222,chck_90M,43222,C,heldout_natural_source_repeat,heldoutcopy:1:837:17541,1,6.624825477600098,8,1.3260998725891113,childes,17541,10,7.950925350189209
D,D_C_43222,chck_90M,43222,C,heldout_natural_source_repeat,heldoutcopy:1:838:17100,1,-4.7683261072961614e-07,14,9.775113539944869e-06,childes,17100,23,9.298280929215252e-06
D,D_C_43222,chck_90M,43222,C,heldout_natural_source_repeat,heldoutcopy:1:839:16116,1,2.7949399249628186,8,0.01343447994440794,childes,16116,11,2.8083744049072266
D,D_C_43222,chck_90M,43222,C,heldout_natural_source_repeat,heldoutcopy:1:83:19858,1,4.532057821750641,8,0.8831323981285095,childes,19858,10,5.41519021987915
D,D_C_43222,chck_90M,43222,C,heldout_natural_source_repeat,heldoutcopy:1:840:61880,1,7.46649606525898,8,0.22612039744853973,simple_wiki,61880,12,7.6926164627075195
D,D_C_43222,chck_90M,43222,C,heldout_natural_source_repeat,heldoutcopy:1:841:4011,1,7.169074691832066,24,0.03751453012228012,bnc_spoken,4011,39,7.206589221954346
D,D_C_43222,chck_90M,43222,C,heldout_natural_source_repeat,heldoutcopy:1:842:21502,1,3.781846195459366,17,0.06605443358421326,childes,21502,28,3.847900629043579
D,D_C_43222,chck_90M,43222,C,heldout_natural_source_repeat,heldoutcopy:1:843:34377,1,0.9263410568237305,9,4.055952548980713,gutenberg,34377,14,4.982293605804443
D,D_C_43222,chck_90M,43222,C,heldout_natural_source_repeat,heldoutcopy:1:844:9282,1,5.671739051118493,11,0.0311694648116827,childes,9282,17,5.702908515930176
D,D_C_43222,chck_90M,43222,C,heldout_natural_source_repeat,heldoutcopy:1:845:41279,1,0.42397986352443695,8,0.24500538408756256,open_subtitles,41279,11,0.6689852476119995
D,D_C_43222,chck_90M,43222,C,heldout_natural_source_repeat,heldoutcopy:1:846:26595,1,0.4677577018737793,9,1.256978988647461,gutenberg,26595,15,1.7247366905212402
D,D_C_43222,chck_90M,43222,C,heldout_natural_source_repeat,heldoutcopy:1:847:37534,1,0.10767608415335417,19,0.003955517895519733,gutenberg,37534,31,0.1116316020488739
D,D_C_43222,chck_90M,43222,C,heldout_natural_source_repeat,heldoutcopy:1:848:42726,1,5.243890762329102,8,3.697092056274414,open_subtitles,42726,13,8.940982818603516
D,D_C_43222,chck_90M,43222,C,heldout_natural_source_repeat,heldoutcopy:1:849:2398,1,1.0035169124603271,8,0.7125719785690308,bnc_spoken,2398,10,1.716088891029358
D,D_C_43222,chck_90M,43222,C,heldout_natural_source_repeat,heldoutcopy:1:84:51065,1,10.056368544697762,8,0.08661870658397675,open_subtitles,51065,11,10.142987251281738
D,D_C_43222,chck_90M,43222,C,heldout_natural_source_repeat,heldoutcopy:1:850:44506,1,1.302287608385086,8,0.35443374514579773,open_subtitles,44506,10,1.6567213535308838
D,D_C_43222,chck_90M,43222,C,heldout_natural_source_repeat,heldoutcopy:1:851:34921,1,0.2773571368306875,12,0.01549726165831089,gutenberg,34921,20,0.2928543984889984
D,D_C_43222,chck_90M,43222,C,heldout_natural_source_repeat,heldoutcopy:1:852:45743,1,0.017174050444737077,8,0.003513237228617072,open_subtitles,45743,12,0.02068728767335415
D,D_C_43222,chck_90M,43222,C,heldout_natural_source_repeat,heldoutcopy:1:853:62412,1,4.713696055114269,13,0.04809994250535965,switchboard,62412,21,4.761795997619629
D,D_C_43222,chck_90M,43222,C,heldout_natural_source_repeat,heldoutcopy:1:854:385,1,0.20348069071769714,9,0.16252383589744568,bnc_spoken,385,14,0.3660045266151428
D,D_C_43222,chck_90M,43222,C,heldout_natural_source_repeat,heldoutcopy:1:855:41416,1,0.5073313033208251,9,0.004803427495062351,open_subtitles,41416,14,0.5121347308158875
D,D_C_43222,chck_90M,43222,C,heldout_natural_source_repeat,heldoutcopy:1:856:1017,1,0.22248458862304688,8,8.141939163208008,bnc_spoken,1017,12,8.364423751831055
D,D_C_43222,chck_90M,43222,C,heldout_natural_source_repeat,heldoutcopy:1:857:2509,1,-0.4201393127441406,8,8.572526931762695,bnc_spoken,2509,11,8.152387619018555
D,D_C_43222,chck_90M,43222,C,heldout_natural_source_repeat,heldoutcopy:1:858:11424,1,4.458760380744934,10,0.9492191076278687,childes,11424,16,5.407979488372803
D,D_C_43222,chck_90M,43222,C,heldout_natural_source_repeat,heldoutcopy:1:859:47134,1,11.44418066740036,8,0.15027791261672974,open_subtitles,47134,11,11.59445858001709
D,D_C_43222,chck_90M,43222,C,heldout_natural_source_repeat,heldoutcopy:1:85:2742,1,1.929893046617508,11,0.2887539565563202,bnc_spoken,2742,18,2.218647003173828
D,D_C_43222,chck_90M,43222,C,heldout_natural_source_repeat,heldoutcopy:1:860:28821,1,12.942135458812118,9,0.0159448329359293,gutenberg,28821,14,12.958080291748047
D,D_C_43222,chck_90M,43222,C,heldout_natural_source_repeat,heldoutcopy:1:861:32449,1,0.0003948737867176533,24,0.004188218619674444,gutenberg,32449,39,0.0045830924063920975
D,D_C_43222,chck_90M,43222,C,heldout_natural_source_repeat,heldoutcopy:1:862:52072,1,0.38855855353176594,8,0.00797007791697979,open_subtitles,52072,12,0.3965286314487457
D,D_C_43222,chck_90M,43222,C,heldout_natural_source_repeat,heldoutcopy:1:863:57823,1,2.198462262749672,14,0.20403407514095306,simple_wiki,57823,23,2.402496337890625
D,D_C_43222,chck_90M,43222,C,heldout_natural_source_repeat,heldoutcopy:1:864:13148,1,1.8583465218544006,8,0.6140097975730896,childes,13148,10,2.4723563194274902
D,D_C_43222,chck_90M,43222,C,heldout_natural_source_repeat,heldoutcopy:1:865:22601,1,11.61740443110466,24,0.06718876957893372,gutenberg,22601,38,11.684593200683594
D,D_C_43222,chck_90M,43222,C,heldout_natural_source_repeat,heldoutcopy:1:866:20828,1,-0.10749173164367676,11,2.823864698410034,childes,20828,17,2.7163729667663574
D,D_C_43222,chck_90M,43222,C,heldout_natural_source_repeat,heldoutcopy:1:867:29969,1,0.4819854761008173,24,0.0027703975792974234,gutenberg,29969,39,0.48475587368011475
D,D_C_43222,chck_90M,43222,C,heldout_natural_source_repeat,heldoutcopy:1:868:18025,1,6.258203666220652e-05,11,1.4066597032069694e-05,childes,18025,18,7.664863369427621e-05
D,D_C_43222,chck_90M,43222,C,heldout_natural_source_repeat,heldoutcopy:1:869:43927,1,0.06204608746338636,8,0.0010490872664377093,open_subtitles,43927,10,0.06309517472982407
D,D_C_43222,chck_90M,43222,C,heldout_natural_source_repeat,heldoutcopy:1:86:53193,1,14.044163152575493,12,0.1334882527589798,simple_wiki,53193,19,14.177651405334473
D,D_C_43222,chck_90M,43222,C,heldout_natural_source_repeat,heldoutcopy:1:870:19929,1,7.357403039932251,8,1.1900689601898193,childes,19929,10,8.54747200012207
D,D_C_43222,chck_90M,43222,C,heldout_natural_source_repeat,heldoutcopy:1:871:5690,1,0.12215095807914622,8,0.00021371940965764225,childes,5690,10,0.12236467748880386
D,D_C_43222,chck_90M,43222,C,heldout_natural_source_repeat,heldoutcopy:1:872:57116,1,0.060724266804754734,11,0.015534116886556149,simple_wiki,57116,17,0.07625838369131088
D,D_C_43222,chck_90M,43222,C,heldout_natural_source_repeat,heldoutcopy:1:873:46374,1,5.431034803390503,8,2.959089517593384,open_subtitles,46374,11,8.390124320983887
D,D_C_43222,chck_90M,43222,C,heldout_natural_source_repeat,heldoutcopy:1:874:48767,1,2.381535366177559,9,0.2056395262479782,open_subtitles,48767,14,2.587174892425537
D,D_C_43222,chck_90M,43222,C,heldout_natural_source_repeat,heldoutcopy:1:875:57919,1,0.11844741320237517,8,0.007440710905939341,simple_wiki,57919,12,0.12588812410831451
D,D_C_43222,chck_90M,43222,C,heldout_natural_source_repeat,heldoutcopy:1:876:26625,1,12.756418414413929,18,0.0843084380030632,gutenberg,26625,29,12.840726852416992
D,D_C_43222,chck_90M,43222,C,heldout_natural_source_repeat,heldoutcopy:1:877:2178,1,0.08446746971458197,8,0.004235939122736454,bnc_spoken,2178,10,0.08870340883731842
D,D_C_43222,chck_90M,43222,C,heldout_natural_source_repeat,heldoutcopy:1:878:4413,1,3.235743161290884,27,0.05144846811890602,bnc_spoken,4413,44,3.28719162940979
D,D_C_43222,chck_90M,43222,C,heldout_natural_source_repeat,heldoutcopy:1:879:13202,1,-4.63983054459095,8,4.706460952758789,childes,13202,10,0.06663040816783905
D,D_C_43222,chck_90M,43222,C,heldout_natural_source_repeat,heldoutcopy:1:87:7684,1,4.837662793695927,11,0.06413783878087997,childes,7684,18,4.901800632476807
D,D_C_43222,chck_90M,43222,C,heldout_natural_source_repeat,heldoutcopy:1:880:5429,1,0.0007804472115822136,10,0.00024101213784888387,childes,5429,16,0.0010214593494310975
D,D_C_43222,chck_90M,43222,C,heldout_natural_source_repeat,heldoutcopy:1:881:24719,1,0.7448432669043541,28,0.0373249426484108,gutenberg,24719,55,0.7821682095527649
D,D_C_43222,chck_90M,43222,C,heldout_natural_source_repeat,heldoutcopy:1:882:30452,1,4.174257278442383,28,0.38898754119873047,gutenberg,30452,50,4.563244819641113
D,D_C_43222,chck_90M,43222,C,heldout_natural_source_repeat,heldoutcopy:1:883:13963,1,4.768348157405853,8,0.19536596536636353,childes,13963,11,4.963714122772217
D,D_C_43222,chck_90M,43222,C,heldout_natural_source_repeat,heldoutcopy:1:884:31303,1,1.553153157234192,8,0.6125205755233765,gutenberg,31303,12,2.1656737327575684
D,D_C_43222,chck_90M,43222,C,heldout_natural_source_repeat,heldoutcopy:1:885:3743,1,0.6634213924407959,9,3.835911512374878,bnc_spoken,3743,14,4.499332904815674
D,D_C_43222,chck_90M,43222,C,heldout_natural_source_repeat,heldoutcopy:1:886:28239,1,1.863301556557417,11,0.018978673964738846,gutenberg,28239,17,1.8822802305221558
D,D_C_43222,chck_90M,43222,C,heldout_natural_source_repeat,heldoutcopy:1:887:8095,1,3.3377509680576622e-06,22,3.099393507000059e-05,childes,8095,36,3.433168603805825e-05
D,D_C_43222,chck_90M,43222,C,heldout_natural_source_repeat,heldoutcopy:1:888:9966,1,0.1948808068409562,10,0.015022597275674343,childes,9966,16,0.20990340411663055
D,D_C_43222,chck_90M,43222,C,heldout_natural_source_repeat,heldoutcopy:1:889:27580,1,2.942313075065613,8,1.580802083015442,gutenberg,27580,13,4.523115158081055
D,D_C_43222,chck_90M,43222,C,heldout_natural_source_repeat,heldoutcopy:1:88:26402,1,0.35891749523580074,17,0.002399662509560585,gutenberg,26402,27,0.36131715774536133
D,D_C_43222,chck_90M,43222,C,heldout_natural_source_repeat,heldoutcopy:1:890:36078,1,4.905202694237232,20,0.035485439002513885,gutenberg,36078,32,4.940688133239746
D,D_C_43222,chck_90M,43222,C,heldout_natural_source_repeat,heldoutcopy:1:891:32669,1,7.692287240177393,24,0.04118844494223595,gutenberg,32669,39,7.733475685119629
D,D_C_43222,chck_90M,43222,C,heldout_natural_source_repeat,heldoutcopy:1:892:60140,1,0.5999080883339047,8,0.007172430865466595,simple_wiki,60140,11,0.6070805191993713
D,D_C_43222,chck_90M,43222,C,heldout_natural_source_repeat,heldoutcopy:1:893:59856,1,6.36286033410579,8,0.013236391358077526,simple_wiki,59856,13,6.376096725463867
D,D_C_43222,chck_90M,43222,C,heldout_natural_source_repeat,heldoutcopy:1:894:59127,1,3.7354353149421513,16,0.004916838835924864,simple_wiki,59127,26,3.740352153778076
D,D_C_43222,chck_90M,43222,C,heldout_natural_source_repeat,heldoutcopy:1:895:14551,1,8.52779495716095,8,0.6754578351974487,childes,14551,10,9.203252792358398
D,D_C_43222,chck_90M,43222,C,heldout_natural_source_repeat,heldoutcopy:1:896:52459,1,6.167727947235107,8,0.3728313446044922,open_subtitles,52459,11,6.5405592918396
D,D_C_43222,chck_90M,43222,C,heldout_natural_source_repeat,heldoutcopy:1:897:4694,1,7.292998883873224,10,0.03436937555670738,bnc_spoken,4694,16,7.327368259429932
D,D_C_43222,chck_90M,43222,C,heldout_natural_source_repeat,heldoutcopy:1:898:42518,1,0.21280873101204634,8,0.005772349424660206,open_subtitles,42518,13,0.21858108043670654
D,D_C_43222,chck_90M,43222,C,heldout_natural_source_repeat,heldoutcopy:1:899:28372,1,0.08658076822757721,8,0.01839541643857956,gutenberg,28372,11,0.10497618466615677
D,D_C_43222,chck_90M,43222,C,heldout_natural_source_repeat,heldoutcopy:1:89:19296,1,5.741471603512764,15,0.11362092196941376,childes,19296,24,5.855092525482178
D,D_C_43222,chck_90M,43222,C,heldout_natural_source_repeat,heldoutcopy:1:8:34034,1,3.4904770851135254,22,3.432884693145752,gutenberg,34034,35,6.923361778259277
D,D_C_43222,chck_90M,43222,C,heldout_natural_source_repeat,heldoutcopy:1:900:11179,1,-0.0025987327098846436,8,0.38437727093696594,childes,11179,10,0.3817785382270813
D,D_C_43222,chck_90M,43222,C,heldout_natural_source_repeat,heldoutcopy:1:901:57402,1,1.3996849618852139,8,0.0035010017454624176,simple_wiki,57402,10,1.4031859636306763
D,D_C_43222,chck_90M,43222,C,heldout_natural_source_repeat,heldoutcopy:1:902:37885,1,3.6105935908854008,26,0.018778052181005478,gutenberg,37885,42,3.6293716430664062
D,D_C_43222,chck_90M,43222,C,heldout_natural_source_repeat,heldoutcopy:1:903:56585,1,0.00018996954895555973,11,0.0007952864980325103,simple_wiki,56585,17,0.00098525604698807
D,D_C_43222,chck_90M,43222,C,heldout_natural_source_repeat,heldoutcopy:1:904:42018,1,8.40008669346571,8,0.0059029534459114075,open_subtitles,42018,10,8.405989646911621
D,D_C_43222,chck_90M,43222,C,heldout_natural_source_repeat,heldoutcopy:1:905:31444,1,4.116532392799854,11,0.022437982261180878,gutenberg,31444,18,4.138970375061035
D,D_C_43222,chck_90M,43222,C,heldout_natural_source_repeat,heldoutcopy:1:906:6509,1,0.8862959928810596,8,0.03940359875559807,childes,6509,12,0.9256995916366577
D,D_C_43222,chck_90M,43222,C,heldout_natural_source_repeat,heldoutcopy:1:907:39821,1,6.299788683652878,14,0.3135278522968292,open_subtitles,39821,22,6.613316535949707
D,D_C_43222,chck_90M,43222,C,heldout_natural_source_repeat,heldoutcopy:1:908:28225,1,3.130344287492335,8,0.009251936338841915,gutenberg,28225,10,3.1395962238311768
D,D_C_43222,chck_90M,43222,C,heldout_natural_source_repeat,heldoutcopy:1:909:37546,1,7.645084265619516,8,0.0435563288629055,gutenberg,37546,12,7.688640594482422
D,D_C_43222,chck_90M,43222,C,heldout_natural_source_repeat,heldoutcopy:1:90:21992,1,0.11827001592610031,8,0.00020525732543319464,childes,21992,11,0.11847527325153351
D,D_C_43222,chck_90M,43222,C,heldout_natural_source_repeat,heldoutcopy:1:910:30021,1,11.63363890722394,16,0.05061383172869682,gutenberg,30021,25,11.684252738952637
D,D_C_43222,chck_90M,43222,C,heldout_natural_source_repeat,heldoutcopy:1:911:24634,1,3.8092775344848633,17,3.2789430618286133,gutenberg,24634,28,7.088220596313477
D,D_C_43222,chck_90M,43222,C,heldout_natural_source_repeat,heldoutcopy:1:912:33486,1,5.6953728049993515,12,0.07620503008365631,gutenberg,33486,20,5.771577835083008
D,D_C_43222,chck_90M,43222,C,heldout_natural_source_repeat,heldoutcopy:1:913:22980,1,3.839284621179104,9,0.04960302263498306,gutenberg,22980,14,3.888887643814087
D,D_C_43222,chck_90M,43222,C,heldout_natural_source_repeat,heldoutcopy:1:914:15458,1,0.05765261501073837,19,0.009479865431785583,childes,15458,30,0.06713248044252396
D,D_C_43222,chck_90M,43222,C,heldout_natural_source_repeat,heldoutcopy:1:915:38729,1,9.082388669252396,8,0.22147294878959656,open_subtitles,38729,13,9.303861618041992
D,D_C_43222,chck_90M,43222,C,heldout_natural_source_repeat,heldoutcopy:1:916:55379,1,-2.026474248850718e-06,12,4.23184028477408e-05,simple_wiki,55379,19,4.029192859889008e-05
D,D_C_43222,chck_90M,43222,C,heldout_natural_source_repeat,heldoutcopy:1:917:21118,1,2.1216370165348053,9,0.3295515477657318,childes,21118,15,2.451188564300537
D,D_C_43222,chck_90M,43222,C,heldout_natural_source_repeat,heldoutcopy:1:918:15064,1,2.1090349182486534,8,0.06454572826623917,childes,15064,13,2.1735806465148926
D,D_C_43222,chck_90M,43222,C,heldout_natural_source_repeat,heldoutcopy:1:919:41577,1,3.221524864435196,8,0.30409130454063416,open_subtitles,41577,13,3.52561616897583
D,D_C_43222,chck_90M,43222,C,heldout_natural_source_repeat,heldoutcopy:1:91:52738,1,2.7552210986614227,8,0.028665810823440552,open_subtitles,52738,10,2.7838869094848633
D,D_C_43222,chck_90M,43222,C,heldout_natural_source_repeat,heldoutcopy:1:920:12203,1,-4.768007784150541e-07,22,7.664863369427621e-05,childes,12203,36,7.617183291586116e-05
D,D_C_43222,chck_90M,43222,C,heldout_natural_source_repeat,heldoutcopy:1:921:6709,1,0.07948483806103468,8,0.00545880664139986,childes,6709,10,0.08494364470243454
D,D_C_43222,chck_90M,43222,C,heldout_natural_source_repeat,heldoutcopy:1:922:7765,1,5.067774843424559,8,0.05563919618725777,childes,7765,11,5.123414039611816
D,D_C_43222,chck_90M,43222,C,heldout_natural_source_repeat,heldoutcopy:1:923:58089,1,7.1024947091937065,8,0.07157278805971146,simple_wiki,58089,11,7.174067497253418
D,D_C_43222,chck_90M,43222,C,heldout_natural_source_repeat,heldoutcopy:1:924:25067,1,0.17062169313430786,11,0.8446483016014099,gutenberg,25067,17,1.0152699947357178
D,D_C_43222,chck_90M,43222,C,heldout_natural_source_repeat,heldoutcopy:1:925:54134,1,4.894284293055534,9,0.17694802582263947,simple_wiki,54134,14,5.071232318878174
D,D_C_43222,chck_90M,43222,C,heldout_natural_source_repeat,heldoutcopy:1:926:41696,1,1.4091661144047976,8,0.030796511098742485,open_subtitles,41696,10,1.43996262550354
D,D_C_43222,chck_90M,43222,C,heldout_natural_source_repeat,heldoutcopy:1:927:50330,1,11.815994773060083,8,0.02922007068991661,open_subtitles,50330,10,11.84521484375
D,D_C_43222,chck_90M,43222,C,heldout_natural_source_repeat,heldoutcopy:1:928:847,1,5.88604107638821,28,0.004371254239231348,bnc_spoken,847,55,5.890412330627441
D,D_C_43222,chck_90M,43222,C,heldout_natural_source_repeat,heldoutcopy:1:929:59105,1,13.98992014862597,20,0.008502474054694176,simple_wiki,59105,32,13.998422622680664
D,D_C_43222,chck_90M,43222,C,heldout_natural_source_repeat,heldoutcopy:1:92:1782,1,9.836409658193588,19,0.16251268982887268,bnc_spoken,1782,31,9.998922348022461
D,D_C_43222,chck_90M,43222,C,heldout_natural_source_repeat,heldoutcopy:1:930:57367,1,0.3848072662949562,12,0.04021637886762619,simple_wiki,57367,19,0.4250236451625824
D,D_C_43222,chck_90M,43222,C,heldout_natural_source_repeat,heldoutcopy:1:931:46622,1,6.061755180358887,8,2.203916549682617,open_subtitles,46622,13,8.265671730041504
D,D_C_43222,chck_90M,43222,C,heldout_natural_source_repeat,heldoutcopy:1:932:41058,1,1.3526880778372288,10,0.056808825582265854,open_subtitles,41058,16,1.4094969034194946
D,D_C_43222,chck_90M,43222,C,heldout_natural_source_repeat,heldoutcopy:1:933:45346,1,5.348907709121704,26,0.26642632484436035,open_subtitles,45346,42,5.6153340339660645
D,D_C_43222,chck_90M,43222,C,heldout_natural_source_repeat,heldoutcopy:1:934:13446,1,3.824276875704527,10,0.06118612363934517,childes,13446,16,3.885462999343872
D,D_C_43222,chck_90M,43222,C,heldout_natural_source_repeat,heldoutcopy:1:935:49051,1,11.933544427156448,8,0.04203006625175476,open_subtitles,49051,11,11.975574493408203
D,D_C_43222,chck_90M,43222,C,heldout_natural_source_repeat,heldoutcopy:1:936:12815,1,0.2690012641251087,8,0.005666028708219528,childes,12815,10,0.27466729283332825
D,D_C_43222,chck_90M,43222,C,heldout_natural_source_repeat,heldoutcopy:1:937:53678,1,3.6329577639698982,11,0.03421824425458908,simple_wiki,53678,17,3.6671760082244873
D,D_C_43222,chck_90M,43222,C,heldout_natural_source_repeat,heldoutcopy:1:938:13280,1,1.5139179595280439e-05,9,1.883488948806189e-05,childes,13280,14,3.397406908334233e-05
D,D_C_43222,chck_90M,43222,C,heldout_natural_source_repeat,heldoutcopy:1:939:48948,1,1.5931027755141258,8,0.08209935575723648,open_subtitles,48948,12,1.6752021312713623
D,D_C_43222,chck_90M,43222,C,heldout_natural_source_repeat,heldoutcopy:1:93:9009,1,0.3922673473134637,11,0.008619367145001888,childes,9009,18,0.4008867144584656
D,D_C_43222,chck_90M,43222,C,heldout_natural_source_repeat,heldoutcopy:1:940:46184,1,9.814064657315612,8,0.01805337704718113,open_subtitles,46184,10,9.832118034362793
D,D_C_43222,chck_90M,43222,C,heldout_natural_source_repeat,heldoutcopy:1:941:48987,1,-0.5930326282978058,9,0.7128905057907104,open_subtitles,48987,14,0.11985787749290466
D,D_C_43222,chck_90M,43222,C,heldout_natural_source_repeat,heldoutcopy:1:942:45898,1,8.438482999801636,8,1.5329296588897705,open_subtitles,45898,12,9.971412658691406
D,D_C_43222,chck_90M,43222,C,heldout_natural_source_repeat,heldoutcopy:1:943:28689,1,2.7287120819091797,10,9.35595703125,gutenberg,28689,16,12.08466911315918
D,D_C_43222,chck_90M,43222,C,heldout_natural_source_repeat,heldoutcopy:1:944:61685,1,0.32204437255859375,8,11.296737670898438,simple_wiki,61685,10,11.618782043457031
D,D_C_43222,chck_90M,43222,C,heldout_natural_source_repeat,heldoutcopy:1:945:10864,1,1.6368719786405563,8,0.07892103493213654,childes,10864,11,1.7157930135726929
D,D_C_43222,chck_90M,43222,C,heldout_natural_source_repeat,heldoutcopy:1:946:47898,1,8.82586070895195,8,0.06783226132392883,open_subtitles,47898,10,8.893692970275879
D,D_C_43222,chck_90M,43222,C,heldout_natural_source_repeat,heldoutcopy:1:947:33695,1,0.40561953745782375,9,0.005509430542588234,gutenberg,33695,14,0.411128968000412
D,D_C_43222,chck_90M,43222,C,heldout_natural_source_repeat,heldoutcopy:1:948:42512,1,0.6037352215498686,8,0.013822780922055244,open_subtitles,42512,10,0.6175580024719238
D,D_C_43222,chck_90M,43222,C,heldout_natural_source_repeat,heldoutcopy:1:949:33928,1,6.0315056927502155,16,0.01479710265994072,gutenberg,33928,26,6.046302795410156
D,D_C_43222,chck_90M,43222,C,heldout_natural_source_repeat,heldoutcopy:1:94:35332,1,3.597189486026764,24,0.12281697988510132,gutenberg,35332,39,3.7200064659118652
D,D_C_43222,chck_90M,43222,C,heldout_natural_source_repeat,heldoutcopy:1:950:61670,1,0.006453871726989746,13,0.3693574368953705,simple_wiki,61670,21,0.37581130862236023
D,D_C_43222,chck_90M,43222,C,heldout_natural_source_repeat,heldoutcopy:1:951:29266,1,6.31722754240036,21,0.7263038754463196,gutenberg,29266,34,7.04353141784668
D,D_C_43222,chck_90M,43222,C,heldout_natural_source_repeat,heldoutcopy:1:952:7226,1,4.274600092321634,8,0.042472776025533676,childes,7226,11,4.317072868347168
D,D_C_43222,chck_90M,43222,C,heldout_natural_source_repeat,heldoutcopy:1:953:43432,1,5.832095146179199,8,4.173995018005371,open_subtitles,43432,13,10.00609016418457
D,D_C_43222,chck_90M,43222,C,heldout_natural_source_repeat,heldoutcopy:1:954:46053,1,-1.350616455078125,8,3.9233360290527344,open_subtitles,46053,10,2.5727195739746094
D,D_C_43222,chck_90M,43222,C,heldout_natural_source_repeat,heldoutcopy:1:955:39864,1,8.322134683839977,9,0.012428571470081806,open_subtitles,39864,14,8.334563255310059
D,D_C_43222,chck_90M,43222,C,heldout_natural_source_repeat,heldoutcopy:1:956:42117,1,10.3183832205832,8,0.040330883115530014,open_subtitles,42117,10,10.35871410369873
D,D_C_43222,chck_90M,43222,C,heldout_natural_source_repeat,heldoutcopy:1:957:1101,1,2.182298943400383,13,0.05537767708301544,bnc_spoken,1101,21,2.2376766204833984
D,D_C_43222,chck_90M,43222,C,heldout_natural_source_repeat,heldoutcopy:1:958:44368,1,4.581439580768347,8,0.02470294013619423,open_subtitles,44368,11,4.606142520904541
D,D_C_43222,chck_90M,43222,C,heldout_natural_source_repeat,heldoutcopy:1:959:7962,1,2.107390508055687,9,0.1900259405374527,childes,7962,14,2.2974164485931396
D,D_C_43222,chck_90M,43222,C,heldout_natural_source_repeat,heldoutcopy:1:95:36631,1,3.2775471210479736,15,0.2894284725189209,gutenberg,36631,24,3.5669755935668945
D,D_C_43222,chck_90M,43222,C,heldout_natural_source_repeat,heldoutcopy:1:960:27754,1,0.25130176544189453,11,9.442102432250977,gutenberg,27754,17,9.693404197692871
D,D_C_43222,chck_90M,43222,C,heldout_natural_source_repeat,heldoutcopy:1:961:35581,1,4.05618691444397,16,0.47218775749206543,gutenberg,35581,26,4.528374671936035
D,D_C_43222,chck_90M,43222,C,heldout_natural_source_repeat,heldoutcopy:1:962:3863,1,-0.008994579315185547,15,0.3349488377571106,bnc_spoken,3863,24,0.32595425844192505
D,D_C_43222,chck_90M,43222,C,heldout_natural_source_repeat,heldoutcopy:1:963:22662,1,12.443930894136429,12,0.0436532199382782,gutenberg,22662,20,12.487584114074707
D,D_C_43222,chck_90M,43222,C,heldout_natural_source_repeat,heldoutcopy:1:964:21684,1,4.642813801765442,8,1.4304217100143433,childes,21684,10,6.073235511779785
D,D_C_43222,chck_90M,43222,C,heldout_natural_source_repeat,heldoutcopy:1:965:52900,1,9.41789024323225,9,0.04033500701189041,simple_wiki,52900,14,9.45822525024414
D,D_C_43222,chck_90M,43222,C,heldout_natural_source_repeat,heldoutcopy:1:966:58103,1,9.676202520728111,8,0.06345392763614655,simple_wiki,58103,10,9.739656448364258
D,D_C_43222,chck_90M,43222,C,heldout_natural_source_repeat,heldoutcopy:1:967:16831,1,0.45507195545360446,22,0.0026167933829128742,childes,16831,35,0.45768874883651733
D,D_C_43222,chck_90M,43222,C,heldout_natural_source_repeat,heldoutcopy:1:968:3770,1,0.21455339342355728,11,0.06965663284063339,bnc_spoken,3770,17,0.2842100262641907
D,D_C_43222,chck_90M,43222,C,heldout_natural_source_repeat,heldoutcopy:1:969:36445,1,4.259231805801392,28,0.556725263595581,gutenberg,36445,46,4.815957069396973
D,D_C_43222,chck_90M,43222,C,heldout_natural_source_repeat,heldoutcopy:1:96:27893,1,-0.36242223531007767,14,0.4489498734474182,gutenberg,27893,23,0.08652763813734055
D,D_C_43222,chck_90M,43222,C,heldout_natural_source_repeat,heldoutcopy:1:970:56701,1,10.441525042057037,12,0.41891616582870483,simple_wiki,56701,19,10.860441207885742
D,D_C_43222,chck_90M,43222,C,heldout_natural_source_repeat,heldoutcopy:1:971:1103,1,2.1639537792652845,10,0.023046495392918587,bnc_spoken,1103,16,2.187000274658203
D,D_C_43222,chck_90M,43222,C,heldout_natural_source_repeat,heldoutcopy:1:972:45869,1,3.3962197825312614,8,0.0416230633854866,open_subtitles,45869,11,3.437842845916748
D,D_C_43222,chck_90M,43222,C,heldout_natural_source_repeat,heldoutcopy:1:973:49195,1,4.738897860050201,9,0.38950198888778687,open_subtitles,49195,14,5.128399848937988
D,D_C_43222,chck_90M,43222,C,heldout_natural_source_repeat,heldoutcopy:1:974:60340,1,0.676635819952935,16,0.004502397496253252,simple_wiki,60340,25,0.6811382174491882
D,D_C_43222,chck_90M,43222,C,heldout_natural_source_repeat,heldoutcopy:1:975:29116,1,11.27786211669445,25,0.12723679840564728,gutenberg,29116,40,11.405098915100098
D,D_C_43222,chck_90M,43222,C,heldout_natural_source_repeat,heldoutcopy:1:976:3248,1,2.677542746067047,14,0.23891109228134155,bnc_spoken,3248,23,2.9164538383483887
D,D_C_43222,chck_90M,43222,C,heldout_natural_source_repeat,heldoutcopy:1:977:42551,1,7.956266224384308,8,0.39416998624801636,open_subtitles,42551,10,8.350436210632324
D,D_C_43222,chck_90M,43222,C,heldout_natural_source_repeat,heldoutcopy:1:978:40906,1,0.11907940567471087,8,0.0016294547822326422,open_subtitles,40906,13,0.12070886045694351
D,D_C_43222,chck_90M,43222,C,heldout_natural_source_repeat,heldoutcopy:1:979:34980,1,5.439142685383558,8,0.009964484721422195,gutenberg,34980,11,5.4491071701049805
D,D_C_43222,chck_90M,43222,C,heldout_natural_source_repeat,heldoutcopy:1:97:45118,1,2.23722773604095,8,0.016256513074040413,open_subtitles,45118,12,2.2534842491149902
D,D_C_43222,chck_90M,43222,C,heldout_natural_source_repeat,heldoutcopy:1:980:45182,1,0.011750668287277222,22,0.08514148741960526,open_subtitles,45182,36,0.09689215570688248
D,D_C_43222,chck_90M,43222,C,heldout_natural_source_repeat,heldoutcopy:1:981:23262,1,3.4760079383850098,9,4.823461055755615,gutenberg,23262,15,8.299468994140625
D,D_C_43222,chck_90M,43222,C,heldout_natural_source_repeat,heldoutcopy:1:982:14390,1,0.896098452154547,8,0.005511564668267965,childes,14390,10,0.9016100168228149
D,D_C_43222,chck_90M,43222,C,heldout_natural_source_repeat,heldoutcopy:1:983:47457,1,0.4726881794631481,8,0.006724584847688675,open_subtitles,47457,10,0.4794127643108368
D,D_C_43222,chck_90M,43222,C,heldout_natural_source_repeat,heldoutcopy:1:984:22203,1,0.019515990745276213,10,0.0014993627555668354,childes,22203,16,0.021015353500843048
D,D_C_43222,chck_90M,43222,C,heldout_natural_source_repeat,heldoutcopy:1:985:12351,1,0.04187803249806166,8,0.004055728204548359,childes,12351,12,0.045933760702610016
D,D_C_43222,chck_90M,43222,C,heldout_natural_source_repeat,heldoutcopy:1:986:57437,1,6.197360913269222,11,0.013460238464176655,simple_wiki,57437,18,6.210821151733398
D,D_C_43222,chck_90M,43222,C,heldout_natural_source_repeat,heldoutcopy:1:987:29698,1,0.003486424684524536,15,0.17714206874370575,gutenberg,29698,24,0.18062849342823029
D,D_C_43222,chck_90M,43222,C,heldout_natural_source_repeat,heldoutcopy:1:988:44843,1,2.251431465148926,8,0.09853124618530273,open_subtitles,44843,11,2.3499627113342285
D,D_C_43222,chck_90M,43222,C,heldout_natural_source_repeat,heldoutcopy:1:989:35703,1,-0.06736806035041809,8,0.40104031562805176,gutenberg,35703,12,0.33367225527763367
D,D_C_43222,chck_90M,43222,C,heldout_natural_source_repeat,heldoutcopy:1:98:13042,1,11.488563664257526,9,0.03297793120145798,childes,13042,14,11.521541595458984
D,D_C_43222,chck_90M,43222,C,heldout_natural_source_repeat,heldoutcopy:1:990:20603,1,0.0776353795081377,12,0.026838263496756554,childes,20603,20,0.10447364300489426
D,D_C_43222,chck_90M,43222,C,heldout_natural_source_repeat,heldoutcopy:1:991:13506,1,-0.0002698749303817749,10,0.050996460020542145,childes,13506,16,0.05072658509016037
D,D_C_43222,chck_90M,43222,C,heldout_natural_source_repeat,heldoutcopy:1:992:41712,1,2.701652927324176,9,0.022326307371258736,open_subtitles,41712,14,2.7239792346954346
D,D_C_43222,chck_90M,43222,C,heldout_natural_source_repeat,heldoutcopy:1:993:54425,1,4.688085913658142,8,0.5812174081802368,simple_wiki,54425,13,5.269303321838379
D,D_C_43222,chck_90M,43222,C,heldout_natural_source_repeat,heldoutcopy:1:994:21878,1,0.00744156539440155,14,0.02876901999115944,childes,21878,23,0.03621058538556099
D,D_C_43222,chck_90M,43222,C,heldout_natural_source_repeat,heldoutcopy:1:995:18742,1,6.744997926056385,8,0.12287717312574387,childes,18742,10,6.867875099182129
D,D_C_43222,chck_90M,43222,C,heldout_natural_source_repeat,heldoutcopy:1:996:55664,1,0.932566100731492,8,0.017496054992079735,simple_wiki,55664,11,0.9500621557235718
D,D_C_43222,chck_90M,43222,C,heldout_natural_source_repeat,heldoutcopy:1:997:21953,1,0.34385013580322266,12,6.346735000610352,childes,21953,19,6.690585136413574
D,D_C_43222,chck_90M,43222,C,heldout_natural_source_repeat,heldoutcopy:1:998:26023,1,0.5100734513252974,8,0.019969137385487556,gutenberg,26023,11,0.5300425887107849
D,D_C_43222,chck_90M,43222,C,heldout_natural_source_repeat,heldoutcopy:1:999:14369,1,1.7250360362231731,8,0.03566490486264229,childes,14369,10,1.7607009410858154
D,D_C_43222,chck_90M,43222,C,heldout_natural_source_repeat,heldoutcopy:1:99:47026,1,2.5055199898779392,11,0.05716859921813011,open_subtitles,47026,17,2.5626885890960693
D,D_C_43222,chck_90M,43222,C,heldout_natural_source_repeat,heldoutcopy:1:9:60763,1,12.290760980919003,9,0.023576749488711357,simple_wiki,60763,15,12.314337730407715
D,D_C_43222,chck_90M,43222,C,heldout_natural_source_repeat,heldoutcopy:4:0:34715,4,5.868352055549622,11,0.2798575162887573,gutenberg,34715,18,6.148209571838379
D,D_C_43222,chck_90M,43222,C,heldout_natural_source_repeat,heldoutcopy:4:100:46093,4,-0.5546445846557617,8,2.736067295074463,open_subtitles,46093,11,2.181422710418701
D,D_C_43222,chck_90M,43222,C,heldout_natural_source_repeat,heldoutcopy:4:101:9638,4,0.00038588792085647583,8,0.0007141662063077092,childes,9638,11,0.001100054127164185
D,D_C_43222,chck_90M,43222,C,heldout_natural_source_repeat,heldoutcopy:4:102:38847,4,5.131170377135277,8,0.04762686789035797,open_subtitles,38847,12,5.178797245025635
D,D_C_43222,chck_90M,43222,C,heldout_natural_source_repeat,heldoutcopy:4:103:25389,4,2.5029936023056507,28,0.035711031407117844,gutenberg,25389,52,2.5387046337127686
D,D_C_43222,chck_90M,43222,C,heldout_natural_source_repeat,heldoutcopy:4:104:23610,4,2.815435653552413,8,0.005117887631058693,gutenberg,23610,11,2.8205535411834717
D,D_C_43222,chck_90M,43222,C,heldout_natural_source_repeat,heldoutcopy:4:105:9850,4,6.207277704030275,19,0.02705247327685356,childes,9850,31,6.234330177307129
D,D_C_43222,chck_90M,43222,C,heldout_natural_source_repeat,heldoutcopy:4:106:33545,4,1.8249342441558838,28,0.27036499977111816,gutenberg,33545,48,2.095299243927002
D,D_C_43222,chck_90M,43222,C,heldout_natural_source_repeat,heldoutcopy:4:107:27677,4,6.178844287991524,8,0.14577166736125946,gutenberg,27677,11,6.324615955352783
D,D_C_43222,chck_90M,43222,C,heldout_natural_source_repeat,heldoutcopy:4:108:31140,4,9.655677311122417,11,0.09600592404603958,gutenberg,31140,18,9.751683235168457
D,D_C_43222,chck_90M,43222,C,heldout_natural_source_repeat,heldoutcopy:4:109:39267,4,1.561907438095659,8,0.0070038759149611,open_subtitles,39267,11,1.5689113140106201
D,D_C_43222,chck_90M,43222,C,heldout_natural_source_repeat,heldoutcopy:4:10:4664,4,0.9242704585194588,8,0.045821718871593475,bnc_spoken,4664,10,0.9700921773910522
D,D_C_43222,chck_90M,43222,C,heldout_natural_source_repeat,heldoutcopy:4:110:42641,4,6.59709782153368,8,0.08010249584913254,open_subtitles,42641,11,6.6772003173828125
D,D_C_43222,chck_90M,43222,C,heldout_natural_source_repeat,heldoutcopy:4:111:16252,4,0.7640634565614164,9,0.004290542099624872,childes,16252,14,0.7683539986610413
D,D_C_43222,chck_90M,43222,C,heldout_natural_source_repeat,heldoutcopy:4:112:21179,4,5.880349645391107,9,0.022587290033698082,childes,21179,14,5.902936935424805
D,D_C_43222,chck_90M,43222,C,heldout_natural_source_repeat,heldoutcopy:4:113:36547,4,3.880506563000381,13,0.004429054446518421,gutenberg,36547,21,3.8849356174468994
D,D_C_43222,chck_90M,43222,C,heldout_natural_source_repeat,heldoutcopy:4:114:31372,4,4.1955374255776405,28,0.035317562520504,gutenberg,31372,53,4.2308549880981445
D,D_C_43222,chck_90M,43222,C,heldout_natural_source_repeat,heldoutcopy:4:115:48479,4,10.96168851852417,8,2.048666477203369,open_subtitles,48479,12,13.010354995727539
D,D_C_43222,chck_90M,43222,C,heldout_natural_source_repeat,heldoutcopy:4:116:8771,4,1.8078566677868366,8,0.051583658903837204,childes,8771,10,1.8594403266906738
D,D_C_43222,chck_90M,43222,C,heldout_natural_source_repeat,heldoutcopy:4:117:35397,4,0.000588481780141592,8,0.00040570611599832773,gutenberg,35397,12,0.0009941878961399198
D,D_C_43222,chck_90M,43222,C,heldout_natural_source_repeat,heldoutcopy:4:118:21260,4,0.12220252584666014,8,0.005585302598774433,childes,21260,10,0.12778782844543457
D,D_C_43222,chck_90M,43222,C,heldout_natural_source_repeat,heldoutcopy:4:119:13377,4,0.19506289809942245,8,0.04158521443605423,childes,13377,13,0.23664811253547668
D,D_C_43222,chck_90M,43222,C,heldout_natural_source_repeat,heldoutcopy:4:11:10575,4,2.111357569694519,11,0.605406641960144,childes,10575,17,2.716764211654663
D,D_C_43222,chck_90M,43222,C,heldout_natural_source_repeat,heldoutcopy:4:120:16330,4,2.0711884051561356,8,0.12203626334667206,childes,16330,10,2.1932246685028076
D,D_C_43222,chck_90M,43222,C,heldout_natural_source_repeat,heldoutcopy:4:121:47969,4,11.231913016177714,19,0.012625291012227535,open_subtitles,47969,30,11.244538307189941
D,D_C_43222,chck_90M,43222,C,heldout_natural_source_repeat,heldoutcopy:4:122:37483,4,5.145866125822067,8,0.028207093477249146,gutenberg,37483,10,5.174073219299316
D,D_C_43222,chck_90M,43222,C,heldout_natural_source_repeat,heldoutcopy:4:123:14826,4,1.0781393647193909,13,0.08000510931015015,childes,14826,21,1.158144474029541
D,D_C_43222,chck_90M,43222,C,heldout_natural_source_repeat,heldoutcopy:4:124:40156,4,3.042791750282049,8,0.060338590294122696,open_subtitles,40156,10,3.103130340576172
D,D_C_43222,chck_90M,43222,C,heldout_natural_source_repeat,heldoutcopy:4:125:19420,4,1.1298110075294971,9,0.05139581486582756,childes,19420,14,1.1812068223953247
D,D_C_43222,chck_90M,43222,C,heldout_natural_source_repeat,heldoutcopy:4:126:27140,4,2.3401369142811745,11,0.002195925684645772,gutenberg,27140,17,2.3423328399658203
D,D_C_43222,chck_90M,43222,C,heldout_natural_source_repeat,heldoutcopy:4:127:7181,4,6.17717394977808,8,0.0707336887717247,childes,7181,12,6.247907638549805
D,D_C_43222,chck_90M,43222,C,heldout_natural_source_repeat,heldoutcopy:4:128:27695,4,1.3662897646427155,8,0.12760254740715027,gutenberg,27695,12,1.4938923120498657
D,D_C_43222,chck_90M,43222,C,heldout_natural_source_repeat,heldoutcopy:4:129:1384,4,5.714187348261476,12,0.019963061437010765,bnc_spoken,1384,19,5.734150409698486
D,D_C_43222,chck_90M,43222,C,heldout_natural_source_repeat,heldoutcopy:4:12:16004,4,1.2957937121391296,15,0.317804753780365,childes,16004,24,1.6135984659194946
D,D_C_43222,chck_90M,43222,C,heldout_natural_source_repeat,heldoutcopy:4:130:20591,4,0.11459941742941737,8,0.0017828536219894886,childes,20591,13,0.11638227105140686
D,D_C_43222,chck_90M,43222,C,heldout_natural_source_repeat,heldoutcopy:4:131:21970,4,0.895906925201416,9,5.843621253967285,childes,21970,14,6.739528179168701
D,D_C_43222,chck_90M,43222,C,heldout_natural_source_repeat,heldoutcopy:4:132:8436,4,8.60124397277832,8,0.0733652114868164,childes,8436,11,8.674609184265137
D,D_C_43222,chck_90M,43222,C,heldout_natural_source_repeat,heldoutcopy:4:133:59742,4,4.068949177861214,16,0.07635359466075897,simple_wiki,59742,25,4.145302772521973
D,D_C_43222,chck_90M,43222,C,heldout_natural_source_repeat,heldoutcopy:4:134:55526,4,1.6794507969170809,9,0.02816803567111492,simple_wiki,55526,14,1.7076188325881958
D,D_C_43222,chck_90M,43222,C,heldout_natural_source_repeat,heldoutcopy:4:135:29340,4,7.625396393239498,8,0.07043109089136124,gutenberg,29340,10,7.695827484130859
D,D_C_43222,chck_90M,43222,C,heldout_natural_source_repeat,heldoutcopy:4:136:33364,4,5.099586088210344,27,0.020273607224225998,gutenberg,33364,44,5.11985969543457
D,D_C_43222,chck_90M,43222,C,heldout_natural_source_repeat,heldoutcopy:4:137:55845,4,1.0261311307549477,18,0.02259638160467148,simple_wiki,55845,29,1.0487275123596191
D,D_C_43222,chck_90M,43222,C,heldout_natural_source_repeat,heldoutcopy:4:138:49750,4,0.3336818525567651,8,0.007975517772138119,open_subtitles,49750,12,0.3416573703289032
D,D_C_43222,chck_90M,43222,C,heldout_natural_source_repeat,heldoutcopy:4:139:46059,4,9.057716339826584,8,0.1618376076221466,open_subtitles,46059,10,9.21955394744873
D,D_C_43222,chck_90M,43222,C,heldout_natural_source_repeat,heldoutcopy:4:13:41264,4,3.2997900992631912,8,0.1491442173719406,open_subtitles,41264,10,3.448934316635132
D,D_C_43222,chck_90M,43222,C,heldout_natural_source_repeat,heldoutcopy:4:140:10122,4,0.009556803037412465,19,0.0008738989708945155,childes,10122,30,0.01043070200830698
D,D_C_43222,chck_90M,43222,C,heldout_natural_source_repeat,heldoutcopy:4:141:2911,4,2.872341387439519,17,0.00723267300054431,bnc_spoken,2911,27,2.8795740604400635
D,D_C_43222,chck_90M,43222,C,heldout_natural_source_repeat,heldoutcopy:4:142:29628,4,0.16045796871185303,15,0.04486463963985443,gutenberg,29628,24,0.20532260835170746
D,D_C_43222,chck_90M,43222,C,heldout_natural_source_repeat,heldoutcopy:4:143:3336,4,0.318075530230999,28,0.06719768792390823,bnc_spoken,3336,47,0.3852732181549072
D,D_C_43222,chck_90M,43222,C,heldout_natural_source_repeat,heldoutcopy:4:144:39750,4,0.9738405719399452,8,0.062416933476924896,open_subtitles,39750,10,1.0362575054168701
D,D_C_43222,chck_90M,43222,C,heldout_natural_source_repeat,heldoutcopy:4:145:11887,4,7.542408347129822,8,0.08680737018585205,childes,11887,11,7.629215717315674
D,D_C_43222,chck_90M,43222,C,heldout_natural_source_repeat,heldoutcopy:4:146:37409,4,11.588307628408074,14,0.015721073374152184,gutenberg,37409,23,11.604028701782227
D,D_C_43222,chck_90M,43222,C,heldout_natural_source_repeat,heldoutcopy:4:147:16087,4,0.03281453251838684,8,0.013839006423950195,childes,16087,13,0.046653538942337036
D,D_C_43222,chck_90M,43222,C,heldout_natural_source_repeat,heldoutcopy:4:148:55281,4,0.0028629234293475747,8,0.001813197392039001,simple_wiki,55281,11,0.004676120821386576
D,D_C_43222,chck_90M,43222,C,heldout_natural_source_repeat,heldoutcopy:4:149:19070,4,0.01425296301022172,12,0.0022757365368306637,childes,19070,19,0.016528699547052383
D,D_C_43222,chck_90M,43222,C,heldout_natural_source_repeat,heldoutcopy:4:14:16052,4,0.4086322644725442,8,0.01322768535465002,childes,16052,11,0.4218599498271942
D,D_C_43222,chck_90M,43222,C,heldout_natural_source_repeat,heldoutcopy:4:150:50032,4,3.8377796411514282,8,0.2527397871017456,open_subtitles,50032,12,4.090519428253174
D,D_C_43222,chck_90M,43222,C,heldout_natural_source_repeat,heldoutcopy:4:151:57454,4,4.168143153190613,9,1.2686067819595337,simple_wiki,57454,15,5.4367499351501465
D,D_C_43222,chck_90M,43222,C,heldout_natural_source_repeat,heldoutcopy:4:152:34510,4,1.1868131794035435,18,0.0585821233689785,gutenberg,34510,29,1.245395302772522
D,D_C_43222,chck_90M,43222,C,heldout_natural_source_repeat,heldoutcopy:4:153:12407,4,8.269614949822426,8,0.06952975690364838,childes,12407,10,8.339144706726074
D,D_C_43222,chck_90M,43222,C,heldout_natural_source_repeat,heldoutcopy:4:154:38516,4,-2.128325939178467,8,5.285548210144043,open_subtitles,38516,11,3.157222270965576
D,D_C_43222,chck_90M,43222,C,heldout_natural_source_repeat,heldoutcopy:4:155:5433,4,0.0023018420888547553,8,2.634490556374658e-05,childes,5433,11,0.002328186994418502
D,D_C_43222,chck_90M,43222,C,heldout_natural_source_repeat,heldoutcopy:4:156:10152,4,1.9563350789248943,8,0.042540181428194046,childes,10152,13,1.9988752603530884
D,D_C_43222,chck_90M,43222,C,heldout_natural_source_repeat,heldoutcopy:4:157:2397,4,1.7091031074523926,8,3.7405261993408203,bnc_spoken,2397,10,5.449629306793213
D,D_C_43222,chck_90M,43222,C,heldout_natural_source_repeat,heldoutcopy:4:158:39156,4,0.04989445023238659,8,0.020454423502087593,open_subtitles,39156,13,0.07034887373447418
D,D_C_43222,chck_90M,43222,C,heldout_natural_source_repeat,heldoutcopy:4:159:55308,4,0.60836715484038,9,0.003702928777784109,simple_wiki,55308,14,0.6120700836181641
D,D_C_43222,chck_90M,43222,C,heldout_natural_source_repeat,heldoutcopy:4:15:24796,4,2.6021201461553574,10,0.12451888620853424,gutenberg,24796,16,2.7266390323638916
D,D_C_43222,chck_90M,43222,C,heldout_natural_source_repeat,heldoutcopy:4:160:5825,4,4.80796192586422,8,0.1964721828699112,childes,5825,10,5.004434108734131
D,D_C_43222,chck_90M,43222,C,heldout_natural_source_repeat,heldoutcopy:4:161:35857,4,-1.4263410568237305,8,5.208502769470215,gutenberg,35857,11,3.7821617126464844
D,D_C_43222,chck_90M,43222,C,heldout_natural_source_repeat,heldoutcopy:4:162:57669,4,2.3203309439122677,8,0.04154530540108681,simple_wiki,57669,13,2.3618762493133545
D,D_C_43222,chck_90M,43222,C,heldout_natural_source_repeat,heldoutcopy:4:163:20822,4,0.0811575767584145,9,0.007171365898102522,childes,20822,15,0.08832894265651703
D,D_C_43222,chck_90M,43222,C,heldout_natural_source_repeat,heldoutcopy:4:164:57321,4,0.0053915586322546005,21,0.02134062722325325,simple_wiki,57321,34,0.02673218585550785
D,D_C_43222,chck_90M,43222,C,heldout_natural_source_repeat,heldoutcopy:4:165:12881,4,4.530224293470383,11,0.4291262924671173,childes,12881,17,4.9593505859375
D,D_C_43222,chck_90M,43222,C,heldout_natural_source_repeat,heldoutcopy:4:166:29039,4,8.240406144410372,8,0.05455387756228447,gutenberg,29039,13,8.294960021972656
D,D_C_43222,chck_90M,43222,C,heldout_natural_source_repeat,heldoutcopy:4:167:7182,4,0.0012567639350891113,8,0.07871412485837936,childes,7182,11,0.07997088879346848
D,D_C_43222,chck_90M,43222,C,heldout_natural_source_repeat,heldoutcopy:4:168:21853,4,1.8439109474420547,16,0.025251612067222595,childes,21853,25,1.8691625595092773
D,D_C_43222,chck_90M,43222,C,heldout_natural_source_repeat,heldoutcopy:4:169:37536,4,4.594891995191574,26,0.07840302586555481,gutenberg,37536,42,4.673295021057129
D,D_C_43222,chck_90M,43222,C,heldout_natural_source_repeat,heldoutcopy:4:16:3202,4,6.868856906890869,28,4.7788004875183105,bnc_spoken,3202,55,11.64765739440918
D,D_C_43222,chck_90M,43222,C,heldout_natural_source_repeat,heldoutcopy:4:170:3724,4,8.584485486149788,16,0.08387236297130585,bnc_spoken,3724,26,8.668357849121094
D,D_C_43222,chck_90M,43222,C,heldout_natural_source_repeat,heldoutcopy:4:171:43719,4,0.6575373979285359,9,0.008660140447318554,open_subtitles,43719,14,0.6661975383758545
D,D_C_43222,chck_90M,43222,C,heldout_natural_source_repeat,heldoutcopy:4:172:29677,4,11.442574486136436,8,0.008273139595985413,gutenberg,29677,10,11.450847625732422
D,D_C_43222,chck_90M,43222,C,heldout_natural_source_repeat,heldoutcopy:4:173:9435,4,3.7718130946159363,20,0.49538689851760864,childes,9435,33,4.267199993133545
D,D_C_43222,chck_90M,43222,C,heldout_natural_source_repeat,heldoutcopy:4:174:12464,4,5.833384446799755,8,0.03588206321001053,childes,12464,12,5.869266510009766
D,D_C_43222,chck_90M,43222,C,heldout_natural_source_repeat,heldoutcopy:4:175:43943,4,7.162082552909851,8,0.13418972492218018,open_subtitles,43943,10,7.296272277832031
D,D_C_43222,chck_90M,43222,C,heldout_natural_source_repeat,heldoutcopy:4:176:21153,4,0.9169892775826156,8,0.0026771915145218372,childes,21153,10,0.9196664690971375
D,D_C_43222,chck_90M,43222,C,heldout_natural_source_repeat,heldoutcopy:4:177:24419,4,0.09565243008546531,17,0.0034589481074362993,gutenberg,24419,27,0.09911137819290161
D,D_C_43222,chck_90M,43222,C,heldout_natural_source_repeat,heldoutcopy:4:178:22193,4,4.816515712998807,10,0.011431903578341007,childes,22193,16,4.827947616577148
D,D_C_43222,chck_90M,43222,C,heldout_natural_source_repeat,heldoutcopy:4:179:62109,4,4.975380063056946,8,0.04792678356170654,simple_wiki,62109,11,5.023306846618652
D,D_C_43222,chck_90M,43222,C,heldout_natural_source_repeat,heldoutcopy:4:17:43196,4,13.408397577703,8,0.05333719402551651,open_subtitles,43196,10,13.461734771728516
D,D_C_43222,chck_90M,43222,C,heldout_natural_source_repeat,heldoutcopy:4:180:3392,4,0.1999790333211422,12,0.015492800623178482,bnc_spoken,3392,20,0.21547183394432068
D,D_C_43222,chck_90M,43222,C,heldout_natural_source_repeat,heldoutcopy:4:181:55682,4,1.3036023918539286,9,0.027030890807509422,simple_wiki,55682,15,1.330633282661438
D,D_C_43222,chck_90M,43222,C,heldout_natural_source_repeat,heldoutcopy:4:182:57347,4,3.563615281134844,12,0.011269133538007736,simple_wiki,57347,20,3.5748844146728516
D,D_C_43222,chck_90M,43222,C,heldout_natural_source_repeat,heldoutcopy:4:183:8554,4,0.32023285515606403,8,0.013292504474520683,childes,8554,11,0.3335253596305847
D,D_C_43222,chck_90M,43222,C,heldout_natural_source_repeat,heldoutcopy:4:184:57210,4,0.3159308433532715,8,2.1866397857666016,simple_wiki,57210,11,2.502570629119873
D,D_C_43222,chck_90M,43222,C,heldout_natural_source_repeat,heldoutcopy:4:185:36351,4,0.8224314153194427,19,0.046684712171554565,gutenberg,36351,30,0.8691161274909973
D,D_C_43222,chck_90M,43222,C,heldout_natural_source_repeat,heldoutcopy:4:186:46272,4,4.876664144452661,8,0.006205576006323099,open_subtitles,46272,11,4.882869720458984
D,D_C_43222,chck_90M,43222,C,heldout_natural_source_repeat,heldoutcopy:4:187:4481,4,2.9126408137381077,8,0.027902361005544662,bnc_spoken,4481,10,2.9405431747436523
D,D_C_43222,chck_90M,43222,C,heldout_natural_source_repeat,heldoutcopy:4:188:61346,4,-0.026808664202690125,13,0.07855533808469772,simple_wiki,61346,21,0.0517466738820076
D,D_C_43222,chck_90M,43222,C,heldout_natural_source_repeat,heldoutcopy:4:189:36298,4,1.0377808809280396,19,0.17913472652435303,gutenberg,36298,30,1.2169156074523926
D,D_C_43222,chck_90M,43222,C,heldout_natural_source_repeat,heldoutcopy:4:18:12105,4,0.019229913828894496,9,0.0027210612315684557,childes,12105,15,0.02195097506046295
D,D_C_43222,chck_90M,43222,C,heldout_natural_source_repeat,heldoutcopy:4:190:23133,4,2.738688202574849,9,0.026304511353373528,gutenberg,23133,14,2.7649927139282227
D,D_C_43222,chck_90M,43222,C,heldout_natural_source_repeat,heldoutcopy:4:191:59486,4,-0.0014569424092769623,12,0.035724375396966934,simple_wiki,59486,20,0.03426743298768997
D,D_C_43222,chck_90M,43222,C,heldout_natural_source_repeat,heldoutcopy:4:192:38482,4,2.8736681789159775,8,0.1570615917444229,gutenberg,38482,11,3.0307297706604004
D,D_C_43222,chck_90M,43222,C,heldout_natural_source_repeat,heldoutcopy:4:193:45843,4,0.09973914051079191,8,0.0004539651272352785,open_subtitles,45843,11,0.10019310563802719
D,D_C_43222,chck_90M,43222,C,heldout_natural_source_repeat,heldoutcopy:4:194:61912,4,8.967305473983288,8,0.06605309993028641,simple_wiki,61912,10,9.033358573913574
D,D_C_43222,chck_90M,43222,C,heldout_natural_source_repeat,heldoutcopy:4:195:1018,4,8.042990572750568,16,0.06760131567716599,bnc_spoken,1018,25,8.110591888427734
D,D_C_43222,chck_90M,43222,C,heldout_natural_source_repeat,heldoutcopy:4:196:45756,4,8.784197330474854,8,0.2071394920349121,open_subtitles,45756,13,8.991336822509766
D,D_C_43222,chck_90M,43222,C,heldout_natural_source_repeat,heldoutcopy:4:197:51773,4,1.2715822914615273,11,0.012606455944478512,open_subtitles,51773,17,1.2841887474060059
D,D_C_43222,chck_90M,43222,C,heldout_natural_source_repeat,heldoutcopy:4:198:14587,4,1.4075590800493956,8,0.01804073341190815,childes,14587,11,1.4255998134613037
D,D_C_43222,chck_90M,43222,C,heldout_natural_source_repeat,heldoutcopy:4:199:7065,4,0.005699498578906059,22,0.005358855240046978,childes,7065,36,0.011058353818953037
D,D_C_43222,chck_90M,43222,C,heldout_natural_source_repeat,heldoutcopy:4:19:58281,4,7.634867813438177,25,0.03228125348687172,simple_wiki,58281,40,7.667149066925049
D,D_C_43222,chck_90M,43222,C,heldout_natural_source_repeat,heldoutcopy:4:1:57252,4,2.5252829790115356,8,0.015877604484558105,simple_wiki,57252,13,2.5411605834960938
D,D_C_43222,chck_90M,43222,C,heldout_natural_source_repeat,heldoutcopy:4:200:7935,4,-0.7546331360936165,8,0.8418633937835693,childes,7935,10,0.08723025768995285
D,D_C_43222,chck_90M,43222,C,heldout_natural_source_repeat,heldoutcopy:4:201:50052,4,0.015434334054589272,8,0.0012416280806064606,open_subtitles,50052,12,0.016675962135195732
D,D_C_43222,chck_90M,43222,C,heldout_natural_source_repeat,heldoutcopy:4:202:7743,4,0.7054662182927132,12,0.006034843623638153,childes,7743,19,0.7115010619163513
D,D_C_43222,chck_90M,43222,C,heldout_natural_source_repeat,heldoutcopy:4:203:52392,4,7.0732234716415405,22,1.7445436716079712,open_subtitles,52392,36,8.817767143249512
D,D_C_43222,chck_90M,43222,C,heldout_natural_source_repeat,heldoutcopy:4:204:21975,4,0.893290457315743,8,0.010025384835898876,childes,21975,10,0.9033158421516418
D,D_C_43222,chck_90M,43222,C,heldout_natural_source_repeat,heldoutcopy:4:205:42298,4,8.086136311292648,12,0.2965073883533478,open_subtitles,42298,19,8.382643699645996
D,D_C_43222,chck_90M,43222,C,heldout_natural_source_repeat,heldoutcopy:4:206:56120,4,0.1277692443691194,19,0.004474627319723368,simple_wiki,56120,30,0.13224387168884277
D,D_C_43222,chck_90M,43222,C,heldout_natural_source_repeat,heldoutcopy:4:207:31876,4,8.549438953399658,8,0.08734846115112305,gutenberg,31876,13,8.636787414550781
D,D_C_43222,chck_90M,43222,C,heldout_natural_source_repeat,heldoutcopy:4:208:17882,4,5.693812884390354,8,0.1138591393828392,childes,17882,11,5.807672023773193
D,D_C_43222,chck_90M,43222,C,heldout_natural_source_repeat,heldoutcopy:4:209:29842,4,2.0511836148798466,9,0.05538376793265343,gutenberg,29842,14,2.1065673828125
D,D_C_43222,chck_90M,43222,C,heldout_natural_source_repeat,heldoutcopy:4:20:18239,4,0.1804465672466904,8,0.0018356868531554937,childes,18239,11,0.1822822540998459
D,D_C_43222,chck_90M,43222,C,heldout_natural_source_repeat,heldoutcopy:4:210:17570,4,0.993429571390152,8,0.10063204169273376,childes,17570,10,1.0940616130828857
D,D_C_43222,chck_90M,43222,C,heldout_natural_source_repeat,heldoutcopy:4:211:36593,4,-0.010504147037863731,20,0.036868687719106674,gutenberg,36593,33,0.026364540681242943
D,D_C_43222,chck_90M,43222,C,heldout_natural_source_repeat,heldoutcopy:4:212:12470,4,0.00015698251263529528,8,2.4199192921514623e-05,childes,12470,13,0.0001811817055568099
D,D_C_43222,chck_90M,43222,C,heldout_natural_source_repeat,heldoutcopy:4:213:20655,4,-0.0009725019335746765,17,0.030797205865383148,childes,20655,27,0.02982470393180847
D,D_C_43222,chck_90M,43222,C,heldout_natural_source_repeat,heldoutcopy:4:214:42006,4,-0.00037984311347827315,8,0.001019673072732985,open_subtitles,42006,11,0.0006398299592547119
D,D_C_43222,chck_90M,43222,C,heldout_natural_source_repeat,heldoutcopy:4:215:60583,4,2.807685688138008,8,0.07698933780193329,simple_wiki,60583,12,2.8846750259399414
D,D_C_43222,chck_90M,43222,C,heldout_natural_source_repeat,heldoutcopy:4:216:18563,4,0.00015757812980154995,12,2.6225699912174605e-05,childes,18563,19,0.00018380382971372455
D,D_C_43222,chck_90M,43222,C,heldout_natural_source_repeat,heldoutcopy:4:217:6247,4,5.418802046682686,8,0.007220482919365168,childes,6247,11,5.426022529602051
D,D_C_43222,chck_90M,43222,C,heldout_natural_source_repeat,heldoutcopy:4:218:56147,4,0.18100180476903915,12,0.08998069912195206,simple_wiki,56147,19,0.2709825038909912
D,D_C_43222,chck_90M,43222,C,heldout_natural_source_repeat,heldoutcopy:4:219:50022,4,11.286205559968948,8,0.20492050051689148,open_subtitles,50022,13,11.49112606048584
D,D_C_43222,chck_90M,43222,C,heldout_natural_source_repeat,heldoutcopy:4:21:54800,4,1.8502452969551086,8,0.17831510305404663,simple_wiki,54800,10,2.0285604000091553
D,D_C_43222,chck_90M,43222,C,heldout_natural_source_repeat,heldoutcopy:4:220:445,4,5.987284056842327,19,0.11908067017793655,bnc_spoken,445,30,6.106364727020264
D,D_C_43222,chck_90M,43222,C,heldout_natural_source_repeat,heldoutcopy:4:221:17535,4,2.5761600974947214,8,0.008913135156035423,childes,17535,10,2.585073232650757
D,D_C_43222,chck_90M,43222,C,heldout_natural_source_repeat,heldoutcopy:4:222:50711,4,7.562572441995144,9,0.06346086412668228,open_subtitles,50711,15,7.626033306121826
D,D_C_43222,chck_90M,43222,C,heldout_natural_source_repeat,heldoutcopy:4:223:20001,4,2.674462553113699,9,0.03925300016999245,childes,20001,14,2.7137155532836914
D,D_C_43222,chck_90M,43222,C,heldout_natural_source_repeat,heldoutcopy:4:224:777,4,8.630118522793055,9,0.04899105057120323,bnc_spoken,777,15,8.679109573364258
D,D_C_43222,chck_90M,43222,C,heldout_natural_source_repeat,heldoutcopy:4:225:1742,4,0.5101202024379745,8,0.0016124354442581534,bnc_spoken,1742,11,0.5117326378822327
D,D_C_43222,chck_90M,43222,C,heldout_natural_source_repeat,heldoutcopy:4:226:25849,4,3.4784717857837677,23,0.3735181987285614,gutenberg,25849,37,3.851989984512329
D,D_C_43222,chck_90M,43222,C,heldout_natural_source_repeat,heldoutcopy:4:227:11615,4,2.3409679047763348,8,0.04793428257107735,childes,11615,12,2.388902187347412
D,D_C_43222,chck_90M,43222,C,heldout_natural_source_repeat,heldoutcopy:4:228:57671,4,1.7936258018016815,8,0.1921032965183258,simple_wiki,57671,12,1.9857290983200073
D,D_C_43222,chck_90M,43222,C,heldout_natural_source_repeat,heldoutcopy:4:229:57417,4,1.5051772687584162,13,0.021214475855231285,simple_wiki,57417,21,1.5263917446136475
D,D_C_43222,chck_90M,43222,C,heldout_natural_source_repeat,heldoutcopy:4:22:24538,4,1.2900490555912256,26,0.026518603786826134,gutenberg,24538,42,1.3165676593780518
D,D_C_43222,chck_90M,43222,C,heldout_natural_source_repeat,heldoutcopy:4:230:1756,4,-0.1639459729194641,24,0.6222558617591858,bnc_spoken,1756,38,0.4583098888397217
D,D_C_43222,chck_90M,43222,C,heldout_natural_source_repeat,heldoutcopy:4:231:17433,4,4.9431220926344395,8,0.05252867564558983,childes,17433,12,4.995650768280029
D,D_C_43222,chck_90M,43222,C,heldout_natural_source_repeat,heldoutcopy:4:232:49603,4,4.208497494459152,9,0.178132563829422,open_subtitles,49603,14,4.386630058288574
D,D_C_43222,chck_90M,43222,C,heldout_natural_source_repeat,heldoutcopy:4:233:24329,4,0.621964642778039,8,0.028946569189429283,gutenberg,24329,11,0.6509112119674683
D,D_C_43222,chck_90M,43222,C,heldout_natural_source_repeat,heldoutcopy:4:234:35242,4,0.0008720691257622093,8,0.0003228858404327184,gutenberg,35242,11,0.0011949549661949277
D,D_C_43222,chck_90M,43222,C,heldout_natural_source_repeat,heldoutcopy:4:235:43592,4,6.344351228326559,8,0.040992800146341324,open_subtitles,43592,11,6.3853440284729
D,D_C_43222,chck_90M,43222,C,heldout_natural_source_repeat,heldoutcopy:4:236:3574,4,5.8223114013671875,8,10.442399978637695,bnc_spoken,3574,12,16.264711380004883
D,D_C_43222,chck_90M,43222,C,heldout_natural_source_repeat,heldoutcopy:4:237:28648,4,1.5546848475933075,16,0.35811904072761536,gutenberg,28648,26,1.9128038883209229
D,D_C_43222,chck_90M,43222,C,heldout_natural_source_repeat,heldoutcopy:4:238:7814,4,2.540752896806225,8,0.002394905546680093,childes,7814,10,2.5431478023529053
D,D_C_43222,chck_90M,43222,C,heldout_natural_source_repeat,heldoutcopy:4:239:5577,4,0.7313625812530518,22,0.366774320602417,childes,5577,36,1.0981369018554688
D,D_C_43222,chck_90M,43222,C,heldout_natural_source_repeat,heldoutcopy:4:23:12025,4,0.05653941887430847,8,0.0018176001030951738,childes,12025,12,0.05835701897740364
D,D_C_43222,chck_90M,43222,C,heldout_natural_source_repeat,heldoutcopy:4:240:53669,4,-5.125841198605485e-06,19,3.373566141817719e-05,simple_wiki,53669,31,2.8609820219571702e-05
D,D_C_43222,chck_90M,43222,C,heldout_natural_source_repeat,heldoutcopy:4:241:60425,4,4.459429711103439,11,0.1545749008655548,simple_wiki,60425,18,4.614004611968994
D,D_C_43222,chck_90M,43222,C,heldout_natural_source_repeat,heldoutcopy:4:242:33497,4,9.289085999131203,17,0.058407172560691833,gutenberg,33497,28,9.347493171691895
D,D_C_43222,chck_90M,43222,C,heldout_natural_source_repeat,heldoutcopy:4:243:15521,4,4.971500277519226,10,0.3311043977737427,childes,15521,16,5.302604675292969
D,D_C_43222,chck_90M,43222,C,heldout_natural_source_repeat,heldoutcopy:4:244:13301,4,3.1264563351869583,8,0.10523073375225067,childes,13301,10,3.231687068939209
D,D_C_43222,chck_90M,43222,C,heldout_natural_source_repeat,heldoutcopy:4:245:37303,4,0.28016696870326996,19,0.12751345336437225,gutenberg,37303,30,0.4076804220676422
D,D_C_43222,chck_90M,43222,C,heldout_natural_source_repeat,heldoutcopy:4:246:19400,4,2.5182374492287636,8,0.10001244395971298,childes,19400,10,2.6182498931884766
D,D_C_43222,chck_90M,43222,C,heldout_natural_source_repeat,heldoutcopy:4:247:11686,4,0.5361226852983236,8,0.022287720814347267,childes,11686,10,0.5584104061126709
D,D_C_43222,chck_90M,43222,C,heldout_natural_source_repeat,heldoutcopy:4:248:25542,4,3.198578253388405,14,0.18522964417934418,gutenberg,25542,23,3.383807897567749
D,D_C_43222,chck_90M,43222,C,heldout_natural_source_repeat,heldoutcopy:4:249:308,4,7.348851144313812,8,0.5847859978675842,bnc_spoken,308,12,7.9336371421813965
D,D_C_43222,chck_90M,43222,C,heldout_natural_source_repeat,heldoutcopy:4:24:42529,4,4.817180957645178,8,0.03300872817635536,open_subtitles,42529,13,4.850189685821533
D,D_C_43222,chck_90M,43222,C,heldout_natural_source_repeat,heldoutcopy:4:250:19193,4,0.9948788564652205,8,0.02410462684929371,childes,19193,10,1.0189834833145142
D,D_C_43222,chck_90M,43222,C,heldout_natural_source_repeat,heldoutcopy:4:251:31353,4,10.522980339825153,20,0.07696758955717087,gutenberg,31353,32,10.599947929382324
D,D_C_43222,chck_90M,43222,C,heldout_natural_source_repeat,heldoutcopy:4:252:62261,4,1.321134090423584,20,0.7125921249389648,simple_wiki,62261,32,2.033726215362549
D,D_C_43222,chck_90M,43222,C,heldout_natural_source_repeat,heldoutcopy:4:253:15187,4,7.132957637310028,8,0.11117058992385864,childes,15187,10,7.244128227233887
D,D_C_43222,chck_90M,43222,C,heldout_natural_source_repeat,heldoutcopy:4:254:44470,4,1.6961677074432373,8,0.041193246841430664,open_subtitles,44470,12,1.737360954284668
D,D_C_43222,chck_90M,43222,C,heldout_natural_source_repeat,heldoutcopy:4:255:53197,4,2.7610886096954346,18,2.4521286487579346,simple_wiki,53197,29,5.213217258453369
D,D_C_43222,chck_90M,43222,C,heldout_natural_source_repeat,heldoutcopy:4:256:42272,4,0.12567016994580626,11,0.0040728249587118626,open_subtitles,42272,18,0.12974299490451813
D,D_C_43222,chck_90M,43222,C,heldout_natural_source_repeat,heldoutcopy:4:257:37264,4,3.161650225520134,11,0.06867881119251251,gutenberg,37264,17,3.2303290367126465
D,D_C_43222,chck_90M,43222,C,heldout_natural_source_repeat,heldoutcopy:4:258:13253,4,0.05643400549888611,8,0.01055232435464859,childes,13253,10,0.0669863298535347
D,D_C_43222,chck_90M,43222,C,heldout_natural_source_repeat,heldoutcopy:4:259:19515,4,5.611305132508278,8,0.20887289941310883,childes,19515,11,5.820178031921387
D,D_C_43222,chck_90M,43222,C,heldout_natural_source_repeat,heldoutcopy:4:25:57450,4,3.961631906684488,8,0.005670177284628153,simple_wiki,57450,10,3.967302083969116
D,D_C_43222,chck_90M,43222,C,heldout_natural_source_repeat,heldoutcopy:4:260:1372,4,0.9575878866016865,28,0.04915959760546684,bnc_spoken,1372,51,1.0067474842071533
D,D_C_43222,chck_90M,43222,C,heldout_natural_source_repeat,heldoutcopy:4:261:26001,4,6.903162404894829,9,0.1475120335817337,gutenberg,26001,14,7.0506744384765625
D,D_C_43222,chck_90M,43222,C,heldout_natural_source_repeat,heldoutcopy:4:262:22264,4,0.6585759446024895,9,0.01685602217912674,childes,22264,15,0.6754319667816162
D,D_C_43222,chck_90M,43222,C,heldout_natural_source_repeat,heldoutcopy:4:263:24260,4,5.060006067156792,11,0.1950102597475052,gutenberg,24260,17,5.255016326904297
D,D_C_43222,chck_90M,43222,C,heldout_natural_source_repeat,heldoutcopy:4:264:27648,4,4.311784505844116,27,0.15079045295715332,gutenberg,27648,44,4.4625749588012695
D,D_C_43222,chck_90M,43222,C,heldout_natural_source_repeat,heldoutcopy:4:265:23209,4,5.265280255116522,22,0.00976275559514761,gutenberg,23209,35,5.27504301071167
D,D_C_43222,chck_90M,43222,C,heldout_natural_source_repeat,heldoutcopy:4:266:25022,4,5.221380457282066,20,0.11695171892642975,gutenberg,25022,32,5.338332176208496
D,D_C_43222,chck_90M,43222,C,heldout_natural_source_repeat,heldoutcopy:4:267:31289,4,4.765218295156956,28,0.029058896005153656,gutenberg,31289,46,4.794277191162109
D,D_C_43222,chck_90M,43222,C,heldout_natural_source_repeat,heldoutcopy:4:268:19801,4,0.19001715863123536,8,0.006264691706746817,childes,19801,13,0.19628185033798218
D,D_C_43222,chck_90M,43222,C,heldout_natural_source_repeat,heldoutcopy:4:269:3484,4,3.1246231766417623,17,0.013118389062583447,bnc_spoken,3484,28,3.1377415657043457
D,D_C_43222,chck_90M,43222,C,heldout_natural_source_repeat,heldoutcopy:4:26:47039,4,5.776739150285721,15,0.2160925567150116,open_subtitles,47039,24,5.992831707000732
D,D_C_43222,chck_90M,43222,C,heldout_natural_source_repeat,heldoutcopy:4:270:19777,4,5.232677273452282,8,0.01787681132555008,childes,19777,12,5.250554084777832
D,D_C_43222,chck_90M,43222,C,heldout_natural_source_repeat,heldoutcopy:4:271:12609,4,0.6944212033413351,10,0.004204838071018457,childes,12609,16,0.6986260414123535
D,D_C_43222,chck_90M,43222,C,heldout_natural_source_repeat,heldoutcopy:4:272:18750,4,2.6908657178282738,8,0.09346107393503189,childes,18750,10,2.7843267917633057
D,D_C_43222,chck_90M,43222,C,heldout_natural_source_repeat,heldoutcopy:4:273:42103,4,8.858239330351353,8,0.04161151498556137,open_subtitles,42103,13,8.899850845336914
D,D_C_43222,chck_90M,43222,C,heldout_natural_source_repeat,heldoutcopy:4:274:538,4,7.243239372968674,19,0.2324695885181427,bnc_spoken,538,31,7.475708961486816
D,D_C_43222,chck_90M,43222,C,heldout_natural_source_repeat,heldoutcopy:4:275:6997,4,1.0183786246925592,8,0.021572818979620934,childes,6997,12,1.0399514436721802
D,D_C_43222,chck_90M,43222,C,heldout_natural_source_repeat,heldoutcopy:4:276:48548,4,3.4848114997148514,11,0.12060098350048065,open_subtitles,48548,18,3.605412483215332
D,D_C_43222,chck_90M,43222,C,heldout_natural_source_repeat,heldoutcopy:4:277:10502,4,0.4147624298930168,10,0.039121635258197784,childes,10502,16,0.4538840651512146
D,D_C_43222,chck_90M,43222,C,heldout_natural_source_repeat,heldoutcopy:4:278:37673,4,6.376695394515991,8,3.618191957473755,gutenberg,37673,13,9.994887351989746
D,D_C_43222,chck_90M,43222,C,heldout_natural_source_repeat,heldoutcopy:4:279:17123,4,9.999726705253124,9,0.018346376717090607,childes,17123,14,10.018073081970215
D,D_C_43222,chck_90M,43222,C,heldout_natural_source_repeat,heldoutcopy:4:27:29746,4,5.78467520698905,28,0.02577105537056923,gutenberg,29746,46,5.810446262359619
D,D_C_43222,chck_90M,43222,C,heldout_natural_source_repeat,heldoutcopy:4:280:2013,4,8.001343870186247,28,0.0017050266033038497,bnc_spoken,2013,46,8.00304889678955
D,D_C_43222,chck_90M,43222,C,heldout_natural_source_repeat,heldoutcopy:4:281:20483,4,2.6439071893692017,8,0.24575340747833252,childes,20483,10,2.889660596847534
D,D_C_43222,chck_90M,43222,C,heldout_natural_source_repeat,heldoutcopy:4:282:14090,4,1.5792526677250862,8,0.012399725615978241,childes,14090,12,1.5916523933410645
D,D_C_43222,chck_90M,43222,C,heldout_natural_source_repeat,heldoutcopy:4:283:7166,4,0.28681747801601887,8,0.017526043578982353,childes,7166,12,0.3043435215950012
D,D_C_43222,chck_90M,43222,C,heldout_natural_source_repeat,heldoutcopy:4:284:43530,4,1.9829981699585915,8,0.009777866303920746,open_subtitles,43530,13,1.9927760362625122
D,D_C_43222,chck_90M,43222,C,heldout_natural_source_repeat,heldoutcopy:4:285:26656,4,2.6181049942970276,11,0.5714711546897888,gutenberg,26656,18,3.1895761489868164
D,D_C_43222,chck_90M,43222,C,heldout_natural_source_repeat,heldoutcopy:4:286:51222,4,1.1991231441497803,9,0.1243741512298584,open_subtitles,51222,14,1.3234972953796387
D,D_C_43222,chck_90M,43222,C,heldout_natural_source_repeat,heldoutcopy:4:287:31419,4,1.927140936255455,8,0.14020372927188873,gutenberg,31419,12,2.0673446655273438
D,D_C_43222,chck_90M,43222,C,heldout_natural_source_repeat,heldoutcopy:4:288:6218,4,0.0017079320023185574,8,4.088794958079234e-05,childes,6218,12,0.0017488199518993497
D,D_C_43222,chck_90M,43222,C,heldout_natural_source_repeat,heldoutcopy:4:289:29703,4,0.2217514372896403,8,0.002861692802980542,gutenberg,29703,13,0.22461313009262085
D,D_C_43222,chck_90M,43222,C,heldout_natural_source_repeat,heldoutcopy:4:28:20530,4,1.257512480020523,8,0.22940954566001892,childes,20530,10,1.486922025680542
D,D_C_43222,chck_90M,43222,C,heldout_natural_source_repeat,heldoutcopy:4:290:9980,4,2.482069529592991,17,0.07506629079580307,childes,9980,28,2.557135820388794
D,D_C_43222,chck_90M,43222,C,heldout_natural_source_repeat,heldoutcopy:4:291:20041,4,3.761617189273238,10,0.020006412640213966,childes,20041,16,3.781623601913452
D,D_C_43222,chck_90M,43222,C,heldout_natural_source_repeat,heldoutcopy:4:292:30849,4,5.768144845962524,13,0.5646936893463135,gutenberg,30849,21,6.332838535308838
D,D_C_43222,chck_90M,43222,C,heldout_natural_source_repeat,heldoutcopy:4:293:51941,4,2.728405107744038,12,0.008273730985820293,open_subtitles,51941,19,2.7366788387298584
D,D_C_43222,chck_90M,43222,C,heldout_natural_source_repeat,heldoutcopy:4:294:47053,4,9.753982812166214,8,0.26337215304374695,open_subtitles,47053,13,10.017354965209961
D,D_C_43222,chck_90M,43222,C,heldout_natural_source_repeat,heldoutcopy:4:295:3665,4,6.5634539518505335,8,0.03107043169438839,bnc_spoken,3665,10,6.594524383544922
D,D_C_43222,chck_90M,43222,C,heldout_natural_source_repeat,heldoutcopy:4:296:46572,4,1.1013789512217045,8,0.013789977878332138,open_subtitles,46572,11,1.1151689291000366
D,D_C_43222,chck_90M,43222,C,heldout_natural_source_repeat,heldoutcopy:4:297:21089,4,1.6802932973951101,10,0.018056655302643776,childes,21089,16,1.698349952697754
D,D_C_43222,chck_90M,43222,C,heldout_natural_source_repeat,heldoutcopy:4:298:15261,4,2.124603569507599,8,0.5050238966941833,childes,15261,11,2.6296274662017822
D,D_C_43222,chck_90M,43222,C,heldout_natural_source_repeat,heldoutcopy:4:299:835,4,0.3320170398801565,9,0.024462634697556496,bnc_spoken,835,14,0.356479674577713
D,D_C_43222,chck_90M,43222,C,heldout_natural_source_repeat,heldoutcopy:4:29:33127,4,0.17338205315172672,13,0.006005575880408287,gutenberg,33127,21,0.179387629032135
D,D_C_43222,chck_90M,43222,C,heldout_natural_source_repeat,heldoutcopy:4:2:245,4,1.3597288131713867,28,2.283721923828125,bnc_spoken,245,54,3.6434507369995117
D,D_C_43222,chck_90M,43222,C,heldout_natural_source_repeat,heldoutcopy:4:300:55468,4,6.554902169853449,8,0.05639686807990074,simple_wiki,55468,10,6.61129903793335
D,D_C_43222,chck_90M,43222,C,heldout_natural_source_repeat,heldoutcopy:4:301:23232,4,0.38837271253578365,10,0.0030160911846905947,gutenberg,23232,16,0.39138880372047424
D,D_C_43222,chck_90M,43222,C,heldout_natural_source_repeat,heldoutcopy:4:302:6035,4,3.3298528641462326,8,0.05156441032886505,childes,6035,11,3.3814172744750977
D,D_C_43222,chck_90M,43222,C,heldout_natural_source_repeat,heldoutcopy:4:303:41316,4,2.183885086327791,8,0.018592368811368942,open_subtitles,41316,10,2.20247745513916
D,D_C_43222,chck_90M,43222,C,heldout_natural_source_repeat,heldoutcopy:4:304:40070,4,0.06936738919466734,10,0.003913958556950092,open_subtitles,40070,16,0.07328134775161743
D,D_C_43222,chck_90M,43222,C,heldout_natural_source_repeat,heldoutcopy:4:305:17233,4,1.2194135431200266,8,0.002637481316924095,childes,17233,10,1.2220510244369507
D,D_C_43222,chck_90M,43222,C,heldout_natural_source_repeat,heldoutcopy:4:306:16915,4,3.7854094561189413,8,0.005389446392655373,childes,16915,12,3.7907989025115967
D,D_C_43222,chck_90M,43222,C,heldout_natural_source_repeat,heldoutcopy:4:307:40976,4,2.736076831817627,9,7.138923168182373,open_subtitles,40976,15,9.875
D,D_C_43222,chck_90M,43222,C,heldout_natural_source_repeat,heldoutcopy:4:308:35196,4,7.630453824996948,8,1.4697039127349854,gutenberg,35196,10,9.100157737731934
D,D_C_43222,chck_90M,43222,C,heldout_natural_source_repeat,heldoutcopy:4:309:30904,4,7.0098830899223685,16,0.003358677960932255,gutenberg,30904,26,7.013241767883301
D,D_C_43222,chck_90M,43222,C,heldout_natural_source_repeat,heldoutcopy:4:30:4873,4,4.795595362782478,8,0.21149425208568573,childes,4873,10,5.007089614868164
D,D_C_43222,chck_90M,43222,C,heldout_natural_source_repeat,heldoutcopy:4:310:11793,4,0.14199301227927208,9,0.013834420591592789,childes,11793,14,0.15582743287086487
D,D_C_43222,chck_90M,43222,C,heldout_natural_source_repeat,heldoutcopy:4:311:26364,4,5.093258373439312,9,0.09047652035951614,gutenberg,26364,15,5.183734893798828
D,D_C_43222,chck_90M,43222,C,heldout_natural_source_repeat,heldoutcopy:4:312:52435,4,7.772739827632904,8,0.4090285897254944,open_subtitles,52435,10,8.181768417358398
D,D_C_43222,chck_90M,43222,C,heldout_natural_source_repeat,heldoutcopy:4:313:15893,4,0.13525300100445747,8,0.004378613084554672,childes,15893,11,0.13963161408901215
D,D_C_43222,chck_90M,43222,C,heldout_natural_source_repeat,heldoutcopy:4:314:3748,4,8.411066308617592,14,0.12480996549129486,bnc_spoken,3748,23,8.535876274108887
D,D_C_43222,chck_90M,43222,C,heldout_natural_source_repeat,heldoutcopy:4:315:30345,4,6.077940195798874,14,0.42339351773262024,gutenberg,30345,23,6.501333713531494
D,D_C_43222,chck_90M,43222,C,heldout_natural_source_repeat,heldoutcopy:4:316:34295,4,2.5337569192051888,14,0.04950886219739914,gutenberg,34295,23,2.583265781402588
D,D_C_43222,chck_90M,43222,C,heldout_natural_source_repeat,heldoutcopy:4:317:55399,4,0.3336828835308552,17,0.01898370310664177,simple_wiki,55399,27,0.35266658663749695
D,D_C_43222,chck_90M,43222,C,heldout_natural_source_repeat,heldoutcopy:4:318:17956,4,0.05167395668104291,8,0.001142087858170271,childes,17956,11,0.05281604453921318
D,D_C_43222,chck_90M,43222,C,heldout_natural_source_repeat,heldoutcopy:4:319:7646,4,1.1711944765411317,9,0.0016449266113340855,childes,7646,15,1.1728394031524658
D,D_C_43222,chck_90M,43222,C,heldout_natural_source_repeat,heldoutcopy:4:31:24202,4,3.2405656278133392,8,0.03759685158729553,gutenberg,24202,11,3.2781624794006348
D,D_C_43222,chck_90M,43222,C,heldout_natural_source_repeat,heldoutcopy:4:320:39838,4,12.952527061104774,8,0.03535173833370209,open_subtitles,39838,11,12.987878799438477
D,D_C_43222,chck_90M,43222,C,heldout_natural_source_repeat,heldoutcopy:4:321:22154,4,2.629876956343651,8,0.052418842911720276,childes,22154,10,2.682295799255371
D,D_C_43222,chck_90M,43222,C,heldout_natural_source_repeat,heldoutcopy:4:322:24151,4,3.6231274530291557,8,0.08201885968446732,gutenberg,24151,13,3.705146312713623
D,D_C_43222,chck_90M,43222,C,heldout_natural_source_repeat,heldoutcopy:4:323:46356,4,2.277459144592285,28,1.5074107646942139,open_subtitles,46356,47,3.784869909286499
D,D_C_43222,chck_90M,43222,C,heldout_natural_source_repeat,heldoutcopy:4:324:57505,4,-0.013724543154239655,8,0.09148930013179779,simple_wiki,57505,11,0.07776475697755814
D,D_C_43222,chck_90M,43222,C,heldout_natural_source_repeat,heldoutcopy:4:325:17170,4,0.6630796194076538,22,0.805113673210144,childes,17170,36,1.4681932926177979
D,D_C_43222,chck_90M,43222,C,heldout_natural_source_repeat,heldoutcopy:4:326:61691,4,0.45271916780620813,11,0.005696847103536129,simple_wiki,61691,17,0.45841601490974426
D,D_C_43222,chck_90M,43222,C,heldout_natural_source_repeat,heldoutcopy:4:327:21652,4,10.27433430030942,11,0.04967845603823662,childes,21652,17,10.324012756347656
D,D_C_43222,chck_90M,43222,C,heldout_natural_source_repeat,heldoutcopy:4:328:22509,4,1.4423541870201007e-05,9,4.708655978902243e-05,childes,22509,15,6.151010165922344e-05
D,D_C_43222,chck_90M,43222,C,heldout_natural_source_repeat,heldoutcopy:4:329:12768,4,2.272597571834922,8,0.019739845767617226,childes,12768,10,2.292337417602539
D,D_C_43222,chck_90M,43222,C,heldout_natural_source_repeat,heldoutcopy:4:32:51788,4,4.381926596164703,9,0.2345556616783142,open_subtitles,51788,15,4.616482257843018
D,D_C_43222,chck_90M,43222,C,heldout_natural_source_repeat,heldoutcopy:4:330:3012,4,2.621786292642355,16,0.04196674004197121,bnc_spoken,3012,25,2.663753032684326
D,D_C_43222,chck_90M,43222,C,heldout_natural_source_repeat,heldoutcopy:4:331:60800,4,0.43820195365697145,8,0.015519092790782452,simple_wiki,60800,13,0.4537210464477539
D,D_C_43222,chck_90M,43222,C,heldout_natural_source_repeat,heldoutcopy:4:332:58108,4,2.792727019637823,12,0.036897871643304825,simple_wiki,58108,19,2.829624891281128
D,D_C_43222,chck_90M,43222,C,heldout_natural_source_repeat,heldoutcopy:4:333:413,4,1.116025509312749,9,0.02073889784514904,bnc_spoken,413,15,1.136764407157898
D,D_C_43222,chck_90M,43222,C,heldout_natural_source_repeat,heldoutcopy:4:334:21588,4,0.4298998098820448,9,0.010259391739964485,childes,21588,15,0.4401592016220093
D,D_C_43222,chck_90M,43222,C,heldout_natural_source_repeat,heldoutcopy:4:335:16081,4,4.877281486988068,8,0.30836743116378784,childes,16081,13,5.1856489181518555
D,D_C_43222,chck_90M,43222,C,heldout_natural_source_repeat,heldoutcopy:4:336:56229,4,15.229563169181347,20,0.07350976020097733,simple_wiki,56229,32,15.303072929382324
D,D_C_43222,chck_90M,43222,C,heldout_natural_source_repeat,heldoutcopy:4:337:19946,4,2.0315602719783783,8,0.011591583490371704,childes,19946,12,2.04315185546875
D,D_C_43222,chck_90M,43222,C,heldout_natural_source_repeat,heldoutcopy:4:338:52714,4,8.23446798324585,8,1.2828030586242676,open_subtitles,52714,10,9.517271041870117
D,D_C_43222,chck_90M,43222,C,heldout_natural_source_repeat,heldoutcopy:4:339:48884,4,1.449970906600356,8,0.01243775524199009,open_subtitles,48884,10,1.4624086618423462
D,D_C_43222,chck_90M,43222,C,heldout_natural_source_repeat,heldoutcopy:4:33:58482,4,5.003014862537384,9,0.9480530619621277,simple_wiki,58482,14,5.951067924499512
D,D_C_43222,chck_90M,43222,C,heldout_natural_source_repeat,heldoutcopy:4:340:36580,4,3.1280161067843437,22,0.08738888055086136,gutenberg,36580,35,3.215404987335205
D,D_C_43222,chck_90M,43222,C,heldout_natural_source_repeat,heldoutcopy:4:341:16213,4,0.30485565960407257,11,0.05254994332790375,childes,16213,18,0.3574056029319763
D,D_C_43222,chck_90M,43222,C,heldout_natural_source_repeat,heldoutcopy:4:342:52771,4,5.930541038513184,8,0.47247791290283203,open_subtitles,52771,13,6.403018951416016
D,D_C_43222,chck_90M,43222,C,heldout_natural_source_repeat,heldoutcopy:4:343:13637,4,3.0528836995363235,9,0.07611124217510223,childes,13637,15,3.128994941711426
D,D_C_43222,chck_90M,43222,C,heldout_natural_source_repeat,heldoutcopy:4:344:56410,4,6.773364841938019,17,0.056677043437957764,simple_wiki,56410,27,6.830041885375977
D,D_C_43222,chck_90M,43222,C,heldout_natural_source_repeat,heldoutcopy:4:345:40468,4,0.006737736170180142,11,0.0012677022023126483,open_subtitles,40468,17,0.00800543837249279
D,D_C_43222,chck_90M,43222,C,heldout_natural_source_repeat,heldoutcopy:4:346:51380,4,7.203956393525004,12,0.008588047698140144,open_subtitles,51380,19,7.2125444412231445
D,D_C_43222,chck_90M,43222,C,heldout_natural_source_repeat,heldoutcopy:4:347:35801,4,0.8953935578465462,17,0.0788726732134819,gutenberg,35801,28,0.9742662310600281
D,D_C_43222,chck_90M,43222,C,heldout_natural_source_repeat,heldoutcopy:4:348:46103,4,3.3461894020438194,9,0.012772656977176666,open_subtitles,46103,15,3.358962059020996
D,D_C_43222,chck_90M,43222,C,heldout_natural_source_repeat,heldoutcopy:4:349:44740,4,0.10075601655989885,8,0.005368578247725964,open_subtitles,44740,11,0.10612459480762482
D,D_C_43222,chck_90M,43222,C,heldout_natural_source_repeat,heldoutcopy:4:34:22971,4,2.690002903342247,11,0.22237230837345123,gutenberg,22971,17,2.9123752117156982
D,D_C_43222,chck_90M,43222,C,heldout_natural_source_repeat,heldoutcopy:4:350:12866,4,0.6461060345172882,9,0.1715417206287384,childes,12866,14,0.8176477551460266
D,D_C_43222,chck_90M,43222,C,heldout_natural_source_repeat,heldoutcopy:4:351:50967,4,6.555794082581997,8,0.03205696493387222,open_subtitles,50967,10,6.587851047515869
D,D_C_43222,chck_90M,43222,C,heldout_natural_source_repeat,heldoutcopy:4:352:18711,4,1.9224149957299232,9,0.0675053820014,childes,18711,15,1.9899203777313232
D,D_C_43222,chck_90M,43222,C,heldout_natural_source_repeat,heldoutcopy:4:353:8263,4,13.725818611681461,8,0.06989576667547226,childes,8263,10,13.795714378356934
D,D_C_43222,chck_90M,43222,C,heldout_natural_source_repeat,heldoutcopy:4:354:23682,4,3.772078037261963,8,4.633793354034424,gutenberg,23682,11,8.405871391296387
D,D_C_43222,chck_90M,43222,C,heldout_natural_source_repeat,heldoutcopy:4:355:1293,4,2.8858314976096153,8,0.11522731930017471,bnc_spoken,1293,12,3.00105881690979
D,D_C_43222,chck_90M,43222,C,heldout_natural_source_repeat,heldoutcopy:4:356:57136,4,8.323470612987876,9,0.021148184314370155,simple_wiki,57136,14,8.344618797302246
D,D_C_43222,chck_90M,43222,C,heldout_natural_source_repeat,heldoutcopy:4:357:48853,4,3.0499794222414494,10,0.05191328749060631,open_subtitles,48853,16,3.1018927097320557
D,D_C_43222,chck_90M,43222,C,heldout_natural_source_repeat,heldoutcopy:4:358:23261,4,1.8358678370714188,19,0.22820095717906952,gutenberg,23261,31,2.0640687942504883
D,D_C_43222,chck_90M,43222,C,heldout_natural_source_repeat,heldoutcopy:4:359:38672,4,2.6292972415685654,8,0.24869967997074127,open_subtitles,38672,10,2.8779969215393066
D,D_C_43222,chck_90M,43222,C,heldout_natural_source_repeat,heldoutcopy:4:35:11799,4,0.1391965840011835,8,0.009764408692717552,childes,11799,12,0.14896099269390106
D,D_C_43222,chck_90M,43222,C,heldout_natural_source_repeat,heldoutcopy:4:360:32570,4,7.554028570652008,27,0.5204419493675232,gutenberg,32570,44,8.074470520019531
D,D_C_43222,chck_90M,43222,C,heldout_natural_source_repeat,heldoutcopy:4:361:52405,4,0.15210684412159026,27,0.003508485620841384,open_subtitles,52405,44,0.15561532974243164
D,D_C_43222,chck_90M,43222,C,heldout_natural_source_repeat,heldoutcopy:4:362:36758,4,11.852731300983578,28,0.007580207195132971,gutenberg,36758,45,11.860311508178711
D,D_C_43222,chck_90M,43222,C,heldout_natural_source_repeat,heldoutcopy:4:363:9937,4,-0.07378240674734116,10,0.1841079443693161,childes,9937,16,0.11032553762197495
D,D_C_43222,chck_90M,43222,C,heldout_natural_source_repeat,heldoutcopy:4:364:46006,4,2.414735786616802,8,0.1075146272778511,open_subtitles,46006,10,2.5222504138946533
D,D_C_43222,chck_90M,43222,C,heldout_natural_source_repeat,heldoutcopy:4:365:32750,4,5.667731065303087,21,0.055156927555799484,gutenberg,32750,34,5.722887992858887
D,D_C_43222,chck_90M,43222,C,heldout_natural_source_repeat,heldoutcopy:4:366:49219,4,0.4453750718384981,8,0.00463874451816082,open_subtitles,49219,13,0.45001381635665894
D,D_C_43222,chck_90M,43222,C,heldout_natural_source_repeat,heldoutcopy:4:367:45430,4,2.173163652420044,8,3.044356107711792,open_subtitles,45430,13,5.217519760131836
D,D_C_43222,chck_90M,43222,C,heldout_natural_source_repeat,heldoutcopy:4:368:46187,4,0.014732396230101585,22,0.02359013818204403,open_subtitles,46187,36,0.038322534412145615
D,D_C_43222,chck_90M,43222,C,heldout_natural_source_repeat,heldoutcopy:4:369:662,4,5.879286736249924,8,0.21426060795783997,bnc_spoken,662,11,6.093547344207764
D,D_C_43222,chck_90M,43222,C,heldout_natural_source_repeat,heldoutcopy:4:36:23001,4,2.5691059716045856,18,0.009589087218046188,gutenberg,23001,29,2.578695058822632
D,D_C_43222,chck_90M,43222,C,heldout_natural_source_repeat,heldoutcopy:4:370:6730,4,6.9855332765728235,8,0.026838263496756554,childes,6730,10,7.01237154006958
D,D_C_43222,chck_90M,43222,C,heldout_natural_source_repeat,heldoutcopy:4:371:18374,4,1.733020681887865,11,0.04351375624537468,childes,18374,17,1.7765344381332397
D,D_C_43222,chck_90M,43222,C,heldout_natural_source_repeat,heldoutcopy:4:372:16215,4,5.039483919739723,11,0.1467047780752182,childes,16215,17,5.186188697814941
D,D_C_43222,chck_90M,43222,C,heldout_natural_source_repeat,heldoutcopy:4:373:11547,4,0.0005218175065238029,19,0.0003505330823827535,childes,11547,31,0.0008723505889065564
D,D_C_43222,chck_90M,43222,C,heldout_natural_source_repeat,heldoutcopy:4:374:11976,4,12.324700847268105,14,0.031605228781700134,childes,11976,23,12.356306076049805
D,D_C_43222,chck_90M,43222,C,heldout_natural_source_repeat,heldoutcopy:4:375:29620,4,0.035049716592766345,17,0.0013635394861921668,gutenberg,29620,28,0.03641325607895851
D,D_C_43222,chck_90M,43222,C,heldout_natural_source_repeat,heldoutcopy:4:376:8187,4,7.682993568480015,8,0.100697360932827,childes,8187,12,7.783690929412842
D,D_C_43222,chck_90M,43222,C,heldout_natural_source_repeat,heldoutcopy:4:377:51977,4,0.3793868776410818,14,0.01313486136496067,open_subtitles,51977,22,0.3925217390060425
D,D_C_43222,chck_90M,43222,C,heldout_natural_source_repeat,heldoutcopy:4:378:21376,4,0.08169422496575862,8,0.0006824786541983485,childes,21376,13,0.08237670361995697
D,D_C_43222,chck_90M,43222,C,heldout_natural_source_repeat,heldoutcopy:4:379:11149,4,2.4377385564148426,8,0.02587781473994255,childes,11149,13,2.463616371154785
D,D_C_43222,chck_90M,43222,C,heldout_natural_source_repeat,heldoutcopy:4:37:6329,4,0.6589203369803727,13,0.0074106561951339245,childes,6329,21,0.6663309931755066
D,D_C_43222,chck_90M,43222,C,heldout_natural_source_repeat,heldoutcopy:4:380:31186,4,5.042666804045439,8,0.004085171967744827,gutenberg,31186,11,5.046751976013184
D,D_C_43222,chck_90M,43222,C,heldout_natural_source_repeat,heldoutcopy:4:381:12195,4,5.352998430840671,8,0.014873330481350422,childes,12195,13,5.3678717613220215
D,D_C_43222,chck_90M,43222,C,heldout_natural_source_repeat,heldoutcopy:4:382:12502,4,1.799926683306694,8,0.033092692494392395,childes,12502,12,1.8330193758010864
D,D_C_43222,chck_90M,43222,C,heldout_natural_source_repeat,heldoutcopy:4:383:52445,4,3.2476208759471774,8,0.010172073729336262,open_subtitles,52445,11,3.2577929496765137
D,D_C_43222,chck_90M,43222,C,heldout_natural_source_repeat,heldoutcopy:4:384:16427,4,0.7547185570001602,8,0.11907760798931122,childes,16427,10,0.8737961649894714
D,D_C_43222,chck_90M,43222,C,heldout_natural_source_repeat,heldoutcopy:4:385:40415,4,6.303174413740635,10,0.011370263993740082,open_subtitles,40415,16,6.314544677734375
D,D_C_43222,chck_90M,43222,C,heldout_natural_source_repeat,heldoutcopy:4:386:42036,4,10.258872743695974,8,0.010755781084299088,open_subtitles,42036,12,10.269628524780273
D,D_C_43222,chck_90M,43222,C,heldout_natural_source_repeat,heldoutcopy:4:387:20376,4,9.66638758033514,11,0.10397622734308243,childes,20376,18,9.770363807678223
D,D_C_43222,chck_90M,43222,C,heldout_natural_source_repeat,heldoutcopy:4:388:48463,4,6.165696412324905,8,0.16557571291923523,open_subtitles,48463,11,6.331272125244141
D,D_C_43222,chck_90M,43222,C,heldout_natural_source_repeat,heldoutcopy:4:389:15428,4,3.10185906291008,8,0.1557808220386505,childes,15428,11,3.2576398849487305
D,D_C_43222,chck_90M,43222,C,heldout_natural_source_repeat,heldoutcopy:4:38:61321,4,1.2568043433129787,20,0.03825140371918678,simple_wiki,61321,33,1.2950557470321655
D,D_C_43222,chck_90M,43222,C,heldout_natural_source_repeat,heldoutcopy:4:390:8283,4,0.8132946044206619,8,0.1207798570394516,childes,8283,12,0.9340744614601135
D,D_C_43222,chck_90M,43222,C,heldout_natural_source_repeat,heldoutcopy:4:391:21620,4,7.989686727523804,8,3.0294268131256104,childes,21620,12,11.019113540649414
D,D_C_43222,chck_90M,43222,C,heldout_natural_source_repeat,heldoutcopy:4:392:21512,4,8.994468953460455e-05,8,0.0006033745594322681,childes,21512,10,0.0006933192489668727
D,D_C_43222,chck_90M,43222,C,heldout_natural_source_repeat,heldoutcopy:4:393:42962,4,4.272239483892918,9,0.07644768804311752,open_subtitles,42962,14,4.348687171936035
D,D_C_43222,chck_90M,43222,C,heldout_natural_source_repeat,heldoutcopy:4:394:12507,4,0.0007300919824047014,8,5.030505417380482e-05,childes,12507,13,0.0007803970365785062
D,D_C_43222,chck_90M,43222,C,heldout_natural_source_repeat,heldoutcopy:4:395:51369,4,9.070603370666504,12,0.13580703735351562,open_subtitles,51369,19,9.20641040802002
D,D_C_43222,chck_90M,43222,C,heldout_natural_source_repeat,heldoutcopy:4:396:18874,4,2.9638361325487494,8,0.013346732594072819,childes,18874,11,2.9771828651428223
D,D_C_43222,chck_90M,43222,C,heldout_natural_source_repeat,heldoutcopy:4:397:29014,4,1.5292533710598946,11,0.04778587073087692,gutenberg,29014,17,1.5770392417907715
D,D_C_43222,chck_90M,43222,C,heldout_natural_source_repeat,heldoutcopy:4:398:6171,4,0.0009825339657254517,8,0.0004676678800024092,childes,6171,13,0.001450201845727861
D,D_C_43222,chck_90M,43222,C,heldout_natural_source_repeat,heldoutcopy:4:399:54953,4,9.510195448994637,12,0.17597226798534393,simple_wiki,54953,19,9.68616771697998
D,D_C_43222,chck_90M,43222,C,heldout_natural_source_repeat,heldoutcopy:4:39:14794,4,3.3815674632787704,8,0.055065885186195374,childes,14794,11,3.436633348464966
D,D_C_43222,chck_90M,43222,C,heldout_natural_source_repeat,heldoutcopy:4:3:40267,4,7.189985025674105,8,0.03109527751803398,open_subtitles,40267,12,7.221080303192139
D,D_C_43222,chck_90M,43222,C,heldout_natural_source_repeat,heldoutcopy:4:400:62164,4,0.06792380311526358,8,0.002097788965329528,simple_wiki,62164,13,0.07002159208059311
D,D_C_43222,chck_90M,43222,C,heldout_natural_source_repeat,heldoutcopy:4:401:11958,4,0.09947348199784756,8,0.003518464043736458,childes,11958,13,0.10299194604158401
D,D_C_43222,chck_90M,43222,C,heldout_natural_source_repeat,heldoutcopy:4:402:2962,4,3.665711373090744,28,0.1992502510547638,bnc_spoken,2962,51,3.864961624145508
D,D_C_43222,chck_90M,43222,C,heldout_natural_source_repeat,heldoutcopy:4:403:61979,4,10.045289468951523,8,0.005845594219863415,simple_wiki,61979,11,10.051135063171387
D,D_C_43222,chck_90M,43222,C,heldout_natural_source_repeat,heldoutcopy:4:404:10763,4,5.136101812124252,8,0.2510036528110504,childes,10763,13,5.387105464935303
D,D_C_43222,chck_90M,43222,C,heldout_natural_source_repeat,heldoutcopy:4:405:8499,4,0.08327372744679451,8,0.023896653205156326,childes,8499,10,0.10717038065195084
D,D_C_43222,chck_90M,43222,C,heldout_natural_source_repeat,heldoutcopy:4:406:37423,4,2.6302790343761444,8,0.060420066118240356,gutenberg,37423,13,2.6906991004943848
D,D_C_43222,chck_90M,43222,C,heldout_natural_source_repeat,heldoutcopy:4:407:57745,4,-0.043114107102155685,16,0.0575101263821125,simple_wiki,57745,26,0.014396019279956818
D,D_C_43222,chck_90M,43222,C,heldout_natural_source_repeat,heldoutcopy:4:408:44711,4,4.320654253475368,10,0.008069177158176899,open_subtitles,44711,16,4.328723430633545
D,D_C_43222,chck_90M,43222,C,heldout_natural_source_repeat,heldoutcopy:4:409:10737,4,0.5438758074305952,9,0.0049741328693926334,childes,10737,15,0.5488499402999878
D,D_C_43222,chck_90M,43222,C,heldout_natural_source_repeat,heldoutcopy:4:40:49926,4,0.8960639834403992,10,0.13464003801345825,open_subtitles,49926,16,1.0307040214538574
D,D_C_43222,chck_90M,43222,C,heldout_natural_source_repeat,heldoutcopy:4:410:57934,4,0.0009890180081129074,15,0.008566063828766346,simple_wiki,57934,24,0.009555081836879253
D,D_C_43222,chck_90M,43222,C,heldout_natural_source_repeat,heldoutcopy:4:411:30996,4,0.039195683784782887,9,0.0036377226933836937,gutenberg,30996,15,0.04283340647816658
D,D_C_43222,chck_90M,43222,C,heldout_natural_source_repeat,heldoutcopy:4:412:33453,4,7.674622539430857,8,0.044486042112112045,gutenberg,33453,10,7.719108581542969
D,D_C_43222,chck_90M,43222,C,heldout_natural_source_repeat,heldoutcopy:4:413:50679,4,10.152917884290218,8,0.058444954454898834,open_subtitles,50679,11,10.211362838745117
D,D_C_43222,chck_90M,43222,C,heldout_natural_source_repeat,heldoutcopy:4:414:26998,4,0.4150239871814847,22,0.008616412989795208,gutenberg,26998,35,0.4236404001712799
D,D_C_43222,chck_90M,43222,C,heldout_natural_source_repeat,heldoutcopy:4:415:35590,4,0.004933723830617964,14,0.001485078944824636,gutenberg,35590,23,0.0064188027754426
D,D_C_43222,chck_90M,43222,C,heldout_natural_source_repeat,heldoutcopy:4:416:59600,4,0.4889804720878601,19,0.7508206963539124,simple_wiki,59600,31,1.2398011684417725
D,D_C_43222,chck_90M,43222,C,heldout_natural_source_repeat,heldoutcopy:4:417:50164,4,7.528480859473348,9,0.022153524681925774,open_subtitles,50164,15,7.550634384155273
D,D_C_43222,chck_90M,43222,C,heldout_natural_source_repeat,heldoutcopy:4:418:26196,4,12.735969632863998,13,0.3157099783420563,gutenberg,26196,21,13.051679611206055
D,D_C_43222,chck_90M,43222,C,heldout_natural_source_repeat,heldoutcopy:4:419:4819,4,6.830386608839035,22,0.01888135075569153,childes,4819,36,6.849267959594727
D,D_C_43222,chck_90M,43222,C,heldout_natural_source_repeat,heldoutcopy:4:41:48631,4,1.6561770122498274,8,0.02869442291557789,open_subtitles,48631,13,1.6848714351654053
D,D_C_43222,chck_90M,43222,C,heldout_natural_source_repeat,heldoutcopy:4:420:33776,4,0.18409165344201028,28,0.0027594605926424265,gutenberg,33776,53,0.1868511140346527
D,D_C_43222,chck_90M,43222,C,heldout_natural_source_repeat,heldoutcopy:4:421:26505,4,6.461119890213013,9,1.936856985092163,gutenberg,26505,14,8.397976875305176
D,D_C_43222,chck_90M,43222,C,heldout_natural_source_repeat,heldoutcopy:4:422:593,4,3.554511521011591,8,0.03474905714392662,bnc_spoken,593,12,3.5892605781555176
D,D_C_43222,chck_90M,43222,C,heldout_natural_source_repeat,heldoutcopy:4:423:61123,4,8.11406212951988,9,0.0050346264615654945,simple_wiki,61123,14,8.119096755981445
D,D_C_43222,chck_90M,43222,C,heldout_natural_source_repeat,heldoutcopy:4:424:24837,4,1.1460018255747855,11,0.0063798329792916775,gutenberg,24837,18,1.1523816585540771
D,D_C_43222,chck_90M,43222,C,heldout_natural_source_repeat,heldoutcopy:4:425:53020,4,10.063741371035576,14,0.02324707806110382,simple_wiki,53020,23,10.08698844909668
D,D_C_43222,chck_90M,43222,C,heldout_natural_source_repeat,heldoutcopy:4:426:33193,4,1.8613757379353046,8,0.009191107004880905,gutenberg,33193,13,1.8705668449401855
D,D_C_43222,chck_90M,43222,C,heldout_natural_source_repeat,heldoutcopy:4:427:2163,4,5.044678620994091,8,0.05257708579301834,bnc_spoken,2163,11,5.097255706787109
D,D_C_43222,chck_90M,43222,C,heldout_natural_source_repeat,heldoutcopy:4:428:33551,4,6.992557764053345,12,3.011005163192749,gutenberg,33551,19,10.003562927246094
D,D_C_43222,chck_90M,43222,C,heldout_natural_source_repeat,heldoutcopy:4:429:36967,4,6.129265643656254,8,0.11151709407567978,gutenberg,36967,10,6.240782737731934
D,D_C_43222,chck_90M,43222,C,heldout_natural_source_repeat,heldoutcopy:4:42:30689,4,6.983147978782654,8,1.6364847421646118,gutenberg,30689,11,8.619632720947266
D,D_C_43222,chck_90M,43222,C,heldout_natural_source_repeat,heldoutcopy:4:430:734,4,0.12674541494925506,8,0.00033718624035827816,bnc_spoken,734,11,0.12708260118961334
D,D_C_43222,chck_90M,43222,C,heldout_natural_source_repeat,heldoutcopy:4:431:50417,4,7.564061522483826,9,1.5237032175064087,open_subtitles,50417,14,9.087764739990234
D,D_C_43222,chck_90M,43222,C,heldout_natural_source_repeat,heldoutcopy:4:432:14489,4,8.65218871831894,8,0.28136974573135376,childes,14489,10,8.933558464050293
D,D_C_43222,chck_90M,43222,C,heldout_natural_source_repeat,heldoutcopy:4:433:52924,4,0.3845036868005991,8,0.014424925670027733,simple_wiki,52924,10,0.39892861247062683
D,D_C_43222,chck_90M,43222,C,heldout_natural_source_repeat,heldoutcopy:4:434:20331,4,-6.556270818691701e-06,8,3.981510963058099e-05,childes,20331,13,3.325883881188929e-05
D,D_C_43222,chck_90M,43222,C,heldout_natural_source_repeat,heldoutcopy:4:435:618,4,3.394877053797245,28,0.03971137851476669,bnc_spoken,618,46,3.4345884323120117
D,D_C_43222,chck_90M,43222,C,heldout_natural_source_repeat,heldoutcopy:4:436:7806,4,2.1917026694864035,9,0.026887351647019386,childes,7806,15,2.218590021133423
D,D_C_43222,chck_90M,43222,C,heldout_natural_source_repeat,heldoutcopy:4:437:20063,4,0.0014995671808719635,12,0.018283173441886902,childes,20063,20,0.019782740622758865
D,D_C_43222,chck_90M,43222,C,heldout_natural_source_repeat,heldoutcopy:4:438:18225,4,2.443880428560078,8,0.012412677519023418,childes,18225,12,2.4562931060791016
D,D_C_43222,chck_90M,43222,C,heldout_natural_source_repeat,heldoutcopy:4:439:2204,4,12.717581540346146,8,0.32361623644828796,bnc_spoken,2204,13,13.041197776794434
D,D_C_43222,chck_90M,43222,C,heldout_natural_source_repeat,heldoutcopy:4:43:22560,4,3.5599966049194336,12,2.9559645652770996,gutenberg,22560,19,6.515961170196533
D,D_C_43222,chck_90M,43222,C,heldout_natural_source_repeat,heldoutcopy:4:440:6015,4,0.9442348629236221,13,0.11651681363582611,childes,6015,21,1.0607516765594482
D,D_C_43222,chck_90M,43222,C,heldout_natural_source_repeat,heldoutcopy:4:441:59625,4,0.049935415387153625,19,0.03150011599063873,simple_wiki,59625,31,0.08143553137779236
D,D_C_43222,chck_90M,43222,C,heldout_natural_source_repeat,heldoutcopy:4:442:21982,4,0.000830363409477286,9,7.378782902378589e-05,childes,21982,14,0.0009041512385010719
D,D_C_43222,chck_90M,43222,C,heldout_natural_source_repeat,heldoutcopy:4:443:25850,4,4.304899662733078,11,0.4123211205005646,gutenberg,25850,18,4.717220783233643
D,D_C_43222,chck_90M,43222,C,heldout_natural_source_repeat,heldoutcopy:4:444:6376,4,2.7411588234826922e-06,8,0.00023648326168768108,childes,6376,10,0.00023922442051116377
D,D_C_43222,chck_90M,43222,C,heldout_natural_source_repeat,heldoutcopy:4:445:26621,4,6.797298975288868,25,0.10622160881757736,gutenberg,26621,40,6.903520584106445
D,D_C_43222,chck_90M,43222,C,heldout_natural_source_repeat,heldoutcopy:4:446:43944,4,3.7034711241722107,17,0.7430439591407776,open_subtitles,43944,27,4.446515083312988
D,D_C_43222,chck_90M,43222,C,heldout_natural_source_repeat,heldoutcopy:4:447:2458,4,5.9068603515625,11,8.145841598510742,bnc_spoken,2458,17,14.052701950073242
D,D_C_43222,chck_90M,43222,C,heldout_natural_source_repeat,heldoutcopy:4:448:27928,4,0.9839310571551323,15,0.11677099019289017,gutenberg,27928,24,1.1007020473480225
D,D_C_43222,chck_90M,43222,C,heldout_natural_source_repeat,heldoutcopy:4:449:48353,4,0.37444235710427165,12,0.007426511961966753,open_subtitles,48353,20,0.3818688690662384
D,D_C_43222,chck_90M,43222,C,heldout_natural_source_repeat,heldoutcopy:4:44:10694,4,1.116142611950636,8,0.04330875352025032,childes,10694,10,1.1594513654708862
D,D_C_43222,chck_90M,43222,C,heldout_natural_source_repeat,heldoutcopy:4:450:5113,4,1.3071054518222809,22,0.06813642382621765,childes,5113,36,1.3752418756484985
D,D_C_43222,chck_90M,43222,C,heldout_natural_source_repeat,heldoutcopy:4:451:20569,4,0.000825622002594173,8,0.00019059749320149422,childes,20569,10,0.0010162194957956672
D,D_C_43222,chck_90M,43222,C,heldout_natural_source_repeat,heldoutcopy:4:452:32006,4,3.4910169318318367,10,0.1038154885172844,gutenberg,32006,16,3.594832420349121
D,D_C_43222,chck_90M,43222,C,heldout_natural_source_repeat,heldoutcopy:4:453:13635,4,1.8171976134181023,8,0.07123536616563797,childes,13635,11,1.8884329795837402
D,D_C_43222,chck_90M,43222,C,heldout_natural_source_repeat,heldoutcopy:4:454:36076,4,10.358815982937813,21,0.10249249637126923,gutenberg,36076,34,10.461308479309082
D,D_C_43222,chck_90M,43222,C,heldout_natural_source_repeat,heldoutcopy:4:455:38736,4,2.599799156188965,8,0.06867146492004395,open_subtitles,38736,13,2.668470621109009
D,D_C_43222,chck_90M,43222,C,heldout_natural_source_repeat,heldoutcopy:4:456:21251,4,4.316860377788544,10,0.9017203450202942,childes,21251,16,5.218580722808838
D,D_C_43222,chck_90M,43222,C,heldout_natural_source_repeat,heldoutcopy:4:457:8587,4,0.7683749701827765,8,0.022175678983330727,childes,8587,10,0.7905506491661072
D,D_C_43222,chck_90M,43222,C,heldout_natural_source_repeat,heldoutcopy:4:458:57238,4,8.207032192498446,12,0.01781369373202324,simple_wiki,57238,19,8.224845886230469
D,D_C_43222,chck_90M,43222,C,heldout_natural_source_repeat,heldoutcopy:4:459:21940,4,0.20855927327647805,8,0.005128087010234594,childes,21940,13,0.21368736028671265
D,D_C_43222,chck_90M,43222,C,heldout_natural_source_repeat,heldoutcopy:4:45:40690,4,3.480543246958405,8,0.006981739308685064,open_subtitles,40690,11,3.48752498626709
D,D_C_43222,chck_90M,43222,C,heldout_natural_source_repeat,heldoutcopy:4:460:8054,4,3.2142665684223175,9,0.4603435695171356,childes,8054,14,3.674610137939453
D,D_C_43222,chck_90M,43222,C,heldout_natural_source_repeat,heldoutcopy:4:461:46237,4,1.9541763253509998,10,0.018632035702466965,open_subtitles,46237,16,1.9728083610534668
D,D_C_43222,chck_90M,43222,C,heldout_natural_source_repeat,heldoutcopy:4:462:49126,4,1.1273635886609554,8,0.01762232556939125,open_subtitles,49126,10,1.1449859142303467
D,D_C_43222,chck_90M,43222,C,heldout_natural_source_repeat,heldoutcopy:4:463:41975,4,9.104793719947338,22,0.0635421946644783,open_subtitles,41975,36,9.168335914611816
D,D_C_43222,chck_90M,43222,C,heldout_natural_source_repeat,heldoutcopy:4:464:14589,4,1.0044920146465302,8,0.16894939541816711,childes,14589,10,1.1734414100646973
D,D_C_43222,chck_90M,43222,C,heldout_natural_source_repeat,heldoutcopy:4:465:29641,4,5.107735767960548,22,0.03746400773525238,gutenberg,29641,35,5.145199775695801
D,D_C_43222,chck_90M,43222,C,heldout_natural_source_repeat,heldoutcopy:4:466:17748,4,2.5533207058906555,14,0.48364847898483276,childes,17748,22,3.0369691848754883
D,D_C_43222,chck_90M,43222,C,heldout_natural_source_repeat,heldoutcopy:4:467:32194,4,0.13406293466687202,24,0.044005777686834335,gutenberg,32194,38,0.17806871235370636
D,D_C_43222,chck_90M,43222,C,heldout_natural_source_repeat,heldoutcopy:4:468:39681,4,0.06019872706383467,9,0.005390276201069355,open_subtitles,39681,15,0.06558900326490402
D,D_C_43222,chck_90M,43222,C,heldout_natural_source_repeat,heldoutcopy:4:469:25484,4,3.005990982055664,17,4.915014743804932,gutenberg,25484,27,7.921005725860596
D,D_C_43222,chck_90M,43222,C,heldout_natural_source_repeat,heldoutcopy:4:46:12163,4,3.382140524685383,8,0.08194505423307419,childes,12163,13,3.464085578918457
D,D_C_43222,chck_90M,43222,C,heldout_natural_source_repeat,heldoutcopy:4:470:59579,4,5.859214387834072,8,0.10977975279092789,simple_wiki,59579,13,5.968994140625
D,D_C_43222,chck_90M,43222,C,heldout_natural_source_repeat,heldoutcopy:4:471:11814,4,8.605980838183314e-05,8,6.496695277746767e-05,childes,11814,12,0.0001510267611593008
D,D_C_43222,chck_90M,43222,C,heldout_natural_source_repeat,heldoutcopy:4:472:54910,4,0.019171157386153936,10,0.000998594332486391,simple_wiki,54910,16,0.020169751718640327
D,D_C_43222,chck_90M,43222,C,heldout_natural_source_repeat,heldoutcopy:4:473:59915,4,9.55653721652925,8,0.024137908592820168,simple_wiki,59915,11,9.58067512512207
D,D_C_43222,chck_90M,43222,C,heldout_natural_source_repeat,heldoutcopy:4:474:26831,4,1.9613640513271093,24,0.025552967563271523,gutenberg,26831,38,1.9869170188903809
D,D_C_43222,chck_90M,43222,C,heldout_natural_source_repeat,heldoutcopy:4:475:10741,4,0.5727123469114304,9,0.012450352311134338,childes,10741,15,0.5851626992225647
D,D_C_43222,chck_90M,43222,C,heldout_natural_source_repeat,heldoutcopy:4:476:28818,4,2.4858677610754967,28,0.07983563095331192,gutenberg,28818,48,2.5657033920288086
D,D_C_43222,chck_90M,43222,C,heldout_natural_source_repeat,heldoutcopy:4:477:47644,4,2.756410166621208,8,0.19661732017993927,open_subtitles,47644,10,2.9530274868011475
D,D_C_43222,chck_90M,43222,C,heldout_natural_source_repeat,heldoutcopy:4:478:31508,4,3.2470478378236294,13,0.01861507073044777,gutenberg,31508,21,3.265662908554077
D,D_C_43222,chck_90M,43222,C,heldout_natural_source_repeat,heldoutcopy:4:479:36426,4,0.38589451811276376,21,0.0038062522653490305,gutenberg,36426,34,0.3897007703781128
D,D_C_43222,chck_90M,43222,C,heldout_natural_source_repeat,heldoutcopy:4:47:14405,4,6.764332093298435,8,0.09479638189077377,childes,14405,12,6.859128475189209
D,D_C_43222,chck_90M,43222,C,heldout_natural_source_repeat,heldoutcopy:4:480:51855,4,7.062015011906624,8,0.03806643187999725,open_subtitles,51855,11,7.100081443786621
D,D_C_43222,chck_90M,43222,C,heldout_natural_source_repeat,heldoutcopy:4:481:62312,4,5.1160778403282166,8,0.29365068674087524,simple_wiki,62312,10,5.409728527069092
D,D_C_43222,chck_90M,43222,C,heldout_natural_source_repeat,heldoutcopy:4:482:27603,4,5.72549170255661,28,0.44493943452835083,gutenberg,27603,49,6.170431137084961
D,D_C_43222,chck_90M,43222,C,heldout_natural_source_repeat,heldoutcopy:4:483:50134,4,2.138866299763322,8,0.017587071284651756,open_subtitles,50134,12,2.1564533710479736
D,D_C_43222,chck_90M,43222,C,heldout_natural_source_repeat,heldoutcopy:4:484:4244,4,8.424385563470423,8,0.011210902594029903,bnc_spoken,4244,13,8.435596466064453
D,D_C_43222,chck_90M,43222,C,heldout_natural_source_repeat,heldoutcopy:4:485:50422,4,7.12799247354269,12,0.020591415464878082,open_subtitles,50422,19,7.148583889007568
D,D_C_43222,chck_90M,43222,C,heldout_natural_source_repeat,heldoutcopy:4:486:52213,4,4.409226581454277,8,0.0645335465669632,open_subtitles,52213,12,4.47376012802124
D,D_C_43222,chck_90M,43222,C,heldout_natural_source_repeat,heldoutcopy:4:487:1949,4,3.8905727565288544,28,0.30381086468696594,bnc_spoken,1949,54,4.19438362121582
D,D_C_43222,chck_90M,43222,C,heldout_natural_source_repeat,heldoutcopy:4:488:45325,4,1.174506378825754,9,0.002268719021230936,open_subtitles,45325,15,1.1767750978469849
D,D_C_43222,chck_90M,43222,C,heldout_natural_source_repeat,heldoutcopy:4:489:12192,4,0.0001433961861039279,8,1.6093124941107817e-05,childes,12192,11,0.00015948931104503572
D,D_C_43222,chck_90M,43222,C,heldout_natural_source_repeat,heldoutcopy:4:48:8343,4,0.0017652027308940887,22,0.04957988113164902,childes,8343,36,0.051345083862543106
D,D_C_43222,chck_90M,43222,C,heldout_natural_source_repeat,heldoutcopy:4:490:9729,4,1.7689270973205566,8,6.3078532218933105,childes,9729,10,8.076780319213867
D,D_C_43222,chck_90M,43222,C,heldout_natural_source_repeat,heldoutcopy:4:491:31673,4,1.4280856987461448,16,0.012183413840830326,gutenberg,31673,25,1.440269112586975
D,D_C_43222,chck_90M,43222,C,heldout_natural_source_repeat,heldoutcopy:4:492:27435,4,0.21330550871789455,8,0.03021409548819065,gutenberg,27435,10,0.2435196042060852
D,D_C_43222,chck_90M,43222,C,heldout_natural_source_repeat,heldoutcopy:4:493:19194,4,0.023236938170157373,8,0.0012975853169336915,childes,19194,11,0.024534523487091064
D,D_C_43222,chck_90M,43222,C,heldout_natural_source_repeat,heldoutcopy:4:494:2455,4,3.3505660220980644,23,0.04517734795808792,bnc_spoken,2455,37,3.3957433700561523
D,D_C_43222,chck_90M,43222,C,heldout_natural_source_repeat,heldoutcopy:4:495:59343,4,2.235546961426735,11,0.13532935082912445,simple_wiki,59343,17,2.3708763122558594
D,D_C_43222,chck_90M,43222,C,heldout_natural_source_repeat,heldoutcopy:4:496:26155,4,5.593113701790571,17,0.054950911551713943,gutenberg,26155,28,5.648064613342285
D,D_C_43222,chck_90M,43222,C,heldout_natural_source_repeat,heldoutcopy:4:497:19287,4,5.407297253608704,28,0.5340479612350464,childes,19287,46,5.94134521484375
D,D_C_43222,chck_90M,43222,C,heldout_natural_source_repeat,heldoutcopy:4:498:51356,4,0.013109147548675537,12,0.5316962599754333,open_subtitles,51356,19,0.5448054075241089
D,D_C_43222,chck_90M,43222,C,heldout_natural_source_repeat,heldoutcopy:4:499:32457,4,1.2940771207213402,17,0.009064711630344391,gutenberg,32457,28,1.3031418323516846
D,D_C_43222,chck_90M,43222,C,heldout_natural_source_repeat,heldoutcopy:4:49:14477,4,0.2400609329342842,11,0.10094966739416122,childes,14477,17,0.34101060032844543
D,D_C_43222,chck_90M,43222,C,heldout_natural_source_repeat,heldoutcopy:4:4:29592,4,5.966997414827347,20,0.31252261996269226,gutenberg,29592,32,6.279520034790039
D,D_C_43222,chck_90M,43222,C,heldout_natural_source_repeat,heldoutcopy:4:500:33621,4,0.551221567671746,11,0.006427567917853594,gutenberg,33621,17,0.5576491355895996
D,D_C_43222,chck_90M,43222,C,heldout_natural_source_repeat,heldoutcopy:4:501:7788,4,3.4459691531956196,8,0.028815697878599167,childes,7788,10,3.4747848510742188
D,D_C_43222,chck_90M,43222,C,heldout_natural_source_repeat,heldoutcopy:4:502:27969,4,9.677339851856232,8,0.4012705683708191,gutenberg,27969,11,10.07861042022705
D,D_C_43222,chck_90M,43222,C,heldout_natural_source_repeat,heldoutcopy:4:503:24636,4,3.4173261150717735,28,0.052497006952762604,gutenberg,24636,48,3.469823122024536
D,D_C_43222,chck_90M,43222,C,heldout_natural_source_repeat,heldoutcopy:4:504:13925,4,7.595086321234703,8,0.03485037386417389,childes,13925,12,7.629936695098877
D,D_C_43222,chck_90M,43222,C,heldout_natural_source_repeat,heldoutcopy:4:505:42046,4,6.482716508209705,8,0.10441737622022629,open_subtitles,42046,10,6.587133884429932
D,D_C_43222,chck_90M,43222,C,heldout_natural_source_repeat,heldoutcopy:4:506:38597,4,4.4255442172288895,8,0.2129846066236496,open_subtitles,38597,12,4.638528823852539
D,D_C_43222,chck_90M,43222,C,heldout_natural_source_repeat,heldoutcopy:4:507:50496,4,1.7124911504797637,24,0.006862286943942308,open_subtitles,50496,38,1.719353437423706
D,D_C_43222,chck_90M,43222,C,heldout_natural_source_repeat,heldoutcopy:4:508:41831,4,3.2675504833459854,8,0.12636898458003998,open_subtitles,41831,10,3.3939194679260254
D,D_C_43222,chck_90M,43222,C,heldout_natural_source_repeat,heldoutcopy:4:509:52138,4,9.470076739788055,11,0.6891925930976868,open_subtitles,52138,17,10.159269332885742
D,D_C_43222,chck_90M,43222,C,heldout_natural_source_repeat,heldoutcopy:4:50:49825,4,16.402875244617462,8,0.9066073298454285,open_subtitles,49825,11,17.30948257446289
D,D_C_43222,chck_90M,43222,C,heldout_natural_source_repeat,heldoutcopy:4:510:2514,4,8.669482417404652,11,0.10002689808607101,bnc_spoken,2514,18,8.769509315490723
D,D_C_43222,chck_90M,43222,C,heldout_natural_source_repeat,heldoutcopy:4:511:27073,4,0.05666730739176273,28,0.0267795380204916,gutenberg,27073,54,0.08344684541225433
D,D_C_43222,chck_90M,43222,C,heldout_natural_source_repeat,heldoutcopy:4:512:57715,4,0.006473480025306344,25,0.0033601035829633474,simple_wiki,57715,40,0.009833583608269691
D,D_C_43222,chck_90M,43222,C,heldout_natural_source_repeat,heldoutcopy:4:513:53390,4,9.396044503897429,8,0.03209136798977852,simple_wiki,53390,12,9.428135871887207
D,D_C_43222,chck_90M,43222,C,heldout_natural_source_repeat,heldoutcopy:4:514:32754,4,2.6731432378292084,9,0.04414597153663635,gutenberg,32754,15,2.7172892093658447
D,D_C_43222,chck_90M,43222,C,heldout_natural_source_repeat,heldoutcopy:4:515:13887,4,0.18604809790849686,9,0.0024373605847358704,childes,13887,14,0.18848545849323273
D,D_C_43222,chck_90M,43222,C,heldout_natural_source_repeat,heldoutcopy:4:516:55544,4,0.7118996074423194,14,0.010830194689333439,simple_wiki,55544,22,0.7227298021316528
D,D_C_43222,chck_90M,43222,C,heldout_natural_source_repeat,heldoutcopy:4:517:14378,4,3.3385160006582737,8,0.041481491178274155,childes,14378,11,3.379997491836548
D,D_C_43222,chck_90M,43222,C,heldout_natural_source_repeat,heldoutcopy:4:518:60276,4,3.0281273052096367,20,0.007032759487628937,simple_wiki,60276,33,3.0351600646972656
D,D_C_43222,chck_90M,43222,C,heldout_natural_source_repeat,heldoutcopy:4:519:56373,4,-0.0032501863315701485,9,0.007237525656819344,simple_wiki,56373,14,0.003987339325249195
D,D_C_43222,chck_90M,43222,C,heldout_natural_source_repeat,heldoutcopy:4:51:43292,4,3.1108613535761833,11,0.01150626689195633,open_subtitles,43292,18,3.1223676204681396
D,D_C_43222,chck_90M,43222,C,heldout_natural_source_repeat,heldoutcopy:4:520:33118,4,0.34856759570539,14,0.02210373617708683,gutenberg,33118,23,0.3706713318824768
D,D_C_43222,chck_90M,43222,C,heldout_natural_source_repeat,heldoutcopy:4:521:2365,4,0.45677661895751953,9,5.375714302062988,bnc_spoken,2365,14,5.832490921020508
D,D_C_43222,chck_90M,43222,C,heldout_natural_source_repeat,heldoutcopy:4:522:54637,4,0.031456633820198476,14,0.0005907459417358041,simple_wiki,54637,23,0.03204737976193428
D,D_C_43222,chck_90M,43222,C,heldout_natural_source_repeat,heldoutcopy:4:523:58440,4,8.863234847784042,10,0.2917076647281647,simple_wiki,58440,16,9.154942512512207
D,D_C_43222,chck_90M,43222,C,heldout_natural_source_repeat,heldoutcopy:4:524:38716,4,6.763155646622181,8,0.07236462086439133,open_subtitles,38716,12,6.835520267486572
D,D_C_43222,chck_90M,43222,C,heldout_natural_source_repeat,heldoutcopy:4:525:40240,4,2.8694264888763428,11,0.15759968757629395,open_subtitles,40240,17,3.0270261764526367
D,D_C_43222,chck_90M,43222,C,heldout_natural_source_repeat,heldoutcopy:4:526:6219,4,1.6347845643758774,8,0.1557716280221939,childes,6219,10,1.7905561923980713
D,D_C_43222,chck_90M,43222,C,heldout_natural_source_repeat,heldoutcopy:4:527:39518,4,0.09942899364978075,8,0.004634472541511059,open_subtitles,39518,10,0.10406346619129181
D,D_C_43222,chck_90M,43222,C,heldout_natural_source_repeat,heldoutcopy:4:528:14738,4,2.097567319869995,11,2.770493268966675,childes,14738,17,4.86806058883667
D,D_C_43222,chck_90M,43222,C,heldout_natural_source_repeat,heldoutcopy:4:529:6556,4,5.844366570934653,8,0.01642797328531742,childes,6556,10,5.860794544219971
D,D_C_43222,chck_90M,43222,C,heldout_natural_source_repeat,heldoutcopy:4:52:17801,4,11.551005780696869,8,0.16971737146377563,childes,17801,12,11.720723152160645
D,D_C_43222,chck_90M,43222,C,heldout_natural_source_repeat,heldoutcopy:4:530:47621,4,8.92169988155365,8,1.3234754800796509,open_subtitles,47621,11,10.2451753616333
D,D_C_43222,chck_90M,43222,C,heldout_natural_source_repeat,heldoutcopy:4:531:26672,4,9.705182380974293,20,0.039138488471508026,gutenberg,26672,32,9.7443208694458
D,D_C_43222,chck_90M,43222,C,heldout_natural_source_repeat,heldoutcopy:4:532:18142,4,10.506025465205312,8,0.028953401371836662,childes,18142,10,10.534978866577148
D,D_C_43222,chck_90M,43222,C,heldout_natural_source_repeat,heldoutcopy:4:533:33915,4,7.577940441668034,28,0.019210360944271088,gutenberg,33915,46,7.597150802612305
D,D_C_43222,chck_90M,43222,C,heldout_natural_source_repeat,heldoutcopy:4:534:37154,4,3.3473899215459824,9,0.16764546930789948,gutenberg,37154,14,3.515035390853882
D,D_C_43222,chck_90M,43222,C,heldout_natural_source_repeat,heldoutcopy:4:535:25475,4,3.567709282040596,8,0.02282373607158661,gutenberg,25475,13,3.5905330181121826
D,D_C_43222,chck_90M,43222,C,heldout_natural_source_repeat,heldoutcopy:4:536:59165,4,1.5321252942085266,9,0.03695255517959595,simple_wiki,59165,15,1.5690778493881226
D,D_C_43222,chck_90M,43222,C,heldout_natural_source_repeat,heldoutcopy:4:537:6076,4,0.4149404987692833,8,0.014278389513492584,childes,6076,11,0.4292188882827759
D,D_C_43222,chck_90M,43222,C,heldout_natural_source_repeat,heldoutcopy:4:538:1152,4,0.0034948898246511817,10,0.000491855782456696,bnc_spoken,1152,16,0.003986745607107878
D,D_C_43222,chck_90M,43222,C,heldout_natural_source_repeat,heldoutcopy:4:539:21416,4,0.5173265356570482,8,0.01655942015349865,childes,21416,10,0.5338859558105469
D,D_C_43222,chck_90M,43222,C,heldout_natural_source_repeat,heldoutcopy:4:53:53263,4,1.0356239024549723,10,0.01700628362596035,simple_wiki,53263,16,1.0526301860809326
D,D_C_43222,chck_90M,43222,C,heldout_natural_source_repeat,heldoutcopy:4:540:55271,4,9.33876078389585,14,0.015903064981102943,simple_wiki,55271,22,9.354663848876953
D,D_C_43222,chck_90M,43222,C,heldout_natural_source_repeat,heldoutcopy:4:541:25540,4,0.750974752008915,14,0.0675489529967308,gutenberg,25540,23,0.8185237050056458
D,D_C_43222,chck_90M,43222,C,heldout_natural_source_repeat,heldoutcopy:4:542:14952,4,3.740892693400383,8,0.05201740562915802,childes,14952,10,3.792910099029541
D,D_C_43222,chck_90M,43222,C,heldout_natural_source_repeat,heldoutcopy:4:543:46951,4,0.8941110409796238,9,0.04477333649992943,open_subtitles,46951,15,0.9388843774795532
D,D_C_43222,chck_90M,43222,C,heldout_natural_source_repeat,heldoutcopy:4:544:38435,4,1.014461763203144,28,0.08051656931638718,gutenberg,38435,49,1.0949783325195312
D,D_C_43222,chck_90M,43222,C,heldout_natural_source_repeat,heldoutcopy:4:545:42181,4,1.9883610010147095,12,0.560238242149353,open_subtitles,42181,20,2.5485992431640625
D,D_C_43222,chck_90M,43222,C,heldout_natural_source_repeat,heldoutcopy:4:546:52617,4,2.223605163395405,8,0.09102629870176315,open_subtitles,52617,10,2.314631462097168
D,D_C_43222,chck_90M,43222,C,heldout_natural_source_repeat,heldoutcopy:4:547:6726,4,3.4062224626541138,22,0.6969965696334839,childes,6726,36,4.103219032287598
D,D_C_43222,chck_90M,43222,C,heldout_natural_source_repeat,heldoutcopy:4:548:41740,4,3.1788739198818803,8,0.008205748163163662,open_subtitles,41740,10,3.187079668045044
D,D_C_43222,chck_90M,43222,C,heldout_natural_source_repeat,heldoutcopy:4:549:30084,4,8.769566817209125,8,0.016357140615582466,gutenberg,30084,10,8.785923957824707
D,D_C_43222,chck_90M,43222,C,heldout_natural_source_repeat,heldoutcopy:4:54:34920,4,0.02439514419529587,24,0.0003626880934461951,gutenberg,34920,38,0.024757832288742065
D,D_C_43222,chck_90M,43222,C,heldout_natural_source_repeat,heldoutcopy:4:550:11056,4,0.0001748516588122584,8,7.486063259420916e-05,childes,11056,11,0.00024971229140646756
D,D_C_43222,chck_90M,43222,C,heldout_natural_source_repeat,heldoutcopy:4:551:9109,4,5.442565120756626,9,0.05056079477071762,childes,9109,14,5.493125915527344
D,D_C_43222,chck_90M,43222,C,heldout_natural_source_repeat,heldoutcopy:4:552:2593,4,4.3326015919446945,8,0.14398761093616486,bnc_spoken,2593,11,4.476589202880859
D,D_C_43222,chck_90M,43222,C,heldout_natural_source_repeat,heldoutcopy:4:553:20799,4,5.467305287718773,8,0.20094813406467438,childes,20799,10,5.668253421783447
D,D_C_43222,chck_90M,43222,C,heldout_natural_source_repeat,heldoutcopy:4:554:40688,4,8.707178071141243,27,0.07992081344127655,open_subtitles,40688,44,8.78709888458252
D,D_C_43222,chck_90M,43222,C,heldout_natural_source_repeat,heldoutcopy:4:555:60548,4,12.63427522778511,8,0.05681535601615906,simple_wiki,60548,10,12.69109058380127
D,D_C_43222,chck_90M,43222,C,heldout_natural_source_repeat,heldoutcopy:4:556:33177,4,6.098701253533363,8,0.19765876233577728,gutenberg,33177,10,6.296360015869141
D,D_C_43222,chck_90M,43222,C,heldout_natural_source_repeat,heldoutcopy:4:557:4773,4,1.5182158825919032,8,0.0046002985909581184,childes,4773,11,1.5228161811828613
D,D_C_43222,chck_90M,43222,C,heldout_natural_source_repeat,heldoutcopy:4:558:2881,4,4.989863187074661,9,0.08375188708305359,bnc_spoken,2881,15,5.073615074157715
D,D_C_43222,chck_90M,43222,C,heldout_natural_source_repeat,heldoutcopy:4:559:13649,4,3.8575799576938152,8,0.058456648141145706,childes,13649,10,3.916036605834961
D,D_C_43222,chck_90M,43222,C,heldout_natural_source_repeat,heldoutcopy:4:55:22365,4,0.4079549931921065,8,0.005562541540712118,childes,22365,10,0.4135175347328186
D,D_C_43222,chck_90M,43222,C,heldout_natural_source_repeat,heldoutcopy:4:560:16569,4,3.8527764081954956,13,1.55681574344635,childes,16569,21,5.409592151641846
D,D_C_43222,chck_90M,43222,C,heldout_natural_source_repeat,heldoutcopy:4:561:59149,4,-0.21416255086660385,9,0.30092477798461914,simple_wiki,59149,15,0.08676222711801529
D,D_C_43222,chck_90M,43222,C,heldout_natural_source_repeat,heldoutcopy:4:562:36704,4,7.502710223197937,28,0.4624367952346802,gutenberg,36704,46,7.965147018432617
D,D_C_43222,chck_90M,43222,C,heldout_natural_source_repeat,heldoutcopy:4:563:23405,4,3.101936223451048,11,0.006034014280885458,gutenberg,23405,17,3.1079702377319336
D,D_C_43222,chck_90M,43222,C,heldout_natural_source_repeat,heldoutcopy:4:564:36114,4,8.864407569169998,11,0.1979188621044159,gutenberg,36114,18,9.062326431274414
D,D_C_43222,chck_90M,43222,C,heldout_natural_source_repeat,heldoutcopy:4:565:42847,4,1.4178376635536551,10,0.01456709299236536,open_subtitles,42847,16,1.4324047565460205
D,D_C_43222,chck_90M,43222,C,heldout_natural_source_repeat,heldoutcopy:4:566:23755,4,0.5360430532600731,16,0.002514655003324151,gutenberg,23755,26,0.5385577082633972
D,D_C_43222,chck_90M,43222,C,heldout_natural_source_repeat,heldoutcopy:4:567:17790,4,4.775752417743206,8,0.08644498139619827,childes,17790,10,4.862197399139404
D,D_C_43222,chck_90M,43222,C,heldout_natural_source_repeat,heldoutcopy:4:568:52196,4,7.906775057315826,8,0.33317798376083374,open_subtitles,52196,10,8.23995304107666
D,D_C_43222,chck_90M,43222,C,heldout_natural_source_repeat,heldoutcopy:4:569:1289,4,0.6881592348217964,24,0.08455001562833786,bnc_spoken,1289,39,0.7727092504501343
D,D_C_43222,chck_90M,43222,C,heldout_natural_source_repeat,heldoutcopy:4:56:46420,4,8.12739799451083,12,0.011323471553623676,open_subtitles,46420,20,8.138721466064453
D,D_C_43222,chck_90M,43222,C,heldout_natural_source_repeat,heldoutcopy:4:570:33705,4,9.518736649304628,28,0.02812213823199272,gutenberg,33705,46,9.546858787536621
D,D_C_43222,chck_90M,43222,C,heldout_natural_source_repeat,heldoutcopy:4:571:45114,4,2.6282424926757812,11,3.887948989868164,open_subtitles,45114,18,6.516191482543945
D,D_C_43222,chck_90M,43222,C,heldout_natural_source_repeat,heldoutcopy:4:572:9819,4,0.6465026959776878,11,0.10173193365335464,childes,9819,18,0.7482346296310425
D,D_C_43222,chck_90M,43222,C,heldout_natural_source_repeat,heldoutcopy:4:573:30529,4,4.317228946834803,28,0.03462919220328331,gutenberg,30529,47,4.351858139038086
D,D_C_43222,chck_90M,43222,C,heldout_natural_source_repeat,heldoutcopy:4:574:7455,4,1.9347027242183685,11,0.10535112023353577,childes,7455,18,2.0400538444519043
D,D_C_43222,chck_90M,43222,C,heldout_natural_source_repeat,heldoutcopy:4:575:29421,4,7.5335086435079575,11,0.16377414762973785,gutenberg,29421,17,7.697282791137695
D,D_C_43222,chck_90M,43222,C,heldout_natural_source_repeat,heldoutcopy:4:576:56249,4,0.4313200721517205,9,0.011886953376233578,simple_wiki,56249,15,0.4432070255279541
D,D_C_43222,chck_90M,43222,C,heldout_natural_source_repeat,heldoutcopy:4:577:27768,4,8.987319622188807,21,0.04534563049674034,gutenberg,27768,34,9.032665252685547
D,D_C_43222,chck_90M,43222,C,heldout_natural_source_repeat,heldoutcopy:4:578:61636,4,0.7005885755643249,8,0.012137719430029392,simple_wiki,61636,11,0.7127262949943542
D,D_C_43222,chck_90M,43222,C,heldout_natural_source_repeat,heldoutcopy:4:579:30396,4,6.153352532535791,28,0.037367548793554306,gutenberg,30396,46,6.190720081329346
D,D_C_43222,chck_90M,43222,C,heldout_natural_source_repeat,heldoutcopy:4:57:19704,4,6.377492666244507,16,1.0439708232879639,childes,19704,26,7.421463489532471
D,D_C_43222,chck_90M,43222,C,heldout_natural_source_repeat,heldoutcopy:4:580:10953,4,1.0728699635365047e-06,22,1.2278481335670222e-05,childes,10953,36,1.3351351299206726e-05
D,D_C_43222,chck_90M,43222,C,heldout_natural_source_repeat,heldoutcopy:4:581:6068,4,5.246523812413216,8,0.1114683598279953,childes,6068,10,5.357992172241211
D,D_C_43222,chck_90M,43222,C,heldout_natural_source_repeat,heldoutcopy:4:582:40534,4,1.2080373764038086,8,3.496760845184326,open_subtitles,40534,13,4.704798221588135
D,D_C_43222,chck_90M,43222,C,heldout_natural_source_repeat,heldoutcopy:4:583:57686,4,2.864029213786125,18,0.09720297157764435,simple_wiki,57686,29,2.9612321853637695
D,D_C_43222,chck_90M,43222,C,heldout_natural_source_repeat,heldoutcopy:4:584:52508,4,7.5938207767903805,14,0.016460690647363663,open_subtitles,52508,22,7.610281467437744
D,D_C_43222,chck_90M,43222,C,heldout_natural_source_repeat,heldoutcopy:4:585:46945,4,12.286163099110126,9,0.07353424280881882,open_subtitles,46945,15,12.359697341918945
D,D_C_43222,chck_90M,43222,C,heldout_natural_source_repeat,heldoutcopy:4:586:32738,4,3.0680746510624886,14,0.11542659252882004,gutenberg,32738,22,3.1835012435913086
D,D_C_43222,chck_90M,43222,C,heldout_natural_source_repeat,heldoutcopy:4:587:39615,4,4.556642770767212,11,0.5137770175933838,open_subtitles,39615,17,5.070419788360596
D,D_C_43222,chck_90M,43222,C,heldout_natural_source_repeat,heldoutcopy:4:588:23172,4,7.602939692558721,13,0.0036753739695996046,gutenberg,23172,21,7.60661506652832
D,D_C_43222,chck_90M,43222,C,heldout_natural_source_repeat,heldoutcopy:4:589:37720,4,3.8567530065774918,8,0.02769981324672699,gutenberg,37720,11,3.8844528198242188
D,D_C_43222,chck_90M,43222,C,heldout_natural_source_repeat,heldoutcopy:4:58:20945,4,0.0016203760169446468,8,0.002297026105225086,childes,20945,11,0.003917402122169733
D,D_C_43222,chck_90M,43222,C,heldout_natural_source_repeat,heldoutcopy:4:590:8191,4,0.0022815242991782725,9,0.0008001701789908111,childes,8191,14,0.0030816944781690836
D,D_C_43222,chck_90M,43222,C,heldout_natural_source_repeat,heldoutcopy:4:591:25760,4,7.493490278720856,8,0.1344727873802185,gutenberg,25760,13,7.627963066101074
D,D_C_43222,chck_90M,43222,C,heldout_natural_source_repeat,heldoutcopy:4:592:23433,4,2.4901632834225893,27,0.02259020321071148,gutenberg,23433,44,2.512753486633301
D,D_C_43222,chck_90M,43222,C,heldout_natural_source_repeat,heldoutcopy:4:593:12594,4,6.889629003126174e-05,13,6.246371776796877e-05,childes,12594,21,0.00013136000779923052
D,D_C_43222,chck_90M,43222,C,heldout_natural_source_repeat,heldoutcopy:4:594:49143,4,1.0662969835102558,22,0.008033346384763718,open_subtitles,49143,36,1.0743303298950195
D,D_C_43222,chck_90M,43222,C,heldout_natural_source_repeat,heldoutcopy:4:595:28904,4,3.0881784595549107,15,0.02925318107008934,gutenberg,28904,24,3.117431640625
D,D_C_43222,chck_90M,43222,C,heldout_natural_source_repeat,heldoutcopy:4:596:36034,4,16.084068082738668,14,0.006437517236918211,gutenberg,36034,22,16.090505599975586
D,D_C_43222,chck_90M,43222,C,heldout_natural_source_repeat,heldoutcopy:4:597:25494,4,2.222237288951874,9,0.06650549173355103,gutenberg,25494,15,2.288742780685425
D,D_C_43222,chck_90M,43222,C,heldout_natural_source_repeat,heldoutcopy:4:598:54936,4,5.704188052564859,8,0.04236822947859764,simple_wiki,54936,12,5.746556282043457
D,D_C_43222,chck_90M,43222,C,heldout_natural_source_repeat,heldoutcopy:4:599:2877,4,1.5768312606960535,14,0.022770484909415245,bnc_spoken,2877,22,1.5996017456054688
D,D_C_43222,chck_90M,43222,C,heldout_natural_source_repeat,heldoutcopy:4:59:25709,4,9.492989897727966,13,0.01636183261871338,gutenberg,25709,21,9.50935173034668
D,D_C_43222,chck_90M,43222,C,heldout_natural_source_repeat,heldoutcopy:4:5:25862,4,8.339834291487932,14,0.02916518971323967,gutenberg,25862,22,8.368999481201172
D,D_C_43222,chck_90M,43222,C,heldout_natural_source_repeat,heldoutcopy:4:600:48239,4,2.6185090765357018,8,0.03591058403253555,open_subtitles,48239,11,2.6544196605682373
D,D_C_43222,chck_90M,43222,C,heldout_natural_source_repeat,heldoutcopy:4:601:41088,4,3.8769142031669617,8,0.03508025407791138,open_subtitles,41088,11,3.911994457244873
D,D_C_43222,chck_90M,43222,C,heldout_natural_source_repeat,heldoutcopy:4:602:34708,4,5.253608822822571,28,0.5354961156845093,gutenberg,34708,49,5.78910493850708
D,D_C_43222,chck_90M,43222,C,heldout_natural_source_repeat,heldoutcopy:4:603:53124,4,1.3151984214782715,11,0.7899608612060547,simple_wiki,53124,17,2.105159282684326
D,D_C_43222,chck_90M,43222,C,heldout_natural_source_repeat,heldoutcopy:4:604:46029,4,7.383031517267227,12,0.4869159162044525,open_subtitles,46029,19,7.86994743347168
D,D_C_43222,chck_90M,43222,C,heldout_natural_source_repeat,heldoutcopy:4:605:10491,4,-0.20608597248792648,8,0.2847110629081726,childes,10491,11,0.07862509042024612
D,D_C_43222,chck_90M,43222,C,heldout_natural_source_repeat,heldoutcopy:4:606:53273,4,0.6411511898040771,17,1.5935392379760742,simple_wiki,53273,27,2.2346904277801514
D,D_C_43222,chck_90M,43222,C,heldout_natural_source_repeat,heldoutcopy:4:607:3998,4,1.5544892810285091,20,0.022712919861078262,bnc_spoken,3998,32,1.5772022008895874
D,D_C_43222,chck_90M,43222,C,heldout_natural_source_repeat,heldoutcopy:4:608:51912,4,0.05140771623700857,11,0.005309765227138996,open_subtitles,51912,18,0.05671748146414757
D,D_C_43222,chck_90M,43222,C,heldout_natural_source_repeat,heldoutcopy:4:609:50775,4,3.4159637093544006,8,0.5357732176780701,open_subtitles,50775,10,3.9517369270324707
D,D_C_43222,chck_90M,43222,C,heldout_natural_source_repeat,heldoutcopy:4:60:14021,4,2.3747772723436356,8,0.22740225493907928,childes,14021,10,2.602179527282715
D,D_C_43222,chck_90M,43222,C,heldout_natural_source_repeat,heldoutcopy:4:610:28756,4,4.521975990384817,8,0.03669023886322975,gutenberg,28756,10,4.558666229248047
D,D_C_43222,chck_90M,43222,C,heldout_natural_source_repeat,heldoutcopy:4:611:24556,4,2.6096647158265114,19,0.08516284078359604,gutenberg,24556,30,2.6948275566101074
D,D_C_43222,chck_90M,43222,C,heldout_natural_source_repeat,heldoutcopy:4:612:10798,4,0.2616837366949767,8,0.0011743560899049044,childes,10798,10,0.2628580927848816
D,D_C_43222,chck_90M,43222,C,heldout_natural_source_repeat,heldoutcopy:4:613:46251,4,8.739490147680044,22,0.03917253389954567,open_subtitles,46251,36,8.77866268157959
D,D_C_43222,chck_90M,43222,C,heldout_natural_source_repeat,heldoutcopy:4:614:6877,4,0.00032596806704532355,8,4.970903682988137e-05,childes,6877,13,0.0003756771038752049
D,D_C_43222,chck_90M,43222,C,heldout_natural_source_repeat,heldoutcopy:4:615:10734,4,3.585334550589323,8,0.01487039402127266,childes,10734,13,3.6002049446105957
D,D_C_43222,chck_90M,43222,C,heldout_natural_source_repeat,heldoutcopy:4:616:60646,4,0.006523947697132826,8,0.0008238735608756542,simple_wiki,60646,11,0.00734782125800848
D,D_C_43222,chck_90M,43222,C,heldout_natural_source_repeat,heldoutcopy:4:617:7553,4,1.2777926283888519,11,0.006836239714175463,childes,7553,18,1.2846288681030273
D,D_C_43222,chck_90M,43222,C,heldout_natural_source_repeat,heldoutcopy:4:618:59801,4,0.06970925722271204,8,0.002642831765115261,simple_wiki,59801,13,0.0723520889878273
D,D_C_43222,chck_90M,43222,C,heldout_natural_source_repeat,heldoutcopy:4:619:24541,4,5.6588053703308105,27,0.5025506019592285,gutenberg,24541,43,6.161355972290039
D,D_C_43222,chck_90M,43222,C,heldout_natural_source_repeat,heldoutcopy:4:61:15069,4,0.48776904959231615,8,0.015419202856719494,childes,15069,10,0.5031882524490356
D,D_C_43222,chck_90M,43222,C,heldout_natural_source_repeat,heldoutcopy:4:620:42197,4,2.8876486122608185,8,0.3057551085948944,open_subtitles,42197,10,3.193403720855713
D,D_C_43222,chck_90M,43222,C,heldout_natural_source_repeat,heldoutcopy:4:621:58634,4,10.189253151416779,8,0.048466384410858154,simple_wiki,58634,11,10.237719535827637
D,D_C_43222,chck_90M,43222,C,heldout_natural_source_repeat,heldoutcopy:4:622:47340,4,2.2481931634247303,8,0.01734481379389763,open_subtitles,47340,12,2.265537977218628
D,D_C_43222,chck_90M,43222,C,heldout_natural_source_repeat,heldoutcopy:4:623:42637,4,0.42905837669968605,8,0.03389817103743553,open_subtitles,42637,12,0.4629565477371216
D,D_C_43222,chck_90M,43222,C,heldout_natural_source_repeat,heldoutcopy:4:624:7889,4,0.5189848197624087,12,0.004556392319500446,childes,7889,19,0.5235412120819092
D,D_C_43222,chck_90M,43222,C,heldout_natural_source_repeat,heldoutcopy:4:625:15068,4,0.00016294431407004595,13,9.298280929215252e-06,childes,15068,21,0.0001722425949992612
D,D_C_43222,chck_90M,43222,C,heldout_natural_source_repeat,heldoutcopy:4:626:46293,4,9.816235482692719,9,0.12998682260513306,open_subtitles,46293,15,9.946222305297852
D,D_C_43222,chck_90M,43222,C,heldout_natural_source_repeat,heldoutcopy:4:627:43161,4,4.147962875664234,8,0.03366582840681076,open_subtitles,43161,11,4.181628704071045
D,D_C_43222,chck_90M,43222,C,heldout_natural_source_repeat,heldoutcopy:4:628:42466,4,2.0905548818409443,8,0.0434768907725811,open_subtitles,42466,10,2.1340317726135254
D,D_C_43222,chck_90M,43222,C,heldout_natural_source_repeat,heldoutcopy:4:629:7055,4,0.017791874706745148,22,0.0912623405456543,childes,7055,36,0.10905421525239944
D,D_C_43222,chck_90M,43222,C,heldout_natural_source_repeat,heldoutcopy:4:62:34392,4,6.455117702484131,13,0.21172666549682617,gutenberg,34392,21,6.666844367980957
D,D_C_43222,chck_90M,43222,C,heldout_natural_source_repeat,heldoutcopy:4:630:44659,4,9.69602856040001,8,0.15383067727088928,open_subtitles,44659,10,9.849859237670898
D,D_C_43222,chck_90M,43222,C,heldout_natural_source_repeat,heldoutcopy:4:631:17623,4,0.00024170389951905236,8,9.643566590966657e-05,childes,17623,10,0.0003381395654287189
D,D_C_43222,chck_90M,43222,C,heldout_natural_source_repeat,heldoutcopy:4:632:12679,4,2.9979364052414894,8,0.12364395707845688,childes,12679,12,3.1215803623199463
D,D_C_43222,chck_90M,43222,C,heldout_natural_source_repeat,heldoutcopy:4:633:8050,4,1.9490147680044174,11,0.18574132025241852,childes,8050,17,2.134756088256836
D,D_C_43222,chck_90M,43222,C,heldout_natural_source_repeat,heldoutcopy:4:634:4995,4,7.706495061516762,8,0.07374022901058197,childes,4995,13,7.780235290527344
D,D_C_43222,chck_90M,43222,C,heldout_natural_source_repeat,heldoutcopy:4:635:56796,4,0.9948530308902264,8,0.06184648349881172,simple_wiki,56796,11,1.056699514389038
D,D_C_43222,chck_90M,43222,C,heldout_natural_source_repeat,heldoutcopy:4:636:33569,4,3.3676116466522217,19,0.02203202247619629,gutenberg,33569,31,3.389643669128418
D,D_C_43222,chck_90M,43222,C,heldout_natural_source_repeat,heldoutcopy:4:637:41234,4,10.046856459230185,8,0.024452630430459976,open_subtitles,41234,11,10.071309089660645
D,D_C_43222,chck_90M,43222,C,heldout_natural_source_repeat,heldoutcopy:4:638:13288,4,2.427659034729004,8,5.938458442687988,childes,13288,12,8.366117477416992
D,D_C_43222,chck_90M,43222,C,heldout_natural_source_repeat,heldoutcopy:4:639:55398,4,0.8716100640594959,25,0.040936391800642014,simple_wiki,55398,40,0.9125464558601379
D,D_C_43222,chck_90M,43222,C,heldout_natural_source_repeat,heldoutcopy:4:63:5691,4,10.143276911228895,8,0.04611136391758919,childes,5691,10,10.189388275146484
D,D_C_43222,chck_90M,43222,C,heldout_natural_source_repeat,heldoutcopy:4:640:44475,4,2.7295467406511307,15,0.1679871529340744,open_subtitles,44475,24,2.897533893585205
D,D_C_43222,chck_90M,43222,C,heldout_natural_source_repeat,heldoutcopy:4:641:3778,4,0.06776498805265874,20,0.0016986002447083592,bnc_spoken,3778,33,0.0694635882973671
D,D_C_43222,chck_90M,43222,C,heldout_natural_source_repeat,heldoutcopy:4:642:13892,4,1.4543002180289477e-05,16,2.932505594799295e-05,childes,13892,25,4.386805812828243e-05
D,D_C_43222,chck_90M,43222,C,heldout_natural_source_repeat,heldoutcopy:4:643:49115,4,0.6310102380812168,8,0.017966385930776596,open_subtitles,49115,10,0.6489766240119934
D,D_C_43222,chck_90M,43222,C,heldout_natural_source_repeat,heldoutcopy:4:644:11330,4,0.0041272969683632255,8,0.0008693729760125279,childes,11330,12,0.004996669944375753
D,D_C_43222,chck_90M,43222,C,heldout_natural_source_repeat,heldoutcopy:4:645:48764,4,0.29220532812178135,8,0.02040875516831875,open_subtitles,48764,12,0.3126140832901001
D,D_C_43222,chck_90M,43222,C,heldout_natural_source_repeat,heldoutcopy:4:646:13972,4,1.7628239477053285,8,0.015067807398736477,childes,13972,10,1.777891755104065
D,D_C_43222,chck_90M,43222,C,heldout_natural_source_repeat,heldoutcopy:4:647:44204,4,9.125682037323713,8,0.05283244326710701,open_subtitles,44204,11,9.17851448059082
D,D_C_43222,chck_90M,43222,C,heldout_natural_source_repeat,heldoutcopy:4:648:40926,4,2.4367973804473877,8,2.8628838062286377,open_subtitles,40926,10,5.299681186676025
D,D_C_43222,chck_90M,43222,C,heldout_natural_source_repeat,heldoutcopy:4:649:56016,4,6.198642950039357e-06,10,3.576214658096433e-05,simple_wiki,56016,16,4.1960789531003684e-05
D,D_C_43222,chck_90M,43222,C,heldout_natural_source_repeat,heldoutcopy:4:64:28077,4,4.949349761009216,10,0.5152403116226196,gutenberg,28077,16,5.464590072631836
D,D_C_43222,chck_90M,43222,C,heldout_natural_source_repeat,heldoutcopy:4:650:3003,4,2.2438366003334522,24,0.029794733971357346,bnc_spoken,3003,38,2.2736313343048096
D,D_C_43222,chck_90M,43222,C,heldout_natural_source_repeat,heldoutcopy:4:651:17989,4,0.8724232763051987,8,0.033009305596351624,childes,17989,12,0.9054325819015503
D,D_C_43222,chck_90M,43222,C,heldout_natural_source_repeat,heldoutcopy:4:652:916,4,5.028709530830383,9,1.0263127088546753,bnc_spoken,916,15,6.055022239685059
D,D_C_43222,chck_90M,43222,C,heldout_natural_source_repeat,heldoutcopy:4:653:47159,4,3.7582413256168365,8,0.4550846517086029,open_subtitles,47159,10,4.2133259773254395
D,D_C_43222,chck_90M,43222,C,heldout_natural_source_repeat,heldoutcopy:4:654:48979,4,0.0947701632976532,22,0.11888773739337921,open_subtitles,48979,36,0.2136579006910324
D,D_C_43222,chck_90M,43222,C,heldout_natural_source_repeat,heldoutcopy:4:655:9527,4,5.003829002380371,11,0.9813241958618164,childes,9527,17,5.9851531982421875
D,D_C_43222,chck_90M,43222,C,heldout_natural_source_repeat,heldoutcopy:4:656:8380,4,10.712117373943329,8,0.24235039949417114,childes,8380,13,10.9544677734375
D,D_C_43222,chck_90M,43222,C,heldout_natural_source_repeat,heldoutcopy:4:657:13840,4,0.001459896593587473,8,0.00012694983161054552,childes,13840,12,0.0015868464251980186
D,D_C_43222,chck_90M,43222,C,heldout_natural_source_repeat,heldoutcopy:4:658:3245,4,2.2964683026075363,9,0.03261084854602814,bnc_spoken,3245,14,2.3290791511535645
D,D_C_43222,chck_90M,43222,C,heldout_natural_source_repeat,heldoutcopy:4:659:31129,4,0.21552194468677044,11,0.008358614519238472,gutenberg,31129,18,0.2238805592060089
D,D_C_43222,chck_90M,43222,C,heldout_natural_source_repeat,heldoutcopy:4:65:1678,4,6.764290392398834,12,0.8156480193138123,bnc_spoken,1678,19,7.5799384117126465
D,D_C_43222,chck_90M,43222,C,heldout_natural_source_repeat,heldoutcopy:4:660:12686,4,9.226099427905865e-05,14,2.9682672902708873e-05,childes,12686,22,0.00012194366718176752
D,D_C_43222,chck_90M,43222,C,heldout_natural_source_repeat,heldoutcopy:4:661:13814,4,2.4355166405439377,8,0.05742402374744415,childes,13814,12,2.492940664291382
D,D_C_43222,chck_90M,43222,C,heldout_natural_source_repeat,heldoutcopy:4:662:8962,4,0.037720717198681086,8,0.0008092227508313954,childes,8962,10,0.03852993994951248
D,D_C_43222,chck_90M,43222,C,heldout_natural_source_repeat,heldoutcopy:4:663:18937,4,0.09556803735904396,8,0.003587716491892934,childes,18937,12,0.09915575385093689
D,D_C_43222,chck_90M,43222,C,heldout_natural_source_repeat,heldoutcopy:4:664:42345,4,3.2740734219551086,8,0.3368644118309021,open_subtitles,42345,12,3.6109378337860107
D,D_C_43222,chck_90M,43222,C,heldout_natural_source_repeat,heldoutcopy:4:665:29658,4,8.296158242970705,8,0.04882962629199028,gutenberg,29658,12,8.344987869262695
D,D_C_43222,chck_90M,43222,C,heldout_natural_source_repeat,heldoutcopy:4:666:55630,4,0.3803817081497982,22,0.0014676999999210238,simple_wiki,55630,35,0.38184940814971924
D,D_C_43222,chck_90M,43222,C,heldout_natural_source_repeat,heldoutcopy:4:667:55116,4,5.461786769330502,8,0.03196714073419571,simple_wiki,55116,13,5.493753910064697
D,D_C_43222,chck_90M,43222,C,heldout_natural_source_repeat,heldoutcopy:4:668:534,4,11.580436050891876,18,0.37747734785079956,bnc_spoken,534,29,11.957913398742676
D,D_C_43222,chck_90M,43222,C,heldout_natural_source_repeat,heldoutcopy:4:669:34343,4,3.424157749861479,16,0.0357731468975544,gutenberg,34343,26,3.459930896759033
D,D_C_43222,chck_90M,43222,C,heldout_natural_source_repeat,heldoutcopy:4:66:60002,4,0.011294771917164326,20,0.015583411790430546,simple_wiki,60002,32,0.02687818370759487
D,D_C_43222,chck_90M,43222,C,heldout_natural_source_repeat,heldoutcopy:4:670:29125,4,7.756509703118354,9,0.00556953577324748,gutenberg,29125,15,7.762079238891602
D,D_C_43222,chck_90M,43222,C,heldout_natural_source_repeat,heldoutcopy:4:671:14760,4,3.5655429400503635,12,0.02164888009428978,childes,14760,19,3.5871918201446533
D,D_C_43222,chck_90M,43222,C,heldout_natural_source_repeat,heldoutcopy:4:672:37703,4,13.174799762666225,17,0.06844917684793472,gutenberg,37703,27,13.24324893951416
D,D_C_43222,chck_90M,43222,C,heldout_natural_source_repeat,heldoutcopy:4:673:57411,4,0.3032189223449677,16,0.0006778326351195574,simple_wiki,57411,25,0.3038967549800873
D,D_C_43222,chck_90M,43222,C,heldout_natural_source_repeat,heldoutcopy:4:674:23569,4,9.288429245352745,8,0.16103555262088776,gutenberg,23569,13,9.449464797973633
D,D_C_43222,chck_90M,43222,C,heldout_natural_source_repeat,heldoutcopy:4:675:41624,4,9.161430424079299,9,0.015889102593064308,open_subtitles,41624,15,9.177319526672363
D,D_C_43222,chck_90M,43222,C,heldout_natural_source_repeat,heldoutcopy:4:676:59011,4,9.77546046860516,28,0.013674510642886162,simple_wiki,59011,49,9.789134979248047
D,D_C_43222,chck_90M,43222,C,heldout_natural_source_repeat,heldoutcopy:4:677:3622,4,-0.0045266058295965195,9,0.017034411430358887,bnc_spoken,3622,15,0.012507805600762367
D,D_C_43222,chck_90M,43222,C,heldout_natural_source_repeat,heldoutcopy:4:678:45344,4,1.5063204066827893,10,0.0099950535222888,open_subtitles,45344,16,1.5163154602050781
D,D_C_43222,chck_90M,43222,C,heldout_natural_source_repeat,heldoutcopy:4:679:33713,4,0.010608921991661191,8,0.0022460015024989843,gutenberg,33713,12,0.012854923494160175
D,D_C_43222,chck_90M,43222,C,heldout_natural_source_repeat,heldoutcopy:4:67:15751,4,0.00014958957399358042,8,4.6132929128361866e-05,childes,15751,10,0.00019572250312194228
D,D_C_43222,chck_90M,43222,C,heldout_natural_source_repeat,heldoutcopy:4:680:53171,4,0.34526045247912407,19,0.03862743452191353,simple_wiki,53171,31,0.3838878870010376
D,D_C_43222,chck_90M,43222,C,heldout_natural_source_repeat,heldoutcopy:4:681:521,4,6.415107317268848,11,0.07158511132001877,bnc_spoken,521,17,6.486692428588867
D,D_C_43222,chck_90M,43222,C,heldout_natural_source_repeat,heldoutcopy:4:682:26735,4,8.571141425520182,12,0.05766182765364647,gutenberg,26735,20,8.628803253173828
D,D_C_43222,chck_90M,43222,C,heldout_natural_source_repeat,heldoutcopy:4:683:15635,4,4.095701158046722,8,0.5124326348304749,childes,15635,12,4.608133792877197
D,D_C_43222,chck_90M,43222,C,heldout_natural_source_repeat,heldoutcopy:4:684:37763,4,6.119342558085918,8,0.10823465138673782,gutenberg,37763,13,6.227577209472656
D,D_C_43222,chck_90M,43222,C,heldout_natural_source_repeat,heldoutcopy:4:685:53683,4,-0.00849825143814087,9,0.17258059978485107,simple_wiki,53683,15,0.1640823483467102
D,D_C_43222,chck_90M,43222,C,heldout_natural_source_repeat,heldoutcopy:4:686:32341,4,0.01615892769768834,19,0.0076107303611934185,gutenberg,32341,30,0.02376965805888176
D,D_C_43222,chck_90M,43222,C,heldout_natural_source_repeat,heldoutcopy:4:687:21483,4,-0.043728381395339966,10,0.17766039073467255,childes,21483,16,0.13393200933933258
D,D_C_43222,chck_90M,43222,C,heldout_natural_source_repeat,heldoutcopy:4:688:44893,4,7.369100406765938,9,0.13765685260295868,open_subtitles,44893,15,7.5067572593688965
D,D_C_43222,chck_90M,43222,C,heldout_natural_source_repeat,heldoutcopy:4:689:7393,4,-1.788110239431262e-06,11,1.6927575416048057e-05,childes,7393,17,1.5139465176616795e-05
D,D_C_43222,chck_90M,43222,C,heldout_natural_source_repeat,heldoutcopy:4:68:43270,4,4.5472208727151155,8,0.023206545040011406,open_subtitles,43270,10,4.570427417755127
D,D_C_43222,chck_90M,43222,C,heldout_natural_source_repeat,heldoutcopy:4:690:41383,4,9.637246424332261,9,0.017475789412856102,open_subtitles,41383,15,9.654722213745117
D,D_C_43222,chck_90M,43222,C,heldout_natural_source_repeat,heldoutcopy:4:691:49476,4,0.9042508150450885,10,0.00650052772834897,open_subtitles,49476,16,0.9107513427734375
D,D_C_43222,chck_90M,43222,C,heldout_natural_source_repeat,heldoutcopy:4:692:20524,4,0.00529140716571419,11,1.8358061424805783e-05,childes,20524,17,0.005309765227138996
D,D_C_43222,chck_90M,43222,C,heldout_natural_source_repeat,heldoutcopy:4:693:30116,4,9.511947020888329,25,0.18702949583530426,gutenberg,30116,41,9.698976516723633
D,D_C_43222,chck_90M,43222,C,heldout_natural_source_repeat,heldoutcopy:4:694:1497,4,10.110169172286987,8,0.03644394874572754,bnc_spoken,1497,13,10.146613121032715
D,D_C_43222,chck_90M,43222,C,heldout_natural_source_repeat,heldoutcopy:4:695:29018,4,6.350913688540459,14,0.2419470101594925,gutenberg,29018,22,6.592860698699951
D,D_C_43222,chck_90M,43222,C,heldout_natural_source_repeat,heldoutcopy:4:696:44334,4,7.4225501120090485,8,0.29121360182762146,open_subtitles,44334,11,7.71376371383667
D,D_C_43222,chck_90M,43222,C,heldout_natural_source_repeat,heldoutcopy:4:697:11860,4,1.5167282819747925,8,0.11170303821563721,childes,11860,13,1.6284313201904297
D,D_C_43222,chck_90M,43222,C,heldout_natural_source_repeat,heldoutcopy:4:698:16844,4,0.0013124048709869385,8,0.0005011494504287839,childes,16844,10,0.0018135543214157224
D,D_C_43222,chck_90M,43222,C,heldout_natural_source_repeat,heldoutcopy:4:699:18120,4,0.003916013985872269,14,0.017697636038064957,childes,18120,22,0.021613650023937225
D,D_C_43222,chck_90M,43222,C,heldout_natural_source_repeat,heldoutcopy:4:69:7032,4,12.938270006328821,8,0.03872927650809288,childes,7032,10,12.976999282836914
D,D_C_43222,chck_90M,43222,C,heldout_natural_source_repeat,heldoutcopy:4:6:12973,4,3.2302084788680077,10,0.09691325575113297,childes,12973,16,3.3271217346191406
D,D_C_43222,chck_90M,43222,C,heldout_natural_source_repeat,heldoutcopy:4:700:29068,4,8.683751303702593,16,0.03750304505228996,gutenberg,29068,25,8.721254348754883
D,D_C_43222,chck_90M,43222,C,heldout_natural_source_repeat,heldoutcopy:4:701:60740,4,9.26253354549408,8,0.3578258752822876,simple_wiki,60740,10,9.620359420776367
D,D_C_43222,chck_90M,43222,C,heldout_natural_source_repeat,heldoutcopy:4:702:7225,4,4.858875028789043,8,0.12363458424806595,childes,7225,10,4.982509613037109
D,D_C_43222,chck_90M,43222,C,heldout_natural_source_repeat,heldoutcopy:4:703:862,4,11.454181453213096,13,0.015092113986611366,bnc_spoken,862,21,11.469273567199707
D,D_C_43222,chck_90M,43222,C,heldout_natural_source_repeat,heldoutcopy:4:704:964,4,0.06564594246447086,14,0.0013044904917478561,bnc_spoken,964,23,0.06695043295621872
D,D_C_43222,chck_90M,43222,C,heldout_natural_source_repeat,heldoutcopy:4:705:59023,4,0.08047688007354736,8,0.03930274397134781,simple_wiki,59023,11,0.11977962404489517
D,D_C_43222,chck_90M,43222,C,heldout_natural_source_repeat,heldoutcopy:4:706:2827,4,2.783388346899301,11,0.007213145028799772,bnc_spoken,2827,18,2.7906014919281006
D,D_C_43222,chck_90M,43222,C,heldout_natural_source_repeat,heldoutcopy:4:707:11769,4,1.9223383069038391,8,0.19910567998886108,childes,11769,12,2.1214439868927
D,D_C_43222,chck_90M,43222,C,heldout_natural_source_repeat,heldoutcopy:4:708:13248,4,0.0006044344409019686,8,2.0503786799963564e-05,childes,13248,10,0.0006249382277019322
D,D_C_43222,chck_90M,43222,C,heldout_natural_source_repeat,heldoutcopy:4:709:21847,4,0.6547967325896025,11,0.01164625771343708,childes,21847,17,0.6664429903030396
D,D_C_43222,chck_90M,43222,C,heldout_natural_source_repeat,heldoutcopy:4:70:43417,4,1.7559234946966171,9,0.1322934776544571,open_subtitles,43417,15,1.8882169723510742
D,D_C_43222,chck_90M,43222,C,heldout_natural_source_repeat,heldoutcopy:4:710:27199,4,1.2834253758192062,20,0.05351133644580841,gutenberg,27199,33,1.3369367122650146
D,D_C_43222,chck_90M,43222,C,heldout_natural_source_repeat,heldoutcopy:4:711:38023,4,4.567532688379288,11,0.2208617627620697,gutenberg,38023,18,4.788394451141357
D,D_C_43222,chck_90M,43222,C,heldout_natural_source_repeat,heldoutcopy:4:712:22519,4,1.4203436188399792,12,0.05958940461277962,childes,22519,20,1.4799330234527588
D,D_C_43222,chck_90M,43222,C,heldout_natural_source_repeat,heldoutcopy:4:713:4078,4,8.844064801931381,16,0.3186415731906891,bnc_spoken,4078,25,9.16270637512207
D,D_C_43222,chck_90M,43222,C,heldout_natural_source_repeat,heldoutcopy:4:714:21424,4,4.21234268695116,12,0.0658135935664177,childes,21424,19,4.278156280517578
D,D_C_43222,chck_90M,43222,C,heldout_natural_source_repeat,heldoutcopy:4:715:14208,4,2.2592314295470715,16,0.04944838955998421,childes,14208,26,2.3086798191070557
D,D_C_43222,chck_90M,43222,C,heldout_natural_source_repeat,heldoutcopy:4:716:13884,4,13.464359353296459,12,0.010138441808521748,childes,13884,20,13.47449779510498
D,D_C_43222,chck_90M,43222,C,heldout_natural_source_repeat,heldoutcopy:4:717:43163,4,11.701497741043568,8,0.027022652328014374,open_subtitles,43163,10,11.728520393371582
D,D_C_43222,chck_90M,43222,C,heldout_natural_source_repeat,heldoutcopy:4:718:33362,4,6.038681015372276,9,0.15526725351810455,gutenberg,33362,15,6.193948268890381
D,D_C_43222,chck_90M,43222,C,heldout_natural_source_repeat,heldoutcopy:4:719:54333,4,10.927024121396244,15,0.013252978213131428,simple_wiki,54333,24,10.940277099609375
D,D_C_43222,chck_90M,43222,C,heldout_natural_source_repeat,heldoutcopy:4:71:10326,4,6.672488607466221,8,0.10460861772298813,childes,10326,12,6.777097225189209
D,D_C_43222,chck_90M,43222,C,heldout_natural_source_repeat,heldoutcopy:4:720:6070,4,3.58364094235003,9,0.015855899080634117,childes,6070,14,3.599496841430664
D,D_C_43222,chck_90M,43222,C,heldout_natural_source_repeat,heldoutcopy:4:721:11990,4,0.019655972719192505,9,0.06700918823480606,childes,11990,14,0.08666516095399857
D,D_C_43222,chck_90M,43222,C,heldout_natural_source_repeat,heldoutcopy:4:722:43552,4,1.8037257380783558,8,0.022086363285779953,open_subtitles,43552,10,1.8258121013641357
D,D_C_43222,chck_90M,43222,C,heldout_natural_source_repeat,heldoutcopy:4:723:22822,4,4.48770047724247,22,0.17760370671749115,gutenberg,22822,35,4.665304183959961
D,D_C_43222,chck_90M,43222,C,heldout_natural_source_repeat,heldoutcopy:4:724:5886,4,2.8304494470357895,8,0.07584585249423981,childes,5886,11,2.9062952995300293
D,D_C_43222,chck_90M,43222,C,heldout_natural_source_repeat,heldoutcopy:4:725:27447,4,1.2326407544314861,9,0.03184174373745918,gutenberg,27447,15,1.2644824981689453
D,D_C_43222,chck_90M,43222,C,heldout_natural_source_repeat,heldoutcopy:4:726:23826,4,0.6170829241164029,8,0.007295041810721159,gutenberg,23826,13,0.624377965927124
D,D_C_43222,chck_90M,43222,C,heldout_natural_source_repeat,heldoutcopy:4:727:13469,4,0.03999849519459531,8,0.0009504806366749108,childes,13469,10,0.04094897583127022
D,D_C_43222,chck_90M,43222,C,heldout_natural_source_repeat,heldoutcopy:4:728:23830,4,0.10958061425480992,15,0.0013703251024708152,gutenberg,23830,24,0.11095093935728073
D,D_C_43222,chck_90M,43222,C,heldout_natural_source_repeat,heldoutcopy:4:729:21643,4,3.478552132844925,9,0.0283338725566864,childes,21643,14,3.5068860054016113
D,D_C_43222,chck_90M,43222,C,heldout_natural_source_repeat,heldoutcopy:4:72:8165,4,3.935885274782777,8,0.030314600095152855,childes,8165,13,3.9661998748779297
D,D_C_43222,chck_90M,43222,C,heldout_natural_source_repeat,heldoutcopy:4:730:55880,4,4.68227156996727,21,0.1246275007724762,simple_wiki,55880,34,4.806899070739746
D,D_C_43222,chck_90M,43222,C,heldout_natural_source_repeat,heldoutcopy:4:731:49440,4,3.563506882637739,8,0.021343428641557693,open_subtitles,49440,11,3.584850311279297
D,D_C_43222,chck_90M,43222,C,heldout_natural_source_repeat,heldoutcopy:4:732:37350,4,9.709693860262632,25,0.03193192556500435,gutenberg,37350,40,9.741625785827637
D,D_C_43222,chck_90M,43222,C,heldout_natural_source_repeat,heldoutcopy:4:733:18392,4,1.253415547311306,8,0.04905370622873306,childes,18392,11,1.302469253540039
D,D_C_43222,chck_90M,43222,C,heldout_natural_source_repeat,heldoutcopy:4:734:13216,4,3.3075163699686527,8,0.025759901851415634,childes,13216,12,3.3332762718200684
D,D_C_43222,chck_90M,43222,C,heldout_natural_source_repeat,heldoutcopy:4:735:57250,4,4.182579860091209,13,0.2403179556131363,simple_wiki,57250,21,4.422897815704346
D,D_C_43222,chck_90M,43222,C,heldout_natural_source_repeat,heldoutcopy:4:736:56581,4,1.9134010076522827,20,0.34281671047210693,simple_wiki,56581,33,2.2562177181243896
D,D_C_43222,chck_90M,43222,C,heldout_natural_source_repeat,heldoutcopy:4:737:38621,4,0.003592883702367544,17,0.0034880531020462513,open_subtitles,38621,27,0.0070809368044137955
D,D_C_43222,chck_90M,43222,C,heldout_natural_source_repeat,heldoutcopy:4:738:5588,4,0.7991625084541738,8,0.005583642516285181,childes,5588,10,0.804746150970459
D,D_C_43222,chck_90M,43222,C,heldout_natural_source_repeat,heldoutcopy:4:739:13497,4,1.978820000658743e-05,8,1.7523612768854946e-05,childes,13497,10,3.731181277544238e-05
D,D_C_43222,chck_90M,43222,C,heldout_natural_source_repeat,heldoutcopy:4:73:3176,4,0.5436153262853622,11,0.09149517118930817,bnc_spoken,3176,17,0.6351104974746704
D,D_C_43222,chck_90M,43222,C,heldout_natural_source_repeat,heldoutcopy:4:740:32070,4,2.3894877061247826,8,0.07504848390817642,gutenberg,32070,11,2.464536190032959
D,D_C_43222,chck_90M,43222,C,heldout_natural_source_repeat,heldoutcopy:4:741:22608,4,10.675374627113342,15,0.5149692296981812,gutenberg,22608,24,11.190343856811523
D,D_C_43222,chck_90M,43222,C,heldout_natural_source_repeat,heldoutcopy:4:742:5833,4,-2.384149411227554e-07,22,1.4185804502631072e-05,childes,5833,36,1.3947389561508317e-05
D,D_C_43222,chck_90M,43222,C,heldout_natural_source_repeat,heldoutcopy:4:743:40408,4,0.01177574205212295,10,0.001387943746522069,open_subtitles,40408,16,0.01316368579864502
D,D_C_43222,chck_90M,43222,C,heldout_natural_source_repeat,heldoutcopy:4:744:15281,4,-1.0065328031778336,8,1.2288506031036377,childes,15281,10,0.22231779992580414
D,D_C_43222,chck_90M,43222,C,heldout_natural_source_repeat,heldoutcopy:4:745:17775,4,0.8918871395289898,9,0.04838370159268379,childes,17775,15,0.9402708411216736
D,D_C_43222,chck_90M,43222,C,heldout_natural_source_repeat,heldoutcopy:4:746:18202,4,0.056123585207387805,12,0.003560158656910062,childes,18202,19,0.05968374386429787
D,D_C_43222,chck_90M,43222,C,heldout_natural_source_repeat,heldoutcopy:4:747:34629,4,4.209592971950769,8,0.009176578372716904,gutenberg,34629,10,4.218769550323486
D,D_C_43222,chck_90M,43222,C,heldout_natural_source_repeat,heldoutcopy:4:748:52023,4,1.6405204785987735,8,0.008926485665142536,open_subtitles,52023,10,1.649446964263916
D,D_C_43222,chck_90M,43222,C,heldout_natural_source_repeat,heldoutcopy:4:749:7970,4,0.3997913599014282,8,0.027370452880859375,childes,7970,12,0.4271618127822876
D,D_C_43222,chck_90M,43222,C,heldout_natural_source_repeat,heldoutcopy:4:74:14015,4,6.729526251554489,9,0.04561832547187805,childes,14015,14,6.775144577026367
D,D_C_43222,chck_90M,43222,C,heldout_natural_source_repeat,heldoutcopy:4:750:21812,4,4.682172235101461,9,0.04804188385605812,childes,21812,14,4.7302141189575195
D,D_C_43222,chck_90M,43222,C,heldout_natural_source_repeat,heldoutcopy:4:751:39050,4,2.010461747646332,8,0.07537323236465454,open_subtitles,39050,12,2.0858349800109863
D,D_C_43222,chck_90M,43222,C,heldout_natural_source_repeat,heldoutcopy:4:752:33420,4,0.6595547553151846,14,0.017067575827240944,gutenberg,33420,23,0.6766223311424255
D,D_C_43222,chck_90M,43222,C,heldout_natural_source_repeat,heldoutcopy:4:753:51497,4,6.183818966150284,13,0.11207279562950134,open_subtitles,51497,21,6.295891761779785
D,D_C_43222,chck_90M,43222,C,heldout_natural_source_repeat,heldoutcopy:4:754:42722,4,1.520093321800232,8,0.03592634201049805,open_subtitles,42722,10,1.55601966381073
D,D_C_43222,chck_90M,43222,C,heldout_natural_source_repeat,heldoutcopy:4:755:53258,4,-4.4103580876253545e-06,9,8.976056415122002e-05,simple_wiki,53258,14,8.535020606359467e-05
D,D_C_43222,chck_90M,43222,C,heldout_natural_source_repeat,heldoutcopy:4:756:24965,4,1.744635283946991,26,0.23367029428482056,gutenberg,24965,42,1.9783055782318115
D,D_C_43222,chck_90M,43222,C,heldout_natural_source_repeat,heldoutcopy:4:757:57497,4,12.267610838636756,9,0.021948525682091713,simple_wiki,57497,15,12.289559364318848
D,D_C_43222,chck_90M,43222,C,heldout_natural_source_repeat,heldoutcopy:4:758:15653,4,0.01104289828799665,8,0.0035588520113378763,childes,15653,11,0.014601750299334526
D,D_C_43222,chck_90M,43222,C,heldout_natural_source_repeat,heldoutcopy:4:759:37836,4,0.13111127074807882,8,0.006813862361013889,gutenberg,37836,10,0.1379251331090927
D,D_C_43222,chck_90M,43222,C,heldout_natural_source_repeat,heldoutcopy:4:75:9557,4,0.06906245375284925,9,0.000910344475414604,childes,9557,14,0.06997279822826385
D,D_C_43222,chck_90M,43222,C,heldout_natural_source_repeat,heldoutcopy:4:760:43742,4,0.002202412229962647,9,0.001214005402289331,open_subtitles,43742,15,0.003416417632251978
D,D_C_43222,chck_90M,43222,C,heldout_natural_source_repeat,heldoutcopy:4:761:40555,4,0.12294775620102882,8,0.05852332338690758,open_subtitles,40555,11,0.1814710795879364
D,D_C_43222,chck_90M,43222,C,heldout_natural_source_repeat,heldoutcopy:4:762:2316,4,1.8186216950416565,8,0.13107174634933472,bnc_spoken,2316,10,1.9496934413909912
D,D_C_43222,chck_90M,43222,C,heldout_natural_source_repeat,heldoutcopy:4:763:31284,4,2.543150946497917,14,0.07934804260730743,gutenberg,31284,23,2.6224989891052246
D,D_C_43222,chck_90M,43222,C,heldout_natural_source_repeat,heldoutcopy:4:764:20937,4,2.2671507908962667,8,0.006832687649875879,childes,20937,10,2.2739834785461426
D,D_C_43222,chck_90M,43222,C,heldout_natural_source_repeat,heldoutcopy:4:765:59305,4,16.353336283937097,8,0.026773503050208092,simple_wiki,59305,11,16.380109786987305
D,D_C_43222,chck_90M,43222,C,heldout_natural_source_repeat,heldoutcopy:4:766:52346,4,1.5580841228365898,8,0.007861979305744171,open_subtitles,52346,13,1.565946102142334
D,D_C_43222,chck_90M,43222,C,heldout_natural_source_repeat,heldoutcopy:4:767:25201,4,9.13524372316897,24,0.025761296972632408,gutenberg,25201,39,9.161005020141602
D,D_C_43222,chck_90M,43222,C,heldout_natural_source_repeat,heldoutcopy:4:768:2028,4,7.235090732574463,12,0.3087148666381836,bnc_spoken,2028,20,7.5438055992126465
D,D_C_43222,chck_90M,43222,C,heldout_natural_source_repeat,heldoutcopy:4:769:27172,4,1.5209227576851845,22,0.0901421532034874,gutenberg,27172,36,1.6110649108886719
D,D_C_43222,chck_90M,43222,C,heldout_natural_source_repeat,heldoutcopy:4:76:24856,4,6.186846906319261,16,0.016947096213698387,gutenberg,24856,25,6.203794002532959
D,D_C_43222,chck_90M,43222,C,heldout_natural_source_repeat,heldoutcopy:4:770:14772,4,1.7036547809839249,8,0.13500307500362396,childes,14772,12,1.8386578559875488
D,D_C_43222,chck_90M,43222,C,heldout_natural_source_repeat,heldoutcopy:4:771:31988,4,3.8525720294564962,10,0.019392186775803566,gutenberg,31988,16,3.8719642162323
D,D_C_43222,chck_90M,43222,C,heldout_natural_source_repeat,heldoutcopy:4:772:4282,4,0.2397592719644308,22,0.005006277933716774,bnc_spoken,4282,36,0.24476554989814758
D,D_C_43222,chck_90M,43222,C,heldout_natural_source_repeat,heldoutcopy:4:773:55763,4,6.827898941002786,11,0.01444725040346384,simple_wiki,55763,17,6.84234619140625
D,D_C_43222,chck_90M,43222,C,heldout_natural_source_repeat,heldoutcopy:4:774:17,4,6.291961386799812,10,0.18856029212474823,bnc_spoken,17,16,6.4805216789245605
D,D_C_43222,chck_90M,43222,C,heldout_natural_source_repeat,heldoutcopy:4:775:2498,4,1.9322230219841003,12,0.35270196199417114,bnc_spoken,2498,19,2.2849249839782715
D,D_C_43222,chck_90M,43222,C,heldout_natural_source_repeat,heldoutcopy:4:776:49123,4,0.06981685035862029,9,0.003296419745311141,open_subtitles,49123,14,0.07311327010393143
D,D_C_43222,chck_90M,43222,C,heldout_natural_source_repeat,heldoutcopy:4:777:12708,4,0.01060130214318633,8,0.004561851266771555,childes,12708,12,0.015163153409957886
D,D_C_43222,chck_90M,43222,C,heldout_natural_source_repeat,heldoutcopy:4:778:62001,4,1.292424626648426,9,0.011650852859020233,simple_wiki,62001,14,1.3040754795074463
D,D_C_43222,chck_90M,43222,C,heldout_natural_source_repeat,heldoutcopy:4:779:4611,4,7.300503253936768,25,2.531615734100342,bnc_spoken,4611,40,9.83211898803711
D,D_C_43222,chck_90M,43222,C,heldout_natural_source_repeat,heldoutcopy:4:77:14445,4,0.0006227057747310027,8,0.00014137222024146467,childes,14445,10,0.0007640779949724674
D,D_C_43222,chck_90M,43222,C,heldout_natural_source_repeat,heldoutcopy:4:780:57811,4,1.5764694013632834,9,0.0020026168785989285,simple_wiki,57811,14,1.5784720182418823
D,D_C_43222,chck_90M,43222,C,heldout_natural_source_repeat,heldoutcopy:4:781:40078,4,-0.2485218048095703,8,4.186884880065918,open_subtitles,40078,13,3.9383630752563477
D,D_C_43222,chck_90M,43222,C,heldout_natural_source_repeat,heldoutcopy:4:782:8317,4,0.026562083046883345,10,0.002955951262265444,childes,8317,16,0.02951803430914879
D,D_C_43222,chck_90M,43222,C,heldout_natural_source_repeat,heldoutcopy:4:783:41601,4,6.226832985877991,8,0.06260764598846436,open_subtitles,41601,10,6.289440631866455
D,D_C_43222,chck_90M,43222,C,heldout_natural_source_repeat,heldoutcopy:4:784:16162,4,0.0014200632431311533,12,9.929640509653836e-05,childes,16162,20,0.0015193596482276917
D,D_C_43222,chck_90M,43222,C,heldout_natural_source_repeat,heldoutcopy:4:785:20577,4,6.532071083784103,8,0.023883849382400513,childes,20577,10,6.555954933166504
D,D_C_43222,chck_90M,43222,C,heldout_natural_source_repeat,heldoutcopy:4:786:2169,4,3.896213261410594,8,0.025328906252980232,bnc_spoken,2169,10,3.921542167663574
D,D_C_43222,chck_90M,43222,C,heldout_natural_source_repeat,heldoutcopy:4:787:16900,4,1.179291281849146,8,0.027393188327550888,childes,16900,10,1.2066844701766968
D,D_C_43222,chck_90M,43222,C,heldout_natural_source_repeat,heldoutcopy:4:788:62443,4,4.359533347189426,11,0.04196354001760483,switchboard,62443,17,4.401496887207031
D,D_C_43222,chck_90M,43222,C,heldout_natural_source_repeat,heldoutcopy:4:789:52856,4,9.870459463447332,11,0.022038552910089493,simple_wiki,52856,18,9.892498016357422
D,D_C_43222,chck_90M,43222,C,heldout_natural_source_repeat,heldoutcopy:4:78:58172,4,7.941854488104582,21,0.05586479976773262,simple_wiki,58172,34,7.9977192878723145
D,D_C_43222,chck_90M,43222,C,heldout_natural_source_repeat,heldoutcopy:4:790:30506,4,5.5234745144844055,17,0.1503888964653015,gutenberg,30506,28,5.673863410949707
D,D_C_43222,chck_90M,43222,C,heldout_natural_source_repeat,heldoutcopy:4:791:1106,4,7.491227176040411,9,0.031712982803583145,bnc_spoken,1106,14,7.522940158843994
D,D_C_43222,chck_90M,43222,C,heldout_natural_source_repeat,heldoutcopy:4:792:60913,4,6.869789192453027,15,0.020937373861670494,simple_wiki,60913,24,6.890726566314697
D,D_C_43222,chck_90M,43222,C,heldout_natural_source_repeat,heldoutcopy:4:793:6524,4,-7.741386070847511e-06,22,0.0009289240115322173,childes,6524,36,0.0009211826254613698
D,D_C_43222,chck_90M,43222,C,heldout_natural_source_repeat,heldoutcopy:4:794:20010,4,1.4051055097952485,8,0.008941254578530788,childes,20010,10,1.4140467643737793
D,D_C_43222,chck_90M,43222,C,heldout_natural_source_repeat,heldoutcopy:4:795:59034,4,0.8079731352627277,25,0.008909117430448532,simple_wiki,59034,40,0.8168822526931763
D,D_C_43222,chck_90M,43222,C,heldout_natural_source_repeat,heldoutcopy:4:796:9547,4,0.30178099125623703,9,0.031794168055057526,childes,9547,15,0.33357515931129456
D,D_C_43222,chck_90M,43222,C,heldout_natural_source_repeat,heldoutcopy:4:797:23384,4,6.083472400903702,10,0.018594592809677124,gutenberg,23384,16,6.102066993713379
D,D_C_43222,chck_90M,43222,C,heldout_natural_source_repeat,heldoutcopy:4:798:55884,4,2.391351291909814,14,0.027295520529150963,simple_wiki,55884,23,2.418646812438965
D,D_C_43222,chck_90M,43222,C,heldout_natural_source_repeat,heldoutcopy:4:799:62199,4,4.941670376807451,12,0.02226976677775383,simple_wiki,62199,19,4.963940143585205
D,D_C_43222,chck_90M,43222,C,heldout_natural_source_repeat,heldoutcopy:4:79:53393,4,8.941566616296768,25,0.3218611180782318,simple_wiki,53393,40,9.263427734375
D,D_C_43222,chck_90M,43222,C,heldout_natural_source_repeat,heldoutcopy:4:7:4568,4,7.902830004692078,11,0.16397106647491455,bnc_spoken,4568,18,8.066801071166992
D,D_C_43222,chck_90M,43222,C,heldout_natural_source_repeat,heldoutcopy:4:800:21595,4,2.524179130792618,8,0.013686269521713257,childes,21595,11,2.537865400314331
D,D_C_43222,chck_90M,43222,C,heldout_natural_source_repeat,heldoutcopy:4:801:621,4,1.5959897665306926,8,0.010126051492989063,bnc_spoken,621,10,1.6061158180236816
D,D_C_43222,chck_90M,43222,C,heldout_natural_source_repeat,heldoutcopy:4:802:10391,4,1.9359291568398476,8,0.03641762584447861,childes,10391,11,1.9723467826843262
D,D_C_43222,chck_90M,43222,C,heldout_natural_source_repeat,heldoutcopy:4:803:26089,4,2.55951064825058,28,0.03409796953201294,gutenberg,26089,54,2.5936086177825928
D,D_C_43222,chck_90M,43222,C,heldout_natural_source_repeat,heldoutcopy:4:804:5745,4,5.182368814945221,8,0.2036699652671814,childes,5745,10,5.386038780212402
D,D_C_43222,chck_90M,43222,C,heldout_natural_source_repeat,heldoutcopy:4:805:22598,4,8.572216065600514,17,0.01414581947028637,gutenberg,22598,27,8.5863618850708
D,D_C_43222,chck_90M,43222,C,heldout_natural_source_repeat,heldoutcopy:4:806:48065,4,2.360562616959214,8,0.029544537886977196,open_subtitles,48065,11,2.3901071548461914
D,D_C_43222,chck_90M,43222,C,heldout_natural_source_repeat,heldoutcopy:4:807:22919,4,1.1900133863091469,17,0.12363173812627792,gutenberg,22919,28,1.3136451244354248
D,D_C_43222,chck_90M,43222,C,heldout_natural_source_repeat,heldoutcopy:4:808:45385,4,10.76986300945282,8,1.3150187730789185,open_subtitles,45385,10,12.084881782531738
D,D_C_43222,chck_90M,43222,C,heldout_natural_source_repeat,heldoutcopy:4:809:47930,4,4.157210052013397,25,0.13881951570510864,open_subtitles,47930,40,4.296029567718506
D,D_C_43222,chck_90M,43222,C,heldout_natural_source_repeat,heldoutcopy:4:80:42785,4,6.450414389371872,9,0.4031250774860382,open_subtitles,42785,14,6.85353946685791
D,D_C_43222,chck_90M,43222,C,heldout_natural_source_repeat,heldoutcopy:4:810:61418,4,1.2361144628375769,22,0.024655023589730263,simple_wiki,61418,36,1.2607694864273071
D,D_C_43222,chck_90M,43222,C,heldout_natural_source_repeat,heldoutcopy:4:811:22029,4,1.251670801138971e-05,9,1.5139465176616795e-05,childes,22029,14,2.7656173188006505e-05
D,D_C_43222,chck_90M,43222,C,heldout_natural_source_repeat,heldoutcopy:4:812:43182,4,3.970144510269165,8,3.6762092113494873,open_subtitles,43182,10,7.646353721618652
D,D_C_43222,chck_90M,43222,C,heldout_natural_source_repeat,heldoutcopy:4:813:1021,4,0.8004821240901947,8,0.31086698174476624,bnc_spoken,1021,10,1.111349105834961
D,D_C_43222,chck_90M,43222,C,heldout_natural_source_repeat,heldoutcopy:4:814:16667,4,0.14757523220032454,14,0.007323798723518848,childes,16667,23,0.15489903092384338
D,D_C_43222,chck_90M,43222,C,heldout_natural_source_repeat,heldoutcopy:4:815:14860,4,0.062105669640004635,8,0.0036228755488991737,childes,14860,13,0.06572854518890381
D,D_C_43222,chck_90M,43222,C,heldout_natural_source_repeat,heldoutcopy:4:816:20633,4,0.5187482321634889,11,0.013378492556512356,childes,20633,17,0.5321267247200012
D,D_C_43222,chck_90M,43222,C,heldout_natural_source_repeat,heldoutcopy:4:817:39302,4,6.731700420379639,8,1.7197613716125488,open_subtitles,39302,10,8.451461791992188
D,D_C_43222,chck_90M,43222,C,heldout_natural_source_repeat,heldoutcopy:4:818:3416,4,8.654763609170914,8,0.16082343459129333,bnc_spoken,3416,12,8.815587043762207
D,D_C_43222,chck_90M,43222,C,heldout_natural_source_repeat,heldoutcopy:4:819:7608,4,4.924400329589844,8,0.3790283203125,childes,7608,10,5.303428649902344
D,D_C_43222,chck_90M,43222,C,heldout_natural_source_repeat,heldoutcopy:4:81:56464,4,3.706733196566347,15,0.0006451908848248422,simple_wiki,56464,24,3.707378387451172
D,D_C_43222,chck_90M,43222,C,heldout_natural_source_repeat,heldoutcopy:4:820:48514,4,3.787777155637741,8,0.41011789441108704,open_subtitles,48514,12,4.197895050048828
D,D_C_43222,chck_90M,43222,C,heldout_natural_source_repeat,heldoutcopy:4:821:39708,4,1.7896509170532227,8,4.083722114562988,open_subtitles,39708,13,5.873373031616211
D,D_C_43222,chck_90M,43222,C,heldout_natural_source_repeat,heldoutcopy:4:822:42196,4,12.818704336881638,8,0.10278823971748352,open_subtitles,42196,10,12.921492576599121
D,D_C_43222,chck_90M,43222,C,heldout_natural_source_repeat,heldoutcopy:4:823:2438,4,6.618835970759392,8,0.02320142090320587,bnc_spoken,2438,10,6.642037391662598
D,D_C_43222,chck_90M,43222,C,heldout_natural_source_repeat,heldoutcopy:4:824:39037,4,3.0959688127040863,8,0.17246022820472717,open_subtitles,39037,10,3.2684290409088135
D,D_C_43222,chck_90M,43222,C,heldout_natural_source_repeat,heldoutcopy:4:825:44343,4,5.821717262268066,8,0.7209820747375488,open_subtitles,44343,12,6.542699337005615
D,D_C_43222,chck_90M,43222,C,heldout_natural_source_repeat,heldoutcopy:4:826:20914,4,1.9889783188700676,8,0.010605521500110626,childes,20914,11,1.9995838403701782
D,D_C_43222,chck_90M,43222,C,heldout_natural_source_repeat,heldoutcopy:4:827:31635,4,7.580011241137981,19,0.0580369308590889,gutenberg,31635,31,7.63804817199707
D,D_C_43222,chck_90M,43222,C,heldout_natural_source_repeat,heldoutcopy:4:828:56150,4,3.9870002269744873,15,0.28165555000305176,simple_wiki,56150,24,4.268655776977539
D,D_C_43222,chck_90M,43222,C,heldout_natural_source_repeat,heldoutcopy:4:829:27293,4,11.90383290592581,12,0.012034899555146694,gutenberg,27293,20,11.915867805480957
D,D_C_43222,chck_90M,43222,C,heldout_natural_source_repeat,heldoutcopy:4:82:62077,4,0.003283604746684432,11,0.00028463127091526985,simple_wiki,62077,18,0.003568236017599702
D,D_C_43222,chck_90M,43222,C,heldout_natural_source_repeat,heldoutcopy:4:830:8902,4,0.22978706657886505,8,0.010195791721343994,childes,8902,10,0.23998285830020905
D,D_C_43222,chck_90M,43222,C,heldout_natural_source_repeat,heldoutcopy:4:831:7566,4,12.0032479763031,9,3.048767328262329,childes,7566,15,15.05201530456543
D,D_C_43222,chck_90M,43222,C,heldout_natural_source_repeat,heldoutcopy:4:832:31805,4,0.0787451604846865,8,0.0012655591126531363,gutenberg,31805,12,0.08001071959733963
D,D_C_43222,chck_90M,43222,C,heldout_natural_source_repeat,heldoutcopy:4:833:58604,4,1.233084307052195,8,0.00805522408336401,simple_wiki,58604,11,1.241139531135559
D,D_C_43222,chck_90M,43222,C,heldout_natural_source_repeat,heldoutcopy:4:834:29335,4,5.896321304142475,24,0.036302559077739716,gutenberg,29335,38,5.932623863220215
D,D_C_43222,chck_90M,43222,C,heldout_natural_source_repeat,heldoutcopy:4:835:32424,4,2.9869964867830276,27,0.04139582812786102,gutenberg,32424,43,3.0283923149108887
D,D_C_43222,chck_90M,43222,C,heldout_natural_source_repeat,heldoutcopy:4:836:32491,4,1.3499379605054855,13,0.00653250515460968,gutenberg,32491,21,1.3564704656600952
D,D_C_43222,chck_90M,43222,C,heldout_natural_source_repeat,heldoutcopy:4:837:17541,4,2.313182790763676,8,0.013793270103633404,childes,17541,10,2.3269760608673096
D,D_C_43222,chck_90M,43222,C,heldout_natural_source_repeat,heldoutcopy:4:838:17100,4,2.0265015336917713e-06,14,2.7179348762729205e-05,childes,17100,23,2.9205850296420977e-05
D,D_C_43222,chck_90M,43222,C,heldout_natural_source_repeat,heldoutcopy:4:839:16116,4,0.1168549561407417,8,0.003391349921002984,childes,16116,11,0.12024630606174469
D,D_C_43222,chck_90M,43222,C,heldout_natural_source_repeat,heldoutcopy:4:83:19858,4,17.661225641146302,8,0.016482030972838402,childes,19858,10,17.67770767211914
D,D_C_43222,chck_90M,43222,C,heldout_natural_source_repeat,heldoutcopy:4:840:61880,4,0.10833586379885674,8,0.003989476710557938,simple_wiki,61880,12,0.11232534050941467
D,D_C_43222,chck_90M,43222,C,heldout_natural_source_repeat,heldoutcopy:4:841:4011,4,2.6467208862304688,24,5.188002586364746,bnc_spoken,4011,39,7.834723472595215
D,D_C_43222,chck_90M,43222,C,heldout_natural_source_repeat,heldoutcopy:4:842:21502,4,9.89509478956461,17,0.11903580278158188,childes,21502,28,10.014130592346191
D,D_C_43222,chck_90M,43222,C,heldout_natural_source_repeat,heldoutcopy:4:843:34377,4,0.8224256820976734,9,0.014207523316144943,gutenberg,34377,14,0.8366332054138184
D,D_C_43222,chck_90M,43222,C,heldout_natural_source_repeat,heldoutcopy:4:844:9282,4,5.622907031327486,11,0.049039971083402634,childes,9282,17,5.671947002410889
D,D_C_43222,chck_90M,43222,C,heldout_natural_source_repeat,heldoutcopy:4:845:41279,4,0.06139944773167372,8,0.011070732958614826,open_subtitles,41279,11,0.07247018069028854
D,D_C_43222,chck_90M,43222,C,heldout_natural_source_repeat,heldoutcopy:4:846:26595,4,2.107990548014641,9,0.02146477997303009,gutenberg,26595,15,2.129455327987671
D,D_C_43222,chck_90M,43222,C,heldout_natural_source_repeat,heldoutcopy:4:847:37534,4,0.12355956807732582,19,0.0014872215688228607,gutenberg,37534,31,0.12504678964614868
D,D_C_43222,chck_90M,43222,C,heldout_natural_source_repeat,heldoutcopy:4:848:42726,4,0.05820793891325593,8,0.0028335205279290676,open_subtitles,42726,13,0.061041459441185
D,D_C_43222,chck_90M,43222,C,heldout_natural_source_repeat,heldoutcopy:4:849:2398,4,0.0978793422691524,8,0.00580257223919034,bnc_spoken,2398,10,0.10368191450834274
D,D_C_43222,chck_90M,43222,C,heldout_natural_source_repeat,heldoutcopy:4:84:51065,4,7.980876609683037,8,0.12290890514850616,open_subtitles,51065,11,8.103785514831543
D,D_C_43222,chck_90M,43222,C,heldout_natural_source_repeat,heldoutcopy:4:850:44506,4,0.5398277062922716,8,0.020883439108729362,open_subtitles,44506,10,0.560711145401001
D,D_C_43222,chck_90M,43222,C,heldout_natural_source_repeat,heldoutcopy:4:851:34921,4,1.113164745271206,12,0.06907383352518082,gutenberg,34921,20,1.1822385787963867
D,D_C_43222,chck_90M,43222,C,heldout_natural_source_repeat,heldoutcopy:4:852:45743,4,0.5065815020352602,8,0.01143602840602398,open_subtitles,45743,12,0.5180175304412842
D,D_C_43222,chck_90M,43222,C,heldout_natural_source_repeat,heldoutcopy:4:853:62412,4,0.21920311450958252,13,0.1882285177707672,switchboard,62412,21,0.40743163228034973
D,D_C_43222,chck_90M,43222,C,heldout_natural_source_repeat,heldoutcopy:4:854:385,4,0.06662042438983917,9,0.17230531573295593,bnc_spoken,385,14,0.2389257401227951
D,D_C_43222,chck_90M,43222,C,heldout_natural_source_repeat,heldoutcopy:4:855:41416,4,0.6381486682221293,9,0.011751708574593067,open_subtitles,41416,14,0.6499003767967224
D,D_C_43222,chck_90M,43222,C,heldout_natural_source_repeat,heldoutcopy:4:856:1017,4,9.36506430245936,8,0.03035958670079708,bnc_spoken,1017,12,9.395423889160156
D,D_C_43222,chck_90M,43222,C,heldout_natural_source_repeat,heldoutcopy:4:857:2509,4,1.0246035335585475,8,0.01455922145396471,bnc_spoken,2509,11,1.0391627550125122
D,D_C_43222,chck_90M,43222,C,heldout_natural_source_repeat,heldoutcopy:4:858:11424,4,0.029918419153545983,10,0.00012170527770649642,childes,11424,16,0.03004012443125248
D,D_C_43222,chck_90M,43222,C,heldout_natural_source_repeat,heldoutcopy:4:859:47134,4,5.757209412753582,8,0.09793175011873245,open_subtitles,47134,11,5.8551411628723145
D,D_C_43222,chck_90M,43222,C,heldout_natural_source_repeat,heldoutcopy:4:85:2742,4,5.445876598358154,11,0.5240988731384277,bnc_spoken,2742,18,5.969975471496582
D,D_C_43222,chck_90M,43222,C,heldout_natural_source_repeat,heldoutcopy:4:860:28821,4,6.189966348931193,9,0.023787351325154305,gutenberg,28821,14,6.213753700256348
D,D_C_43222,chck_90M,43222,C,heldout_natural_source_repeat,heldoutcopy:4:861:32449,4,8.784947610460222,24,0.014812254346907139,gutenberg,32449,39,8.799759864807129
D,D_C_43222,chck_90M,43222,C,heldout_natural_source_repeat,heldoutcopy:4:862:52072,4,0.8792954254895449,8,0.00797007791697979,open_subtitles,52072,12,0.8872655034065247
D,D_C_43222,chck_90M,43222,C,heldout_natural_source_repeat,heldoutcopy:4:863:57823,4,4.180086731910706,14,0.325398325920105,simple_wiki,57823,23,4.5054850578308105
D,D_C_43222,chck_90M,43222,C,heldout_natural_source_repeat,heldoutcopy:4:864:13148,4,0.7168269641697407,8,0.04526622220873833,childes,13148,10,0.762093186378479
D,D_C_43222,chck_90M,43222,C,heldout_natural_source_repeat,heldoutcopy:4:865:22601,4,8.215562961995602,24,0.09705433994531631,gutenberg,22601,38,8.312617301940918
D,D_C_43222,chck_90M,43222,C,heldout_natural_source_repeat,heldoutcopy:4:866:20828,4,4.792145311832428,11,0.08173316717147827,childes,20828,17,4.873878479003906
D,D_C_43222,chck_90M,43222,C,heldout_natural_source_repeat,heldoutcopy:4:867:29969,4,11.377403663471341,24,0.015858246013522148,gutenberg,29969,39,11.393261909484863
D,D_C_43222,chck_90M,43222,C,heldout_natural_source_repeat,heldoutcopy:4:868:18025,4,3.8354381918907166,11,0.0777464509010315,childes,18025,18,3.913184642791748
D,D_C_43222,chck_90M,43222,C,heldout_natural_source_repeat,heldoutcopy:4:869:43927,4,-0.27137577533721924,8,1.203108549118042,open_subtitles,43927,10,0.9317327737808228
D,D_C_43222,chck_90M,43222,C,heldout_natural_source_repeat,heldoutcopy:4:86:53193,4,7.81505911052227,12,0.1334882527589798,simple_wiki,53193,19,7.94854736328125
D,D_C_43222,chck_90M,43222,C,heldout_natural_source_repeat,heldoutcopy:4:870:19929,4,2.692678153514862,8,0.15467029809951782,childes,19929,10,2.84734845161438
D,D_C_43222,chck_90M,43222,C,heldout_natural_source_repeat,heldoutcopy:4:871:5690,4,9.437536937184632e-05,8,0.00035958975786343217,childes,5690,10,0.0004539651272352785
D,D_C_43222,chck_90M,43222,C,heldout_natural_source_repeat,heldoutcopy:4:872:57116,4,7.981958517804742,11,0.013736596331000328,simple_wiki,57116,17,7.995695114135742
D,D_C_43222,chck_90M,43222,C,heldout_natural_source_repeat,heldoutcopy:4:873:46374,4,5.814759872853756,8,0.11442980915307999,open_subtitles,46374,11,5.929189682006836
D,D_C_43222,chck_90M,43222,C,heldout_natural_source_repeat,heldoutcopy:4:874:48767,4,4.153786193579435,9,0.03418921306729317,open_subtitles,48767,14,4.1879754066467285
D,D_C_43222,chck_90M,43222,C,heldout_natural_source_repeat,heldoutcopy:4:875:57919,4,0.6384256342425942,8,0.010973109863698483,simple_wiki,57919,12,0.6493987441062927
D,D_C_43222,chck_90M,43222,C,heldout_natural_source_repeat,heldoutcopy:4:876:26625,4,11.358826160430908,18,0.1984543800354004,gutenberg,26625,29,11.557280540466309
D,D_C_43222,chck_90M,43222,C,heldout_natural_source_repeat,heldoutcopy:4:877:2178,4,4.581340670585632,8,0.11743032932281494,bnc_spoken,2178,10,4.698770999908447
D,D_C_43222,chck_90M,43222,C,heldout_natural_source_repeat,heldoutcopy:4:878:4413,4,4.435442630201578,27,0.042702969163656235,bnc_spoken,4413,44,4.478145599365234
D,D_C_43222,chck_90M,43222,C,heldout_natural_source_repeat,heldoutcopy:4:879:13202,4,0.0019015627767657861,8,0.00014780859055463225,childes,13202,10,0.0020493713673204184
D,D_C_43222,chck_90M,43222,C,heldout_natural_source_repeat,heldoutcopy:4:87:7684,4,-1.4662015018984675e-05,11,5.674201020156033e-05,childes,7684,18,4.207999518257566e-05
D,D_C_43222,chck_90M,43222,C,heldout_natural_source_repeat,heldoutcopy:4:880:5429,4,2.3629387617111206,10,0.03683364391326904,childes,5429,16,2.3997724056243896
D,D_C_43222,chck_90M,43222,C,heldout_natural_source_repeat,heldoutcopy:4:881:24719,4,9.322145346552134,28,0.041655655950307846,gutenberg,24719,55,9.363801002502441
D,D_C_43222,chck_90M,43222,C,heldout_natural_source_repeat,heldoutcopy:4:882:30452,4,5.305949091911316,28,1.003581166267395,gutenberg,30452,50,6.309530258178711
D,D_C_43222,chck_90M,43222,C,heldout_natural_source_repeat,heldoutcopy:4:883:13963,4,2.9446014761924744,8,0.19536596536636353,childes,13963,11,3.139967441558838
D,D_C_43222,chck_90M,43222,C,heldout_natural_source_repeat,heldoutcopy:4:884:31303,4,2.4403933733701706,8,0.16714532673358917,gutenberg,31303,12,2.6075387001037598
D,D_C_43222,chck_90M,43222,C,heldout_natural_source_repeat,heldoutcopy:4:885:3743,4,4.804877579212189,9,0.3481881022453308,bnc_spoken,3743,14,5.1530656814575195
D,D_C_43222,chck_90M,43222,C,heldout_natural_source_repeat,heldoutcopy:4:886:28239,4,1.2877617292106152,11,0.018978673964738846,gutenberg,28239,17,1.306740403175354
D,D_C_43222,chck_90M,43222,C,heldout_natural_source_repeat,heldoutcopy:4:887:8095,4,0.21153314784169197,22,0.019009318202733994,childes,8095,36,0.23054246604442596
D,D_C_43222,chck_90M,43222,C,heldout_natural_source_repeat,heldoutcopy:4:888:9966,4,0.0005958781985100359,10,0.0003843760641757399,childes,9966,16,0.0009802542626857758
D,D_C_43222,chck_90M,43222,C,heldout_natural_source_repeat,heldoutcopy:4:889:27580,4,9.34873104095459,8,4.6256513595581055,gutenberg,27580,13,13.974382400512695
D,D_C_43222,chck_90M,43222,C,heldout_natural_source_repeat,heldoutcopy:4:88:26402,4,0.3248648021835834,17,0.0027599360328167677,gutenberg,26402,27,0.32762473821640015
D,D_C_43222,chck_90M,43222,C,heldout_natural_source_repeat,heldoutcopy:4:890:36078,4,0.7290084762498736,20,0.01386322546750307,gutenberg,36078,32,0.7428717017173767
D,D_C_43222,chck_90M,43222,C,heldout_natural_source_repeat,heldoutcopy:4:891:32669,4,1.544068455696106,24,1.0545510053634644,gutenberg,32669,39,2.5986194610595703
D,D_C_43222,chck_90M,43222,C,heldout_natural_source_repeat,heldoutcopy:4:892:60140,4,4.87637385725975,8,0.43812599778175354,simple_wiki,60140,11,5.314499855041504
D,D_C_43222,chck_90M,43222,C,heldout_natural_source_repeat,heldoutcopy:4:893:59856,4,5.961322091519833,8,0.0919015184044838,simple_wiki,59856,13,6.053223609924316
D,D_C_43222,chck_90M,43222,C,heldout_natural_source_repeat,heldoutcopy:4:894:59127,4,7.830594435334206,16,0.07550202310085297,simple_wiki,59127,26,7.906096458435059
D,D_C_43222,chck_90M,43222,C,heldout_natural_source_repeat,heldoutcopy:4:895:14551,4,6.222377175465226,8,0.01694357953965664,childes,14551,10,6.239320755004883
D,D_C_43222,chck_90M,43222,C,heldout_natural_source_repeat,heldoutcopy:4:896:52459,4,7.471641540527344,8,1.351114273071289,open_subtitles,52459,11,8.822755813598633
D,D_C_43222,chck_90M,43222,C,heldout_natural_source_repeat,heldoutcopy:4:897:4694,4,0.013504436239600182,10,0.007157044485211372,bnc_spoken,4694,16,0.020661480724811554
D,D_C_43222,chck_90M,43222,C,heldout_natural_source_repeat,heldoutcopy:4:898:42518,4,0.33757366240024567,8,0.020331546664237976,open_subtitles,42518,13,0.35790520906448364
D,D_C_43222,chck_90M,43222,C,heldout_natural_source_repeat,heldoutcopy:4:899:28372,4,0.41950624575838447,8,0.007236933801323175,gutenberg,28372,11,0.42674317955970764
D,D_C_43222,chck_90M,43222,C,heldout_natural_source_repeat,heldoutcopy:4:89:19296,4,2.574831341917161e-05,15,2.1815061700181104e-05,childes,19296,24,4.756337511935271e-05
D,D_C_43222,chck_90M,43222,C,heldout_natural_source_repeat,heldoutcopy:4:8:34034,4,3.7476256992667913,22,0.002336869016289711,gutenberg,34034,35,3.749962568283081
D,D_C_43222,chck_90M,43222,C,heldout_natural_source_repeat,heldoutcopy:4:900:11179,4,0.6891708523035049,8,0.035478994250297546,childes,11179,10,0.7246498465538025
D,D_C_43222,chck_90M,43222,C,heldout_natural_source_repeat,heldoutcopy:4:901:57402,4,0.41210867557674646,8,0.01041878666728735,simple_wiki,57402,10,0.4225274622440338
D,D_C_43222,chck_90M,43222,C,heldout_natural_source_repeat,heldoutcopy:4:902:37885,4,0.2517148721963167,26,0.016962332651019096,gutenberg,37885,42,0.2686772048473358
D,D_C_43222,chck_90M,43222,C,heldout_natural_source_repeat,heldoutcopy:4:903:56585,4,5.785140220075846,11,0.03857880458235741,simple_wiki,56585,17,5.823719024658203
D,D_C_43222,chck_90M,43222,C,heldout_natural_source_repeat,heldoutcopy:4:904:42018,4,13.721978306770325,8,0.7447327375411987,open_subtitles,42018,10,14.466711044311523
D,D_C_43222,chck_90M,43222,C,heldout_natural_source_repeat,heldoutcopy:4:905:31444,4,5.995217498391867,11,0.02814752236008644,gutenberg,31444,18,6.023365020751953
D,D_C_43222,chck_90M,43222,C,heldout_natural_source_repeat,heldoutcopy:4:906:6509,4,6.086590405553579,8,0.04888809099793434,childes,6509,12,6.135478496551514
D,D_C_43222,chck_90M,43222,C,heldout_natural_source_repeat,heldoutcopy:4:907:39821,4,9.028137270361185,14,0.023343976587057114,open_subtitles,39821,22,9.051481246948242
D,D_C_43222,chck_90M,43222,C,heldout_natural_source_repeat,heldoutcopy:4:908:28225,4,1.4013572235126048,8,0.003024886129423976,gutenberg,28225,10,1.4043821096420288
D,D_C_43222,chck_90M,43222,C,heldout_natural_source_repeat,heldoutcopy:4:909:37546,4,9.501138508319855,8,0.27638834714889526,gutenberg,37546,12,9.77752685546875
D,D_C_43222,chck_90M,43222,C,heldout_natural_source_repeat,heldoutcopy:4:90:21992,4,5.970453500747681,8,2.136986494064331,childes,21992,11,8.107439994812012
D,D_C_43222,chck_90M,43222,C,heldout_natural_source_repeat,heldoutcopy:4:910:30021,4,1.7758506438694894,16,0.004279265645891428,gutenberg,30021,25,1.7801299095153809
D,D_C_43222,chck_90M,43222,C,heldout_natural_source_repeat,heldoutcopy:4:911:24634,4,7.566896192729473,17,0.0627291277050972,gutenberg,24634,28,7.62962532043457
D,D_C_43222,chck_90M,43222,C,heldout_natural_source_repeat,heldoutcopy:4:912:33486,4,0.596047708299011,12,0.007051935885101557,gutenberg,33486,20,0.6030996441841125
D,D_C_43222,chck_90M,43222,C,heldout_natural_source_repeat,heldoutcopy:4:913:22980,4,5.532293498516083,9,0.22408515214920044,gutenberg,22980,14,5.756378650665283
D,D_C_43222,chck_90M,43222,C,heldout_natural_source_repeat,heldoutcopy:4:914:15458,4,-0.0016082674264907837,19,0.03832872956991196,childes,15458,30,0.03672046214342117
D,D_C_43222,chck_90M,43222,C,heldout_natural_source_repeat,heldoutcopy:4:915:38729,4,2.3586566373705864,8,0.02409101277589798,open_subtitles,38729,13,2.3827476501464844
D,D_C_43222,chck_90M,43222,C,heldout_natural_source_repeat,heldoutcopy:4:916:55379,4,0.000527585856616497,12,0.01170422788709402,simple_wiki,55379,19,0.012231813743710518
D,D_C_43222,chck_90M,43222,C,heldout_natural_source_repeat,heldoutcopy:4:917:21118,4,0.033125877380371094,9,0.006544940173625946,childes,21118,15,0.03967081755399704
D,D_C_43222,chck_90M,43222,C,heldout_natural_source_repeat,heldoutcopy:4:918:15064,4,2.9644989147782326,8,0.07018574327230453,childes,15064,13,3.034684658050537
D,D_C_43222,chck_90M,43222,C,heldout_natural_source_repeat,heldoutcopy:4:919:41577,4,2.9219514429569244,8,0.30409130454063416,open_subtitles,41577,13,3.2260427474975586
D,D_C_43222,chck_90M,43222,C,heldout_natural_source_repeat,heldoutcopy:4:91:52738,4,4.91082102432847,8,0.046595510095357895,open_subtitles,52738,10,4.957416534423828
D,D_C_43222,chck_90M,43222,C,heldout_natural_source_repeat,heldoutcopy:4:920:12203,4,0.2689781188964844,22,0.703747034072876,childes,12203,36,0.9727251529693604
D,D_C_43222,chck_90M,43222,C,heldout_natural_source_repeat,heldoutcopy:4:921:6709,4,5.940478775650263,8,0.007859732955694199,childes,6709,10,5.948338508605957
D,D_C_43222,chck_90M,43222,C,heldout_natural_source_repeat,heldoutcopy:4:922:7765,4,5.807574599981308,8,0.2426554262638092,childes,7765,11,6.050230026245117
D,D_C_43222,chck_90M,43222,C,heldout_natural_source_repeat,heldoutcopy:4:923:58089,4,0.016959437867626548,8,0.0011332763824611902,simple_wiki,58089,11,0.018092714250087738
D,D_C_43222,chck_90M,43222,C,heldout_natural_source_repeat,heldoutcopy:4:924:25067,4,1.004399694269523,11,0.0027742015663534403,gutenberg,25067,17,1.0071738958358765
D,D_C_43222,chck_90M,43222,C,heldout_natural_source_repeat,heldoutcopy:4:925:54134,4,8.004687365144491,9,0.039601270109415054,simple_wiki,54134,14,8.044288635253906
D,D_C_43222,chck_90M,43222,C,heldout_natural_source_repeat,heldoutcopy:4:926:41696,4,0.6423561573028564,8,0.0411493182182312,open_subtitles,41696,10,0.6835054755210876
D,D_C_43222,chck_90M,43222,C,heldout_natural_source_repeat,heldoutcopy:4:927:50330,4,0.13226032257080078,8,3.8956289291381836,open_subtitles,50330,10,4.027889251708984
D,D_C_43222,chck_90M,43222,C,heldout_natural_source_repeat,heldoutcopy:4:928:847,4,8.02965184673667,28,0.05367449298501015,bnc_spoken,847,55,8.08332633972168
D,D_C_43222,chck_90M,43222,C,heldout_natural_source_repeat,heldoutcopy:4:929:59105,4,9.735972881317139,20,1.86177396774292,simple_wiki,59105,32,11.597746849060059
D,D_C_43222,chck_90M,43222,C,heldout_natural_source_repeat,heldoutcopy:4:92:1782,4,0.6936462670564651,19,0.033867284655570984,bnc_spoken,1782,31,0.7275135517120361
D,D_C_43222,chck_90M,43222,C,heldout_natural_source_repeat,heldoutcopy:4:930:57367,4,10.149626358412206,12,0.006338492967188358,simple_wiki,57367,19,10.155964851379395
D,D_C_43222,chck_90M,43222,C,heldout_natural_source_repeat,heldoutcopy:4:931:46622,4,6.274938041344285,8,0.017850464209914207,open_subtitles,46622,13,6.292788505554199
D,D_C_43222,chck_90M,43222,C,heldout_natural_source_repeat,heldoutcopy:4:932:41058,4,1.0861526764929295,10,0.056808825582265854,open_subtitles,41058,16,1.1429615020751953
D,D_C_43222,chck_90M,43222,C,heldout_natural_source_repeat,heldoutcopy:4:933:45346,4,0.13167667388916016,26,0.10145010054111481,open_subtitles,45346,42,0.23312677443027496
D,D_C_43222,chck_90M,43222,C,heldout_natural_source_repeat,heldoutcopy:4:934:13446,4,1.322151431813836,10,0.029768815264105797,childes,13446,16,1.351920247077942
D,D_C_43222,chck_90M,43222,C,heldout_natural_source_repeat,heldoutcopy:4:935:49051,4,1.3541424199938774,8,0.02182198315858841,open_subtitles,49051,11,1.3759644031524658
D,D_C_43222,chck_90M,43222,C,heldout_natural_source_repeat,heldoutcopy:4:936:12815,4,0.21675778552889824,8,0.03101426735520363,childes,12815,10,0.24777205288410187
D,D_C_43222,chck_90M,43222,C,heldout_natural_source_repeat,heldoutcopy:4:937:53678,4,11.49448248744011,11,0.18677476048469543,simple_wiki,53678,17,11.681257247924805
D,D_C_43222,chck_90M,43222,C,heldout_natural_source_repeat,heldoutcopy:4:938:13280,4,-0.04439210891723633,9,0.22091788053512573,childes,13280,14,0.1765257716178894
D,D_C_43222,chck_90M,43222,C,heldout_natural_source_repeat,heldoutcopy:4:939:48948,4,5.173315614461899,8,0.03405752778053284,open_subtitles,48948,12,5.207373142242432
D,D_C_43222,chck_90M,43222,C,heldout_natural_source_repeat,heldoutcopy:4:93:9009,4,0.6392272263765335,11,0.018498286604881287,childes,9009,18,0.6577255129814148
D,D_C_43222,chck_90M,43222,C,heldout_natural_source_repeat,heldoutcopy:4:940:46184,4,2.9960402566939592,8,0.027259675785899162,open_subtitles,46184,10,3.0232999324798584
D,D_C_43222,chck_90M,43222,C,heldout_natural_source_repeat,heldoutcopy:4:941:48987,4,3.4168473668396473,9,0.054635148495435715,open_subtitles,48987,14,3.471482515335083
D,D_C_43222,chck_90M,43222,C,heldout_natural_source_repeat,heldoutcopy:4:942:45898,4,4.779254059307277,8,0.011458774097263813,open_subtitles,45898,12,4.790712833404541
D,D_C_43222,chck_90M,43222,C,heldout_natural_source_repeat,heldoutcopy:4:943:28689,4,4.712381482124329,10,0.2612847089767456,gutenberg,28689,16,4.973666191101074
D,D_C_43222,chck_90M,43222,C,heldout_natural_source_repeat,heldoutcopy:4:944:61685,4,0.014229100197553635,8,0.0442613922059536,simple_wiki,61685,10,0.05849049240350723
D,D_C_43222,chck_90M,43222,C,heldout_natural_source_repeat,heldoutcopy:4:945:10864,4,0.173276387155056,8,0.03651026636362076,childes,10864,11,0.20978665351867676
D,D_C_43222,chck_90M,43222,C,heldout_natural_source_repeat,heldoutcopy:4:946:47898,4,2.572196187451482,8,0.030885515734553337,open_subtitles,47898,10,2.603081703186035
D,D_C_43222,chck_90M,43222,C,heldout_natural_source_repeat,heldoutcopy:4:947:33695,4,6.741098046302795,9,1.6298249959945679,gutenberg,33695,14,8.370923042297363
D,D_C_43222,chck_90M,43222,C,heldout_natural_source_repeat,heldoutcopy:4:948:42512,4,2.1328814178705215,8,0.15599511563777924,open_subtitles,42512,10,2.288876533508301
D,D_C_43222,chck_90M,43222,C,heldout_natural_source_repeat,heldoutcopy:4:949:33928,4,8.203750718384981,16,0.01479710265994072,gutenberg,33928,26,8.218547821044922
D,D_C_43222,chck_90M,43222,C,heldout_natural_source_repeat,heldoutcopy:4:94:35332,4,10.949894666671753,24,0.029355287551879883,gutenberg,35332,39,10.979249954223633
D,D_C_43222,chck_90M,43222,C,heldout_natural_source_repeat,heldoutcopy:4:950:61670,4,0.8322157990187407,13,0.018389331176877022,simple_wiki,61670,21,0.8506051301956177
D,D_C_43222,chck_90M,43222,C,heldout_natural_source_repeat,heldoutcopy:4:951:29266,4,6.192640982568264,21,0.07928494364023209,gutenberg,29266,34,6.271925926208496
D,D_C_43222,chck_90M,43222,C,heldout_natural_source_repeat,heldoutcopy:4:952:7226,4,2.8241468146443367,8,0.1164960190653801,childes,7226,11,2.940642833709717
D,D_C_43222,chck_90M,43222,C,heldout_natural_source_repeat,heldoutcopy:4:953:43432,4,0.21151123568415642,8,0.021885547786951065,open_subtitles,43432,13,0.23339678347110748
D,D_C_43222,chck_90M,43222,C,heldout_natural_source_repeat,heldoutcopy:4:954:46053,4,6.101703375577927,8,0.2937805950641632,open_subtitles,46053,10,6.39548397064209
D,D_C_43222,chck_90M,43222,C,heldout_natural_source_repeat,heldoutcopy:4:955:39864,4,0.8180829416960478,9,0.01621018536388874,open_subtitles,39864,14,0.8342931270599365
D,D_C_43222,chck_90M,43222,C,heldout_natural_source_repeat,heldoutcopy:4:956:42117,4,10.065084263682365,8,0.20860596001148224,open_subtitles,42117,10,10.273690223693848
D,D_C_43222,chck_90M,43222,C,heldout_natural_source_repeat,heldoutcopy:4:957:1101,4,5.199998661875725,13,0.05537767708301544,bnc_spoken,1101,21,5.25537633895874
D,D_C_43222,chck_90M,43222,C,heldout_natural_source_repeat,heldoutcopy:4:958:44368,4,6.479432824999094,8,0.036114927381277084,open_subtitles,44368,11,6.515547752380371
D,D_C_43222,chck_90M,43222,C,heldout_natural_source_repeat,heldoutcopy:4:959:7962,4,5.791345417499542,9,0.040655314922332764,childes,7962,14,5.832000732421875
D,D_C_43222,chck_90M,43222,C,heldout_natural_source_repeat,heldoutcopy:4:95:36631,4,2.6257403194904327,15,0.07293364405632019,gutenberg,36631,24,2.698673963546753
D,D_C_43222,chck_90M,43222,C,heldout_natural_source_repeat,heldoutcopy:4:960:27754,4,2.8976574447005987,11,0.025032946839928627,gutenberg,27754,17,2.9226903915405273
D,D_C_43222,chck_90M,43222,C,heldout_natural_source_repeat,heldoutcopy:4:961:35581,4,0.975470781326294,16,0.54543137550354,gutenberg,35581,26,1.520902156829834
D,D_C_43222,chck_90M,43222,C,heldout_natural_source_repeat,heldoutcopy:4:962:3863,4,5.644649662077427,15,0.07959159463644028,bnc_spoken,3863,24,5.724241256713867
D,D_C_43222,chck_90M,43222,C,heldout_natural_source_repeat,heldoutcopy:4:963:22662,4,7.266234666109085,12,0.11757394671440125,gutenberg,22662,20,7.383808612823486
D,D_C_43222,chck_90M,43222,C,heldout_natural_source_repeat,heldoutcopy:4:964:21684,4,2.5080695748329163,8,0.16559571027755737,childes,21684,10,2.6736652851104736
D,D_C_43222,chck_90M,43222,C,heldout_natural_source_repeat,heldoutcopy:4:965:52900,4,7.212280035018921,9,0.09398198127746582,simple_wiki,52900,14,7.306262016296387
D,D_C_43222,chck_90M,43222,C,heldout_natural_source_repeat,heldoutcopy:4:966:58103,4,2.0333633050322533,8,0.01866082102060318,simple_wiki,58103,10,2.0520241260528564
D,D_C_43222,chck_90M,43222,C,heldout_natural_source_repeat,heldoutcopy:4:967:16831,4,3.9324461817741394,22,0.8196166157722473,childes,16831,35,4.752062797546387
D,D_C_43222,chck_90M,43222,C,heldout_natural_source_repeat,heldoutcopy:4:968:3770,4,5.523009978234768,11,0.03791884332895279,bnc_spoken,3770,17,5.560928821563721
D,D_C_43222,chck_90M,43222,C,heldout_natural_source_repeat,heldoutcopy:4:969:36445,4,7.674427837133408,28,0.11306682229042053,gutenberg,36445,46,7.787494659423828
D,D_C_43222,chck_90M,43222,C,heldout_natural_source_repeat,heldoutcopy:4:96:27893,4,-0.11519145965576172,14,1.222602128982544,gutenberg,27893,23,1.1074106693267822
D,D_C_43222,chck_90M,43222,C,heldout_natural_source_repeat,heldoutcopy:4:970:56701,4,12.502341777086258,12,0.45952174067497253,simple_wiki,56701,19,12.96186351776123
D,D_C_43222,chck_90M,43222,C,heldout_natural_source_repeat,heldoutcopy:4:971:1103,4,5.247575327754021,10,0.0636419802904129,bnc_spoken,1103,16,5.311217308044434
D,D_C_43222,chck_90M,43222,C,heldout_natural_source_repeat,heldoutcopy:4:972:45869,4,0.021406552230473608,8,0.0009748950251378119,open_subtitles,45869,11,0.02238144725561142
D,D_C_43222,chck_90M,43222,C,heldout_natural_source_repeat,heldoutcopy:4:973:49195,4,0.06402931502088904,9,0.007664321456104517,open_subtitles,49195,14,0.07169363647699356
D,D_C_43222,chck_90M,43222,C,heldout_natural_source_repeat,heldoutcopy:4:974:60340,4,2.090434193611145,16,1.9652141332626343,simple_wiki,60340,25,4.055648326873779
D,D_C_43222,chck_90M,43222,C,heldout_natural_source_repeat,heldoutcopy:4:975:29116,4,1.314282851992175,25,0.003892940701916814,gutenberg,29116,40,1.3181757926940918
D,D_C_43222,chck_90M,43222,C,heldout_natural_source_repeat,heldoutcopy:4:976:3248,4,4.124207153916359,14,0.19824634492397308,bnc_spoken,3248,23,4.322453498840332
D,D_C_43222,chck_90M,43222,C,heldout_natural_source_repeat,heldoutcopy:4:977:42551,4,0.7038910128176212,8,0.04856541380286217,open_subtitles,42551,10,0.7524564266204834
D,D_C_43222,chck_90M,43222,C,heldout_natural_source_repeat,heldoutcopy:4:978:40906,4,4.5170944929122925,8,1.1336785554885864,open_subtitles,40906,13,5.650773048400879
D,D_C_43222,chck_90M,43222,C,heldout_natural_source_repeat,heldoutcopy:4:979:34980,4,1.7845944175496697,8,0.013873218558728695,gutenberg,34980,11,1.7984676361083984
D,D_C_43222,chck_90M,43222,C,heldout_natural_source_repeat,heldoutcopy:4:97:45118,4,7.391952782869339,8,0.12706348299980164,open_subtitles,45118,12,7.519016265869141
D,D_C_43222,chck_90M,43222,C,heldout_natural_source_repeat,heldoutcopy:4:980:45182,4,7.63130041770637,22,0.015680821612477303,open_subtitles,45182,36,7.646981239318848
D,D_C_43222,chck_90M,43222,C,heldout_natural_source_repeat,heldoutcopy:4:981:23262,4,0.5358711825683713,9,0.007972325198352337,gutenberg,23262,15,0.5438435077667236
D,D_C_43222,chck_90M,43222,C,heldout_natural_source_repeat,heldoutcopy:4:982:14390,4,2.7180616431869566,8,0.005511564668267965,childes,14390,10,2.7235732078552246
D,D_C_43222,chck_90M,43222,C,heldout_natural_source_repeat,heldoutcopy:4:983:47457,4,2.7288300069049,8,0.01093349140137434,open_subtitles,47457,10,2.7397634983062744
D,D_C_43222,chck_90M,43222,C,heldout_natural_source_repeat,heldoutcopy:4:984:22203,4,0.0004888319454039447,10,9.214453893946484e-05,childes,22203,16,0.0005809764843434095
D,D_C_43222,chck_90M,43222,C,heldout_natural_source_repeat,heldoutcopy:4:985:12351,4,0.14947904832661152,8,0.009439243003726006,childes,12351,12,0.15891829133033752
D,D_C_43222,chck_90M,43222,C,heldout_natural_source_repeat,heldoutcopy:4:986:57437,4,3.8387564718723297,11,0.21970757842063904,simple_wiki,57437,18,4.058464050292969
D,D_C_43222,chck_90M,43222,C,heldout_natural_source_repeat,heldoutcopy:4:987:29698,4,12.264742348343134,15,0.036603476852178574,gutenberg,29698,24,12.301345825195312
D,D_C_43222,chck_90M,43222,C,heldout_natural_source_repeat,heldoutcopy:4:988:44843,4,5.018926829099655,8,0.14974859356880188,open_subtitles,44843,11,5.168675422668457
D,D_C_43222,chck_90M,43222,C,heldout_natural_source_repeat,heldoutcopy:4:989:35703,4,4.338620115071535,8,0.03853900358080864,gutenberg,35703,12,4.377159118652344
D,D_C_43222,chck_90M,43222,C,heldout_natural_source_repeat,heldoutcopy:4:98:13042,4,0.8194525465369225,9,0.010895051062107086,childes,13042,14,0.8303475975990295
D,D_C_43222,chck_90M,43222,C,heldout_natural_source_repeat,heldoutcopy:4:990:20603,4,1.289194218814373,12,0.07896102219820023,childes,20603,20,1.3681552410125732
D,D_C_43222,chck_90M,43222,C,heldout_natural_source_repeat,heldoutcopy:4:991:13506,4,2.9256181716918945,10,2.9335875511169434,childes,13506,16,5.859205722808838
D,D_C_43222,chck_90M,43222,C,heldout_natural_source_repeat,heldoutcopy:4:992:41712,4,0.0667736039031297,9,0.002690982772037387,open_subtitles,41712,14,0.06946458667516708
D,D_C_43222,chck_90M,43222,C,heldout_natural_source_repeat,heldoutcopy:4:993:54425,4,8.357807636260986,8,1.1139578819274902,simple_wiki,54425,13,9.471765518188477
D,D_C_43222,chck_90M,43222,C,heldout_natural_source_repeat,heldoutcopy:4:994:21878,4,4.077023833990097,14,0.15397897362709045,childes,21878,23,4.2310028076171875
D,D_C_43222,chck_90M,43222,C,heldout_natural_source_repeat,heldoutcopy:4:995:18742,4,6.007754564052448e-05,8,3.540453326422721e-05,childes,18742,10,9.548207890475169e-05
D,D_C_43222,chck_90M,43222,C,heldout_natural_source_repeat,heldoutcopy:4:996:55664,4,12.625003382563591,8,0.03816075623035431,simple_wiki,55664,11,12.663164138793945
D,D_C_43222,chck_90M,43222,C,heldout_natural_source_repeat,heldoutcopy:4:997:21953,4,0.08896644413471222,12,0.037379950284957886,childes,21953,19,0.1263463944196701
D,D_C_43222,chck_90M,43222,C,heldout_natural_source_repeat,heldoutcopy:4:998:26023,4,3.939715640619397,8,0.020404083654284477,gutenberg,26023,11,3.9601197242736816
D,D_C_43222,chck_90M,43222,C,heldout_natural_source_repeat,heldoutcopy:4:999:14369,4,0.567656509578228,8,0.024874933063983917,childes,14369,10,0.5925314426422119
D,D_C_43222,chck_90M,43222,C,heldout_natural_source_repeat,heldoutcopy:4:99:47026,4,1.900787353515625,11,2.0863709449768066,open_subtitles,47026,17,3.9871582984924316
D,D_C_43222,chck_90M,43222,C,heldout_natural_source_repeat,heldoutcopy:4:9:60763,4,5.3888368755578995,9,0.06713961064815521,simple_wiki,60763,15,5.455976486206055
