arm,checkpoint,seed,role,probe_family,span_len,pair_id,mask_occurrence,source_pair_id,body_len,seq_len,repeated_nll,unrepeated_nll,copy_gain
D_R_43022,chck_80M,43022,R,actual_packet_source_repeat,1,packet:1:0:compact:frontier_consolidation_fwcompact_medium_046028,companion,compact:frontier_consolidation_fwcompact_medium_046028,50,52,0.004922532942146063,0.0031553739681839943,-0.0017671589739620686
D_R_43022,chck_80M,43022,R,actual_packet_source_repeat,1,packet:1:100:compact:frontier_consolidation_fwcompact_medium_049418,companion,compact:frontier_consolidation_fwcompact_medium_049418,51,53,0.007313976529985666,7.695140838623047,7.687826862093061
D_R_43022,chck_80M,43022,R,actual_packet_source_repeat,1,packet:1:101:compact:frontier_consolidation_fwcompact_medium_051883,companion,compact:frontier_consolidation_fwcompact_medium_051883,35,37,0.02570878341794014,2.9975037574768066,2.9717949740588665
D_R_43022,chck_80M,43022,R,actual_packet_source_repeat,1,packet:1:102:compact:frontier_consolidation_fwcompact_medium_060888,companion,compact:frontier_consolidation_fwcompact_medium_060888,67,69,0.004631150048226118,13.918787956237793,13.914156806189567
D_R_43022,chck_80M,43022,R,actual_packet_source_repeat,1,packet:1:103:compact:frontier_consolidation_fwcompact_medium_045018,companion,compact:frontier_consolidation_fwcompact_medium_045018,21,23,0.07604219764471054,6.288825988769531,6.212783791124821
D_R_43022,chck_80M,43022,R,actual_packet_source_repeat,1,packet:1:104:compact:frontier_consolidation_fwcompact_medium_031002,companion,compact:frontier_consolidation_fwcompact_medium_031002,75,77,0.005572262220084667,14.835962295532227,14.830390033312142
D_R_43022,chck_80M,43022,R,actual_packet_source_repeat,1,packet:1:105:compact:frontier_consolidation_fwcompact_medium_060933,companion,compact:frontier_consolidation_fwcompact_medium_060933,42,44,0.010303756222128868,3.7420082092285156,3.7317044530063868
D_R_43022,chck_80M,43022,R,actual_packet_source_repeat,1,packet:1:106:compact:frontier_consolidation_fwcompact_medium_025322,companion,compact:frontier_consolidation_fwcompact_medium_025322,47,49,0.001423894427716732,9.804454803466797,9.80303090903908
D_R_43022,chck_80M,43022,R,actual_packet_source_repeat,1,packet:1:107:compact:frontier_consolidation_fwcompact_medium_035847,companion,compact:frontier_consolidation_fwcompact_medium_035847,35,37,0.01182875782251358,9.029170036315918,9.017341278493404
D_R_43022,chck_80M,43022,R,actual_packet_source_repeat,1,packet:1:108:compact:frontier_consolidation_fwcompact_medium_016311,companion,compact:frontier_consolidation_fwcompact_medium_016311,53,55,0.01025608740746975,16.18332290649414,16.17306681908667
D_R_43022,chck_80M,43022,R,actual_packet_source_repeat,1,packet:1:109:compact:frontier_consolidation_fwcompact_medium_058939,companion,compact:frontier_consolidation_fwcompact_medium_058939,54,56,0.013049323111772537,7.47745943069458,7.4644101075828075
D_R_43022,chck_80M,43022,R,actual_packet_source_repeat,1,packet:1:10:compact:frontier_consolidation_fwcompact_medium_013869,companion,compact:frontier_consolidation_fwcompact_medium_013869,68,70,0.1254124939441681,11.94729995727539,11.821887463331223
D_R_43022,chck_80M,43022,R,actual_packet_source_repeat,1,packet:1:110:compact:frontier_consolidation_fwcompact_medium_027707,companion,compact:frontier_consolidation_fwcompact_medium_027707,60,62,0.09957841783761978,12.53827953338623,12.43870111554861
D_R_43022,chck_80M,43022,R,actual_packet_source_repeat,1,packet:1:111:compact:frontier_consolidation_fwcompact_medium_004675,companion,compact:frontier_consolidation_fwcompact_medium_004675,58,60,0.0002466136065777391,0.34324002265930176,0.342993409052724
D_R_43022,chck_80M,43022,R,actual_packet_source_repeat,1,packet:1:112:compact:frontier_consolidation_fwcompact_medium_055294,companion,compact:frontier_consolidation_fwcompact_medium_055294,41,43,0.024572791531682014,5.314929008483887,5.290356216952205
D_R_43022,chck_80M,43022,R,actual_packet_source_repeat,1,packet:1:113:compact:frontier_consolidation_fwcompact_medium_027242,companion,compact:frontier_consolidation_fwcompact_medium_027242,33,35,0.03222654387354851,8.444289207458496,8.412062663584948
D_R_43022,chck_80M,43022,R,actual_packet_source_repeat,1,packet:1:114:compact:frontier_consolidation_fwcompact_medium_020105,companion,compact:frontier_consolidation_fwcompact_medium_020105,89,91,0.0004742213059216738,6.504117488861084,6.503643267555162
D_R_43022,chck_80M,43022,R,actual_packet_source_repeat,1,packet:1:115:compact:frontier_consolidation_fwcompact_medium_001076,companion,compact:frontier_consolidation_fwcompact_medium_001076,35,37,0.0045853471383452415,7.857143402099609,7.852558054961264
D_R_43022,chck_80M,43022,R,actual_packet_source_repeat,1,packet:1:116:compact:frontier_consolidation_fwcompact_medium_035657,companion,compact:frontier_consolidation_fwcompact_medium_035657,46,48,0.06374622881412506,9.340726852416992,9.276980623602867
D_R_43022,chck_80M,43022,R,actual_packet_source_repeat,1,packet:1:117:compact:frontier_consolidation_fwcompact_medium_056096,companion,compact:frontier_consolidation_fwcompact_medium_056096,64,66,0.0004757702990900725,3.39926815032959,3.3987923800304998
D_R_43022,chck_80M,43022,R,actual_packet_source_repeat,1,packet:1:118:compact:frontier_consolidation_fwcompact_medium_022332,companion,compact:frontier_consolidation_fwcompact_medium_022332,54,56,0.0016304069431498647,0.0012754409108310938,-0.0003549660323187709
D_R_43022,chck_80M,43022,R,actual_packet_source_repeat,1,packet:1:119:compact:frontier_consolidation_fwcompact_medium_018067,companion,compact:frontier_consolidation_fwcompact_medium_018067,31,33,0.02465362660586834,11.348871231079102,11.324217604473233
D_R_43022,chck_80M,43022,R,actual_packet_source_repeat,1,packet:1:11:compact:frontier_consolidation_fwcompact_medium_035424,companion,compact:frontier_consolidation_fwcompact_medium_035424,48,50,0.018650054931640625,16.36447525024414,16.3458251953125
D_R_43022,chck_80M,43022,R,actual_packet_source_repeat,1,packet:1:120:compact:frontier_consolidation_fwcompact_medium_038221,companion,compact:frontier_consolidation_fwcompact_medium_038221,23,25,0.00824050884693861,0.12195681035518646,0.11371630150824785
D_R_43022,chck_80M,43022,R,actual_packet_source_repeat,1,packet:1:121:compact:frontier_consolidation_fwcompact_medium_006849,companion,compact:frontier_consolidation_fwcompact_medium_006849,65,67,0.009216029196977615,13.438870429992676,13.429654400795698
D_R_43022,chck_80M,43022,R,actual_packet_source_repeat,1,packet:1:122:compact:frontier_consolidation_fwcompact_medium_029769,companion,compact:frontier_consolidation_fwcompact_medium_029769,40,42,0.005210510455071926,15.336512565612793,15.331302055157721
D_R_43022,chck_80M,43022,R,actual_packet_source_repeat,1,packet:1:123:compact:frontier_consolidation_fwcompact_medium_038187,companion,compact:frontier_consolidation_fwcompact_medium_038187,21,23,0.009768186137080193,13.59928035736084,13.58951217122376
D_R_43022,chck_80M,43022,R,actual_packet_source_repeat,1,packet:1:124:compact:frontier_consolidation_fwcompact_medium_009755,companion,compact:frontier_consolidation_fwcompact_medium_009755,73,75,0.004855033475905657,5.236827850341797,5.231972816865891
D_R_43022,chck_80M,43022,R,actual_packet_source_repeat,1,packet:1:125:compact:frontier_consolidation_fwcompact_medium_000182,companion,compact:frontier_consolidation_fwcompact_medium_000182,42,44,0.005585776641964912,2.527658462524414,2.522072685882449
D_R_43022,chck_80M,43022,R,actual_packet_source_repeat,1,packet:1:126:compact:frontier_consolidation_fwcompact_medium_054982,companion,compact:frontier_consolidation_fwcompact_medium_054982,63,65,0.0065186480060219765,13.916847229003906,13.910328580997884
D_R_43022,chck_80M,43022,R,actual_packet_source_repeat,1,packet:1:127:compact:frontier_consolidation_fwcompact_medium_025376,companion,compact:frontier_consolidation_fwcompact_medium_025376,57,59,0.004588313400745392,13.088619232177734,13.084030918776989
D_R_43022,chck_80M,43022,R,actual_packet_source_repeat,1,packet:1:128:compact:frontier_consolidation_fwcompact_medium_000312,companion,compact:frontier_consolidation_fwcompact_medium_000312,57,59,0.006049536634236574,11.221944808959961,11.215895272325724
D_R_43022,chck_80M,43022,R,actual_packet_source_repeat,1,packet:1:129:compact:frontier_consolidation_fwcompact_medium_021431,companion,compact:frontier_consolidation_fwcompact_medium_021431,38,40,0.00021741411183029413,1.5185953378677368,1.5183779237559065
D_R_43022,chck_80M,43022,R,actual_packet_source_repeat,1,packet:1:12:compact:frontier_consolidation_fwcompact_medium_009947,companion,compact:frontier_consolidation_fwcompact_medium_009947,18,20,0.001396753010340035,2.595886707305908,2.594489954295568
D_R_43022,chck_80M,43022,R,actual_packet_source_repeat,1,packet:1:130:compact:frontier_consolidation_fwcompact_medium_038498,companion,compact:frontier_consolidation_fwcompact_medium_038498,78,80,0.0004502712981775403,0.0011730464175343513,0.000722775119356811
D_R_43022,chck_80M,43022,R,actual_packet_source_repeat,1,packet:1:131:compact:frontier_consolidation_fwcompact_medium_023849,companion,compact:frontier_consolidation_fwcompact_medium_023849,21,23,0.05439775437116623,15.175069808959961,15.120672054588795
D_R_43022,chck_80M,43022,R,actual_packet_source_repeat,1,packet:1:132:compact:frontier_consolidation_fwcompact_medium_050523,companion,compact:frontier_consolidation_fwcompact_medium_050523,69,71,0.010461492463946342,13.161846160888672,13.151384668424726
D_R_43022,chck_80M,43022,R,actual_packet_source_repeat,1,packet:1:133:compact:frontier_consolidation_fwcompact_medium_007897,companion,compact:frontier_consolidation_fwcompact_medium_007897,35,37,0.017801281064748764,13.56289005279541,13.545088771730661
D_R_43022,chck_80M,43022,R,actual_packet_source_repeat,1,packet:1:134:compact:frontier_consolidation_fwcompact_medium_032573,companion,compact:frontier_consolidation_fwcompact_medium_032573,40,42,7.652943895664066e-05,0.009060695767402649,0.008984166328446008
D_R_43022,chck_80M,43022,R,actual_packet_source_repeat,1,packet:1:135:compact:frontier_consolidation_fwcompact_medium_017134,companion,compact:frontier_consolidation_fwcompact_medium_017134,46,48,0.0010855264263227582,0.35826560854911804,0.3571800821227953
D_R_43022,chck_80M,43022,R,actual_packet_source_repeat,1,packet:1:136:compact:frontier_consolidation_fwcompact_medium_010434,companion,compact:frontier_consolidation_fwcompact_medium_010434,64,66,0.004071637522429228,19.78453254699707,19.78046090947464
D_R_43022,chck_80M,43022,R,actual_packet_source_repeat,1,packet:1:137:compact:frontier_consolidation_fwcompact_medium_016722,companion,compact:frontier_consolidation_fwcompact_medium_016722,48,50,0.006617773324251175,0.007725125178694725,0.0011073518544435501
D_R_43022,chck_80M,43022,R,actual_packet_source_repeat,1,packet:1:138:compact:frontier_consolidation_fwcompact_medium_036756,companion,compact:frontier_consolidation_fwcompact_medium_036756,48,50,0.006683495827019215,13.202018737792969,13.19533524196595
D_R_43022,chck_80M,43022,R,actual_packet_source_repeat,1,packet:1:139:compact:frontier_consolidation_fwcompact_medium_002054,companion,compact:frontier_consolidation_fwcompact_medium_002054,42,44,0.02679578587412834,5.634870529174805,5.608074743300676
D_R_43022,chck_80M,43022,R,actual_packet_source_repeat,1,packet:1:13:compact:frontier_consolidation_fwcompact_medium_014872,companion,compact:frontier_consolidation_fwcompact_medium_014872,68,70,0.006217304617166519,9.006349563598633,9.000132258981466
D_R_43022,chck_80M,43022,R,actual_packet_source_repeat,1,packet:1:140:compact:frontier_consolidation_fwcompact_medium_024386,companion,compact:frontier_consolidation_fwcompact_medium_024386,23,25,0.0002851079625543207,0.0003500564198475331,6.494845729321241e-05
D_R_43022,chck_80M,43022,R,actual_packet_source_repeat,1,packet:1:141:compact:frontier_consolidation_fwcompact_medium_017942,companion,compact:frontier_consolidation_fwcompact_medium_017942,51,53,0.003150858450680971,0.0039024401921778917,0.0007515817414969206
D_R_43022,chck_80M,43022,R,actual_packet_source_repeat,1,packet:1:142:compact:frontier_consolidation_fwcompact_medium_048213,companion,compact:frontier_consolidation_fwcompact_medium_048213,60,62,0.02560851164162159,4.7350969314575195,4.709488419815898
D_R_43022,chck_80M,43022,R,actual_packet_source_repeat,1,packet:1:143:compact:frontier_consolidation_fwcompact_medium_039594,companion,compact:frontier_consolidation_fwcompact_medium_039594,62,64,0.004541202913969755,0.02225344441831112,0.017712241504341364
D_R_43022,chck_80M,43022,R,actual_packet_source_repeat,1,packet:1:144:compact:frontier_consolidation_fwcompact_medium_044271,companion,compact:frontier_consolidation_fwcompact_medium_044271,57,59,0.2585456371307373,13.306309700012207,13.04776406288147
D_R_43022,chck_80M,43022,R,actual_packet_source_repeat,1,packet:1:145:compact:frontier_consolidation_fwcompact_medium_016356,companion,compact:frontier_consolidation_fwcompact_medium_016356,40,42,0.005081594921648502,12.163668632507324,12.158587037585676
D_R_43022,chck_80M,43022,R,actual_packet_source_repeat,1,packet:1:146:compact:frontier_consolidation_fwcompact_medium_013596,companion,compact:frontier_consolidation_fwcompact_medium_013596,39,41,0.02384951151907444,5.357938766479492,5.334089254960418
D_R_43022,chck_80M,43022,R,actual_packet_source_repeat,1,packet:1:147:compact:frontier_consolidation_fwcompact_medium_030642,companion,compact:frontier_consolidation_fwcompact_medium_030642,49,51,0.000481132126878947,4.542407035827637,4.541925903700758
D_R_43022,chck_80M,43022,R,actual_packet_source_repeat,1,packet:1:148:compact:frontier_consolidation_fwcompact_medium_013929,companion,compact:frontier_consolidation_fwcompact_medium_013929,69,71,0.008676803670823574,0.4895336627960205,0.48085685912519693
D_R_43022,chck_80M,43022,R,actual_packet_source_repeat,1,packet:1:149:compact:frontier_consolidation_fwcompact_medium_015468,companion,compact:frontier_consolidation_fwcompact_medium_015468,50,52,0.0017934442730620503,4.016167640686035,4.014374196412973
D_R_43022,chck_80M,43022,R,actual_packet_source_repeat,1,packet:1:14:compact:frontier_consolidation_fwcompact_medium_004256,companion,compact:frontier_consolidation_fwcompact_medium_004256,34,36,0.030669812113046646,9.599945068359375,9.569275256246328
D_R_43022,chck_80M,43022,R,actual_packet_source_repeat,1,packet:1:150:compact:frontier_consolidation_fwcompact_medium_001103,companion,compact:frontier_consolidation_fwcompact_medium_001103,48,50,0.0008091036579571664,0.11389179527759552,0.11308269161963835
D_R_43022,chck_80M,43022,R,actual_packet_source_repeat,1,packet:1:151:compact:frontier_consolidation_fwcompact_medium_028882,companion,compact:frontier_consolidation_fwcompact_medium_028882,52,54,0.0095973527058959,18.392253875732422,18.382656523026526
D_R_43022,chck_80M,43022,R,actual_packet_source_repeat,1,packet:1:152:compact:frontier_consolidation_fwcompact_medium_018417,companion,compact:frontier_consolidation_fwcompact_medium_018417,60,62,0.12181487679481506,6.797016620635986,6.675201743841171
D_R_43022,chck_80M,43022,R,actual_packet_source_repeat,1,packet:1:153:compact:frontier_consolidation_fwcompact_medium_043467,companion,compact:frontier_consolidation_fwcompact_medium_043467,36,38,0.05629590526223183,6.89080810546875,6.834512200206518
D_R_43022,chck_80M,43022,R,actual_packet_source_repeat,1,packet:1:154:compact:frontier_consolidation_fwcompact_medium_013729,companion,compact:frontier_consolidation_fwcompact_medium_013729,54,56,0.05926993489265442,3.178751230239868,3.1194812953472137
D_R_43022,chck_80M,43022,R,actual_packet_source_repeat,1,packet:1:155:compact:frontier_consolidation_fwcompact_medium_025676,companion,compact:frontier_consolidation_fwcompact_medium_025676,96,98,0.0665513351559639,14.90662670135498,14.840075366199017
D_R_43022,chck_80M,43022,R,actual_packet_source_repeat,1,packet:1:156:compact:frontier_consolidation_fwcompact_medium_055496,companion,compact:frontier_consolidation_fwcompact_medium_055496,55,57,0.03170362859964371,13.826059341430664,13.79435571283102
D_R_43022,chck_80M,43022,R,actual_packet_source_repeat,1,packet:1:157:compact:frontier_consolidation_fwcompact_medium_036974,companion,compact:frontier_consolidation_fwcompact_medium_036974,77,79,0.007848851382732391,0.008617240004241467,0.0007683886215090752
D_R_43022,chck_80M,43022,R,actual_packet_source_repeat,1,packet:1:158:compact:frontier_consolidation_fwcompact_medium_020396,companion,compact:frontier_consolidation_fwcompact_medium_020396,97,99,0.7879539728164673,1.493465542793274,0.7055115699768066
D_R_43022,chck_80M,43022,R,actual_packet_source_repeat,1,packet:1:159:compact:frontier_consolidation_fwcompact_medium_000577,companion,compact:frontier_consolidation_fwcompact_medium_000577,39,41,0.004952544346451759,8.52138900756836,8.516436463221908
D_R_43022,chck_80M,43022,R,actual_packet_source_repeat,1,packet:1:15:compact:frontier_consolidation_fwcompact_medium_019309,companion,compact:frontier_consolidation_fwcompact_medium_019309,106,108,0.16021932661533356,2.448270082473755,2.2880507558584213
D_R_43022,chck_80M,43022,R,actual_packet_source_repeat,1,packet:1:160:compact:frontier_consolidation_fwcompact_medium_002798,companion,compact:frontier_consolidation_fwcompact_medium_002798,29,31,0.02341163530945778,2.131028652191162,2.1076170168817043
D_R_43022,chck_80M,43022,R,actual_packet_source_repeat,1,packet:1:161:compact:frontier_consolidation_fwcompact_medium_018143,companion,compact:frontier_consolidation_fwcompact_medium_018143,68,70,0.009074044413864613,9.491592407226562,9.482518362812698
D_R_43022,chck_80M,43022,R,actual_packet_source_repeat,1,packet:1:162:compact:frontier_consolidation_fwcompact_medium_060174,companion,compact:frontier_consolidation_fwcompact_medium_060174,64,66,0.001392229343764484,3.2430195808410645,3.2416273514973
D_R_43022,chck_80M,43022,R,actual_packet_source_repeat,1,packet:1:163:compact:frontier_consolidation_fwcompact_medium_052940,companion,compact:frontier_consolidation_fwcompact_medium_052940,58,60,0.01971202902495861,8.594618797302246,8.574906768277287
D_R_43022,chck_80M,43022,R,actual_packet_source_repeat,1,packet:1:164:compact:frontier_consolidation_fwcompact_medium_012638,companion,compact:frontier_consolidation_fwcompact_medium_012638,34,36,0.004770326893776655,0.003369132988154888,-0.001401193905621767
D_R_43022,chck_80M,43022,R,actual_packet_source_repeat,1,packet:1:165:compact:frontier_consolidation_fwcompact_medium_061454,companion,compact:frontier_consolidation_fwcompact_medium_061454,41,43,0.16236139833927155,4.8914008140563965,4.729039415717125
D_R_43022,chck_80M,43022,R,actual_packet_source_repeat,1,packet:1:166:compact:frontier_consolidation_fwcompact_medium_047757,companion,compact:frontier_consolidation_fwcompact_medium_047757,28,30,0.008207876235246658,12.054502487182617,12.04629461094737
D_R_43022,chck_80M,43022,R,actual_packet_source_repeat,1,packet:1:167:compact:frontier_consolidation_fwcompact_medium_004183,companion,compact:frontier_consolidation_fwcompact_medium_004183,67,69,0.0012746074935421348,0.41461181640625,0.41333720891270787
D_R_43022,chck_80M,43022,R,actual_packet_source_repeat,1,packet:1:168:compact:frontier_consolidation_fwcompact_medium_003817,companion,compact:frontier_consolidation_fwcompact_medium_003817,65,67,0.0025723245926201344,18.15614891052246,18.15357658592984
D_R_43022,chck_80M,43022,R,actual_packet_source_repeat,1,packet:1:169:compact:frontier_consolidation_fwcompact_medium_027098,companion,compact:frontier_consolidation_fwcompact_medium_027098,36,38,0.003996244631707668,0.4194686710834503,0.41547242645174265
D_R_43022,chck_80M,43022,R,actual_packet_source_repeat,1,packet:1:16:compact:frontier_consolidation_fwcompact_medium_014997,companion,compact:frontier_consolidation_fwcompact_medium_014997,64,66,0.0011873346520587802,4.285037040710449,4.28384970605839
D_R_43022,chck_80M,43022,R,actual_packet_source_repeat,1,packet:1:170:compact:frontier_consolidation_fwcompact_medium_044824,companion,compact:frontier_consolidation_fwcompact_medium_044824,55,57,0.10082303732633591,8.766074180603027,8.665251143276691
D_R_43022,chck_80M,43022,R,actual_packet_source_repeat,1,packet:1:171:compact:frontier_consolidation_fwcompact_medium_020133,companion,compact:frontier_consolidation_fwcompact_medium_020133,30,32,0.017076952382922173,4.088840007781982,4.07176305539906
D_R_43022,chck_80M,43022,R,actual_packet_source_repeat,1,packet:1:172:compact:frontier_consolidation_fwcompact_medium_024298,companion,compact:frontier_consolidation_fwcompact_medium_024298,38,40,0.012594802305102348,17.71446990966797,17.701875107362866
D_R_43022,chck_80M,43022,R,actual_packet_source_repeat,1,packet:1:173:compact:frontier_consolidation_fwcompact_medium_007940,companion,compact:frontier_consolidation_fwcompact_medium_007940,57,59,0.009263510815799236,12.516722679138184,12.507459168322384
D_R_43022,chck_80M,43022,R,actual_packet_source_repeat,1,packet:1:174:compact:frontier_consolidation_fwcompact_medium_057788,companion,compact:frontier_consolidation_fwcompact_medium_057788,58,60,0.0692005455493927,3.599965810775757,3.530765265226364
D_R_43022,chck_80M,43022,R,actual_packet_source_repeat,1,packet:1:175:compact:frontier_consolidation_fwcompact_medium_033162,companion,compact:frontier_consolidation_fwcompact_medium_033162,65,67,0.04440941661596298,8.992138862609863,8.9477294459939
D_R_43022,chck_80M,43022,R,actual_packet_source_repeat,1,packet:1:176:compact:frontier_consolidation_fwcompact_medium_037110,companion,compact:frontier_consolidation_fwcompact_medium_037110,46,48,0.0008715168805792928,1.0864949226379395,1.0856234057573602
D_R_43022,chck_80M,43022,R,actual_packet_source_repeat,1,packet:1:177:compact:frontier_consolidation_fwcompact_medium_044026,companion,compact:frontier_consolidation_fwcompact_medium_044026,86,88,0.00020108585886191577,0.28392425179481506,0.28372316593595315
D_R_43022,chck_80M,43022,R,actual_packet_source_repeat,1,packet:1:178:compact:frontier_consolidation_fwcompact_medium_002529,companion,compact:frontier_consolidation_fwcompact_medium_002529,59,61,0.002010706812143326,9.631698608398438,9.629687901586294
D_R_43022,chck_80M,43022,R,actual_packet_source_repeat,1,packet:1:179:compact:frontier_consolidation_fwcompact_medium_033407,companion,compact:frontier_consolidation_fwcompact_medium_033407,36,38,0.003017992712557316,3.034529447555542,3.0315114548429847
D_R_43022,chck_80M,43022,R,actual_packet_source_repeat,1,packet:1:17:compact:frontier_consolidation_fwcompact_medium_010715,companion,compact:frontier_consolidation_fwcompact_medium_010715,41,43,0.0020166554022580385,0.00246649538166821,0.0004498399794101715
D_R_43022,chck_80M,43022,R,actual_packet_source_repeat,1,packet:1:180:compact:frontier_consolidation_fwcompact_medium_010027,companion,compact:frontier_consolidation_fwcompact_medium_010027,46,48,0.019872846081852913,13.282440185546875,13.262567339465022
D_R_43022,chck_80M,43022,R,actual_packet_source_repeat,1,packet:1:181:compact:frontier_consolidation_fwcompact_medium_051203,companion,compact:frontier_consolidation_fwcompact_medium_051203,50,52,0.00921980943530798,13.136682510375977,13.127462700940669
D_R_43022,chck_80M,43022,R,actual_packet_source_repeat,1,packet:1:182:compact:frontier_consolidation_fwcompact_medium_040823,companion,compact:frontier_consolidation_fwcompact_medium_040823,80,82,0.00257422705180943,6.111912727355957,6.109338500304148
D_R_43022,chck_80M,43022,R,actual_packet_source_repeat,1,packet:1:183:compact:frontier_consolidation_fwcompact_medium_053930,companion,compact:frontier_consolidation_fwcompact_medium_053930,45,47,0.0027791946195065975,15.410585403442383,15.407806208822876
D_R_43022,chck_80M,43022,R,actual_packet_source_repeat,1,packet:1:184:compact:frontier_consolidation_fwcompact_medium_038336,companion,compact:frontier_consolidation_fwcompact_medium_038336,47,49,0.0010852882405743003,0.0012070996453985572,0.0001218114048242569
D_R_43022,chck_80M,43022,R,actual_packet_source_repeat,1,packet:1:185:compact:frontier_consolidation_fwcompact_medium_006301,companion,compact:frontier_consolidation_fwcompact_medium_006301,31,33,0.0023858672939240932,16.311107635498047,16.308721768204123
D_R_43022,chck_80M,43022,R,actual_packet_source_repeat,1,packet:1:186:compact:frontier_consolidation_fwcompact_medium_046716,companion,compact:frontier_consolidation_fwcompact_medium_046716,41,43,0.026514075696468353,17.938735961914062,17.912221886217594
D_R_43022,chck_80M,43022,R,actual_packet_source_repeat,1,packet:1:187:compact:frontier_consolidation_fwcompact_medium_025854,companion,compact:frontier_consolidation_fwcompact_medium_025854,96,98,0.013978553004562855,14.29345703125,14.279478478245437
D_R_43022,chck_80M,43022,R,actual_packet_source_repeat,1,packet:1:188:compact:frontier_consolidation_fwcompact_medium_055017,companion,compact:frontier_consolidation_fwcompact_medium_055017,58,60,0.05726812034845352,13.918144226074219,13.860876105725765
D_R_43022,chck_80M,43022,R,actual_packet_source_repeat,1,packet:1:189:compact:frontier_consolidation_fwcompact_medium_005102,companion,compact:frontier_consolidation_fwcompact_medium_005102,52,54,0.0037516227457672358,6.592944622039795,6.589192999294028
D_R_43022,chck_80M,43022,R,actual_packet_source_repeat,1,packet:1:18:compact:frontier_consolidation_fwcompact_medium_049343,companion,compact:frontier_consolidation_fwcompact_medium_049343,54,56,0.00311924796551466,7.937005043029785,7.9338857950642705
D_R_43022,chck_80M,43022,R,actual_packet_source_repeat,1,packet:1:190:compact:frontier_consolidation_fwcompact_medium_006430,companion,compact:frontier_consolidation_fwcompact_medium_006430,54,56,0.007128519471734762,13.289996147155762,13.282867627684027
D_R_43022,chck_80M,43022,R,actual_packet_source_repeat,1,packet:1:191:compact:frontier_consolidation_fwcompact_medium_028421,companion,compact:frontier_consolidation_fwcompact_medium_028421,34,36,0.023456817492842674,15.872222900390625,15.848766082897782
D_R_43022,chck_80M,43022,R,actual_packet_source_repeat,1,packet:1:192:compact:frontier_consolidation_fwcompact_medium_044896,companion,compact:frontier_consolidation_fwcompact_medium_044896,33,35,0.047616638243198395,2.3073770999908447,2.2597604617476463
D_R_43022,chck_80M,43022,R,actual_packet_source_repeat,1,packet:1:193:compact:frontier_consolidation_fwcompact_medium_008185,companion,compact:frontier_consolidation_fwcompact_medium_008185,32,34,0.09008201956748962,15.612853050231934,15.522771030664444
D_R_43022,chck_80M,43022,R,actual_packet_source_repeat,1,packet:1:194:compact:frontier_consolidation_fwcompact_medium_024762,companion,compact:frontier_consolidation_fwcompact_medium_024762,37,39,0.00957645382732153,2.9539966583251953,2.944420204497874
D_R_43022,chck_80M,43022,R,actual_packet_source_repeat,1,packet:1:195:compact:frontier_consolidation_fwcompact_medium_030792,companion,compact:frontier_consolidation_fwcompact_medium_030792,25,27,0.04705815389752388,5.485208511352539,5.438150357455015
D_R_43022,chck_80M,43022,R,actual_packet_source_repeat,1,packet:1:196:compact:frontier_consolidation_fwcompact_medium_003643,companion,compact:frontier_consolidation_fwcompact_medium_003643,93,95,0.007461417932063341,0.008378001861274242,0.0009165839292109013
D_R_43022,chck_80M,43022,R,actual_packet_source_repeat,1,packet:1:197:compact:frontier_consolidation_fwcompact_medium_053938,companion,compact:frontier_consolidation_fwcompact_medium_053938,50,52,0.010862977243959904,16.13718605041504,16.12632307317108
D_R_43022,chck_80M,43022,R,actual_packet_source_repeat,1,packet:1:198:compact:frontier_consolidation_fwcompact_medium_011630,companion,compact:frontier_consolidation_fwcompact_medium_011630,60,62,0.010641967877745628,6.504896640777588,6.494254672899842
D_R_43022,chck_80M,43022,R,actual_packet_source_repeat,1,packet:1:199:compact:frontier_consolidation_fwcompact_medium_036669,companion,compact:frontier_consolidation_fwcompact_medium_036669,110,112,0.007994202896952629,15.424497604370117,15.416503401473165
D_R_43022,chck_80M,43022,R,actual_packet_source_repeat,1,packet:1:19:compact:frontier_consolidation_fwcompact_medium_032403,companion,compact:frontier_consolidation_fwcompact_medium_032403,42,44,0.008668176829814911,0.011573201045393944,0.002905024215579033
D_R_43022,chck_80M,43022,R,actual_packet_source_repeat,1,packet:1:1:compact:frontier_consolidation_fwcompact_medium_030624,companion,compact:frontier_consolidation_fwcompact_medium_030624,45,47,0.004430240951478481,1.1679511070251465,1.163520866073668
D_R_43022,chck_80M,43022,R,actual_packet_source_repeat,1,packet:1:200:compact:frontier_consolidation_fwcompact_medium_046136,companion,compact:frontier_consolidation_fwcompact_medium_046136,48,50,1.6498594284057617,7.354170799255371,5.704311370849609
D_R_43022,chck_80M,43022,R,actual_packet_source_repeat,1,packet:1:201:compact:frontier_consolidation_fwcompact_medium_011411,companion,compact:frontier_consolidation_fwcompact_medium_011411,23,25,0.01214737631380558,16.990806579589844,16.978659203276038
D_R_43022,chck_80M,43022,R,actual_packet_source_repeat,1,packet:1:202:compact:frontier_consolidation_fwcompact_medium_008937,companion,compact:frontier_consolidation_fwcompact_medium_008937,47,49,0.019988534972071648,8.027360916137695,8.007372381165624
D_R_43022,chck_80M,43022,R,actual_packet_source_repeat,1,packet:1:203:compact:frontier_consolidation_fwcompact_medium_000418,companion,compact:frontier_consolidation_fwcompact_medium_000418,67,69,0.009944537654519081,10.141817092895508,10.131872555240989
D_R_43022,chck_80M,43022,R,actual_packet_source_repeat,1,packet:1:204:compact:frontier_consolidation_fwcompact_medium_023284,companion,compact:frontier_consolidation_fwcompact_medium_023284,44,46,0.0013721107970923185,0.002495510270819068,0.0011233994737267494
D_R_43022,chck_80M,43022,R,actual_packet_source_repeat,1,packet:1:205:compact:frontier_consolidation_fwcompact_medium_023544,companion,compact:frontier_consolidation_fwcompact_medium_023544,32,34,0.09094510227441788,0.027170581743121147,-0.06377452053129673
D_R_43022,chck_80M,43022,R,actual_packet_source_repeat,1,packet:1:206:compact:frontier_consolidation_fwcompact_medium_042419,companion,compact:frontier_consolidation_fwcompact_medium_042419,56,58,0.0006090931710787117,0.00880336668342352,0.008194273512344807
D_R_43022,chck_80M,43022,R,actual_packet_source_repeat,1,packet:1:207:compact:frontier_consolidation_fwcompact_medium_030508,companion,compact:frontier_consolidation_fwcompact_medium_030508,57,59,0.0026655402034521103,8.645763397216797,8.643097857013345
D_R_43022,chck_80M,43022,R,actual_packet_source_repeat,1,packet:1:208:compact:frontier_consolidation_fwcompact_medium_011033,companion,compact:frontier_consolidation_fwcompact_medium_011033,27,29,0.00836038775742054,7.291391372680664,7.2830309849232435
D_R_43022,chck_80M,43022,R,actual_packet_source_repeat,1,packet:1:209:compact:frontier_consolidation_fwcompact_medium_002789,companion,compact:frontier_consolidation_fwcompact_medium_002789,46,48,0.07927767932415009,9.666923522949219,9.587645843625069
D_R_43022,chck_80M,43022,R,actual_packet_source_repeat,1,packet:1:20:compact:frontier_consolidation_fwcompact_medium_004790,companion,compact:frontier_consolidation_fwcompact_medium_004790,42,44,0.00027164106722921133,0.01728084310889244,0.01700920204166323
D_R_43022,chck_80M,43022,R,actual_packet_source_repeat,1,packet:1:210:compact:frontier_consolidation_fwcompact_medium_026230,companion,compact:frontier_consolidation_fwcompact_medium_026230,42,44,0.005834334995597601,10.990129470825195,10.984295135829598
D_R_43022,chck_80M,43022,R,actual_packet_source_repeat,1,packet:1:211:compact:frontier_consolidation_fwcompact_medium_030213,companion,compact:frontier_consolidation_fwcompact_medium_030213,46,48,0.0047088684514164925,5.052358150482178,5.047649282030761
D_R_43022,chck_80M,43022,R,actual_packet_source_repeat,1,packet:1:212:compact:frontier_consolidation_fwcompact_medium_060194,companion,compact:frontier_consolidation_fwcompact_medium_060194,27,29,0.01913411170244217,12.777999877929688,12.758865766227245
D_R_43022,chck_80M,43022,R,actual_packet_source_repeat,1,packet:1:213:compact:frontier_consolidation_fwcompact_medium_044340,companion,compact:frontier_consolidation_fwcompact_medium_044340,49,51,0.0010116941994056106,11.607453346252441,11.606441652053036
D_R_43022,chck_80M,43022,R,actual_packet_source_repeat,1,packet:1:214:compact:frontier_consolidation_fwcompact_medium_059557,companion,compact:frontier_consolidation_fwcompact_medium_059557,38,40,0.009163466282188892,1.5852831602096558,1.5761196939274669
D_R_43022,chck_80M,43022,R,actual_packet_source_repeat,1,packet:1:215:compact:frontier_consolidation_fwcompact_medium_035142,companion,compact:frontier_consolidation_fwcompact_medium_035142,37,39,0.005057162139564753,17.575366973876953,17.57030981173739
D_R_43022,chck_80M,43022,R,actual_packet_source_repeat,1,packet:1:216:compact:frontier_consolidation_fwcompact_medium_013682,companion,compact:frontier_consolidation_fwcompact_medium_013682,55,57,0.005320911295711994,0.1708347350358963,0.1655138237401843
D_R_43022,chck_80M,43022,R,actual_packet_source_repeat,1,packet:1:217:compact:frontier_consolidation_fwcompact_medium_053025,companion,compact:frontier_consolidation_fwcompact_medium_053025,62,64,0.004163288976997137,16.046157836914062,16.041994547937065
D_R_43022,chck_80M,43022,R,actual_packet_source_repeat,1,packet:1:218:compact:frontier_consolidation_fwcompact_medium_055947,companion,compact:frontier_consolidation_fwcompact_medium_055947,32,34,0.0006171943969093263,0.7283751964569092,0.7277580020599999
D_R_43022,chck_80M,43022,R,actual_packet_source_repeat,1,packet:1:219:compact:frontier_consolidation_fwcompact_medium_061449,companion,compact:frontier_consolidation_fwcompact_medium_061449,76,78,0.0004395472351461649,0.0004505096294451505,1.09623942989856e-05
D_R_43022,chck_80M,43022,R,actual_packet_source_repeat,1,packet:1:21:compact:frontier_consolidation_fwcompact_medium_023930,companion,compact:frontier_consolidation_fwcompact_medium_023930,58,60,0.04899218678474426,11.328362464904785,11.279370278120041
D_R_43022,chck_80M,43022,R,actual_packet_source_repeat,1,packet:1:220:compact:frontier_consolidation_fwcompact_medium_039802,companion,compact:frontier_consolidation_fwcompact_medium_039802,54,56,0.023293431848287582,8.477659225463867,8.45436579361558
D_R_43022,chck_80M,43022,R,actual_packet_source_repeat,1,packet:1:221:compact:frontier_consolidation_fwcompact_medium_027016,companion,compact:frontier_consolidation_fwcompact_medium_027016,45,47,0.014441845938563347,7.0996479988098145,7.085206152871251
D_R_43022,chck_80M,43022,R,actual_packet_source_repeat,1,packet:1:222:compact:frontier_consolidation_fwcompact_medium_000769,companion,compact:frontier_consolidation_fwcompact_medium_000769,38,40,0.006446992512792349,5.674137592315674,5.6676905998028815
D_R_43022,chck_80M,43022,R,actual_packet_source_repeat,1,packet:1:223:compact:frontier_consolidation_fwcompact_medium_020317,companion,compact:frontier_consolidation_fwcompact_medium_020317,64,66,0.0011066034203395247,0.7911902666091919,0.7900836631888524
D_R_43022,chck_80M,43022,R,actual_packet_source_repeat,1,packet:1:224:compact:frontier_consolidation_fwcompact_medium_025299,companion,compact:frontier_consolidation_fwcompact_medium_025299,39,41,0.11809483915567398,7.593147277832031,7.475052438676357
D_R_43022,chck_80M,43022,R,actual_packet_source_repeat,1,packet:1:225:compact:frontier_consolidation_fwcompact_medium_005291,companion,compact:frontier_consolidation_fwcompact_medium_005291,84,86,0.01174628920853138,14.22512149810791,14.213375208899379
D_R_43022,chck_80M,43022,R,actual_packet_source_repeat,1,packet:1:226:compact:frontier_consolidation_fwcompact_medium_034089,companion,compact:frontier_consolidation_fwcompact_medium_034089,40,42,0.06200358271598816,7.050278663635254,6.988275080919266
D_R_43022,chck_80M,43022,R,actual_packet_source_repeat,1,packet:1:227:compact:frontier_consolidation_fwcompact_medium_044503,companion,compact:frontier_consolidation_fwcompact_medium_044503,40,42,0.0015968440566211939,8.229595184326172,8.22799834026955
D_R_43022,chck_80M,43022,R,actual_packet_source_repeat,1,packet:1:228:compact:frontier_consolidation_fwcompact_medium_004147,companion,compact:frontier_consolidation_fwcompact_medium_004147,67,69,0.0017909454181790352,2.9125962257385254,2.9108052803203464
D_R_43022,chck_80M,43022,R,actual_packet_source_repeat,1,packet:1:229:compact:frontier_consolidation_fwcompact_medium_030197,companion,compact:frontier_consolidation_fwcompact_medium_030197,81,83,0.00034648136352188885,5.005977630615234,5.0056311492517125
D_R_43022,chck_80M,43022,R,actual_packet_source_repeat,1,packet:1:22:compact:frontier_consolidation_fwcompact_medium_032766,companion,compact:frontier_consolidation_fwcompact_medium_032766,32,34,0.004776970949023962,0.008025305345654488,0.0032483343966305256
D_R_43022,chck_80M,43022,R,actual_packet_source_repeat,1,packet:1:230:compact:frontier_consolidation_fwcompact_medium_037559,companion,compact:frontier_consolidation_fwcompact_medium_037559,59,61,0.002611799631267786,0.8338049650192261,0.8311931653879583
D_R_43022,chck_80M,43022,R,actual_packet_source_repeat,1,packet:1:231:compact:frontier_consolidation_fwcompact_medium_019993,companion,compact:frontier_consolidation_fwcompact_medium_019993,56,58,0.013686505146324635,4.716168403625488,4.702481898479164
D_R_43022,chck_80M,43022,R,actual_packet_source_repeat,1,packet:1:232:compact:frontier_consolidation_fwcompact_medium_016588,companion,compact:frontier_consolidation_fwcompact_medium_016588,56,58,0.02850547432899475,13.102086067199707,13.073580592870712
D_R_43022,chck_80M,43022,R,actual_packet_source_repeat,1,packet:1:233:compact:frontier_consolidation_fwcompact_medium_047052,companion,compact:frontier_consolidation_fwcompact_medium_047052,66,68,0.015179825946688652,6.5418853759765625,6.526705550029874
D_R_43022,chck_80M,43022,R,actual_packet_source_repeat,1,packet:1:234:compact:frontier_consolidation_fwcompact_medium_026962,companion,compact:frontier_consolidation_fwcompact_medium_026962,63,65,0.006581061519682407,0.9184526801109314,0.911871618591249
D_R_43022,chck_80M,43022,R,actual_packet_source_repeat,1,packet:1:235:compact:frontier_consolidation_fwcompact_medium_023174,companion,compact:frontier_consolidation_fwcompact_medium_023174,37,39,0.8012309074401855,13.650882720947266,12.84965181350708
D_R_43022,chck_80M,43022,R,actual_packet_source_repeat,1,packet:1:236:compact:frontier_consolidation_fwcompact_medium_055760,companion,compact:frontier_consolidation_fwcompact_medium_055760,29,31,0.0016243371646851301,0.2355298101902008,0.23390547302551568
D_R_43022,chck_80M,43022,R,actual_packet_source_repeat,1,packet:1:237:compact:frontier_consolidation_fwcompact_medium_056988,companion,compact:frontier_consolidation_fwcompact_medium_056988,71,73,0.020201880484819412,8.22201919555664,8.201817315071821
D_R_43022,chck_80M,43022,R,actual_packet_source_repeat,1,packet:1:238:compact:frontier_consolidation_fwcompact_medium_056360,companion,compact:frontier_consolidation_fwcompact_medium_056360,34,36,0.011909806169569492,12.81558895111084,12.80367914494127
D_R_43022,chck_80M,43022,R,actual_packet_source_repeat,1,packet:1:239:compact:frontier_consolidation_fwcompact_medium_025977,companion,compact:frontier_consolidation_fwcompact_medium_025977,78,80,0.002104212762787938,4.468232154846191,4.4661279420834035
D_R_43022,chck_80M,43022,R,actual_packet_source_repeat,1,packet:1:23:compact:frontier_consolidation_fwcompact_medium_028521,companion,compact:frontier_consolidation_fwcompact_medium_028521,96,98,0.004315943457186222,12.459012031555176,12.45469608809799
D_R_43022,chck_80M,43022,R,actual_packet_source_repeat,1,packet:1:240:compact:frontier_consolidation_fwcompact_medium_014706,companion,compact:frontier_consolidation_fwcompact_medium_014706,20,22,0.008975162170827389,14.334014892578125,14.325039730407298
D_R_43022,chck_80M,43022,R,actual_packet_source_repeat,1,packet:1:241:compact:frontier_consolidation_fwcompact_medium_004519,companion,compact:frontier_consolidation_fwcompact_medium_004519,58,60,0.0033343215472996235,13.440149307250977,13.436814985703677
D_R_43022,chck_80M,43022,R,actual_packet_source_repeat,1,packet:1:242:compact:frontier_consolidation_fwcompact_medium_042554,companion,compact:frontier_consolidation_fwcompact_medium_042554,58,60,0.010195555165410042,7.932300567626953,7.922105012461543
D_R_43022,chck_80M,43022,R,actual_packet_source_repeat,1,packet:1:243:compact:frontier_consolidation_fwcompact_medium_060093,companion,compact:frontier_consolidation_fwcompact_medium_060093,58,60,0.0005945583689026535,4.657092571258545,4.656498012889642
D_R_43022,chck_80M,43022,R,actual_packet_source_repeat,1,packet:1:244:compact:frontier_consolidation_fwcompact_medium_051064,companion,compact:frontier_consolidation_fwcompact_medium_051064,51,53,0.000746448349673301,0.3489818871021271,0.3482354387524538
D_R_43022,chck_80M,43022,R,actual_packet_source_repeat,1,packet:1:245:compact:frontier_consolidation_fwcompact_medium_052558,companion,compact:frontier_consolidation_fwcompact_medium_052558,42,44,0.0005743046058341861,0.005177897866815329,0.0046035932609811425
D_R_43022,chck_80M,43022,R,actual_packet_source_repeat,1,packet:1:246:compact:frontier_consolidation_fwcompact_medium_031277,companion,compact:frontier_consolidation_fwcompact_medium_031277,77,79,0.0002908283786382526,5.496367454528809,5.49607662615017
D_R_43022,chck_80M,43022,R,actual_packet_source_repeat,1,packet:1:247:compact:frontier_consolidation_fwcompact_medium_049175,companion,compact:frontier_consolidation_fwcompact_medium_049175,56,58,0.02130865305662155,16.99173355102539,16.97042489796877
D_R_43022,chck_80M,43022,R,actual_packet_source_repeat,1,packet:1:248:compact:frontier_consolidation_fwcompact_medium_052120,companion,compact:frontier_consolidation_fwcompact_medium_052120,44,46,0.02446170337498188,5.828857421875,5.804395718500018
D_R_43022,chck_80M,43022,R,actual_packet_source_repeat,1,packet:1:249:compact:frontier_consolidation_fwcompact_medium_002517,companion,compact:frontier_consolidation_fwcompact_medium_002517,32,34,0.0011389919091016054,1.6445810794830322,1.6434420875739306
D_R_43022,chck_80M,43022,R,actual_packet_source_repeat,1,packet:1:24:compact:frontier_consolidation_fwcompact_medium_000261,companion,compact:frontier_consolidation_fwcompact_medium_000261,55,57,0.09520009160041809,3.07330322265625,2.978103131055832
D_R_43022,chck_80M,43022,R,actual_packet_source_repeat,1,packet:1:250:compact:frontier_consolidation_fwcompact_medium_039544,companion,compact:frontier_consolidation_fwcompact_medium_039544,24,26,0.0720713883638382,6.732419013977051,6.660347625613213
D_R_43022,chck_80M,43022,R,actual_packet_source_repeat,1,packet:1:251:compact:frontier_consolidation_fwcompact_medium_030231,companion,compact:frontier_consolidation_fwcompact_medium_030231,59,61,0.0074292332865297794,11.119392395019531,11.111963161733001
D_R_43022,chck_80M,43022,R,actual_packet_source_repeat,1,packet:1:252:compact:frontier_consolidation_fwcompact_medium_000652,companion,compact:frontier_consolidation_fwcompact_medium_000652,39,41,0.00613603089004755,19.00288963317871,18.996753602288663
D_R_43022,chck_80M,43022,R,actual_packet_source_repeat,1,packet:1:253:compact:frontier_consolidation_fwcompact_medium_004556,companion,compact:frontier_consolidation_fwcompact_medium_004556,41,43,0.0010249129263684154,0.07524310052394867,0.07421818759758025
D_R_43022,chck_80M,43022,R,actual_packet_source_repeat,1,packet:1:254:compact:frontier_consolidation_fwcompact_medium_033177,companion,compact:frontier_consolidation_fwcompact_medium_033177,55,57,0.004259324166923761,13.98917007446289,13.984910750295967
D_R_43022,chck_80M,43022,R,actual_packet_source_repeat,1,packet:1:255:compact:frontier_consolidation_fwcompact_medium_005742,companion,compact:frontier_consolidation_fwcompact_medium_005742,31,33,0.021579351276159286,0.11527926474809647,0.09369991347193718
D_R_43022,chck_80M,43022,R,actual_packet_source_repeat,1,packet:1:256:compact:frontier_consolidation_fwcompact_medium_060969,companion,compact:frontier_consolidation_fwcompact_medium_060969,38,40,0.001658732071518898,0.0016464737709611654,-1.2258300557732582e-05
D_R_43022,chck_80M,43022,R,actual_packet_source_repeat,1,packet:1:257:compact:frontier_consolidation_fwcompact_medium_012246,companion,compact:frontier_consolidation_fwcompact_medium_012246,56,58,0.18114371597766876,13.060770034790039,12.87962631881237
D_R_43022,chck_80M,43022,R,actual_packet_source_repeat,1,packet:1:258:compact:frontier_consolidation_fwcompact_medium_021143,companion,compact:frontier_consolidation_fwcompact_medium_021143,52,54,0.005017783492803574,10.688104629516602,10.683086846023798
D_R_43022,chck_80M,43022,R,actual_packet_source_repeat,1,packet:1:259:compact:frontier_consolidation_fwcompact_medium_047087,companion,compact:frontier_consolidation_fwcompact_medium_047087,69,71,0.0010158622171729803,10.053375244140625,10.052359381923452
D_R_43022,chck_80M,43022,R,actual_packet_source_repeat,1,packet:1:25:compact:frontier_consolidation_fwcompact_medium_046432,companion,compact:frontier_consolidation_fwcompact_medium_046432,112,114,0.003066007047891617,8.70095443725586,8.697888430207968
D_R_43022,chck_80M,43022,R,actual_packet_source_repeat,1,packet:1:260:compact:frontier_consolidation_fwcompact_medium_010292,companion,compact:frontier_consolidation_fwcompact_medium_010292,28,30,0.002095290692523122,2.7076070308685303,2.705511740176007
D_R_43022,chck_80M,43022,R,actual_packet_source_repeat,1,packet:1:261:compact:frontier_consolidation_fwcompact_medium_041795,companion,compact:frontier_consolidation_fwcompact_medium_041795,66,68,0.22702261805534363,4.875967502593994,4.6489448845386505
D_R_43022,chck_80M,43022,R,actual_packet_source_repeat,1,packet:1:262:compact:frontier_consolidation_fwcompact_medium_038876,companion,compact:frontier_consolidation_fwcompact_medium_038876,30,32,0.007063181139528751,4.996463775634766,4.989400594495237
D_R_43022,chck_80M,43022,R,actual_packet_source_repeat,1,packet:1:263:compact:frontier_consolidation_fwcompact_medium_044201,companion,compact:frontier_consolidation_fwcompact_medium_044201,33,35,0.002650678623467684,3.1340277194976807,3.131377040874213
D_R_43022,chck_80M,43022,R,actual_packet_source_repeat,1,packet:1:264:compact:frontier_consolidation_fwcompact_medium_008018,companion,compact:frontier_consolidation_fwcompact_medium_008018,57,59,0.02630753070116043,10.189615249633789,10.163307718932629
D_R_43022,chck_80M,43022,R,actual_packet_source_repeat,1,packet:1:265:compact:frontier_consolidation_fwcompact_medium_000897,companion,compact:frontier_consolidation_fwcompact_medium_000897,48,50,0.004939377307891846,10.813409805297852,10.80847042798996
D_R_43022,chck_80M,43022,R,actual_packet_source_repeat,1,packet:1:266:compact:frontier_consolidation_fwcompact_medium_036138,companion,compact:frontier_consolidation_fwcompact_medium_036138,56,58,0.0015463787131011486,3.760432481765747,3.758886103052646
D_R_43022,chck_80M,43022,R,actual_packet_source_repeat,1,packet:1:267:compact:frontier_consolidation_fwcompact_medium_004449,companion,compact:frontier_consolidation_fwcompact_medium_004449,39,41,0.0023005942348390818,3.636255979537964,3.633955385303125
D_R_43022,chck_80M,43022,R,actual_packet_source_repeat,1,packet:1:268:compact:frontier_consolidation_fwcompact_medium_033430,companion,compact:frontier_consolidation_fwcompact_medium_033430,47,49,0.00366337806917727,0.003416417632251978,-0.000246960436925292
D_R_43022,chck_80M,43022,R,actual_packet_source_repeat,1,packet:1:269:compact:frontier_consolidation_fwcompact_medium_003962,companion,compact:frontier_consolidation_fwcompact_medium_003962,33,35,0.014386854134500027,0.13235394656658173,0.1179670924320817
D_R_43022,chck_80M,43022,R,actual_packet_source_repeat,1,packet:1:26:compact:frontier_consolidation_fwcompact_medium_029146,companion,compact:frontier_consolidation_fwcompact_medium_029146,58,60,0.0008734225411899388,1.8957849740982056,1.8949115515570156
D_R_43022,chck_80M,43022,R,actual_packet_source_repeat,1,packet:1:270:compact:frontier_consolidation_fwcompact_medium_043818,companion,compact:frontier_consolidation_fwcompact_medium_043818,70,72,0.002534393919631839,9.553399085998535,9.550864692078903
D_R_43022,chck_80M,43022,R,actual_packet_source_repeat,1,packet:1:271:compact:frontier_consolidation_fwcompact_medium_052238,companion,compact:frontier_consolidation_fwcompact_medium_052238,25,27,0.005203157663345337,15.28303050994873,15.277827352285385
D_R_43022,chck_80M,43022,R,actual_packet_source_repeat,1,packet:1:272:compact:frontier_consolidation_fwcompact_medium_060061,companion,compact:frontier_consolidation_fwcompact_medium_060061,39,41,0.024212613701820374,0.021316472440958023,-0.0028961412608623505
D_R_43022,chck_80M,43022,R,actual_packet_source_repeat,1,packet:1:273:compact:frontier_consolidation_fwcompact_medium_001016,companion,compact:frontier_consolidation_fwcompact_medium_001016,46,48,0.006135912146419287,7.041746139526367,7.035610227379948
D_R_43022,chck_80M,43022,R,actual_packet_source_repeat,1,packet:1:274:compact:frontier_consolidation_fwcompact_medium_037449,companion,compact:frontier_consolidation_fwcompact_medium_037449,106,108,0.025528565049171448,8.173272132873535,8.147743567824364
D_R_43022,chck_80M,43022,R,actual_packet_source_repeat,1,packet:1:275:compact:frontier_consolidation_fwcompact_medium_007673,companion,compact:frontier_consolidation_fwcompact_medium_007673,73,75,0.003417961997911334,17.197298049926758,17.193880087928846
D_R_43022,chck_80M,43022,R,actual_packet_source_repeat,1,packet:1:276:compact:frontier_consolidation_fwcompact_medium_005612,companion,compact:frontier_consolidation_fwcompact_medium_005612,47,49,0.005267550237476826,1.0891653299331665,1.0838977796956897
D_R_43022,chck_80M,43022,R,actual_packet_source_repeat,1,packet:1:277:compact:frontier_consolidation_fwcompact_medium_014534,companion,compact:frontier_consolidation_fwcompact_medium_014534,38,40,0.20515114068984985,13.833394050598145,13.628242909908295
D_R_43022,chck_80M,43022,R,actual_packet_source_repeat,1,packet:1:278:compact:frontier_consolidation_fwcompact_medium_023755,companion,compact:frontier_consolidation_fwcompact_medium_023755,85,87,0.035933010280132294,11.76600456237793,11.730071552097797
D_R_43022,chck_80M,43022,R,actual_packet_source_repeat,1,packet:1:279:compact:frontier_consolidation_fwcompact_medium_005804,companion,compact:frontier_consolidation_fwcompact_medium_005804,41,43,0.09499391913414001,8.270858764648438,8.175864845514297
D_R_43022,chck_80M,43022,R,actual_packet_source_repeat,1,packet:1:27:compact:frontier_consolidation_fwcompact_medium_012581,companion,compact:frontier_consolidation_fwcompact_medium_012581,48,50,0.0022052035201340914,9.420087814331055,9.41788261081092
D_R_43022,chck_80M,43022,R,actual_packet_source_repeat,1,packet:1:280:compact:frontier_consolidation_fwcompact_medium_033007,companion,compact:frontier_consolidation_fwcompact_medium_033007,93,95,0.0018466339679434896,2.654001235961914,2.6521546019939706
D_R_43022,chck_80M,43022,R,actual_packet_source_repeat,1,packet:1:281:compact:frontier_consolidation_fwcompact_medium_035533,companion,compact:frontier_consolidation_fwcompact_medium_035533,103,105,0.01679541915655136,3.050318956375122,3.0335235372185707
D_R_43022,chck_80M,43022,R,actual_packet_source_repeat,1,packet:1:282:compact:frontier_consolidation_fwcompact_medium_036380,companion,compact:frontier_consolidation_fwcompact_medium_036380,96,98,0.008587456308305264,11.711160659790039,11.702573203481734
D_R_43022,chck_80M,43022,R,actual_packet_source_repeat,1,packet:1:283:compact:frontier_consolidation_fwcompact_medium_056190,companion,compact:frontier_consolidation_fwcompact_medium_056190,51,53,0.004310839809477329,3.3761322498321533,3.371821410022676
D_R_43022,chck_80M,43022,R,actual_packet_source_repeat,1,packet:1:284:compact:frontier_consolidation_fwcompact_medium_007722,companion,compact:frontier_consolidation_fwcompact_medium_007722,26,28,0.006253556348383427,14.79151439666748,14.785260840319097
D_R_43022,chck_80M,43022,R,actual_packet_source_repeat,1,packet:1:285:compact:frontier_consolidation_fwcompact_medium_038479,companion,compact:frontier_consolidation_fwcompact_medium_038479,49,51,0.0009501233580522239,0.000924993772059679,-2.512958599254489e-05
D_R_43022,chck_80M,43022,R,actual_packet_source_repeat,1,packet:1:286:compact:frontier_consolidation_fwcompact_medium_036211,companion,compact:frontier_consolidation_fwcompact_medium_036211,32,34,0.05056430771946907,19.464317321777344,19.413753014057875
D_R_43022,chck_80M,43022,R,actual_packet_source_repeat,1,packet:1:287:compact:frontier_consolidation_fwcompact_medium_042575,companion,compact:frontier_consolidation_fwcompact_medium_042575,80,82,0.005110534373670816,15.163919448852539,15.158808914478868
D_R_43022,chck_80M,43022,R,actual_packet_source_repeat,1,packet:1:288:compact:frontier_consolidation_fwcompact_medium_041497,companion,compact:frontier_consolidation_fwcompact_medium_041497,33,35,0.0029825749807059765,0.0032549516763538122,0.00027237669564783573
D_R_43022,chck_80M,43022,R,actual_packet_source_repeat,1,packet:1:289:compact:frontier_consolidation_fwcompact_medium_055547,companion,compact:frontier_consolidation_fwcompact_medium_055547,56,58,0.005293519701808691,12.254782676696777,12.249489156994969
D_R_43022,chck_80M,43022,R,actual_packet_source_repeat,1,packet:1:28:compact:frontier_consolidation_fwcompact_medium_014626,companion,compact:frontier_consolidation_fwcompact_medium_014626,38,40,0.005547367036342621,9.594772338867188,9.589224971830845
D_R_43022,chck_80M,43022,R,actual_packet_source_repeat,1,packet:1:290:compact:frontier_consolidation_fwcompact_medium_047733,companion,compact:frontier_consolidation_fwcompact_medium_047733,94,96,0.00031549722189083695,1.0399519205093384,1.0396364232874475
D_R_43022,chck_80M,43022,R,actual_packet_source_repeat,1,packet:1:291:compact:frontier_consolidation_fwcompact_medium_006595,companion,compact:frontier_consolidation_fwcompact_medium_006595,33,35,0.030047066509723663,8.434770584106445,8.404723517596722
D_R_43022,chck_80M,43022,R,actual_packet_source_repeat,1,packet:1:292:compact:frontier_consolidation_fwcompact_medium_023184,companion,compact:frontier_consolidation_fwcompact_medium_023184,52,54,0.015380934812128544,12.536105155944824,12.520724221132696
D_R_43022,chck_80M,43022,R,actual_packet_source_repeat,1,packet:1:293:compact:frontier_consolidation_fwcompact_medium_055461,companion,compact:frontier_consolidation_fwcompact_medium_055461,34,36,0.03214920312166214,18.594104766845703,18.56195556372404
D_R_43022,chck_80M,43022,R,actual_packet_source_repeat,1,packet:1:294:compact:frontier_consolidation_fwcompact_medium_033575,companion,compact:frontier_consolidation_fwcompact_medium_033575,78,80,0.005753622390329838,15.4522066116333,15.446452989242971
D_R_43022,chck_80M,43022,R,actual_packet_source_repeat,1,packet:1:295:compact:frontier_consolidation_fwcompact_medium_026716,companion,compact:frontier_consolidation_fwcompact_medium_026716,40,42,0.0024796947836875916,12.492171287536621,12.489691592752934
D_R_43022,chck_80M,43022,R,actual_packet_source_repeat,1,packet:1:296:compact:frontier_consolidation_fwcompact_medium_018829,companion,compact:frontier_consolidation_fwcompact_medium_018829,44,46,0.02486877143383026,8.589102745056152,8.564233973622322
D_R_43022,chck_80M,43022,R,actual_packet_source_repeat,1,packet:1:297:compact:frontier_consolidation_fwcompact_medium_025880,companion,compact:frontier_consolidation_fwcompact_medium_025880,33,35,0.026904409751296043,4.776144981384277,4.749240571632981
D_R_43022,chck_80M,43022,R,actual_packet_source_repeat,1,packet:1:298:compact:frontier_consolidation_fwcompact_medium_050845,companion,compact:frontier_consolidation_fwcompact_medium_050845,45,47,0.011224576272070408,13.160088539123535,13.148863962851465
D_R_43022,chck_80M,43022,R,actual_packet_source_repeat,1,packet:1:299:compact:frontier_consolidation_fwcompact_medium_003011,companion,compact:frontier_consolidation_fwcompact_medium_003011,64,66,0.06776832044124603,16.250595092773438,16.18282677233219
D_R_43022,chck_80M,43022,R,actual_packet_source_repeat,1,packet:1:29:compact:frontier_consolidation_fwcompact_medium_058285,companion,compact:frontier_consolidation_fwcompact_medium_058285,27,29,0.011215263977646828,12.569202423095703,12.557987159118056
D_R_43022,chck_80M,43022,R,actual_packet_source_repeat,1,packet:1:2:compact:frontier_consolidation_fwcompact_medium_035003,companion,compact:frontier_consolidation_fwcompact_medium_035003,67,69,0.00012981049076188356,0.00012635385792236775,-3.4566328395158052e-06
D_R_43022,chck_80M,43022,R,actual_packet_source_repeat,1,packet:1:300:compact:frontier_consolidation_fwcompact_medium_035725,companion,compact:frontier_consolidation_fwcompact_medium_035725,62,64,0.001730612595565617,1.008695125579834,1.0069645129842684
D_R_43022,chck_80M,43022,R,actual_packet_source_repeat,1,packet:1:301:compact:frontier_consolidation_fwcompact_medium_019000,companion,compact:frontier_consolidation_fwcompact_medium_019000,43,45,0.009670081548392773,14.731956481933594,14.722286400385201
D_R_43022,chck_80M,43022,R,actual_packet_source_repeat,1,packet:1:302:compact:frontier_consolidation_fwcompact_medium_033364,companion,compact:frontier_consolidation_fwcompact_medium_033364,54,56,0.004888013005256653,9.646788597106934,9.641900584101677
D_R_43022,chck_80M,43022,R,actual_packet_source_repeat,1,packet:1:303:compact:frontier_consolidation_fwcompact_medium_021724,companion,compact:frontier_consolidation_fwcompact_medium_021724,50,52,0.017830556258559227,16.329164505004883,16.311333948746324
D_R_43022,chck_80M,43022,R,actual_packet_source_repeat,1,packet:1:304:compact:frontier_consolidation_fwcompact_medium_026554,companion,compact:frontier_consolidation_fwcompact_medium_026554,50,52,0.010155906900763512,6.894279479980469,6.884123573079705
D_R_43022,chck_80M,43022,R,actual_packet_source_repeat,1,packet:1:305:compact:frontier_consolidation_fwcompact_medium_036741,companion,compact:frontier_consolidation_fwcompact_medium_036741,35,37,0.0010026433737948537,8.77600383758545,8.775001194211654
D_R_43022,chck_80M,43022,R,actual_packet_source_repeat,1,packet:1:306:compact:frontier_consolidation_fwcompact_medium_049956,companion,compact:frontier_consolidation_fwcompact_medium_049956,67,69,0.003395745763555169,0.0029372903518378735,-0.00045845541171729565
D_R_43022,chck_80M,43022,R,actual_packet_source_repeat,1,packet:1:307:compact:frontier_consolidation_fwcompact_medium_007913,companion,compact:frontier_consolidation_fwcompact_medium_007913,63,65,0.0037448531948029995,14.998451232910156,14.994706379715353
D_R_43022,chck_80M,43022,R,actual_packet_source_repeat,1,packet:1:308:compact:frontier_consolidation_fwcompact_medium_002163,companion,compact:frontier_consolidation_fwcompact_medium_002163,37,39,0.01003175787627697,6.360198974609375,6.350167216733098
D_R_43022,chck_80M,43022,R,actual_packet_source_repeat,1,packet:1:309:compact:frontier_consolidation_fwcompact_medium_006437,companion,compact:frontier_consolidation_fwcompact_medium_006437,43,45,0.2360256165266037,0.5698632597923279,0.3338376432657242
D_R_43022,chck_80M,43022,R,actual_packet_source_repeat,1,packet:1:30:compact:frontier_consolidation_fwcompact_medium_046182,companion,compact:frontier_consolidation_fwcompact_medium_046182,29,31,0.0010458719916641712,0.4564247727394104,0.45537890074774623
D_R_43022,chck_80M,43022,R,actual_packet_source_repeat,1,packet:1:310:compact:frontier_consolidation_fwcompact_medium_045319,companion,compact:frontier_consolidation_fwcompact_medium_045319,47,49,0.009736429899930954,17.36429786682129,17.354561436921358
D_R_43022,chck_80M,43022,R,actual_packet_source_repeat,1,packet:1:311:compact:frontier_consolidation_fwcompact_medium_017350,companion,compact:frontier_consolidation_fwcompact_medium_017350,81,83,0.012775246985256672,11.69638729095459,11.683612043969333
D_R_43022,chck_80M,43022,R,actual_packet_source_repeat,1,packet:1:312:compact:frontier_consolidation_fwcompact_medium_053188,companion,compact:frontier_consolidation_fwcompact_medium_053188,51,53,0.003908377606421709,4.750519752502441,4.74661137489602
D_R_43022,chck_80M,43022,R,actual_packet_source_repeat,1,packet:1:313:compact:frontier_consolidation_fwcompact_medium_053659,companion,compact:frontier_consolidation_fwcompact_medium_053659,53,55,0.026743443682789803,14.373859405517578,14.347115961834788
D_R_43022,chck_80M,43022,R,actual_packet_source_repeat,1,packet:1:314:compact:frontier_consolidation_fwcompact_medium_045913,companion,compact:frontier_consolidation_fwcompact_medium_045913,37,39,0.0172454584389925,9.571845054626465,9.554599596187472
D_R_43022,chck_80M,43022,R,actual_packet_source_repeat,1,packet:1:315:compact:frontier_consolidation_fwcompact_medium_000351,companion,compact:frontier_consolidation_fwcompact_medium_000351,43,45,0.025124091655015945,2.1566812992095947,2.131557207554579
D_R_43022,chck_80M,43022,R,actual_packet_source_repeat,1,packet:1:316:compact:frontier_consolidation_fwcompact_medium_032025,companion,compact:frontier_consolidation_fwcompact_medium_032025,36,38,0.0015930355293676257,0.2920036315917969,0.29041059606242925
D_R_43022,chck_80M,43022,R,actual_packet_source_repeat,1,packet:1:317:compact:frontier_consolidation_fwcompact_medium_013237,companion,compact:frontier_consolidation_fwcompact_medium_013237,53,55,0.011802957393229008,19.195322036743164,19.183519079349935
D_R_43022,chck_80M,43022,R,actual_packet_source_repeat,1,packet:1:318:compact:frontier_consolidation_fwcompact_medium_007507,companion,compact:frontier_consolidation_fwcompact_medium_007507,35,37,0.01997194066643715,3.493753671646118,3.473781730979681
D_R_43022,chck_80M,43022,R,actual_packet_source_repeat,1,packet:1:319:compact:frontier_consolidation_fwcompact_medium_031254,companion,compact:frontier_consolidation_fwcompact_medium_031254,38,40,0.002623570617288351,0.0023768290411680937,-0.0002467415761202574
D_R_43022,chck_80M,43022,R,actual_packet_source_repeat,1,packet:1:31:compact:frontier_consolidation_fwcompact_medium_050250,companion,compact:frontier_consolidation_fwcompact_medium_050250,56,58,0.02815980650484562,13.612439155578613,13.584279349073768
D_R_43022,chck_80M,43022,R,actual_packet_source_repeat,1,packet:1:320:compact:frontier_consolidation_fwcompact_medium_030421,companion,compact:frontier_consolidation_fwcompact_medium_030421,36,38,0.05228150263428688,13.093671798706055,13.041390296071768
D_R_43022,chck_80M,43022,R,actual_packet_source_repeat,1,packet:1:321:compact:frontier_consolidation_fwcompact_medium_019653,companion,compact:frontier_consolidation_fwcompact_medium_019653,21,23,0.035990968346595764,10.786031723022461,10.750040754675865
D_R_43022,chck_80M,43022,R,actual_packet_source_repeat,1,packet:1:322:compact:frontier_consolidation_fwcompact_medium_037359,companion,compact:frontier_consolidation_fwcompact_medium_037359,63,65,0.0050744786858558655,1.1687812805175781,1.1637068018317223
D_R_43022,chck_80M,43022,R,actual_packet_source_repeat,1,packet:1:323:compact:frontier_consolidation_fwcompact_medium_004499,companion,compact:frontier_consolidation_fwcompact_medium_004499,46,48,0.013291681185364723,0.014517160132527351,0.0012254789471626282
D_R_43022,chck_80M,43022,R,actual_packet_source_repeat,1,packet:1:324:compact:frontier_consolidation_fwcompact_medium_011148,companion,compact:frontier_consolidation_fwcompact_medium_011148,60,62,0.0011714984430000186,13.6950101852417,13.6938386867987
D_R_43022,chck_80M,43022,R,actual_packet_source_repeat,1,packet:1:325:compact:frontier_consolidation_fwcompact_medium_011491,companion,compact:frontier_consolidation_fwcompact_medium_011491,40,42,0.23713809251785278,7.573221683502197,7.3360835909843445
D_R_43022,chck_80M,43022,R,actual_packet_source_repeat,1,packet:1:326:compact:frontier_consolidation_fwcompact_medium_041643,companion,compact:frontier_consolidation_fwcompact_medium_041643,59,61,0.011624576523900032,0.06922390311956406,0.057599326595664024
D_R_43022,chck_80M,43022,R,actual_packet_source_repeat,1,packet:1:327:compact:frontier_consolidation_fwcompact_medium_054092,companion,compact:frontier_consolidation_fwcompact_medium_054092,37,39,0.00033718624035827816,1.2224822044372559,1.2221450181968976
D_R_43022,chck_80M,43022,R,actual_packet_source_repeat,1,packet:1:328:compact:frontier_consolidation_fwcompact_medium_002748,companion,compact:frontier_consolidation_fwcompact_medium_002748,44,46,0.019940156489610672,9.87911319732666,9.85917304083705
D_R_43022,chck_80M,43022,R,actual_packet_source_repeat,1,packet:1:329:compact:frontier_consolidation_fwcompact_medium_005002,companion,compact:frontier_consolidation_fwcompact_medium_005002,30,32,0.0023068978916853666,0.2761569321155548,0.27385003422386944
D_R_43022,chck_80M,43022,R,actual_packet_source_repeat,1,packet:1:32:compact:frontier_consolidation_fwcompact_medium_034918,companion,compact:frontier_consolidation_fwcompact_medium_034918,87,89,0.009119169786572456,0.009374882094562054,0.0002557123079895973
D_R_43022,chck_80M,43022,R,actual_packet_source_repeat,1,packet:1:330:compact:frontier_consolidation_fwcompact_medium_008400,companion,compact:frontier_consolidation_fwcompact_medium_008400,116,118,0.003434594254940748,8.553407669067383,8.549973074812442
D_R_43022,chck_80M,43022,R,actual_packet_source_repeat,1,packet:1:331:compact:frontier_consolidation_fwcompact_medium_053440,companion,compact:frontier_consolidation_fwcompact_medium_053440,38,40,0.005211696494370699,15.276142120361328,15.270930423866957
D_R_43022,chck_80M,43022,R,actual_packet_source_repeat,1,packet:1:332:compact:frontier_consolidation_fwcompact_medium_054645,companion,compact:frontier_consolidation_fwcompact_medium_054645,28,30,0.0015113847330212593,0.5041707754135132,0.5026593906804919
D_R_43022,chck_80M,43022,R,actual_packet_source_repeat,1,packet:1:333:compact:frontier_consolidation_fwcompact_medium_002348,companion,compact:frontier_consolidation_fwcompact_medium_002348,38,40,0.00080195686314255,4.621184349060059,4.620382392196916
D_R_43022,chck_80M,43022,R,actual_packet_source_repeat,1,packet:1:334:compact:frontier_consolidation_fwcompact_medium_014545,companion,compact:frontier_consolidation_fwcompact_medium_014545,45,47,0.02002125233411789,7.6187591552734375,7.59873790293932
D_R_43022,chck_80M,43022,R,actual_packet_source_repeat,1,packet:1:335:compact:frontier_consolidation_fwcompact_medium_032193,companion,compact:frontier_consolidation_fwcompact_medium_032193,32,34,0.004340631887316704,0.004235820844769478,-0.00010481104254722595
D_R_43022,chck_80M,43022,R,actual_packet_source_repeat,1,packet:1:336:compact:frontier_consolidation_fwcompact_medium_004047,companion,compact:frontier_consolidation_fwcompact_medium_004047,55,57,0.0013583013787865639,6.962839603424072,6.961481302045286
D_R_43022,chck_80M,43022,R,actual_packet_source_repeat,1,packet:1:337:compact:frontier_consolidation_fwcompact_medium_005339,companion,compact:frontier_consolidation_fwcompact_medium_005339,49,51,0.12799008190631866,13.416746139526367,13.288756057620049
D_R_43022,chck_80M,43022,R,actual_packet_source_repeat,1,packet:1:338:compact:frontier_consolidation_fwcompact_medium_019803,companion,compact:frontier_consolidation_fwcompact_medium_019803,87,89,0.05707841366529465,8.356130599975586,8.299052186310291
D_R_43022,chck_80M,43022,R,actual_packet_source_repeat,1,packet:1:339:compact:frontier_consolidation_fwcompact_medium_041270,companion,compact:frontier_consolidation_fwcompact_medium_041270,43,45,0.1248731017112732,18.702722549438477,18.577849447727203
D_R_43022,chck_80M,43022,R,actual_packet_source_repeat,1,packet:1:33:compact:frontier_consolidation_fwcompact_medium_048895,companion,compact:frontier_consolidation_fwcompact_medium_048895,62,64,0.025157107040286064,15.451659202575684,15.426502095535398
D_R_43022,chck_80M,43022,R,actual_packet_source_repeat,1,packet:1:340:compact:frontier_consolidation_fwcompact_medium_049443,companion,compact:frontier_consolidation_fwcompact_medium_049443,68,70,0.020429430529475212,8.869756698608398,8.849327268078923
D_R_43022,chck_80M,43022,R,actual_packet_source_repeat,1,packet:1:341:compact:frontier_consolidation_fwcompact_medium_043403,companion,compact:frontier_consolidation_fwcompact_medium_043403,54,56,0.006419631652534008,5.506290435791016,5.499870804138482
D_R_43022,chck_80M,43022,R,actual_packet_source_repeat,1,packet:1:342:compact:frontier_consolidation_fwcompact_medium_059133,companion,compact:frontier_consolidation_fwcompact_medium_059133,62,64,0.5292361974716187,15.151778221130371,14.622542023658752
D_R_43022,chck_80M,43022,R,actual_packet_source_repeat,1,packet:1:343:compact:frontier_consolidation_fwcompact_medium_042919,companion,compact:frontier_consolidation_fwcompact_medium_042919,59,61,0.026143794879317284,12.43099594116211,12.404852146282792
D_R_43022,chck_80M,43022,R,actual_packet_source_repeat,1,packet:1:344:compact:frontier_consolidation_fwcompact_medium_043741,companion,compact:frontier_consolidation_fwcompact_medium_043741,52,54,0.02668076753616333,11.017709732055664,10.9910289645195
D_R_43022,chck_80M,43022,R,actual_packet_source_repeat,1,packet:1:345:compact:frontier_consolidation_fwcompact_medium_043723,companion,compact:frontier_consolidation_fwcompact_medium_043723,39,41,0.003624300705268979,0.003769318340346217,0.00014501763507723808
D_R_43022,chck_80M,43022,R,actual_packet_source_repeat,1,packet:1:346:compact:frontier_consolidation_fwcompact_medium_046088,companion,compact:frontier_consolidation_fwcompact_medium_046088,51,53,0.0033987159840762615,6.288230895996094,6.2848321800120175
D_R_43022,chck_80M,43022,R,actual_packet_source_repeat,1,packet:1:347:compact:frontier_consolidation_fwcompact_medium_012824,companion,compact:frontier_consolidation_fwcompact_medium_012824,40,42,0.008168976753950119,13.296354293823242,13.288185317069292
D_R_43022,chck_80M,43022,R,actual_packet_source_repeat,1,packet:1:348:compact:frontier_consolidation_fwcompact_medium_042009,companion,compact:frontier_consolidation_fwcompact_medium_042009,77,79,0.016756970435380936,10.698604583740234,10.681847613304853
D_R_43022,chck_80M,43022,R,actual_packet_source_repeat,1,packet:1:349:compact:frontier_consolidation_fwcompact_medium_048832,companion,compact:frontier_consolidation_fwcompact_medium_048832,51,53,0.0040489607490599155,5.946095943450928,5.942046982701868
D_R_43022,chck_80M,43022,R,actual_packet_source_repeat,1,packet:1:34:compact:frontier_consolidation_fwcompact_medium_030075,companion,compact:frontier_consolidation_fwcompact_medium_030075,65,67,0.004935462959110737,0.004801410716027021,-0.00013405224308371544
D_R_43022,chck_80M,43022,R,actual_packet_source_repeat,1,packet:1:350:compact:frontier_consolidation_fwcompact_medium_020701,companion,compact:frontier_consolidation_fwcompact_medium_020701,31,33,0.002936339471489191,5.670167446136475,5.667231106664985
D_R_43022,chck_80M,43022,R,actual_packet_source_repeat,1,packet:1:351:compact:frontier_consolidation_fwcompact_medium_016644,companion,compact:frontier_consolidation_fwcompact_medium_016644,38,40,0.01786557026207447,8.412564277648926,8.394698707386851
D_R_43022,chck_80M,43022,R,actual_packet_source_repeat,1,packet:1:352:compact:frontier_consolidation_fwcompact_medium_023359,companion,compact:frontier_consolidation_fwcompact_medium_023359,61,63,0.005043284967541695,0.005621813703328371,0.0005785287357866764
D_R_43022,chck_80M,43022,R,actual_packet_source_repeat,1,packet:1:353:compact:frontier_consolidation_fwcompact_medium_032828,companion,compact:frontier_consolidation_fwcompact_medium_032828,38,40,0.029145507141947746,15.201981544494629,15.172836037352681
D_R_43022,chck_80M,43022,R,actual_packet_source_repeat,1,packet:1:354:compact:frontier_consolidation_fwcompact_medium_051334,companion,compact:frontier_consolidation_fwcompact_medium_051334,28,30,0.004267989192157984,13.519062995910645,13.514795006718487
D_R_43022,chck_80M,43022,R,actual_packet_source_repeat,1,packet:1:355:compact:frontier_consolidation_fwcompact_medium_028988,companion,compact:frontier_consolidation_fwcompact_medium_028988,46,48,0.011365314014256,7.1492533683776855,7.1378880543634295
D_R_43022,chck_80M,43022,R,actual_packet_source_repeat,1,packet:1:356:compact:frontier_consolidation_fwcompact_medium_039781,companion,compact:frontier_consolidation_fwcompact_medium_039781,34,36,0.001207933179102838,1.70845627784729,1.7072483446681872
D_R_43022,chck_80M,43022,R,actual_packet_source_repeat,1,packet:1:357:compact:frontier_consolidation_fwcompact_medium_029015,companion,compact:frontier_consolidation_fwcompact_medium_029015,57,59,0.05178697407245636,7.410872936248779,7.359085962176323
D_R_43022,chck_80M,43022,R,actual_packet_source_repeat,1,packet:1:358:compact:frontier_consolidation_fwcompact_medium_042469,companion,compact:frontier_consolidation_fwcompact_medium_042469,62,64,0.12531228363513947,12.066620826721191,11.941308543086052
D_R_43022,chck_80M,43022,R,actual_packet_source_repeat,1,packet:1:359:compact:frontier_consolidation_fwcompact_medium_056860,companion,compact:frontier_consolidation_fwcompact_medium_056860,42,44,0.0035574266221374273,8.43250846862793,8.428951042005792
D_R_43022,chck_80M,43022,R,actual_packet_source_repeat,1,packet:1:35:compact:frontier_consolidation_fwcompact_medium_058429,companion,compact:frontier_consolidation_fwcompact_medium_058429,65,67,0.000742398202419281,1.0879555940628052,1.087213195860386
D_R_43022,chck_80M,43022,R,actual_packet_source_repeat,1,packet:1:360:compact:frontier_consolidation_fwcompact_medium_046757,companion,compact:frontier_consolidation_fwcompact_medium_046757,49,51,0.0056432695128023624,0.01165097113698721,0.006007701624184847
D_R_43022,chck_80M,43022,R,actual_packet_source_repeat,1,packet:1:361:compact:frontier_consolidation_fwcompact_medium_048932,companion,compact:frontier_consolidation_fwcompact_medium_048932,34,36,0.005089185666292906,14.641745567321777,14.636656381655484
D_R_43022,chck_80M,43022,R,actual_packet_source_repeat,1,packet:1:362:compact:frontier_consolidation_fwcompact_medium_032035,companion,compact:frontier_consolidation_fwcompact_medium_032035,47,49,0.005441852379590273,1.1174583435058594,1.112016491126269
D_R_43022,chck_80M,43022,R,actual_packet_source_repeat,1,packet:1:363:compact:frontier_consolidation_fwcompact_medium_060467,companion,compact:frontier_consolidation_fwcompact_medium_060467,48,50,0.0059661162085831165,0.005685349460691214,-0.0002807667478919029
D_R_43022,chck_80M,43022,R,actual_packet_source_repeat,1,packet:1:364:compact:frontier_consolidation_fwcompact_medium_060117,companion,compact:frontier_consolidation_fwcompact_medium_060117,77,79,0.040950581431388855,13.184897422790527,13.143946841359138
D_R_43022,chck_80M,43022,R,actual_packet_source_repeat,1,packet:1:365:compact:frontier_consolidation_fwcompact_medium_004301,companion,compact:frontier_consolidation_fwcompact_medium_004301,30,32,0.009143504314124584,17.955028533935547,17.945885029621422
D_R_43022,chck_80M,43022,R,actual_packet_source_repeat,1,packet:1:366:compact:frontier_consolidation_fwcompact_medium_006784,companion,compact:frontier_consolidation_fwcompact_medium_006784,60,62,0.002229825360700488,3.004098415374756,3.0018685900140554
D_R_43022,chck_80M,43022,R,actual_packet_source_repeat,1,packet:1:367:compact:frontier_consolidation_fwcompact_medium_028924,companion,compact:frontier_consolidation_fwcompact_medium_028924,36,38,0.01829276978969574,2.104905605316162,2.0866128355264664
D_R_43022,chck_80M,43022,R,actual_packet_source_repeat,1,packet:1:368:compact:frontier_consolidation_fwcompact_medium_006218,companion,compact:frontier_consolidation_fwcompact_medium_006218,49,51,0.006113637704402208,7.9182610511779785,7.912147413473576
D_R_43022,chck_80M,43022,R,actual_packet_source_repeat,1,packet:1:369:compact:frontier_consolidation_fwcompact_medium_028435,companion,compact:frontier_consolidation_fwcompact_medium_028435,45,47,0.009403698146343231,7.957603454589844,7.9481997564435005
D_R_43022,chck_80M,43022,R,actual_packet_source_repeat,1,packet:1:36:compact:frontier_consolidation_fwcompact_medium_017895,companion,compact:frontier_consolidation_fwcompact_medium_017895,57,59,0.0005734706646762788,0.0006355411605909467,6.207049591466784e-05
D_R_43022,chck_80M,43022,R,actual_packet_source_repeat,1,packet:1:370:compact:frontier_consolidation_fwcompact_medium_016474,companion,compact:frontier_consolidation_fwcompact_medium_016474,70,72,0.012745704501867294,1.1895432472229004,1.176797542721033
D_R_43022,chck_80M,43022,R,actual_packet_source_repeat,1,packet:1:371:compact:frontier_consolidation_fwcompact_medium_011165,companion,compact:frontier_consolidation_fwcompact_medium_011165,30,32,0.02560909278690815,6.5084638595581055,6.482854766771197
D_R_43022,chck_80M,43022,R,actual_packet_source_repeat,1,packet:1:372:compact:frontier_consolidation_fwcompact_medium_054969,companion,compact:frontier_consolidation_fwcompact_medium_054969,30,32,0.23989376425743103,3.950829029083252,3.710935264825821
D_R_43022,chck_80M,43022,R,actual_packet_source_repeat,1,packet:1:373:compact:frontier_consolidation_fwcompact_medium_008928,companion,compact:frontier_consolidation_fwcompact_medium_008928,52,54,0.004114140290766954,2.0089035034179688,2.004789363127202
D_R_43022,chck_80M,43022,R,actual_packet_source_repeat,1,packet:1:374:compact:frontier_consolidation_fwcompact_medium_005969,companion,compact:frontier_consolidation_fwcompact_medium_005969,67,69,0.00378855736926198,12.332917213439941,12.32912865607068
D_R_43022,chck_80M,43022,R,actual_packet_source_repeat,1,packet:1:375:compact:frontier_consolidation_fwcompact_medium_004112,companion,compact:frontier_consolidation_fwcompact_medium_004112,58,60,0.00248445151373744,4.263055324554443,4.260570873040706
D_R_43022,chck_80M,43022,R,actual_packet_source_repeat,1,packet:1:376:compact:frontier_consolidation_fwcompact_medium_009251,companion,compact:frontier_consolidation_fwcompact_medium_009251,44,46,0.0013262771535664797,0.6438888311386108,0.6425625539850444
D_R_43022,chck_80M,43022,R,actual_packet_source_repeat,1,packet:1:377:compact:frontier_consolidation_fwcompact_medium_010810,companion,compact:frontier_consolidation_fwcompact_medium_010810,59,61,0.021025976166129112,16.91356658935547,16.89254061318934
D_R_43022,chck_80M,43022,R,actual_packet_source_repeat,1,packet:1:378:compact:frontier_consolidation_fwcompact_medium_002711,companion,compact:frontier_consolidation_fwcompact_medium_002711,56,58,0.08655496686697006,3.066277503967285,2.979722537100315
D_R_43022,chck_80M,43022,R,actual_packet_source_repeat,1,packet:1:379:compact:frontier_consolidation_fwcompact_medium_018054,companion,compact:frontier_consolidation_fwcompact_medium_018054,50,52,0.00013326710904948413,8.559510231018066,8.559376963909017
D_R_43022,chck_80M,43022,R,actual_packet_source_repeat,1,packet:1:37:compact:frontier_consolidation_fwcompact_medium_054204,companion,compact:frontier_consolidation_fwcompact_medium_054204,30,32,0.0013256819220259786,0.057546138763427734,0.056220456841401756
D_R_43022,chck_80M,43022,R,actual_packet_source_repeat,1,packet:1:380:compact:frontier_consolidation_fwcompact_medium_012442,companion,compact:frontier_consolidation_fwcompact_medium_012442,63,65,0.0253819040954113,0.0197414830327034,-0.005640421062707901
D_R_43022,chck_80M,43022,R,actual_packet_source_repeat,1,packet:1:381:compact:frontier_consolidation_fwcompact_medium_001274,companion,compact:frontier_consolidation_fwcompact_medium_001274,57,59,0.0166589617729187,7.276418209075928,7.259759247303009
D_R_43022,chck_80M,43022,R,actual_packet_source_repeat,1,packet:1:382:compact:frontier_consolidation_fwcompact_medium_015639,companion,compact:frontier_consolidation_fwcompact_medium_015639,40,42,0.0004077318590134382,10.036839485168457,10.036431753309444
D_R_43022,chck_80M,43022,R,actual_packet_source_repeat,1,packet:1:383:compact:frontier_consolidation_fwcompact_medium_059623,companion,compact:frontier_consolidation_fwcompact_medium_059623,31,33,0.09364921599626541,8.254858016967773,8.161208800971508
D_R_43022,chck_80M,43022,R,actual_packet_source_repeat,1,packet:1:384:compact:frontier_consolidation_fwcompact_medium_008796,companion,compact:frontier_consolidation_fwcompact_medium_008796,55,57,0.0036639717873185873,0.3009849488735199,0.2973209770862013
D_R_43022,chck_80M,43022,R,actual_packet_source_repeat,1,packet:1:385:compact:frontier_consolidation_fwcompact_medium_035198,companion,compact:frontier_consolidation_fwcompact_medium_035198,41,43,0.07904309034347534,14.123126029968262,14.044082939624786
D_R_43022,chck_80M,43022,R,actual_packet_source_repeat,1,packet:1:386:compact:frontier_consolidation_fwcompact_medium_010231,companion,compact:frontier_consolidation_fwcompact_medium_010231,52,54,0.0010856455191969872,2.550316095352173,2.549230449832976
D_R_43022,chck_80M,43022,R,actual_packet_source_repeat,1,packet:1:387:compact:frontier_consolidation_fwcompact_medium_013702,companion,compact:frontier_consolidation_fwcompact_medium_013702,46,48,0.003180328756570816,1.0804967880249023,1.0773164592683315
D_R_43022,chck_80M,43022,R,actual_packet_source_repeat,1,packet:1:388:compact:frontier_consolidation_fwcompact_medium_058711,companion,compact:frontier_consolidation_fwcompact_medium_058711,33,35,0.008193688467144966,7.677399635314941,7.669205946847796
D_R_43022,chck_80M,43022,R,actual_packet_source_repeat,1,packet:1:389:compact:frontier_consolidation_fwcompact_medium_027129,companion,compact:frontier_consolidation_fwcompact_medium_027129,28,30,0.06593357771635056,7.24932861328125,7.1833950355648994
D_R_43022,chck_80M,43022,R,actual_packet_source_repeat,1,packet:1:38:compact:frontier_consolidation_fwcompact_medium_028682,companion,compact:frontier_consolidation_fwcompact_medium_028682,56,58,0.012106391601264477,14.610560417175293,14.598454025574028
D_R_43022,chck_80M,43022,R,actual_packet_source_repeat,1,packet:1:390:compact:frontier_consolidation_fwcompact_medium_004721,companion,compact:frontier_consolidation_fwcompact_medium_004721,30,32,0.0066421679221093655,9.877141952514648,9.870499784592539
D_R_43022,chck_80M,43022,R,actual_packet_source_repeat,1,packet:1:391:compact:frontier_consolidation_fwcompact_medium_018016,companion,compact:frontier_consolidation_fwcompact_medium_018016,46,48,0.0003756771038752049,9.841654777526855,9.84127910042298
D_R_43022,chck_80M,43022,R,actual_packet_source_repeat,1,packet:1:392:compact:frontier_consolidation_fwcompact_medium_022813,companion,compact:frontier_consolidation_fwcompact_medium_022813,53,55,0.09222399443387985,2.8691790103912354,2.7769550159573555
D_R_43022,chck_80M,43022,R,actual_packet_source_repeat,1,packet:1:393:compact:frontier_consolidation_fwcompact_medium_044072,companion,compact:frontier_consolidation_fwcompact_medium_044072,58,60,0.003921083174645901,6.633373260498047,6.629452177323401
D_R_43022,chck_80M,43022,R,actual_packet_source_repeat,1,packet:1:394:compact:frontier_consolidation_fwcompact_medium_020073,companion,compact:frontier_consolidation_fwcompact_medium_020073,33,35,0.1393004208803177,8.341362953186035,8.202062532305717
D_R_43022,chck_80M,43022,R,actual_packet_source_repeat,1,packet:1:395:compact:frontier_consolidation_fwcompact_medium_026594,companion,compact:frontier_consolidation_fwcompact_medium_026594,65,67,0.001735848723910749,4.512776851654053,4.511041002930142
D_R_43022,chck_80M,43022,R,actual_packet_source_repeat,1,packet:1:396:compact:frontier_consolidation_fwcompact_medium_035992,companion,compact:frontier_consolidation_fwcompact_medium_035992,41,43,0.010631706565618515,8.031023979187012,8.020392272621393
D_R_43022,chck_80M,43022,R,actual_packet_source_repeat,1,packet:1:397:compact:frontier_consolidation_fwcompact_medium_045033,companion,compact:frontier_consolidation_fwcompact_medium_045033,50,52,0.00197001826018095,0.14747829735279083,0.14550827909260988
D_R_43022,chck_80M,43022,R,actual_packet_source_repeat,1,packet:1:398:compact:frontier_consolidation_fwcompact_medium_034845,companion,compact:frontier_consolidation_fwcompact_medium_034845,30,32,0.010944928973913193,0.9348796606063843,0.9239347316324711
D_R_43022,chck_80M,43022,R,actual_packet_source_repeat,1,packet:1:399:compact:frontier_consolidation_fwcompact_medium_014053,companion,compact:frontier_consolidation_fwcompact_medium_014053,33,35,0.0006342306733131409,0.19621151685714722,0.19557728618383408
D_R_43022,chck_80M,43022,R,actual_packet_source_repeat,1,packet:1:39:compact:frontier_consolidation_fwcompact_medium_033994,companion,compact:frontier_consolidation_fwcompact_medium_033994,63,65,0.000582644424866885,1.4694781303405762,1.4688954859157093
D_R_43022,chck_80M,43022,R,actual_packet_source_repeat,1,packet:1:3:compact:frontier_consolidation_fwcompact_medium_031347,companion,compact:frontier_consolidation_fwcompact_medium_031347,43,45,0.02668808028101921,2.3894662857055664,2.362778205424547
D_R_43022,chck_80M,43022,R,actual_packet_source_repeat,1,packet:1:400:compact:frontier_consolidation_fwcompact_medium_045741,companion,compact:frontier_consolidation_fwcompact_medium_045741,54,56,0.010455122217535973,17.73855972290039,17.728104600682855
D_R_43022,chck_80M,43022,R,actual_packet_source_repeat,1,packet:1:401:compact:frontier_consolidation_fwcompact_medium_001689,companion,compact:frontier_consolidation_fwcompact_medium_001689,42,44,0.021448444575071335,7.350606441497803,7.329157996922731
D_R_43022,chck_80M,43022,R,actual_packet_source_repeat,1,packet:1:402:compact:frontier_consolidation_fwcompact_medium_016505,companion,compact:frontier_consolidation_fwcompact_medium_016505,52,54,0.005177423357963562,4.928980350494385,4.923802927136421
D_R_43022,chck_80M,43022,R,actual_packet_source_repeat,1,packet:1:403:compact:frontier_consolidation_fwcompact_medium_029421,companion,compact:frontier_consolidation_fwcompact_medium_029421,43,45,0.0007229813490994275,11.375691413879395,11.374968432530295
D_R_43022,chck_80M,43022,R,actual_packet_source_repeat,1,packet:1:404:compact:frontier_consolidation_fwcompact_medium_013423,companion,compact:frontier_consolidation_fwcompact_medium_013423,29,31,0.006473286543041468,16.886760711669922,16.88028742512688
D_R_43022,chck_80M,43022,R,actual_packet_source_repeat,1,packet:1:405:compact:frontier_consolidation_fwcompact_medium_058010,companion,compact:frontier_consolidation_fwcompact_medium_058010,37,39,0.3149930238723755,7.990169048309326,7.675176024436951
D_R_43022,chck_80M,43022,R,actual_packet_source_repeat,1,packet:1:406:compact:frontier_consolidation_fwcompact_medium_017999,companion,compact:frontier_consolidation_fwcompact_medium_017999,20,22,0.014332681894302368,4.957297325134277,4.942964643239975
D_R_43022,chck_80M,43022,R,actual_packet_source_repeat,1,packet:1:407:compact:frontier_consolidation_fwcompact_medium_025354,companion,compact:frontier_consolidation_fwcompact_medium_025354,58,60,0.009002217091619968,13.20775318145752,13.1987509643659
D_R_43022,chck_80M,43022,R,actual_packet_source_repeat,1,packet:1:408:compact:frontier_consolidation_fwcompact_medium_004826,companion,compact:frontier_consolidation_fwcompact_medium_004826,50,52,0.03090793825685978,5.0341877937316895,5.00327985547483
D_R_43022,chck_80M,43022,R,actual_packet_source_repeat,1,packet:1:409:compact:frontier_consolidation_fwcompact_medium_020843,companion,compact:frontier_consolidation_fwcompact_medium_020843,45,47,0.004273330792784691,9.911934852600098,9.907661521807313
D_R_43022,chck_80M,43022,R,actual_packet_source_repeat,1,packet:1:40:compact:frontier_consolidation_fwcompact_medium_036342,companion,compact:frontier_consolidation_fwcompact_medium_036342,72,74,0.018859241157770157,3.1931047439575195,3.1742455027997494
D_R_43022,chck_80M,43022,R,actual_packet_source_repeat,1,packet:1:410:compact:frontier_consolidation_fwcompact_medium_049101,companion,compact:frontier_consolidation_fwcompact_medium_049101,46,48,0.00043871314846910536,0.13583774864673615,0.13539903549826704
D_R_43022,chck_80M,43022,R,actual_packet_source_repeat,1,packet:1:411:compact:frontier_consolidation_fwcompact_medium_010250,companion,compact:frontier_consolidation_fwcompact_medium_010250,77,79,0.0003343261778354645,0.07657081633806229,0.07623649016022682
D_R_43022,chck_80M,43022,R,actual_packet_source_repeat,1,packet:1:412:compact:frontier_consolidation_fwcompact_medium_005126,companion,compact:frontier_consolidation_fwcompact_medium_005126,43,45,0.01455604936927557,17.451108932495117,17.43655288312584
D_R_43022,chck_80M,43022,R,actual_packet_source_repeat,1,packet:1:413:compact:frontier_consolidation_fwcompact_medium_005352,companion,compact:frontier_consolidation_fwcompact_medium_005352,43,45,0.0006510283565148711,0.0004334702098276466,-0.0002175581466872245
D_R_43022,chck_80M,43022,R,actual_packet_source_repeat,1,packet:1:414:compact:frontier_consolidation_fwcompact_medium_060829,companion,compact:frontier_consolidation_fwcompact_medium_060829,58,60,0.0419277586042881,0.0359516404569149,-0.0059761181473731995
D_R_43022,chck_80M,43022,R,actual_packet_source_repeat,1,packet:1:415:compact:frontier_consolidation_fwcompact_medium_030736,companion,compact:frontier_consolidation_fwcompact_medium_030736,56,58,0.020451270043849945,12.731014251708984,12.710562981665134
D_R_43022,chck_80M,43022,R,actual_packet_source_repeat,1,packet:1:416:compact:frontier_consolidation_fwcompact_medium_027535,companion,compact:frontier_consolidation_fwcompact_medium_027535,47,49,0.0015145984943956137,2.6339683532714844,2.6324537547770888
D_R_43022,chck_80M,43022,R,actual_packet_source_repeat,1,packet:1:417:compact:frontier_consolidation_fwcompact_medium_006361,companion,compact:frontier_consolidation_fwcompact_medium_006361,30,32,0.01264294795691967,4.32656717300415,4.313924225047231
D_R_43022,chck_80M,43022,R,actual_packet_source_repeat,1,packet:1:418:compact:frontier_consolidation_fwcompact_medium_046370,companion,compact:frontier_consolidation_fwcompact_medium_046370,48,50,0.02411894127726555,2.128971576690674,2.1048526354134083
D_R_43022,chck_80M,43022,R,actual_packet_source_repeat,1,packet:1:419:compact:frontier_consolidation_fwcompact_medium_044775,companion,compact:frontier_consolidation_fwcompact_medium_044775,35,37,0.007743224035948515,11.824588775634766,11.816845551598817
D_R_43022,chck_80M,43022,R,actual_packet_source_repeat,1,packet:1:41:compact:frontier_consolidation_fwcompact_medium_012555,companion,compact:frontier_consolidation_fwcompact_medium_012555,38,40,0.004145719110965729,13.567886352539062,13.563740633428097
D_R_43022,chck_80M,43022,R,actual_packet_source_repeat,1,packet:1:420:compact:frontier_consolidation_fwcompact_medium_014574,companion,compact:frontier_consolidation_fwcompact_medium_014574,68,70,0.01938376948237419,9.3214693069458,9.302085537463427
D_R_43022,chck_80M,43022,R,actual_packet_source_repeat,1,packet:1:421:compact:frontier_consolidation_fwcompact_medium_045780,companion,compact:frontier_consolidation_fwcompact_medium_045780,42,44,0.00954669900238514,7.404441833496094,7.394895134493709
D_R_43022,chck_80M,43022,R,actual_packet_source_repeat,1,packet:1:422:compact:frontier_consolidation_fwcompact_medium_013435,companion,compact:frontier_consolidation_fwcompact_medium_013435,117,119,0.0015831567579880357,0.5924810767173767,0.5908979199593887
D_R_43022,chck_80M,43022,R,actual_packet_source_repeat,1,packet:1:423:compact:frontier_consolidation_fwcompact_medium_060988,companion,compact:frontier_consolidation_fwcompact_medium_060988,57,59,0.0045656487345695496,14.275129318237305,14.270563669502735
D_R_43022,chck_80M,43022,R,actual_packet_source_repeat,1,packet:1:424:compact:frontier_consolidation_fwcompact_medium_003873,companion,compact:frontier_consolidation_fwcompact_medium_003873,57,59,0.07457637041807175,20.382366180419922,20.30778981000185
D_R_43022,chck_80M,43022,R,actual_packet_source_repeat,1,packet:1:425:compact:frontier_consolidation_fwcompact_medium_029841,companion,compact:frontier_consolidation_fwcompact_medium_029841,68,70,0.012148083187639713,9.914345741271973,9.902197658084333
D_R_43022,chck_80M,43022,R,actual_packet_source_repeat,1,packet:1:426:compact:frontier_consolidation_fwcompact_medium_044882,companion,compact:frontier_consolidation_fwcompact_medium_044882,39,41,0.0013985387049615383,0.08574530482292175,0.08434676611796021
D_R_43022,chck_80M,43022,R,actual_packet_source_repeat,1,packet:1:427:compact:frontier_consolidation_fwcompact_medium_003049,companion,compact:frontier_consolidation_fwcompact_medium_003049,63,65,0.0011794761521741748,0.0016054133884608746,0.00042593723628669977
D_R_43022,chck_80M,43022,R,actual_packet_source_repeat,1,packet:1:428:compact:frontier_consolidation_fwcompact_medium_037657,companion,compact:frontier_consolidation_fwcompact_medium_037657,64,66,0.016451191157102585,18.493812561035156,18.477361369878054
D_R_43022,chck_80M,43022,R,actual_packet_source_repeat,1,packet:1:429:compact:frontier_consolidation_fwcompact_medium_007709,companion,compact:frontier_consolidation_fwcompact_medium_007709,53,55,0.014442785643041134,13.351442337036133,13.336999551393092
D_R_43022,chck_80M,43022,R,actual_packet_source_repeat,1,packet:1:42:compact:frontier_consolidation_fwcompact_medium_058902,companion,compact:frontier_consolidation_fwcompact_medium_058902,32,34,0.009542330168187618,2.567049980163574,2.5575076499953866
D_R_43022,chck_80M,43022,R,actual_packet_source_repeat,1,packet:1:430:compact:frontier_consolidation_fwcompact_medium_008547,companion,compact:frontier_consolidation_fwcompact_medium_008547,58,60,0.005690327845513821,0.7046172618865967,0.6989269340410829
D_R_43022,chck_80M,43022,R,actual_packet_source_repeat,1,packet:1:431:compact:frontier_consolidation_fwcompact_medium_050741,companion,compact:frontier_consolidation_fwcompact_medium_050741,44,46,0.0074781011790037155,5.141908645629883,5.134430544450879
D_R_43022,chck_80M,43022,R,actual_packet_source_repeat,1,packet:1:432:compact:frontier_consolidation_fwcompact_medium_054683,companion,compact:frontier_consolidation_fwcompact_medium_054683,32,34,0.0048744892701506615,0.3307880461215973,0.32591355685144663
D_R_43022,chck_80M,43022,R,actual_packet_source_repeat,1,packet:1:433:compact:frontier_consolidation_fwcompact_medium_033088,companion,compact:frontier_consolidation_fwcompact_medium_033088,49,51,0.0007932615117169917,1.401961326599121,1.401168065087404
D_R_43022,chck_80M,43022,R,actual_packet_source_repeat,1,packet:1:434:compact:frontier_consolidation_fwcompact_medium_003658,companion,compact:frontier_consolidation_fwcompact_medium_003658,39,41,0.066525898873806,8.752202033996582,8.685676135122776
D_R_43022,chck_80M,43022,R,actual_packet_source_repeat,1,packet:1:435:compact:frontier_consolidation_fwcompact_medium_021466,companion,compact:frontier_consolidation_fwcompact_medium_021466,35,37,0.0018509175861254334,1.8254995346069336,1.8236486170208082
D_R_43022,chck_80M,43022,R,actual_packet_source_repeat,1,packet:1:436:compact:frontier_consolidation_fwcompact_medium_009414,companion,compact:frontier_consolidation_fwcompact_medium_009414,69,71,0.020543769001960754,2.294137954711914,2.2735941857099533
D_R_43022,chck_80M,43022,R,actual_packet_source_repeat,1,packet:1:437:compact:frontier_consolidation_fwcompact_medium_060331,companion,compact:frontier_consolidation_fwcompact_medium_060331,68,70,0.0052816616371273994,0.005379249341785908,9.75877046585083e-05
D_R_43022,chck_80M,43022,R,actual_packet_source_repeat,1,packet:1:438:compact:frontier_consolidation_fwcompact_medium_041247,companion,compact:frontier_consolidation_fwcompact_medium_041247,44,46,0.000491855782456696,0.0004551566671580076,-3.669911529868841e-05
D_R_43022,chck_80M,43022,R,actual_packet_source_repeat,1,packet:1:439:compact:frontier_consolidation_fwcompact_medium_057173,companion,compact:frontier_consolidation_fwcompact_medium_057173,53,55,0.018627239391207695,4.220414638519287,4.201787399128079
D_R_43022,chck_80M,43022,R,actual_packet_source_repeat,1,packet:1:43:compact:frontier_consolidation_fwcompact_medium_029882,companion,compact:frontier_consolidation_fwcompact_medium_029882,50,52,0.007951155304908752,18.459413528442383,18.451462373137474
D_R_43022,chck_80M,43022,R,actual_packet_source_repeat,1,packet:1:440:compact:frontier_consolidation_fwcompact_medium_057504,companion,compact:frontier_consolidation_fwcompact_medium_057504,27,29,0.04125124588608742,2.4562013149261475,2.41495006904006
D_R_43022,chck_80M,43022,R,actual_packet_source_repeat,1,packet:1:441:compact:frontier_consolidation_fwcompact_medium_008704,companion,compact:frontier_consolidation_fwcompact_medium_008704,47,49,0.2718842923641205,12.97900676727295,12.707122474908829
D_R_43022,chck_80M,43022,R,actual_packet_source_repeat,1,packet:1:442:compact:frontier_consolidation_fwcompact_medium_022612,companion,compact:frontier_consolidation_fwcompact_medium_022612,43,45,0.0039054087828844786,1.6766421794891357,1.6727367707062513
D_R_43022,chck_80M,43022,R,actual_packet_source_repeat,1,packet:1:443:compact:frontier_consolidation_fwcompact_medium_001909,companion,compact:frontier_consolidation_fwcompact_medium_001909,83,85,0.014622426591813564,7.320838928222656,7.306216501630843
D_R_43022,chck_80M,43022,R,actual_packet_source_repeat,1,packet:1:444:compact:frontier_consolidation_fwcompact_medium_043853,companion,compact:frontier_consolidation_fwcompact_medium_043853,58,60,0.028664536774158478,8.485910415649414,8.457245878875256
D_R_43022,chck_80M,43022,R,actual_packet_source_repeat,1,packet:1:445:compact:frontier_consolidation_fwcompact_medium_029047,companion,compact:frontier_consolidation_fwcompact_medium_029047,65,67,0.0039242892526090145,18.328866958618164,18.324942669365555
D_R_43022,chck_80M,43022,R,actual_packet_source_repeat,1,packet:1:446:compact:frontier_consolidation_fwcompact_medium_017045,companion,compact:frontier_consolidation_fwcompact_medium_017045,44,46,0.022841796278953552,7.739716529846191,7.716874733567238
D_R_43022,chck_80M,43022,R,actual_packet_source_repeat,1,packet:1:447:compact:frontier_consolidation_fwcompact_medium_059980,companion,compact:frontier_consolidation_fwcompact_medium_059980,53,55,0.0094386525452137,8.7272310256958,8.717792373150587
D_R_43022,chck_80M,43022,R,actual_packet_source_repeat,1,packet:1:448:compact:frontier_consolidation_fwcompact_medium_031536,companion,compact:frontier_consolidation_fwcompact_medium_031536,56,58,0.0060500106774270535,1.6223077774047852,1.616257766727358
D_R_43022,chck_80M,43022,R,actual_packet_source_repeat,1,packet:1:449:compact:frontier_consolidation_fwcompact_medium_047996,companion,compact:frontier_consolidation_fwcompact_medium_047996,68,70,0.01645529642701149,10.61605453491211,10.599599238485098
D_R_43022,chck_80M,43022,R,actual_packet_source_repeat,1,packet:1:44:compact:frontier_consolidation_fwcompact_medium_014159,companion,compact:frontier_consolidation_fwcompact_medium_014159,50,52,0.022233624011278152,13.66620922088623,13.643975596874952
D_R_43022,chck_80M,43022,R,actual_packet_source_repeat,1,packet:1:450:compact:frontier_consolidation_fwcompact_medium_016016,companion,compact:frontier_consolidation_fwcompact_medium_016016,22,24,0.003056142944842577,4.568284034729004,4.565227891784161
D_R_43022,chck_80M,43022,R,actual_packet_source_repeat,1,packet:1:451:compact:frontier_consolidation_fwcompact_medium_045194,companion,compact:frontier_consolidation_fwcompact_medium_045194,39,41,0.010026564821600914,2.6606481075286865,2.6506215427070856
D_R_43022,chck_80M,43022,R,actual_packet_source_repeat,1,packet:1:452:compact:frontier_consolidation_fwcompact_medium_024230,companion,compact:frontier_consolidation_fwcompact_medium_024230,35,37,0.00031192204914987087,0.004585702903568745,0.004273780854418874
D_R_43022,chck_80M,43022,R,actual_packet_source_repeat,1,packet:1:453:compact:frontier_consolidation_fwcompact_medium_046872,companion,compact:frontier_consolidation_fwcompact_medium_046872,37,39,0.0009091534884646535,0.7230809926986694,0.7221718392102048
D_R_43022,chck_80M,43022,R,actual_packet_source_repeat,1,packet:1:454:compact:frontier_consolidation_fwcompact_medium_053244,companion,compact:frontier_consolidation_fwcompact_medium_053244,86,88,0.04934593290090561,18.361711502075195,18.31236556917429
D_R_43022,chck_80M,43022,R,actual_packet_source_repeat,1,packet:1:455:compact:frontier_consolidation_fwcompact_medium_005010,companion,compact:frontier_consolidation_fwcompact_medium_005010,29,31,0.02086324244737625,5.847085952758789,5.826222710311413
D_R_43022,chck_80M,43022,R,actual_packet_source_repeat,1,packet:1:456:compact:frontier_consolidation_fwcompact_medium_044582,companion,compact:frontier_consolidation_fwcompact_medium_044582,49,51,0.009846686385571957,14.398618698120117,14.388772011734545
D_R_43022,chck_80M,43022,R,actual_packet_source_repeat,1,packet:1:457:compact:frontier_consolidation_fwcompact_medium_059884,companion,compact:frontier_consolidation_fwcompact_medium_059884,69,71,0.0058580380864441395,13.772672653198242,13.766814615111798
D_R_43022,chck_80M,43022,R,actual_packet_source_repeat,1,packet:1:458:compact:frontier_consolidation_fwcompact_medium_046804,companion,compact:frontier_consolidation_fwcompact_medium_046804,63,65,0.008813410066068172,15.73741340637207,15.728599996306002
D_R_43022,chck_80M,43022,R,actual_packet_source_repeat,1,packet:1:459:compact:frontier_consolidation_fwcompact_medium_045841,companion,compact:frontier_consolidation_fwcompact_medium_045841,52,54,0.005589332897216082,9.675375938415527,9.669786605518311
D_R_43022,chck_80M,43022,R,actual_packet_source_repeat,1,packet:1:45:compact:frontier_consolidation_fwcompact_medium_004538,companion,compact:frontier_consolidation_fwcompact_medium_004538,47,49,0.004145719110965729,3.295851230621338,3.291705511510372
D_R_43022,chck_80M,43022,R,actual_packet_source_repeat,1,packet:1:460:compact:frontier_consolidation_fwcompact_medium_048407,companion,compact:frontier_consolidation_fwcompact_medium_048407,45,47,0.027459993958473206,0.25803491473197937,0.23057492077350616
D_R_43022,chck_80M,43022,R,actual_packet_source_repeat,1,packet:1:461:compact:frontier_consolidation_fwcompact_medium_037837,companion,compact:frontier_consolidation_fwcompact_medium_037837,62,64,0.021804021671414375,3.694483757019043,3.6726797353476286
D_R_43022,chck_80M,43022,R,actual_packet_source_repeat,1,packet:1:462:compact:frontier_consolidation_fwcompact_medium_010883,companion,compact:frontier_consolidation_fwcompact_medium_010883,60,62,0.004530404228717089,10.373407363891602,10.368876959662884
D_R_43022,chck_80M,43022,R,actual_packet_source_repeat,1,packet:1:463:compact:frontier_consolidation_fwcompact_medium_028668,companion,compact:frontier_consolidation_fwcompact_medium_028668,48,50,0.005858393386006355,7.229313850402832,7.223455457016826
D_R_43022,chck_80M,43022,R,actual_packet_source_repeat,1,packet:1:464:compact:frontier_consolidation_fwcompact_medium_001116,companion,compact:frontier_consolidation_fwcompact_medium_001116,52,54,0.26939627528190613,7.794517993927002,7.525121718645096
D_R_43022,chck_80M,43022,R,actual_packet_source_repeat,1,packet:1:465:compact:frontier_consolidation_fwcompact_medium_009382,companion,compact:frontier_consolidation_fwcompact_medium_009382,66,68,0.02352132648229599,1.2896473407745361,1.2661260142922401
D_R_43022,chck_80M,43022,R,actual_packet_source_repeat,1,packet:1:466:compact:frontier_consolidation_fwcompact_medium_007493,companion,compact:frontier_consolidation_fwcompact_medium_007493,46,48,0.0016242180718109012,1.1095530986785889,1.107928880606778
D_R_43022,chck_80M,43022,R,actual_packet_source_repeat,1,packet:1:467:compact:frontier_consolidation_fwcompact_medium_049479,companion,compact:frontier_consolidation_fwcompact_medium_049479,43,45,0.010770875960588455,10.8531494140625,10.842378538101912
D_R_43022,chck_80M,43022,R,actual_packet_source_repeat,1,packet:1:468:compact:frontier_consolidation_fwcompact_medium_057676,companion,compact:frontier_consolidation_fwcompact_medium_057676,29,31,0.0020494903437793255,0.029842637479305267,0.027793147135525942
D_R_43022,chck_80M,43022,R,actual_packet_source_repeat,1,packet:1:469:compact:frontier_consolidation_fwcompact_medium_045326,companion,compact:frontier_consolidation_fwcompact_medium_045326,20,22,1.5183912515640259,9.415454864501953,7.897063612937927
D_R_43022,chck_80M,43022,R,actual_packet_source_repeat,1,packet:1:46:compact:frontier_consolidation_fwcompact_medium_035378,companion,compact:frontier_consolidation_fwcompact_medium_035378,43,45,0.0004520586517173797,0.5603079199790955,0.5598558613273781
D_R_43022,chck_80M,43022,R,actual_packet_source_repeat,1,packet:1:470:compact:frontier_consolidation_fwcompact_medium_037437,companion,compact:frontier_consolidation_fwcompact_medium_037437,48,50,0.00652978103607893,5.788312911987305,5.781783130951226
D_R_43022,chck_80M,43022,R,actual_packet_source_repeat,1,packet:1:471:compact:frontier_consolidation_fwcompact_medium_052294,companion,compact:frontier_consolidation_fwcompact_medium_052294,54,56,0.0034499194007366896,4.981421947479248,4.977972028078511
D_R_43022,chck_80M,43022,R,actual_packet_source_repeat,1,packet:1:472:compact:frontier_consolidation_fwcompact_medium_002958,companion,compact:frontier_consolidation_fwcompact_medium_002958,47,49,0.0049556284211575985,5.735561370849609,5.730605742428452
D_R_43022,chck_80M,43022,R,actual_packet_source_repeat,1,packet:1:473:compact:frontier_consolidation_fwcompact_medium_014793,companion,compact:frontier_consolidation_fwcompact_medium_014793,45,47,0.023940764367580414,17.478275299072266,17.454334534704685
D_R_43022,chck_80M,43022,R,actual_packet_source_repeat,1,packet:1:474:compact:frontier_consolidation_fwcompact_medium_022531,companion,compact:frontier_consolidation_fwcompact_medium_022531,47,49,0.01772363670170307,5.688430309295654,5.670706672593951
D_R_43022,chck_80M,43022,R,actual_packet_source_repeat,1,packet:1:475:compact:frontier_consolidation_fwcompact_medium_057221,companion,compact:frontier_consolidation_fwcompact_medium_057221,70,72,0.6596407294273376,2.0938405990600586,1.434199869632721
D_R_43022,chck_80M,43022,R,actual_packet_source_repeat,1,packet:1:476:compact:frontier_consolidation_fwcompact_medium_054747,companion,compact:frontier_consolidation_fwcompact_medium_054747,21,23,0.0033766180276870728,16.28146743774414,16.278090819716454
D_R_43022,chck_80M,43022,R,actual_packet_source_repeat,1,packet:1:477:compact:frontier_consolidation_fwcompact_medium_047946,companion,compact:frontier_consolidation_fwcompact_medium_047946,33,35,0.026827005669474602,1.493930697441101,1.4671036917716265
D_R_43022,chck_80M,43022,R,actual_packet_source_repeat,1,packet:1:478:compact:frontier_consolidation_fwcompact_medium_060354,companion,compact:frontier_consolidation_fwcompact_medium_060354,44,46,0.0031010655220597982,9.74886417388916,9.7457631083671
D_R_43022,chck_80M,43022,R,actual_packet_source_repeat,1,packet:1:479:compact:frontier_consolidation_fwcompact_medium_020223,companion,compact:frontier_consolidation_fwcompact_medium_020223,20,22,0.022164952009916306,14.798420906066895,14.776255954056978
D_R_43022,chck_80M,43022,R,actual_packet_source_repeat,1,packet:1:47:compact:frontier_consolidation_fwcompact_medium_043222,companion,compact:frontier_consolidation_fwcompact_medium_043222,39,41,0.010078374296426773,4.992879867553711,4.982801493257284
D_R_43022,chck_80M,43022,R,actual_packet_source_repeat,1,packet:1:480:compact:frontier_consolidation_fwcompact_medium_054533,companion,compact:frontier_consolidation_fwcompact_medium_054533,36,38,0.003427941584959626,11.675612449645996,11.672184508061036
D_R_43022,chck_80M,43022,R,actual_packet_source_repeat,1,packet:1:481:compact:frontier_consolidation_fwcompact_medium_033610,companion,compact:frontier_consolidation_fwcompact_medium_033610,53,55,0.007440237794071436,13.274253845214844,13.266813607420772
D_R_43022,chck_80M,43022,R,actual_packet_source_repeat,1,packet:1:482:compact:frontier_consolidation_fwcompact_medium_011941,companion,compact:frontier_consolidation_fwcompact_medium_011941,39,41,0.00015817821258679032,1.8915926218032837,1.891434443590697
D_R_43022,chck_80M,43022,R,actual_packet_source_repeat,1,packet:1:483:compact:frontier_consolidation_fwcompact_medium_023699,companion,compact:frontier_consolidation_fwcompact_medium_023699,39,41,0.0063036661595106125,3.1319494247436523,3.1256457585841417
D_R_43022,chck_80M,43022,R,actual_packet_source_repeat,1,packet:1:484:compact:frontier_consolidation_fwcompact_medium_047334,companion,compact:frontier_consolidation_fwcompact_medium_047334,26,28,0.0011102947173640132,0.05810531973838806,0.05699502502102405
D_R_43022,chck_80M,43022,R,actual_packet_source_repeat,1,packet:1:485:compact:frontier_consolidation_fwcompact_medium_038833,companion,compact:frontier_consolidation_fwcompact_medium_038833,40,42,0.0003082277253270149,3.78662371635437,3.786315488629043
D_R_43022,chck_80M,43022,R,actual_packet_source_repeat,1,packet:1:486:compact:frontier_consolidation_fwcompact_medium_046503,companion,compact:frontier_consolidation_fwcompact_medium_046503,45,47,0.011369910091161728,10.721846580505371,10.71047667041421
D_R_43022,chck_80M,43022,R,actual_packet_source_repeat,1,packet:1:487:compact:frontier_consolidation_fwcompact_medium_014345,companion,compact:frontier_consolidation_fwcompact_medium_014345,31,33,0.02561246231198311,4.724517345428467,4.698904883116484
D_R_43022,chck_80M,43022,R,actual_packet_source_repeat,1,packet:1:488:compact:frontier_consolidation_fwcompact_medium_051468,companion,compact:frontier_consolidation_fwcompact_medium_051468,53,55,0.007700520101934671,6.34752082824707,6.339820308145136
D_R_43022,chck_80M,43022,R,actual_packet_source_repeat,1,packet:1:489:compact:frontier_consolidation_fwcompact_medium_019070,companion,compact:frontier_consolidation_fwcompact_medium_019070,47,49,0.01582515612244606,4.394087791442871,4.378262635320425
D_R_43022,chck_80M,43022,R,actual_packet_source_repeat,1,packet:1:48:compact:frontier_consolidation_fwcompact_medium_053969,companion,compact:frontier_consolidation_fwcompact_medium_053969,95,97,0.0028322129510343075,7.322394371032715,7.3195621580816805
D_R_43022,chck_80M,43022,R,actual_packet_source_repeat,1,packet:1:490:compact:frontier_consolidation_fwcompact_medium_050279,companion,compact:frontier_consolidation_fwcompact_medium_050279,51,53,0.0013328249333426356,0.001069569610990584,-0.00026325532235205173
D_R_43022,chck_80M,43022,R,actual_packet_source_repeat,1,packet:1:491:compact:frontier_consolidation_fwcompact_medium_000476,companion,compact:frontier_consolidation_fwcompact_medium_000476,53,55,0.014701956883072853,12.696505546569824,12.681803589686751
D_R_43022,chck_80M,43022,R,actual_packet_source_repeat,1,packet:1:492:compact:frontier_consolidation_fwcompact_medium_055254,companion,compact:frontier_consolidation_fwcompact_medium_055254,55,57,0.004353925585746765,0.21381866931915283,0.20946474373340607
D_R_43022,chck_80M,43022,R,actual_packet_source_repeat,1,packet:1:493:compact:frontier_consolidation_fwcompact_medium_015431,companion,compact:frontier_consolidation_fwcompact_medium_015431,45,47,0.007891429588198662,11.271773338317871,11.263881908729672
D_R_43022,chck_80M,43022,R,actual_packet_source_repeat,1,packet:1:494:compact:frontier_consolidation_fwcompact_medium_057600,companion,compact:frontier_consolidation_fwcompact_medium_057600,49,51,0.023029137402772903,5.175297260284424,5.152268122881651
D_R_43022,chck_80M,43022,R,actual_packet_source_repeat,1,packet:1:495:compact:frontier_consolidation_fwcompact_medium_014130,companion,compact:frontier_consolidation_fwcompact_medium_014130,40,42,0.003578807692974806,3.2120559215545654,3.2084771138615906
D_R_43022,chck_80M,43022,R,actual_packet_source_repeat,1,packet:1:496:compact:frontier_consolidation_fwcompact_medium_035695,companion,compact:frontier_consolidation_fwcompact_medium_035695,64,66,0.017039097845554352,0.017224250361323357,0.00018515251576900482
D_R_43022,chck_80M,43022,R,actual_packet_source_repeat,1,packet:1:497:compact:frontier_consolidation_fwcompact_medium_014451,companion,compact:frontier_consolidation_fwcompact_medium_014451,44,46,0.0034413659013807774,13.301151275634766,13.297709909733385
D_R_43022,chck_80M,43022,R,actual_packet_source_repeat,1,packet:1:498:compact:frontier_consolidation_fwcompact_medium_027628,companion,compact:frontier_consolidation_fwcompact_medium_027628,83,85,0.015601133927702904,10.893441200256348,10.877840066328645
D_R_43022,chck_80M,43022,R,actual_packet_source_repeat,1,packet:1:499:compact:frontier_consolidation_fwcompact_medium_060623,companion,compact:frontier_consolidation_fwcompact_medium_060623,59,61,0.0035027835983783007,9.306784629821777,9.303281846223399
D_R_43022,chck_80M,43022,R,actual_packet_source_repeat,1,packet:1:49:compact:frontier_consolidation_fwcompact_medium_014753,companion,compact:frontier_consolidation_fwcompact_medium_014753,38,40,0.0014068715972825885,6.414560317993164,6.4131534463958815
D_R_43022,chck_80M,43022,R,actual_packet_source_repeat,1,packet:1:4:compact:frontier_consolidation_fwcompact_medium_015071,companion,compact:frontier_consolidation_fwcompact_medium_015071,54,56,0.00773376040160656,16.764995574951172,16.757261814549565
D_R_43022,chck_80M,43022,R,actual_packet_source_repeat,1,packet:1:500:compact:frontier_consolidation_fwcompact_medium_020302,companion,compact:frontier_consolidation_fwcompact_medium_020302,52,54,6.972866058349609,8.289091110229492,1.3162250518798828
D_R_43022,chck_80M,43022,R,actual_packet_source_repeat,1,packet:1:501:compact:frontier_consolidation_fwcompact_medium_035549,companion,compact:frontier_consolidation_fwcompact_medium_035549,35,37,0.007275751791894436,9.095525741577148,9.088249989785254
D_R_43022,chck_80M,43022,R,actual_packet_source_repeat,1,packet:1:502:compact:frontier_consolidation_fwcompact_medium_045379,companion,compact:frontier_consolidation_fwcompact_medium_045379,22,24,0.03592611104249954,4.044363975524902,4.008437864482403
D_R_43022,chck_80M,43022,R,actual_packet_source_repeat,1,packet:1:503:compact:frontier_consolidation_fwcompact_medium_029573,companion,compact:frontier_consolidation_fwcompact_medium_029573,60,62,0.0018400895642116666,8.3004150390625,8.298574949498288
D_R_43022,chck_80M,43022,R,actual_packet_source_repeat,1,packet:1:504:compact:frontier_consolidation_fwcompact_medium_016483,companion,compact:frontier_consolidation_fwcompact_medium_016483,47,49,0.007413377519696951,7.097712993621826,7.090299616102129
D_R_43022,chck_80M,43022,R,actual_packet_source_repeat,1,packet:1:505:compact:frontier_consolidation_fwcompact_medium_044519,companion,compact:frontier_consolidation_fwcompact_medium_044519,67,69,0.004590686876326799,14.885290145874023,14.880699458997697
D_R_43022,chck_80M,43022,R,actual_packet_source_repeat,1,packet:1:506:compact:frontier_consolidation_fwcompact_medium_008737,companion,compact:frontier_consolidation_fwcompact_medium_008737,57,59,0.0284518301486969,9.910924911499023,9.882473081350327
D_R_43022,chck_80M,43022,R,actual_packet_source_repeat,1,packet:1:507:compact:frontier_consolidation_fwcompact_medium_033249,companion,compact:frontier_consolidation_fwcompact_medium_033249,44,46,0.0019014865392819047,0.0016169581795111299,-0.00028452835977077484
D_R_43022,chck_80M,43022,R,actual_packet_source_repeat,1,packet:1:508:compact:frontier_consolidation_fwcompact_medium_027271,companion,compact:frontier_consolidation_fwcompact_medium_027271,51,53,0.003234870731830597,4.366057395935059,4.362822525203228
D_R_43022,chck_80M,43022,R,actual_packet_source_repeat,1,packet:1:509:compact:frontier_consolidation_fwcompact_medium_051950,companion,compact:frontier_consolidation_fwcompact_medium_051950,49,51,0.005910656414926052,7.778804302215576,7.77289364580065
D_R_43022,chck_80M,43022,R,actual_packet_source_repeat,1,packet:1:50:compact:frontier_consolidation_fwcompact_medium_010090,companion,compact:frontier_consolidation_fwcompact_medium_010090,67,69,0.0031301809940487146,0.21467387676239014,0.21154369576834142
D_R_43022,chck_80M,43022,R,actual_packet_source_repeat,1,packet:1:510:compact:frontier_consolidation_fwcompact_medium_023879,companion,compact:frontier_consolidation_fwcompact_medium_023879,34,36,0.005125122144818306,2.735107421875,2.7299822997301817
D_R_43022,chck_80M,43022,R,actual_packet_source_repeat,1,packet:1:511:compact:frontier_consolidation_fwcompact_medium_058698,companion,compact:frontier_consolidation_fwcompact_medium_058698,45,47,0.05017584562301636,7.818486213684082,7.768310368061066
D_R_43022,chck_80M,43022,R,actual_packet_source_repeat,1,packet:1:512:compact:frontier_consolidation_fwcompact_medium_049284,companion,compact:frontier_consolidation_fwcompact_medium_049284,39,41,0.00626504747197032,10.595582962036133,10.589317914564162
D_R_43022,chck_80M,43022,R,actual_packet_source_repeat,1,packet:1:513:compact:frontier_consolidation_fwcompact_medium_043097,companion,compact:frontier_consolidation_fwcompact_medium_043097,52,54,0.0029006809927523136,12.103506088256836,12.100605407264084
D_R_43022,chck_80M,43022,R,actual_packet_source_repeat,1,packet:1:514:compact:frontier_consolidation_fwcompact_medium_047881,companion,compact:frontier_consolidation_fwcompact_medium_047881,39,41,0.06259969621896744,10.6896390914917,10.627039395272732
D_R_43022,chck_80M,43022,R,actual_packet_source_repeat,1,packet:1:515:compact:frontier_consolidation_fwcompact_medium_019681,companion,compact:frontier_consolidation_fwcompact_medium_019681,70,72,0.001755721983499825,8.60970687866211,8.60795115667861
D_R_43022,chck_80M,43022,R,actual_packet_source_repeat,1,packet:1:516:compact:frontier_consolidation_fwcompact_medium_043479,companion,compact:frontier_consolidation_fwcompact_medium_043479,36,38,0.014036270789802074,13.300216674804688,13.286180404014885
D_R_43022,chck_80M,43022,R,actual_packet_source_repeat,1,packet:1:517:compact:frontier_consolidation_fwcompact_medium_002500,companion,compact:frontier_consolidation_fwcompact_medium_002500,32,34,0.05267050489783287,9.784308433532715,9.731637928634882
D_R_43022,chck_80M,43022,R,actual_packet_source_repeat,1,packet:1:518:compact:frontier_consolidation_fwcompact_medium_059266,companion,compact:frontier_consolidation_fwcompact_medium_059266,46,48,0.002438787603750825,1.0961726903915405,1.0937339027877897
D_R_43022,chck_80M,43022,R,actual_packet_source_repeat,1,packet:1:519:compact:frontier_consolidation_fwcompact_medium_006019,companion,compact:frontier_consolidation_fwcompact_medium_006019,44,46,0.009754138067364693,0.011837711557745934,0.002083573490381241
D_R_43022,chck_80M,43022,R,actual_packet_source_repeat,1,packet:1:51:compact:frontier_consolidation_fwcompact_medium_050259,companion,compact:frontier_consolidation_fwcompact_medium_050259,55,57,0.0002743821241892874,0.0002864189154934138,1.2036791304126382e-05
D_R_43022,chck_80M,43022,R,actual_packet_source_repeat,1,packet:1:520:compact:frontier_consolidation_fwcompact_medium_016096,companion,compact:frontier_consolidation_fwcompact_medium_016096,50,52,0.010691976174712181,0.5934478640556335,0.5827558878809214
D_R_43022,chck_80M,43022,R,actual_packet_source_repeat,1,packet:1:521:compact:frontier_consolidation_fwcompact_medium_031515,companion,compact:frontier_consolidation_fwcompact_medium_031515,66,68,0.019018908962607384,13.875848770141602,13.856829861178994
D_R_43022,chck_80M,43022,R,actual_packet_source_repeat,1,packet:1:522:compact:frontier_consolidation_fwcompact_medium_016905,companion,compact:frontier_consolidation_fwcompact_medium_016905,40,42,0.008704930543899536,11.296523094177246,11.287818163633347
D_R_43022,chck_80M,43022,R,actual_packet_source_repeat,1,packet:1:523:compact:frontier_consolidation_fwcompact_medium_052498,companion,compact:frontier_consolidation_fwcompact_medium_052498,63,65,0.004262885078787804,13.349302291870117,13.34503940679133
D_R_43022,chck_80M,43022,R,actual_packet_source_repeat,1,packet:1:524:compact:frontier_consolidation_fwcompact_medium_002894,companion,compact:frontier_consolidation_fwcompact_medium_002894,41,43,0.0029670048970729113,2.934136390686035,2.9311693857889622
D_R_43022,chck_80M,43022,R,actual_packet_source_repeat,1,packet:1:525:compact:frontier_consolidation_fwcompact_medium_031501,companion,compact:frontier_consolidation_fwcompact_medium_031501,46,48,0.006369172595441341,5.98548698425293,5.979117811657488
D_R_43022,chck_80M,43022,R,actual_packet_source_repeat,1,packet:1:526:compact:frontier_consolidation_fwcompact_medium_057822,companion,compact:frontier_consolidation_fwcompact_medium_057822,76,78,0.0029037713538855314,13.706554412841797,13.703650641487911
D_R_43022,chck_80M,43022,R,actual_packet_source_repeat,1,packet:1:527:compact:frontier_consolidation_fwcompact_medium_014399,companion,compact:frontier_consolidation_fwcompact_medium_014399,26,28,0.029190199449658394,12.601202964782715,12.572012765333056
D_R_43022,chck_80M,43022,R,actual_packet_source_repeat,1,packet:1:528:compact:frontier_consolidation_fwcompact_medium_043691,companion,compact:frontier_consolidation_fwcompact_medium_043691,67,69,0.002944540698081255,6.529404163360596,6.5264596226625144
D_R_43022,chck_80M,43022,R,actual_packet_source_repeat,1,packet:1:529:compact:frontier_consolidation_fwcompact_medium_024113,companion,compact:frontier_consolidation_fwcompact_medium_024113,39,41,0.0013777059502899647,0.9430587291717529,0.941681023221463
D_R_43022,chck_80M,43022,R,actual_packet_source_repeat,1,packet:1:52:compact:frontier_consolidation_fwcompact_medium_011883,companion,compact:frontier_consolidation_fwcompact_medium_011883,59,61,0.0015455455286428332,11.818302154541016,11.816756609012373
D_R_43022,chck_80M,43022,R,actual_packet_source_repeat,1,packet:1:530:compact:frontier_consolidation_fwcompact_medium_043873,companion,compact:frontier_consolidation_fwcompact_medium_043873,46,48,0.251596599817276,11.598989486694336,11.34739288687706
D_R_43022,chck_80M,43022,R,actual_packet_source_repeat,1,packet:1:531:compact:frontier_consolidation_fwcompact_medium_060673,companion,compact:frontier_consolidation_fwcompact_medium_060673,42,44,0.030379824340343475,6.386231899261475,6.355852074921131
D_R_43022,chck_80M,43022,R,actual_packet_source_repeat,1,packet:1:532:compact:frontier_consolidation_fwcompact_medium_024118,companion,compact:frontier_consolidation_fwcompact_medium_024118,37,39,0.01674559898674488,5.13802433013916,5.121278731152415
D_R_43022,chck_80M,43022,R,actual_packet_source_repeat,1,packet:1:533:compact:frontier_consolidation_fwcompact_medium_060772,companion,compact:frontier_consolidation_fwcompact_medium_060772,46,48,0.0009092725813388824,8.858726501464844,8.857817228883505
D_R_43022,chck_80M,43022,R,actual_packet_source_repeat,1,packet:1:534:compact:frontier_consolidation_fwcompact_medium_055097,companion,compact:frontier_consolidation_fwcompact_medium_055097,44,46,0.0017498909728601575,3.5829193592071533,3.581169468234293
D_R_43022,chck_80M,43022,R,actual_packet_source_repeat,1,packet:1:535:compact:frontier_consolidation_fwcompact_medium_049422,companion,compact:frontier_consolidation_fwcompact_medium_049422,42,44,0.005124766379594803,0.29194140434265137,0.28681663796305656
D_R_43022,chck_80M,43022,R,actual_packet_source_repeat,1,packet:1:536:compact:frontier_consolidation_fwcompact_medium_029613,companion,compact:frontier_consolidation_fwcompact_medium_029613,44,46,0.0017872564494609833,0.0019895299337804317,0.00020227348431944847
D_R_43022,chck_80M,43022,R,actual_packet_source_repeat,1,packet:1:537:compact:frontier_consolidation_fwcompact_medium_052723,companion,compact:frontier_consolidation_fwcompact_medium_052723,72,74,0.002032121177762747,6.287336349487305,6.285304228309542
D_R_43022,chck_80M,43022,R,actual_packet_source_repeat,1,packet:1:538:compact:frontier_consolidation_fwcompact_medium_034972,companion,compact:frontier_consolidation_fwcompact_medium_034972,114,116,0.001968828495591879,3.684030532836914,3.682061704341322
D_R_43022,chck_80M,43022,R,actual_packet_source_repeat,1,packet:1:539:compact:frontier_consolidation_fwcompact_medium_056967,companion,compact:frontier_consolidation_fwcompact_medium_056967,75,77,0.0021136105060577393,14.616059303283691,14.613945692777634
D_R_43022,chck_80M,43022,R,actual_packet_source_repeat,1,packet:1:53:compact:frontier_consolidation_fwcompact_medium_056870,companion,compact:frontier_consolidation_fwcompact_medium_056870,50,52,0.0240803062915802,15.405317306518555,15.381237000226974
D_R_43022,chck_80M,43022,R,actual_packet_source_repeat,1,packet:1:540:compact:frontier_consolidation_fwcompact_medium_053815,companion,compact:frontier_consolidation_fwcompact_medium_053815,59,61,0.001081834896467626,4.632292747497559,4.631210912601091
D_R_43022,chck_80M,43022,R,actual_packet_source_repeat,1,packet:1:541:compact:frontier_consolidation_fwcompact_medium_024847,companion,compact:frontier_consolidation_fwcompact_medium_024847,60,62,0.004182520322501659,0.004380274564027786,0.00019775424152612686
D_R_43022,chck_80M,43022,R,actual_packet_source_repeat,1,packet:1:542:compact:frontier_consolidation_fwcompact_medium_036895,companion,compact:frontier_consolidation_fwcompact_medium_036895,26,28,0.002099454402923584,1.117014765739441,1.1149153113365173
D_R_43022,chck_80M,43022,R,actual_packet_source_repeat,1,packet:1:543:compact:frontier_consolidation_fwcompact_medium_023782,companion,compact:frontier_consolidation_fwcompact_medium_023782,46,48,0.13838322460651398,4.768621444702148,4.6302382200956345
D_R_43022,chck_80M,43022,R,actual_packet_source_repeat,1,packet:1:544:compact:frontier_consolidation_fwcompact_medium_034516,companion,compact:frontier_consolidation_fwcompact_medium_034516,72,74,0.001016695867292583,7.306641101837158,7.305624405969866
D_R_43022,chck_80M,43022,R,actual_packet_source_repeat,1,packet:1:545:compact:frontier_consolidation_fwcompact_medium_051264,companion,compact:frontier_consolidation_fwcompact_medium_051264,34,36,0.007051581051200628,10.097867965698242,10.090816384647042
D_R_43022,chck_80M,43022,R,actual_packet_source_repeat,1,packet:1:546:compact:frontier_consolidation_fwcompact_medium_013222,companion,compact:frontier_consolidation_fwcompact_medium_013222,51,53,0.007629540748894215,10.53030776977539,10.522678229026496
D_R_43022,chck_80M,43022,R,actual_packet_source_repeat,1,packet:1:547:compact:frontier_consolidation_fwcompact_medium_060456,companion,compact:frontier_consolidation_fwcompact_medium_060456,38,40,0.014899286441504955,1.5209317207336426,1.5060324342921376
D_R_43022,chck_80M,43022,R,actual_packet_source_repeat,1,packet:1:548:compact:frontier_consolidation_fwcompact_medium_052076,companion,compact:frontier_consolidation_fwcompact_medium_052076,23,25,0.025755953043699265,0.4255009591579437,0.39974500611424446
D_R_43022,chck_80M,43022,R,actual_packet_source_repeat,1,packet:1:549:compact:frontier_consolidation_fwcompact_medium_000741,companion,compact:frontier_consolidation_fwcompact_medium_000741,64,66,0.01441634725779295,16.07036781311035,16.05595146585256
D_R_43022,chck_80M,43022,R,actual_packet_source_repeat,1,packet:1:54:compact:frontier_consolidation_fwcompact_medium_016210,companion,compact:frontier_consolidation_fwcompact_medium_016210,38,40,0.03477173671126366,18.870399475097656,18.835627738386393
D_R_43022,chck_80M,43022,R,actual_packet_source_repeat,1,packet:1:550:compact:frontier_consolidation_fwcompact_medium_047029,companion,compact:frontier_consolidation_fwcompact_medium_047029,75,77,0.005891339387744665,7.049288272857666,7.043396933469921
D_R_43022,chck_80M,43022,R,actual_packet_source_repeat,1,packet:1:551:compact:frontier_consolidation_fwcompact_medium_046448,companion,compact:frontier_consolidation_fwcompact_medium_046448,78,80,0.05782419443130493,0.05694993585348129,-0.0008742585778236389
D_R_43022,chck_80M,43022,R,actual_packet_source_repeat,1,packet:1:552:compact:frontier_consolidation_fwcompact_medium_054273,companion,compact:frontier_consolidation_fwcompact_medium_054273,40,42,0.008970554918050766,14.524760246276855,14.515789691358805
D_R_43022,chck_80M,43022,R,actual_packet_source_repeat,1,packet:1:553:compact:frontier_consolidation_fwcompact_medium_045060,companion,compact:frontier_consolidation_fwcompact_medium_045060,51,53,0.02666904404759407,11.174492835998535,11.147823791950941
D_R_43022,chck_80M,43022,R,actual_packet_source_repeat,1,packet:1:554:compact:frontier_consolidation_fwcompact_medium_042496,companion,compact:frontier_consolidation_fwcompact_medium_042496,78,80,0.012173050083220005,6.87075662612915,6.85858357604593
D_R_43022,chck_80M,43022,R,actual_packet_source_repeat,1,packet:1:555:compact:frontier_consolidation_fwcompact_medium_049556,companion,compact:frontier_consolidation_fwcompact_medium_049556,35,37,0.03833331912755966,7.729279518127441,7.690946198999882
D_R_43022,chck_80M,43022,R,actual_packet_source_repeat,1,packet:1:556:compact:frontier_consolidation_fwcompact_medium_016368,companion,compact:frontier_consolidation_fwcompact_medium_016368,48,50,0.0686662346124649,8.531810760498047,8.463144525885582
D_R_43022,chck_80M,43022,R,actual_packet_source_repeat,1,packet:1:557:compact:frontier_consolidation_fwcompact_medium_059937,companion,compact:frontier_consolidation_fwcompact_medium_059937,46,48,0.009817293845117092,13.360652923583984,13.350835629738867
D_R_43022,chck_80M,43022,R,actual_packet_source_repeat,1,packet:1:558:compact:frontier_consolidation_fwcompact_medium_037997,companion,compact:frontier_consolidation_fwcompact_medium_037997,49,51,0.10325979441404343,4.139498710632324,4.036238916218281
D_R_43022,chck_80M,43022,R,actual_packet_source_repeat,1,packet:1:559:compact:frontier_consolidation_fwcompact_medium_059907,companion,compact:frontier_consolidation_fwcompact_medium_059907,33,35,0.004960017278790474,2.133159875869751,2.1281998585909605
D_R_43022,chck_80M,43022,R,actual_packet_source_repeat,1,packet:1:55:compact:frontier_consolidation_fwcompact_medium_016822,companion,compact:frontier_consolidation_fwcompact_medium_016822,40,42,0.0042857942171394825,7.009963035583496,7.005677241366357
D_R_43022,chck_80M,43022,R,actual_packet_source_repeat,1,packet:1:560:compact:frontier_consolidation_fwcompact_medium_008502,companion,compact:frontier_consolidation_fwcompact_medium_008502,55,57,0.010337617248296738,6.684960842132568,6.674623224884272
D_R_43022,chck_80M,43022,R,actual_packet_source_repeat,1,packet:1:561:compact:frontier_consolidation_fwcompact_medium_030724,companion,compact:frontier_consolidation_fwcompact_medium_030724,44,46,0.5186009407043457,3.319214344024658,2.8006134033203125
D_R_43022,chck_80M,43022,R,actual_packet_source_repeat,1,packet:1:562:compact:frontier_consolidation_fwcompact_medium_055933,companion,compact:frontier_consolidation_fwcompact_medium_055933,29,31,0.010570725426077843,6.787503719329834,6.776932993903756
D_R_43022,chck_80M,43022,R,actual_packet_source_repeat,1,packet:1:563:compact:frontier_consolidation_fwcompact_medium_020857,companion,compact:frontier_consolidation_fwcompact_medium_020857,76,78,0.0009659630013629794,3.6123340129852295,3.6113680499838665
D_R_43022,chck_80M,43022,R,actual_packet_source_repeat,1,packet:1:564:compact:frontier_consolidation_fwcompact_medium_030051,companion,compact:frontier_consolidation_fwcompact_medium_030051,69,71,0.0034830637741833925,20.438596725463867,20.435113661689684
D_R_43022,chck_80M,43022,R,actual_packet_source_repeat,1,packet:1:565:compact:frontier_consolidation_fwcompact_medium_008942,companion,compact:frontier_consolidation_fwcompact_medium_008942,40,42,0.0033344405237585306,4.165765762329102,4.162431321805343
D_R_43022,chck_80M,43022,R,actual_packet_source_repeat,1,packet:1:566:compact:frontier_consolidation_fwcompact_medium_046652,companion,compact:frontier_consolidation_fwcompact_medium_046652,57,59,0.006848434451967478,5.262336730957031,5.255488296505064
D_R_43022,chck_80M,43022,R,actual_packet_source_repeat,1,packet:1:567:compact:frontier_consolidation_fwcompact_medium_041738,companion,compact:frontier_consolidation_fwcompact_medium_041738,39,41,0.0015175743028521538,2.264770030975342,2.2632524566724896
D_R_43022,chck_80M,43022,R,actual_packet_source_repeat,1,packet:1:568:compact:frontier_consolidation_fwcompact_medium_022838,companion,compact:frontier_consolidation_fwcompact_medium_022838,30,32,0.0004717191040981561,2.4192745685577393,2.418802849453641
D_R_43022,chck_80M,43022,R,actual_packet_source_repeat,1,packet:1:569:compact:frontier_consolidation_fwcompact_medium_015706,companion,compact:frontier_consolidation_fwcompact_medium_015706,37,39,0.010693627409636974,11.448116302490234,11.437422675080597
D_R_43022,chck_80M,43022,R,actual_packet_source_repeat,1,packet:1:56:compact:frontier_consolidation_fwcompact_medium_007559,companion,compact:frontier_consolidation_fwcompact_medium_007559,55,57,0.011862450279295444,7.8935322761535645,7.881669825874269
D_R_43022,chck_80M,43022,R,actual_packet_source_repeat,1,packet:1:570:compact:frontier_consolidation_fwcompact_medium_017557,companion,compact:frontier_consolidation_fwcompact_medium_017557,43,45,0.003161553293466568,11.880352020263672,11.877190466970205
D_R_43022,chck_80M,43022,R,actual_packet_source_repeat,1,packet:1:571:compact:frontier_consolidation_fwcompact_medium_004617,companion,compact:frontier_consolidation_fwcompact_medium_004617,29,31,0.008524104952812195,5.885454177856445,5.876930072903633
D_R_43022,chck_80M,43022,R,actual_packet_source_repeat,1,packet:1:572:compact:frontier_consolidation_fwcompact_medium_039522,companion,compact:frontier_consolidation_fwcompact_medium_039522,43,45,0.006946698296815157,3.3295955657958984,3.3226488674990833
D_R_43022,chck_80M,43022,R,actual_packet_source_repeat,1,packet:1:573:compact:frontier_consolidation_fwcompact_medium_040416,companion,compact:frontier_consolidation_fwcompact_medium_040416,41,43,0.007771139964461327,8.17284107208252,8.165069932118058
D_R_43022,chck_80M,43022,R,actual_packet_source_repeat,1,packet:1:574:compact:frontier_consolidation_fwcompact_medium_055897,companion,compact:frontier_consolidation_fwcompact_medium_055897,34,36,0.0026857517659664154,16.13111114501953,16.128425393253565
D_R_43022,chck_80M,43022,R,actual_packet_source_repeat,1,packet:1:575:compact:frontier_consolidation_fwcompact_medium_026729,companion,compact:frontier_consolidation_fwcompact_medium_026729,35,37,0.013931412249803543,14.060465812683105,14.046534400433302
D_R_43022,chck_80M,43022,R,actual_packet_source_repeat,1,packet:1:576:compact:frontier_consolidation_fwcompact_medium_008196,companion,compact:frontier_consolidation_fwcompact_medium_008196,74,76,0.0034451675601303577,13.239158630371094,13.235713462810963
D_R_43022,chck_80M,43022,R,actual_packet_source_repeat,1,packet:1:577:compact:frontier_consolidation_fwcompact_medium_031934,companion,compact:frontier_consolidation_fwcompact_medium_031934,42,44,0.03754231333732605,10.431319236755371,10.393776923418045
D_R_43022,chck_80M,43022,R,actual_packet_source_repeat,1,packet:1:578:compact:frontier_consolidation_fwcompact_medium_055610,companion,compact:frontier_consolidation_fwcompact_medium_055610,50,52,0.029106024652719498,10.107941627502441,10.078835602849722
D_R_43022,chck_80M,43022,R,actual_packet_source_repeat,1,packet:1:579:compact:frontier_consolidation_fwcompact_medium_015802,companion,compact:frontier_consolidation_fwcompact_medium_015802,23,25,0.00112791801802814,0.12246455997228622,0.12133664195425808
D_R_43022,chck_80M,43022,R,actual_packet_source_repeat,1,packet:1:57:compact:frontier_consolidation_fwcompact_medium_041890,companion,compact:frontier_consolidation_fwcompact_medium_041890,42,44,0.012364285066723824,11.737645149230957,11.725280864164233
D_R_43022,chck_80M,43022,R,actual_packet_source_repeat,1,packet:1:580:compact:frontier_consolidation_fwcompact_medium_060337,companion,compact:frontier_consolidation_fwcompact_medium_060337,46,48,0.0005413020844571292,0.0004758894501719624,-6.541263428516686e-05
D_R_43022,chck_80M,43022,R,actual_packet_source_repeat,1,packet:1:581:compact:frontier_consolidation_fwcompact_medium_045925,companion,compact:frontier_consolidation_fwcompact_medium_045925,48,50,0.0070905243046581745,4.91727352142334,4.910182997118682
D_R_43022,chck_80M,43022,R,actual_packet_source_repeat,1,packet:1:582:compact:frontier_consolidation_fwcompact_medium_026129,companion,compact:frontier_consolidation_fwcompact_medium_026129,79,81,0.0356699675321579,9.525766372680664,9.490096405148506
D_R_43022,chck_80M,43022,R,actual_packet_source_repeat,1,packet:1:583:compact:frontier_consolidation_fwcompact_medium_010979,companion,compact:frontier_consolidation_fwcompact_medium_010979,54,56,0.005089304409921169,1.6679518222808838,1.6628625178709626
D_R_43022,chck_80M,43022,R,actual_packet_source_repeat,1,packet:1:584:compact:frontier_consolidation_fwcompact_medium_050657,companion,compact:frontier_consolidation_fwcompact_medium_050657,46,48,0.014013701118528843,3.517524480819702,3.5035107797011733
D_R_43022,chck_80M,43022,R,actual_packet_source_repeat,1,packet:1:585:compact:frontier_consolidation_fwcompact_medium_038022,companion,compact:frontier_consolidation_fwcompact_medium_038022,59,61,0.006013514939695597,7.036681175231934,7.030667660292238
D_R_43022,chck_80M,43022,R,actual_packet_source_repeat,1,packet:1:586:compact:frontier_consolidation_fwcompact_medium_050586,companion,compact:frontier_consolidation_fwcompact_medium_050586,29,31,0.012714396230876446,13.315248489379883,13.302534093149006
D_R_43022,chck_80M,43022,R,actual_packet_source_repeat,1,packet:1:587:compact:frontier_consolidation_fwcompact_medium_006191,companion,compact:frontier_consolidation_fwcompact_medium_006191,42,44,0.011925355531275272,8.59389877319336,8.581973417662084
D_R_43022,chck_80M,43022,R,actual_packet_source_repeat,1,packet:1:588:compact:frontier_consolidation_fwcompact_medium_034181,companion,compact:frontier_consolidation_fwcompact_medium_034181,59,61,0.008874498307704926,7.873459339141846,7.864584840834141
D_R_43022,chck_80M,43022,R,actual_packet_source_repeat,1,packet:1:589:compact:frontier_consolidation_fwcompact_medium_020532,companion,compact:frontier_consolidation_fwcompact_medium_020532,54,56,0.006777868140488863,8.380372047424316,8.373594179283828
D_R_43022,chck_80M,43022,R,actual_packet_source_repeat,1,packet:1:58:compact:frontier_consolidation_fwcompact_medium_020098,companion,compact:frontier_consolidation_fwcompact_medium_020098,36,38,0.0031657125800848007,18.941585540771484,18.9384198281914
D_R_43022,chck_80M,43022,R,actual_packet_source_repeat,1,packet:1:590:compact:frontier_consolidation_fwcompact_medium_028035,companion,compact:frontier_consolidation_fwcompact_medium_028035,90,92,0.014878145419061184,3.2278542518615723,3.212976106442511
D_R_43022,chck_80M,43022,R,actual_packet_source_repeat,1,packet:1:591:compact:frontier_consolidation_fwcompact_medium_021975,companion,compact:frontier_consolidation_fwcompact_medium_021975,44,46,0.002169875893741846,7.113236904144287,7.111067028250545
D_R_43022,chck_80M,43022,R,actual_packet_source_repeat,1,packet:1:592:compact:frontier_consolidation_fwcompact_medium_047154,companion,compact:frontier_consolidation_fwcompact_medium_047154,86,88,0.003233920084312558,9.570249557495117,9.567015637410805
D_R_43022,chck_80M,43022,R,actual_packet_source_repeat,1,packet:1:593:compact:frontier_consolidation_fwcompact_medium_023566,companion,compact:frontier_consolidation_fwcompact_medium_023566,59,61,0.0026926472783088684,6.291407585144043,6.288714937865734
D_R_43022,chck_80M,43022,R,actual_packet_source_repeat,1,packet:1:594:compact:frontier_consolidation_fwcompact_medium_033491,companion,compact:frontier_consolidation_fwcompact_medium_033491,52,54,0.0010400369064882398,11.630654335021973,11.629614298115484
D_R_43022,chck_80M,43022,R,actual_packet_source_repeat,1,packet:1:595:compact:frontier_consolidation_fwcompact_medium_021623,companion,compact:frontier_consolidation_fwcompact_medium_021623,47,49,0.016043731942772865,10.301837921142578,10.285794189199805
D_R_43022,chck_80M,43022,R,actual_packet_source_repeat,1,packet:1:596:compact:frontier_consolidation_fwcompact_medium_010741,companion,compact:frontier_consolidation_fwcompact_medium_010741,46,48,0.009334610775113106,0.008465004153549671,-0.0008696066215634346
D_R_43022,chck_80M,43022,R,actual_packet_source_repeat,1,packet:1:597:compact:frontier_consolidation_fwcompact_medium_041484,companion,compact:frontier_consolidation_fwcompact_medium_041484,61,63,0.02146676369011402,9.125328063964844,9.10386130027473
D_R_43022,chck_80M,43022,R,actual_packet_source_repeat,1,packet:1:598:compact:frontier_consolidation_fwcompact_medium_053344,companion,compact:frontier_consolidation_fwcompact_medium_053344,114,116,0.01640721596777439,0.013357672840356827,-0.0030495431274175644
D_R_43022,chck_80M,43022,R,actual_packet_source_repeat,1,packet:1:599:compact:frontier_consolidation_fwcompact_medium_052081,companion,compact:frontier_consolidation_fwcompact_medium_052081,45,47,0.020793074741959572,7.829488754272461,7.808695679530501
D_R_43022,chck_80M,43022,R,actual_packet_source_repeat,1,packet:1:59:compact:frontier_consolidation_fwcompact_medium_012739,companion,compact:frontier_consolidation_fwcompact_medium_012739,44,46,0.005124054849147797,4.684348106384277,4.6792240515351295
D_R_43022,chck_80M,43022,R,actual_packet_source_repeat,1,packet:1:5:compact:frontier_consolidation_fwcompact_medium_056778,companion,compact:frontier_consolidation_fwcompact_medium_056778,46,48,0.00592061085626483,3.1885359287261963,3.1826153178699315
D_R_43022,chck_80M,43022,R,actual_packet_source_repeat,1,packet:1:600:compact:frontier_consolidation_fwcompact_medium_028587,companion,compact:frontier_consolidation_fwcompact_medium_028587,38,40,0.007062707561999559,0.18967750668525696,0.1826147991232574
D_R_43022,chck_80M,43022,R,actual_packet_source_repeat,1,packet:1:601:compact:frontier_consolidation_fwcompact_medium_034117,companion,compact:frontier_consolidation_fwcompact_medium_034117,40,42,0.0038953155744820833,1.2550206184387207,1.2511253028642386
D_R_43022,chck_80M,43022,R,actual_packet_source_repeat,1,packet:1:602:compact:frontier_consolidation_fwcompact_medium_059716,companion,compact:frontier_consolidation_fwcompact_medium_059716,49,51,0.00345918582752347,2.273163080215454,2.2697038943879306
D_R_43022,chck_80M,43022,R,actual_packet_source_repeat,1,packet:1:603:compact:frontier_consolidation_fwcompact_medium_050651,companion,compact:frontier_consolidation_fwcompact_medium_050651,53,55,0.021518217399716377,8.189964294433594,8.168446077033877
D_R_43022,chck_80M,43022,R,actual_packet_source_repeat,1,packet:1:604:compact:frontier_consolidation_fwcompact_medium_060742,companion,compact:frontier_consolidation_fwcompact_medium_060742,67,69,0.0025075203739106655,0.002602406544610858,9.488617070019245e-05
D_R_43022,chck_80M,43022,R,actual_packet_source_repeat,1,packet:1:605:compact:frontier_consolidation_fwcompact_medium_016445,companion,compact:frontier_consolidation_fwcompact_medium_016445,33,35,0.0036004262510687113,13.90761947631836,13.90401905006729
D_R_43022,chck_80M,43022,R,actual_packet_source_repeat,1,packet:1:606:compact:frontier_consolidation_fwcompact_medium_014822,companion,compact:frontier_consolidation_fwcompact_medium_014822,25,27,0.023643113672733307,3.8575010299682617,3.8338579162955284
D_R_43022,chck_80M,43022,R,actual_packet_source_repeat,1,packet:1:607:compact:frontier_consolidation_fwcompact_medium_016788,companion,compact:frontier_consolidation_fwcompact_medium_016788,36,38,0.004552595317363739,7.299459934234619,7.294907338917255
D_R_43022,chck_80M,43022,R,actual_packet_source_repeat,1,packet:1:608:compact:frontier_consolidation_fwcompact_medium_037376,companion,compact:frontier_consolidation_fwcompact_medium_037376,35,37,0.021606067195534706,5.075453758239746,5.053847691044211
D_R_43022,chck_80M,43022,R,actual_packet_source_repeat,1,packet:1:609:compact:frontier_consolidation_fwcompact_medium_050065,companion,compact:frontier_consolidation_fwcompact_medium_050065,42,44,0.007828625850379467,14.023404121398926,14.015575495548546
D_R_43022,chck_80M,43022,R,actual_packet_source_repeat,1,packet:1:60:compact:frontier_consolidation_fwcompact_medium_046500,companion,compact:frontier_consolidation_fwcompact_medium_046500,62,64,0.000977038755081594,0.42920732498168945,0.42823028622660786
D_R_43022,chck_80M,43022,R,actual_packet_source_repeat,1,packet:1:610:compact:frontier_consolidation_fwcompact_medium_021160,companion,compact:frontier_consolidation_fwcompact_medium_021160,80,82,0.00023982033599168062,0.00024196557933464646,2.1452433429658413e-06
D_R_43022,chck_80M,43022,R,actual_packet_source_repeat,1,packet:1:611:compact:frontier_consolidation_fwcompact_medium_045868,companion,compact:frontier_consolidation_fwcompact_medium_045868,29,31,0.029415365308523178,7.772520065307617,7.743104699999094
D_R_43022,chck_80M,43022,R,actual_packet_source_repeat,1,packet:1:612:compact:frontier_consolidation_fwcompact_medium_013338,companion,compact:frontier_consolidation_fwcompact_medium_013338,60,62,0.13341659307479858,3.4148993492126465,3.281482756137848
D_R_43022,chck_80M,43022,R,actual_packet_source_repeat,1,packet:1:613:compact:frontier_consolidation_fwcompact_medium_055905,companion,compact:frontier_consolidation_fwcompact_medium_055905,41,43,0.0010536124464124441,7.230519771575928,7.229466159129515
D_R_43022,chck_80M,43022,R,actual_packet_source_repeat,1,packet:1:614:compact:frontier_consolidation_fwcompact_medium_007205,companion,compact:frontier_consolidation_fwcompact_medium_007205,38,40,0.0025449765380471945,14.335124969482422,14.332579992944375
D_R_43022,chck_80M,43022,R,actual_packet_source_repeat,1,packet:1:615:compact:frontier_consolidation_fwcompact_medium_034635,companion,compact:frontier_consolidation_fwcompact_medium_034635,62,64,0.00926339253783226,6.641223907470703,6.631960514932871
D_R_43022,chck_80M,43022,R,actual_packet_source_repeat,1,packet:1:616:compact:frontier_consolidation_fwcompact_medium_032341,companion,compact:frontier_consolidation_fwcompact_medium_032341,23,25,0.032238200306892395,5.351611614227295,5.3193734139204025
D_R_43022,chck_80M,43022,R,actual_packet_source_repeat,1,packet:1:617:compact:frontier_consolidation_fwcompact_medium_032693,companion,compact:frontier_consolidation_fwcompact_medium_032693,26,28,0.04210527241230011,6.879379749298096,6.837274476885796
D_R_43022,chck_80M,43022,R,actual_packet_source_repeat,1,packet:1:618:compact:frontier_consolidation_fwcompact_medium_055989,companion,compact:frontier_consolidation_fwcompact_medium_055989,57,59,0.04879556968808174,11.374006271362305,11.325210701674223
D_R_43022,chck_80M,43022,R,actual_packet_source_repeat,1,packet:1:619:compact:frontier_consolidation_fwcompact_medium_003525,companion,compact:frontier_consolidation_fwcompact_medium_003525,36,38,0.3069332242012024,12.394906044006348,12.087972819805145
D_R_43022,chck_80M,43022,R,actual_packet_source_repeat,1,packet:1:61:compact:frontier_consolidation_fwcompact_medium_043890,companion,compact:frontier_consolidation_fwcompact_medium_043890,51,53,0.005934120621532202,16.3178768157959,16.311942695174366
D_R_43022,chck_80M,43022,R,actual_packet_source_repeat,1,packet:1:620:compact:frontier_consolidation_fwcompact_medium_004245,companion,compact:frontier_consolidation_fwcompact_medium_004245,21,23,0.00784613098949194,1.4082202911376953,1.4003741601482034
D_R_43022,chck_80M,43022,R,actual_packet_source_repeat,1,packet:1:621:compact:frontier_consolidation_fwcompact_medium_042333,companion,compact:frontier_consolidation_fwcompact_medium_042333,47,49,0.03055928461253643,12.565690994262695,12.535131709650159
D_R_43022,chck_80M,43022,R,actual_packet_source_repeat,1,packet:1:622:compact:frontier_consolidation_fwcompact_medium_001480,companion,compact:frontier_consolidation_fwcompact_medium_001480,53,55,0.0051140920259058475,0.006023942492902279,0.0009098504669964314
D_R_43022,chck_80M,43022,R,actual_packet_source_repeat,1,packet:1:623:compact:frontier_consolidation_fwcompact_medium_029921,companion,compact:frontier_consolidation_fwcompact_medium_029921,45,47,0.0037662305403500795,7.54262638092041,7.53886015038006
D_R_43022,chck_80M,43022,R,actual_packet_source_repeat,1,packet:1:624:compact:frontier_consolidation_fwcompact_medium_035621,companion,compact:frontier_consolidation_fwcompact_medium_035621,50,52,0.00016056202002801,4.344949722290039,4.344789160270011
D_R_43022,chck_80M,43022,R,actual_packet_source_repeat,1,packet:1:625:compact:frontier_consolidation_fwcompact_medium_050811,companion,compact:frontier_consolidation_fwcompact_medium_050811,27,29,0.012998844496905804,8.369824409484863,8.356825564987957
D_R_43022,chck_80M,43022,R,actual_packet_source_repeat,1,packet:1:626:compact:frontier_consolidation_fwcompact_medium_029007,companion,compact:frontier_consolidation_fwcompact_medium_029007,37,39,0.31000271439552307,14.24603271484375,13.936030000448227
D_R_43022,chck_80M,43022,R,actual_packet_source_repeat,1,packet:1:627:compact:frontier_consolidation_fwcompact_medium_036731,companion,compact:frontier_consolidation_fwcompact_medium_036731,46,48,0.014894705265760422,0.6863296031951904,0.67143489792943
D_R_43022,chck_80M,43022,R,actual_packet_source_repeat,1,packet:1:628:compact:frontier_consolidation_fwcompact_medium_000496,companion,compact:frontier_consolidation_fwcompact_medium_000496,35,37,0.039102375507354736,7.175846576690674,7.136744201183319
D_R_43022,chck_80M,43022,R,actual_packet_source_repeat,1,packet:1:629:compact:frontier_consolidation_fwcompact_medium_025247,companion,compact:frontier_consolidation_fwcompact_medium_025247,79,81,0.007670591119676828,6.6193342208862305,6.611663629766554
D_R_43022,chck_80M,43022,R,actual_packet_source_repeat,1,packet:1:62:compact:frontier_consolidation_fwcompact_medium_045982,companion,compact:frontier_consolidation_fwcompact_medium_045982,37,39,0.0284893698990345,4.099214553833008,4.070725183933973
D_R_43022,chck_80M,43022,R,actual_packet_source_repeat,1,packet:1:630:compact:frontier_consolidation_fwcompact_medium_061105,companion,compact:frontier_consolidation_fwcompact_medium_061105,52,54,0.07170139998197556,12.05508804321289,11.983386643230915
D_R_43022,chck_80M,43022,R,actual_packet_source_repeat,1,packet:1:631:compact:frontier_consolidation_fwcompact_medium_010402,companion,compact:frontier_consolidation_fwcompact_medium_010402,28,30,0.0022606311831623316,3.0746002197265625,3.0723395885434
D_R_43022,chck_80M,43022,R,actual_packet_source_repeat,1,packet:1:632:compact:frontier_consolidation_fwcompact_medium_050083,companion,compact:frontier_consolidation_fwcompact_medium_050083,29,31,0.015654297545552254,15.776666641235352,15.7610123436898
D_R_43022,chck_80M,43022,R,actual_packet_source_repeat,1,packet:1:633:compact:frontier_consolidation_fwcompact_medium_033147,companion,compact:frontier_consolidation_fwcompact_medium_033147,62,64,0.07232602685689926,4.9330925941467285,4.860766567289829
D_R_43022,chck_80M,43022,R,actual_packet_source_repeat,1,packet:1:634:compact:frontier_consolidation_fwcompact_medium_049277,companion,compact:frontier_consolidation_fwcompact_medium_049277,30,32,0.0003334919747430831,0.019035400822758675,0.01870190884801559
D_R_43022,chck_80M,43022,R,actual_packet_source_repeat,1,packet:1:635:compact:frontier_consolidation_fwcompact_medium_044948,companion,compact:frontier_consolidation_fwcompact_medium_044948,54,56,0.0008104139124043286,0.0008486483711749315,3.823445877060294e-05
D_R_43022,chck_80M,43022,R,actual_packet_source_repeat,1,packet:1:636:compact:frontier_consolidation_fwcompact_medium_019947,companion,compact:frontier_consolidation_fwcompact_medium_019947,65,67,0.0006877202540636063,0.0006151691195555031,-7.255113450810313e-05
D_R_43022,chck_80M,43022,R,actual_packet_source_repeat,1,packet:1:637:compact:frontier_consolidation_fwcompact_medium_026666,companion,compact:frontier_consolidation_fwcompact_medium_026666,63,65,0.017402807250618935,9.860477447509766,9.843074640259147
D_R_43022,chck_80M,43022,R,actual_packet_source_repeat,1,packet:1:638:compact:frontier_consolidation_fwcompact_medium_053378,companion,compact:frontier_consolidation_fwcompact_medium_053378,53,55,0.012401256710290909,15.980537414550781,15.96813615784049
D_R_43022,chck_80M,43022,R,actual_packet_source_repeat,1,packet:1:639:compact:frontier_consolidation_fwcompact_medium_012704,companion,compact:frontier_consolidation_fwcompact_medium_012704,53,55,0.03381911665201187,20.561357498168945,20.527538381516933
D_R_43022,chck_80M,43022,R,actual_packet_source_repeat,1,packet:1:63:compact:frontier_consolidation_fwcompact_medium_033650,companion,compact:frontier_consolidation_fwcompact_medium_033650,38,40,0.08898275345563889,7.277464866638184,7.188482113182545
D_R_43022,chck_80M,43022,R,actual_packet_source_repeat,1,packet:1:640:compact:frontier_consolidation_fwcompact_medium_057317,companion,compact:frontier_consolidation_fwcompact_medium_057317,51,53,0.0048998757265508175,15.496931076049805,15.492031200323254
D_R_43022,chck_80M,43022,R,actual_packet_source_repeat,1,packet:1:641:compact:frontier_consolidation_fwcompact_medium_048098,companion,compact:frontier_consolidation_fwcompact_medium_048098,78,80,0.002353043295443058,1.6005923748016357,1.5982393315061927
D_R_43022,chck_80M,43022,R,actual_packet_source_repeat,1,packet:1:642:compact:frontier_consolidation_fwcompact_medium_009929,companion,compact:frontier_consolidation_fwcompact_medium_009929,36,38,0.011417878791689873,12.74630069732666,12.73488281853497
D_R_43022,chck_80M,43022,R,actual_packet_source_repeat,1,packet:1:643:compact:frontier_consolidation_fwcompact_medium_021969,companion,compact:frontier_consolidation_fwcompact_medium_021969,122,124,0.0836004689335823,5.032386779785156,4.948786310851574
D_R_43022,chck_80M,43022,R,actual_packet_source_repeat,1,packet:1:644:compact:frontier_consolidation_fwcompact_medium_006839,companion,compact:frontier_consolidation_fwcompact_medium_006839,50,52,0.0045362189412117004,13.118364334106445,13.113828115165234
D_R_43022,chck_80M,43022,R,actual_packet_source_repeat,1,packet:1:645:compact:frontier_consolidation_fwcompact_medium_006392,companion,compact:frontier_consolidation_fwcompact_medium_006392,51,53,0.07216156274080276,0.062130630016326904,-0.01003093272447586
D_R_43022,chck_80M,43022,R,actual_packet_source_repeat,1,packet:1:646:compact:frontier_consolidation_fwcompact_medium_005764,companion,compact:frontier_consolidation_fwcompact_medium_005764,40,42,0.029373345896601677,13.493130683898926,13.463757338002324
D_R_43022,chck_80M,43022,R,actual_packet_source_repeat,1,packet:1:647:compact:frontier_consolidation_fwcompact_medium_029445,companion,compact:frontier_consolidation_fwcompact_medium_029445,48,50,0.012328607961535454,6.785468578338623,6.773139970377088
D_R_43022,chck_80M,43022,R,actual_packet_source_repeat,1,packet:1:648:compact:frontier_consolidation_fwcompact_medium_031366,companion,compact:frontier_consolidation_fwcompact_medium_031366,44,46,0.00410274276509881,6.465651035308838,6.461548292543739
D_R_43022,chck_80M,43022,R,actual_packet_source_repeat,1,packet:1:649:compact:frontier_consolidation_fwcompact_medium_012116,companion,compact:frontier_consolidation_fwcompact_medium_012116,26,28,0.002091603120788932,7.153845310211182,7.151753707090393
D_R_43022,chck_80M,43022,R,actual_packet_source_repeat,1,packet:1:64:compact:frontier_consolidation_fwcompact_medium_048229,companion,compact:frontier_consolidation_fwcompact_medium_048229,37,39,0.0018991068936884403,2.8010761737823486,2.79917706688866
D_R_43022,chck_80M,43022,R,actual_packet_source_repeat,1,packet:1:650:compact:frontier_consolidation_fwcompact_medium_008801,companion,compact:frontier_consolidation_fwcompact_medium_008801,58,60,0.017093827947974205,7.642317771911621,7.625223943963647
D_R_43022,chck_80M,43022,R,actual_packet_source_repeat,1,packet:1:651:compact:frontier_consolidation_fwcompact_medium_054326,companion,compact:frontier_consolidation_fwcompact_medium_054326,67,69,0.009641037322580814,13.6215238571167,13.611882819794118
D_R_43022,chck_80M,43022,R,actual_packet_source_repeat,1,packet:1:652:compact:frontier_consolidation_fwcompact_medium_028564,companion,compact:frontier_consolidation_fwcompact_medium_028564,48,50,0.011182375252246857,4.024260520935059,4.013078145682812
D_R_43022,chck_80M,43022,R,actual_packet_source_repeat,1,packet:1:653:compact:frontier_consolidation_fwcompact_medium_041125,companion,compact:frontier_consolidation_fwcompact_medium_041125,69,71,0.001869717612862587,3.8126769065856934,3.8108071889728308
D_R_43022,chck_80M,43022,R,actual_packet_source_repeat,1,packet:1:654:compact:frontier_consolidation_fwcompact_medium_009971,companion,compact:frontier_consolidation_fwcompact_medium_009971,33,35,0.0024906350299715996,0.8964688777923584,0.8939782427623868
D_R_43022,chck_80M,43022,R,actual_packet_source_repeat,1,packet:1:655:compact:frontier_consolidation_fwcompact_medium_027723,companion,compact:frontier_consolidation_fwcompact_medium_027723,45,47,0.03275679796934128,0.21956545114517212,0.18680865317583084
D_R_43022,chck_80M,43022,R,actual_packet_source_repeat,1,packet:1:656:compact:frontier_consolidation_fwcompact_medium_058825,companion,compact:frontier_consolidation_fwcompact_medium_058825,42,44,0.01694791577756405,0.02960067056119442,0.012652754783630371
D_R_43022,chck_80M,43022,R,actual_packet_source_repeat,1,packet:1:657:compact:frontier_consolidation_fwcompact_medium_028680,companion,compact:frontier_consolidation_fwcompact_medium_028680,21,23,0.17533272504806519,8.960311889648438,8.784979164600372
D_R_43022,chck_80M,43022,R,actual_packet_source_repeat,1,packet:1:658:compact:frontier_consolidation_fwcompact_medium_026379,companion,compact:frontier_consolidation_fwcompact_medium_026379,24,26,0.00027843413408845663,3.604370594024658,3.6040921598905697
D_R_43022,chck_80M,43022,R,actual_packet_source_repeat,1,packet:1:659:compact:frontier_consolidation_fwcompact_medium_058511,companion,compact:frontier_consolidation_fwcompact_medium_058511,69,71,0.00822301022708416,11.280681610107422,11.272458599880338
D_R_43022,chck_80M,43022,R,actual_packet_source_repeat,1,packet:1:65:compact:frontier_consolidation_fwcompact_medium_031815,companion,compact:frontier_consolidation_fwcompact_medium_031815,66,68,0.017018355429172516,9.779600143432617,9.762581788003445
D_R_43022,chck_80M,43022,R,actual_packet_source_repeat,1,packet:1:660:compact:frontier_consolidation_fwcompact_medium_032685,companion,compact:frontier_consolidation_fwcompact_medium_032685,88,90,0.014169913716614246,7.964156150817871,7.949986237101257
D_R_43022,chck_80M,43022,R,actual_packet_source_repeat,1,packet:1:661:compact:frontier_consolidation_fwcompact_medium_007711,companion,compact:frontier_consolidation_fwcompact_medium_007711,35,37,0.023513175547122955,4.19439697265625,4.170883797109127
D_R_43022,chck_80M,43022,R,actual_packet_source_repeat,1,packet:1:662:compact:frontier_consolidation_fwcompact_medium_010835,companion,compact:frontier_consolidation_fwcompact_medium_010835,37,39,0.001192097319290042,0.8792098760604858,0.8780177787411958
D_R_43022,chck_80M,43022,R,actual_packet_source_repeat,1,packet:1:663:compact:frontier_consolidation_fwcompact_medium_023584,companion,compact:frontier_consolidation_fwcompact_medium_023584,53,55,0.0012384133879095316,9.339815139770508,9.338576726382598
D_R_43022,chck_80M,43022,R,actual_packet_source_repeat,1,packet:1:664:compact:frontier_consolidation_fwcompact_medium_049633,companion,compact:frontier_consolidation_fwcompact_medium_049633,28,30,0.0019973821472376585,0.04770824685692787,0.04571086470969021
D_R_43022,chck_80M,43022,R,actual_packet_source_repeat,1,packet:1:665:compact:frontier_consolidation_fwcompact_medium_056475,companion,compact:frontier_consolidation_fwcompact_medium_056475,29,31,0.003257922362536192,9.743694305419922,9.740436383057386
D_R_43022,chck_80M,43022,R,actual_packet_source_repeat,1,packet:1:666:compact:frontier_consolidation_fwcompact_medium_060735,companion,compact:frontier_consolidation_fwcompact_medium_060735,45,47,0.0005907459417358041,0.12278218567371368,0.12219143973197788
D_R_43022,chck_80M,43022,R,actual_packet_source_repeat,1,packet:1:667:compact:frontier_consolidation_fwcompact_medium_052966,companion,compact:frontier_consolidation_fwcompact_medium_052966,69,71,0.0002379134384682402,0.00022766382608097047,-1.0249612387269735e-05
D_R_43022,chck_80M,43022,R,actual_packet_source_repeat,1,packet:1:668:compact:frontier_consolidation_fwcompact_medium_010845,companion,compact:frontier_consolidation_fwcompact_medium_010845,68,70,2.83203125,8.739664077758789,5.907632827758789
D_R_43022,chck_80M,43022,R,actual_packet_source_repeat,1,packet:1:669:compact:frontier_consolidation_fwcompact_medium_017321,companion,compact:frontier_consolidation_fwcompact_medium_017321,59,61,0.013086151331663132,14.467352867126465,14.454266715794802
D_R_43022,chck_80M,43022,R,actual_packet_source_repeat,1,packet:1:66:compact:frontier_consolidation_fwcompact_medium_012734,companion,compact:frontier_consolidation_fwcompact_medium_012734,63,65,0.01214867178350687,0.013451182283461094,0.0013025104999542236
D_R_43022,chck_80M,43022,R,actual_packet_source_repeat,1,packet:1:670:compact:frontier_consolidation_fwcompact_medium_018912,companion,compact:frontier_consolidation_fwcompact_medium_018912,65,67,0.0014719852479174733,0.1543530374765396,0.15288105222862214
D_R_43022,chck_80M,43022,R,actual_packet_source_repeat,1,packet:1:671:compact:frontier_consolidation_fwcompact_medium_059235,companion,compact:frontier_consolidation_fwcompact_medium_059235,51,53,0.01675439067184925,14.12130355834961,14.10454916767776
D_R_43022,chck_80M,43022,R,actual_packet_source_repeat,1,packet:1:672:compact:frontier_consolidation_fwcompact_medium_057940,companion,compact:frontier_consolidation_fwcompact_medium_057940,47,49,0.014323163777589798,4.894817352294922,4.880494188517332
D_R_43022,chck_80M,43022,R,actual_packet_source_repeat,1,packet:1:673:compact:frontier_consolidation_fwcompact_medium_032139,companion,compact:frontier_consolidation_fwcompact_medium_032139,58,60,0.011172590777277946,4.9671125411987305,4.9559399504214525
D_R_43022,chck_80M,43022,R,actual_packet_source_repeat,1,packet:1:674:compact:frontier_consolidation_fwcompact_medium_048591,companion,compact:frontier_consolidation_fwcompact_medium_048591,51,53,0.004538829438388348,0.09255016595125198,0.08801133651286364
D_R_43022,chck_80M,43022,R,actual_packet_source_repeat,1,packet:1:675:compact:frontier_consolidation_fwcompact_medium_009898,companion,compact:frontier_consolidation_fwcompact_medium_009898,76,78,0.014683748595416546,19.4630184173584,19.448334668762982
D_R_43022,chck_80M,43022,R,actual_packet_source_repeat,1,packet:1:676:compact:frontier_consolidation_fwcompact_medium_008359,companion,compact:frontier_consolidation_fwcompact_medium_008359,33,35,0.04398741200566292,11.048530578613281,11.004543166607618
D_R_43022,chck_80M,43022,R,actual_packet_source_repeat,1,packet:1:677:compact:frontier_consolidation_fwcompact_medium_016066,companion,compact:frontier_consolidation_fwcompact_medium_016066,57,59,0.03230457007884979,0.030575701966881752,-0.0017288681119680405
D_R_43022,chck_80M,43022,R,actual_packet_source_repeat,1,packet:1:678:compact:frontier_consolidation_fwcompact_medium_044460,companion,compact:frontier_consolidation_fwcompact_medium_044460,70,72,0.013781512156128883,13.107829093933105,13.094047581776977
D_R_43022,chck_80M,43022,R,actual_packet_source_repeat,1,packet:1:679:compact:frontier_consolidation_fwcompact_medium_053296,companion,compact:frontier_consolidation_fwcompact_medium_053296,42,44,0.016117284074425697,15.260071754455566,15.24395447038114
D_R_43022,chck_80M,43022,R,actual_packet_source_repeat,1,packet:1:67:compact:frontier_consolidation_fwcompact_medium_033946,companion,compact:frontier_consolidation_fwcompact_medium_033946,46,48,0.0511263869702816,10.350440979003906,10.299314592033625
D_R_43022,chck_80M,43022,R,actual_packet_source_repeat,1,packet:1:680:compact:frontier_consolidation_fwcompact_medium_050398,companion,compact:frontier_consolidation_fwcompact_medium_050398,43,45,0.02007651887834072,8.939764022827148,8.919687503948808
D_R_43022,chck_80M,43022,R,actual_packet_source_repeat,1,packet:1:681:compact:frontier_consolidation_fwcompact_medium_011227,companion,compact:frontier_consolidation_fwcompact_medium_011227,32,34,0.02377268485724926,6.567017078399658,6.543244393542409
D_R_43022,chck_80M,43022,R,actual_packet_source_repeat,1,packet:1:682:compact:frontier_consolidation_fwcompact_medium_022351,companion,compact:frontier_consolidation_fwcompact_medium_022351,50,52,0.0008586533949710429,0.7030922174453735,0.7022335640504025
D_R_43022,chck_80M,43022,R,actual_packet_source_repeat,1,packet:1:683:compact:frontier_consolidation_fwcompact_medium_049396,companion,compact:frontier_consolidation_fwcompact_medium_049396,64,66,0.003192449454218149,5.475978851318359,5.472786401864141
D_R_43022,chck_80M,43022,R,actual_packet_source_repeat,1,packet:1:684:compact:frontier_consolidation_fwcompact_medium_057151,companion,compact:frontier_consolidation_fwcompact_medium_057151,28,30,0.018097281455993652,8.227083206176758,8.208985924720764
D_R_43022,chck_80M,43022,R,actual_packet_source_repeat,1,packet:1:685:compact:frontier_consolidation_fwcompact_medium_024206,companion,compact:frontier_consolidation_fwcompact_medium_024206,52,54,0.002273952355608344,4.633669853210449,4.631395900854841
D_R_43022,chck_80M,43022,R,actual_packet_source_repeat,1,packet:1:686:compact:frontier_consolidation_fwcompact_medium_028909,companion,compact:frontier_consolidation_fwcompact_medium_028909,37,39,0.004931311123073101,10.028523445129395,10.023592134006321
D_R_43022,chck_80M,43022,R,actual_packet_source_repeat,1,packet:1:687:compact:frontier_consolidation_fwcompact_medium_043394,companion,compact:frontier_consolidation_fwcompact_medium_043394,43,45,0.0002967870968859643,0.3312108814716339,0.33091409437474795
D_R_43022,chck_80M,43022,R,actual_packet_source_repeat,1,packet:1:688:compact:frontier_consolidation_fwcompact_medium_047680,companion,compact:frontier_consolidation_fwcompact_medium_047680,30,32,0.01019720733165741,0.12261758744716644,0.11242038011550903
D_R_43022,chck_80M,43022,R,actual_packet_source_repeat,1,packet:1:689:compact:frontier_consolidation_fwcompact_medium_061188,companion,compact:frontier_consolidation_fwcompact_medium_061188,25,27,0.0019537187181413174,0.6611637473106384,0.6592100285924971
D_R_43022,chck_80M,43022,R,actual_packet_source_repeat,1,packet:1:68:compact:frontier_consolidation_fwcompact_medium_035934,companion,compact:frontier_consolidation_fwcompact_medium_035934,41,43,0.0010887415846809745,1.8709847927093506,1.8698960511246696
D_R_43022,chck_80M,43022,R,actual_packet_source_repeat,1,packet:1:690:compact:frontier_consolidation_fwcompact_medium_002065,companion,compact:frontier_consolidation_fwcompact_medium_002065,33,35,0.02966061793267727,11.633251190185547,11.60359057225287
D_R_43022,chck_80M,43022,R,actual_packet_source_repeat,1,packet:1:691:compact:frontier_consolidation_fwcompact_medium_056335,companion,compact:frontier_consolidation_fwcompact_medium_056335,72,74,0.09414029121398926,15.63173770904541,15.537597417831421
D_R_43022,chck_80M,43022,R,actual_packet_source_repeat,1,packet:1:692:compact:frontier_consolidation_fwcompact_medium_043083,companion,compact:frontier_consolidation_fwcompact_medium_043083,52,54,0.0010624246206134558,6.847174167633057,6.846111743012443
D_R_43022,chck_80M,43022,R,actual_packet_source_repeat,1,packet:1:693:compact:frontier_consolidation_fwcompact_medium_048922,companion,compact:frontier_consolidation_fwcompact_medium_048922,41,43,0.0023953812196850777,7.851653099060059,7.8492577178403735
D_R_43022,chck_80M,43022,R,actual_packet_source_repeat,1,packet:1:694:compact:frontier_consolidation_fwcompact_medium_058060,companion,compact:frontier_consolidation_fwcompact_medium_058060,37,39,0.0006183857913129032,0.0005478549865074456,-7.053080480545759e-05
D_R_43022,chck_80M,43022,R,actual_packet_source_repeat,1,packet:1:695:compact:frontier_consolidation_fwcompact_medium_017650,companion,compact:frontier_consolidation_fwcompact_medium_017650,38,40,0.04224047437310219,6.86002779006958,6.817787315696478
D_R_43022,chck_80M,43022,R,actual_packet_source_repeat,1,packet:1:696:compact:frontier_consolidation_fwcompact_medium_005948,companion,compact:frontier_consolidation_fwcompact_medium_005948,47,49,0.020116010680794716,9.67117691040039,9.651060899719596
D_R_43022,chck_80M,43022,R,actual_packet_source_repeat,1,packet:1:697:compact:frontier_consolidation_fwcompact_medium_042111,companion,compact:frontier_consolidation_fwcompact_medium_042111,53,55,0.00613247649744153,11.42723560333252,11.421103126835078
D_R_43022,chck_80M,43022,R,actual_packet_source_repeat,1,packet:1:698:compact:frontier_consolidation_fwcompact_medium_010605,companion,compact:frontier_consolidation_fwcompact_medium_010605,40,42,0.0004533693427219987,4.247252941131592,4.24679957178887
D_R_43022,chck_80M,43022,R,actual_packet_source_repeat,1,packet:1:699:compact:frontier_consolidation_fwcompact_medium_047433,companion,compact:frontier_consolidation_fwcompact_medium_047433,39,41,0.10217536240816116,10.450090408325195,10.347915045917034
D_R_43022,chck_80M,43022,R,actual_packet_source_repeat,1,packet:1:69:compact:frontier_consolidation_fwcompact_medium_042027,companion,compact:frontier_consolidation_fwcompact_medium_042027,72,74,0.0024180954787880182,17.074310302734375,17.071892207255587
D_R_43022,chck_80M,43022,R,actual_packet_source_repeat,1,packet:1:6:compact:frontier_consolidation_fwcompact_medium_005391,companion,compact:frontier_consolidation_fwcompact_medium_005391,63,65,0.0004247716860845685,0.0004693360242526978,4.4564338168129325e-05
D_R_43022,chck_80M,43022,R,actual_packet_source_repeat,1,packet:1:700:compact:frontier_consolidation_fwcompact_medium_055663,companion,compact:frontier_consolidation_fwcompact_medium_055663,31,33,0.016284428536891937,12.858872413635254,12.842587985098362
D_R_43022,chck_80M,43022,R,actual_packet_source_repeat,1,packet:1:701:compact:frontier_consolidation_fwcompact_medium_013045,companion,compact:frontier_consolidation_fwcompact_medium_013045,30,32,0.0002949994814116508,0.0002949994814116508,0.0
D_R_43022,chck_80M,43022,R,actual_packet_source_repeat,1,packet:1:702:compact:frontier_consolidation_fwcompact_medium_057526,companion,compact:frontier_consolidation_fwcompact_medium_057526,68,70,0.025449426844716072,15.109357833862305,15.083908407017589
D_R_43022,chck_80M,43022,R,actual_packet_source_repeat,1,packet:1:703:compact:frontier_consolidation_fwcompact_medium_004877,companion,compact:frontier_consolidation_fwcompact_medium_004877,64,66,0.36734306812286377,14.435602188110352,14.068259119987488
D_R_43022,chck_80M,43022,R,actual_packet_source_repeat,1,packet:1:704:compact:frontier_consolidation_fwcompact_medium_040032,companion,compact:frontier_consolidation_fwcompact_medium_040032,69,71,0.07517708837985992,6.147882461547852,6.072705373167992
D_R_43022,chck_80M,43022,R,actual_packet_source_repeat,1,packet:1:705:compact:frontier_consolidation_fwcompact_medium_018042,companion,compact:frontier_consolidation_fwcompact_medium_018042,46,48,0.012426570057868958,9.377264976501465,9.364838406443596
D_R_43022,chck_80M,43022,R,actual_packet_source_repeat,1,packet:1:706:compact:frontier_consolidation_fwcompact_medium_040763,companion,compact:frontier_consolidation_fwcompact_medium_040763,62,64,0.022573305293917656,11.545105934143066,11.522532628849149
D_R_43022,chck_80M,43022,R,actual_packet_source_repeat,1,packet:1:707:compact:frontier_consolidation_fwcompact_medium_024740,companion,compact:frontier_consolidation_fwcompact_medium_024740,100,102,0.003181398380547762,16.811784744262695,16.808603345882148
D_R_43022,chck_80M,43022,R,actual_packet_source_repeat,1,packet:1:708:compact:frontier_consolidation_fwcompact_medium_035124,companion,compact:frontier_consolidation_fwcompact_medium_035124,29,31,0.0016657537780702114,1.2853705883026123,1.283704834524542
D_R_43022,chck_80M,43022,R,actual_packet_source_repeat,1,packet:1:709:compact:frontier_consolidation_fwcompact_medium_008872,companion,compact:frontier_consolidation_fwcompact_medium_008872,58,60,0.009728520177304745,4.2595391273498535,4.249810607172549
D_R_43022,chck_80M,43022,R,actual_packet_source_repeat,1,packet:1:70:compact:frontier_consolidation_fwcompact_medium_049323,companion,compact:frontier_consolidation_fwcompact_medium_049323,73,75,0.0013261580606922507,2.2164111137390137,2.2150849556783214
D_R_43022,chck_80M,43022,R,actual_packet_source_repeat,1,packet:1:710:compact:frontier_consolidation_fwcompact_medium_054587,companion,compact:frontier_consolidation_fwcompact_medium_054587,33,35,0.030509797856211662,0.015086477622389793,-0.015423320233821869
D_R_43022,chck_80M,43022,R,actual_packet_source_repeat,1,packet:1:711:compact:frontier_consolidation_fwcompact_medium_037600,companion,compact:frontier_consolidation_fwcompact_medium_037600,22,24,0.012320601381361485,14.51524543762207,14.502924836240709
D_R_43022,chck_80M,43022,R,actual_packet_source_repeat,1,packet:1:712:compact:frontier_consolidation_fwcompact_medium_027864,companion,compact:frontier_consolidation_fwcompact_medium_027864,122,124,0.037728529423475266,0.03625542297959328,-0.0014731064438819885
D_R_43022,chck_80M,43022,R,actual_packet_source_repeat,1,packet:1:713:compact:frontier_consolidation_fwcompact_medium_030006,companion,compact:frontier_consolidation_fwcompact_medium_030006,44,46,0.003775018732994795,6.024652481079102,6.020877462346107
D_R_43022,chck_80M,43022,R,actual_packet_source_repeat,1,packet:1:714:compact:frontier_consolidation_fwcompact_medium_045173,companion,compact:frontier_consolidation_fwcompact_medium_045173,55,57,0.0008473381749354303,7.142351150512695,7.14150381233776
D_R_43022,chck_80M,43022,R,actual_packet_source_repeat,1,packet:1:715:compact:frontier_consolidation_fwcompact_medium_027753,companion,compact:frontier_consolidation_fwcompact_medium_027753,46,48,0.0031336271204054356,14.360115051269531,14.356981424149126
D_R_43022,chck_80M,43022,R,actual_packet_source_repeat,1,packet:1:716:compact:frontier_consolidation_fwcompact_medium_008973,companion,compact:frontier_consolidation_fwcompact_medium_008973,43,45,0.003767299233004451,13.055155754089355,13.051388454856351
D_R_43022,chck_80M,43022,R,actual_packet_source_repeat,1,packet:1:717:compact:frontier_consolidation_fwcompact_medium_035359,companion,compact:frontier_consolidation_fwcompact_medium_035359,47,49,0.15683192014694214,3.322401523590088,3.1655696034431458
D_R_43022,chck_80M,43022,R,actual_packet_source_repeat,1,packet:1:718:compact:frontier_consolidation_fwcompact_medium_049706,companion,compact:frontier_consolidation_fwcompact_medium_049706,49,51,0.010993743315339088,10.057506561279297,10.046512817963958
D_R_43022,chck_80M,43022,R,actual_packet_source_repeat,1,packet:1:719:compact:frontier_consolidation_fwcompact_medium_015793,companion,compact:frontier_consolidation_fwcompact_medium_015793,21,23,0.006210670340806246,6.532816410064697,6.526605739723891
D_R_43022,chck_80M,43022,R,actual_packet_source_repeat,1,packet:1:71:compact:frontier_consolidation_fwcompact_medium_009081,companion,compact:frontier_consolidation_fwcompact_medium_009081,56,58,0.001924568903632462,0.05840447172522545,0.05647990282159299
D_R_43022,chck_80M,43022,R,actual_packet_source_repeat,1,packet:1:720:compact:frontier_consolidation_fwcompact_medium_016170,companion,compact:frontier_consolidation_fwcompact_medium_016170,50,52,0.016931038349866867,3.934691905975342,3.917760867625475
D_R_43022,chck_80M,43022,R,actual_packet_source_repeat,1,packet:1:721:compact:frontier_consolidation_fwcompact_medium_033876,companion,compact:frontier_consolidation_fwcompact_medium_033876,42,44,0.01381560880690813,10.236615180969238,10.22279957216233
D_R_43022,chck_80M,43022,R,actual_packet_source_repeat,1,packet:1:722:compact:frontier_consolidation_fwcompact_medium_027322,companion,compact:frontier_consolidation_fwcompact_medium_027322,45,47,0.02177451178431511,0.5287376642227173,0.5069631524384022
D_R_43022,chck_80M,43022,R,actual_packet_source_repeat,1,packet:1:723:compact:frontier_consolidation_fwcompact_medium_021726,companion,compact:frontier_consolidation_fwcompact_medium_021726,57,59,0.05295353755354881,4.510854721069336,4.457901183515787
D_R_43022,chck_80M,43022,R,actual_packet_source_repeat,1,packet:1:724:compact:frontier_consolidation_fwcompact_medium_034598,companion,compact:frontier_consolidation_fwcompact_medium_034598,49,51,0.06514747440814972,4.695009708404541,4.629862233996391
D_R_43022,chck_80M,43022,R,actual_packet_source_repeat,1,packet:1:725:compact:frontier_consolidation_fwcompact_medium_050506,companion,compact:frontier_consolidation_fwcompact_medium_050506,77,79,0.0064447419717907906,6.966082572937012,6.959637830965221
D_R_43022,chck_80M,43022,R,actual_packet_source_repeat,1,packet:1:726:compact:frontier_consolidation_fwcompact_medium_053906,companion,compact:frontier_consolidation_fwcompact_medium_053906,33,35,0.004331848584115505,2.1109061241149902,2.1065742755308747
D_R_43022,chck_80M,43022,R,actual_packet_source_repeat,1,packet:1:727:compact:frontier_consolidation_fwcompact_medium_039834,companion,compact:frontier_consolidation_fwcompact_medium_039834,56,58,0.0018975600833073258,0.4098661541938782,0.40796859411057085
D_R_43022,chck_80M,43022,R,actual_packet_source_repeat,1,packet:1:728:compact:frontier_consolidation_fwcompact_medium_017014,companion,compact:frontier_consolidation_fwcompact_medium_017014,68,70,0.0020384264644235373,10.981626510620117,10.979588084155694
D_R_43022,chck_80M,43022,R,actual_packet_source_repeat,1,packet:1:729:compact:frontier_consolidation_fwcompact_medium_044616,companion,compact:frontier_consolidation_fwcompact_medium_044616,43,45,0.001313776709139347,0.001312705222517252,-1.071486622095108e-06
D_R_43022,chck_80M,43022,R,actual_packet_source_repeat,1,packet:1:72:compact:frontier_consolidation_fwcompact_medium_033827,companion,compact:frontier_consolidation_fwcompact_medium_033827,47,49,0.016435595229268074,18.57355499267578,18.557119397446513
D_R_43022,chck_80M,43022,R,actual_packet_source_repeat,1,packet:1:730:compact:frontier_consolidation_fwcompact_medium_013027,companion,compact:frontier_consolidation_fwcompact_medium_013027,34,36,0.02619965374469757,5.289970397949219,5.263770744204521
D_R_43022,chck_80M,43022,R,actual_packet_source_repeat,1,packet:1:731:compact:frontier_consolidation_fwcompact_medium_044984,companion,compact:frontier_consolidation_fwcompact_medium_044984,75,77,0.09556473791599274,6.340846538543701,6.245281800627708
D_R_43022,chck_80M,43022,R,actual_packet_source_repeat,1,packet:1:732:compact:frontier_consolidation_fwcompact_medium_006335,companion,compact:frontier_consolidation_fwcompact_medium_006335,81,83,0.22712236642837524,0.9102887511253357,0.6831663846969604
D_R_43022,chck_80M,43022,R,actual_packet_source_repeat,1,packet:1:733:compact:frontier_consolidation_fwcompact_medium_021523,companion,compact:frontier_consolidation_fwcompact_medium_021523,35,37,0.017359107732772827,8.37076473236084,8.353405624628067
D_R_43022,chck_80M,43022,R,actual_packet_source_repeat,1,packet:1:734:compact:frontier_consolidation_fwcompact_medium_030475,companion,compact:frontier_consolidation_fwcompact_medium_030475,72,74,0.005726005882024765,12.001900672912598,11.996174667030573
D_R_43022,chck_80M,43022,R,actual_packet_source_repeat,1,packet:1:735:compact:frontier_consolidation_fwcompact_medium_051819,companion,compact:frontier_consolidation_fwcompact_medium_051819,30,32,0.0015493544051423669,0.0014271085383370519,-0.00012224586680531502
D_R_43022,chck_80M,43022,R,actual_packet_source_repeat,1,packet:1:736:compact:frontier_consolidation_fwcompact_medium_034365,companion,compact:frontier_consolidation_fwcompact_medium_034365,66,68,0.009061758406460285,11.834927558898926,11.825865800492465
D_R_43022,chck_80M,43022,R,actual_packet_source_repeat,1,packet:1:737:compact:frontier_consolidation_fwcompact_medium_043631,companion,compact:frontier_consolidation_fwcompact_medium_043631,45,47,0.01162009872496128,3.9838571548461914,3.97223705612123
D_R_43022,chck_80M,43022,R,actual_packet_source_repeat,1,packet:1:738:compact:frontier_consolidation_fwcompact_medium_026779,companion,compact:frontier_consolidation_fwcompact_medium_026779,24,26,0.006854946259409189,9.659148216247559,9.65229326998815
D_R_43022,chck_80M,43022,R,actual_packet_source_repeat,1,packet:1:739:compact:frontier_consolidation_fwcompact_medium_000873,companion,compact:frontier_consolidation_fwcompact_medium_000873,42,44,0.0003084660565946251,0.014815308153629303,0.014506842097034678
D_R_43022,chck_80M,43022,R,actual_packet_source_repeat,1,packet:1:73:compact:frontier_consolidation_fwcompact_medium_002000,companion,compact:frontier_consolidation_fwcompact_medium_002000,49,51,0.42063745856285095,13.823176383972168,13.402538925409317
D_R_43022,chck_80M,43022,R,actual_packet_source_repeat,1,packet:1:740:compact:frontier_consolidation_fwcompact_medium_000236,companion,compact:frontier_consolidation_fwcompact_medium_000236,74,76,0.01531284675002098,0.015205774456262589,-0.00010707229375839233
D_R_43022,chck_80M,43022,R,actual_packet_source_repeat,1,packet:1:741:compact:frontier_consolidation_fwcompact_medium_009073,companion,compact:frontier_consolidation_fwcompact_medium_009073,98,100,0.014169326052069664,13.648682594299316,13.634513268247247
D_R_43022,chck_80M,43022,R,actual_packet_source_repeat,1,packet:1:742:compact:frontier_consolidation_fwcompact_medium_012980,companion,compact:frontier_consolidation_fwcompact_medium_012980,56,58,0.0036098097916692495,6.565549850463867,6.561940040672198
D_R_43022,chck_80M,43022,R,actual_packet_source_repeat,1,packet:1:743:compact:frontier_consolidation_fwcompact_medium_051541,companion,compact:frontier_consolidation_fwcompact_medium_051541,46,48,0.0012015035608783364,0.022879663854837418,0.02167816029395908
D_R_43022,chck_80M,43022,R,actual_packet_source_repeat,1,packet:1:744:compact:frontier_consolidation_fwcompact_medium_036819,companion,compact:frontier_consolidation_fwcompact_medium_036819,44,46,0.00121007626876235,1.246376395225525,1.2451663189567626
D_R_43022,chck_80M,43022,R,actual_packet_source_repeat,1,packet:1:745:compact:frontier_consolidation_fwcompact_medium_054164,companion,compact:frontier_consolidation_fwcompact_medium_054164,40,42,0.0070217507891356945,3.416172981262207,3.4091512304730713
D_R_43022,chck_80M,43022,R,actual_packet_source_repeat,1,packet:1:746:compact:frontier_consolidation_fwcompact_medium_017848,companion,compact:frontier_consolidation_fwcompact_medium_017848,59,61,0.07491864264011383,19.330440521240234,19.25552187860012
D_R_43022,chck_80M,43022,R,actual_packet_source_repeat,1,packet:1:747:compact:frontier_consolidation_fwcompact_medium_054871,companion,compact:frontier_consolidation_fwcompact_medium_054871,51,53,0.015209296718239784,1.273874044418335,1.2586647477000952
D_R_43022,chck_80M,43022,R,actual_packet_source_repeat,1,packet:1:748:compact:frontier_consolidation_fwcompact_medium_051221,companion,compact:frontier_consolidation_fwcompact_medium_051221,26,28,0.015840761363506317,7.240241050720215,7.2244002893567085
D_R_43022,chck_80M,43022,R,actual_packet_source_repeat,1,packet:1:749:compact:frontier_consolidation_fwcompact_medium_007201,companion,compact:frontier_consolidation_fwcompact_medium_007201,59,61,0.002845288719981909,6.1121649742126465,6.109319685492665
D_R_43022,chck_80M,43022,R,actual_packet_source_repeat,1,packet:1:74:compact:frontier_consolidation_fwcompact_medium_043150,companion,compact:frontier_consolidation_fwcompact_medium_043150,60,62,0.09631192684173584,0.658700704574585,0.5623887777328491
D_R_43022,chck_80M,43022,R,actual_packet_source_repeat,1,packet:1:750:compact:frontier_consolidation_fwcompact_medium_016041,companion,compact:frontier_consolidation_fwcompact_medium_016041,27,29,0.015891097486019135,14.917357444763184,14.901466347277164
D_R_43022,chck_80M,43022,R,actual_packet_source_repeat,1,packet:1:751:compact:frontier_consolidation_fwcompact_medium_053899,companion,compact:frontier_consolidation_fwcompact_medium_053899,68,70,0.0033218462485820055,0.5056716203689575,0.5023497741203755
D_R_43022,chck_80M,43022,R,actual_packet_source_repeat,1,packet:1:752:compact:frontier_consolidation_fwcompact_medium_014321,companion,compact:frontier_consolidation_fwcompact_medium_014321,30,32,0.010086399503052235,1.8751590251922607,1.8650726256892085
D_R_43022,chck_80M,43022,R,actual_packet_source_repeat,1,packet:1:753:compact:frontier_consolidation_fwcompact_medium_035570,companion,compact:frontier_consolidation_fwcompact_medium_035570,20,22,0.00451640086248517,1.2364388704299927,1.2319224695675075
D_R_43022,chck_80M,43022,R,actual_packet_source_repeat,1,packet:1:754:compact:frontier_consolidation_fwcompact_medium_044441,companion,compact:frontier_consolidation_fwcompact_medium_044441,75,77,0.36998212337493896,2.4073562622070312,2.0373741388320923
D_R_43022,chck_80M,43022,R,actual_packet_source_repeat,1,packet:1:755:compact:frontier_consolidation_fwcompact_medium_032755,companion,compact:frontier_consolidation_fwcompact_medium_032755,89,91,0.04876162111759186,10.922200202941895,10.873438581824303
D_R_43022,chck_80M,43022,R,actual_packet_source_repeat,1,packet:1:756:compact:frontier_consolidation_fwcompact_medium_036219,companion,compact:frontier_consolidation_fwcompact_medium_036219,57,59,0.009508204646408558,3.0439600944519043,3.0344518898054957
D_R_43022,chck_80M,43022,R,actual_packet_source_repeat,1,packet:1:757:compact:frontier_consolidation_fwcompact_medium_057559,companion,compact:frontier_consolidation_fwcompact_medium_057559,59,61,0.009356931783258915,17.866483688354492,17.857126756571233
D_R_43022,chck_80M,43022,R,actual_packet_source_repeat,1,packet:1:758:compact:frontier_consolidation_fwcompact_medium_001434,companion,compact:frontier_consolidation_fwcompact_medium_001434,73,75,0.008089516311883926,8.281556129455566,8.273466613143682
D_R_43022,chck_80M,43022,R,actual_packet_source_repeat,1,packet:1:759:compact:frontier_consolidation_fwcompact_medium_013446,companion,compact:frontier_consolidation_fwcompact_medium_013446,46,48,0.012457887642085552,1.578757643699646,1.5662997560575604
D_R_43022,chck_80M,43022,R,actual_packet_source_repeat,1,packet:1:75:compact:frontier_consolidation_fwcompact_medium_020508,companion,compact:frontier_consolidation_fwcompact_medium_020508,37,39,0.2137371301651001,15.165143966674805,14.951406836509705
D_R_43022,chck_80M,43022,R,actual_packet_source_repeat,1,packet:1:760:compact:frontier_consolidation_fwcompact_medium_030842,companion,compact:frontier_consolidation_fwcompact_medium_030842,30,32,0.0037664680276066065,11.630874633789062,11.627108165761456
D_R_43022,chck_80M,43022,R,actual_packet_source_repeat,1,packet:1:761:compact:frontier_consolidation_fwcompact_medium_012941,companion,compact:frontier_consolidation_fwcompact_medium_012941,78,80,0.0009270184673368931,0.0009514334378764033,2.441497053951025e-05
D_R_43022,chck_80M,43022,R,actual_packet_source_repeat,1,packet:1:762:compact:frontier_consolidation_fwcompact_medium_018774,companion,compact:frontier_consolidation_fwcompact_medium_018774,40,42,0.0139660919085145,14.95820426940918,14.944238177500665
D_R_43022,chck_80M,43022,R,actual_packet_source_repeat,1,packet:1:763:compact:frontier_consolidation_fwcompact_medium_017830,companion,compact:frontier_consolidation_fwcompact_medium_017830,40,42,0.000296310376143083,5.531772136688232,5.531475826312089
D_R_43022,chck_80M,43022,R,actual_packet_source_repeat,1,packet:1:764:compact:frontier_consolidation_fwcompact_medium_035430,companion,compact:frontier_consolidation_fwcompact_medium_035430,50,52,0.0025977694895118475,11.579318046569824,11.576720277080312
D_R_43022,chck_80M,43022,R,actual_packet_source_repeat,1,packet:1:765:compact:frontier_consolidation_fwcompact_medium_031794,companion,compact:frontier_consolidation_fwcompact_medium_031794,50,52,0.03159356117248535,4.393157958984375,4.36156439781189
D_R_43022,chck_80M,43022,R,actual_packet_source_repeat,1,packet:1:766:compact:frontier_consolidation_fwcompact_medium_029360,companion,compact:frontier_consolidation_fwcompact_medium_029360,36,38,0.0018388995667919517,0.19056856632232666,0.1887296667555347
D_R_43022,chck_80M,43022,R,actual_packet_source_repeat,1,packet:1:767:compact:frontier_consolidation_fwcompact_medium_015537,companion,compact:frontier_consolidation_fwcompact_medium_015537,104,106,0.024380037561058998,4.470687389373779,4.44630735181272
D_R_43022,chck_80M,43022,R,actual_packet_source_repeat,1,packet:1:768:compact:frontier_consolidation_fwcompact_medium_027395,companion,compact:frontier_consolidation_fwcompact_medium_027395,55,57,0.005529110319912434,8.385417938232422,8.37988882791251
D_R_43022,chck_80M,43022,R,actual_packet_source_repeat,1,packet:1:769:compact:frontier_consolidation_fwcompact_medium_035906,companion,compact:frontier_consolidation_fwcompact_medium_035906,46,48,0.1376710832118988,15.786687850952148,15.64901676774025
D_R_43022,chck_80M,43022,R,actual_packet_source_repeat,1,packet:1:76:compact:frontier_consolidation_fwcompact_medium_011790,companion,compact:frontier_consolidation_fwcompact_medium_011790,24,26,0.009199375286698341,2.253504991531372,2.2443056162446737
D_R_43022,chck_80M,43022,R,actual_packet_source_repeat,1,packet:1:770:compact:frontier_consolidation_fwcompact_medium_048618,companion,compact:frontier_consolidation_fwcompact_medium_048618,35,37,0.01271004043519497,4.839626789093018,4.826916748657823
D_R_43022,chck_80M,43022,R,actual_packet_source_repeat,1,packet:1:771:compact:frontier_consolidation_fwcompact_medium_061266,companion,compact:frontier_consolidation_fwcompact_medium_061266,23,25,0.003896503010764718,0.08362097293138504,0.07972446992062032
D_R_43022,chck_80M,43022,R,actual_packet_source_repeat,1,packet:1:772:compact:frontier_consolidation_fwcompact_medium_021872,companion,compact:frontier_consolidation_fwcompact_medium_021872,46,48,0.01164272241294384,18.756990432739258,18.745347710326314
D_R_43022,chck_80M,43022,R,actual_packet_source_repeat,1,packet:1:773:compact:frontier_consolidation_fwcompact_medium_011676,companion,compact:frontier_consolidation_fwcompact_medium_011676,47,49,0.014700429514050484,9.074708938598633,9.060008509084582
D_R_43022,chck_80M,43022,R,actual_packet_source_repeat,1,packet:1:774:compact:frontier_consolidation_fwcompact_medium_053585,companion,compact:frontier_consolidation_fwcompact_medium_053585,87,89,0.0034012107644230127,0.014749882742762566,0.011348671978339553
D_R_43022,chck_80M,43022,R,actual_packet_source_repeat,1,packet:1:775:compact:frontier_consolidation_fwcompact_medium_028243,companion,compact:frontier_consolidation_fwcompact_medium_028243,94,96,0.006345126312226057,10.712462425231934,10.706117298919708
D_R_43022,chck_80M,43022,R,actual_packet_source_repeat,1,packet:1:776:compact:frontier_consolidation_fwcompact_medium_043941,companion,compact:frontier_consolidation_fwcompact_medium_043941,58,60,0.0068105473183095455,9.987373352050781,9.980562804732472
D_R_43022,chck_80M,43022,R,actual_packet_source_repeat,1,packet:1:777:compact:frontier_consolidation_fwcompact_medium_059987,companion,compact:frontier_consolidation_fwcompact_medium_059987,54,56,0.004782784264534712,14.034099578857422,14.029316794592887
D_R_43022,chck_80M,43022,R,actual_packet_source_repeat,1,packet:1:778:compact:frontier_consolidation_fwcompact_medium_031393,companion,compact:frontier_consolidation_fwcompact_medium_031393,42,44,0.10426540672779083,6.487730026245117,6.383464619517326
D_R_43022,chck_80M,43022,R,actual_packet_source_repeat,1,packet:1:779:compact:frontier_consolidation_fwcompact_medium_022527,companion,compact:frontier_consolidation_fwcompact_medium_022527,34,36,0.0026647080667316914,4.797482490539551,4.794817782472819
D_R_43022,chck_80M,43022,R,actual_packet_source_repeat,1,packet:1:77:compact:frontier_consolidation_fwcompact_medium_025601,companion,compact:frontier_consolidation_fwcompact_medium_025601,30,32,0.21310174465179443,6.776735305786133,6.563633561134338
D_R_43022,chck_80M,43022,R,actual_packet_source_repeat,1,packet:1:780:compact:frontier_consolidation_fwcompact_medium_053072,companion,compact:frontier_consolidation_fwcompact_medium_053072,38,40,0.0007286992622539401,6.067533016204834,6.06680431694258
D_R_43022,chck_80M,43022,R,actual_packet_source_repeat,1,packet:1:781:compact:frontier_consolidation_fwcompact_medium_001701,companion,compact:frontier_consolidation_fwcompact_medium_001701,30,32,0.2897023558616638,5.403950214385986,5.1142478585243225
D_R_43022,chck_80M,43022,R,actual_packet_source_repeat,1,packet:1:782:compact:frontier_consolidation_fwcompact_medium_027023,companion,compact:frontier_consolidation_fwcompact_medium_027023,92,94,0.0016232660273090005,0.0014699617167934775,-0.00015330431051552296
D_R_43022,chck_80M,43022,R,actual_packet_source_repeat,1,packet:1:783:compact:frontier_consolidation_fwcompact_medium_000044,companion,compact:frontier_consolidation_fwcompact_medium_000044,56,58,0.006213987711817026,1.0825884342193604,1.0763744465075433
D_R_43022,chck_80M,43022,R,actual_packet_source_repeat,1,packet:1:784:compact:frontier_consolidation_fwcompact_medium_014286,companion,compact:frontier_consolidation_fwcompact_medium_014286,36,38,0.041474055498838425,4.051324844360352,4.009850788861513
D_R_43022,chck_80M,43022,R,actual_packet_source_repeat,1,packet:1:785:compact:frontier_consolidation_fwcompact_medium_049883,companion,compact:frontier_consolidation_fwcompact_medium_049883,72,74,0.013149802573025227,7.2892045974731445,7.276054794900119
D_R_43022,chck_80M,43022,R,actual_packet_source_repeat,1,packet:1:786:compact:frontier_consolidation_fwcompact_medium_006027,companion,compact:frontier_consolidation_fwcompact_medium_006027,44,46,0.01120571605861187,0.8395319581031799,0.8283262420445681
D_R_43022,chck_80M,43022,R,actual_packet_source_repeat,1,packet:1:787:compact:frontier_consolidation_fwcompact_medium_057751,companion,compact:frontier_consolidation_fwcompact_medium_057751,80,82,0.10738786309957504,2.628046989440918,2.520659126341343
D_R_43022,chck_80M,43022,R,actual_packet_source_repeat,1,packet:1:788:compact:frontier_consolidation_fwcompact_medium_060374,companion,compact:frontier_consolidation_fwcompact_medium_060374,84,86,0.008467132225632668,9.654502868652344,9.646035736426711
D_R_43022,chck_80M,43022,R,actual_packet_source_repeat,1,packet:1:789:compact:frontier_consolidation_fwcompact_medium_033191,companion,compact:frontier_consolidation_fwcompact_medium_033191,54,56,0.013885445892810822,11.78158950805664,11.76770406216383
D_R_43022,chck_80M,43022,R,actual_packet_source_repeat,1,packet:1:78:compact:frontier_consolidation_fwcompact_medium_001271,companion,compact:frontier_consolidation_fwcompact_medium_001271,66,68,0.008692167699337006,4.946422576904297,4.93773040920496
D_R_43022,chck_80M,43022,R,actual_packet_source_repeat,1,packet:1:790:compact:frontier_consolidation_fwcompact_medium_013019,companion,compact:frontier_consolidation_fwcompact_medium_013019,63,65,0.004068313166499138,5.759316444396973,5.7552481312304735
D_R_43022,chck_80M,43022,R,actual_packet_source_repeat,1,packet:1:791:compact:frontier_consolidation_fwcompact_medium_050604,companion,compact:frontier_consolidation_fwcompact_medium_050604,43,45,0.001016814960166812,0.9758844971656799,0.9748676822055131
D_R_43022,chck_80M,43022,R,actual_packet_source_repeat,1,packet:1:792:compact:frontier_consolidation_fwcompact_medium_014621,companion,compact:frontier_consolidation_fwcompact_medium_014621,45,47,0.005209561437368393,5.601698398590088,5.5964888371527195
D_R_43022,chck_80M,43022,R,actual_packet_source_repeat,1,packet:1:793:compact:frontier_consolidation_fwcompact_medium_032280,companion,compact:frontier_consolidation_fwcompact_medium_032280,36,38,0.06926573067903519,6.67634916305542,6.607083432376385
D_R_43022,chck_80M,43022,R,actual_packet_source_repeat,1,packet:1:794:compact:frontier_consolidation_fwcompact_medium_025336,companion,compact:frontier_consolidation_fwcompact_medium_025336,80,82,0.0021672588773071766,15.007366180419922,15.005198921542615
D_R_43022,chck_80M,43022,R,actual_packet_source_repeat,1,packet:1:795:compact:frontier_consolidation_fwcompact_medium_044115,companion,compact:frontier_consolidation_fwcompact_medium_044115,44,46,0.003043188713490963,11.335923194885254,11.332880006171763
D_R_43022,chck_80M,43022,R,actual_packet_source_repeat,1,packet:1:796:compact:frontier_consolidation_fwcompact_medium_029167,companion,compact:frontier_consolidation_fwcompact_medium_029167,32,34,0.009789198637008667,2.719027280807495,2.7092380821704865
D_R_43022,chck_80M,43022,R,actual_packet_source_repeat,1,packet:1:797:compact:frontier_consolidation_fwcompact_medium_054688,companion,compact:frontier_consolidation_fwcompact_medium_054688,32,34,0.005979388020932674,1.7417383193969727,1.73575893137604
D_R_43022,chck_80M,43022,R,actual_packet_source_repeat,1,packet:1:798:compact:frontier_consolidation_fwcompact_medium_057347,companion,compact:frontier_consolidation_fwcompact_medium_057347,28,30,0.045628007501363754,13.636256217956543,13.59062821045518
D_R_43022,chck_80M,43022,R,actual_packet_source_repeat,1,packet:1:799:compact:frontier_consolidation_fwcompact_medium_010507,companion,compact:frontier_consolidation_fwcompact_medium_010507,29,31,0.023232169449329376,8.782781600952148,8.759549431502819
D_R_43022,chck_80M,43022,R,actual_packet_source_repeat,1,packet:1:79:compact:frontier_consolidation_fwcompact_medium_029072,companion,compact:frontier_consolidation_fwcompact_medium_029072,29,31,0.019274676218628883,0.02341175265610218,0.004137076437473297
D_R_43022,chck_80M,43022,R,actual_packet_source_repeat,1,packet:1:7:compact:frontier_consolidation_fwcompact_medium_023863,companion,compact:frontier_consolidation_fwcompact_medium_023863,38,40,0.006443913094699383,16.174110412597656,16.167666499502957
D_R_43022,chck_80M,43022,R,actual_packet_source_repeat,1,packet:1:800:compact:frontier_consolidation_fwcompact_medium_025515,companion,compact:frontier_consolidation_fwcompact_medium_025515,35,37,0.005366562400013208,3.9823544025421143,3.976987840142101
D_R_43022,chck_80M,43022,R,actual_packet_source_repeat,1,packet:1:801:compact:frontier_consolidation_fwcompact_medium_050818,companion,compact:frontier_consolidation_fwcompact_medium_050818,85,87,0.006797049660235643,2.9845786094665527,2.977781559806317
D_R_43022,chck_80M,43022,R,actual_packet_source_repeat,1,packet:1:802:compact:frontier_consolidation_fwcompact_medium_006050,companion,compact:frontier_consolidation_fwcompact_medium_006050,62,64,0.002358395140618086,8.877382278442383,8.875023883301765
D_R_43022,chck_80M,43022,R,actual_packet_source_repeat,1,packet:1:803:compact:frontier_consolidation_fwcompact_medium_049232,companion,compact:frontier_consolidation_fwcompact_medium_049232,27,29,1.540326714515686,16.406896591186523,14.866569876670837
D_R_43022,chck_80M,43022,R,actual_packet_source_repeat,1,packet:1:804:compact:frontier_consolidation_fwcompact_medium_015748,companion,compact:frontier_consolidation_fwcompact_medium_015748,69,71,0.005598223768174648,4.891086578369141,4.885488354600966
D_R_43022,chck_80M,43022,R,actual_packet_source_repeat,1,packet:1:805:compact:frontier_consolidation_fwcompact_medium_053253,companion,compact:frontier_consolidation_fwcompact_medium_053253,76,78,0.019522543996572495,13.127090454101562,13.10756791010499
D_R_43022,chck_80M,43022,R,actual_packet_source_repeat,1,packet:1:806:compact:frontier_consolidation_fwcompact_medium_015811,companion,compact:frontier_consolidation_fwcompact_medium_015811,48,50,0.005655122920870781,0.005285812076181173,-0.0003693108446896076
D_R_43022,chck_80M,43022,R,actual_packet_source_repeat,1,packet:1:807:compact:frontier_consolidation_fwcompact_medium_039569,companion,compact:frontier_consolidation_fwcompact_medium_039569,62,64,0.0024656630121171474,0.7413842678070068,0.7389186047948897
D_R_43022,chck_80M,43022,R,actual_packet_source_repeat,1,packet:1:808:compact:frontier_consolidation_fwcompact_medium_045111,companion,compact:frontier_consolidation_fwcompact_medium_045111,30,32,0.00461987778544426,0.2770700752735138,0.27245019748806953
D_R_43022,chck_80M,43022,R,actual_packet_source_repeat,1,packet:1:809:compact:frontier_consolidation_fwcompact_medium_023496,companion,compact:frontier_consolidation_fwcompact_medium_023496,53,55,0.008289100602269173,13.749454498291016,13.741165397688746
D_R_43022,chck_80M,43022,R,actual_packet_source_repeat,1,packet:1:80:compact:frontier_consolidation_fwcompact_medium_052765,companion,compact:frontier_consolidation_fwcompact_medium_052765,47,49,0.014707125723361969,12.875565528869629,12.860858403146267
D_R_43022,chck_80M,43022,R,actual_packet_source_repeat,1,packet:1:810:compact:frontier_consolidation_fwcompact_medium_049866,companion,compact:frontier_consolidation_fwcompact_medium_049866,17,19,0.006654010154306889,1.9457517862319946,1.9390977760776877
D_R_43022,chck_80M,43022,R,actual_packet_source_repeat,1,packet:1:811:compact:frontier_consolidation_fwcompact_medium_027372,companion,compact:frontier_consolidation_fwcompact_medium_027372,35,37,0.020694060251116753,5.718233585357666,5.697539525106549
D_R_43022,chck_80M,43022,R,actual_packet_source_repeat,1,packet:1:812:compact:frontier_consolidation_fwcompact_medium_018036,companion,compact:frontier_consolidation_fwcompact_medium_018036,46,48,0.13103170692920685,7.91226053237915,7.7812288254499435
D_R_43022,chck_80M,43022,R,actual_packet_source_repeat,1,packet:1:813:compact:frontier_consolidation_fwcompact_medium_041109,companion,compact:frontier_consolidation_fwcompact_medium_041109,23,25,0.08406976610422134,9.929882049560547,9.845812283456326
D_R_43022,chck_80M,43022,R,actual_packet_source_repeat,1,packet:1:814:compact:frontier_consolidation_fwcompact_medium_043908,companion,compact:frontier_consolidation_fwcompact_medium_043908,37,39,0.0016578990034759045,7.759243011474609,7.7575851124711335
D_R_43022,chck_80M,43022,R,actual_packet_source_repeat,1,packet:1:815:compact:frontier_consolidation_fwcompact_medium_061202,companion,compact:frontier_consolidation_fwcompact_medium_061202,45,47,0.0014221088495105505,2.179785966873169,2.1783638580236584
D_R_43022,chck_80M,43022,R,actual_packet_source_repeat,1,packet:1:816:compact:frontier_consolidation_fwcompact_medium_033453,companion,compact:frontier_consolidation_fwcompact_medium_033453,42,44,0.015227729454636574,13.350017547607422,13.334789818152785
D_R_43022,chck_80M,43022,R,actual_packet_source_repeat,1,packet:1:817:compact:frontier_consolidation_fwcompact_medium_002319,companion,compact:frontier_consolidation_fwcompact_medium_002319,42,44,0.000553335587028414,0.9853039979934692,0.9847506624064408
D_R_43022,chck_80M,43022,R,actual_packet_source_repeat,1,packet:1:818:compact:frontier_consolidation_fwcompact_medium_029440,companion,compact:frontier_consolidation_fwcompact_medium_029440,32,34,0.031722452491521835,0.03170512989163399,-1.73225998878479e-05
D_R_43022,chck_80M,43022,R,actual_packet_source_repeat,1,packet:1:819:compact:frontier_consolidation_fwcompact_medium_057197,companion,compact:frontier_consolidation_fwcompact_medium_057197,39,41,0.009183665737509727,2.5033273696899414,2.4941437039524317
D_R_43022,chck_80M,43022,R,actual_packet_source_repeat,1,packet:1:81:compact:frontier_consolidation_fwcompact_medium_021584,companion,compact:frontier_consolidation_fwcompact_medium_021584,61,63,0.010248064063489437,5.510075569152832,5.499827505089343
D_R_43022,chck_80M,43022,R,actual_packet_source_repeat,1,packet:1:820:compact:frontier_consolidation_fwcompact_medium_042528,companion,compact:frontier_consolidation_fwcompact_medium_042528,27,29,0.08154464513063431,8.118627548217773,8.03708290308714
D_R_43022,chck_80M,43022,R,actual_packet_source_repeat,1,packet:1:821:compact:frontier_consolidation_fwcompact_medium_048264,companion,compact:frontier_consolidation_fwcompact_medium_048264,19,21,0.09398729354143143,8.667402267456055,8.573414973914623
D_R_43022,chck_80M,43022,R,actual_packet_source_repeat,1,packet:1:822:compact:frontier_consolidation_fwcompact_medium_056382,companion,compact:frontier_consolidation_fwcompact_medium_056382,46,48,0.01905762404203415,4.968875885009766,4.9498182609677315
D_R_43022,chck_80M,43022,R,actual_packet_source_repeat,1,packet:1:823:compact:frontier_consolidation_fwcompact_medium_048166,companion,compact:frontier_consolidation_fwcompact_medium_048166,55,57,0.0036182431504130363,9.555583953857422,9.551965710707009
D_R_43022,chck_80M,43022,R,actual_packet_source_repeat,1,packet:1:824:compact:frontier_consolidation_fwcompact_medium_001456,companion,compact:frontier_consolidation_fwcompact_medium_001456,37,39,0.019362840801477432,14.253056526184082,14.233693685382605
D_R_43022,chck_80M,43022,R,actual_packet_source_repeat,1,packet:1:825:compact:frontier_consolidation_fwcompact_medium_040649,companion,compact:frontier_consolidation_fwcompact_medium_040649,67,69,0.002027957234531641,0.0025609098374843597,0.0005329526029527187
D_R_43022,chck_80M,43022,R,actual_packet_source_repeat,1,packet:1:826:compact:frontier_consolidation_fwcompact_medium_031315,companion,compact:frontier_consolidation_fwcompact_medium_031315,42,44,0.004189168103039265,5.1346435546875,5.130454386584461
D_R_43022,chck_80M,43022,R,actual_packet_source_repeat,1,packet:1:827:compact:frontier_consolidation_fwcompact_medium_040636,companion,compact:frontier_consolidation_fwcompact_medium_040636,44,46,0.0041937981732189655,10.333402633666992,10.329208835493773
D_R_43022,chck_80M,43022,R,actual_packet_source_repeat,1,packet:1:828:compact:frontier_consolidation_fwcompact_medium_017767,companion,compact:frontier_consolidation_fwcompact_medium_017767,41,43,0.0007884969236329198,2.5848605632781982,2.5840720663545653
D_R_43022,chck_80M,43022,R,actual_packet_source_repeat,1,packet:1:829:compact:frontier_consolidation_fwcompact_medium_008731,companion,compact:frontier_consolidation_fwcompact_medium_008731,69,71,0.004755022004246712,0.005829120520502329,0.0010740985162556171
D_R_43022,chck_80M,43022,R,actual_packet_source_repeat,1,packet:1:82:compact:frontier_consolidation_fwcompact_medium_034271,companion,compact:frontier_consolidation_fwcompact_medium_034271,43,45,0.003986983094364405,10.43934440612793,10.435357423033565
D_R_43022,chck_80M,43022,R,actual_packet_source_repeat,1,packet:1:830:compact:frontier_consolidation_fwcompact_medium_050034,companion,compact:frontier_consolidation_fwcompact_medium_050034,53,55,0.076405830681324,9.173309326171875,9.096903495490551
D_R_43022,chck_80M,43022,R,actual_packet_source_repeat,1,packet:1:831:compact:frontier_consolidation_fwcompact_medium_002943,companion,compact:frontier_consolidation_fwcompact_medium_002943,56,58,0.001567802974022925,1.4502431154251099,1.448675312451087
D_R_43022,chck_80M,43022,R,actual_packet_source_repeat,1,packet:1:832:compact:frontier_consolidation_fwcompact_medium_007150,companion,compact:frontier_consolidation_fwcompact_medium_007150,57,59,0.00037305548903532326,0.0003810394846368581,7.983995601534843e-06
D_R_43022,chck_80M,43022,R,actual_packet_source_repeat,1,packet:1:833:compact:frontier_consolidation_fwcompact_medium_053710,companion,compact:frontier_consolidation_fwcompact_medium_053710,24,26,0.011328186839818954,4.028665065765381,4.017336878925562
D_R_43022,chck_80M,43022,R,actual_packet_source_repeat,1,packet:1:834:compact:frontier_consolidation_fwcompact_medium_052003,companion,compact:frontier_consolidation_fwcompact_medium_052003,36,38,0.13641317188739777,12.242622375488281,12.106209203600883
D_R_43022,chck_80M,43022,R,actual_packet_source_repeat,1,packet:1:835:compact:frontier_consolidation_fwcompact_medium_036865,companion,compact:frontier_consolidation_fwcompact_medium_036865,44,46,0.002447825390845537,1.657556414604187,1.6551085892133415
D_R_43022,chck_80M,43022,R,actual_packet_source_repeat,1,packet:1:836:compact:frontier_consolidation_fwcompact_medium_054935,companion,compact:frontier_consolidation_fwcompact_medium_054935,47,49,0.0027633835561573505,5.645674228668213,5.6429108451120555
D_R_43022,chck_80M,43022,R,actual_packet_source_repeat,1,packet:1:837:compact:frontier_consolidation_fwcompact_medium_061333,companion,compact:frontier_consolidation_fwcompact_medium_061333,74,76,0.0003488647344056517,3.3850035667419434,3.3846547020075377
D_R_43022,chck_80M,43022,R,actual_packet_source_repeat,1,packet:1:838:compact:frontier_consolidation_fwcompact_medium_006871,companion,compact:frontier_consolidation_fwcompact_medium_006871,119,121,0.03583721071481705,17.226396560668945,17.19055934995413
D_R_43022,chck_80M,43022,R,actual_packet_source_repeat,1,packet:1:839:compact:frontier_consolidation_fwcompact_medium_054799,companion,compact:frontier_consolidation_fwcompact_medium_054799,51,53,0.008125226944684982,9.843925476074219,9.835800249129534
D_R_43022,chck_80M,43022,R,actual_packet_source_repeat,1,packet:1:83:compact:frontier_consolidation_fwcompact_medium_035656,companion,compact:frontier_consolidation_fwcompact_medium_035656,35,37,0.00740166287869215,3.46738862991333,3.459986967034638
D_R_43022,chck_80M,43022,R,actual_packet_source_repeat,1,packet:1:840:compact:frontier_consolidation_fwcompact_medium_014189,companion,compact:frontier_consolidation_fwcompact_medium_014189,45,47,0.00875905342400074,0.010662608779966831,0.0019035553559660912
D_R_43022,chck_80M,43022,R,actual_packet_source_repeat,1,packet:1:841:compact:frontier_consolidation_fwcompact_medium_010255,companion,compact:frontier_consolidation_fwcompact_medium_010255,49,51,0.0020149897318333387,6.3695220947265625,6.367507104994729
D_R_43022,chck_80M,43022,R,actual_packet_source_repeat,1,packet:1:842:compact:frontier_consolidation_fwcompact_medium_005652,companion,compact:frontier_consolidation_fwcompact_medium_005652,49,51,0.005360159557312727,4.521108150482178,4.515747990924865
D_R_43022,chck_80M,43022,R,actual_packet_source_repeat,1,packet:1:843:compact:frontier_consolidation_fwcompact_medium_046563,companion,compact:frontier_consolidation_fwcompact_medium_046563,47,49,0.006770290434360504,2.5391573905944824,2.532387100160122
D_R_43022,chck_80M,43022,R,actual_packet_source_repeat,1,packet:1:844:compact:frontier_consolidation_fwcompact_medium_015343,companion,compact:frontier_consolidation_fwcompact_medium_015343,48,50,0.004469405394047499,0.5064699649810791,0.5020005595870316
D_R_43022,chck_80M,43022,R,actual_packet_source_repeat,1,packet:1:845:compact:frontier_consolidation_fwcompact_medium_034531,companion,compact:frontier_consolidation_fwcompact_medium_034531,46,48,0.021798422560095787,7.612346172332764,7.590547749772668
D_R_43022,chck_80M,43022,R,actual_packet_source_repeat,1,packet:1:846:compact:frontier_consolidation_fwcompact_medium_046914,companion,compact:frontier_consolidation_fwcompact_medium_046914,75,77,0.007025065366178751,0.005117176100611687,-0.0019078892655670643
D_R_43022,chck_80M,43022,R,actual_packet_source_repeat,1,packet:1:847:compact:frontier_consolidation_fwcompact_medium_036367,companion,compact:frontier_consolidation_fwcompact_medium_036367,38,40,0.011855735443532467,11.24102783203125,11.229172096587718
D_R_43022,chck_80M,43022,R,actual_packet_source_repeat,1,packet:1:848:compact:frontier_consolidation_fwcompact_medium_014280,companion,compact:frontier_consolidation_fwcompact_medium_014280,35,37,0.0010756427654996514,8.021536827087402,8.020461184321903
D_R_43022,chck_80M,43022,R,actual_packet_source_repeat,1,packet:1:849:compact:frontier_consolidation_fwcompact_medium_056488,companion,compact:frontier_consolidation_fwcompact_medium_056488,56,58,0.03969774395227432,5.247372150421143,5.207674406468868
D_R_43022,chck_80M,43022,R,actual_packet_source_repeat,1,packet:1:84:compact:frontier_consolidation_fwcompact_medium_045587,companion,compact:frontier_consolidation_fwcompact_medium_045587,69,71,0.018745996057987213,13.853229522705078,13.834483526647091
D_R_43022,chck_80M,43022,R,actual_packet_source_repeat,1,packet:1:850:compact:frontier_consolidation_fwcompact_medium_029791,companion,compact:frontier_consolidation_fwcompact_medium_029791,27,29,0.0014206803170964122,7.5459794998168945,7.544558819499798
D_R_43022,chck_80M,43022,R,actual_packet_source_repeat,1,packet:1:851:compact:frontier_consolidation_fwcompact_medium_051933,companion,compact:frontier_consolidation_fwcompact_medium_051933,58,60,0.00058466981863603,0.3451126217842102,0.3445279519655742
D_R_43022,chck_80M,43022,R,actual_packet_source_repeat,1,packet:1:852:compact:frontier_consolidation_fwcompact_medium_047419,companion,compact:frontier_consolidation_fwcompact_medium_047419,35,37,0.006764725316315889,12.721123695373535,12.71435897005722
D_R_43022,chck_80M,43022,R,actual_packet_source_repeat,1,packet:1:853:compact:frontier_consolidation_fwcompact_medium_035537,companion,compact:frontier_consolidation_fwcompact_medium_035537,52,54,0.00767106469720602,12.520021438598633,12.512350373901427
D_R_43022,chck_80M,43022,R,actual_packet_source_repeat,1,packet:1:854:compact:frontier_consolidation_fwcompact_medium_019638,companion,compact:frontier_consolidation_fwcompact_medium_019638,77,79,0.7342735528945923,6.036853790283203,5.302580237388611
D_R_43022,chck_80M,43022,R,actual_packet_source_repeat,1,packet:1:855:compact:frontier_consolidation_fwcompact_medium_029230,companion,compact:frontier_consolidation_fwcompact_medium_029230,53,55,0.010913209989666939,21.238115310668945,21.22720210067928
D_R_43022,chck_80M,43022,R,actual_packet_source_repeat,1,packet:1:856:compact:frontier_consolidation_fwcompact_medium_010502,companion,compact:frontier_consolidation_fwcompact_medium_010502,46,48,0.005566809326410294,13.050776481628418,13.045209672302008
D_R_43022,chck_80M,43022,R,actual_packet_source_repeat,1,packet:1:857:compact:frontier_consolidation_fwcompact_medium_052129,companion,compact:frontier_consolidation_fwcompact_medium_052129,23,25,0.006386703345924616,1.6416975259780884,1.6353108226321638
D_R_43022,chck_80M,43022,R,actual_packet_source_repeat,1,packet:1:858:compact:frontier_consolidation_fwcompact_medium_009039,companion,compact:frontier_consolidation_fwcompact_medium_009039,44,46,0.0003979606262873858,0.3673225939273834,0.36692463330109604
D_R_43022,chck_80M,43022,R,actual_packet_source_repeat,1,packet:1:859:compact:frontier_consolidation_fwcompact_medium_043116,companion,compact:frontier_consolidation_fwcompact_medium_043116,58,60,0.00031931069679558277,0.12593363225460052,0.12561432155780494
D_R_43022,chck_80M,43022,R,actual_packet_source_repeat,1,packet:1:85:compact:frontier_consolidation_fwcompact_medium_008385,companion,compact:frontier_consolidation_fwcompact_medium_008385,73,75,0.006632457487285137,7.131269454956055,7.1246369974687696
D_R_43022,chck_80M,43022,R,actual_packet_source_repeat,1,packet:1:860:compact:frontier_consolidation_fwcompact_medium_020640,companion,compact:frontier_consolidation_fwcompact_medium_020640,61,63,0.01620572805404663,11.271219253540039,11.255013525485992
D_R_43022,chck_80M,43022,R,actual_packet_source_repeat,1,packet:1:861:compact:frontier_consolidation_fwcompact_medium_053569,companion,compact:frontier_consolidation_fwcompact_medium_053569,55,57,0.027166984975337982,8.04140853881836,8.014241553843021
D_R_43022,chck_80M,43022,R,actual_packet_source_repeat,1,packet:1:862:compact:frontier_consolidation_fwcompact_medium_003516,companion,compact:frontier_consolidation_fwcompact_medium_003516,56,58,0.01599223166704178,12.537859916687012,12.52186768501997
D_R_43022,chck_80M,43022,R,actual_packet_source_repeat,1,packet:1:863:compact:frontier_consolidation_fwcompact_medium_007279,companion,compact:frontier_consolidation_fwcompact_medium_007279,23,25,0.0010202685371041298,0.1158432886004448,0.11482302006334066
D_R_43022,chck_80M,43022,R,actual_packet_source_repeat,1,packet:1:864:compact:frontier_consolidation_fwcompact_medium_023737,companion,compact:frontier_consolidation_fwcompact_medium_023737,39,41,0.3139602541923523,12.100252151489258,11.786291897296906
D_R_43022,chck_80M,43022,R,actual_packet_source_repeat,1,packet:1:865:compact:frontier_consolidation_fwcompact_medium_042828,companion,compact:frontier_consolidation_fwcompact_medium_042828,24,26,0.06273943185806274,7.693114757537842,7.630375325679779
D_R_43022,chck_80M,43022,R,actual_packet_source_repeat,1,packet:1:866:compact:frontier_consolidation_fwcompact_medium_003723,companion,compact:frontier_consolidation_fwcompact_medium_003723,41,43,0.0019556223414838314,0.5394428372383118,0.5374872148968279
D_R_43022,chck_80M,43022,R,actual_packet_source_repeat,1,packet:1:867:compact:frontier_consolidation_fwcompact_medium_028965,companion,compact:frontier_consolidation_fwcompact_medium_028965,37,39,0.011983545497059822,14.08068561553955,14.068702070042491
D_R_43022,chck_80M,43022,R,actual_packet_source_repeat,1,packet:1:868:compact:frontier_consolidation_fwcompact_medium_013175,companion,compact:frontier_consolidation_fwcompact_medium_013175,105,107,0.0035169196780771017,3.195889711380005,3.192372791701928
D_R_43022,chck_80M,43022,R,actual_packet_source_repeat,1,packet:1:869:compact:frontier_consolidation_fwcompact_medium_003622,companion,compact:frontier_consolidation_fwcompact_medium_003622,48,50,0.012495208531618118,2.474484920501709,2.461989711970091
D_R_43022,chck_80M,43022,R,actual_packet_source_repeat,1,packet:1:86:compact:frontier_consolidation_fwcompact_medium_002949,companion,compact:frontier_consolidation_fwcompact_medium_002949,72,74,0.0016783688915893435,6.374000549316406,6.372322180424817
D_R_43022,chck_80M,43022,R,actual_packet_source_repeat,1,packet:1:870:compact:frontier_consolidation_fwcompact_medium_008144,companion,compact:frontier_consolidation_fwcompact_medium_008144,55,57,0.041655197739601135,7.679020404815674,7.637365207076073
D_R_43022,chck_80M,43022,R,actual_packet_source_repeat,1,packet:1:871:compact:frontier_consolidation_fwcompact_medium_045525,companion,compact:frontier_consolidation_fwcompact_medium_045525,41,43,0.001443654764443636,5.960460186004639,5.959016531240195
D_R_43022,chck_80M,43022,R,actual_packet_source_repeat,1,packet:1:872:compact:frontier_consolidation_fwcompact_medium_042087,companion,compact:frontier_consolidation_fwcompact_medium_042087,53,55,0.00024291902082040906,0.006237207446247339,0.00599428842542693
D_R_43022,chck_80M,43022,R,actual_packet_source_repeat,1,packet:1:873:compact:frontier_consolidation_fwcompact_medium_017315,companion,compact:frontier_consolidation_fwcompact_medium_017315,53,55,0.016468195244669914,4.764564514160156,4.748096318915486
D_R_43022,chck_80M,43022,R,actual_packet_source_repeat,1,packet:1:874:compact:frontier_consolidation_fwcompact_medium_025254,companion,compact:frontier_consolidation_fwcompact_medium_025254,34,36,0.02093375474214554,6.962835788726807,6.941902033984661
D_R_43022,chck_80M,43022,R,actual_packet_source_repeat,1,packet:1:875:compact:frontier_consolidation_fwcompact_medium_043401,companion,compact:frontier_consolidation_fwcompact_medium_043401,45,47,0.0030342750251293182,1.766523838043213,1.7634895630180836
D_R_43022,chck_80M,43022,R,actual_packet_source_repeat,1,packet:1:876:compact:frontier_consolidation_fwcompact_medium_027891,companion,compact:frontier_consolidation_fwcompact_medium_027891,49,51,0.006025956943631172,3.360597848892212,3.3545718919485807
D_R_43022,chck_80M,43022,R,actual_packet_source_repeat,1,packet:1:877:compact:frontier_consolidation_fwcompact_medium_036308,companion,compact:frontier_consolidation_fwcompact_medium_036308,87,89,0.015150941908359528,15.298584938049316,15.283433996140957
D_R_43022,chck_80M,43022,R,actual_packet_source_repeat,1,packet:1:878:compact:frontier_consolidation_fwcompact_medium_005533,companion,compact:frontier_consolidation_fwcompact_medium_005533,56,58,0.011908275075256824,0.010491220280528069,-0.001417054794728756
D_R_43022,chck_80M,43022,R,actual_packet_source_repeat,1,packet:1:879:compact:frontier_consolidation_fwcompact_medium_043284,companion,compact:frontier_consolidation_fwcompact_medium_043284,49,51,0.13037122786045074,10.196529388427734,10.066158160567284
D_R_43022,chck_80M,43022,R,actual_packet_source_repeat,1,packet:1:87:compact:frontier_consolidation_fwcompact_medium_033314,companion,compact:frontier_consolidation_fwcompact_medium_033314,25,27,0.038533955812454224,3.047110080718994,3.00857612490654
D_R_43022,chck_80M,43022,R,actual_packet_source_repeat,1,packet:1:880:compact:frontier_consolidation_fwcompact_medium_007450,companion,compact:frontier_consolidation_fwcompact_medium_007450,33,35,0.0036262013018131256,12.335370063781738,12.331743862479925
D_R_43022,chck_80M,43022,R,actual_packet_source_repeat,1,packet:1:881:compact:frontier_consolidation_fwcompact_medium_020891,companion,compact:frontier_consolidation_fwcompact_medium_020891,40,42,0.02127387747168541,10.255386352539062,10.234112475067377
D_R_43022,chck_80M,43022,R,actual_packet_source_repeat,1,packet:1:882:compact:frontier_consolidation_fwcompact_medium_040977,companion,compact:frontier_consolidation_fwcompact_medium_040977,53,55,0.01096084713935852,0.012213090434670448,0.0012522432953119278
D_R_43022,chck_80M,43022,R,actual_packet_source_repeat,1,packet:1:883:compact:frontier_consolidation_fwcompact_medium_005910,companion,compact:frontier_consolidation_fwcompact_medium_005910,37,39,0.004458962008357048,13.325325012207031,13.320866050198674
D_R_43022,chck_80M,43022,R,actual_packet_source_repeat,1,packet:1:884:compact:frontier_consolidation_fwcompact_medium_000002,companion,compact:frontier_consolidation_fwcompact_medium_000002,29,31,0.006947763729840517,6.907009124755859,6.900061361026019
D_R_43022,chck_80M,43022,R,actual_packet_source_repeat,1,packet:1:885:compact:frontier_consolidation_fwcompact_medium_030412,companion,compact:frontier_consolidation_fwcompact_medium_030412,58,60,0.03577475622296333,3.549708843231201,3.513934087008238
D_R_43022,chck_80M,43022,R,actual_packet_source_repeat,1,packet:1:886:compact:frontier_consolidation_fwcompact_medium_053258,companion,compact:frontier_consolidation_fwcompact_medium_053258,35,37,2.212595224380493,3.6338558197021484,1.4212605953216553
D_R_43022,chck_80M,43022,R,actual_packet_source_repeat,1,packet:1:887:compact:frontier_consolidation_fwcompact_medium_033751,companion,compact:frontier_consolidation_fwcompact_medium_033751,68,70,0.1139589175581932,13.291107177734375,13.177148260176182
D_R_43022,chck_80M,43022,R,actual_packet_source_repeat,1,packet:1:888:compact:frontier_consolidation_fwcompact_medium_022627,companion,compact:frontier_consolidation_fwcompact_medium_022627,41,43,0.04433267191052437,14.015365600585938,13.971032928675413
D_R_43022,chck_80M,43022,R,actual_packet_source_repeat,1,packet:1:889:compact:frontier_consolidation_fwcompact_medium_020753,companion,compact:frontier_consolidation_fwcompact_medium_020753,49,51,0.0028531341813504696,0.002936696168035269,8.35619866847992e-05
D_R_43022,chck_80M,43022,R,actual_packet_source_repeat,1,packet:1:88:compact:frontier_consolidation_fwcompact_medium_024187,companion,compact:frontier_consolidation_fwcompact_medium_024187,27,29,0.001761909923516214,2.8040168285369873,2.802254918613471
D_R_43022,chck_80M,43022,R,actual_packet_source_repeat,1,packet:1:890:compact:frontier_consolidation_fwcompact_medium_036165,companion,compact:frontier_consolidation_fwcompact_medium_036165,52,54,0.005386600736528635,0.7657149434089661,0.7603283426724374
D_R_43022,chck_80M,43022,R,actual_packet_source_repeat,1,packet:1:891:compact:frontier_consolidation_fwcompact_medium_011908,companion,compact:frontier_consolidation_fwcompact_medium_011908,55,57,0.000277123210253194,0.00029702542815357447,1.9902217900380492e-05
D_R_43022,chck_80M,43022,R,actual_packet_source_repeat,1,packet:1:892:compact:frontier_consolidation_fwcompact_medium_041913,companion,compact:frontier_consolidation_fwcompact_medium_041913,59,61,0.02257481962442398,5.805919647216797,5.783344827592373
D_R_43022,chck_80M,43022,R,actual_packet_source_repeat,1,packet:1:893:compact:frontier_consolidation_fwcompact_medium_044694,companion,compact:frontier_consolidation_fwcompact_medium_044694,29,31,0.022435417398810387,3.108794927597046,3.0863595101982355
D_R_43022,chck_80M,43022,R,actual_packet_source_repeat,1,packet:1:894:compact:frontier_consolidation_fwcompact_medium_021114,companion,compact:frontier_consolidation_fwcompact_medium_021114,53,55,0.0009043894242495298,1.1401392221450806,1.139234832720831
D_R_43022,chck_80M,43022,R,actual_packet_source_repeat,1,packet:1:895:compact:frontier_consolidation_fwcompact_medium_007467,companion,compact:frontier_consolidation_fwcompact_medium_007467,54,56,0.008819200098514557,11.423606872558594,11.41478767246008
D_R_43022,chck_80M,43022,R,actual_packet_source_repeat,1,packet:1:896:compact:frontier_consolidation_fwcompact_medium_039269,companion,compact:frontier_consolidation_fwcompact_medium_039269,61,63,0.0051302220672369,16.072959899902344,16.067829677835107
D_R_43022,chck_80M,43022,R,actual_packet_source_repeat,1,packet:1:897:compact:frontier_consolidation_fwcompact_medium_047772,companion,compact:frontier_consolidation_fwcompact_medium_047772,26,28,0.0207526758313179,1.2693694829940796,1.2486168071627617
D_R_43022,chck_80M,43022,R,actual_packet_source_repeat,1,packet:1:898:compact:frontier_consolidation_fwcompact_medium_022565,companion,compact:frontier_consolidation_fwcompact_medium_022565,44,46,0.003941387869417667,7.619147300720215,7.615205912850797
D_R_43022,chck_80M,43022,R,actual_packet_source_repeat,1,packet:1:899:compact:frontier_consolidation_fwcompact_medium_060639,companion,compact:frontier_consolidation_fwcompact_medium_060639,63,65,0.0025923000648617744,0.002954049501568079,0.00036174943670630455
D_R_43022,chck_80M,43022,R,actual_packet_source_repeat,1,packet:1:89:compact:frontier_consolidation_fwcompact_medium_025585,companion,compact:frontier_consolidation_fwcompact_medium_025585,57,59,0.005599171854555607,10.609209060668945,10.60360988881439
D_R_43022,chck_80M,43022,R,actual_packet_source_repeat,1,packet:1:8:compact:frontier_consolidation_fwcompact_medium_037105,companion,compact:frontier_consolidation_fwcompact_medium_037105,73,75,0.00838769506663084,14.693479537963867,14.685091842897236
D_R_43022,chck_80M,43022,R,actual_packet_source_repeat,1,packet:1:90:compact:frontier_consolidation_fwcompact_medium_011976,companion,compact:frontier_consolidation_fwcompact_medium_011976,48,50,0.0038174153305590153,0.004168749786913395,0.00035133445635437965
D_R_43022,chck_80M,43022,R,actual_packet_source_repeat,1,packet:1:91:compact:frontier_consolidation_fwcompact_medium_055969,companion,compact:frontier_consolidation_fwcompact_medium_055969,23,25,0.00039867559098638594,0.29417702555656433,0.29377834996557795
D_R_43022,chck_80M,43022,R,actual_packet_source_repeat,1,packet:1:92:compact:frontier_consolidation_fwcompact_medium_034145,companion,compact:frontier_consolidation_fwcompact_medium_034145,94,96,0.004750987980514765,6.110390663146973,6.105639675166458
D_R_43022,chck_80M,43022,R,actual_packet_source_repeat,1,packet:1:93:compact:frontier_consolidation_fwcompact_medium_030137,companion,compact:frontier_consolidation_fwcompact_medium_030137,53,55,0.02353215590119362,3.760627031326294,3.7370948754251003
D_R_43022,chck_80M,43022,R,actual_packet_source_repeat,1,packet:1:94:compact:frontier_consolidation_fwcompact_medium_052885,companion,compact:frontier_consolidation_fwcompact_medium_052885,76,78,0.0012648447882384062,0.0012492479290813208,-1.559685915708542e-05
D_R_43022,chck_80M,43022,R,actual_packet_source_repeat,1,packet:1:95:compact:frontier_consolidation_fwcompact_medium_058066,companion,compact:frontier_consolidation_fwcompact_medium_058066,63,65,0.093827985227108,5.595606803894043,5.501778818666935
D_R_43022,chck_80M,43022,R,actual_packet_source_repeat,1,packet:1:96:compact:frontier_consolidation_fwcompact_medium_027963,companion,compact:frontier_consolidation_fwcompact_medium_027963,36,38,0.021055158227682114,7.128291130065918,7.107235971838236
D_R_43022,chck_80M,43022,R,actual_packet_source_repeat,1,packet:1:97:compact:frontier_consolidation_fwcompact_medium_003638,companion,compact:frontier_consolidation_fwcompact_medium_003638,66,68,0.005745444446802139,2.365595579147339,2.3598501347005367
D_R_43022,chck_80M,43022,R,actual_packet_source_repeat,1,packet:1:98:compact:frontier_consolidation_fwcompact_medium_052648,companion,compact:frontier_consolidation_fwcompact_medium_052648,48,50,0.006514739710837603,0.008413820527493954,0.001899080816656351
D_R_43022,chck_80M,43022,R,actual_packet_source_repeat,1,packet:1:99:compact:frontier_consolidation_fwcompact_medium_033527,companion,compact:frontier_consolidation_fwcompact_medium_033527,27,29,0.004665916319936514,11.135848999023438,11.131183082703501
D_R_43022,chck_80M,43022,R,actual_packet_source_repeat,1,packet:1:9:compact:frontier_consolidation_fwcompact_medium_012608,companion,compact:frontier_consolidation_fwcompact_medium_012608,38,40,0.01644486002624035,13.384549140930176,13.368104280903935
D_R_43022,chck_80M,43022,R,actual_packet_source_repeat,4,packet:4:0:compact:frontier_consolidation_fwcompact_medium_046028,companion,compact:frontier_consolidation_fwcompact_medium_046028,50,52,0.009826737456023693,10.3333740234375,10.323547285981476
D_R_43022,chck_80M,43022,R,actual_packet_source_repeat,4,packet:4:100:compact:frontier_consolidation_fwcompact_medium_049418,companion,compact:frontier_consolidation_fwcompact_medium_049418,51,53,0.03761659935116768,9.341252326965332,9.303635727614164
D_R_43022,chck_80M,43022,R,actual_packet_source_repeat,4,packet:4:101:compact:frontier_consolidation_fwcompact_medium_051883,companion,compact:frontier_consolidation_fwcompact_medium_051883,35,37,0.010678884573280811,1.217826247215271,1.2071473626419902
D_R_43022,chck_80M,43022,R,actual_packet_source_repeat,4,packet:4:102:compact:frontier_consolidation_fwcompact_medium_060888,companion,compact:frontier_consolidation_fwcompact_medium_060888,67,69,0.0006528153317049146,0.8167972564697266,0.8161444411380216
D_R_43022,chck_80M,43022,R,actual_packet_source_repeat,4,packet:4:103:compact:frontier_consolidation_fwcompact_medium_045018,companion,compact:frontier_consolidation_fwcompact_medium_045018,21,23,0.00780863594263792,0.005622880533337593,-0.0021857554093003273
D_R_43022,chck_80M,43022,R,actual_packet_source_repeat,4,packet:4:104:compact:frontier_consolidation_fwcompact_medium_031002,companion,compact:frontier_consolidation_fwcompact_medium_031002,75,77,0.017312008887529373,7.519150733947754,7.5018387250602245
D_R_43022,chck_80M,43022,R,actual_packet_source_repeat,4,packet:4:105:compact:frontier_consolidation_fwcompact_medium_060933,companion,compact:frontier_consolidation_fwcompact_medium_060933,42,44,0.003270873799920082,4.280815124511719,4.277544250711799
D_R_43022,chck_80M,43022,R,actual_packet_source_repeat,4,packet:4:106:compact:frontier_consolidation_fwcompact_medium_025322,companion,compact:frontier_consolidation_fwcompact_medium_025322,47,49,0.020892662927508354,8.825551986694336,8.804659323766828
D_R_43022,chck_80M,43022,R,actual_packet_source_repeat,4,packet:4:107:compact:frontier_consolidation_fwcompact_medium_035847,companion,compact:frontier_consolidation_fwcompact_medium_035847,35,37,0.019079260528087616,6.637065410614014,6.617986150085926
D_R_43022,chck_80M,43022,R,actual_packet_source_repeat,4,packet:4:108:compact:frontier_consolidation_fwcompact_medium_016311,companion,compact:frontier_consolidation_fwcompact_medium_016311,53,55,0.012777247466146946,12.92038631439209,12.907609066925943
D_R_43022,chck_80M,43022,R,actual_packet_source_repeat,4,packet:4:109:compact:frontier_consolidation_fwcompact_medium_058939,companion,compact:frontier_consolidation_fwcompact_medium_058939,54,56,0.019074231386184692,1.1576727628707886,1.1385985314846039
D_R_43022,chck_80M,43022,R,actual_packet_source_repeat,4,packet:4:10:compact:frontier_consolidation_fwcompact_medium_013869,companion,compact:frontier_consolidation_fwcompact_medium_013869,68,70,0.04294018819928169,6.749316215515137,6.706376027315855
D_R_43022,chck_80M,43022,R,actual_packet_source_repeat,4,packet:4:110:compact:frontier_consolidation_fwcompact_medium_027707,companion,compact:frontier_consolidation_fwcompact_medium_027707,60,62,0.004567665979266167,17.92884635925293,17.924278693273664
D_R_43022,chck_80M,43022,R,actual_packet_source_repeat,4,packet:4:111:compact:frontier_consolidation_fwcompact_medium_004675,companion,compact:frontier_consolidation_fwcompact_medium_004675,58,60,0.01357772946357727,9.713568687438965,9.699990957975388
D_R_43022,chck_80M,43022,R,actual_packet_source_repeat,4,packet:4:112:compact:frontier_consolidation_fwcompact_medium_055294,companion,compact:frontier_consolidation_fwcompact_medium_055294,41,43,0.11018867045640945,8.204113006591797,8.093924336135387
D_R_43022,chck_80M,43022,R,actual_packet_source_repeat,4,packet:4:113:compact:frontier_consolidation_fwcompact_medium_027242,companion,compact:frontier_consolidation_fwcompact_medium_027242,33,35,0.030769115313887596,6.88807487487793,6.857305759564042
D_R_43022,chck_80M,43022,R,actual_packet_source_repeat,4,packet:4:114:compact:frontier_consolidation_fwcompact_medium_020105,companion,compact:frontier_consolidation_fwcompact_medium_020105,89,91,0.0031125929672271013,7.837446212768555,7.834333619801328
D_R_43022,chck_80M,43022,R,actual_packet_source_repeat,4,packet:4:115:compact:frontier_consolidation_fwcompact_medium_001076,companion,compact:frontier_consolidation_fwcompact_medium_001076,35,37,0.021711640059947968,4.9051594734191895,4.8834478333592415
D_R_43022,chck_80M,43022,R,actual_packet_source_repeat,4,packet:4:116:compact:frontier_consolidation_fwcompact_medium_035657,companion,compact:frontier_consolidation_fwcompact_medium_035657,46,48,0.0683007761836052,12.291301727294922,12.223000951111317
D_R_43022,chck_80M,43022,R,actual_packet_source_repeat,4,packet:4:117:compact:frontier_consolidation_fwcompact_medium_056096,companion,compact:frontier_consolidation_fwcompact_medium_056096,64,66,0.0029125672299414873,2.5551505088806152,2.5522379416506737
D_R_43022,chck_80M,43022,R,actual_packet_source_repeat,4,packet:4:118:compact:frontier_consolidation_fwcompact_medium_022332,companion,compact:frontier_consolidation_fwcompact_medium_022332,54,56,0.0053798421286046505,4.352864742279053,4.347484900150448
D_R_43022,chck_80M,43022,R,actual_packet_source_repeat,4,packet:4:119:compact:frontier_consolidation_fwcompact_medium_018067,companion,compact:frontier_consolidation_fwcompact_medium_018067,31,33,0.03213430941104889,5.423557281494141,5.391422972083092
D_R_43022,chck_80M,43022,R,actual_packet_source_repeat,4,packet:4:11:compact:frontier_consolidation_fwcompact_medium_035424,companion,compact:frontier_consolidation_fwcompact_medium_035424,48,50,0.01719987764954567,12.512226104736328,12.495026227086782
D_R_43022,chck_80M,43022,R,actual_packet_source_repeat,4,packet:4:120:compact:frontier_consolidation_fwcompact_medium_038221,companion,compact:frontier_consolidation_fwcompact_medium_038221,23,25,0.002945016138255596,6.33375883102417,6.330813814885914
D_R_43022,chck_80M,43022,R,actual_packet_source_repeat,4,packet:4:121:compact:frontier_consolidation_fwcompact_medium_006849,companion,compact:frontier_consolidation_fwcompact_medium_006849,65,67,0.010161571204662323,9.120260238647461,9.110098667442799
D_R_43022,chck_80M,43022,R,actual_packet_source_repeat,4,packet:4:122:compact:frontier_consolidation_fwcompact_medium_029769,companion,compact:frontier_consolidation_fwcompact_medium_029769,40,42,0.0040489607490599155,11.905204772949219,11.901155812200159
D_R_43022,chck_80M,43022,R,actual_packet_source_repeat,4,packet:4:123:compact:frontier_consolidation_fwcompact_medium_038187,companion,compact:frontier_consolidation_fwcompact_medium_038187,21,23,0.00048423008411191404,0.92029869556427,0.9198144654801581
D_R_43022,chck_80M,43022,R,actual_packet_source_repeat,4,packet:4:124:compact:frontier_consolidation_fwcompact_medium_009755,companion,compact:frontier_consolidation_fwcompact_medium_009755,73,75,0.0003816353273577988,0.6728844046592712,0.6725027693319134
D_R_43022,chck_80M,43022,R,actual_packet_source_repeat,4,packet:4:125:compact:frontier_consolidation_fwcompact_medium_000182,companion,compact:frontier_consolidation_fwcompact_medium_000182,42,44,0.004229529295116663,11.896719932556152,11.892490403261036
D_R_43022,chck_80M,43022,R,actual_packet_source_repeat,4,packet:4:126:compact:frontier_consolidation_fwcompact_medium_054982,companion,compact:frontier_consolidation_fwcompact_medium_054982,63,65,0.00035589560866355896,3.942502498626709,3.9421466030180454
D_R_43022,chck_80M,43022,R,actual_packet_source_repeat,4,packet:4:127:compact:frontier_consolidation_fwcompact_medium_025376,companion,compact:frontier_consolidation_fwcompact_medium_025376,57,59,0.0017777367029339075,4.546366214752197,4.544588478049263
D_R_43022,chck_80M,43022,R,actual_packet_source_repeat,4,packet:4:128:compact:frontier_consolidation_fwcompact_medium_000312,companion,compact:frontier_consolidation_fwcompact_medium_000312,57,59,0.010330420918762684,13.629267692565918,13.618937271647155
D_R_43022,chck_80M,43022,R,actual_packet_source_repeat,4,packet:4:129:compact:frontier_consolidation_fwcompact_medium_021431,companion,compact:frontier_consolidation_fwcompact_medium_021431,38,40,0.009456601925194263,13.883485794067383,13.874029192142189
D_R_43022,chck_80M,43022,R,actual_packet_source_repeat,4,packet:4:12:compact:frontier_consolidation_fwcompact_medium_009947,companion,compact:frontier_consolidation_fwcompact_medium_009947,18,20,0.005474456585943699,1.4689738750457764,1.4634994184598327
D_R_43022,chck_80M,43022,R,actual_packet_source_repeat,4,packet:4:130:compact:frontier_consolidation_fwcompact_medium_038498,companion,compact:frontier_consolidation_fwcompact_medium_038498,78,80,0.023373905569314957,6.025546073913574,6.002172168344259
D_R_43022,chck_80M,43022,R,actual_packet_source_repeat,4,packet:4:131:compact:frontier_consolidation_fwcompact_medium_023849,companion,compact:frontier_consolidation_fwcompact_medium_023849,21,23,0.05439775437116623,8.997712135314941,8.943314380943775
D_R_43022,chck_80M,43022,R,actual_packet_source_repeat,4,packet:4:132:compact:frontier_consolidation_fwcompact_medium_050523,companion,compact:frontier_consolidation_fwcompact_medium_050523,69,71,0.12797917425632477,4.894087314605713,4.766108140349388
D_R_43022,chck_80M,43022,R,actual_packet_source_repeat,4,packet:4:133:compact:frontier_consolidation_fwcompact_medium_007897,companion,compact:frontier_consolidation_fwcompact_medium_007897,35,37,0.006185317412018776,3.5658397674560547,3.559654450044036
D_R_43022,chck_80M,43022,R,actual_packet_source_repeat,4,packet:4:134:compact:frontier_consolidation_fwcompact_medium_032573,companion,compact:frontier_consolidation_fwcompact_medium_032573,40,42,0.00944491196423769,5.163204193115234,5.153759281150997
D_R_43022,chck_80M,43022,R,actual_packet_source_repeat,4,packet:4:135:compact:frontier_consolidation_fwcompact_medium_017134,companion,compact:frontier_consolidation_fwcompact_medium_017134,46,48,0.000530936405993998,1.1319851875305176,1.1314542511245236
D_R_43022,chck_80M,43022,R,actual_packet_source_repeat,4,packet:4:136:compact:frontier_consolidation_fwcompact_medium_010434,companion,compact:frontier_consolidation_fwcompact_medium_010434,64,66,0.012819617055356503,9.089911460876465,9.077091843821108
D_R_43022,chck_80M,43022,R,actual_packet_source_repeat,4,packet:4:137:compact:frontier_consolidation_fwcompact_medium_016722,companion,compact:frontier_consolidation_fwcompact_medium_016722,48,50,0.1250983327627182,6.0804595947265625,5.955361261963844
D_R_43022,chck_80M,43022,R,actual_packet_source_repeat,4,packet:4:138:compact:frontier_consolidation_fwcompact_medium_036756,companion,compact:frontier_consolidation_fwcompact_medium_036756,48,50,0.0031635735649615526,2.4398365020751953,2.4366729285102338
D_R_43022,chck_80M,43022,R,actual_packet_source_repeat,4,packet:4:139:compact:frontier_consolidation_fwcompact_medium_002054,companion,compact:frontier_consolidation_fwcompact_medium_002054,42,44,0.0001991788885788992,0.11985629051923752,0.11965711163065862
D_R_43022,chck_80M,43022,R,actual_packet_source_repeat,4,packet:4:13:compact:frontier_consolidation_fwcompact_medium_014872,companion,compact:frontier_consolidation_fwcompact_medium_014872,68,70,0.00317450612783432,14.550765037536621,14.547590531408787
D_R_43022,chck_80M,43022,R,actual_packet_source_repeat,4,packet:4:140:compact:frontier_consolidation_fwcompact_medium_024386,companion,compact:frontier_consolidation_fwcompact_medium_024386,23,25,0.04149772971868515,3.580829381942749,3.539331652224064
D_R_43022,chck_80M,43022,R,actual_packet_source_repeat,4,packet:4:141:compact:frontier_consolidation_fwcompact_medium_017942,companion,compact:frontier_consolidation_fwcompact_medium_017942,51,53,0.02672545239329338,0.9848371744155884,0.958111722022295
D_R_43022,chck_80M,43022,R,actual_packet_source_repeat,4,packet:4:142:compact:frontier_consolidation_fwcompact_medium_048213,companion,compact:frontier_consolidation_fwcompact_medium_048213,60,62,0.02886631153523922,7.544280052185059,7.515413740649819
D_R_43022,chck_80M,43022,R,actual_packet_source_repeat,4,packet:4:143:compact:frontier_consolidation_fwcompact_medium_039594,companion,compact:frontier_consolidation_fwcompact_medium_039594,62,64,0.01476162951439619,5.4540181159973145,5.439256486482918
D_R_43022,chck_80M,43022,R,actual_packet_source_repeat,4,packet:4:144:compact:frontier_consolidation_fwcompact_medium_044271,companion,compact:frontier_consolidation_fwcompact_medium_044271,57,59,0.03341590613126755,8.038936614990234,8.005520708858967
D_R_43022,chck_80M,43022,R,actual_packet_source_repeat,4,packet:4:145:compact:frontier_consolidation_fwcompact_medium_016356,companion,compact:frontier_consolidation_fwcompact_medium_016356,40,42,0.004569683223962784,13.945123672485352,13.940553989261389
D_R_43022,chck_80M,43022,R,actual_packet_source_repeat,4,packet:4:146:compact:frontier_consolidation_fwcompact_medium_013596,companion,compact:frontier_consolidation_fwcompact_medium_013596,39,41,0.0020258158911019564,6.369208335876465,6.367182519985363
D_R_43022,chck_80M,43022,R,actual_packet_source_repeat,4,packet:4:147:compact:frontier_consolidation_fwcompact_medium_030642,companion,compact:frontier_consolidation_fwcompact_medium_030642,49,51,0.04223784804344177,3.0419065952301025,2.9996687471866608
D_R_43022,chck_80M,43022,R,actual_packet_source_repeat,4,packet:4:148:compact:frontier_consolidation_fwcompact_medium_013929,companion,compact:frontier_consolidation_fwcompact_medium_013929,69,71,0.012065052054822445,13.900390625,13.888325572945178
D_R_43022,chck_80M,43022,R,actual_packet_source_repeat,4,packet:4:149:compact:frontier_consolidation_fwcompact_medium_015468,companion,compact:frontier_consolidation_fwcompact_medium_015468,50,52,0.011023101396858692,11.612237930297852,11.601214828900993
D_R_43022,chck_80M,43022,R,actual_packet_source_repeat,4,packet:4:14:compact:frontier_consolidation_fwcompact_medium_004256,companion,compact:frontier_consolidation_fwcompact_medium_004256,34,36,0.011373563669621944,8.408478736877441,8.39710517320782
D_R_43022,chck_80M,43022,R,actual_packet_source_repeat,4,packet:4:150:compact:frontier_consolidation_fwcompact_medium_001103,companion,compact:frontier_consolidation_fwcompact_medium_001103,48,50,0.0032165716402232647,0.28630688786506653,0.28309031622484326
D_R_43022,chck_80M,43022,R,actual_packet_source_repeat,4,packet:4:151:compact:frontier_consolidation_fwcompact_medium_028882,companion,compact:frontier_consolidation_fwcompact_medium_028882,52,54,0.002474462613463402,0.7072790265083313,0.7048045638948679
D_R_43022,chck_80M,43022,R,actual_packet_source_repeat,4,packet:4:152:compact:frontier_consolidation_fwcompact_medium_018417,companion,compact:frontier_consolidation_fwcompact_medium_018417,60,62,0.0018204560037702322,0.45229655504226685,0.4504760990384966
D_R_43022,chck_80M,43022,R,actual_packet_source_repeat,4,packet:4:153:compact:frontier_consolidation_fwcompact_medium_043467,companion,compact:frontier_consolidation_fwcompact_medium_043467,36,38,0.0065964567475020885,2.9056925773620605,2.8990961206145585
D_R_43022,chck_80M,43022,R,actual_packet_source_repeat,4,packet:4:154:compact:frontier_consolidation_fwcompact_medium_013729,companion,compact:frontier_consolidation_fwcompact_medium_013729,54,56,0.00223708082921803,10.665177345275879,10.66294026444666
D_R_43022,chck_80M,43022,R,actual_packet_source_repeat,4,packet:4:155:compact:frontier_consolidation_fwcompact_medium_025676,companion,compact:frontier_consolidation_fwcompact_medium_025676,96,98,0.01475223246961832,7.627885818481445,7.613133586011827
D_R_43022,chck_80M,43022,R,actual_packet_source_repeat,4,packet:4:156:compact:frontier_consolidation_fwcompact_medium_055496,companion,compact:frontier_consolidation_fwcompact_medium_055496,55,57,0.014627126045525074,12.277300834655762,12.262673708610237
D_R_43022,chck_80M,43022,R,actual_packet_source_repeat,4,packet:4:157:compact:frontier_consolidation_fwcompact_medium_036974,companion,compact:frontier_consolidation_fwcompact_medium_036974,77,79,0.0006313714548014104,4.814825057983398,4.814193686528597
D_R_43022,chck_80M,43022,R,actual_packet_source_repeat,4,packet:4:158:compact:frontier_consolidation_fwcompact_medium_020396,companion,compact:frontier_consolidation_fwcompact_medium_020396,97,99,0.013321795500814915,6.933161735534668,6.919839940033853
D_R_43022,chck_80M,43022,R,actual_packet_source_repeat,4,packet:4:159:compact:frontier_consolidation_fwcompact_medium_000577,companion,compact:frontier_consolidation_fwcompact_medium_000577,39,41,0.029359107837080956,10.481718063354492,10.452358955517411
D_R_43022,chck_80M,43022,R,actual_packet_source_repeat,4,packet:4:15:compact:frontier_consolidation_fwcompact_medium_019309,companion,compact:frontier_consolidation_fwcompact_medium_019309,106,108,0.004563275258988142,10.177262306213379,10.17269903095439
D_R_43022,chck_80M,43022,R,actual_packet_source_repeat,4,packet:4:160:compact:frontier_consolidation_fwcompact_medium_002798,companion,compact:frontier_consolidation_fwcompact_medium_002798,29,31,0.0033426384907215834,2.7707414627075195,2.767398824216798
D_R_43022,chck_80M,43022,R,actual_packet_source_repeat,4,packet:4:161:compact:frontier_consolidation_fwcompact_medium_018143,companion,compact:frontier_consolidation_fwcompact_medium_018143,68,70,0.22860859334468842,12.101085662841797,11.872477069497108
D_R_43022,chck_80M,43022,R,actual_packet_source_repeat,4,packet:4:162:compact:frontier_consolidation_fwcompact_medium_060174,companion,compact:frontier_consolidation_fwcompact_medium_060174,64,66,0.05241861566901207,13.506125450134277,13.453706834465265
D_R_43022,chck_80M,43022,R,actual_packet_source_repeat,4,packet:4:163:compact:frontier_consolidation_fwcompact_medium_052940,companion,compact:frontier_consolidation_fwcompact_medium_052940,58,60,0.0028840398881584406,1.651113748550415,1.6482297086622566
D_R_43022,chck_80M,43022,R,actual_packet_source_repeat,4,packet:4:164:compact:frontier_consolidation_fwcompact_medium_012638,companion,compact:frontier_consolidation_fwcompact_medium_012638,34,36,0.02406657300889492,13.941043853759766,13.91697728075087
D_R_43022,chck_80M,43022,R,actual_packet_source_repeat,4,packet:4:165:compact:frontier_consolidation_fwcompact_medium_061454,companion,compact:frontier_consolidation_fwcompact_medium_061454,41,43,0.01912323571741581,8.33613109588623,8.317007860168815
D_R_43022,chck_80M,43022,R,actual_packet_source_repeat,4,packet:4:166:compact:frontier_consolidation_fwcompact_medium_047757,companion,compact:frontier_consolidation_fwcompact_medium_047757,28,30,0.008207876235246658,8.715513229370117,8.70730535313487
D_R_43022,chck_80M,43022,R,actual_packet_source_repeat,4,packet:4:167:compact:frontier_consolidation_fwcompact_medium_004183,companion,compact:frontier_consolidation_fwcompact_medium_004183,67,69,0.0003688847064040601,0.10904277861118317,0.1086738939047791
D_R_43022,chck_80M,43022,R,actual_packet_source_repeat,4,packet:4:168:compact:frontier_consolidation_fwcompact_medium_003817,companion,compact:frontier_consolidation_fwcompact_medium_003817,65,67,0.008200427517294884,9.590034484863281,9.581834057345986
D_R_43022,chck_80M,43022,R,actual_packet_source_repeat,4,packet:4:169:compact:frontier_consolidation_fwcompact_medium_027098,companion,compact:frontier_consolidation_fwcompact_medium_027098,36,38,0.020588263869285583,4.070838451385498,4.0502501875162125
D_R_43022,chck_80M,43022,R,actual_packet_source_repeat,4,packet:4:16:compact:frontier_consolidation_fwcompact_medium_014997,companion,compact:frontier_consolidation_fwcompact_medium_014997,64,66,0.0013546108966693282,7.597458839416504,7.596104228519835
D_R_43022,chck_80M,43022,R,actual_packet_source_repeat,4,packet:4:170:compact:frontier_consolidation_fwcompact_medium_044824,companion,compact:frontier_consolidation_fwcompact_medium_044824,55,57,1.5863646268844604,5.767807960510254,4.1814433336257935
D_R_43022,chck_80M,43022,R,actual_packet_source_repeat,4,packet:4:171:compact:frontier_consolidation_fwcompact_medium_020133,companion,compact:frontier_consolidation_fwcompact_medium_020133,30,32,0.017076952382922173,4.0283966064453125,4.01131965406239
D_R_43022,chck_80M,43022,R,actual_packet_source_repeat,4,packet:4:172:compact:frontier_consolidation_fwcompact_medium_024298,companion,compact:frontier_consolidation_fwcompact_medium_024298,38,40,0.0003116837178822607,4.697832107543945,4.697520423826063
D_R_43022,chck_80M,43022,R,actual_packet_source_repeat,4,packet:4:173:compact:frontier_consolidation_fwcompact_medium_007940,companion,compact:frontier_consolidation_fwcompact_medium_007940,57,59,0.09142641723155975,8.816563606262207,8.725137189030647
D_R_43022,chck_80M,43022,R,actual_packet_source_repeat,4,packet:4:174:compact:frontier_consolidation_fwcompact_medium_057788,companion,compact:frontier_consolidation_fwcompact_medium_057788,58,60,0.006078092381358147,7.119288444519043,7.113210352137685
D_R_43022,chck_80M,43022,R,actual_packet_source_repeat,4,packet:4:175:compact:frontier_consolidation_fwcompact_medium_033162,companion,compact:frontier_consolidation_fwcompact_medium_033162,65,67,0.02342747338116169,11.265386581420898,11.241959108039737
D_R_43022,chck_80M,43022,R,actual_packet_source_repeat,4,packet:4:176:compact:frontier_consolidation_fwcompact_medium_037110,companion,compact:frontier_consolidation_fwcompact_medium_037110,46,48,0.009875605814158916,6.109652519226074,6.099776913411915
D_R_43022,chck_80M,43022,R,actual_packet_source_repeat,4,packet:4:177:compact:frontier_consolidation_fwcompact_medium_044026,companion,compact:frontier_consolidation_fwcompact_medium_044026,86,88,0.0006317288498394191,12.865839958190918,12.865208229341079
D_R_43022,chck_80M,43022,R,actual_packet_source_repeat,4,packet:4:178:compact:frontier_consolidation_fwcompact_medium_002529,companion,compact:frontier_consolidation_fwcompact_medium_002529,59,61,0.002893073484301567,8.050642013549805,8.047748940065503
D_R_43022,chck_80M,43022,R,actual_packet_source_repeat,4,packet:4:179:compact:frontier_consolidation_fwcompact_medium_033407,companion,compact:frontier_consolidation_fwcompact_medium_033407,36,38,0.006237918511033058,0.12781290709972382,0.12157498858869076
D_R_43022,chck_80M,43022,R,actual_packet_source_repeat,4,packet:4:17:compact:frontier_consolidation_fwcompact_medium_010715,companion,compact:frontier_consolidation_fwcompact_medium_010715,41,43,0.03792515769600868,6.455121040344238,6.41719588264823
D_R_43022,chck_80M,43022,R,actual_packet_source_repeat,4,packet:4:180:compact:frontier_consolidation_fwcompact_medium_010027,companion,compact:frontier_consolidation_fwcompact_medium_010027,46,48,0.05846845358610153,3.9981529712677,3.9396845176815987
D_R_43022,chck_80M,43022,R,actual_packet_source_repeat,4,packet:4:181:compact:frontier_consolidation_fwcompact_medium_051203,companion,compact:frontier_consolidation_fwcompact_medium_051203,50,52,0.026199422776699066,13.397643089294434,13.371443666517735
D_R_43022,chck_80M,43022,R,actual_packet_source_repeat,4,packet:4:182:compact:frontier_consolidation_fwcompact_medium_040823,companion,compact:frontier_consolidation_fwcompact_medium_040823,80,82,0.0039530242793262005,11.300827026367188,11.296874002087861
D_R_43022,chck_80M,43022,R,actual_packet_source_repeat,4,packet:4:183:compact:frontier_consolidation_fwcompact_medium_053930,companion,compact:frontier_consolidation_fwcompact_medium_053930,45,47,0.01840934343636036,6.37380313873291,6.35539379529655
D_R_43022,chck_80M,43022,R,actual_packet_source_repeat,4,packet:4:184:compact:frontier_consolidation_fwcompact_medium_038336,companion,compact:frontier_consolidation_fwcompact_medium_038336,47,49,0.004644440021365881,3.892040252685547,3.887395812664181
D_R_43022,chck_80M,43022,R,actual_packet_source_repeat,4,packet:4:185:compact:frontier_consolidation_fwcompact_medium_006301,companion,compact:frontier_consolidation_fwcompact_medium_006301,31,33,0.024839816614985466,10.406168937683105,10.38132912106812
D_R_43022,chck_80M,43022,R,actual_packet_source_repeat,4,packet:4:186:compact:frontier_consolidation_fwcompact_medium_046716,companion,compact:frontier_consolidation_fwcompact_medium_046716,41,43,0.007758956402540207,12.39448356628418,12.38672460988164
D_R_43022,chck_80M,43022,R,actual_packet_source_repeat,4,packet:4:187:compact:frontier_consolidation_fwcompact_medium_025854,companion,compact:frontier_consolidation_fwcompact_medium_025854,96,98,0.0016793209360912442,4.727599143981934,4.725919823045842
D_R_43022,chck_80M,43022,R,actual_packet_source_repeat,4,packet:4:188:compact:frontier_consolidation_fwcompact_medium_055017,companion,compact:frontier_consolidation_fwcompact_medium_055017,58,60,0.007203913759440184,4.102908134460449,4.095704220701009
D_R_43022,chck_80M,43022,R,actual_packet_source_repeat,4,packet:4:189:compact:frontier_consolidation_fwcompact_medium_005102,companion,compact:frontier_consolidation_fwcompact_medium_005102,52,54,0.0009266611887142062,1.6426700353622437,1.6417433741735294
D_R_43022,chck_80M,43022,R,actual_packet_source_repeat,4,packet:4:18:compact:frontier_consolidation_fwcompact_medium_049343,companion,compact:frontier_consolidation_fwcompact_medium_049343,54,56,0.00754495058208704,13.76505184173584,13.757506891153753
D_R_43022,chck_80M,43022,R,actual_packet_source_repeat,4,packet:4:190:compact:frontier_consolidation_fwcompact_medium_006430,companion,compact:frontier_consolidation_fwcompact_medium_006430,54,56,0.017268775030970573,5.234739303588867,5.217470528557897
D_R_43022,chck_80M,43022,R,actual_packet_source_repeat,4,packet:4:191:compact:frontier_consolidation_fwcompact_medium_028421,companion,compact:frontier_consolidation_fwcompact_medium_028421,34,36,0.01848447695374489,6.278675079345703,6.260190602391958
D_R_43022,chck_80M,43022,R,actual_packet_source_repeat,4,packet:4:192:compact:frontier_consolidation_fwcompact_medium_044896,companion,compact:frontier_consolidation_fwcompact_medium_044896,33,35,0.014577783644199371,2.0205154418945312,2.005937658250332
D_R_43022,chck_80M,43022,R,actual_packet_source_repeat,4,packet:4:193:compact:frontier_consolidation_fwcompact_medium_008185,companion,compact:frontier_consolidation_fwcompact_medium_008185,32,34,0.0068259392865002155,8.406554222106934,8.399728282820433
D_R_43022,chck_80M,43022,R,actual_packet_source_repeat,4,packet:4:194:compact:frontier_consolidation_fwcompact_medium_024762,companion,compact:frontier_consolidation_fwcompact_medium_024762,37,39,0.0015528061194345355,1.613811731338501,1.6122589252190664
D_R_43022,chck_80M,43022,R,actual_packet_source_repeat,4,packet:4:195:compact:frontier_consolidation_fwcompact_medium_030792,companion,compact:frontier_consolidation_fwcompact_medium_030792,25,27,0.0006235085893422365,0.2217923253774643,0.22116881678812206
D_R_43022,chck_80M,43022,R,actual_packet_source_repeat,4,packet:4:196:compact:frontier_consolidation_fwcompact_medium_003643,companion,compact:frontier_consolidation_fwcompact_medium_003643,93,95,0.011776921339333057,11.181036949157715,11.169260027818382
D_R_43022,chck_80M,43022,R,actual_packet_source_repeat,4,packet:4:197:compact:frontier_consolidation_fwcompact_medium_053938,companion,compact:frontier_consolidation_fwcompact_medium_053938,50,52,0.015827737748622894,11.842074394226074,11.826246656477451
D_R_43022,chck_80M,43022,R,actual_packet_source_repeat,4,packet:4:198:compact:frontier_consolidation_fwcompact_medium_011630,companion,compact:frontier_consolidation_fwcompact_medium_011630,60,62,0.0013311582151800394,3.864988327026367,3.863657168811187
D_R_43022,chck_80M,43022,R,actual_packet_source_repeat,4,packet:4:199:compact:frontier_consolidation_fwcompact_medium_036669,companion,compact:frontier_consolidation_fwcompact_medium_036669,110,112,0.0021230080164968967,9.806036949157715,9.803913941141218
D_R_43022,chck_80M,43022,R,actual_packet_source_repeat,4,packet:4:19:compact:frontier_consolidation_fwcompact_medium_032403,companion,compact:frontier_consolidation_fwcompact_medium_032403,42,44,0.008219345472753048,1.6330851316452026,1.6248657861724496
D_R_43022,chck_80M,43022,R,actual_packet_source_repeat,4,packet:4:1:compact:frontier_consolidation_fwcompact_medium_030624,companion,compact:frontier_consolidation_fwcompact_medium_030624,45,47,0.038073889911174774,9.68118667602539,9.643112786114216
D_R_43022,chck_80M,43022,R,actual_packet_source_repeat,4,packet:4:200:compact:frontier_consolidation_fwcompact_medium_046136,companion,compact:frontier_consolidation_fwcompact_medium_046136,48,50,0.009961062110960484,1.9630955457687378,1.9531344836577773
D_R_43022,chck_80M,43022,R,actual_packet_source_repeat,4,packet:4:201:compact:frontier_consolidation_fwcompact_medium_011411,companion,compact:frontier_consolidation_fwcompact_medium_011411,23,25,0.0011504229623824358,0.9441696405410767,0.9430192175786942
D_R_43022,chck_80M,43022,R,actual_packet_source_repeat,4,packet:4:202:compact:frontier_consolidation_fwcompact_medium_008937,companion,compact:frontier_consolidation_fwcompact_medium_008937,47,49,0.007590973284095526,11.452523231506348,11.444932258222252
D_R_43022,chck_80M,43022,R,actual_packet_source_repeat,4,packet:4:203:compact:frontier_consolidation_fwcompact_medium_000418,companion,compact:frontier_consolidation_fwcompact_medium_000418,67,69,5.519237674889155e-05,0.13654816150665283,0.13649296912990394
D_R_43022,chck_80M,43022,R,actual_packet_source_repeat,4,packet:4:204:compact:frontier_consolidation_fwcompact_medium_023284,companion,compact:frontier_consolidation_fwcompact_medium_023284,44,46,0.0063730813562870026,0.5524804592132568,0.5461073778569698
D_R_43022,chck_80M,43022,R,actual_packet_source_repeat,4,packet:4:205:compact:frontier_consolidation_fwcompact_medium_023544,companion,compact:frontier_consolidation_fwcompact_medium_023544,32,34,0.11069057881832123,2.43668532371521,2.3259947448968887
D_R_43022,chck_80M,43022,R,actual_packet_source_repeat,4,packet:4:206:compact:frontier_consolidation_fwcompact_medium_042419,companion,compact:frontier_consolidation_fwcompact_medium_042419,56,58,0.024131393060088158,6.646120548248291,6.621989155188203
D_R_43022,chck_80M,43022,R,actual_packet_source_repeat,4,packet:4:207:compact:frontier_consolidation_fwcompact_medium_030508,companion,compact:frontier_consolidation_fwcompact_medium_030508,57,59,0.03236054629087448,6.370230674743652,6.337870128452778
D_R_43022,chck_80M,43022,R,actual_packet_source_repeat,4,packet:4:208:compact:frontier_consolidation_fwcompact_medium_011033,companion,compact:frontier_consolidation_fwcompact_medium_011033,27,29,0.00836038775742054,9.983832359313965,9.975471971556544
D_R_43022,chck_80M,43022,R,actual_packet_source_repeat,4,packet:4:209:compact:frontier_consolidation_fwcompact_medium_002789,companion,compact:frontier_consolidation_fwcompact_medium_002789,46,48,0.005126426927745342,1.6165822744369507,1.6114558475092053
D_R_43022,chck_80M,43022,R,actual_packet_source_repeat,4,packet:4:20:compact:frontier_consolidation_fwcompact_medium_004790,companion,compact:frontier_consolidation_fwcompact_medium_004790,42,44,0.0034325746819376945,0.06417249888181686,0.06073992419987917
D_R_43022,chck_80M,43022,R,actual_packet_source_repeat,4,packet:4:210:compact:frontier_consolidation_fwcompact_medium_026230,companion,compact:frontier_consolidation_fwcompact_medium_026230,42,44,0.009418577887117863,9.014644622802734,9.005226044915617
D_R_43022,chck_80M,43022,R,actual_packet_source_repeat,4,packet:4:211:compact:frontier_consolidation_fwcompact_medium_030213,companion,compact:frontier_consolidation_fwcompact_medium_030213,46,48,0.00826486386358738,10.189969062805176,10.181704198941588
D_R_43022,chck_80M,43022,R,actual_packet_source_repeat,4,packet:4:212:compact:frontier_consolidation_fwcompact_medium_060194,companion,compact:frontier_consolidation_fwcompact_medium_060194,27,29,0.01913411170244217,13.841699600219727,13.822565488517284
D_R_43022,chck_80M,43022,R,actual_packet_source_repeat,4,packet:4:213:compact:frontier_consolidation_fwcompact_medium_044340,companion,compact:frontier_consolidation_fwcompact_medium_044340,49,51,0.14835256338119507,6.946793079376221,6.798440515995026
D_R_43022,chck_80M,43022,R,actual_packet_source_repeat,4,packet:4:214:compact:frontier_consolidation_fwcompact_medium_059557,companion,compact:frontier_consolidation_fwcompact_medium_059557,38,40,0.0008390005677938461,0.548464298248291,0.5476252976804972
D_R_43022,chck_80M,43022,R,actual_packet_source_repeat,4,packet:4:215:compact:frontier_consolidation_fwcompact_medium_035142,companion,compact:frontier_consolidation_fwcompact_medium_035142,37,39,0.00967173371464014,6.79254150390625,6.78286977019161
D_R_43022,chck_80M,43022,R,actual_packet_source_repeat,4,packet:4:216:compact:frontier_consolidation_fwcompact_medium_013682,companion,compact:frontier_consolidation_fwcompact_medium_013682,55,57,0.012484848499298096,17.867956161499023,17.855471312999725
D_R_43022,chck_80M,43022,R,actual_packet_source_repeat,4,packet:4:217:compact:frontier_consolidation_fwcompact_medium_053025,companion,compact:frontier_consolidation_fwcompact_medium_053025,62,64,0.009844680316746235,7.512951850891113,7.503107170574367
D_R_43022,chck_80M,43022,R,actual_packet_source_repeat,4,packet:4:218:compact:frontier_consolidation_fwcompact_medium_055947,companion,compact:frontier_consolidation_fwcompact_medium_055947,32,34,0.017005229368805885,7.957905292510986,7.94090006314218
D_R_43022,chck_80M,43022,R,actual_packet_source_repeat,4,packet:4:219:compact:frontier_consolidation_fwcompact_medium_061449,companion,compact:frontier_consolidation_fwcompact_medium_061449,76,78,0.0006082591717131436,1.9407310485839844,1.9401227894122712
D_R_43022,chck_80M,43022,R,actual_packet_source_repeat,4,packet:4:21:compact:frontier_consolidation_fwcompact_medium_023930,companion,compact:frontier_consolidation_fwcompact_medium_023930,58,60,0.04899218678474426,9.576528549194336,9.527536362409592
D_R_43022,chck_80M,43022,R,actual_packet_source_repeat,4,packet:4:220:compact:frontier_consolidation_fwcompact_medium_039802,companion,compact:frontier_consolidation_fwcompact_medium_039802,54,56,0.00853060558438301,4.099822998046875,4.091292392462492
D_R_43022,chck_80M,43022,R,actual_packet_source_repeat,4,packet:4:221:compact:frontier_consolidation_fwcompact_medium_027016,companion,compact:frontier_consolidation_fwcompact_medium_027016,45,47,0.006465706508606672,2.1152262687683105,2.108760562259704
D_R_43022,chck_80M,43022,R,actual_packet_source_repeat,4,packet:4:222:compact:frontier_consolidation_fwcompact_medium_000769,companion,compact:frontier_consolidation_fwcompact_medium_000769,38,40,0.006446992512792349,7.664852142333984,7.658405149821192
D_R_43022,chck_80M,43022,R,actual_packet_source_repeat,4,packet:4:223:compact:frontier_consolidation_fwcompact_medium_020317,companion,compact:frontier_consolidation_fwcompact_medium_020317,64,66,0.008336507715284824,9.592761993408203,9.584425485692918
D_R_43022,chck_80M,43022,R,actual_packet_source_repeat,4,packet:4:224:compact:frontier_consolidation_fwcompact_medium_025299,companion,compact:frontier_consolidation_fwcompact_medium_025299,39,41,0.004968676716089249,4.241642951965332,4.236674275249243
D_R_43022,chck_80M,43022,R,actual_packet_source_repeat,4,packet:4:225:compact:frontier_consolidation_fwcompact_medium_005291,companion,compact:frontier_consolidation_fwcompact_medium_005291,84,86,0.02539283037185669,8.724987983703613,8.699595153331757
D_R_43022,chck_80M,43022,R,actual_packet_source_repeat,4,packet:4:226:compact:frontier_consolidation_fwcompact_medium_034089,companion,compact:frontier_consolidation_fwcompact_medium_034089,40,42,0.0002731903805397451,0.2773711085319519,0.27709791815141216
D_R_43022,chck_80M,43022,R,actual_packet_source_repeat,4,packet:4:227:compact:frontier_consolidation_fwcompact_medium_044503,companion,compact:frontier_consolidation_fwcompact_medium_044503,40,42,0.004918262362480164,2.038985252380371,2.034066990017891
D_R_43022,chck_80M,43022,R,actual_packet_source_repeat,4,packet:4:228:compact:frontier_consolidation_fwcompact_medium_004147,companion,compact:frontier_consolidation_fwcompact_medium_004147,67,69,0.011096905916929245,5.111332416534424,5.100235510617495
D_R_43022,chck_80M,43022,R,actual_packet_source_repeat,4,packet:4:229:compact:frontier_consolidation_fwcompact_medium_030197,companion,compact:frontier_consolidation_fwcompact_medium_030197,81,83,0.2305118888616562,1.3700004816055298,1.1394885927438736
D_R_43022,chck_80M,43022,R,actual_packet_source_repeat,4,packet:4:22:compact:frontier_consolidation_fwcompact_medium_032766,companion,compact:frontier_consolidation_fwcompact_medium_032766,32,34,0.034737542271614075,6.473784446716309,6.4390469044446945
D_R_43022,chck_80M,43022,R,actual_packet_source_repeat,4,packet:4:230:compact:frontier_consolidation_fwcompact_medium_037559,companion,compact:frontier_consolidation_fwcompact_medium_037559,59,61,0.0181286558508873,10.33175277709961,10.313624121248722
D_R_43022,chck_80M,43022,R,actual_packet_source_repeat,4,packet:4:231:compact:frontier_consolidation_fwcompact_medium_019993,companion,compact:frontier_consolidation_fwcompact_medium_019993,56,58,0.0008154166280291975,0.03716070577502251,0.03634528914699331
D_R_43022,chck_80M,43022,R,actual_packet_source_repeat,4,packet:4:232:compact:frontier_consolidation_fwcompact_medium_016588,companion,compact:frontier_consolidation_fwcompact_medium_016588,56,58,0.021314021199941635,0.9156172275543213,0.8943032063543797
D_R_43022,chck_80M,43022,R,actual_packet_source_repeat,4,packet:4:233:compact:frontier_consolidation_fwcompact_medium_047052,companion,compact:frontier_consolidation_fwcompact_medium_047052,66,68,0.00010299152199877426,0.10984256118535995,0.10973956966336118
D_R_43022,chck_80M,43022,R,actual_packet_source_repeat,4,packet:4:234:compact:frontier_consolidation_fwcompact_medium_026962,companion,compact:frontier_consolidation_fwcompact_medium_026962,63,65,0.0003120412293355912,1.213796854019165,1.2134848127898294
D_R_43022,chck_80M,43022,R,actual_packet_source_repeat,4,packet:4:235:compact:frontier_consolidation_fwcompact_medium_023174,companion,compact:frontier_consolidation_fwcompact_medium_023174,37,39,0.023352477699518204,6.021069049835205,5.997716572135687
D_R_43022,chck_80M,43022,R,actual_packet_source_repeat,4,packet:4:236:compact:frontier_consolidation_fwcompact_medium_055760,companion,compact:frontier_consolidation_fwcompact_medium_055760,29,31,0.02657676301896572,5.874294281005859,5.847717517986894
D_R_43022,chck_80M,43022,R,actual_packet_source_repeat,4,packet:4:237:compact:frontier_consolidation_fwcompact_medium_056988,companion,compact:frontier_consolidation_fwcompact_medium_056988,71,73,0.004755377769470215,4.202795028686523,4.198039650917053
D_R_43022,chck_80M,43022,R,actual_packet_source_repeat,4,packet:4:238:compact:frontier_consolidation_fwcompact_medium_056360,companion,compact:frontier_consolidation_fwcompact_medium_056360,34,36,0.011909806169569492,8.714879989624023,8.702970183454454
D_R_43022,chck_80M,43022,R,actual_packet_source_repeat,4,packet:4:239:compact:frontier_consolidation_fwcompact_medium_025977,companion,compact:frontier_consolidation_fwcompact_medium_025977,78,80,0.008494200184941292,5.918615818023682,5.91012161783874
D_R_43022,chck_80M,43022,R,actual_packet_source_repeat,4,packet:4:23:compact:frontier_consolidation_fwcompact_medium_028521,companion,compact:frontier_consolidation_fwcompact_medium_028521,96,98,0.0022946475073695183,2.442439556121826,2.4401449086144567
D_R_43022,chck_80M,43022,R,actual_packet_source_repeat,4,packet:4:240:compact:frontier_consolidation_fwcompact_medium_014706,companion,compact:frontier_consolidation_fwcompact_medium_014706,20,22,0.053441278636455536,8.901647567749023,8.848206289112568
D_R_43022,chck_80M,43022,R,actual_packet_source_repeat,4,packet:4:241:compact:frontier_consolidation_fwcompact_medium_004519,companion,compact:frontier_consolidation_fwcompact_medium_004519,58,60,0.0031280419789254665,3.9215991497039795,3.918471107725054
D_R_43022,chck_80M,43022,R,actual_packet_source_repeat,4,packet:4:242:compact:frontier_consolidation_fwcompact_medium_042554,companion,compact:frontier_consolidation_fwcompact_medium_042554,58,60,0.0020242691971361637,4.617452144622803,4.615427875425667
D_R_43022,chck_80M,43022,R,actual_packet_source_repeat,4,packet:4:243:compact:frontier_consolidation_fwcompact_medium_060093,companion,compact:frontier_consolidation_fwcompact_medium_060093,58,60,0.0036574392579495907,8.182737350463867,8.179079911205918
D_R_43022,chck_80M,43022,R,actual_packet_source_repeat,4,packet:4:244:compact:frontier_consolidation_fwcompact_medium_051064,companion,compact:frontier_consolidation_fwcompact_medium_051064,51,53,0.0013267532922327518,2.4679956436157227,2.46666889032349
D_R_43022,chck_80M,43022,R,actual_packet_source_repeat,4,packet:4:245:compact:frontier_consolidation_fwcompact_medium_052558,companion,compact:frontier_consolidation_fwcompact_medium_052558,42,44,0.014847490936517715,1.2186744213104248,1.203826930373907
D_R_43022,chck_80M,43022,R,actual_packet_source_repeat,4,packet:4:246:compact:frontier_consolidation_fwcompact_medium_031277,companion,compact:frontier_consolidation_fwcompact_medium_031277,77,79,0.0008623456815257668,10.466165542602539,10.465303196921013
D_R_43022,chck_80M,43022,R,actual_packet_source_repeat,4,packet:4:247:compact:frontier_consolidation_fwcompact_medium_049175,companion,compact:frontier_consolidation_fwcompact_medium_049175,56,58,0.003030947409570217,1.172940969467163,1.1699100220575929
D_R_43022,chck_80M,43022,R,actual_packet_source_repeat,4,packet:4:248:compact:frontier_consolidation_fwcompact_medium_052120,companion,compact:frontier_consolidation_fwcompact_medium_052120,44,46,0.012104860506951809,6.927627086639404,6.9155222261324525
D_R_43022,chck_80M,43022,R,actual_packet_source_repeat,4,packet:4:249:compact:frontier_consolidation_fwcompact_medium_002517,companion,compact:frontier_consolidation_fwcompact_medium_002517,32,34,0.004242111928761005,3.5920374393463135,3.5877953274175525
D_R_43022,chck_80M,43022,R,actual_packet_source_repeat,4,packet:4:24:compact:frontier_consolidation_fwcompact_medium_000261,companion,compact:frontier_consolidation_fwcompact_medium_000261,55,57,0.0053507923148572445,1.6725245714187622,1.667173779103905
D_R_43022,chck_80M,43022,R,actual_packet_source_repeat,4,packet:4:250:compact:frontier_consolidation_fwcompact_medium_039544,companion,compact:frontier_consolidation_fwcompact_medium_039544,24,26,0.014942974783480167,2.007781982421875,1.9928390076383948
D_R_43022,chck_80M,43022,R,actual_packet_source_repeat,4,packet:4:251:compact:frontier_consolidation_fwcompact_medium_030231,companion,compact:frontier_consolidation_fwcompact_medium_030231,59,61,0.002801305614411831,2.0900700092315674,2.0872687036171556
D_R_43022,chck_80M,43022,R,actual_packet_source_repeat,4,packet:4:252:compact:frontier_consolidation_fwcompact_medium_000652,companion,compact:frontier_consolidation_fwcompact_medium_000652,39,41,0.00613603089004755,6.2125420570373535,6.206406026147306
D_R_43022,chck_80M,43022,R,actual_packet_source_repeat,4,packet:4:253:compact:frontier_consolidation_fwcompact_medium_004556,companion,compact:frontier_consolidation_fwcompact_medium_004556,41,43,0.0038497161585837603,1.950655221939087,1.9468055057805032
D_R_43022,chck_80M,43022,R,actual_packet_source_repeat,4,packet:4:254:compact:frontier_consolidation_fwcompact_medium_033177,companion,compact:frontier_consolidation_fwcompact_medium_033177,55,57,0.002867398550733924,0.8323339223861694,0.8294665238354355
D_R_43022,chck_80M,43022,R,actual_packet_source_repeat,4,packet:4:255:compact:frontier_consolidation_fwcompact_medium_005742,companion,compact:frontier_consolidation_fwcompact_medium_005742,31,33,0.008599866181612015,8.286730766296387,8.278130900114775
D_R_43022,chck_80M,43022,R,actual_packet_source_repeat,4,packet:4:256:compact:frontier_consolidation_fwcompact_medium_060969,companion,compact:frontier_consolidation_fwcompact_medium_060969,38,40,0.00828543584793806,4.04907751083374,4.040792074985802
D_R_43022,chck_80M,43022,R,actual_packet_source_repeat,4,packet:4:257:compact:frontier_consolidation_fwcompact_medium_012246,companion,compact:frontier_consolidation_fwcompact_medium_012246,56,58,0.13871720433235168,8.304489135742188,8.165771931409836
D_R_43022,chck_80M,43022,R,actual_packet_source_repeat,4,packet:4:258:compact:frontier_consolidation_fwcompact_medium_021143,companion,compact:frontier_consolidation_fwcompact_medium_021143,52,54,0.005017783492803574,8.661762237548828,8.656744454056025
D_R_43022,chck_80M,43022,R,actual_packet_source_repeat,4,packet:4:259:compact:frontier_consolidation_fwcompact_medium_047087,companion,compact:frontier_consolidation_fwcompact_medium_047087,69,71,0.0051244106143713,1.3840899467468262,1.3789655361324549
D_R_43022,chck_80M,43022,R,actual_packet_source_repeat,4,packet:4:25:compact:frontier_consolidation_fwcompact_medium_046432,companion,compact:frontier_consolidation_fwcompact_medium_046432,112,114,0.006856958847492933,8.11232852935791,8.105471570510417
D_R_43022,chck_80M,43022,R,actual_packet_source_repeat,4,packet:4:260:compact:frontier_consolidation_fwcompact_medium_010292,companion,compact:frontier_consolidation_fwcompact_medium_010292,28,30,0.0015069806249812245,4.464328289031982,4.462821308407001
D_R_43022,chck_80M,43022,R,actual_packet_source_repeat,4,packet:4:261:compact:frontier_consolidation_fwcompact_medium_041795,companion,compact:frontier_consolidation_fwcompact_medium_041795,66,68,0.009999066591262817,5.325804233551025,5.315805166959763
D_R_43022,chck_80M,43022,R,actual_packet_source_repeat,4,packet:4:262:compact:frontier_consolidation_fwcompact_medium_038876,companion,compact:frontier_consolidation_fwcompact_medium_038876,30,32,0.007063181139528751,4.773900032043457,4.766836850903928
D_R_43022,chck_80M,43022,R,actual_packet_source_repeat,4,packet:4:263:compact:frontier_consolidation_fwcompact_medium_044201,companion,compact:frontier_consolidation_fwcompact_medium_044201,33,35,0.02803497575223446,7.611983776092529,7.583948800340295
D_R_43022,chck_80M,43022,R,actual_packet_source_repeat,4,packet:4:264:compact:frontier_consolidation_fwcompact_medium_008018,companion,compact:frontier_consolidation_fwcompact_medium_008018,57,59,0.0047724624164402485,10.44036865234375,10.43559618992731
D_R_43022,chck_80M,43022,R,actual_packet_source_repeat,4,packet:4:265:compact:frontier_consolidation_fwcompact_medium_000897,companion,compact:frontier_consolidation_fwcompact_medium_000897,48,50,0.04354274645447731,7.968086242675781,7.924543496221304
D_R_43022,chck_80M,43022,R,actual_packet_source_repeat,4,packet:4:266:compact:frontier_consolidation_fwcompact_medium_036138,companion,compact:frontier_consolidation_fwcompact_medium_036138,56,58,0.005651922430843115,0.033929742872714996,0.02827782044187188
D_R_43022,chck_80M,43022,R,actual_packet_source_repeat,4,packet:4:267:compact:frontier_consolidation_fwcompact_medium_004449,companion,compact:frontier_consolidation_fwcompact_medium_004449,39,41,0.0023636280093342066,0.459201455116272,0.45683782710693777
D_R_43022,chck_80M,43022,R,actual_packet_source_repeat,4,packet:4:268:compact:frontier_consolidation_fwcompact_medium_033430,companion,compact:frontier_consolidation_fwcompact_medium_033430,47,49,0.00366337806917727,7.660636901855469,7.6569735237862915
D_R_43022,chck_80M,43022,R,actual_packet_source_repeat,4,packet:4:269:compact:frontier_consolidation_fwcompact_medium_003962,companion,compact:frontier_consolidation_fwcompact_medium_003962,33,35,0.0022883438505232334,1.1113803386688232,1.1090919948183
D_R_43022,chck_80M,43022,R,actual_packet_source_repeat,4,packet:4:26:compact:frontier_consolidation_fwcompact_medium_029146,companion,compact:frontier_consolidation_fwcompact_medium_029146,58,60,0.008266518823802471,7.554000377655029,7.545733858831227
D_R_43022,chck_80M,43022,R,actual_packet_source_repeat,4,packet:4:270:compact:frontier_consolidation_fwcompact_medium_043818,companion,compact:frontier_consolidation_fwcompact_medium_043818,70,72,0.05411682277917862,18.22294044494629,18.16882362216711
D_R_43022,chck_80M,43022,R,actual_packet_source_repeat,4,packet:4:271:compact:frontier_consolidation_fwcompact_medium_052238,companion,compact:frontier_consolidation_fwcompact_medium_052238,25,27,0.11867093294858932,10.267777442932129,10.14910650998354
D_R_43022,chck_80M,43022,R,actual_packet_source_repeat,4,packet:4:272:compact:frontier_consolidation_fwcompact_medium_060061,companion,compact:frontier_consolidation_fwcompact_medium_060061,39,41,0.0046292515471577644,8.783151626586914,8.778522375039756
D_R_43022,chck_80M,43022,R,actual_packet_source_repeat,4,packet:4:273:compact:frontier_consolidation_fwcompact_medium_001016,companion,compact:frontier_consolidation_fwcompact_medium_001016,46,48,0.021738819777965546,8.791187286376953,8.769448466598988
D_R_43022,chck_80M,43022,R,actual_packet_source_repeat,4,packet:4:274:compact:frontier_consolidation_fwcompact_medium_037449,companion,compact:frontier_consolidation_fwcompact_medium_037449,106,108,0.04831328243017197,14.914209365844727,14.865896083414555
D_R_43022,chck_80M,43022,R,actual_packet_source_repeat,4,packet:4:275:compact:frontier_consolidation_fwcompact_medium_007673,companion,compact:frontier_consolidation_fwcompact_medium_007673,73,75,0.012082012370228767,18.057880401611328,18.0457983892411
D_R_43022,chck_80M,43022,R,actual_packet_source_repeat,4,packet:4:276:compact:frontier_consolidation_fwcompact_medium_005612,companion,compact:frontier_consolidation_fwcompact_medium_005612,47,49,0.005570839624851942,7.943110942840576,7.937540103215724
D_R_43022,chck_80M,43022,R,actual_packet_source_repeat,4,packet:4:277:compact:frontier_consolidation_fwcompact_medium_014534,companion,compact:frontier_consolidation_fwcompact_medium_014534,38,40,0.06594953685998917,9.49483585357666,9.428886316716671
D_R_43022,chck_80M,43022,R,actual_packet_source_repeat,4,packet:4:278:compact:frontier_consolidation_fwcompact_medium_023755,companion,compact:frontier_consolidation_fwcompact_medium_023755,85,87,0.03127611055970192,5.799565315246582,5.76828920468688
D_R_43022,chck_80M,43022,R,actual_packet_source_repeat,4,packet:4:279:compact:frontier_consolidation_fwcompact_medium_005804,companion,compact:frontier_consolidation_fwcompact_medium_005804,41,43,0.004968083463609219,0.3224707543849945,0.3175026709213853
D_R_43022,chck_80M,43022,R,actual_packet_source_repeat,4,packet:4:27:compact:frontier_consolidation_fwcompact_medium_012581,companion,compact:frontier_consolidation_fwcompact_medium_012581,48,50,0.00045718232286162674,0.07007861137390137,0.06962142905103974
D_R_43022,chck_80M,43022,R,actual_packet_source_repeat,4,packet:4:280:compact:frontier_consolidation_fwcompact_medium_033007,companion,compact:frontier_consolidation_fwcompact_medium_033007,93,95,0.014769499190151691,9.814821243286133,9.800051744095981
D_R_43022,chck_80M,43022,R,actual_packet_source_repeat,4,packet:4:281:compact:frontier_consolidation_fwcompact_medium_035533,companion,compact:frontier_consolidation_fwcompact_medium_035533,103,105,0.008763307705521584,0.47790801525115967,0.4691447075456381
D_R_43022,chck_80M,43022,R,actual_packet_source_repeat,4,packet:4:282:compact:frontier_consolidation_fwcompact_medium_036380,companion,compact:frontier_consolidation_fwcompact_medium_036380,96,98,0.01660362258553505,12.396356582641602,12.379752960056067
D_R_43022,chck_80M,43022,R,actual_packet_source_repeat,4,packet:4:283:compact:frontier_consolidation_fwcompact_medium_056190,companion,compact:frontier_consolidation_fwcompact_medium_056190,51,53,0.0016532575245946646,2.155787229537964,2.154133972013369
D_R_43022,chck_80M,43022,R,actual_packet_source_repeat,4,packet:4:284:compact:frontier_consolidation_fwcompact_medium_007722,companion,compact:frontier_consolidation_fwcompact_medium_007722,26,28,0.005776497535407543,8.066926956176758,8.06115045864135
D_R_43022,chck_80M,43022,R,actual_packet_source_repeat,4,packet:4:285:compact:frontier_consolidation_fwcompact_medium_038479,companion,compact:frontier_consolidation_fwcompact_medium_038479,49,51,0.14058350026607513,11.179030418395996,11.038446918129921
D_R_43022,chck_80M,43022,R,actual_packet_source_repeat,4,packet:4:286:compact:frontier_consolidation_fwcompact_medium_036211,companion,compact:frontier_consolidation_fwcompact_medium_036211,32,34,0.1840212643146515,6.872196197509766,6.688174933195114
D_R_43022,chck_80M,43022,R,actual_packet_source_repeat,4,packet:4:287:compact:frontier_consolidation_fwcompact_medium_042575,companion,compact:frontier_consolidation_fwcompact_medium_042575,80,82,0.010028689168393612,9.779684066772461,9.769655377604067
D_R_43022,chck_80M,43022,R,actual_packet_source_repeat,4,packet:4:288:compact:frontier_consolidation_fwcompact_medium_041497,companion,compact:frontier_consolidation_fwcompact_medium_041497,33,35,0.1616404801607132,12.361676216125488,12.200035735964775
D_R_43022,chck_80M,43022,R,actual_packet_source_repeat,4,packet:4:289:compact:frontier_consolidation_fwcompact_medium_055547,companion,compact:frontier_consolidation_fwcompact_medium_055547,56,58,0.0011943596182391047,1.5155057907104492,1.5143114310922101
D_R_43022,chck_80M,43022,R,actual_packet_source_repeat,4,packet:4:28:compact:frontier_consolidation_fwcompact_medium_014626,companion,compact:frontier_consolidation_fwcompact_medium_014626,38,40,0.006000480614602566,7.770554065704346,7.764553585089743
D_R_43022,chck_80M,43022,R,actual_packet_source_repeat,4,packet:4:290:compact:frontier_consolidation_fwcompact_medium_047733,companion,compact:frontier_consolidation_fwcompact_medium_047733,94,96,0.06665081530809402,8.631702423095703,8.565051607787609
D_R_43022,chck_80M,43022,R,actual_packet_source_repeat,4,packet:4:291:compact:frontier_consolidation_fwcompact_medium_006595,companion,compact:frontier_consolidation_fwcompact_medium_006595,33,35,0.010269656777381897,8.581985473632812,8.57171581685543
D_R_43022,chck_80M,43022,R,actual_packet_source_repeat,4,packet:4:292:compact:frontier_consolidation_fwcompact_medium_023184,companion,compact:frontier_consolidation_fwcompact_medium_023184,52,54,0.0022184066474437714,0.7732964158058167,0.7710780091583729
D_R_43022,chck_80M,43022,R,actual_packet_source_repeat,4,packet:4:293:compact:frontier_consolidation_fwcompact_medium_055461,companion,compact:frontier_consolidation_fwcompact_medium_055461,34,36,0.027412094175815582,5.203859806060791,5.176447711884975
D_R_43022,chck_80M,43022,R,actual_packet_source_repeat,4,packet:4:294:compact:frontier_consolidation_fwcompact_medium_033575,companion,compact:frontier_consolidation_fwcompact_medium_033575,78,80,0.0021491781808435917,1.6138544082641602,1.6117052300833166
D_R_43022,chck_80M,43022,R,actual_packet_source_repeat,4,packet:4:295:compact:frontier_consolidation_fwcompact_medium_026716,companion,compact:frontier_consolidation_fwcompact_medium_026716,40,42,0.08782495558261871,8.488382339477539,8.40055738389492
D_R_43022,chck_80M,43022,R,actual_packet_source_repeat,4,packet:4:296:compact:frontier_consolidation_fwcompact_medium_018829,companion,compact:frontier_consolidation_fwcompact_medium_018829,44,46,0.021569784730672836,13.044477462768555,13.022907678037882
D_R_43022,chck_80M,43022,R,actual_packet_source_repeat,4,packet:4:297:compact:frontier_consolidation_fwcompact_medium_025880,companion,compact:frontier_consolidation_fwcompact_medium_025880,33,35,0.009625452570617199,9.830145835876465,9.820520383305848
D_R_43022,chck_80M,43022,R,actual_packet_source_repeat,4,packet:4:298:compact:frontier_consolidation_fwcompact_medium_050845,companion,compact:frontier_consolidation_fwcompact_medium_050845,45,47,0.0027916766703128815,5.498628616333008,5.495836939662695
D_R_43022,chck_80M,43022,R,actual_packet_source_repeat,4,packet:4:299:compact:frontier_consolidation_fwcompact_medium_003011,companion,compact:frontier_consolidation_fwcompact_medium_003011,64,66,0.002658287761732936,13.395747184753418,13.393088896991685
D_R_43022,chck_80M,43022,R,actual_packet_source_repeat,4,packet:4:29:compact:frontier_consolidation_fwcompact_medium_058285,companion,compact:frontier_consolidation_fwcompact_medium_058285,27,29,0.011215263977646828,8.39139175415039,8.380176490172744
D_R_43022,chck_80M,43022,R,actual_packet_source_repeat,4,packet:4:2:compact:frontier_consolidation_fwcompact_medium_035003,companion,compact:frontier_consolidation_fwcompact_medium_035003,67,69,0.043460454791784286,7.608375072479248,7.564914617687464
D_R_43022,chck_80M,43022,R,actual_packet_source_repeat,4,packet:4:300:compact:frontier_consolidation_fwcompact_medium_035725,companion,compact:frontier_consolidation_fwcompact_medium_035725,62,64,0.014559690840542316,7.378831386566162,7.36427169572562
D_R_43022,chck_80M,43022,R,actual_packet_source_repeat,4,packet:4:301:compact:frontier_consolidation_fwcompact_medium_019000,companion,compact:frontier_consolidation_fwcompact_medium_019000,43,45,0.07242737710475922,8.84073257446289,8.768305197358131
D_R_43022,chck_80M,43022,R,actual_packet_source_repeat,4,packet:4:302:compact:frontier_consolidation_fwcompact_medium_033364,companion,compact:frontier_consolidation_fwcompact_medium_033364,54,56,0.004058933816850185,3.672534465789795,3.6684755319729447
D_R_43022,chck_80M,43022,R,actual_packet_source_repeat,4,packet:4:303:compact:frontier_consolidation_fwcompact_medium_021724,companion,compact:frontier_consolidation_fwcompact_medium_021724,50,52,0.0031456295400857925,0.26921167969703674,0.26606605015695095
D_R_43022,chck_80M,43022,R,actual_packet_source_repeat,4,packet:4:304:compact:frontier_consolidation_fwcompact_medium_026554,companion,compact:frontier_consolidation_fwcompact_medium_026554,50,52,0.0029478687793016434,1.6996926069259644,1.6967447381466627
D_R_43022,chck_80M,43022,R,actual_packet_source_repeat,4,packet:4:305:compact:frontier_consolidation_fwcompact_medium_036741,companion,compact:frontier_consolidation_fwcompact_medium_036741,35,37,0.005477183032780886,9.343457221984863,9.337980038952082
D_R_43022,chck_80M,43022,R,actual_packet_source_repeat,4,packet:4:306:compact:frontier_consolidation_fwcompact_medium_049956,companion,compact:frontier_consolidation_fwcompact_medium_049956,67,69,0.005597512703388929,5.827145576477051,5.821548063773662
D_R_43022,chck_80M,43022,R,actual_packet_source_repeat,4,packet:4:307:compact:frontier_consolidation_fwcompact_medium_007913,companion,compact:frontier_consolidation_fwcompact_medium_007913,63,65,0.004554612562060356,1.8907232284545898,1.8861686158925295
D_R_43022,chck_80M,43022,R,actual_packet_source_repeat,4,packet:4:308:compact:frontier_consolidation_fwcompact_medium_002163,companion,compact:frontier_consolidation_fwcompact_medium_002163,37,39,0.0025785076431930065,2.057331085205078,2.054752577561885
D_R_43022,chck_80M,43022,R,actual_packet_source_repeat,4,packet:4:309:compact:frontier_consolidation_fwcompact_medium_006437,companion,compact:frontier_consolidation_fwcompact_medium_006437,43,45,0.004129098728299141,0.7881521582603455,0.7840230595320463
D_R_43022,chck_80M,43022,R,actual_packet_source_repeat,4,packet:4:30:compact:frontier_consolidation_fwcompact_medium_046182,companion,compact:frontier_consolidation_fwcompact_medium_046182,29,31,0.00388985313475132,2.964327812194824,2.960437959060073
D_R_43022,chck_80M,43022,R,actual_packet_source_repeat,4,packet:4:310:compact:frontier_consolidation_fwcompact_medium_045319,companion,compact:frontier_consolidation_fwcompact_medium_045319,47,49,0.0002047805901383981,0.9525944590568542,0.9523896784667158
D_R_43022,chck_80M,43022,R,actual_packet_source_repeat,4,packet:4:311:compact:frontier_consolidation_fwcompact_medium_017350,companion,compact:frontier_consolidation_fwcompact_medium_017350,81,83,0.01905072294175625,10.283020973205566,10.26397025026381
D_R_43022,chck_80M,43022,R,actual_packet_source_repeat,4,packet:4:312:compact:frontier_consolidation_fwcompact_medium_053188,companion,compact:frontier_consolidation_fwcompact_medium_053188,51,53,0.024930980056524277,7.703304767608643,7.678373787552118
D_R_43022,chck_80M,43022,R,actual_packet_source_repeat,4,packet:4:313:compact:frontier_consolidation_fwcompact_medium_053659,companion,compact:frontier_consolidation_fwcompact_medium_053659,53,55,0.0004911408759653568,0.12828581035137177,0.1277946694754064
D_R_43022,chck_80M,43022,R,actual_packet_source_repeat,4,packet:4:314:compact:frontier_consolidation_fwcompact_medium_045913,companion,compact:frontier_consolidation_fwcompact_medium_045913,37,39,0.0011404207907617092,0.13190582394599915,0.13076540315523744
D_R_43022,chck_80M,43022,R,actual_packet_source_repeat,4,packet:4:315:compact:frontier_consolidation_fwcompact_medium_000351,companion,compact:frontier_consolidation_fwcompact_medium_000351,43,45,0.025124091655015945,1.3416794538497925,1.3165553621947765
D_R_43022,chck_80M,43022,R,actual_packet_source_repeat,4,packet:4:316:compact:frontier_consolidation_fwcompact_medium_032025,companion,compact:frontier_consolidation_fwcompact_medium_032025,36,38,0.07010806351900101,9.217658996582031,9.14755093306303
D_R_43022,chck_80M,43022,R,actual_packet_source_repeat,4,packet:4:317:compact:frontier_consolidation_fwcompact_medium_013237,companion,compact:frontier_consolidation_fwcompact_medium_013237,53,55,0.12956425547599792,16.43673324584961,16.30716899037361
D_R_43022,chck_80M,43022,R,actual_packet_source_repeat,4,packet:4:318:compact:frontier_consolidation_fwcompact_medium_007507,companion,compact:frontier_consolidation_fwcompact_medium_007507,35,37,0.006263981107622385,6.921719551086426,6.915455569978803
D_R_43022,chck_80M,43022,R,actual_packet_source_repeat,4,packet:4:319:compact:frontier_consolidation_fwcompact_medium_031254,companion,compact:frontier_consolidation_fwcompact_medium_031254,38,40,0.00126151111908257,1.5566731691360474,1.5554116580169648
D_R_43022,chck_80M,43022,R,actual_packet_source_repeat,4,packet:4:31:compact:frontier_consolidation_fwcompact_medium_050250,companion,compact:frontier_consolidation_fwcompact_medium_050250,56,58,0.0027643346693366766,6.931947708129883,6.929183373460546
D_R_43022,chck_80M,43022,R,actual_packet_source_repeat,4,packet:4:320:compact:frontier_consolidation_fwcompact_medium_030421,companion,compact:frontier_consolidation_fwcompact_medium_030421,36,38,0.05228150263428688,9.295909881591797,9.24362837895751
D_R_43022,chck_80M,43022,R,actual_packet_source_repeat,4,packet:4:321:compact:frontier_consolidation_fwcompact_medium_019653,companion,compact:frontier_consolidation_fwcompact_medium_019653,21,23,0.0007340597221627831,0.4981217682361603,0.4973877085139975
D_R_43022,chck_80M,43022,R,actual_packet_source_repeat,4,packet:4:322:compact:frontier_consolidation_fwcompact_medium_037359,companion,compact:frontier_consolidation_fwcompact_medium_037359,63,65,0.015262833796441555,5.8212571144104,5.805994280613959
D_R_43022,chck_80M,43022,R,actual_packet_source_repeat,4,packet:4:323:compact:frontier_consolidation_fwcompact_medium_004499,companion,compact:frontier_consolidation_fwcompact_medium_004499,46,48,0.0015118608716875315,0.21690014004707336,0.21538827917538583
D_R_43022,chck_80M,43022,R,actual_packet_source_repeat,4,packet:4:324:compact:frontier_consolidation_fwcompact_medium_011148,companion,compact:frontier_consolidation_fwcompact_medium_011148,60,62,0.004978165961802006,3.3231663703918457,3.3181882044300437
D_R_43022,chck_80M,43022,R,actual_packet_source_repeat,4,packet:4:325:compact:frontier_consolidation_fwcompact_medium_011491,companion,compact:frontier_consolidation_fwcompact_medium_011491,40,42,0.007925018668174744,5.251448631286621,5.243523612618446
D_R_43022,chck_80M,43022,R,actual_packet_source_repeat,4,packet:4:326:compact:frontier_consolidation_fwcompact_medium_041643,companion,compact:frontier_consolidation_fwcompact_medium_041643,59,61,0.00415070541203022,0.010093598626554012,0.005942893214523792
D_R_43022,chck_80M,43022,R,actual_packet_source_repeat,4,packet:4:327:compact:frontier_consolidation_fwcompact_medium_054092,companion,compact:frontier_consolidation_fwcompact_medium_054092,37,39,0.009916918352246284,10.80781078338623,10.797893865033984
D_R_43022,chck_80M,43022,R,actual_packet_source_repeat,4,packet:4:328:compact:frontier_consolidation_fwcompact_medium_002748,companion,compact:frontier_consolidation_fwcompact_medium_002748,44,46,0.002162262797355652,0.8951129913330078,0.8929507285356522
D_R_43022,chck_80M,43022,R,actual_packet_source_repeat,4,packet:4:329:compact:frontier_consolidation_fwcompact_medium_005002,companion,compact:frontier_consolidation_fwcompact_medium_005002,30,32,0.008325395174324512,4.795833110809326,4.787507715635002
D_R_43022,chck_80M,43022,R,actual_packet_source_repeat,4,packet:4:32:compact:frontier_consolidation_fwcompact_medium_034918,companion,compact:frontier_consolidation_fwcompact_medium_034918,87,89,0.0019973821472376585,7.090005874633789,7.088008492486551
D_R_43022,chck_80M,43022,R,actual_packet_source_repeat,4,packet:4:330:compact:frontier_consolidation_fwcompact_medium_008400,companion,compact:frontier_consolidation_fwcompact_medium_008400,116,118,0.006199889350682497,1.005333662033081,0.9991337726823986
D_R_43022,chck_80M,43022,R,actual_packet_source_repeat,4,packet:4:331:compact:frontier_consolidation_fwcompact_medium_053440,companion,compact:frontier_consolidation_fwcompact_medium_053440,38,40,0.0014943634159862995,0.8253060579299927,0.8238116945140064
D_R_43022,chck_80M,43022,R,actual_packet_source_repeat,4,packet:4:332:compact:frontier_consolidation_fwcompact_medium_054645,companion,compact:frontier_consolidation_fwcompact_medium_054645,28,30,0.04878852888941765,13.650757789611816,13.601969260722399
D_R_43022,chck_80M,43022,R,actual_packet_source_repeat,4,packet:4:333:compact:frontier_consolidation_fwcompact_medium_002348,companion,compact:frontier_consolidation_fwcompact_medium_002348,38,40,0.00406641373410821,7.107315540313721,7.1032491265796125
D_R_43022,chck_80M,43022,R,actual_packet_source_repeat,4,packet:4:334:compact:frontier_consolidation_fwcompact_medium_014545,companion,compact:frontier_consolidation_fwcompact_medium_014545,45,47,0.066131092607975,15.766939163208008,15.700808070600033
D_R_43022,chck_80M,43022,R,actual_packet_source_repeat,4,packet:4:335:compact:frontier_consolidation_fwcompact_medium_032193,companion,compact:frontier_consolidation_fwcompact_medium_032193,32,34,0.0005514293443411589,2.8111119270324707,2.8105604976881295
D_R_43022,chck_80M,43022,R,actual_packet_source_repeat,4,packet:4:336:compact:frontier_consolidation_fwcompact_medium_004047,companion,compact:frontier_consolidation_fwcompact_medium_004047,55,57,0.09652268886566162,10.674629211425781,10.57810652256012
D_R_43022,chck_80M,43022,R,actual_packet_source_repeat,4,packet:4:337:compact:frontier_consolidation_fwcompact_medium_005339,companion,compact:frontier_consolidation_fwcompact_medium_005339,49,51,0.002809032564982772,3.257888078689575,3.2550790461245924
D_R_43022,chck_80M,43022,R,actual_packet_source_repeat,4,packet:4:338:compact:frontier_consolidation_fwcompact_medium_019803,companion,compact:frontier_consolidation_fwcompact_medium_019803,87,89,0.0011855486081913114,0.4726986885070801,0.47151313989888877
D_R_43022,chck_80M,43022,R,actual_packet_source_repeat,4,packet:4:339:compact:frontier_consolidation_fwcompact_medium_041270,companion,compact:frontier_consolidation_fwcompact_medium_041270,43,45,0.008127709850668907,8.90102767944336,8.89289996959269
D_R_43022,chck_80M,43022,R,actual_packet_source_repeat,4,packet:4:33:compact:frontier_consolidation_fwcompact_medium_048895,companion,compact:frontier_consolidation_fwcompact_medium_048895,62,64,0.005224148277193308,0.25285133719444275,0.24762718891724944
D_R_43022,chck_80M,43022,R,actual_packet_source_repeat,4,packet:4:340:compact:frontier_consolidation_fwcompact_medium_049443,companion,compact:frontier_consolidation_fwcompact_medium_049443,68,70,0.026844296604394913,12.296049118041992,12.269204821437597
D_R_43022,chck_80M,43022,R,actual_packet_source_repeat,4,packet:4:341:compact:frontier_consolidation_fwcompact_medium_043403,companion,compact:frontier_consolidation_fwcompact_medium_043403,54,56,0.08162957429885864,13.978096008300781,13.896466434001923
D_R_43022,chck_80M,43022,R,actual_packet_source_repeat,4,packet:4:342:compact:frontier_consolidation_fwcompact_medium_059133,companion,compact:frontier_consolidation_fwcompact_medium_059133,62,64,0.054596658796072006,12.688660621643066,12.634063962846994
D_R_43022,chck_80M,43022,R,actual_packet_source_repeat,4,packet:4:343:compact:frontier_consolidation_fwcompact_medium_042919,companion,compact:frontier_consolidation_fwcompact_medium_042919,59,61,0.003224414074793458,6.102680206298828,6.099455792224035
D_R_43022,chck_80M,43022,R,actual_packet_source_repeat,4,packet:4:344:compact:frontier_consolidation_fwcompact_medium_043741,companion,compact:frontier_consolidation_fwcompact_medium_043741,52,54,0.014267460443079472,2.885094165802002,2.8708267053589225
D_R_43022,chck_80M,43022,R,actual_packet_source_repeat,4,packet:4:345:compact:frontier_consolidation_fwcompact_medium_043723,companion,compact:frontier_consolidation_fwcompact_medium_043723,39,41,0.012415503151714802,11.05787467956543,11.045459176413715
D_R_43022,chck_80M,43022,R,actual_packet_source_repeat,4,packet:4:346:compact:frontier_consolidation_fwcompact_medium_046088,companion,compact:frontier_consolidation_fwcompact_medium_046088,51,53,0.0033987159840762615,9.593536376953125,9.590137660969049
D_R_43022,chck_80M,43022,R,actual_packet_source_repeat,4,packet:4:347:compact:frontier_consolidation_fwcompact_medium_012824,companion,compact:frontier_consolidation_fwcompact_medium_012824,40,42,0.00990204606205225,0.9051414132118225,0.8952393671497703
D_R_43022,chck_80M,43022,R,actual_packet_source_repeat,4,packet:4:348:compact:frontier_consolidation_fwcompact_medium_042009,companion,compact:frontier_consolidation_fwcompact_medium_042009,77,79,0.0007165487040765584,3.4420180320739746,3.441301483369898
D_R_43022,chck_80M,43022,R,actual_packet_source_repeat,4,packet:4:349:compact:frontier_consolidation_fwcompact_medium_048832,companion,compact:frontier_consolidation_fwcompact_medium_048832,51,53,0.01023319736123085,12.218704223632812,12.208471026271582
D_R_43022,chck_80M,43022,R,actual_packet_source_repeat,4,packet:4:34:compact:frontier_consolidation_fwcompact_medium_030075,companion,compact:frontier_consolidation_fwcompact_medium_030075,65,67,0.0048721167258918285,10.089699745178223,10.08482762845233
D_R_43022,chck_80M,43022,R,actual_packet_source_repeat,4,packet:4:350:compact:frontier_consolidation_fwcompact_medium_020701,companion,compact:frontier_consolidation_fwcompact_medium_020701,31,33,0.003653163556009531,2.2969772815704346,2.293324118014425
D_R_43022,chck_80M,43022,R,actual_packet_source_repeat,4,packet:4:351:compact:frontier_consolidation_fwcompact_medium_016644,companion,compact:frontier_consolidation_fwcompact_medium_016644,38,40,0.07247527688741684,18.633304595947266,18.56082931905985
D_R_43022,chck_80M,43022,R,actual_packet_source_repeat,4,packet:4:352:compact:frontier_consolidation_fwcompact_medium_023359,companion,compact:frontier_consolidation_fwcompact_medium_023359,61,63,0.0073685296811163425,9.682208061218262,9.674839531537145
D_R_43022,chck_80M,43022,R,actual_packet_source_repeat,4,packet:4:353:compact:frontier_consolidation_fwcompact_medium_032828,companion,compact:frontier_consolidation_fwcompact_medium_032828,38,40,0.0008896207436919212,3.4654765129089355,3.4645868921652436
D_R_43022,chck_80M,43022,R,actual_packet_source_repeat,4,packet:4:354:compact:frontier_consolidation_fwcompact_medium_051334,companion,compact:frontier_consolidation_fwcompact_medium_051334,28,30,0.02165086381137371,0.7100205421447754,0.6883696783334017
D_R_43022,chck_80M,43022,R,actual_packet_source_repeat,4,packet:4:355:compact:frontier_consolidation_fwcompact_medium_028988,companion,compact:frontier_consolidation_fwcompact_medium_028988,46,48,0.013459062203764915,16.29217529296875,16.278716230764985
D_R_43022,chck_80M,43022,R,actual_packet_source_repeat,4,packet:4:356:compact:frontier_consolidation_fwcompact_medium_039781,companion,compact:frontier_consolidation_fwcompact_medium_039781,34,36,0.0005174727994017303,0.2599731385707855,0.2594556657713838
D_R_43022,chck_80M,43022,R,actual_packet_source_repeat,4,packet:4:357:compact:frontier_consolidation_fwcompact_medium_029015,companion,compact:frontier_consolidation_fwcompact_medium_029015,57,59,0.00290198833681643,0.04346821829676628,0.04056622995994985
D_R_43022,chck_80M,43022,R,actual_packet_source_repeat,4,packet:4:358:compact:frontier_consolidation_fwcompact_medium_042469,companion,compact:frontier_consolidation_fwcompact_medium_042469,62,64,0.02688862755894661,13.061342239379883,13.034453611820936
D_R_43022,chck_80M,43022,R,actual_packet_source_repeat,4,packet:4:359:compact:frontier_consolidation_fwcompact_medium_056860,companion,compact:frontier_consolidation_fwcompact_medium_056860,42,44,0.02835148572921753,10.550313949584961,10.521962463855743
D_R_43022,chck_80M,43022,R,actual_packet_source_repeat,4,packet:4:35:compact:frontier_consolidation_fwcompact_medium_058429,companion,compact:frontier_consolidation_fwcompact_medium_058429,65,67,0.001209004782140255,0.0013606823049485683,0.00015167752280831337
D_R_43022,chck_80M,43022,R,actual_packet_source_repeat,4,packet:4:360:compact:frontier_consolidation_fwcompact_medium_046757,companion,compact:frontier_consolidation_fwcompact_medium_046757,49,51,0.040515780448913574,3.6218948364257812,3.5813790559768677
D_R_43022,chck_80M,43022,R,actual_packet_source_repeat,4,packet:4:361:compact:frontier_consolidation_fwcompact_medium_048932,companion,compact:frontier_consolidation_fwcompact_medium_048932,34,36,0.003959673922508955,4.139084815979004,4.135125142056495
D_R_43022,chck_80M,43022,R,actual_packet_source_repeat,4,packet:4:362:compact:frontier_consolidation_fwcompact_medium_032035,companion,compact:frontier_consolidation_fwcompact_medium_032035,47,49,0.09974922239780426,8.404111862182617,8.304362639784813
D_R_43022,chck_80M,43022,R,actual_packet_source_repeat,4,packet:4:363:compact:frontier_consolidation_fwcompact_medium_060467,companion,compact:frontier_consolidation_fwcompact_medium_060467,48,50,0.004928227048367262,0.3723081648349762,0.36737993778660893
D_R_43022,chck_80M,43022,R,actual_packet_source_repeat,4,packet:4:364:compact:frontier_consolidation_fwcompact_medium_060117,companion,compact:frontier_consolidation_fwcompact_medium_060117,77,79,0.016256162896752357,9.273080825805664,9.256824662908912
D_R_43022,chck_80M,43022,R,actual_packet_source_repeat,4,packet:4:365:compact:frontier_consolidation_fwcompact_medium_004301,companion,compact:frontier_consolidation_fwcompact_medium_004301,30,32,0.0029079315718263388,4.92832088470459,4.9254129531327635
D_R_43022,chck_80M,43022,R,actual_packet_source_repeat,4,packet:4:366:compact:frontier_consolidation_fwcompact_medium_006784,companion,compact:frontier_consolidation_fwcompact_medium_006784,60,62,0.027251556515693665,10.365354537963867,10.338102981448174
D_R_43022,chck_80M,43022,R,actual_packet_source_repeat,4,packet:4:367:compact:frontier_consolidation_fwcompact_medium_028924,companion,compact:frontier_consolidation_fwcompact_medium_028924,36,38,0.01919422298669815,6.716477394104004,6.697283171117306
D_R_43022,chck_80M,43022,R,actual_packet_source_repeat,4,packet:4:368:compact:frontier_consolidation_fwcompact_medium_006218,companion,compact:frontier_consolidation_fwcompact_medium_006218,49,51,0.007846012711524963,13.106955528259277,13.099109515547752
D_R_43022,chck_80M,43022,R,actual_packet_source_repeat,4,packet:4:369:compact:frontier_consolidation_fwcompact_medium_028435,companion,compact:frontier_consolidation_fwcompact_medium_028435,45,47,0.006555480882525444,3.372471570968628,3.3659160900861025
D_R_43022,chck_80M,43022,R,actual_packet_source_repeat,4,packet:4:36:compact:frontier_consolidation_fwcompact_medium_017895,companion,compact:frontier_consolidation_fwcompact_medium_017895,57,59,0.004779936745762825,11.113037109375,11.108257172629237
D_R_43022,chck_80M,43022,R,actual_packet_source_repeat,4,packet:4:370:compact:frontier_consolidation_fwcompact_medium_016474,companion,compact:frontier_consolidation_fwcompact_medium_016474,70,72,0.0018585327779874206,2.79429030418396,2.7924317714059725
D_R_43022,chck_80M,43022,R,actual_packet_source_repeat,4,packet:4:371:compact:frontier_consolidation_fwcompact_medium_011165,companion,compact:frontier_consolidation_fwcompact_medium_011165,30,32,0.000263894529780373,0.19798330962657928,0.1977194150967989
D_R_43022,chck_80M,43022,R,actual_packet_source_repeat,4,packet:4:372:compact:frontier_consolidation_fwcompact_medium_054969,companion,compact:frontier_consolidation_fwcompact_medium_054969,30,32,0.0031184160616248846,1.6475515365600586,1.6444331204984337
D_R_43022,chck_80M,43022,R,actual_packet_source_repeat,4,packet:4:373:compact:frontier_consolidation_fwcompact_medium_008928,companion,compact:frontier_consolidation_fwcompact_medium_008928,52,54,0.00016389934171456844,0.03622553125023842,0.03606163190852385
D_R_43022,chck_80M,43022,R,actual_packet_source_repeat,4,packet:4:374:compact:frontier_consolidation_fwcompact_medium_005969,companion,compact:frontier_consolidation_fwcompact_medium_005969,67,69,0.004308940377086401,9.465535163879395,9.461226223502308
D_R_43022,chck_80M,43022,R,actual_packet_source_repeat,4,packet:4:375:compact:frontier_consolidation_fwcompact_medium_004112,companion,compact:frontier_consolidation_fwcompact_medium_004112,58,60,0.00047231485950760543,3.5497851371765137,3.549312822317006
D_R_43022,chck_80M,43022,R,actual_packet_source_repeat,4,packet:4:376:compact:frontier_consolidation_fwcompact_medium_009251,companion,compact:frontier_consolidation_fwcompact_medium_009251,44,46,0.01012900099158287,2.365140914916992,2.3550119139254093
D_R_43022,chck_80M,43022,R,actual_packet_source_repeat,4,packet:4:377:compact:frontier_consolidation_fwcompact_medium_010810,companion,compact:frontier_consolidation_fwcompact_medium_010810,59,61,0.0838390365242958,5.729276657104492,5.645437620580196
D_R_43022,chck_80M,43022,R,actual_packet_source_repeat,4,packet:4:378:compact:frontier_consolidation_fwcompact_medium_002711,companion,compact:frontier_consolidation_fwcompact_medium_002711,56,58,0.009576099924743176,13.251727104187012,13.242151004262269
D_R_43022,chck_80M,43022,R,actual_packet_source_repeat,4,packet:4:379:compact:frontier_consolidation_fwcompact_medium_018054,companion,compact:frontier_consolidation_fwcompact_medium_018054,50,52,0.005816794466227293,1.8081551790237427,1.8023383845575154
D_R_43022,chck_80M,43022,R,actual_packet_source_repeat,4,packet:4:37:compact:frontier_consolidation_fwcompact_medium_054204,companion,compact:frontier_consolidation_fwcompact_medium_054204,30,32,0.0005066303419880569,4.10556173324585,4.1050551029038616
D_R_43022,chck_80M,43022,R,actual_packet_source_repeat,4,packet:4:380:compact:frontier_consolidation_fwcompact_medium_012442,companion,compact:frontier_consolidation_fwcompact_medium_012442,63,65,0.15100911259651184,12.405458450317383,12.254449337720871
D_R_43022,chck_80M,43022,R,actual_packet_source_repeat,4,packet:4:381:compact:frontier_consolidation_fwcompact_medium_001274,companion,compact:frontier_consolidation_fwcompact_medium_001274,57,59,0.036319226026535034,3.226454973220825,3.19013574719429
D_R_43022,chck_80M,43022,R,actual_packet_source_repeat,4,packet:4:382:compact:frontier_consolidation_fwcompact_medium_015639,companion,compact:frontier_consolidation_fwcompact_medium_015639,40,42,0.009517297148704529,13.629016876220703,13.619499579071999
D_R_43022,chck_80M,43022,R,actual_packet_source_repeat,4,packet:4:383:compact:frontier_consolidation_fwcompact_medium_059623,companion,compact:frontier_consolidation_fwcompact_medium_059623,31,33,0.032375894486904144,9.293536186218262,9.261160291731358
D_R_43022,chck_80M,43022,R,actual_packet_source_repeat,4,packet:4:384:compact:frontier_consolidation_fwcompact_medium_008796,companion,compact:frontier_consolidation_fwcompact_medium_008796,55,57,0.004685494117438793,3.0367982387542725,3.0321127446368337
D_R_43022,chck_80M,43022,R,actual_packet_source_repeat,4,packet:4:385:compact:frontier_consolidation_fwcompact_medium_035198,companion,compact:frontier_consolidation_fwcompact_medium_035198,41,43,0.010874297469854355,10.973114013671875,10.96223971620202
D_R_43022,chck_80M,43022,R,actual_packet_source_repeat,4,packet:4:386:compact:frontier_consolidation_fwcompact_medium_010231,companion,compact:frontier_consolidation_fwcompact_medium_010231,52,54,0.004093363881111145,7.416186332702637,7.412092968821526
D_R_43022,chck_80M,43022,R,actual_packet_source_repeat,4,packet:4:387:compact:frontier_consolidation_fwcompact_medium_013702,companion,compact:frontier_consolidation_fwcompact_medium_013702,46,48,0.013317913748323917,14.185914039611816,14.172596125863492
D_R_43022,chck_80M,43022,R,actual_packet_source_repeat,4,packet:4:388:compact:frontier_consolidation_fwcompact_medium_058711,companion,compact:frontier_consolidation_fwcompact_medium_058711,33,35,0.007009794935584068,7.302443981170654,7.29543418623507
D_R_43022,chck_80M,43022,R,actual_packet_source_repeat,4,packet:4:389:compact:frontier_consolidation_fwcompact_medium_027129,companion,compact:frontier_consolidation_fwcompact_medium_027129,28,30,0.003239148296415806,2.3838629722595215,2.3806238239631057
D_R_43022,chck_80M,43022,R,actual_packet_source_repeat,4,packet:4:38:compact:frontier_consolidation_fwcompact_medium_028682,companion,compact:frontier_consolidation_fwcompact_medium_028682,56,58,0.004114021547138691,0.40269872546195984,0.39858470391482115
D_R_43022,chck_80M,43022,R,actual_packet_source_repeat,4,packet:4:390:compact:frontier_consolidation_fwcompact_medium_004721,companion,compact:frontier_consolidation_fwcompact_medium_004721,30,32,0.0025693520437926054,0.0032654081005603075,0.0006960560567677021
D_R_43022,chck_80M,43022,R,actual_packet_source_repeat,4,packet:4:391:compact:frontier_consolidation_fwcompact_medium_018016,companion,compact:frontier_consolidation_fwcompact_medium_018016,46,48,0.003426991170272231,5.777902126312256,5.774475135141984
D_R_43022,chck_80M,43022,R,actual_packet_source_repeat,4,packet:4:392:compact:frontier_consolidation_fwcompact_medium_022813,companion,compact:frontier_consolidation_fwcompact_medium_022813,53,55,0.01191746350377798,3.7429211139678955,3.7310036504641175
D_R_43022,chck_80M,43022,R,actual_packet_source_repeat,4,packet:4:393:compact:frontier_consolidation_fwcompact_medium_044072,companion,compact:frontier_consolidation_fwcompact_medium_044072,58,60,9.583967766957358e-05,3.1693875789642334,3.169291739286564
D_R_43022,chck_80M,43022,R,actual_packet_source_repeat,4,packet:4:394:compact:frontier_consolidation_fwcompact_medium_020073,companion,compact:frontier_consolidation_fwcompact_medium_020073,33,35,0.09135308861732483,4.409234046936035,4.31788095831871
D_R_43022,chck_80M,43022,R,actual_packet_source_repeat,4,packet:4:395:compact:frontier_consolidation_fwcompact_medium_026594,companion,compact:frontier_consolidation_fwcompact_medium_026594,65,67,0.02063450776040554,7.591645240783691,7.571010733023286
D_R_43022,chck_80M,43022,R,actual_packet_source_repeat,4,packet:4:396:compact:frontier_consolidation_fwcompact_medium_035992,companion,compact:frontier_consolidation_fwcompact_medium_035992,41,43,0.01044898759573698,7.72105073928833,7.710601751692593
D_R_43022,chck_80M,43022,R,actual_packet_source_repeat,4,packet:4:397:compact:frontier_consolidation_fwcompact_medium_045033,companion,compact:frontier_consolidation_fwcompact_medium_045033,50,52,0.017294200137257576,5.289131164550781,5.271836964413524
D_R_43022,chck_80M,43022,R,actual_packet_source_repeat,4,packet:4:398:compact:frontier_consolidation_fwcompact_medium_034845,companion,compact:frontier_consolidation_fwcompact_medium_034845,30,32,0.026774663478136063,17.196514129638672,17.169739466160536
D_R_43022,chck_80M,43022,R,actual_packet_source_repeat,4,packet:4:399:compact:frontier_consolidation_fwcompact_medium_014053,companion,compact:frontier_consolidation_fwcompact_medium_014053,33,35,0.0006342306733131409,0.825605034828186,0.8249708041548729
D_R_43022,chck_80M,43022,R,actual_packet_source_repeat,4,packet:4:39:compact:frontier_consolidation_fwcompact_medium_033994,companion,compact:frontier_consolidation_fwcompact_medium_033994,63,65,0.0022081772331148386,0.23179106414318085,0.229582886910066
D_R_43022,chck_80M,43022,R,actual_packet_source_repeat,4,packet:4:3:compact:frontier_consolidation_fwcompact_medium_031347,companion,compact:frontier_consolidation_fwcompact_medium_031347,43,45,0.022058960050344467,10.12007999420166,10.098021034151316
D_R_43022,chck_80M,43022,R,actual_packet_source_repeat,4,packet:4:400:compact:frontier_consolidation_fwcompact_medium_045741,companion,compact:frontier_consolidation_fwcompact_medium_045741,54,56,0.0021296695340424776,0.792273998260498,0.7901443287264556
D_R_43022,chck_80M,43022,R,actual_packet_source_repeat,4,packet:4:401:compact:frontier_consolidation_fwcompact_medium_001689,companion,compact:frontier_consolidation_fwcompact_medium_001689,42,44,0.00801052339375019,9.610674858093262,9.602664334699512
D_R_43022,chck_80M,43022,R,actual_packet_source_repeat,4,packet:4:402:compact:frontier_consolidation_fwcompact_medium_016505,companion,compact:frontier_consolidation_fwcompact_medium_016505,52,54,0.0006356602534651756,2.7532424926757812,2.752606832422316
D_R_43022,chck_80M,43022,R,actual_packet_source_repeat,4,packet:4:403:compact:frontier_consolidation_fwcompact_medium_029421,companion,compact:frontier_consolidation_fwcompact_medium_029421,43,45,0.007879721000790596,11.019885063171387,11.012005342170596
D_R_43022,chck_80M,43022,R,actual_packet_source_repeat,4,packet:4:404:compact:frontier_consolidation_fwcompact_medium_013423,companion,compact:frontier_consolidation_fwcompact_medium_013423,29,31,0.004760954063385725,3.690457582473755,3.685696628410369
D_R_43022,chck_80M,43022,R,actual_packet_source_repeat,4,packet:4:405:compact:frontier_consolidation_fwcompact_medium_058010,companion,compact:frontier_consolidation_fwcompact_medium_058010,37,39,0.5360013246536255,5.893077850341797,5.357076525688171
D_R_43022,chck_80M,43022,R,actual_packet_source_repeat,4,packet:4:406:compact:frontier_consolidation_fwcompact_medium_017999,companion,compact:frontier_consolidation_fwcompact_medium_017999,20,22,0.0008313775178976357,0.03901651129126549,0.03818513377336785
D_R_43022,chck_80M,43022,R,actual_packet_source_repeat,4,packet:4:407:compact:frontier_consolidation_fwcompact_medium_025354,companion,compact:frontier_consolidation_fwcompact_medium_025354,58,60,0.0003580405900720507,1.1478155851364136,1.1474575445463415
D_R_43022,chck_80M,43022,R,actual_packet_source_repeat,4,packet:4:408:compact:frontier_consolidation_fwcompact_medium_004826,companion,compact:frontier_consolidation_fwcompact_medium_004826,50,52,0.006597877945750952,6.5326995849609375,6.5261017070151865
D_R_43022,chck_80M,43022,R,actual_packet_source_repeat,4,packet:4:409:compact:frontier_consolidation_fwcompact_medium_020843,companion,compact:frontier_consolidation_fwcompact_medium_020843,45,47,0.019923096522688866,7.047342300415039,7.02741920389235
D_R_43022,chck_80M,43022,R,actual_packet_source_repeat,4,packet:4:40:compact:frontier_consolidation_fwcompact_medium_036342,companion,compact:frontier_consolidation_fwcompact_medium_036342,72,74,2.8132995794294402e-05,0.004378138110041618,0.004350005114247324
D_R_43022,chck_80M,43022,R,actual_packet_source_repeat,4,packet:4:410:compact:frontier_consolidation_fwcompact_medium_049101,companion,compact:frontier_consolidation_fwcompact_medium_049101,46,48,0.010485203936696053,4.744401931762695,4.733916727825999
D_R_43022,chck_80M,43022,R,actual_packet_source_repeat,4,packet:4:411:compact:frontier_consolidation_fwcompact_medium_010250,companion,compact:frontier_consolidation_fwcompact_medium_010250,77,79,0.1300584226846695,1.822142481803894,1.6920840591192245
D_R_43022,chck_80M,43022,R,actual_packet_source_repeat,4,packet:4:412:compact:frontier_consolidation_fwcompact_medium_005126,companion,compact:frontier_consolidation_fwcompact_medium_005126,43,45,0.0076924762688577175,8.951998710632324,8.944306234363467
D_R_43022,chck_80M,43022,R,actual_packet_source_repeat,4,packet:4:413:compact:frontier_consolidation_fwcompact_medium_005352,companion,compact:frontier_consolidation_fwcompact_medium_005352,43,45,0.02184915915131569,12.687652587890625,12.66580342873931
D_R_43022,chck_80M,43022,R,actual_packet_source_repeat,4,packet:4:414:compact:frontier_consolidation_fwcompact_medium_060829,companion,compact:frontier_consolidation_fwcompact_medium_060829,58,60,0.06568266451358795,5.496321678161621,5.430639013648033
D_R_43022,chck_80M,43022,R,actual_packet_source_repeat,4,packet:4:415:compact:frontier_consolidation_fwcompact_medium_030736,companion,compact:frontier_consolidation_fwcompact_medium_030736,56,58,0.02396439202129841,3.6865248680114746,3.662560475990176
D_R_43022,chck_80M,43022,R,actual_packet_source_repeat,4,packet:4:416:compact:frontier_consolidation_fwcompact_medium_027535,companion,compact:frontier_consolidation_fwcompact_medium_027535,47,49,0.004431309178471565,2.450524091720581,2.4460927825421095
D_R_43022,chck_80M,43022,R,actual_packet_source_repeat,4,packet:4:417:compact:frontier_consolidation_fwcompact_medium_006361,companion,compact:frontier_consolidation_fwcompact_medium_006361,30,32,0.01264294795691967,5.568803787231445,5.556160839274526
D_R_43022,chck_80M,43022,R,actual_packet_source_repeat,4,packet:4:418:compact:frontier_consolidation_fwcompact_medium_046370,companion,compact:frontier_consolidation_fwcompact_medium_046370,48,50,0.0012381753185763955,0.5929437875747681,0.5917056122561917
D_R_43022,chck_80M,43022,R,actual_packet_source_repeat,4,packet:4:419:compact:frontier_consolidation_fwcompact_medium_044775,companion,compact:frontier_consolidation_fwcompact_medium_044775,35,37,0.01318262703716755,4.032003402709961,4.018820775672793
D_R_43022,chck_80M,43022,R,actual_packet_source_repeat,4,packet:4:41:compact:frontier_consolidation_fwcompact_medium_012555,companion,compact:frontier_consolidation_fwcompact_medium_012555,38,40,0.09766949713230133,12.574088096618652,12.476418599486351
D_R_43022,chck_80M,43022,R,actual_packet_source_repeat,4,packet:4:420:compact:frontier_consolidation_fwcompact_medium_014574,companion,compact:frontier_consolidation_fwcompact_medium_014574,68,70,0.025601772591471672,7.863943099975586,7.838341327384114
D_R_43022,chck_80M,43022,R,actual_packet_source_repeat,4,packet:4:421:compact:frontier_consolidation_fwcompact_medium_045780,companion,compact:frontier_consolidation_fwcompact_medium_045780,42,44,0.006775973830372095,2.1751391887664795,2.1683632149361074
D_R_43022,chck_80M,43022,R,actual_packet_source_repeat,4,packet:4:422:compact:frontier_consolidation_fwcompact_medium_013435,companion,compact:frontier_consolidation_fwcompact_medium_013435,117,119,0.005544996354728937,5.500617027282715,5.495072030927986
D_R_43022,chck_80M,43022,R,actual_packet_source_repeat,4,packet:4:423:compact:frontier_consolidation_fwcompact_medium_060988,companion,compact:frontier_consolidation_fwcompact_medium_060988,57,59,0.007586004212498665,7.4379072189331055,7.430321214720607
D_R_43022,chck_80M,43022,R,actual_packet_source_repeat,4,packet:4:424:compact:frontier_consolidation_fwcompact_medium_003873,companion,compact:frontier_consolidation_fwcompact_medium_003873,57,59,0.0013705631718039513,3.846566915512085,3.845196352340281
D_R_43022,chck_80M,43022,R,actual_packet_source_repeat,4,packet:4:425:compact:frontier_consolidation_fwcompact_medium_029841,companion,compact:frontier_consolidation_fwcompact_medium_029841,68,70,0.007955886423587799,13.447554588317871,13.439598701894283
D_R_43022,chck_80M,43022,R,actual_packet_source_repeat,4,packet:4:426:compact:frontier_consolidation_fwcompact_medium_044882,companion,compact:frontier_consolidation_fwcompact_medium_044882,39,41,10.323250770568848,18.864336013793945,8.541085243225098
D_R_43022,chck_80M,43022,R,actual_packet_source_repeat,4,packet:4:427:compact:frontier_consolidation_fwcompact_medium_003049,companion,compact:frontier_consolidation_fwcompact_medium_003049,63,65,0.014715700410306454,4.198425769805908,4.183710069395602
D_R_43022,chck_80M,43022,R,actual_packet_source_repeat,4,packet:4:428:compact:frontier_consolidation_fwcompact_medium_037657,companion,compact:frontier_consolidation_fwcompact_medium_037657,64,66,0.006476484704762697,5.418661594390869,5.412185109686106
D_R_43022,chck_80M,43022,R,actual_packet_source_repeat,4,packet:4:429:compact:frontier_consolidation_fwcompact_medium_007709,companion,compact:frontier_consolidation_fwcompact_medium_007709,53,55,0.005551397800445557,3.967508316040039,3.9619569182395935
D_R_43022,chck_80M,43022,R,actual_packet_source_repeat,4,packet:4:42:compact:frontier_consolidation_fwcompact_medium_058902,companion,compact:frontier_consolidation_fwcompact_medium_058902,32,34,0.004389176145195961,0.8829766511917114,0.8785874750465155
D_R_43022,chck_80M,43022,R,actual_packet_source_repeat,4,packet:4:430:compact:frontier_consolidation_fwcompact_medium_008547,companion,compact:frontier_consolidation_fwcompact_medium_008547,58,60,0.018463412299752235,7.965258598327637,7.9467951860278845
D_R_43022,chck_80M,43022,R,actual_packet_source_repeat,4,packet:4:431:compact:frontier_consolidation_fwcompact_medium_050741,companion,compact:frontier_consolidation_fwcompact_medium_050741,44,46,0.04342689737677574,11.705791473388672,11.662364576011896
D_R_43022,chck_80M,43022,R,actual_packet_source_repeat,4,packet:4:432:compact:frontier_consolidation_fwcompact_medium_054683,companion,compact:frontier_consolidation_fwcompact_medium_054683,32,34,0.09602271020412445,10.239641189575195,10.14361847937107
D_R_43022,chck_80M,43022,R,actual_packet_source_repeat,4,packet:4:433:compact:frontier_consolidation_fwcompact_medium_033088,companion,compact:frontier_consolidation_fwcompact_medium_033088,49,51,0.004845187067985535,14.07252311706543,14.067677929997444
D_R_43022,chck_80M,43022,R,actual_packet_source_repeat,4,packet:4:434:compact:frontier_consolidation_fwcompact_medium_003658,companion,compact:frontier_consolidation_fwcompact_medium_003658,39,41,0.066525898873806,8.379119873046875,8.312593974173069
D_R_43022,chck_80M,43022,R,actual_packet_source_repeat,4,packet:4:435:compact:frontier_consolidation_fwcompact_medium_021466,companion,compact:frontier_consolidation_fwcompact_medium_021466,35,37,0.0023011888843029737,7.69476318359375,7.692461994709447
D_R_43022,chck_80M,43022,R,actual_packet_source_repeat,4,packet:4:436:compact:frontier_consolidation_fwcompact_medium_009414,companion,compact:frontier_consolidation_fwcompact_medium_009414,69,71,0.03660198301076889,10.621281623840332,10.584679640829563
D_R_43022,chck_80M,43022,R,actual_packet_source_repeat,4,packet:4:437:compact:frontier_consolidation_fwcompact_medium_060331,companion,compact:frontier_consolidation_fwcompact_medium_060331,68,70,0.009002807550132275,12.629890441894531,12.620887634344399
D_R_43022,chck_80M,43022,R,actual_packet_source_repeat,4,packet:4:438:compact:frontier_consolidation_fwcompact_medium_041247,companion,compact:frontier_consolidation_fwcompact_medium_041247,44,46,0.0007339406292885542,0.26248911023139954,0.261755169602111
D_R_43022,chck_80M,43022,R,actual_packet_source_repeat,4,packet:4:439:compact:frontier_consolidation_fwcompact_medium_057173,companion,compact:frontier_consolidation_fwcompact_medium_057173,53,55,0.055660393089056015,5.208839416503906,5.15317902341485
D_R_43022,chck_80M,43022,R,actual_packet_source_repeat,4,packet:4:43:compact:frontier_consolidation_fwcompact_medium_029882,companion,compact:frontier_consolidation_fwcompact_medium_029882,50,52,0.01649961993098259,10.503314018249512,10.48681439831853
D_R_43022,chck_80M,43022,R,actual_packet_source_repeat,4,packet:4:440:compact:frontier_consolidation_fwcompact_medium_057504,companion,compact:frontier_consolidation_fwcompact_medium_057504,27,29,0.005762156564742327,6.5576677322387695,6.551905575674027
D_R_43022,chck_80M,43022,R,actual_packet_source_repeat,4,packet:4:441:compact:frontier_consolidation_fwcompact_medium_008704,companion,compact:frontier_consolidation_fwcompact_medium_008704,47,49,0.0011064843274652958,2.283933639526367,2.282827155198902
D_R_43022,chck_80M,43022,R,actual_packet_source_repeat,4,packet:4:442:compact:frontier_consolidation_fwcompact_medium_022612,companion,compact:frontier_consolidation_fwcompact_medium_022612,43,45,0.005561474710702896,7.998600959777832,7.993039485067129
D_R_43022,chck_80M,43022,R,actual_packet_source_repeat,4,packet:4:443:compact:frontier_consolidation_fwcompact_medium_001909,companion,compact:frontier_consolidation_fwcompact_medium_001909,83,85,0.005394663196057081,5.499095916748047,5.49370125355199
D_R_43022,chck_80M,43022,R,actual_packet_source_repeat,4,packet:4:444:compact:frontier_consolidation_fwcompact_medium_043853,companion,compact:frontier_consolidation_fwcompact_medium_043853,58,60,0.0033294502645730972,0.3936958909034729,0.3903664406388998
D_R_43022,chck_80M,43022,R,actual_packet_source_repeat,4,packet:4:445:compact:frontier_consolidation_fwcompact_medium_029047,companion,compact:frontier_consolidation_fwcompact_medium_029047,65,67,0.006990144029259682,11.162663459777832,11.155673315748572
D_R_43022,chck_80M,43022,R,actual_packet_source_repeat,4,packet:4:446:compact:frontier_consolidation_fwcompact_medium_017045,companion,compact:frontier_consolidation_fwcompact_medium_017045,44,46,0.007523180451244116,3.121403217315674,3.1138800368644297
D_R_43022,chck_80M,43022,R,actual_packet_source_repeat,4,packet:4:447:compact:frontier_consolidation_fwcompact_medium_059980,companion,compact:frontier_consolidation_fwcompact_medium_059980,53,55,0.0037928326055407524,7.046463966369629,7.042671133764088
D_R_43022,chck_80M,43022,R,actual_packet_source_repeat,4,packet:4:448:compact:frontier_consolidation_fwcompact_medium_031536,companion,compact:frontier_consolidation_fwcompact_medium_031536,56,58,0.04401924088597298,9.34895133972168,9.304932098835707
D_R_43022,chck_80M,43022,R,actual_packet_source_repeat,4,packet:4:449:compact:frontier_consolidation_fwcompact_medium_047996,companion,compact:frontier_consolidation_fwcompact_medium_047996,68,70,0.0018043918535113335,3.605844497680664,3.6040401058271527
D_R_43022,chck_80M,43022,R,actual_packet_source_repeat,4,packet:4:44:compact:frontier_consolidation_fwcompact_medium_014159,companion,compact:frontier_consolidation_fwcompact_medium_014159,50,52,0.0006181474891491234,4.2403740882873535,4.239755940798204
D_R_43022,chck_80M,43022,R,actual_packet_source_repeat,4,packet:4:450:compact:frontier_consolidation_fwcompact_medium_016016,companion,compact:frontier_consolidation_fwcompact_medium_016016,22,24,0.0023830130230635405,1.066215991973877,1.0638329789508134
D_R_43022,chck_80M,43022,R,actual_packet_source_repeat,4,packet:4:451:compact:frontier_consolidation_fwcompact_medium_045194,companion,compact:frontier_consolidation_fwcompact_medium_045194,39,41,0.0017685738857835531,6.728389739990234,6.726621166104451
D_R_43022,chck_80M,43022,R,actual_packet_source_repeat,4,packet:4:452:compact:frontier_consolidation_fwcompact_medium_024230,companion,compact:frontier_consolidation_fwcompact_medium_024230,35,37,1.2791836261749268,7.087520599365234,5.808336973190308
D_R_43022,chck_80M,43022,R,actual_packet_source_repeat,4,packet:4:453:compact:frontier_consolidation_fwcompact_medium_046872,companion,compact:frontier_consolidation_fwcompact_medium_046872,37,39,0.012299523688852787,14.255428314208984,14.243128790520132
D_R_43022,chck_80M,43022,R,actual_packet_source_repeat,4,packet:4:454:compact:frontier_consolidation_fwcompact_medium_053244,companion,compact:frontier_consolidation_fwcompact_medium_053244,86,88,0.04264585301280022,14.921464920043945,14.878819067031145
D_R_43022,chck_80M,43022,R,actual_packet_source_repeat,4,packet:4:455:compact:frontier_consolidation_fwcompact_medium_005010,companion,compact:frontier_consolidation_fwcompact_medium_005010,29,31,0.0005287918029353023,0.44345879554748535,0.44293000374455005
D_R_43022,chck_80M,43022,R,actual_packet_source_repeat,4,packet:4:456:compact:frontier_consolidation_fwcompact_medium_044582,companion,compact:frontier_consolidation_fwcompact_medium_044582,49,51,0.007668343838304281,8.639769554138184,8.63210121029988
D_R_43022,chck_80M,43022,R,actual_packet_source_repeat,4,packet:4:457:compact:frontier_consolidation_fwcompact_medium_059884,companion,compact:frontier_consolidation_fwcompact_medium_059884,69,71,0.002592062344774604,5.7987589836120605,5.796166921267286
D_R_43022,chck_80M,43022,R,actual_packet_source_repeat,4,packet:4:458:compact:frontier_consolidation_fwcompact_medium_046804,companion,compact:frontier_consolidation_fwcompact_medium_046804,63,65,0.010566478595137596,12.370208740234375,12.359642261639237
D_R_43022,chck_80M,43022,R,actual_packet_source_repeat,4,packet:4:459:compact:frontier_consolidation_fwcompact_medium_045841,companion,compact:frontier_consolidation_fwcompact_medium_045841,52,54,0.011982838623225689,7.804631233215332,7.792648394592106
D_R_43022,chck_80M,43022,R,actual_packet_source_repeat,4,packet:4:45:compact:frontier_consolidation_fwcompact_medium_004538,companion,compact:frontier_consolidation_fwcompact_medium_004538,47,49,0.003499219659715891,11.750357627868652,11.746858408208936
D_R_43022,chck_80M,43022,R,actual_packet_source_repeat,4,packet:4:460:compact:frontier_consolidation_fwcompact_medium_048407,companion,compact:frontier_consolidation_fwcompact_medium_048407,45,47,0.003648174926638603,0.4696245789527893,0.4659764040261507
D_R_43022,chck_80M,43022,R,actual_packet_source_repeat,4,packet:4:461:compact:frontier_consolidation_fwcompact_medium_037837,companion,compact:frontier_consolidation_fwcompact_medium_037837,62,64,0.007792786229401827,11.851652145385742,11.84385935915634
D_R_43022,chck_80M,43022,R,actual_packet_source_repeat,4,packet:4:462:compact:frontier_consolidation_fwcompact_medium_010883,companion,compact:frontier_consolidation_fwcompact_medium_010883,60,62,0.0009177286992780864,7.415188789367676,7.414271060668398
D_R_43022,chck_80M,43022,R,actual_packet_source_repeat,4,packet:4:463:compact:frontier_consolidation_fwcompact_medium_028668,companion,compact:frontier_consolidation_fwcompact_medium_028668,48,50,0.00019167017308063805,0.11108727753162384,0.1108956073585432
D_R_43022,chck_80M,43022,R,actual_packet_source_repeat,4,packet:4:464:compact:frontier_consolidation_fwcompact_medium_001116,companion,compact:frontier_consolidation_fwcompact_medium_001116,52,54,0.26939627528190613,8.419442176818848,8.150045901536942
D_R_43022,chck_80M,43022,R,actual_packet_source_repeat,4,packet:4:465:compact:frontier_consolidation_fwcompact_medium_009382,companion,compact:frontier_consolidation_fwcompact_medium_009382,66,68,1.0547128915786743,10.291906356811523,9.23719346523285
D_R_43022,chck_80M,43022,R,actual_packet_source_repeat,4,packet:4:466:compact:frontier_consolidation_fwcompact_medium_007493,companion,compact:frontier_consolidation_fwcompact_medium_007493,46,48,0.0010854073334485292,9.727906227111816,9.726820819778368
D_R_43022,chck_80M,43022,R,actual_packet_source_repeat,4,packet:4:467:compact:frontier_consolidation_fwcompact_medium_049479,companion,compact:frontier_consolidation_fwcompact_medium_049479,43,45,0.004843170288950205,2.6369922161102295,2.6321490458212793
D_R_43022,chck_80M,43022,R,actual_packet_source_repeat,4,packet:4:468:compact:frontier_consolidation_fwcompact_medium_057676,companion,compact:frontier_consolidation_fwcompact_medium_057676,29,31,0.003474747994914651,1.8132984638214111,1.8098237158264965
D_R_43022,chck_80M,43022,R,actual_packet_source_repeat,4,packet:4:469:compact:frontier_consolidation_fwcompact_medium_045326,companion,compact:frontier_consolidation_fwcompact_medium_045326,20,22,1.5183912515640259,7.539981842041016,6.02159059047699
D_R_43022,chck_80M,43022,R,actual_packet_source_repeat,4,packet:4:46:compact:frontier_consolidation_fwcompact_medium_035378,companion,compact:frontier_consolidation_fwcompact_medium_035378,43,45,0.016797060146927834,11.846343040466309,11.82954598031938
D_R_43022,chck_80M,43022,R,actual_packet_source_repeat,4,packet:4:470:compact:frontier_consolidation_fwcompact_medium_037437,companion,compact:frontier_consolidation_fwcompact_medium_037437,48,50,0.005698269698768854,1.4104336500167847,1.4047353803180158
D_R_43022,chck_80M,43022,R,actual_packet_source_repeat,4,packet:4:471:compact:frontier_consolidation_fwcompact_medium_052294,companion,compact:frontier_consolidation_fwcompact_medium_052294,54,56,0.008589938282966614,17.486425399780273,17.477835461497307
D_R_43022,chck_80M,43022,R,actual_packet_source_repeat,4,packet:4:472:compact:frontier_consolidation_fwcompact_medium_002958,companion,compact:frontier_consolidation_fwcompact_medium_002958,47,49,0.0011816193582490087,0.31443607807159424,0.31325445871334523
D_R_43022,chck_80M,43022,R,actual_packet_source_repeat,4,packet:4:473:compact:frontier_consolidation_fwcompact_medium_014793,companion,compact:frontier_consolidation_fwcompact_medium_014793,45,47,0.0016400470631197095,0.9788750410079956,0.9772349939448759
D_R_43022,chck_80M,43022,R,actual_packet_source_repeat,4,packet:4:474:compact:frontier_consolidation_fwcompact_medium_022531,companion,compact:frontier_consolidation_fwcompact_medium_022531,47,49,0.006300941575318575,4.0384907722473145,4.032189830671996
D_R_43022,chck_80M,43022,R,actual_packet_source_repeat,4,packet:4:475:compact:frontier_consolidation_fwcompact_medium_057221,companion,compact:frontier_consolidation_fwcompact_medium_057221,70,72,0.006831503938883543,17.40556526184082,17.398733757901937
D_R_43022,chck_80M,43022,R,actual_packet_source_repeat,4,packet:4:476:compact:frontier_consolidation_fwcompact_medium_054747,companion,compact:frontier_consolidation_fwcompact_medium_054747,21,23,0.0033766180276870728,8.8660249710083,8.862648352980614
D_R_43022,chck_80M,43022,R,actual_packet_source_repeat,4,packet:4:477:compact:frontier_consolidation_fwcompact_medium_047946,companion,compact:frontier_consolidation_fwcompact_medium_047946,33,35,0.0002787916746456176,0.7407153844833374,0.7404365928086918
D_R_43022,chck_80M,43022,R,actual_packet_source_repeat,4,packet:4:478:compact:frontier_consolidation_fwcompact_medium_060354,companion,compact:frontier_consolidation_fwcompact_medium_060354,44,46,0.006168730556964874,7.270969390869141,7.264800660312176
D_R_43022,chck_80M,43022,R,actual_packet_source_repeat,4,packet:4:479:compact:frontier_consolidation_fwcompact_medium_020223,companion,compact:frontier_consolidation_fwcompact_medium_020223,20,22,0.007102242670953274,2.9070310592651367,2.8999288165941834
D_R_43022,chck_80M,43022,R,actual_packet_source_repeat,4,packet:4:47:compact:frontier_consolidation_fwcompact_medium_043222,companion,compact:frontier_consolidation_fwcompact_medium_043222,39,41,0.0006333967321552336,2.4998960494995117,2.4992626527673565
D_R_43022,chck_80M,43022,R,actual_packet_source_repeat,4,packet:4:480:compact:frontier_consolidation_fwcompact_medium_054533,companion,compact:frontier_consolidation_fwcompact_medium_054533,36,38,0.004176822490990162,1.0347411632537842,1.030564340762794
D_R_43022,chck_80M,43022,R,actual_packet_source_repeat,4,packet:4:481:compact:frontier_consolidation_fwcompact_medium_033610,companion,compact:frontier_consolidation_fwcompact_medium_033610,53,55,0.0030934596434235573,5.575173854827881,5.572080395184457
D_R_43022,chck_80M,43022,R,actual_packet_source_repeat,4,packet:4:482:compact:frontier_consolidation_fwcompact_medium_011941,companion,compact:frontier_consolidation_fwcompact_medium_011941,39,41,0.007354211527854204,6.605194091796875,6.597839880269021
D_R_43022,chck_80M,43022,R,actual_packet_source_repeat,4,packet:4:483:compact:frontier_consolidation_fwcompact_medium_023699,companion,compact:frontier_consolidation_fwcompact_medium_023699,39,41,0.0286578182131052,6.447481155395508,6.418823337182403
D_R_43022,chck_80M,43022,R,actual_packet_source_repeat,4,packet:4:484:compact:frontier_consolidation_fwcompact_medium_047334,companion,compact:frontier_consolidation_fwcompact_medium_047334,26,28,0.003801739541813731,4.387530326843262,4.383728587301448
D_R_43022,chck_80M,43022,R,actual_packet_source_repeat,4,packet:4:485:compact:frontier_consolidation_fwcompact_medium_038833,companion,compact:frontier_consolidation_fwcompact_medium_038833,40,42,0.00344089069403708,6.649214744567871,6.645773853873834
D_R_43022,chck_80M,43022,R,actual_packet_source_repeat,4,packet:4:486:compact:frontier_consolidation_fwcompact_medium_046503,companion,compact:frontier_consolidation_fwcompact_medium_046503,45,47,1.7911385297775269,8.393186569213867,6.60204803943634
D_R_43022,chck_80M,43022,R,actual_packet_source_repeat,4,packet:4:487:compact:frontier_consolidation_fwcompact_medium_014345,companion,compact:frontier_consolidation_fwcompact_medium_014345,31,33,0.010085219517350197,4.331637859344482,4.321552639827132
D_R_43022,chck_80M,43022,R,actual_packet_source_repeat,4,packet:4:488:compact:frontier_consolidation_fwcompact_medium_051468,companion,compact:frontier_consolidation_fwcompact_medium_051468,53,55,0.00026794656878337264,3.493799924850464,3.4935319782816805
D_R_43022,chck_80M,43022,R,actual_packet_source_repeat,4,packet:4:489:compact:frontier_consolidation_fwcompact_medium_019070,companion,compact:frontier_consolidation_fwcompact_medium_019070,47,49,0.06000622361898422,7.349644660949707,7.289638437330723
D_R_43022,chck_80M,43022,R,actual_packet_source_repeat,4,packet:4:48:compact:frontier_consolidation_fwcompact_medium_053969,companion,compact:frontier_consolidation_fwcompact_medium_053969,95,97,0.010544302873313427,15.315178871154785,15.304634568281472
D_R_43022,chck_80M,43022,R,actual_packet_source_repeat,4,packet:4:490:compact:frontier_consolidation_fwcompact_medium_050279,companion,compact:frontier_consolidation_fwcompact_medium_050279,51,53,0.034351520240306854,5.744450092315674,5.710098572075367
D_R_43022,chck_80M,43022,R,actual_packet_source_repeat,4,packet:4:491:compact:frontier_consolidation_fwcompact_medium_000476,companion,compact:frontier_consolidation_fwcompact_medium_000476,53,55,0.010151422582566738,6.699758052825928,6.689606630243361
D_R_43022,chck_80M,43022,R,actual_packet_source_repeat,4,packet:4:492:compact:frontier_consolidation_fwcompact_medium_055254,companion,compact:frontier_consolidation_fwcompact_medium_055254,55,57,0.006865720264613628,14.175007820129395,14.168142099864781
D_R_43022,chck_80M,43022,R,actual_packet_source_repeat,4,packet:4:493:compact:frontier_consolidation_fwcompact_medium_015431,companion,compact:frontier_consolidation_fwcompact_medium_015431,45,47,0.025922536849975586,7.330366611480713,7.304444074630737
D_R_43022,chck_80M,43022,R,actual_packet_source_repeat,4,packet:4:494:compact:frontier_consolidation_fwcompact_medium_057600,companion,compact:frontier_consolidation_fwcompact_medium_057600,49,51,0.0029986200388520956,7.6433210372924805,7.640322417253628
D_R_43022,chck_80M,43022,R,actual_packet_source_repeat,4,packet:4:495:compact:frontier_consolidation_fwcompact_medium_014130,companion,compact:frontier_consolidation_fwcompact_medium_014130,40,42,0.00720876595005393,1.6807973384857178,1.6735885725356638
D_R_43022,chck_80M,43022,R,actual_packet_source_repeat,4,packet:4:496:compact:frontier_consolidation_fwcompact_medium_035695,companion,compact:frontier_consolidation_fwcompact_medium_035695,64,66,0.0032486540731042624,6.65474796295166,6.651499308878556
D_R_43022,chck_80M,43022,R,actual_packet_source_repeat,4,packet:4:497:compact:frontier_consolidation_fwcompact_medium_014451,companion,compact:frontier_consolidation_fwcompact_medium_014451,44,46,0.007740858010947704,8.541946411132812,8.534205553121865
D_R_43022,chck_80M,43022,R,actual_packet_source_repeat,4,packet:4:498:compact:frontier_consolidation_fwcompact_medium_027628,companion,compact:frontier_consolidation_fwcompact_medium_027628,83,85,0.0006947487709112465,2.46152400970459,2.4608292609336786
D_R_43022,chck_80M,43022,R,actual_packet_source_repeat,4,packet:4:499:compact:frontier_consolidation_fwcompact_medium_060623,companion,compact:frontier_consolidation_fwcompact_medium_060623,59,61,0.002556153805926442,0.18927647173404694,0.1867203179281205
D_R_43022,chck_80M,43022,R,actual_packet_source_repeat,4,packet:4:49:compact:frontier_consolidation_fwcompact_medium_014753,companion,compact:frontier_consolidation_fwcompact_medium_014753,38,40,0.0021213425789028406,0.7626991868019104,0.7605778442230076
D_R_43022,chck_80M,43022,R,actual_packet_source_repeat,4,packet:4:4:compact:frontier_consolidation_fwcompact_medium_015071,companion,compact:frontier_consolidation_fwcompact_medium_015071,54,56,0.006059845443814993,7.8894829750061035,7.8834231295622885
D_R_43022,chck_80M,43022,R,actual_packet_source_repeat,4,packet:4:500:compact:frontier_consolidation_fwcompact_medium_020302,companion,compact:frontier_consolidation_fwcompact_medium_020302,52,54,0.05299932509660721,0.04842288792133331,-0.004576437175273895
D_R_43022,chck_80M,43022,R,actual_packet_source_repeat,4,packet:4:501:compact:frontier_consolidation_fwcompact_medium_035549,companion,compact:frontier_consolidation_fwcompact_medium_035549,35,37,0.0002696150622796267,6.461559772491455,6.4612901574291755
D_R_43022,chck_80M,43022,R,actual_packet_source_repeat,4,packet:4:502:compact:frontier_consolidation_fwcompact_medium_045379,companion,compact:frontier_consolidation_fwcompact_medium_045379,22,24,0.0005072260973975062,0.062614805996418,0.06210757989902049
D_R_43022,chck_80M,43022,R,actual_packet_source_repeat,4,packet:4:503:compact:frontier_consolidation_fwcompact_medium_029573,companion,compact:frontier_consolidation_fwcompact_medium_029573,60,62,0.020152928307652473,7.207705020904541,7.1875520925968885
D_R_43022,chck_80M,43022,R,actual_packet_source_repeat,4,packet:4:504:compact:frontier_consolidation_fwcompact_medium_016483,companion,compact:frontier_consolidation_fwcompact_medium_016483,47,49,0.0005204515182413161,0.7766106128692627,0.7760901613510214
D_R_43022,chck_80M,43022,R,actual_packet_source_repeat,4,packet:4:505:compact:frontier_consolidation_fwcompact_medium_044519,companion,compact:frontier_consolidation_fwcompact_medium_044519,67,69,0.021557768806815147,7.862677097320557,7.8411193285137415
D_R_43022,chck_80M,43022,R,actual_packet_source_repeat,4,packet:4:506:compact:frontier_consolidation_fwcompact_medium_008737,companion,compact:frontier_consolidation_fwcompact_medium_008737,57,59,0.0011712603736668825,1.8039276599884033,1.8027563996147364
D_R_43022,chck_80M,43022,R,actual_packet_source_repeat,4,packet:4:507:compact:frontier_consolidation_fwcompact_medium_033249,companion,compact:frontier_consolidation_fwcompact_medium_033249,44,46,0.0003232433518860489,3.660831928253174,3.660508684901288
D_R_43022,chck_80M,43022,R,actual_packet_source_repeat,4,packet:4:508:compact:frontier_consolidation_fwcompact_medium_027271,companion,compact:frontier_consolidation_fwcompact_medium_027271,51,53,0.03316961228847504,8.860427856445312,8.827258244156837
D_R_43022,chck_80M,43022,R,actual_packet_source_repeat,4,packet:4:509:compact:frontier_consolidation_fwcompact_medium_051950,companion,compact:frontier_consolidation_fwcompact_medium_051950,49,51,0.0016251702327281237,15.783366203308105,15.781741033075377
D_R_43022,chck_80M,43022,R,actual_packet_source_repeat,4,packet:4:50:compact:frontier_consolidation_fwcompact_medium_010090,companion,compact:frontier_consolidation_fwcompact_medium_010090,67,69,0.05461336299777031,8.560211181640625,8.505597818642855
D_R_43022,chck_80M,43022,R,actual_packet_source_repeat,4,packet:4:510:compact:frontier_consolidation_fwcompact_medium_023879,companion,compact:frontier_consolidation_fwcompact_medium_023879,34,36,0.0004215544031467289,0.9361022710800171,0.9356807166768704
D_R_43022,chck_80M,43022,R,actual_packet_source_repeat,4,packet:4:511:compact:frontier_consolidation_fwcompact_medium_058698,companion,compact:frontier_consolidation_fwcompact_medium_058698,45,47,0.020016226917505264,18.84861946105957,18.828603234142065
D_R_43022,chck_80M,43022,R,actual_packet_source_repeat,4,packet:4:512:compact:frontier_consolidation_fwcompact_medium_049284,companion,compact:frontier_consolidation_fwcompact_medium_049284,39,41,0.000715714821126312,3.766711473464966,3.7659957586438395
D_R_43022,chck_80M,43022,R,actual_packet_source_repeat,4,packet:4:513:compact:frontier_consolidation_fwcompact_medium_043097,companion,compact:frontier_consolidation_fwcompact_medium_043097,52,54,0.003801977029070258,0.21423125267028809,0.21042927564121783
D_R_43022,chck_80M,43022,R,actual_packet_source_repeat,4,packet:4:514:compact:frontier_consolidation_fwcompact_medium_047881,companion,compact:frontier_consolidation_fwcompact_medium_047881,39,41,0.005853415932506323,18.097843170166016,18.09198975423351
D_R_43022,chck_80M,43022,R,actual_packet_source_repeat,4,packet:4:515:compact:frontier_consolidation_fwcompact_medium_019681,companion,compact:frontier_consolidation_fwcompact_medium_019681,70,72,0.006127381697297096,3.855330467224121,3.849203085526824
D_R_43022,chck_80M,43022,R,actual_packet_source_repeat,4,packet:4:516:compact:frontier_consolidation_fwcompact_medium_043479,companion,compact:frontier_consolidation_fwcompact_medium_043479,36,38,0.2211659699678421,16.008636474609375,15.787470504641533
D_R_43022,chck_80M,43022,R,actual_packet_source_repeat,4,packet:4:517:compact:frontier_consolidation_fwcompact_medium_002500,companion,compact:frontier_consolidation_fwcompact_medium_002500,32,34,0.008688503876328468,3.883490800857544,3.8748022969812155
D_R_43022,chck_80M,43022,R,actual_packet_source_repeat,4,packet:4:518:compact:frontier_consolidation_fwcompact_medium_059266,companion,compact:frontier_consolidation_fwcompact_medium_059266,46,48,0.000651147507596761,0.19627685844898224,0.19562571094138548
D_R_43022,chck_80M,43022,R,actual_packet_source_repeat,4,packet:4:519:compact:frontier_consolidation_fwcompact_medium_006019,companion,compact:frontier_consolidation_fwcompact_medium_006019,44,46,0.0009273757459595799,7.938948631286621,7.9380212555406615
D_R_43022,chck_80M,43022,R,actual_packet_source_repeat,4,packet:4:51:compact:frontier_consolidation_fwcompact_medium_050259,companion,compact:frontier_consolidation_fwcompact_medium_050259,55,57,0.00726782251149416,2.651885509490967,2.6446176869794726
D_R_43022,chck_80M,43022,R,actual_packet_source_repeat,4,packet:4:520:compact:frontier_consolidation_fwcompact_medium_016096,companion,compact:frontier_consolidation_fwcompact_medium_016096,50,52,0.0047412593849003315,9.304360389709473,9.299619130324572
D_R_43022,chck_80M,43022,R,actual_packet_source_repeat,4,packet:4:521:compact:frontier_consolidation_fwcompact_medium_031515,companion,compact:frontier_consolidation_fwcompact_medium_031515,66,68,0.00452435202896595,3.487330913543701,3.482806561514735
D_R_43022,chck_80M,43022,R,actual_packet_source_repeat,4,packet:4:522:compact:frontier_consolidation_fwcompact_medium_016905,companion,compact:frontier_consolidation_fwcompact_medium_016905,40,42,0.017410889267921448,8.962371826171875,8.944960936903954
D_R_43022,chck_80M,43022,R,actual_packet_source_repeat,4,packet:4:523:compact:frontier_consolidation_fwcompact_medium_052498,companion,compact:frontier_consolidation_fwcompact_medium_052498,63,65,0.0024895647075027227,2.068366289138794,2.0658767244312912
D_R_43022,chck_80M,43022,R,actual_packet_source_repeat,4,packet:4:524:compact:frontier_consolidation_fwcompact_medium_002894,companion,compact:frontier_consolidation_fwcompact_medium_002894,41,43,0.0011378012131899595,0.012735700234770775,0.011597899021580815
D_R_43022,chck_80M,43022,R,actual_packet_source_repeat,4,packet:4:525:compact:frontier_consolidation_fwcompact_medium_031501,companion,compact:frontier_consolidation_fwcompact_medium_031501,46,48,0.0069775958545506,4.881137371063232,4.874159775208682
D_R_43022,chck_80M,43022,R,actual_packet_source_repeat,4,packet:4:526:compact:frontier_consolidation_fwcompact_medium_057822,companion,compact:frontier_consolidation_fwcompact_medium_057822,76,78,0.03471440076828003,5.537055969238281,5.502341568470001
D_R_43022,chck_80M,43022,R,actual_packet_source_repeat,4,packet:4:527:compact:frontier_consolidation_fwcompact_medium_014399,companion,compact:frontier_consolidation_fwcompact_medium_014399,26,28,0.06203663349151611,6.55444860458374,6.492411971092224
D_R_43022,chck_80M,43022,R,actual_packet_source_repeat,4,packet:4:528:compact:frontier_consolidation_fwcompact_medium_043691,companion,compact:frontier_consolidation_fwcompact_medium_043691,67,69,0.013381785713136196,2.0873045921325684,2.073922806419432
D_R_43022,chck_80M,43022,R,actual_packet_source_repeat,4,packet:4:529:compact:frontier_consolidation_fwcompact_medium_024113,companion,compact:frontier_consolidation_fwcompact_medium_024113,39,41,0.0239458866417408,7.028959274291992,7.005013387650251
D_R_43022,chck_80M,43022,R,actual_packet_source_repeat,4,packet:4:52:compact:frontier_consolidation_fwcompact_medium_011883,companion,compact:frontier_consolidation_fwcompact_medium_011883,59,61,0.0005723983631469309,1.0313974618911743,1.0308250635280274
D_R_43022,chck_80M,43022,R,actual_packet_source_repeat,4,packet:4:530:compact:frontier_consolidation_fwcompact_medium_043873,companion,compact:frontier_consolidation_fwcompact_medium_043873,46,48,0.0004974558250978589,5.832821369171143,5.832323913346045
D_R_43022,chck_80M,43022,R,actual_packet_source_repeat,4,packet:4:531:compact:frontier_consolidation_fwcompact_medium_060673,companion,compact:frontier_consolidation_fwcompact_medium_060673,42,44,0.0001436368766007945,1.48590087890625,1.4857572420296492
D_R_43022,chck_80M,43022,R,actual_packet_source_repeat,4,packet:4:532:compact:frontier_consolidation_fwcompact_medium_024118,companion,compact:frontier_consolidation_fwcompact_medium_024118,37,39,0.02530391700565815,16.46854591369629,16.44324199669063
D_R_43022,chck_80M,43022,R,actual_packet_source_repeat,4,packet:4:533:compact:frontier_consolidation_fwcompact_medium_060772,companion,compact:frontier_consolidation_fwcompact_medium_060772,46,48,0.012566785328090191,18.329946517944336,18.317379732616246
D_R_43022,chck_80M,43022,R,actual_packet_source_repeat,4,packet:4:534:compact:frontier_consolidation_fwcompact_medium_055097,companion,compact:frontier_consolidation_fwcompact_medium_055097,44,46,0.005690446589142084,6.663473606109619,6.657783159520477
D_R_43022,chck_80M,43022,R,actual_packet_source_repeat,4,packet:4:535:compact:frontier_consolidation_fwcompact_medium_049422,companion,compact:frontier_consolidation_fwcompact_medium_049422,42,44,0.005124766379594803,0.244259774684906,0.2391350083053112
D_R_43022,chck_80M,43022,R,actual_packet_source_repeat,4,packet:4:536:compact:frontier_consolidation_fwcompact_medium_029613,companion,compact:frontier_consolidation_fwcompact_medium_029613,44,46,0.007261431775987148,10.1808500289917,10.173588597215712
D_R_43022,chck_80M,43022,R,actual_packet_source_repeat,4,packet:4:537:compact:frontier_consolidation_fwcompact_medium_052723,companion,compact:frontier_consolidation_fwcompact_medium_052723,72,74,0.0036512629594653845,2.362114906311035,2.3584636433515698
D_R_43022,chck_80M,43022,R,actual_packet_source_repeat,4,packet:4:538:compact:frontier_consolidation_fwcompact_medium_034972,companion,compact:frontier_consolidation_fwcompact_medium_034972,114,116,0.006641457322984934,4.617510795593262,4.610869338270277
D_R_43022,chck_80M,43022,R,actual_packet_source_repeat,4,packet:4:539:compact:frontier_consolidation_fwcompact_medium_056967,companion,compact:frontier_consolidation_fwcompact_medium_056967,75,77,0.0021136105060577393,2.1919074058532715,2.1897937953472137
D_R_43022,chck_80M,43022,R,actual_packet_source_repeat,4,packet:4:53:compact:frontier_consolidation_fwcompact_medium_056870,companion,compact:frontier_consolidation_fwcompact_medium_056870,50,52,0.0240803062915802,11.939033508300781,11.914953202009201
D_R_43022,chck_80M,43022,R,actual_packet_source_repeat,4,packet:4:540:compact:frontier_consolidation_fwcompact_medium_053815,companion,compact:frontier_consolidation_fwcompact_medium_053815,59,61,0.008718520402908325,3.5448529720306396,3.5361344516277313
D_R_43022,chck_80M,43022,R,actual_packet_source_repeat,4,packet:4:541:compact:frontier_consolidation_fwcompact_medium_024847,companion,compact:frontier_consolidation_fwcompact_medium_024847,60,62,0.016711601987481117,12.525705337524414,12.508993735536933
D_R_43022,chck_80M,43022,R,actual_packet_source_repeat,4,packet:4:542:compact:frontier_consolidation_fwcompact_medium_036895,companion,compact:frontier_consolidation_fwcompact_medium_036895,26,28,0.003108908887952566,5.045774459838867,5.042665550950915
D_R_43022,chck_80M,43022,R,actual_packet_source_repeat,4,packet:4:543:compact:frontier_consolidation_fwcompact_medium_023782,companion,compact:frontier_consolidation_fwcompact_medium_023782,46,48,0.15999048948287964,5.616363048553467,5.456372559070587
D_R_43022,chck_80M,43022,R,actual_packet_source_repeat,4,packet:4:544:compact:frontier_consolidation_fwcompact_medium_034516,companion,compact:frontier_consolidation_fwcompact_medium_034516,72,74,0.013980434276163578,9.657032012939453,9.64305157866329
D_R_43022,chck_80M,43022,R,actual_packet_source_repeat,4,packet:4:545:compact:frontier_consolidation_fwcompact_medium_051264,companion,compact:frontier_consolidation_fwcompact_medium_051264,34,36,0.005751370452344418,8.750492095947266,8.744740725494921
D_R_43022,chck_80M,43022,R,actual_packet_source_repeat,4,packet:4:546:compact:frontier_consolidation_fwcompact_medium_013222,companion,compact:frontier_consolidation_fwcompact_medium_013222,51,53,0.032903533428907394,1.403039574623108,1.3701360411942005
D_R_43022,chck_80M,43022,R,actual_packet_source_repeat,4,packet:4:547:compact:frontier_consolidation_fwcompact_medium_060456,companion,compact:frontier_consolidation_fwcompact_medium_060456,38,40,0.18724116683006287,10.151430130004883,9.96418896317482
D_R_43022,chck_80M,43022,R,actual_packet_source_repeat,4,packet:4:548:compact:frontier_consolidation_fwcompact_medium_052076,companion,compact:frontier_consolidation_fwcompact_medium_052076,23,25,0.024263693019747734,3.3122851848602295,3.2880214918404818
D_R_43022,chck_80M,43022,R,actual_packet_source_repeat,4,packet:4:549:compact:frontier_consolidation_fwcompact_medium_000741,companion,compact:frontier_consolidation_fwcompact_medium_000741,64,66,0.00574745936319232,14.480449676513672,14.47470221715048
D_R_43022,chck_80M,43022,R,actual_packet_source_repeat,4,packet:4:54:compact:frontier_consolidation_fwcompact_medium_016210,companion,compact:frontier_consolidation_fwcompact_medium_016210,38,40,0.0007453762227669358,0.785136342048645,0.7843909658258781
D_R_43022,chck_80M,43022,R,actual_packet_source_repeat,4,packet:4:550:compact:frontier_consolidation_fwcompact_medium_047029,companion,compact:frontier_consolidation_fwcompact_medium_047029,75,77,0.0075111123733222485,5.102933883666992,5.09542277129367
D_R_43022,chck_80M,43022,R,actual_packet_source_repeat,4,packet:4:551:compact:frontier_consolidation_fwcompact_medium_046448,companion,compact:frontier_consolidation_fwcompact_medium_046448,78,80,9.595887240720913e-05,0.3914177417755127,0.3913217829031055
D_R_43022,chck_80M,43022,R,actual_packet_source_repeat,4,packet:4:552:compact:frontier_consolidation_fwcompact_medium_054273,companion,compact:frontier_consolidation_fwcompact_medium_054273,40,42,0.008970554918050766,12.783198356628418,12.774227801710367
D_R_43022,chck_80M,43022,R,actual_packet_source_repeat,4,packet:4:553:compact:frontier_consolidation_fwcompact_medium_045060,companion,compact:frontier_consolidation_fwcompact_medium_045060,51,53,0.006568744778633118,12.142228126525879,12.135659381747246
D_R_43022,chck_80M,43022,R,actual_packet_source_repeat,4,packet:4:554:compact:frontier_consolidation_fwcompact_medium_042496,companion,compact:frontier_consolidation_fwcompact_medium_042496,78,80,0.03152136877179146,3.023423194885254,2.9919018261134624
D_R_43022,chck_80M,43022,R,actual_packet_source_repeat,4,packet:4:555:compact:frontier_consolidation_fwcompact_medium_049556,companion,compact:frontier_consolidation_fwcompact_medium_049556,35,37,0.000902126485016197,1.1615132093429565,1.1606110828579403
D_R_43022,chck_80M,43022,R,actual_packet_source_repeat,4,packet:4:556:compact:frontier_consolidation_fwcompact_medium_016368,companion,compact:frontier_consolidation_fwcompact_medium_016368,48,50,0.0686662346124649,16.2529296875,16.184263452887535
D_R_43022,chck_80M,43022,R,actual_packet_source_repeat,4,packet:4:557:compact:frontier_consolidation_fwcompact_medium_059937,companion,compact:frontier_consolidation_fwcompact_medium_059937,46,48,0.002778005786240101,12.085139274597168,12.082361268810928
D_R_43022,chck_80M,43022,R,actual_packet_source_repeat,4,packet:4:558:compact:frontier_consolidation_fwcompact_medium_037997,companion,compact:frontier_consolidation_fwcompact_medium_037997,49,51,0.0019639506936073303,0.9296174645423889,0.9276535138487816
D_R_43022,chck_80M,43022,R,actual_packet_source_repeat,4,packet:4:559:compact:frontier_consolidation_fwcompact_medium_059907,companion,compact:frontier_consolidation_fwcompact_medium_059907,33,35,0.0022891764529049397,12.524201393127441,12.521912216674536
D_R_43022,chck_80M,43022,R,actual_packet_source_repeat,4,packet:4:55:compact:frontier_consolidation_fwcompact_medium_016822,companion,compact:frontier_consolidation_fwcompact_medium_016822,40,42,0.0042857942171394825,8.92538833618164,8.921102541964501
D_R_43022,chck_80M,43022,R,actual_packet_source_repeat,4,packet:4:560:compact:frontier_consolidation_fwcompact_medium_008502,companion,compact:frontier_consolidation_fwcompact_medium_008502,55,57,0.022318264469504356,7.708512783050537,7.686194518581033
D_R_43022,chck_80M,43022,R,actual_packet_source_repeat,4,packet:4:561:compact:frontier_consolidation_fwcompact_medium_030724,companion,compact:frontier_consolidation_fwcompact_medium_030724,44,46,0.038329191505908966,14.107439041137695,14.069109849631786
D_R_43022,chck_80M,43022,R,actual_packet_source_repeat,4,packet:4:562:compact:frontier_consolidation_fwcompact_medium_055933,companion,compact:frontier_consolidation_fwcompact_medium_055933,29,31,0.01895972341299057,14.543364524841309,14.524404801428318
D_R_43022,chck_80M,43022,R,actual_packet_source_repeat,4,packet:4:563:compact:frontier_consolidation_fwcompact_medium_020857,companion,compact:frontier_consolidation_fwcompact_medium_020857,76,78,0.002952028764411807,7.308286666870117,7.305334638105705
D_R_43022,chck_80M,43022,R,actual_packet_source_repeat,4,packet:4:564:compact:frontier_consolidation_fwcompact_medium_030051,companion,compact:frontier_consolidation_fwcompact_medium_030051,69,71,0.0037113612052053213,13.045370101928711,13.041658740723506
D_R_43022,chck_80M,43022,R,actual_packet_source_repeat,4,packet:4:565:compact:frontier_consolidation_fwcompact_medium_008942,companion,compact:frontier_consolidation_fwcompact_medium_008942,40,42,0.016495047137141228,1.8769903182983398,1.8604952711611986
D_R_43022,chck_80M,43022,R,actual_packet_source_repeat,4,packet:4:566:compact:frontier_consolidation_fwcompact_medium_046652,companion,compact:frontier_consolidation_fwcompact_medium_046652,57,59,0.004926210269331932,5.122437477111816,5.1175112668424845
D_R_43022,chck_80M,43022,R,actual_packet_source_repeat,4,packet:4:567:compact:frontier_consolidation_fwcompact_medium_041738,companion,compact:frontier_consolidation_fwcompact_medium_041738,39,41,0.018505776301026344,13.709680557250977,13.69117478094995
D_R_43022,chck_80M,43022,R,actual_packet_source_repeat,4,packet:4:568:compact:frontier_consolidation_fwcompact_medium_022838,companion,compact:frontier_consolidation_fwcompact_medium_022838,30,32,0.00018749863374978304,0.008332961238920689,0.008145462605170906
D_R_43022,chck_80M,43022,R,actual_packet_source_repeat,4,packet:4:569:compact:frontier_consolidation_fwcompact_medium_015706,companion,compact:frontier_consolidation_fwcompact_medium_015706,37,39,0.0016628975281491876,1.9908348321914673,1.989171934663318
D_R_43022,chck_80M,43022,R,actual_packet_source_repeat,4,packet:4:56:compact:frontier_consolidation_fwcompact_medium_007559,companion,compact:frontier_consolidation_fwcompact_medium_007559,55,57,0.05372250825166702,4.302103519439697,4.24838101118803
D_R_43022,chck_80M,43022,R,actual_packet_source_repeat,4,packet:4:570:compact:frontier_consolidation_fwcompact_medium_017557,companion,compact:frontier_consolidation_fwcompact_medium_017557,43,45,0.03470196574926376,3.0919835567474365,3.0572815909981728
D_R_43022,chck_80M,43022,R,actual_packet_source_repeat,4,packet:4:571:compact:frontier_consolidation_fwcompact_medium_004617,companion,compact:frontier_consolidation_fwcompact_medium_004617,29,31,0.0034502758644521236,7.505946159362793,7.502495883498341
D_R_43022,chck_80M,43022,R,actual_packet_source_repeat,4,packet:4:572:compact:frontier_consolidation_fwcompact_medium_039522,companion,compact:frontier_consolidation_fwcompact_medium_039522,43,45,0.003886647056788206,7.611658096313477,7.607771449256688
D_R_43022,chck_80M,43022,R,actual_packet_source_repeat,4,packet:4:573:compact:frontier_consolidation_fwcompact_medium_040416,companion,compact:frontier_consolidation_fwcompact_medium_040416,41,43,0.018596932291984558,21.142017364501953,21.12342043220997
D_R_43022,chck_80M,43022,R,actual_packet_source_repeat,4,packet:4:574:compact:frontier_consolidation_fwcompact_medium_055897,companion,compact:frontier_consolidation_fwcompact_medium_055897,34,36,0.009874779731035233,9.581730842590332,9.571856062859297
D_R_43022,chck_80M,43022,R,actual_packet_source_repeat,4,packet:4:575:compact:frontier_consolidation_fwcompact_medium_026729,companion,compact:frontier_consolidation_fwcompact_medium_026729,35,37,0.012734523043036461,11.219329833984375,11.206595310941339
D_R_43022,chck_80M,43022,R,actual_packet_source_repeat,4,packet:4:576:compact:frontier_consolidation_fwcompact_medium_008196,companion,compact:frontier_consolidation_fwcompact_medium_008196,74,76,0.010870170779526234,9.136846542358398,9.125976371578872
D_R_43022,chck_80M,43022,R,actual_packet_source_repeat,4,packet:4:577:compact:frontier_consolidation_fwcompact_medium_031934,companion,compact:frontier_consolidation_fwcompact_medium_031934,42,44,0.004613944329321384,9.113568305969238,9.108954361639917
D_R_43022,chck_80M,43022,R,actual_packet_source_repeat,4,packet:4:578:compact:frontier_consolidation_fwcompact_medium_055610,companion,compact:frontier_consolidation_fwcompact_medium_055610,50,52,0.004324489738792181,7.817460536956787,7.813136047217995
D_R_43022,chck_80M,43022,R,actual_packet_source_repeat,4,packet:4:579:compact:frontier_consolidation_fwcompact_medium_015802,companion,compact:frontier_consolidation_fwcompact_medium_015802,23,25,0.04195210710167885,8.36070442199707,8.318752314895391
D_R_43022,chck_80M,43022,R,actual_packet_source_repeat,4,packet:4:57:compact:frontier_consolidation_fwcompact_medium_041890,companion,compact:frontier_consolidation_fwcompact_medium_041890,42,44,0.036747466772794724,15.979045867919922,15.942298401147127
D_R_43022,chck_80M,43022,R,actual_packet_source_repeat,4,packet:4:580:compact:frontier_consolidation_fwcompact_medium_060337,companion,compact:frontier_consolidation_fwcompact_medium_060337,46,48,0.0005413020844571292,1.4536032676696777,1.4530619655852206
D_R_43022,chck_80M,43022,R,actual_packet_source_repeat,4,packet:4:581:compact:frontier_consolidation_fwcompact_medium_045925,companion,compact:frontier_consolidation_fwcompact_medium_045925,48,50,0.033157043159008026,11.211275100708008,11.178118057549
D_R_43022,chck_80M,43022,R,actual_packet_source_repeat,4,packet:4:582:compact:frontier_consolidation_fwcompact_medium_026129,companion,compact:frontier_consolidation_fwcompact_medium_026129,79,81,0.0004644507134798914,0.04674045741558075,0.04627600670210086
D_R_43022,chck_80M,43022,R,actual_packet_source_repeat,4,packet:4:583:compact:frontier_consolidation_fwcompact_medium_010979,companion,compact:frontier_consolidation_fwcompact_medium_010979,54,56,0.053340356796979904,7.6686577796936035,7.615317422896624
D_R_43022,chck_80M,43022,R,actual_packet_source_repeat,4,packet:4:584:compact:frontier_consolidation_fwcompact_medium_050657,companion,compact:frontier_consolidation_fwcompact_medium_050657,46,48,0.00988020934164524,4.765610694885254,4.755730485543609
D_R_43022,chck_80M,43022,R,actual_packet_source_repeat,4,packet:4:585:compact:frontier_consolidation_fwcompact_medium_038022,companion,compact:frontier_consolidation_fwcompact_medium_038022,59,61,0.006799535825848579,11.229150772094727,11.222351236268878
D_R_43022,chck_80M,43022,R,actual_packet_source_repeat,4,packet:4:586:compact:frontier_consolidation_fwcompact_medium_050586,companion,compact:frontier_consolidation_fwcompact_medium_050586,29,31,0.4004749059677124,3.371753215789795,2.9712783098220825
D_R_43022,chck_80M,43022,R,actual_packet_source_repeat,4,packet:4:587:compact:frontier_consolidation_fwcompact_medium_006191,companion,compact:frontier_consolidation_fwcompact_medium_006191,42,44,0.0007049936102703214,4.634181499481201,4.633476505870931
D_R_43022,chck_80M,43022,R,actual_packet_source_repeat,4,packet:4:588:compact:frontier_consolidation_fwcompact_medium_034181,companion,compact:frontier_consolidation_fwcompact_medium_034181,59,61,0.006514384411275387,7.808843612670898,7.802329228259623
D_R_43022,chck_80M,43022,R,actual_packet_source_repeat,4,packet:4:589:compact:frontier_consolidation_fwcompact_medium_020532,companion,compact:frontier_consolidation_fwcompact_medium_020532,54,56,0.0046315062791109085,7.312344551086426,7.307713044807315
D_R_43022,chck_80M,43022,R,actual_packet_source_repeat,4,packet:4:58:compact:frontier_consolidation_fwcompact_medium_020098,companion,compact:frontier_consolidation_fwcompact_medium_020098,36,38,0.034646809101104736,5.105953216552734,5.07130640745163
D_R_43022,chck_80M,43022,R,actual_packet_source_repeat,4,packet:4:590:compact:frontier_consolidation_fwcompact_medium_028035,companion,compact:frontier_consolidation_fwcompact_medium_028035,90,92,0.0010723085142672062,9.839034080505371,9.837961771991104
D_R_43022,chck_80M,43022,R,actual_packet_source_repeat,4,packet:4:591:compact:frontier_consolidation_fwcompact_medium_021975,companion,compact:frontier_consolidation_fwcompact_medium_021975,44,46,0.014360297471284866,12.360952377319336,12.346592079848051
D_R_43022,chck_80M,43022,R,actual_packet_source_repeat,4,packet:4:592:compact:frontier_consolidation_fwcompact_medium_047154,companion,compact:frontier_consolidation_fwcompact_medium_047154,86,88,0.004352501127868891,1.8276082277297974,1.8232557266019285
D_R_43022,chck_80M,43022,R,actual_packet_source_repeat,4,packet:4:593:compact:frontier_consolidation_fwcompact_medium_023566,companion,compact:frontier_consolidation_fwcompact_medium_023566,59,61,0.008501410484313965,14.525501251220703,14.51699984073639
D_R_43022,chck_80M,43022,R,actual_packet_source_repeat,4,packet:4:594:compact:frontier_consolidation_fwcompact_medium_033491,companion,compact:frontier_consolidation_fwcompact_medium_033491,52,54,0.0040578655898571014,11.928018569946289,11.923960704356432
D_R_43022,chck_80M,43022,R,actual_packet_source_repeat,4,packet:4:595:compact:frontier_consolidation_fwcompact_medium_021623,companion,compact:frontier_consolidation_fwcompact_medium_021623,47,49,0.014617609791457653,4.5487284660339355,4.534110856242478
D_R_43022,chck_80M,43022,R,actual_packet_source_repeat,4,packet:4:596:compact:frontier_consolidation_fwcompact_medium_010741,companion,compact:frontier_consolidation_fwcompact_medium_010741,46,48,0.0004844683862756938,4.902001857757568,4.901517389371293
D_R_43022,chck_80M,43022,R,actual_packet_source_repeat,4,packet:4:597:compact:frontier_consolidation_fwcompact_medium_041484,companion,compact:frontier_consolidation_fwcompact_medium_041484,61,63,0.002213886706158519,0.3871081471443176,0.3848942604381591
D_R_43022,chck_80M,43022,R,actual_packet_source_repeat,4,packet:4:598:compact:frontier_consolidation_fwcompact_medium_053344,companion,compact:frontier_consolidation_fwcompact_medium_053344,114,116,0.003908021375536919,10.407894134521484,10.403986113145947
D_R_43022,chck_80M,43022,R,actual_packet_source_repeat,4,packet:4:599:compact:frontier_consolidation_fwcompact_medium_052081,companion,compact:frontier_consolidation_fwcompact_medium_052081,45,47,0.020793074741959572,12.676345825195312,12.655552750453353
D_R_43022,chck_80M,43022,R,actual_packet_source_repeat,4,packet:4:59:compact:frontier_consolidation_fwcompact_medium_012739,companion,compact:frontier_consolidation_fwcompact_medium_012739,44,46,0.09514318406581879,7.039117813110352,6.943974629044533
D_R_43022,chck_80M,43022,R,actual_packet_source_repeat,4,packet:4:5:compact:frontier_consolidation_fwcompact_medium_056778,companion,compact:frontier_consolidation_fwcompact_medium_056778,46,48,0.007083895616233349,3.62422513961792,3.6171412440016866
D_R_43022,chck_80M,43022,R,actual_packet_source_repeat,4,packet:4:600:compact:frontier_consolidation_fwcompact_medium_028587,companion,compact:frontier_consolidation_fwcompact_medium_028587,38,40,0.011986843310296535,9.531890869140625,9.519904025830328
D_R_43022,chck_80M,43022,R,actual_packet_source_repeat,4,packet:4:601:compact:frontier_consolidation_fwcompact_medium_034117,companion,compact:frontier_consolidation_fwcompact_medium_034117,40,42,0.005212526302784681,11.934172630310059,11.928960104007274
D_R_43022,chck_80M,43022,R,actual_packet_source_repeat,4,packet:4:602:compact:frontier_consolidation_fwcompact_medium_059716,companion,compact:frontier_consolidation_fwcompact_medium_059716,49,51,0.004569445736706257,7.873570919036865,7.869001473300159
D_R_43022,chck_80M,43022,R,actual_packet_source_repeat,4,packet:4:603:compact:frontier_consolidation_fwcompact_medium_050651,companion,compact:frontier_consolidation_fwcompact_medium_050651,53,55,0.027834193781018257,6.47662878036499,6.448794586583972
D_R_43022,chck_80M,43022,R,actual_packet_source_repeat,4,packet:4:604:compact:frontier_consolidation_fwcompact_medium_060742,companion,compact:frontier_consolidation_fwcompact_medium_060742,67,69,0.0025122768711298704,0.002274071332067251,-0.0002382055390626192
D_R_43022,chck_80M,43022,R,actual_packet_source_repeat,4,packet:4:605:compact:frontier_consolidation_fwcompact_medium_016445,companion,compact:frontier_consolidation_fwcompact_medium_016445,33,35,0.014079409651458263,3.7731781005859375,3.7590986909344792
D_R_43022,chck_80M,43022,R,actual_packet_source_repeat,4,packet:4:606:compact:frontier_consolidation_fwcompact_medium_014822,companion,compact:frontier_consolidation_fwcompact_medium_014822,25,27,0.017162615433335304,2.781036853790283,2.763874238356948
D_R_43022,chck_80M,43022,R,actual_packet_source_repeat,4,packet:4:607:compact:frontier_consolidation_fwcompact_medium_016788,companion,compact:frontier_consolidation_fwcompact_medium_016788,36,38,0.03958786651492119,5.42906379699707,5.389475930482149
D_R_43022,chck_80M,43022,R,actual_packet_source_repeat,4,packet:4:608:compact:frontier_consolidation_fwcompact_medium_037376,companion,compact:frontier_consolidation_fwcompact_medium_037376,35,37,0.0013972291490063071,0.17741943895816803,0.17602220980916172
D_R_43022,chck_80M,43022,R,actual_packet_source_repeat,4,packet:4:609:compact:frontier_consolidation_fwcompact_medium_050065,companion,compact:frontier_consolidation_fwcompact_medium_050065,42,44,0.04335224628448486,3.9339218139648438,3.890569567680359
D_R_43022,chck_80M,43022,R,actual_packet_source_repeat,4,packet:4:60:compact:frontier_consolidation_fwcompact_medium_046500,companion,compact:frontier_consolidation_fwcompact_medium_046500,62,64,0.0021176550071686506,0.12331975996494293,0.12120210495777428
D_R_43022,chck_80M,43022,R,actual_packet_source_repeat,4,packet:4:610:compact:frontier_consolidation_fwcompact_medium_021160,companion,compact:frontier_consolidation_fwcompact_medium_021160,80,82,0.01183182094246149,4.676741600036621,4.66490977909416
D_R_43022,chck_80M,43022,R,actual_packet_source_repeat,4,packet:4:611:compact:frontier_consolidation_fwcompact_medium_045868,companion,compact:frontier_consolidation_fwcompact_medium_045868,29,31,0.0008187517523765564,1.9845669269561768,1.9837481752038002
D_R_43022,chck_80M,43022,R,actual_packet_source_repeat,4,packet:4:612:compact:frontier_consolidation_fwcompact_medium_013338,companion,compact:frontier_consolidation_fwcompact_medium_013338,60,62,0.005526028107851744,13.165528297424316,13.160002269316465
D_R_43022,chck_80M,43022,R,actual_packet_source_repeat,4,packet:4:613:compact:frontier_consolidation_fwcompact_medium_055905,companion,compact:frontier_consolidation_fwcompact_medium_055905,41,43,0.0028725096490234137,1.7603634595870972,1.7574909499380738
D_R_43022,chck_80M,43022,R,actual_packet_source_repeat,4,packet:4:614:compact:frontier_consolidation_fwcompact_medium_007205,companion,compact:frontier_consolidation_fwcompact_medium_007205,38,40,0.0025449765380471945,13.057753562927246,13.055208586389199
D_R_43022,chck_80M,43022,R,actual_packet_source_repeat,4,packet:4:615:compact:frontier_consolidation_fwcompact_medium_034635,companion,compact:frontier_consolidation_fwcompact_medium_034635,62,64,0.0072783553041517735,2.1366612911224365,2.1293829358182847
D_R_43022,chck_80M,43022,R,actual_packet_source_repeat,4,packet:4:616:compact:frontier_consolidation_fwcompact_medium_032341,companion,compact:frontier_consolidation_fwcompact_medium_032341,23,25,0.038339514285326004,5.755964756011963,5.717625241726637
D_R_43022,chck_80M,43022,R,actual_packet_source_repeat,4,packet:4:617:compact:frontier_consolidation_fwcompact_medium_032693,companion,compact:frontier_consolidation_fwcompact_medium_032693,26,28,0.16793131828308105,0.33736512064933777,0.1694338023662567
D_R_43022,chck_80M,43022,R,actual_packet_source_repeat,4,packet:4:618:compact:frontier_consolidation_fwcompact_medium_055989,companion,compact:frontier_consolidation_fwcompact_medium_055989,57,59,0.0016452836571261287,4.720032691955566,4.71838740829844
D_R_43022,chck_80M,43022,R,actual_packet_source_repeat,4,packet:4:619:compact:frontier_consolidation_fwcompact_medium_003525,companion,compact:frontier_consolidation_fwcompact_medium_003525,36,38,0.0020989784970879555,8.021288871765137,8.019189893268049
D_R_43022,chck_80M,43022,R,actual_packet_source_repeat,4,packet:4:61:compact:frontier_consolidation_fwcompact_medium_043890,companion,compact:frontier_consolidation_fwcompact_medium_043890,51,53,0.0015976772410795093,15.494451522827148,15.492853845586069
D_R_43022,chck_80M,43022,R,actual_packet_source_repeat,4,packet:4:620:compact:frontier_consolidation_fwcompact_medium_004245,companion,compact:frontier_consolidation_fwcompact_medium_004245,21,23,0.0020469920709729195,0.08421453088521957,0.08216753881424665
D_R_43022,chck_80M,43022,R,actual_packet_source_repeat,4,packet:4:621:compact:frontier_consolidation_fwcompact_medium_042333,companion,compact:frontier_consolidation_fwcompact_medium_042333,47,49,0.12501659989356995,11.329023361206055,11.204006761312485
D_R_43022,chck_80M,43022,R,actual_packet_source_repeat,4,packet:4:622:compact:frontier_consolidation_fwcompact_medium_001480,companion,compact:frontier_consolidation_fwcompact_medium_001480,53,55,0.002150129759684205,3.9205222129821777,3.9183720832224935
D_R_43022,chck_80M,43022,R,actual_packet_source_repeat,4,packet:4:623:compact:frontier_consolidation_fwcompact_medium_029921,companion,compact:frontier_consolidation_fwcompact_medium_029921,45,47,0.008218872360885143,12.717129707336426,12.70891083497554
D_R_43022,chck_80M,43022,R,actual_packet_source_repeat,4,packet:4:624:compact:frontier_consolidation_fwcompact_medium_035621,companion,compact:frontier_consolidation_fwcompact_medium_035621,50,52,0.0028606229461729527,5.660269737243652,5.657409114297479
D_R_43022,chck_80M,43022,R,actual_packet_source_repeat,4,packet:4:625:compact:frontier_consolidation_fwcompact_medium_050811,companion,compact:frontier_consolidation_fwcompact_medium_050811,27,29,0.0003477922291494906,1.4426935911178589,1.4423457988887094
D_R_43022,chck_80M,43022,R,actual_packet_source_repeat,4,packet:4:626:compact:frontier_consolidation_fwcompact_medium_029007,companion,compact:frontier_consolidation_fwcompact_medium_029007,37,39,0.004135390743613243,5.412961959838867,5.408826569095254
D_R_43022,chck_80M,43022,R,actual_packet_source_repeat,4,packet:4:627:compact:frontier_consolidation_fwcompact_medium_036731,companion,compact:frontier_consolidation_fwcompact_medium_036731,46,48,0.0006336349761113524,2.642381429672241,2.64174779469613
D_R_43022,chck_80M,43022,R,actual_packet_source_repeat,4,packet:4:628:compact:frontier_consolidation_fwcompact_medium_000496,companion,compact:frontier_consolidation_fwcompact_medium_000496,35,37,0.14294388890266418,6.157271385192871,6.014327496290207
D_R_43022,chck_80M,43022,R,actual_packet_source_repeat,4,packet:4:629:compact:frontier_consolidation_fwcompact_medium_025247,companion,compact:frontier_consolidation_fwcompact_medium_025247,79,81,0.0017034795600920916,10.304757118225098,10.303053638665006
D_R_43022,chck_80M,43022,R,actual_packet_source_repeat,4,packet:4:62:compact:frontier_consolidation_fwcompact_medium_045982,companion,compact:frontier_consolidation_fwcompact_medium_045982,37,39,0.004508449696004391,7.655468940734863,7.650960491038859
D_R_43022,chck_80M,43022,R,actual_packet_source_repeat,4,packet:4:630:compact:frontier_consolidation_fwcompact_medium_061105,companion,compact:frontier_consolidation_fwcompact_medium_061105,52,54,0.008297021500766277,3.421583652496338,3.4132866309955716
D_R_43022,chck_80M,43022,R,actual_packet_source_repeat,4,packet:4:631:compact:frontier_consolidation_fwcompact_medium_010402,companion,compact:frontier_consolidation_fwcompact_medium_010402,28,30,0.005988393910229206,6.294527053833008,6.288538659922779
D_R_43022,chck_80M,43022,R,actual_packet_source_repeat,4,packet:4:632:compact:frontier_consolidation_fwcompact_medium_050083,companion,compact:frontier_consolidation_fwcompact_medium_050083,29,31,0.007241075858473778,18.553287506103516,18.546046430245042
D_R_43022,chck_80M,43022,R,actual_packet_source_repeat,4,packet:4:633:compact:frontier_consolidation_fwcompact_medium_033147,companion,compact:frontier_consolidation_fwcompact_medium_033147,62,64,0.047255340963602066,7.609609603881836,7.562354262918234
D_R_43022,chck_80M,43022,R,actual_packet_source_repeat,4,packet:4:634:compact:frontier_consolidation_fwcompact_medium_049277,companion,compact:frontier_consolidation_fwcompact_medium_049277,30,32,0.05222923308610916,16.96170997619629,16.90948074311018
D_R_43022,chck_80M,43022,R,actual_packet_source_repeat,4,packet:4:635:compact:frontier_consolidation_fwcompact_medium_044948,companion,compact:frontier_consolidation_fwcompact_medium_044948,54,56,0.017598198726773262,9.27896499633789,9.261366797611117
D_R_43022,chck_80M,43022,R,actual_packet_source_repeat,4,packet:4:636:compact:frontier_consolidation_fwcompact_medium_019947,companion,compact:frontier_consolidation_fwcompact_medium_019947,65,67,0.008700912818312645,11.11949634552002,11.110795432701707
D_R_43022,chck_80M,43022,R,actual_packet_source_repeat,4,packet:4:637:compact:frontier_consolidation_fwcompact_medium_026666,companion,compact:frontier_consolidation_fwcompact_medium_026666,63,65,0.017336847260594368,9.301130294799805,9.28379344753921
D_R_43022,chck_80M,43022,R,actual_packet_source_repeat,4,packet:4:638:compact:frontier_consolidation_fwcompact_medium_053378,companion,compact:frontier_consolidation_fwcompact_medium_053378,53,55,0.009187326766550541,15.05660343170166,15.04741610493511
D_R_43022,chck_80M,43022,R,actual_packet_source_repeat,4,packet:4:639:compact:frontier_consolidation_fwcompact_medium_012704,companion,compact:frontier_consolidation_fwcompact_medium_012704,53,55,0.013066031038761139,10.285784721374512,10.27271869033575
D_R_43022,chck_80M,43022,R,actual_packet_source_repeat,4,packet:4:63:compact:frontier_consolidation_fwcompact_medium_033650,companion,compact:frontier_consolidation_fwcompact_medium_033650,38,40,0.001123035908676684,2.742183208465576,2.7410601725568995
D_R_43022,chck_80M,43022,R,actual_packet_source_repeat,4,packet:4:640:compact:frontier_consolidation_fwcompact_medium_057317,companion,compact:frontier_consolidation_fwcompact_medium_057317,51,53,0.005613041575998068,15.039473533630371,15.033860492054373
D_R_43022,chck_80M,43022,R,actual_packet_source_repeat,4,packet:4:641:compact:frontier_consolidation_fwcompact_medium_048098,companion,compact:frontier_consolidation_fwcompact_medium_048098,78,80,0.023642996326088905,3.269507884979248,3.245864888653159
D_R_43022,chck_80M,43022,R,actual_packet_source_repeat,4,packet:4:642:compact:frontier_consolidation_fwcompact_medium_009929,companion,compact:frontier_consolidation_fwcompact_medium_009929,36,38,0.01722799986600876,11.479375839233398,11.46214783936739
D_R_43022,chck_80M,43022,R,actual_packet_source_repeat,4,packet:4:643:compact:frontier_consolidation_fwcompact_medium_021969,companion,compact:frontier_consolidation_fwcompact_medium_021969,122,124,0.03596889227628708,12.324212074279785,12.288243182003498
D_R_43022,chck_80M,43022,R,actual_packet_source_repeat,4,packet:4:644:compact:frontier_consolidation_fwcompact_medium_006839,companion,compact:frontier_consolidation_fwcompact_medium_006839,50,52,0.0030471107456833124,1.4585912227630615,1.4555441120173782
D_R_43022,chck_80M,43022,R,actual_packet_source_repeat,4,packet:4:645:compact:frontier_consolidation_fwcompact_medium_006392,companion,compact:frontier_consolidation_fwcompact_medium_006392,51,53,0.04039992392063141,9.734053611755371,9.69365368783474
D_R_43022,chck_80M,43022,R,actual_packet_source_repeat,4,packet:4:646:compact:frontier_consolidation_fwcompact_medium_005764,companion,compact:frontier_consolidation_fwcompact_medium_005764,40,42,0.029373345896601677,15.757798194885254,15.728424848988652
D_R_43022,chck_80M,43022,R,actual_packet_source_repeat,4,packet:4:647:compact:frontier_consolidation_fwcompact_medium_029445,companion,compact:frontier_consolidation_fwcompact_medium_029445,48,50,0.02610175497829914,10.936452865600586,10.910351110622287
D_R_43022,chck_80M,43022,R,actual_packet_source_repeat,4,packet:4:648:compact:frontier_consolidation_fwcompact_medium_031366,companion,compact:frontier_consolidation_fwcompact_medium_031366,44,46,0.02818194404244423,10.062312126159668,10.034130182117224
D_R_43022,chck_80M,43022,R,actual_packet_source_repeat,4,packet:4:649:compact:frontier_consolidation_fwcompact_medium_012116,companion,compact:frontier_consolidation_fwcompact_medium_012116,26,28,0.012945421040058136,8.744813919067383,8.731868498027325
D_R_43022,chck_80M,43022,R,actual_packet_source_repeat,4,packet:4:64:compact:frontier_consolidation_fwcompact_medium_048229,companion,compact:frontier_consolidation_fwcompact_medium_048229,37,39,0.007808517664670944,13.885661125183105,13.877852607518435
D_R_43022,chck_80M,43022,R,actual_packet_source_repeat,4,packet:4:650:compact:frontier_consolidation_fwcompact_medium_008801,companion,compact:frontier_consolidation_fwcompact_medium_008801,58,60,0.0019920284394174814,7.955678462982178,7.95368643454276
D_R_43022,chck_80M,43022,R,actual_packet_source_repeat,4,packet:4:651:compact:frontier_consolidation_fwcompact_medium_054326,companion,compact:frontier_consolidation_fwcompact_medium_054326,67,69,0.0056845201179385185,12.293069839477539,12.2873853193596
D_R_43022,chck_80M,43022,R,actual_packet_source_repeat,4,packet:4:652:compact:frontier_consolidation_fwcompact_medium_028564,companion,compact:frontier_consolidation_fwcompact_medium_028564,48,50,0.00025674383505247533,0.26149535179138184,0.26123860795632936
D_R_43022,chck_80M,43022,R,actual_packet_source_repeat,4,packet:4:653:compact:frontier_consolidation_fwcompact_medium_041125,companion,compact:frontier_consolidation_fwcompact_medium_041125,69,71,0.0033576085697859526,3.5894503593444824,3.5860927507746965
D_R_43022,chck_80M,43022,R,actual_packet_source_repeat,4,packet:4:654:compact:frontier_consolidation_fwcompact_medium_009971,companion,compact:frontier_consolidation_fwcompact_medium_009971,33,35,0.002834590384736657,11.774436950683594,11.771602360298857
D_R_43022,chck_80M,43022,R,actual_packet_source_repeat,4,packet:4:655:compact:frontier_consolidation_fwcompact_medium_027723,companion,compact:frontier_consolidation_fwcompact_medium_027723,45,47,0.0002488780301064253,0.4526749849319458,0.4524261069018394
D_R_43022,chck_80M,43022,R,actual_packet_source_repeat,4,packet:4:656:compact:frontier_consolidation_fwcompact_medium_058825,companion,compact:frontier_consolidation_fwcompact_medium_058825,42,44,0.0035936555359512568,6.171692848205566,6.168099192669615
D_R_43022,chck_80M,43022,R,actual_packet_source_repeat,4,packet:4:657:compact:frontier_consolidation_fwcompact_medium_028680,companion,compact:frontier_consolidation_fwcompact_medium_028680,21,23,0.002044255845248699,2.271488904953003,2.2694446491077542
D_R_43022,chck_80M,43022,R,actual_packet_source_repeat,4,packet:4:658:compact:frontier_consolidation_fwcompact_medium_026379,companion,compact:frontier_consolidation_fwcompact_medium_026379,24,26,0.0008174415561370552,0.0392402783036232,0.038422836747486144
D_R_43022,chck_80M,43022,R,actual_packet_source_repeat,4,packet:4:659:compact:frontier_consolidation_fwcompact_medium_058511,companion,compact:frontier_consolidation_fwcompact_medium_058511,69,71,0.0004661188868340105,1.4644657373428345,1.4639996184560005
D_R_43022,chck_80M,43022,R,actual_packet_source_repeat,4,packet:4:65:compact:frontier_consolidation_fwcompact_medium_031815,companion,compact:frontier_consolidation_fwcompact_medium_031815,66,68,0.01106884703040123,17.145713806152344,17.134644959121943
D_R_43022,chck_80M,43022,R,actual_packet_source_repeat,4,packet:4:660:compact:frontier_consolidation_fwcompact_medium_032685,companion,compact:frontier_consolidation_fwcompact_medium_032685,88,90,0.05667050927877426,3.7298085689544678,3.6731380596756935
D_R_43022,chck_80M,43022,R,actual_packet_source_repeat,4,packet:4:661:compact:frontier_consolidation_fwcompact_medium_007711,companion,compact:frontier_consolidation_fwcompact_medium_007711,35,37,0.005124885123223066,3.576704502105713,3.57157961698249
D_R_43022,chck_80M,43022,R,actual_packet_source_repeat,4,packet:4:662:compact:frontier_consolidation_fwcompact_medium_010835,companion,compact:frontier_consolidation_fwcompact_medium_010835,37,39,0.0022488560061901808,0.33064407110214233,0.32839521509595215
D_R_43022,chck_80M,43022,R,actual_packet_source_repeat,4,packet:4:663:compact:frontier_consolidation_fwcompact_medium_023584,companion,compact:frontier_consolidation_fwcompact_medium_023584,53,55,0.0056958990171551704,5.901340484619141,5.8956445856019855
D_R_43022,chck_80M,43022,R,actual_packet_source_repeat,4,packet:4:664:compact:frontier_consolidation_fwcompact_medium_049633,companion,compact:frontier_consolidation_fwcompact_medium_049633,28,30,0.019162297248840332,2.390043258666992,2.370880961418152
D_R_43022,chck_80M,43022,R,actual_packet_source_repeat,4,packet:4:665:compact:frontier_consolidation_fwcompact_medium_056475,companion,compact:frontier_consolidation_fwcompact_medium_056475,29,31,0.007693777326494455,11.061177253723145,11.05348347639665
D_R_43022,chck_80M,43022,R,actual_packet_source_repeat,4,packet:4:666:compact:frontier_consolidation_fwcompact_medium_060735,companion,compact:frontier_consolidation_fwcompact_medium_060735,45,47,0.0038966217543929815,2.171562910079956,2.167666288325563
D_R_43022,chck_80M,43022,R,actual_packet_source_repeat,4,packet:4:667:compact:frontier_consolidation_fwcompact_medium_052966,companion,compact:frontier_consolidation_fwcompact_medium_052966,69,71,0.000695463502779603,0.1953049749135971,0.1946095114108175
D_R_43022,chck_80M,43022,R,actual_packet_source_repeat,4,packet:4:668:compact:frontier_consolidation_fwcompact_medium_010845,companion,compact:frontier_consolidation_fwcompact_medium_010845,68,70,0.002712501445785165,0.8069742918014526,0.8042617903556675
D_R_43022,chck_80M,43022,R,actual_packet_source_repeat,4,packet:4:669:compact:frontier_consolidation_fwcompact_medium_017321,companion,compact:frontier_consolidation_fwcompact_medium_017321,59,61,0.0038548223674297333,3.812647819519043,3.8087929971516132
D_R_43022,chck_80M,43022,R,actual_packet_source_repeat,4,packet:4:66:compact:frontier_consolidation_fwcompact_medium_012734,companion,compact:frontier_consolidation_fwcompact_medium_012734,63,65,0.005153229925781488,10.108783721923828,10.103630491998047
D_R_43022,chck_80M,43022,R,actual_packet_source_repeat,4,packet:4:670:compact:frontier_consolidation_fwcompact_medium_018912,companion,compact:frontier_consolidation_fwcompact_medium_018912,65,67,0.026133691892027855,10.886361122131348,10.86022743023932
D_R_43022,chck_80M,43022,R,actual_packet_source_repeat,4,packet:4:671:compact:frontier_consolidation_fwcompact_medium_059235,companion,compact:frontier_consolidation_fwcompact_medium_059235,51,53,0.00026043839170597494,2.429070234298706,2.428809795907
D_R_43022,chck_80M,43022,R,actual_packet_source_repeat,4,packet:4:672:compact:frontier_consolidation_fwcompact_medium_057940,companion,compact:frontier_consolidation_fwcompact_medium_057940,47,49,0.006503488402813673,6.254239082336426,6.247735593933612
D_R_43022,chck_80M,43022,R,actual_packet_source_repeat,4,packet:4:673:compact:frontier_consolidation_fwcompact_medium_032139,companion,compact:frontier_consolidation_fwcompact_medium_032139,58,60,0.016820153221488,13.750446319580078,13.73362616635859
D_R_43022,chck_80M,43022,R,actual_packet_source_repeat,4,packet:4:674:compact:frontier_consolidation_fwcompact_medium_048591,companion,compact:frontier_consolidation_fwcompact_medium_048591,51,53,0.06840275228023529,4.06960391998291,4.001201167702675
D_R_43022,chck_80M,43022,R,actual_packet_source_repeat,4,packet:4:675:compact:frontier_consolidation_fwcompact_medium_009898,companion,compact:frontier_consolidation_fwcompact_medium_009898,76,78,0.14320310950279236,11.70551872253418,11.562315613031387
D_R_43022,chck_80M,43022,R,actual_packet_source_repeat,4,packet:4:676:compact:frontier_consolidation_fwcompact_medium_008359,companion,compact:frontier_consolidation_fwcompact_medium_008359,33,35,0.026872845366597176,9.247838020324707,9.22096517495811
D_R_43022,chck_80M,43022,R,actual_packet_source_repeat,4,packet:4:677:compact:frontier_consolidation_fwcompact_medium_016066,companion,compact:frontier_consolidation_fwcompact_medium_016066,57,59,0.005285575054585934,4.095559120178223,4.090273545123637
D_R_43022,chck_80M,43022,R,actual_packet_source_repeat,4,packet:4:678:compact:frontier_consolidation_fwcompact_medium_044460,companion,compact:frontier_consolidation_fwcompact_medium_044460,70,72,0.02694421261548996,14.25395393371582,14.22700972110033
D_R_43022,chck_80M,43022,R,actual_packet_source_repeat,4,packet:4:679:compact:frontier_consolidation_fwcompact_medium_053296,companion,compact:frontier_consolidation_fwcompact_medium_053296,42,44,0.000910106289666146,0.4759235382080078,0.47501343191834167
D_R_43022,chck_80M,43022,R,actual_packet_source_repeat,4,packet:4:67:compact:frontier_consolidation_fwcompact_medium_033946,companion,compact:frontier_consolidation_fwcompact_medium_033946,46,48,0.008612984791398048,16.68415069580078,16.675537711009383
D_R_43022,chck_80M,43022,R,actual_packet_source_repeat,4,packet:4:680:compact:frontier_consolidation_fwcompact_medium_050398,companion,compact:frontier_consolidation_fwcompact_medium_050398,43,45,0.01076321117579937,7.097665786743164,7.086902575567365
D_R_43022,chck_80M,43022,R,actual_packet_source_repeat,4,packet:4:681:compact:frontier_consolidation_fwcompact_medium_011227,companion,compact:frontier_consolidation_fwcompact_medium_011227,32,34,0.012051506899297237,11.55587387084961,11.543822363950312
D_R_43022,chck_80M,43022,R,actual_packet_source_repeat,4,packet:4:682:compact:frontier_consolidation_fwcompact_medium_022351,companion,compact:frontier_consolidation_fwcompact_medium_022351,50,52,0.011416936293244362,8.254301071166992,8.242884134873748
D_R_43022,chck_80M,43022,R,actual_packet_source_repeat,4,packet:4:683:compact:frontier_consolidation_fwcompact_medium_049396,companion,compact:frontier_consolidation_fwcompact_medium_049396,64,66,0.004229054320603609,3.2653801441192627,3.261151089798659
D_R_43022,chck_80M,43022,R,actual_packet_source_repeat,4,packet:4:684:compact:frontier_consolidation_fwcompact_medium_057151,companion,compact:frontier_consolidation_fwcompact_medium_057151,28,30,0.018097281455993652,7.31296443939209,7.294867157936096
D_R_43022,chck_80M,43022,R,actual_packet_source_repeat,4,packet:4:685:compact:frontier_consolidation_fwcompact_medium_024206,companion,compact:frontier_consolidation_fwcompact_medium_024206,52,54,0.00802246667444706,10.452635765075684,10.444613298401237
D_R_43022,chck_80M,43022,R,actual_packet_source_repeat,4,packet:4:686:compact:frontier_consolidation_fwcompact_medium_028909,companion,compact:frontier_consolidation_fwcompact_medium_028909,37,39,0.0010713557712733746,0.45727720856666565,0.4562058527953923
D_R_43022,chck_80M,43022,R,actual_packet_source_repeat,4,packet:4:687:compact:frontier_consolidation_fwcompact_medium_043394,companion,compact:frontier_consolidation_fwcompact_medium_043394,43,45,0.02489272505044937,14.087484359741211,14.062591634690762
D_R_43022,chck_80M,43022,R,actual_packet_source_repeat,4,packet:4:688:compact:frontier_consolidation_fwcompact_medium_047680,companion,compact:frontier_consolidation_fwcompact_medium_047680,30,32,0.01822628453373909,5.118095397949219,5.09986911341548
D_R_43022,chck_80M,43022,R,actual_packet_source_repeat,4,packet:4:689:compact:frontier_consolidation_fwcompact_medium_061188,companion,compact:frontier_consolidation_fwcompact_medium_061188,25,27,0.00854538008570671,2.5449066162109375,2.536361236125231
D_R_43022,chck_80M,43022,R,actual_packet_source_repeat,4,packet:4:68:compact:frontier_consolidation_fwcompact_medium_035934,companion,compact:frontier_consolidation_fwcompact_medium_035934,41,43,0.006039820611476898,5.308897018432617,5.30285719782114
D_R_43022,chck_80M,43022,R,actual_packet_source_repeat,4,packet:4:690:compact:frontier_consolidation_fwcompact_medium_002065,companion,compact:frontier_consolidation_fwcompact_medium_002065,33,35,0.0011273226700723171,2.644162893295288,2.6430355706252158
D_R_43022,chck_80M,43022,R,actual_packet_source_repeat,4,packet:4:691:compact:frontier_consolidation_fwcompact_medium_056335,companion,compact:frontier_consolidation_fwcompact_medium_056335,72,74,0.0004724340105894953,2.629690408706665,2.6292179746960755
D_R_43022,chck_80M,43022,R,actual_packet_source_repeat,4,packet:4:692:compact:frontier_consolidation_fwcompact_medium_043083,companion,compact:frontier_consolidation_fwcompact_medium_043083,52,54,0.003457047278061509,5.414099216461182,5.41064216918312
D_R_43022,chck_80M,43022,R,actual_packet_source_repeat,4,packet:4:693:compact:frontier_consolidation_fwcompact_medium_048922,companion,compact:frontier_consolidation_fwcompact_medium_048922,41,43,0.012014523148536682,7.131664752960205,7.119650229811668
D_R_43022,chck_80M,43022,R,actual_packet_source_repeat,4,packet:4:694:compact:frontier_consolidation_fwcompact_medium_058060,companion,compact:frontier_consolidation_fwcompact_medium_058060,37,39,0.01666025072336197,3.5985937118530273,3.5819334611296654
D_R_43022,chck_80M,43022,R,actual_packet_source_repeat,4,packet:4:695:compact:frontier_consolidation_fwcompact_medium_017650,companion,compact:frontier_consolidation_fwcompact_medium_017650,38,40,0.003442435059696436,2.7585277557373047,2.7550853206776083
D_R_43022,chck_80M,43022,R,actual_packet_source_repeat,4,packet:4:696:compact:frontier_consolidation_fwcompact_medium_005948,companion,compact:frontier_consolidation_fwcompact_medium_005948,47,49,0.005062143784016371,6.718164920806885,6.713102777022868
D_R_43022,chck_80M,43022,R,actual_packet_source_repeat,4,packet:4:697:compact:frontier_consolidation_fwcompact_medium_042111,companion,compact:frontier_consolidation_fwcompact_medium_042111,53,55,0.013584314845502377,11.706365585327148,11.692781270481646
D_R_43022,chck_80M,43022,R,actual_packet_source_repeat,4,packet:4:698:compact:frontier_consolidation_fwcompact_medium_010605,companion,compact:frontier_consolidation_fwcompact_medium_010605,40,42,0.011484229937195778,5.8448486328125,5.833364402875304
D_R_43022,chck_80M,43022,R,actual_packet_source_repeat,4,packet:4:699:compact:frontier_consolidation_fwcompact_medium_047433,companion,compact:frontier_consolidation_fwcompact_medium_047433,39,41,0.008117422461509705,17.57411003112793,17.56599260866642
D_R_43022,chck_80M,43022,R,actual_packet_source_repeat,4,packet:4:69:compact:frontier_consolidation_fwcompact_medium_042027,companion,compact:frontier_consolidation_fwcompact_medium_042027,72,74,0.2877196669578552,6.768268585205078,6.480548918247223
D_R_43022,chck_80M,43022,R,actual_packet_source_repeat,4,packet:4:6:compact:frontier_consolidation_fwcompact_medium_005391,companion,compact:frontier_consolidation_fwcompact_medium_005391,63,65,0.0022561114747077227,2.928103446960449,2.9258473354857415
D_R_43022,chck_80M,43022,R,actual_packet_source_repeat,4,packet:4:700:compact:frontier_consolidation_fwcompact_medium_055663,companion,compact:frontier_consolidation_fwcompact_medium_055663,31,33,0.010110474191606045,7.532184600830078,7.522074126638472
D_R_43022,chck_80M,43022,R,actual_packet_source_repeat,4,packet:4:701:compact:frontier_consolidation_fwcompact_medium_013045,companion,compact:frontier_consolidation_fwcompact_medium_013045,30,32,0.048890817910432816,6.316766738891602,6.267875920981169
D_R_43022,chck_80M,43022,R,actual_packet_source_repeat,4,packet:4:702:compact:frontier_consolidation_fwcompact_medium_057526,companion,compact:frontier_consolidation_fwcompact_medium_057526,68,70,0.03999088332056999,6.428401470184326,6.388410586863756
D_R_43022,chck_80M,43022,R,actual_packet_source_repeat,4,packet:4:703:compact:frontier_consolidation_fwcompact_medium_004877,companion,compact:frontier_consolidation_fwcompact_medium_004877,64,66,0.005801150109618902,7.565356254577637,7.559555104468018
D_R_43022,chck_80M,43022,R,actual_packet_source_repeat,4,packet:4:704:compact:frontier_consolidation_fwcompact_medium_040032,companion,compact:frontier_consolidation_fwcompact_medium_040032,69,71,0.01009288989007473,11.25296401977539,11.242871129885316
D_R_43022,chck_80M,43022,R,actual_packet_source_repeat,4,packet:4:705:compact:frontier_consolidation_fwcompact_medium_018042,companion,compact:frontier_consolidation_fwcompact_medium_018042,46,48,0.0077641610987484455,10.270768165588379,10.26300400448963
D_R_43022,chck_80M,43022,R,actual_packet_source_repeat,4,packet:4:706:compact:frontier_consolidation_fwcompact_medium_040763,companion,compact:frontier_consolidation_fwcompact_medium_040763,62,64,0.009168663993477821,15.5684232711792,15.559254607185721
D_R_43022,chck_80M,43022,R,actual_packet_source_repeat,4,packet:4:707:compact:frontier_consolidation_fwcompact_medium_024740,companion,compact:frontier_consolidation_fwcompact_medium_024740,100,102,0.003088349476456642,0.9764578342437744,0.9733694847673178
D_R_43022,chck_80M,43022,R,actual_packet_source_repeat,4,packet:4:708:compact:frontier_consolidation_fwcompact_medium_035124,companion,compact:frontier_consolidation_fwcompact_medium_035124,29,31,0.0010599239030852914,1.043393850326538,1.0423339264234528
D_R_43022,chck_80M,43022,R,actual_packet_source_repeat,4,packet:4:709:compact:frontier_consolidation_fwcompact_medium_008872,companion,compact:frontier_consolidation_fwcompact_medium_008872,58,60,0.007891311310231686,9.237208366394043,9.229317055083811
D_R_43022,chck_80M,43022,R,actual_packet_source_repeat,4,packet:4:70:compact:frontier_consolidation_fwcompact_medium_049323,companion,compact:frontier_consolidation_fwcompact_medium_049323,73,75,0.00010609064338495955,3.7247560024261475,3.7246499117827625
D_R_43022,chck_80M,43022,R,actual_packet_source_repeat,4,packet:4:710:compact:frontier_consolidation_fwcompact_medium_054587,companion,compact:frontier_consolidation_fwcompact_medium_054587,33,35,0.03912198171019554,5.408017158508301,5.368895176798105
D_R_43022,chck_80M,43022,R,actual_packet_source_repeat,4,packet:4:711:compact:frontier_consolidation_fwcompact_medium_037600,companion,compact:frontier_consolidation_fwcompact_medium_037600,22,24,0.08288772404193878,6.684004306793213,6.601116582751274
D_R_43022,chck_80M,43022,R,actual_packet_source_repeat,4,packet:4:712:compact:frontier_consolidation_fwcompact_medium_027864,companion,compact:frontier_consolidation_fwcompact_medium_027864,122,124,0.011985547840595245,3.4498682022094727,3.4378826543688774
D_R_43022,chck_80M,43022,R,actual_packet_source_repeat,4,packet:4:713:compact:frontier_consolidation_fwcompact_medium_030006,companion,compact:frontier_consolidation_fwcompact_medium_030006,44,46,0.0011461363174021244,1.9607726335525513,1.9596264972351491
D_R_43022,chck_80M,43022,R,actual_packet_source_repeat,4,packet:4:714:compact:frontier_consolidation_fwcompact_medium_045173,companion,compact:frontier_consolidation_fwcompact_medium_045173,55,57,0.014456884935498238,9.166476249694824,9.152019364759326
D_R_43022,chck_80M,43022,R,actual_packet_source_repeat,4,packet:4:715:compact:frontier_consolidation_fwcompact_medium_027753,companion,compact:frontier_consolidation_fwcompact_medium_027753,46,48,0.02125403843820095,12.163508415222168,12.142254376783967
D_R_43022,chck_80M,43022,R,actual_packet_source_repeat,4,packet:4:716:compact:frontier_consolidation_fwcompact_medium_008973,companion,compact:frontier_consolidation_fwcompact_medium_008973,43,45,0.0034410094376653433,4.50267219543457,4.499231185996905
D_R_43022,chck_80M,43022,R,actual_packet_source_repeat,4,packet:4:717:compact:frontier_consolidation_fwcompact_medium_035359,companion,compact:frontier_consolidation_fwcompact_medium_035359,47,49,0.0041873874142766,13.49270248413086,13.488515096716583
D_R_43022,chck_80M,43022,R,actual_packet_source_repeat,4,packet:4:718:compact:frontier_consolidation_fwcompact_medium_049706,companion,compact:frontier_consolidation_fwcompact_medium_049706,49,51,0.001142206834629178,0.10043583065271378,0.0992936238180846
D_R_43022,chck_80M,43022,R,actual_packet_source_repeat,4,packet:4:719:compact:frontier_consolidation_fwcompact_medium_015793,companion,compact:frontier_consolidation_fwcompact_medium_015793,21,23,0.006210670340806246,1.8284459114074707,1.8222352410666645
D_R_43022,chck_80M,43022,R,actual_packet_source_repeat,4,packet:4:71:compact:frontier_consolidation_fwcompact_medium_009081,companion,compact:frontier_consolidation_fwcompact_medium_009081,56,58,0.004309534095227718,3.690972089767456,3.6866625556722283
D_R_43022,chck_80M,43022,R,actual_packet_source_repeat,4,packet:4:720:compact:frontier_consolidation_fwcompact_medium_016170,companion,compact:frontier_consolidation_fwcompact_medium_016170,50,52,0.010578864254057407,3.099968433380127,3.0893895691260695
D_R_43022,chck_80M,43022,R,actual_packet_source_repeat,4,packet:4:721:compact:frontier_consolidation_fwcompact_medium_033876,companion,compact:frontier_consolidation_fwcompact_medium_033876,42,44,0.002252900041639805,4.578202247619629,4.575949347577989
D_R_43022,chck_80M,43022,R,actual_packet_source_repeat,4,packet:4:722:compact:frontier_consolidation_fwcompact_medium_027322,companion,compact:frontier_consolidation_fwcompact_medium_027322,45,47,0.0060991826467216015,6.157838344573975,6.151739161927253
D_R_43022,chck_80M,43022,R,actual_packet_source_repeat,4,packet:4:723:compact:frontier_consolidation_fwcompact_medium_021726,companion,compact:frontier_consolidation_fwcompact_medium_021726,57,59,0.032422058284282684,6.927870750427246,6.895448692142963
D_R_43022,chck_80M,43022,R,actual_packet_source_repeat,4,packet:4:724:compact:frontier_consolidation_fwcompact_medium_034598,companion,compact:frontier_consolidation_fwcompact_medium_034598,49,51,0.00020358874462544918,0.012045971117913723,0.011842382373288274
D_R_43022,chck_80M,43022,R,actual_packet_source_repeat,4,packet:4:725:compact:frontier_consolidation_fwcompact_medium_050506,companion,compact:frontier_consolidation_fwcompact_medium_050506,77,79,0.13471202552318573,16.690399169921875,16.55568714439869
D_R_43022,chck_80M,43022,R,actual_packet_source_repeat,4,packet:4:726:compact:frontier_consolidation_fwcompact_medium_053906,companion,compact:frontier_consolidation_fwcompact_medium_053906,33,35,0.004331848584115505,2.099350929260254,2.0950190806761384
D_R_43022,chck_80M,43022,R,actual_packet_source_repeat,4,packet:4:727:compact:frontier_consolidation_fwcompact_medium_039834,companion,compact:frontier_consolidation_fwcompact_medium_039834,56,58,0.09889424592256546,10.103723526000977,10.004829280078411
D_R_43022,chck_80M,43022,R,actual_packet_source_repeat,4,packet:4:728:compact:frontier_consolidation_fwcompact_medium_017014,companion,compact:frontier_consolidation_fwcompact_medium_017014,68,70,0.00780071085318923,11.343918800354004,11.336118089500815
D_R_43022,chck_80M,43022,R,actual_packet_source_repeat,4,packet:4:729:compact:frontier_consolidation_fwcompact_medium_044616,companion,compact:frontier_consolidation_fwcompact_medium_044616,43,45,0.001313776709139347,0.5413993000984192,0.5400855233892798
D_R_43022,chck_80M,43022,R,actual_packet_source_repeat,4,packet:4:72:compact:frontier_consolidation_fwcompact_medium_033827,companion,compact:frontier_consolidation_fwcompact_medium_033827,47,49,0.0028471907135099173,7.647544860839844,7.644697670126334
D_R_43022,chck_80M,43022,R,actual_packet_source_repeat,4,packet:4:730:compact:frontier_consolidation_fwcompact_medium_013027,companion,compact:frontier_consolidation_fwcompact_medium_013027,34,36,0.008976580575108528,12.988297462463379,12.97932088188827
D_R_43022,chck_80M,43022,R,actual_packet_source_repeat,4,packet:4:731:compact:frontier_consolidation_fwcompact_medium_044984,companion,compact:frontier_consolidation_fwcompact_medium_044984,75,77,0.00805628765374422,10.097627639770508,10.089571352116764
D_R_43022,chck_80M,43022,R,actual_packet_source_repeat,4,packet:4:732:compact:frontier_consolidation_fwcompact_medium_006335,companion,compact:frontier_consolidation_fwcompact_medium_006335,81,83,0.006945277564227581,7.298433303833008,7.29148802626878
D_R_43022,chck_80M,43022,R,actual_packet_source_repeat,4,packet:4:733:compact:frontier_consolidation_fwcompact_medium_021523,companion,compact:frontier_consolidation_fwcompact_medium_021523,35,37,0.010492045432329178,9.50422191619873,9.493729870766401
D_R_43022,chck_80M,43022,R,actual_packet_source_repeat,4,packet:4:734:compact:frontier_consolidation_fwcompact_medium_030475,companion,compact:frontier_consolidation_fwcompact_medium_030475,72,74,0.002822702983394265,4.495519638061523,4.492696935078129
D_R_43022,chck_80M,43022,R,actual_packet_source_repeat,4,packet:4:735:compact:frontier_consolidation_fwcompact_medium_051819,companion,compact:frontier_consolidation_fwcompact_medium_051819,30,32,0.0008149401983246207,0.055405307561159134,0.05459036736283451
D_R_43022,chck_80M,43022,R,actual_packet_source_repeat,4,packet:4:736:compact:frontier_consolidation_fwcompact_medium_034365,companion,compact:frontier_consolidation_fwcompact_medium_034365,66,68,0.08475473523139954,7.818026542663574,7.733271807432175
D_R_43022,chck_80M,43022,R,actual_packet_source_repeat,4,packet:4:737:compact:frontier_consolidation_fwcompact_medium_043631,companion,compact:frontier_consolidation_fwcompact_medium_043631,45,47,0.012264433316886425,6.197358131408691,6.185093698091805
D_R_43022,chck_80M,43022,R,actual_packet_source_repeat,4,packet:4:738:compact:frontier_consolidation_fwcompact_medium_026779,companion,compact:frontier_consolidation_fwcompact_medium_026779,24,26,0.03185802698135376,8.24634838104248,8.214490354061127
D_R_43022,chck_80M,43022,R,actual_packet_source_repeat,4,packet:4:739:compact:frontier_consolidation_fwcompact_medium_000873,companion,compact:frontier_consolidation_fwcompact_medium_000873,42,44,0.014248186722397804,10.021320343017578,10.00707215629518
D_R_43022,chck_80M,43022,R,actual_packet_source_repeat,4,packet:4:73:compact:frontier_consolidation_fwcompact_medium_002000,companion,compact:frontier_consolidation_fwcompact_medium_002000,49,51,0.028194691985845566,8.716468811035156,8.68827411904931
D_R_43022,chck_80M,43022,R,actual_packet_source_repeat,4,packet:4:740:compact:frontier_consolidation_fwcompact_medium_000236,companion,compact:frontier_consolidation_fwcompact_medium_000236,74,76,0.004075911827385426,14.092321395874023,14.088245484046638
D_R_43022,chck_80M,43022,R,actual_packet_source_repeat,4,packet:4:741:compact:frontier_consolidation_fwcompact_medium_009073,companion,compact:frontier_consolidation_fwcompact_medium_009073,98,100,0.0023142718710005283,14.984870910644531,14.98255663877353
D_R_43022,chck_80M,43022,R,actual_packet_source_repeat,4,packet:4:742:compact:frontier_consolidation_fwcompact_medium_012980,companion,compact:frontier_consolidation_fwcompact_medium_012980,56,58,0.0007952864980325103,11.612229347229004,11.611434060730971
D_R_43022,chck_80M,43022,R,actual_packet_source_repeat,4,packet:4:743:compact:frontier_consolidation_fwcompact_medium_051541,companion,compact:frontier_consolidation_fwcompact_medium_051541,46,48,0.009582947939634323,2.61627197265625,2.6066890247166157
D_R_43022,chck_80M,43022,R,actual_packet_source_repeat,4,packet:4:744:compact:frontier_consolidation_fwcompact_medium_036819,companion,compact:frontier_consolidation_fwcompact_medium_036819,44,46,0.045610811561346054,4.328664302825928,4.283053491264582
D_R_43022,chck_80M,43022,R,actual_packet_source_repeat,4,packet:4:745:compact:frontier_consolidation_fwcompact_medium_054164,companion,compact:frontier_consolidation_fwcompact_medium_054164,40,42,0.0070217507891356945,3.3011226654052734,3.2941009146161377
D_R_43022,chck_80M,43022,R,actual_packet_source_repeat,4,packet:4:746:compact:frontier_consolidation_fwcompact_medium_017848,companion,compact:frontier_consolidation_fwcompact_medium_017848,59,61,0.07491864264011383,11.912290573120117,11.837371930480003
D_R_43022,chck_80M,43022,R,actual_packet_source_repeat,4,packet:4:747:compact:frontier_consolidation_fwcompact_medium_054871,companion,compact:frontier_consolidation_fwcompact_medium_054871,51,53,0.002978414995595813,1.842631459236145,1.8396530442405492
D_R_43022,chck_80M,43022,R,actual_packet_source_repeat,4,packet:4:748:compact:frontier_consolidation_fwcompact_medium_051221,companion,compact:frontier_consolidation_fwcompact_medium_051221,26,28,0.015840761363506317,4.973858833312988,4.958018071949482
D_R_43022,chck_80M,43022,R,actual_packet_source_repeat,4,packet:4:749:compact:frontier_consolidation_fwcompact_medium_007201,companion,compact:frontier_consolidation_fwcompact_medium_007201,59,61,0.003299984149634838,10.126792907714844,10.123492923565209
D_R_43022,chck_80M,43022,R,actual_packet_source_repeat,4,packet:4:74:compact:frontier_consolidation_fwcompact_medium_043150,companion,compact:frontier_consolidation_fwcompact_medium_043150,60,62,0.005457383580505848,4.976509094238281,4.971051710657775
D_R_43022,chck_80M,43022,R,actual_packet_source_repeat,4,packet:4:750:compact:frontier_consolidation_fwcompact_medium_016041,companion,compact:frontier_consolidation_fwcompact_medium_016041,27,29,0.003501951927319169,2.031909942626953,2.028407990699634
D_R_43022,chck_80M,43022,R,actual_packet_source_repeat,4,packet:4:751:compact:frontier_consolidation_fwcompact_medium_053899,companion,compact:frontier_consolidation_fwcompact_medium_053899,68,70,0.003448850242421031,0.6320565938949585,0.6286077436525375
D_R_43022,chck_80M,43022,R,actual_packet_source_repeat,4,packet:4:752:compact:frontier_consolidation_fwcompact_medium_014321,companion,compact:frontier_consolidation_fwcompact_medium_014321,30,32,0.010086399503052235,3.0986905097961426,3.0886041102930903
D_R_43022,chck_80M,43022,R,actual_packet_source_repeat,4,packet:4:753:compact:frontier_consolidation_fwcompact_medium_035570,companion,compact:frontier_consolidation_fwcompact_medium_035570,20,22,0.004396653734147549,1.5472370386123657,1.5428403848782182
D_R_43022,chck_80M,43022,R,actual_packet_source_repeat,4,packet:4:754:compact:frontier_consolidation_fwcompact_medium_044441,companion,compact:frontier_consolidation_fwcompact_medium_044441,75,77,0.008805257268249989,5.5241851806640625,5.5153799233958125
D_R_43022,chck_80M,43022,R,actual_packet_source_repeat,4,packet:4:755:compact:frontier_consolidation_fwcompact_medium_032755,companion,compact:frontier_consolidation_fwcompact_medium_032755,89,91,0.008333906531333923,10.374025344848633,10.365691438317299
D_R_43022,chck_80M,43022,R,actual_packet_source_repeat,4,packet:4:756:compact:frontier_consolidation_fwcompact_medium_036219,companion,compact:frontier_consolidation_fwcompact_medium_036219,57,59,0.007635692600160837,14.232248306274414,14.224612613674253
D_R_43022,chck_80M,43022,R,actual_packet_source_repeat,4,packet:4:757:compact:frontier_consolidation_fwcompact_medium_057559,companion,compact:frontier_consolidation_fwcompact_medium_057559,59,61,0.031450558453798294,11.89560604095459,11.864155482500792
D_R_43022,chck_80M,43022,R,actual_packet_source_repeat,4,packet:4:758:compact:frontier_consolidation_fwcompact_medium_001434,companion,compact:frontier_consolidation_fwcompact_medium_001434,73,75,0.004430359695106745,6.723262310028076,6.718831950332969
D_R_43022,chck_80M,43022,R,actual_packet_source_repeat,4,packet:4:759:compact:frontier_consolidation_fwcompact_medium_013446,companion,compact:frontier_consolidation_fwcompact_medium_013446,46,48,0.0005351065192371607,3.1481761932373047,3.1476410867180675
D_R_43022,chck_80M,43022,R,actual_packet_source_repeat,4,packet:4:75:compact:frontier_consolidation_fwcompact_medium_020508,companion,compact:frontier_consolidation_fwcompact_medium_020508,37,39,0.2137371301651001,13.041766166687012,12.828029036521912
D_R_43022,chck_80M,43022,R,actual_packet_source_repeat,4,packet:4:760:compact:frontier_consolidation_fwcompact_medium_030842,companion,compact:frontier_consolidation_fwcompact_medium_030842,30,32,0.01113651692867279,11.744695663452148,11.733559146523476
D_R_43022,chck_80M,43022,R,actual_packet_source_repeat,4,packet:4:761:compact:frontier_consolidation_fwcompact_medium_012941,companion,compact:frontier_consolidation_fwcompact_medium_012941,78,80,0.013264271430671215,3.8518919944763184,3.838627723045647
D_R_43022,chck_80M,43022,R,actual_packet_source_repeat,4,packet:4:762:compact:frontier_consolidation_fwcompact_medium_018774,companion,compact:frontier_consolidation_fwcompact_medium_018774,40,42,0.4148462116718292,2.0294981002807617,1.6146518886089325
D_R_43022,chck_80M,43022,R,actual_packet_source_repeat,4,packet:4:763:compact:frontier_consolidation_fwcompact_medium_017830,companion,compact:frontier_consolidation_fwcompact_medium_017830,40,42,0.02924994006752968,7.290187835693359,7.26093789562583
D_R_43022,chck_80M,43022,R,actual_packet_source_repeat,4,packet:4:764:compact:frontier_consolidation_fwcompact_medium_035430,companion,compact:frontier_consolidation_fwcompact_medium_035430,50,52,0.01594659313559532,11.252053260803223,11.236106667667627
D_R_43022,chck_80M,43022,R,actual_packet_source_repeat,4,packet:4:765:compact:frontier_consolidation_fwcompact_medium_031794,companion,compact:frontier_consolidation_fwcompact_medium_031794,50,52,0.009301423095166683,8.231204986572266,8.221903563477099
D_R_43022,chck_80M,43022,R,actual_packet_source_repeat,4,packet:4:766:compact:frontier_consolidation_fwcompact_medium_029360,companion,compact:frontier_consolidation_fwcompact_medium_029360,36,38,0.00016234986833296716,4.5970916748046875,4.5969293249363545
D_R_43022,chck_80M,43022,R,actual_packet_source_repeat,4,packet:4:767:compact:frontier_consolidation_fwcompact_medium_015537,companion,compact:frontier_consolidation_fwcompact_medium_015537,104,106,0.12102334201335907,9.288207054138184,9.167183712124825
D_R_43022,chck_80M,43022,R,actual_packet_source_repeat,4,packet:4:768:compact:frontier_consolidation_fwcompact_medium_027395,companion,compact:frontier_consolidation_fwcompact_medium_027395,55,57,0.00035768310772255063,1.4822903871536255,1.481932704045903
D_R_43022,chck_80M,43022,R,actual_packet_source_repeat,4,packet:4:769:compact:frontier_consolidation_fwcompact_medium_035906,companion,compact:frontier_consolidation_fwcompact_medium_035906,46,48,0.08443520963191986,16.073787689208984,15.989352479577065
D_R_43022,chck_80M,43022,R,actual_packet_source_repeat,4,packet:4:76:compact:frontier_consolidation_fwcompact_medium_011790,companion,compact:frontier_consolidation_fwcompact_medium_011790,24,26,0.009199375286698341,2.3771824836730957,2.3679831083863974
D_R_43022,chck_80M,43022,R,actual_packet_source_repeat,4,packet:4:770:compact:frontier_consolidation_fwcompact_medium_048618,companion,compact:frontier_consolidation_fwcompact_medium_048618,35,37,0.002711788285523653,1.9947178363800049,1.9920060480944812
D_R_43022,chck_80M,43022,R,actual_packet_source_repeat,4,packet:4:771:compact:frontier_consolidation_fwcompact_medium_061266,companion,compact:frontier_consolidation_fwcompact_medium_061266,23,25,0.0022407679352909327,0.6634043455123901,0.6611635775770992
D_R_43022,chck_80M,43022,R,actual_packet_source_repeat,4,packet:4:772:compact:frontier_consolidation_fwcompact_medium_021872,companion,compact:frontier_consolidation_fwcompact_medium_021872,46,48,0.0664057731628418,1.8244205713272095,1.7580147981643677
D_R_43022,chck_80M,43022,R,actual_packet_source_repeat,4,packet:4:773:compact:frontier_consolidation_fwcompact_medium_011676,companion,compact:frontier_consolidation_fwcompact_medium_011676,47,49,0.006048351526260376,2.676335096359253,2.6702867448329926
D_R_43022,chck_80M,43022,R,actual_packet_source_repeat,4,packet:4:774:compact:frontier_consolidation_fwcompact_medium_053585,companion,compact:frontier_consolidation_fwcompact_medium_053585,87,89,0.03435371071100235,6.346601486206055,6.312247775495052
D_R_43022,chck_80M,43022,R,actual_packet_source_repeat,4,packet:4:775:compact:frontier_consolidation_fwcompact_medium_028243,companion,compact:frontier_consolidation_fwcompact_medium_028243,94,96,0.0062498836778104305,7.238389015197754,7.2321391315199435
D_R_43022,chck_80M,43022,R,actual_packet_source_repeat,4,packet:4:776:compact:frontier_consolidation_fwcompact_medium_043941,companion,compact:frontier_consolidation_fwcompact_medium_043941,58,60,0.0006893880781717598,0.23212184011936188,0.23143245204119012
D_R_43022,chck_80M,43022,R,actual_packet_source_repeat,4,packet:4:777:compact:frontier_consolidation_fwcompact_medium_059987,companion,compact:frontier_consolidation_fwcompact_medium_059987,54,56,0.0031207927968353033,6.649619102478027,6.646498309681192
D_R_43022,chck_80M,43022,R,actual_packet_source_repeat,4,packet:4:778:compact:frontier_consolidation_fwcompact_medium_031393,companion,compact:frontier_consolidation_fwcompact_medium_031393,42,44,0.02942798286676407,4.777463912963867,4.748035930097103
D_R_43022,chck_80M,43022,R,actual_packet_source_repeat,4,packet:4:779:compact:frontier_consolidation_fwcompact_medium_022527,companion,compact:frontier_consolidation_fwcompact_medium_022527,34,36,0.009952445514500141,0.4556314945220947,0.4456790490075946
D_R_43022,chck_80M,43022,R,actual_packet_source_repeat,4,packet:4:77:compact:frontier_consolidation_fwcompact_medium_025601,companion,compact:frontier_consolidation_fwcompact_medium_025601,30,32,0.004032932687550783,1.2068485021591187,1.2028155694715679
D_R_43022,chck_80M,43022,R,actual_packet_source_repeat,4,packet:4:780:compact:frontier_consolidation_fwcompact_medium_053072,companion,compact:frontier_consolidation_fwcompact_medium_053072,38,40,0.009358112700283527,10.970486640930176,10.961128528229892
D_R_43022,chck_80M,43022,R,actual_packet_source_repeat,4,packet:4:781:compact:frontier_consolidation_fwcompact_medium_001701,companion,compact:frontier_consolidation_fwcompact_medium_001701,30,32,0.009517178870737553,10.81770133972168,10.808184160850942
D_R_43022,chck_80M,43022,R,actual_packet_source_repeat,4,packet:4:782:compact:frontier_consolidation_fwcompact_medium_027023,companion,compact:frontier_consolidation_fwcompact_medium_027023,92,94,0.008553417399525642,8.224504470825195,8.21595105342567
D_R_43022,chck_80M,43022,R,actual_packet_source_repeat,4,packet:4:783:compact:frontier_consolidation_fwcompact_medium_000044,companion,compact:frontier_consolidation_fwcompact_medium_000044,56,58,0.021900126710534096,5.120075225830078,5.098175099119544
D_R_43022,chck_80M,43022,R,actual_packet_source_repeat,4,packet:4:784:compact:frontier_consolidation_fwcompact_medium_014286,companion,compact:frontier_consolidation_fwcompact_medium_014286,36,38,0.0021785590797662735,1.7042423486709595,1.7020637895911932
D_R_43022,chck_80M,43022,R,actual_packet_source_repeat,4,packet:4:785:compact:frontier_consolidation_fwcompact_medium_049883,companion,compact:frontier_consolidation_fwcompact_medium_049883,72,74,0.010261043906211853,6.513256072998047,6.502995029091835
D_R_43022,chck_80M,43022,R,actual_packet_source_repeat,4,packet:4:786:compact:frontier_consolidation_fwcompact_medium_006027,companion,compact:frontier_consolidation_fwcompact_medium_006027,44,46,0.006146575324237347,4.542849063873291,4.536702488549054
D_R_43022,chck_80M,43022,R,actual_packet_source_repeat,4,packet:4:787:compact:frontier_consolidation_fwcompact_medium_057751,companion,compact:frontier_consolidation_fwcompact_medium_057751,80,82,0.0116217490285635,1.6572695970535278,1.6456478480249643
D_R_43022,chck_80M,43022,R,actual_packet_source_repeat,4,packet:4:788:compact:frontier_consolidation_fwcompact_medium_060374,companion,compact:frontier_consolidation_fwcompact_medium_060374,84,86,0.04137180745601654,17.66231346130371,17.620941653847694
D_R_43022,chck_80M,43022,R,actual_packet_source_repeat,4,packet:4:789:compact:frontier_consolidation_fwcompact_medium_033191,companion,compact:frontier_consolidation_fwcompact_medium_033191,54,56,0.011226934380829334,1.9868704080581665,1.9756434736773372
D_R_43022,chck_80M,43022,R,actual_packet_source_repeat,4,packet:4:78:compact:frontier_consolidation_fwcompact_medium_001271,companion,compact:frontier_consolidation_fwcompact_medium_001271,66,68,0.009871238842606544,9.298965454101562,9.289094215258956
D_R_43022,chck_80M,43022,R,actual_packet_source_repeat,4,packet:4:790:compact:frontier_consolidation_fwcompact_medium_013019,companion,compact:frontier_consolidation_fwcompact_medium_013019,63,65,0.004068313166499138,8.662775039672852,8.658706726506352
D_R_43022,chck_80M,43022,R,actual_packet_source_repeat,4,packet:4:791:compact:frontier_consolidation_fwcompact_medium_050604,companion,compact:frontier_consolidation_fwcompact_medium_050604,43,45,0.001016814960166812,3.1599860191345215,3.1589692041743547
D_R_43022,chck_80M,43022,R,actual_packet_source_repeat,4,packet:4:792:compact:frontier_consolidation_fwcompact_medium_014621,companion,compact:frontier_consolidation_fwcompact_medium_014621,45,47,0.005209561437368393,5.611510276794434,5.606300715357065
D_R_43022,chck_80M,43022,R,actual_packet_source_repeat,4,packet:4:793:compact:frontier_consolidation_fwcompact_medium_032280,companion,compact:frontier_consolidation_fwcompact_medium_032280,36,38,0.019727924838662148,6.166015148162842,6.14628722332418
D_R_43022,chck_80M,43022,R,actual_packet_source_repeat,4,packet:4:794:compact:frontier_consolidation_fwcompact_medium_025336,companion,compact:frontier_consolidation_fwcompact_medium_025336,80,82,0.02878662571310997,1.720410704612732,1.691624078899622
D_R_43022,chck_80M,43022,R,actual_packet_source_repeat,4,packet:4:795:compact:frontier_consolidation_fwcompact_medium_044115,companion,compact:frontier_consolidation_fwcompact_medium_044115,44,46,0.0002215855201939121,2.8640270233154297,2.8638054377952358
D_R_43022,chck_80M,43022,R,actual_packet_source_repeat,4,packet:4:796:compact:frontier_consolidation_fwcompact_medium_029167,companion,compact:frontier_consolidation_fwcompact_medium_029167,32,34,0.009789198637008667,0.8858146667480469,0.8760254681110382
D_R_43022,chck_80M,43022,R,actual_packet_source_repeat,4,packet:4:797:compact:frontier_consolidation_fwcompact_medium_054688,companion,compact:frontier_consolidation_fwcompact_medium_054688,32,34,0.006140651647001505,14.5911283493042,14.584987697657198
D_R_43022,chck_80M,43022,R,actual_packet_source_repeat,4,packet:4:798:compact:frontier_consolidation_fwcompact_medium_057347,companion,compact:frontier_consolidation_fwcompact_medium_057347,28,30,0.0033786376006901264,8.013283729553223,8.009905091952533
D_R_43022,chck_80M,43022,R,actual_packet_source_repeat,4,packet:4:799:compact:frontier_consolidation_fwcompact_medium_010507,companion,compact:frontier_consolidation_fwcompact_medium_010507,29,31,0.042325835675001144,6.758844375610352,6.71651853993535
D_R_43022,chck_80M,43022,R,actual_packet_source_repeat,4,packet:4:79:compact:frontier_consolidation_fwcompact_medium_029072,companion,compact:frontier_consolidation_fwcompact_medium_029072,29,31,0.005704670213162899,7.83384370803833,7.828139037825167
D_R_43022,chck_80M,43022,R,actual_packet_source_repeat,4,packet:4:7:compact:frontier_consolidation_fwcompact_medium_023863,companion,compact:frontier_consolidation_fwcompact_medium_023863,38,40,0.26075470447540283,8.263121604919434,8.00236690044403
D_R_43022,chck_80M,43022,R,actual_packet_source_repeat,4,packet:4:800:compact:frontier_consolidation_fwcompact_medium_025515,companion,compact:frontier_consolidation_fwcompact_medium_025515,35,37,0.0010143141262233257,0.20939455926418304,0.20838024513795972
D_R_43022,chck_80M,43022,R,actual_packet_source_repeat,4,packet:4:801:compact:frontier_consolidation_fwcompact_medium_050818,companion,compact:frontier_consolidation_fwcompact_medium_050818,85,87,0.004686680622398853,8.251209259033203,8.246522578410804
D_R_43022,chck_80M,43022,R,actual_packet_source_repeat,4,packet:4:802:compact:frontier_consolidation_fwcompact_medium_006050,companion,compact:frontier_consolidation_fwcompact_medium_006050,62,64,0.0046996138989925385,15.066811561584473,15.06211194768548
D_R_43022,chck_80M,43022,R,actual_packet_source_repeat,4,packet:4:803:compact:frontier_consolidation_fwcompact_medium_049232,companion,compact:frontier_consolidation_fwcompact_medium_049232,27,29,0.0008871195605024695,0.6331726312637329,0.6322855117032304
D_R_43022,chck_80M,43022,R,actual_packet_source_repeat,4,packet:4:804:compact:frontier_consolidation_fwcompact_medium_015748,companion,compact:frontier_consolidation_fwcompact_medium_015748,69,71,0.16146105527877808,9.804615020751953,9.643153965473175
D_R_43022,chck_80M,43022,R,actual_packet_source_repeat,4,packet:4:805:compact:frontier_consolidation_fwcompact_medium_053253,companion,compact:frontier_consolidation_fwcompact_medium_053253,76,78,0.02030281163752079,8.26748275756836,8.247179945930839
D_R_43022,chck_80M,43022,R,actual_packet_source_repeat,4,packet:4:806:compact:frontier_consolidation_fwcompact_medium_015811,companion,compact:frontier_consolidation_fwcompact_medium_015811,48,50,0.005655122920870781,7.005444049835205,6.999788926914334
D_R_43022,chck_80M,43022,R,actual_packet_source_repeat,4,packet:4:807:compact:frontier_consolidation_fwcompact_medium_039569,companion,compact:frontier_consolidation_fwcompact_medium_039569,62,64,0.0015573289711028337,2.440284252166748,2.438726923195645
D_R_43022,chck_80M,43022,R,actual_packet_source_repeat,4,packet:4:808:compact:frontier_consolidation_fwcompact_medium_045111,companion,compact:frontier_consolidation_fwcompact_medium_045111,30,32,0.02187376841902733,10.348734855651855,10.326861087232828
D_R_43022,chck_80M,43022,R,actual_packet_source_repeat,4,packet:4:809:compact:frontier_consolidation_fwcompact_medium_023496,companion,compact:frontier_consolidation_fwcompact_medium_023496,53,55,0.0066714175045490265,7.321247100830078,7.314575683325529
D_R_43022,chck_80M,43022,R,actual_packet_source_repeat,4,packet:4:80:compact:frontier_consolidation_fwcompact_medium_052765,companion,compact:frontier_consolidation_fwcompact_medium_052765,47,49,0.001838304684497416,5.2441205978393555,5.242282293154858
D_R_43022,chck_80M,43022,R,actual_packet_source_repeat,4,packet:4:810:compact:frontier_consolidation_fwcompact_medium_049866,companion,compact:frontier_consolidation_fwcompact_medium_049866,17,19,0.006975938566029072,11.441388130187988,11.43441219162196
D_R_43022,chck_80M,43022,R,actual_packet_source_repeat,4,packet:4:811:compact:frontier_consolidation_fwcompact_medium_027372,companion,compact:frontier_consolidation_fwcompact_medium_027372,35,37,0.007448994088917971,8.375785827636719,8.3683368335478
D_R_43022,chck_80M,43022,R,actual_packet_source_repeat,4,packet:4:812:compact:frontier_consolidation_fwcompact_medium_018036,companion,compact:frontier_consolidation_fwcompact_medium_018036,46,48,0.002183198230341077,0.8456084728240967,0.8434252745937556
D_R_43022,chck_80M,43022,R,actual_packet_source_repeat,4,packet:4:813:compact:frontier_consolidation_fwcompact_medium_041109,companion,compact:frontier_consolidation_fwcompact_medium_041109,23,25,0.008115057833492756,10.570032119750977,10.561917061917484
D_R_43022,chck_80M,43022,R,actual_packet_source_repeat,4,packet:4:814:compact:frontier_consolidation_fwcompact_medium_043908,companion,compact:frontier_consolidation_fwcompact_medium_043908,37,39,0.026092231273651123,15.803655624389648,15.777563393115997
D_R_43022,chck_80M,43022,R,actual_packet_source_repeat,4,packet:4:815:compact:frontier_consolidation_fwcompact_medium_061202,companion,compact:frontier_consolidation_fwcompact_medium_061202,45,47,0.0006596058374270797,0.20056788623332977,0.1999082803959027
D_R_43022,chck_80M,43022,R,actual_packet_source_repeat,4,packet:4:816:compact:frontier_consolidation_fwcompact_medium_033453,companion,compact:frontier_consolidation_fwcompact_medium_033453,42,44,0.002458290196955204,12.412193298339844,12.409735008142889
D_R_43022,chck_80M,43022,R,actual_packet_source_repeat,4,packet:4:817:compact:frontier_consolidation_fwcompact_medium_002319,companion,compact:frontier_consolidation_fwcompact_medium_002319,42,44,0.006343941669911146,9.85737419128418,9.851030249614269
D_R_43022,chck_80M,43022,R,actual_packet_source_repeat,4,packet:4:818:compact:frontier_consolidation_fwcompact_medium_029440,companion,compact:frontier_consolidation_fwcompact_medium_029440,32,34,0.0010939810890704393,6.227032661437988,6.225938680348918
D_R_43022,chck_80M,43022,R,actual_packet_source_repeat,4,packet:4:819:compact:frontier_consolidation_fwcompact_medium_057197,companion,compact:frontier_consolidation_fwcompact_medium_057197,39,41,0.0019124329555779696,9.535358428955078,9.5334459959995
D_R_43022,chck_80M,43022,R,actual_packet_source_repeat,4,packet:4:81:compact:frontier_consolidation_fwcompact_medium_021584,companion,compact:frontier_consolidation_fwcompact_medium_021584,61,63,0.011119894683361053,12.035146713256836,12.024026818573475
D_R_43022,chck_80M,43022,R,actual_packet_source_repeat,4,packet:4:820:compact:frontier_consolidation_fwcompact_medium_042528,companion,compact:frontier_consolidation_fwcompact_medium_042528,27,29,0.01894872821867466,7.3895440101623535,7.370595281943679
D_R_43022,chck_80M,43022,R,actual_packet_source_repeat,4,packet:4:821:compact:frontier_consolidation_fwcompact_medium_048264,companion,compact:frontier_consolidation_fwcompact_medium_048264,19,21,0.02732335962355137,10.568489074707031,10.54116571508348
D_R_43022,chck_80M,43022,R,actual_packet_source_repeat,4,packet:4:822:compact:frontier_consolidation_fwcompact_medium_056382,companion,compact:frontier_consolidation_fwcompact_medium_056382,46,48,0.0021453716326504946,3.822570562362671,3.8204251907300204
D_R_43022,chck_80M,43022,R,actual_packet_source_repeat,4,packet:4:823:compact:frontier_consolidation_fwcompact_medium_048166,companion,compact:frontier_consolidation_fwcompact_medium_048166,55,57,0.0036182431504130363,5.408211708068848,5.404593464918435
D_R_43022,chck_80M,43022,R,actual_packet_source_repeat,4,packet:4:824:compact:frontier_consolidation_fwcompact_medium_001456,companion,compact:frontier_consolidation_fwcompact_medium_001456,37,39,0.001987150404602289,2.4993464946746826,2.4973593442700803
D_R_43022,chck_80M,43022,R,actual_packet_source_repeat,4,packet:4:825:compact:frontier_consolidation_fwcompact_medium_040649,companion,compact:frontier_consolidation_fwcompact_medium_040649,67,69,0.011415992863476276,12.97000789642334,12.958591903559864
D_R_43022,chck_80M,43022,R,actual_packet_source_repeat,4,packet:4:826:compact:frontier_consolidation_fwcompact_medium_031315,companion,compact:frontier_consolidation_fwcompact_medium_031315,42,44,0.0004539651272352785,1.906725287437439,1.9062713223102037
D_R_43022,chck_80M,43022,R,actual_packet_source_repeat,4,packet:4:827:compact:frontier_consolidation_fwcompact_medium_040636,companion,compact:frontier_consolidation_fwcompact_medium_040636,44,46,0.05890349671244621,9.115804672241211,9.056901175528765
D_R_43022,chck_80M,43022,R,actual_packet_source_repeat,4,packet:4:828:compact:frontier_consolidation_fwcompact_medium_017767,companion,compact:frontier_consolidation_fwcompact_medium_017767,41,43,0.011605605483055115,13.540838241577148,13.529232636094093
D_R_43022,chck_80M,43022,R,actual_packet_source_repeat,4,packet:4:829:compact:frontier_consolidation_fwcompact_medium_008731,companion,compact:frontier_consolidation_fwcompact_medium_008731,69,71,0.008350693620741367,3.306943655014038,3.2985929613932967
D_R_43022,chck_80M,43022,R,actual_packet_source_repeat,4,packet:4:82:compact:frontier_consolidation_fwcompact_medium_034271,companion,compact:frontier_consolidation_fwcompact_medium_034271,43,45,0.0005267662927508354,5.8003387451171875,5.799811978824437
D_R_43022,chck_80M,43022,R,actual_packet_source_repeat,4,packet:4:830:compact:frontier_consolidation_fwcompact_medium_050034,companion,compact:frontier_consolidation_fwcompact_medium_050034,53,55,0.004019634798169136,10.982271194458008,10.978251559659839
D_R_43022,chck_80M,43022,R,actual_packet_source_repeat,4,packet:4:831:compact:frontier_consolidation_fwcompact_medium_002943,companion,compact:frontier_consolidation_fwcompact_medium_002943,56,58,0.0019165972480550408,1.8868604898452759,1.8849438925972208
D_R_43022,chck_80M,43022,R,actual_packet_source_repeat,4,packet:4:832:compact:frontier_consolidation_fwcompact_medium_007150,companion,compact:frontier_consolidation_fwcompact_medium_007150,57,59,0.006240169517695904,10.413414001464844,10.407173831947148
D_R_43022,chck_80M,43022,R,actual_packet_source_repeat,4,packet:4:833:compact:frontier_consolidation_fwcompact_medium_053710,companion,compact:frontier_consolidation_fwcompact_medium_053710,24,26,0.036060769110918045,4.542729377746582,4.506668608635664
D_R_43022,chck_80M,43022,R,actual_packet_source_repeat,4,packet:4:834:compact:frontier_consolidation_fwcompact_medium_052003,companion,compact:frontier_consolidation_fwcompact_medium_052003,36,38,0.005064160097390413,7.353754997253418,7.3486908371560276
D_R_43022,chck_80M,43022,R,actual_packet_source_repeat,4,packet:4:835:compact:frontier_consolidation_fwcompact_medium_036865,companion,compact:frontier_consolidation_fwcompact_medium_036865,44,46,0.0024994343984872103,3.682339668273926,3.6798402338754386
D_R_43022,chck_80M,43022,R,actual_packet_source_repeat,4,packet:4:836:compact:frontier_consolidation_fwcompact_medium_054935,companion,compact:frontier_consolidation_fwcompact_medium_054935,47,49,0.020987220108509064,0.5867182612419128,0.5657310411334038
D_R_43022,chck_80M,43022,R,actual_packet_source_repeat,4,packet:4:837:compact:frontier_consolidation_fwcompact_medium_061333,companion,compact:frontier_consolidation_fwcompact_medium_061333,74,76,0.0019539566710591316,9.423604011535645,9.421650054864585
D_R_43022,chck_80M,43022,R,actual_packet_source_repeat,4,packet:4:838:compact:frontier_consolidation_fwcompact_medium_006871,companion,compact:frontier_consolidation_fwcompact_medium_006871,119,121,0.0010191967012360692,2.417210102081299,2.4161909053800628
D_R_43022,chck_80M,43022,R,actual_packet_source_repeat,4,packet:4:839:compact:frontier_consolidation_fwcompact_medium_054799,companion,compact:frontier_consolidation_fwcompact_medium_054799,51,53,0.0184157807379961,4.743258953094482,4.724843172356486
D_R_43022,chck_80M,43022,R,actual_packet_source_repeat,4,packet:4:83:compact:frontier_consolidation_fwcompact_medium_035656,companion,compact:frontier_consolidation_fwcompact_medium_035656,35,37,4.5536911784438416e-05,0.00312210014089942,0.0030765632291149814
D_R_43022,chck_80M,43022,R,actual_packet_source_repeat,4,packet:4:840:compact:frontier_consolidation_fwcompact_medium_014189,companion,compact:frontier_consolidation_fwcompact_medium_014189,45,47,9.48860906646587e-05,0.18979889154434204,0.18970400545367738
D_R_43022,chck_80M,43022,R,actual_packet_source_repeat,4,packet:4:841:compact:frontier_consolidation_fwcompact_medium_010255,companion,compact:frontier_consolidation_fwcompact_medium_010255,49,51,0.002653175499290228,9.685332298278809,9.682679122779518
D_R_43022,chck_80M,43022,R,actual_packet_source_repeat,4,packet:4:842:compact:frontier_consolidation_fwcompact_medium_005652,companion,compact:frontier_consolidation_fwcompact_medium_005652,49,51,0.0007655074005015194,5.078440189361572,5.077674681961071
D_R_43022,chck_80M,43022,R,actual_packet_source_repeat,4,packet:4:843:compact:frontier_consolidation_fwcompact_medium_046563,companion,compact:frontier_consolidation_fwcompact_medium_046563,47,49,0.021169308573007584,6.067566871643066,6.046397563070059
D_R_43022,chck_80M,43022,R,actual_packet_source_repeat,4,packet:4:844:compact:frontier_consolidation_fwcompact_medium_015343,companion,compact:frontier_consolidation_fwcompact_medium_015343,48,50,0.0019461041083559394,1.3424334526062012,1.3404873484978452
D_R_43022,chck_80M,43022,R,actual_packet_source_repeat,4,packet:4:845:compact:frontier_consolidation_fwcompact_medium_034531,companion,compact:frontier_consolidation_fwcompact_medium_034531,46,48,0.0011317284079268575,0.31491419672966003,0.3137824683217332
D_R_43022,chck_80M,43022,R,actual_packet_source_repeat,4,packet:4:846:compact:frontier_consolidation_fwcompact_medium_046914,companion,compact:frontier_consolidation_fwcompact_medium_046914,75,77,0.007025065366178751,5.138356685638428,5.131331620272249
D_R_43022,chck_80M,43022,R,actual_packet_source_repeat,4,packet:4:847:compact:frontier_consolidation_fwcompact_medium_036367,companion,compact:frontier_consolidation_fwcompact_medium_036367,38,40,0.0001951265730895102,0.035533297806978226,0.035338171233888716
D_R_43022,chck_80M,43022,R,actual_packet_source_repeat,4,packet:4:848:compact:frontier_consolidation_fwcompact_medium_014280,companion,compact:frontier_consolidation_fwcompact_medium_014280,35,37,0.002438787603750825,0.19461724162101746,0.19217845401726663
D_R_43022,chck_80M,43022,R,actual_packet_source_repeat,4,packet:4:849:compact:frontier_consolidation_fwcompact_medium_056488,companion,compact:frontier_consolidation_fwcompact_medium_056488,56,58,0.06502248346805573,13.67768383026123,13.612661346793175
D_R_43022,chck_80M,43022,R,actual_packet_source_repeat,4,packet:4:84:compact:frontier_consolidation_fwcompact_medium_045587,companion,compact:frontier_consolidation_fwcompact_medium_045587,69,71,0.000902007392141968,2.930912971496582,2.93001096410444
D_R_43022,chck_80M,43022,R,actual_packet_source_repeat,4,packet:4:850:compact:frontier_consolidation_fwcompact_medium_029791,companion,compact:frontier_consolidation_fwcompact_medium_029791,27,29,0.1622060239315033,6.025949478149414,5.863743454217911
D_R_43022,chck_80M,43022,R,actual_packet_source_repeat,4,packet:4:851:compact:frontier_consolidation_fwcompact_medium_051933,companion,compact:frontier_consolidation_fwcompact_medium_051933,58,60,0.09854107350111008,15.68642520904541,15.5878841355443
D_R_43022,chck_80M,43022,R,actual_packet_source_repeat,4,packet:4:852:compact:frontier_consolidation_fwcompact_medium_047419,companion,compact:frontier_consolidation_fwcompact_medium_047419,35,37,0.0068536438047885895,10.006845474243164,9.999991830438375
D_R_43022,chck_80M,43022,R,actual_packet_source_repeat,4,packet:4:853:compact:frontier_consolidation_fwcompact_medium_035537,companion,compact:frontier_consolidation_fwcompact_medium_035537,52,54,0.006579285021871328,1.7744879722595215,1.7679086872376502
D_R_43022,chck_80M,43022,R,actual_packet_source_repeat,4,packet:4:854:compact:frontier_consolidation_fwcompact_medium_019638,companion,compact:frontier_consolidation_fwcompact_medium_019638,77,79,0.006874007638543844,1.128999948501587,1.122125940863043
D_R_43022,chck_80M,43022,R,actual_packet_source_repeat,4,packet:4:855:compact:frontier_consolidation_fwcompact_medium_029230,companion,compact:frontier_consolidation_fwcompact_medium_029230,53,55,0.00011312322021694854,8.37151050567627,8.371397382456053
D_R_43022,chck_80M,43022,R,actual_packet_source_repeat,4,packet:4:856:compact:frontier_consolidation_fwcompact_medium_010502,companion,compact:frontier_consolidation_fwcompact_medium_010502,46,48,0.024031776934862137,7.222815990447998,7.198784213513136
D_R_43022,chck_80M,43022,R,actual_packet_source_repeat,4,packet:4:857:compact:frontier_consolidation_fwcompact_medium_052129,companion,compact:frontier_consolidation_fwcompact_medium_052129,23,25,0.00043275527423247695,0.0422045923769474,0.041771837102714926
D_R_43022,chck_80M,43022,R,actual_packet_source_repeat,4,packet:4:858:compact:frontier_consolidation_fwcompact_medium_009039,companion,compact:frontier_consolidation_fwcompact_medium_009039,44,46,0.010441201739013195,9.790336608886719,9.779895407147706
D_R_43022,chck_80M,43022,R,actual_packet_source_repeat,4,packet:4:859:compact:frontier_consolidation_fwcompact_medium_043116,companion,compact:frontier_consolidation_fwcompact_medium_043116,58,60,0.03082980215549469,5.80454158782959,5.773711785674095
D_R_43022,chck_80M,43022,R,actual_packet_source_repeat,4,packet:4:85:compact:frontier_consolidation_fwcompact_medium_008385,companion,compact:frontier_consolidation_fwcompact_medium_008385,73,75,0.011871403083205223,6.014910697937012,6.0030392948538065
D_R_43022,chck_80M,43022,R,actual_packet_source_repeat,4,packet:4:860:compact:frontier_consolidation_fwcompact_medium_020640,companion,compact:frontier_consolidation_fwcompact_medium_020640,61,63,0.006655312608927488,10.400847434997559,10.394192122388631
D_R_43022,chck_80M,43022,R,actual_packet_source_repeat,4,packet:4:861:compact:frontier_consolidation_fwcompact_medium_053569,companion,compact:frontier_consolidation_fwcompact_medium_053569,55,57,0.027166984975337982,5.513075828552246,5.485908843576908
D_R_43022,chck_80M,43022,R,actual_packet_source_repeat,4,packet:4:862:compact:frontier_consolidation_fwcompact_medium_003516,companion,compact:frontier_consolidation_fwcompact_medium_003516,56,58,0.04784712567925453,12.167466163635254,12.119619037956
D_R_43022,chck_80M,43022,R,actual_packet_source_repeat,4,packet:4:863:compact:frontier_consolidation_fwcompact_medium_007279,companion,compact:frontier_consolidation_fwcompact_medium_007279,23,25,0.005021934863179922,5.527096271514893,5.522074336651713
D_R_43022,chck_80M,43022,R,actual_packet_source_repeat,4,packet:4:864:compact:frontier_consolidation_fwcompact_medium_023737,companion,compact:frontier_consolidation_fwcompact_medium_023737,39,41,0.013547740876674652,1.637512445449829,1.6239647045731544
D_R_43022,chck_80M,43022,R,actual_packet_source_repeat,4,packet:4:865:compact:frontier_consolidation_fwcompact_medium_042828,companion,compact:frontier_consolidation_fwcompact_medium_042828,24,26,0.03256169334053993,7.536834716796875,7.504273023456335
D_R_43022,chck_80M,43022,R,actual_packet_source_repeat,4,packet:4:866:compact:frontier_consolidation_fwcompact_medium_003723,companion,compact:frontier_consolidation_fwcompact_medium_003723,41,43,0.009841375052928925,2.4101932048797607,2.400351829826832
D_R_43022,chck_80M,43022,R,actual_packet_source_repeat,4,packet:4:867:compact:frontier_consolidation_fwcompact_medium_028965,companion,compact:frontier_consolidation_fwcompact_medium_028965,37,39,0.016319846734404564,9.567120552062988,9.550800705328584
D_R_43022,chck_80M,43022,R,actual_packet_source_repeat,4,packet:4:868:compact:frontier_consolidation_fwcompact_medium_013175,companion,compact:frontier_consolidation_fwcompact_medium_013175,105,107,0.0014859121292829514,4.232574462890625,4.231088550761342
D_R_43022,chck_80M,43022,R,actual_packet_source_repeat,4,packet:4:869:compact:frontier_consolidation_fwcompact_medium_003622,companion,compact:frontier_consolidation_fwcompact_medium_003622,48,50,0.042261045426130295,7.90969181060791,7.86743076518178
D_R_43022,chck_80M,43022,R,actual_packet_source_repeat,4,packet:4:86:compact:frontier_consolidation_fwcompact_medium_002949,companion,compact:frontier_consolidation_fwcompact_medium_002949,72,74,0.0002397011558059603,0.17545096576213837,0.1752112646063324
D_R_43022,chck_80M,43022,R,actual_packet_source_repeat,4,packet:4:870:compact:frontier_consolidation_fwcompact_medium_008144,companion,compact:frontier_consolidation_fwcompact_medium_008144,55,57,0.0021824846044182777,0.6967505812644958,0.6945680966600776
D_R_43022,chck_80M,43022,R,actual_packet_source_repeat,4,packet:4:871:compact:frontier_consolidation_fwcompact_medium_045525,companion,compact:frontier_consolidation_fwcompact_medium_045525,41,43,0.00877477042376995,1.1224230527877808,1.1136482823640108
D_R_43022,chck_80M,43022,R,actual_packet_source_repeat,4,packet:4:872:compact:frontier_consolidation_fwcompact_medium_042087,companion,compact:frontier_consolidation_fwcompact_medium_042087,53,55,0.023199323564767838,8.158504486083984,8.135305162519217
D_R_43022,chck_80M,43022,R,actual_packet_source_repeat,4,packet:4:873:compact:frontier_consolidation_fwcompact_medium_017315,companion,compact:frontier_consolidation_fwcompact_medium_017315,53,55,0.006438109558075666,2.337801456451416,2.3313633468933403
D_R_43022,chck_80M,43022,R,actual_packet_source_repeat,4,packet:4:874:compact:frontier_consolidation_fwcompact_medium_025254,companion,compact:frontier_consolidation_fwcompact_medium_025254,34,36,0.006477195303887129,11.489395141601562,11.482917946297675
D_R_43022,chck_80M,43022,R,actual_packet_source_repeat,4,packet:4:875:compact:frontier_consolidation_fwcompact_medium_043401,companion,compact:frontier_consolidation_fwcompact_medium_043401,45,47,0.0032985585276037455,0.3720257580280304,0.36872719950042665
D_R_43022,chck_80M,43022,R,actual_packet_source_repeat,4,packet:4:876:compact:frontier_consolidation_fwcompact_medium_027891,companion,compact:frontier_consolidation_fwcompact_medium_027891,49,51,0.022138133645057678,0.9513896703720093,0.9292515367269516
D_R_43022,chck_80M,43022,R,actual_packet_source_repeat,4,packet:4:877:compact:frontier_consolidation_fwcompact_medium_036308,companion,compact:frontier_consolidation_fwcompact_medium_036308,87,89,0.0012859179405495524,5.617153167724609,5.61586724978406
D_R_43022,chck_80M,43022,R,actual_packet_source_repeat,4,packet:4:878:compact:frontier_consolidation_fwcompact_medium_005533,companion,compact:frontier_consolidation_fwcompact_medium_005533,56,58,0.017509527504444122,5.826183795928955,5.808674268424511
D_R_43022,chck_80M,43022,R,actual_packet_source_repeat,4,packet:4:879:compact:frontier_consolidation_fwcompact_medium_043284,companion,compact:frontier_consolidation_fwcompact_medium_043284,49,51,0.0080441078171134,6.229637145996094,6.22159303817898
D_R_43022,chck_80M,43022,R,actual_packet_source_repeat,4,packet:4:87:compact:frontier_consolidation_fwcompact_medium_033314,companion,compact:frontier_consolidation_fwcompact_medium_033314,25,27,0.005537408869713545,2.3970179557800293,2.3914805469103158
D_R_43022,chck_80M,43022,R,actual_packet_source_repeat,4,packet:4:880:compact:frontier_consolidation_fwcompact_medium_007450,companion,compact:frontier_consolidation_fwcompact_medium_007450,33,35,0.1348191201686859,11.361950874328613,11.227131754159927
D_R_43022,chck_80M,43022,R,actual_packet_source_repeat,4,packet:4:881:compact:frontier_consolidation_fwcompact_medium_020891,companion,compact:frontier_consolidation_fwcompact_medium_020891,40,42,0.018288791179656982,6.932413578033447,6.91412478685379
D_R_43022,chck_80M,43022,R,actual_packet_source_repeat,4,packet:4:882:compact:frontier_consolidation_fwcompact_medium_040977,companion,compact:frontier_consolidation_fwcompact_medium_040977,53,55,0.006389664486050606,5.126362323760986,5.119972659274936
D_R_43022,chck_80M,43022,R,actual_packet_source_repeat,4,packet:4:883:compact:frontier_consolidation_fwcompact_medium_005910,companion,compact:frontier_consolidation_fwcompact_medium_005910,37,39,0.0028696570079773664,7.529956817626953,7.527087160618976
D_R_43022,chck_80M,43022,R,actual_packet_source_repeat,4,packet:4:884:compact:frontier_consolidation_fwcompact_medium_000002,companion,compact:frontier_consolidation_fwcompact_medium_000002,29,31,0.006947763729840517,4.968513488769531,4.961565725039691
D_R_43022,chck_80M,43022,R,actual_packet_source_repeat,4,packet:4:885:compact:frontier_consolidation_fwcompact_medium_030412,companion,compact:frontier_consolidation_fwcompact_medium_030412,58,60,0.00046528480015695095,0.8698008060455322,0.8693355212453753
D_R_43022,chck_80M,43022,R,actual_packet_source_repeat,4,packet:4:886:compact:frontier_consolidation_fwcompact_medium_053258,companion,compact:frontier_consolidation_fwcompact_medium_053258,35,37,0.007811001501977444,8.868406295776367,8.86059529427439
D_R_43022,chck_80M,43022,R,actual_packet_source_repeat,4,packet:4:887:compact:frontier_consolidation_fwcompact_medium_033751,companion,compact:frontier_consolidation_fwcompact_medium_033751,68,70,0.1139589175581932,10.622673034667969,10.508714117109776
D_R_43022,chck_80M,43022,R,actual_packet_source_repeat,4,packet:4:888:compact:frontier_consolidation_fwcompact_medium_022627,companion,compact:frontier_consolidation_fwcompact_medium_022627,41,43,0.0010332489619031549,0.8679442405700684,0.8669109916081652
D_R_43022,chck_80M,43022,R,actual_packet_source_repeat,4,packet:4:889:compact:frontier_consolidation_fwcompact_medium_020753,companion,compact:frontier_consolidation_fwcompact_medium_020753,49,51,0.0028531341813504696,2.17608642578125,2.1732332915998995
D_R_43022,chck_80M,43022,R,actual_packet_source_repeat,4,packet:4:88:compact:frontier_consolidation_fwcompact_medium_024187,companion,compact:frontier_consolidation_fwcompact_medium_024187,27,29,0.07358098030090332,9.800028800964355,9.726447820663452
D_R_43022,chck_80M,43022,R,actual_packet_source_repeat,4,packet:4:890:compact:frontier_consolidation_fwcompact_medium_036165,companion,compact:frontier_consolidation_fwcompact_medium_036165,52,54,0.003907546401023865,10.347620010375977,10.343712463974953
D_R_43022,chck_80M,43022,R,actual_packet_source_repeat,4,packet:4:891:compact:frontier_consolidation_fwcompact_medium_011908,companion,compact:frontier_consolidation_fwcompact_medium_011908,55,57,8.940297266235575e-05,0.0710132047533989,0.07092380178073654
D_R_43022,chck_80M,43022,R,actual_packet_source_repeat,4,packet:4:892:compact:frontier_consolidation_fwcompact_medium_041913,companion,compact:frontier_consolidation_fwcompact_medium_041913,59,61,0.00024184639914892614,0.20672640204429626,0.20648455564514734
D_R_43022,chck_80M,43022,R,actual_packet_source_repeat,4,packet:4:893:compact:frontier_consolidation_fwcompact_medium_044694,companion,compact:frontier_consolidation_fwcompact_medium_044694,29,31,0.014696905389428139,4.810564041137695,4.795867135748267
D_R_43022,chck_80M,43022,R,actual_packet_source_repeat,4,packet:4:894:compact:frontier_consolidation_fwcompact_medium_021114,companion,compact:frontier_consolidation_fwcompact_medium_021114,53,55,0.004758344031870365,4.903410911560059,4.898652567528188
D_R_43022,chck_80M,43022,R,actual_packet_source_repeat,4,packet:4:895:compact:frontier_consolidation_fwcompact_medium_007467,companion,compact:frontier_consolidation_fwcompact_medium_007467,54,56,0.000771820661611855,0.03206238895654678,0.03129056829493493
D_R_43022,chck_80M,43022,R,actual_packet_source_repeat,4,packet:4:896:compact:frontier_consolidation_fwcompact_medium_039269,companion,compact:frontier_consolidation_fwcompact_medium_039269,61,63,0.007866237312555313,5.056387901306152,5.048521663993597
D_R_43022,chck_80M,43022,R,actual_packet_source_repeat,4,packet:4:897:compact:frontier_consolidation_fwcompact_medium_047772,companion,compact:frontier_consolidation_fwcompact_medium_047772,26,28,0.03100062906742096,4.329015731811523,4.2980151027441025
D_R_43022,chck_80M,43022,R,actual_packet_source_repeat,4,packet:4:898:compact:frontier_consolidation_fwcompact_medium_022565,companion,compact:frontier_consolidation_fwcompact_medium_022565,44,46,0.003941387869417667,4.635989189147949,4.6320478012785316
D_R_43022,chck_80M,43022,R,actual_packet_source_repeat,4,packet:4:899:compact:frontier_consolidation_fwcompact_medium_060639,companion,compact:frontier_consolidation_fwcompact_medium_060639,63,65,0.002375758718699217,4.377081871032715,4.374706112314016
D_R_43022,chck_80M,43022,R,actual_packet_source_repeat,4,packet:4:89:compact:frontier_consolidation_fwcompact_medium_025585,companion,compact:frontier_consolidation_fwcompact_medium_025585,57,59,0.002688248408958316,7.129286766052246,7.126598517643288
D_R_43022,chck_80M,43022,R,actual_packet_source_repeat,4,packet:4:8:compact:frontier_consolidation_fwcompact_medium_037105,companion,compact:frontier_consolidation_fwcompact_medium_037105,73,75,0.006044204346835613,11.80676555633545,11.800721351988614
D_R_43022,chck_80M,43022,R,actual_packet_source_repeat,4,packet:4:90:compact:frontier_consolidation_fwcompact_medium_011976,companion,compact:frontier_consolidation_fwcompact_medium_011976,48,50,0.00628412002697587,7.277826309204102,7.271542189177126
D_R_43022,chck_80M,43022,R,actual_packet_source_repeat,4,packet:4:91:compact:frontier_consolidation_fwcompact_medium_055969,companion,compact:frontier_consolidation_fwcompact_medium_055969,23,25,0.004439973272383213,4.781180381774902,4.776740408502519
D_R_43022,chck_80M,43022,R,actual_packet_source_repeat,4,packet:4:92:compact:frontier_consolidation_fwcompact_medium_034145,companion,compact:frontier_consolidation_fwcompact_medium_034145,94,96,0.018592720851302147,16.359437942504883,16.34084522165358
D_R_43022,chck_80M,43022,R,actual_packet_source_repeat,4,packet:4:93:compact:frontier_consolidation_fwcompact_medium_030137,companion,compact:frontier_consolidation_fwcompact_medium_030137,53,55,0.016243847087025642,4.02324104309082,4.006997196003795
D_R_43022,chck_80M,43022,R,actual_packet_source_repeat,4,packet:4:94:compact:frontier_consolidation_fwcompact_medium_052885,companion,compact:frontier_consolidation_fwcompact_medium_052885,76,78,0.29474785923957825,6.845806121826172,6.551058262586594
D_R_43022,chck_80M,43022,R,actual_packet_source_repeat,4,packet:4:95:compact:frontier_consolidation_fwcompact_medium_058066,companion,compact:frontier_consolidation_fwcompact_medium_058066,63,65,0.005858986172825098,6.000618934631348,5.994759948458523
D_R_43022,chck_80M,43022,R,actual_packet_source_repeat,4,packet:4:96:compact:frontier_consolidation_fwcompact_medium_027963,companion,compact:frontier_consolidation_fwcompact_medium_027963,36,38,0.018286684527993202,9.968385696411133,9.95009901188314
D_R_43022,chck_80M,43022,R,actual_packet_source_repeat,4,packet:4:97:compact:frontier_consolidation_fwcompact_medium_003638,companion,compact:frontier_consolidation_fwcompact_medium_003638,66,68,0.002613702090457082,1.8001705408096313,1.7975568387191743
D_R_43022,chck_80M,43022,R,actual_packet_source_repeat,4,packet:4:98:compact:frontier_consolidation_fwcompact_medium_052648,companion,compact:frontier_consolidation_fwcompact_medium_052648,48,50,0.0001931004080688581,0.038158003240823746,0.03796490283275489
D_R_43022,chck_80M,43022,R,actual_packet_source_repeat,4,packet:4:99:compact:frontier_consolidation_fwcompact_medium_033527,companion,compact:frontier_consolidation_fwcompact_medium_033527,27,29,0.0032294047996401787,4.497058868408203,4.493829463608563
D_R_43022,chck_80M,43022,R,actual_packet_source_repeat,4,packet:4:9:compact:frontier_consolidation_fwcompact_medium_012608,companion,compact:frontier_consolidation_fwcompact_medium_012608,38,40,0.015707341954112053,8.857050895690918,8.841343553736806
D_R_43022,chck_80M,43022,R,actual_packet_source_repeat,8,packet:8:0:compact:frontier_consolidation_fwcompact_medium_046028,companion,compact:frontier_consolidation_fwcompact_medium_046028,50,52,0.004922532942146063,3.23126220703125,3.226339674089104
D_R_43022,chck_80M,43022,R,actual_packet_source_repeat,8,packet:8:100:compact:frontier_consolidation_fwcompact_medium_016311,companion,compact:frontier_consolidation_fwcompact_medium_016311,53,55,0.0009814451914280653,2.0987796783447266,2.0977982331532985
D_R_43022,chck_80M,43022,R,actual_packet_source_repeat,8,packet:8:101:compact:frontier_consolidation_fwcompact_medium_058939,companion,compact:frontier_consolidation_fwcompact_medium_058939,54,56,0.0037139742635190487,6.123598098754883,6.119884124491364
D_R_43022,chck_80M,43022,R,actual_packet_source_repeat,8,packet:8:102:compact:frontier_consolidation_fwcompact_medium_027707,companion,compact:frontier_consolidation_fwcompact_medium_027707,60,62,0.006267298012971878,6.9913458824157715,6.9850785844028
D_R_43022,chck_80M,43022,R,actual_packet_source_repeat,8,packet:8:103:compact:frontier_consolidation_fwcompact_medium_004675,companion,compact:frontier_consolidation_fwcompact_medium_004675,58,60,0.008388049900531769,5.4190673828125,5.410679332911968
D_R_43022,chck_80M,43022,R,actual_packet_source_repeat,8,packet:8:104:compact:frontier_consolidation_fwcompact_medium_055294,companion,compact:frontier_consolidation_fwcompact_medium_055294,41,43,0.01830272004008293,6.036070346832275,6.0177676267921925
D_R_43022,chck_80M,43022,R,actual_packet_source_repeat,8,packet:8:105:compact:frontier_consolidation_fwcompact_medium_027242,companion,compact:frontier_consolidation_fwcompact_medium_027242,33,35,0.047847241163253784,7.413491725921631,7.365644484758377
D_R_43022,chck_80M,43022,R,actual_packet_source_repeat,8,packet:8:106:compact:frontier_consolidation_fwcompact_medium_020105,companion,compact:frontier_consolidation_fwcompact_medium_020105,89,91,0.008067167364060879,9.200834274291992,9.192767106927931
D_R_43022,chck_80M,43022,R,actual_packet_source_repeat,8,packet:8:107:compact:frontier_consolidation_fwcompact_medium_001076,companion,compact:frontier_consolidation_fwcompact_medium_001076,35,37,0.0066154045052826405,1.609688639640808,1.6030732351355255
D_R_43022,chck_80M,43022,R,actual_packet_source_repeat,8,packet:8:108:compact:frontier_consolidation_fwcompact_medium_035657,companion,compact:frontier_consolidation_fwcompact_medium_035657,46,48,0.061436597257852554,2.9053657054901123,2.8439291082322598
D_R_43022,chck_80M,43022,R,actual_packet_source_repeat,8,packet:8:109:compact:frontier_consolidation_fwcompact_medium_056096,companion,compact:frontier_consolidation_fwcompact_medium_056096,64,66,0.0007046362152323127,0.09407605975866318,0.09337142354343086
D_R_43022,chck_80M,43022,R,actual_packet_source_repeat,8,packet:8:10:compact:frontier_consolidation_fwcompact_medium_013869,companion,compact:frontier_consolidation_fwcompact_medium_013869,68,70,0.010163458995521069,3.2431957721710205,3.2330323131754994
D_R_43022,chck_80M,43022,R,actual_packet_source_repeat,8,packet:8:110:compact:frontier_consolidation_fwcompact_medium_022332,companion,compact:frontier_consolidation_fwcompact_medium_022332,54,56,0.004911145195364952,0.2473522275686264,0.24244108237326145
D_R_43022,chck_80M,43022,R,actual_packet_source_repeat,8,packet:8:111:compact:frontier_consolidation_fwcompact_medium_018067,companion,compact:frontier_consolidation_fwcompact_medium_018067,31,33,0.053063541650772095,2.7633540630340576,2.7102905213832855
D_R_43022,chck_80M,43022,R,actual_packet_source_repeat,8,packet:8:112:compact:frontier_consolidation_fwcompact_medium_006849,companion,compact:frontier_consolidation_fwcompact_medium_006849,65,67,0.01092181820422411,11.467416763305664,11.45649494510144
D_R_43022,chck_80M,43022,R,actual_packet_source_repeat,8,packet:8:113:compact:frontier_consolidation_fwcompact_medium_029769,companion,compact:frontier_consolidation_fwcompact_medium_029769,40,42,0.008203146979212761,12.602518081665039,12.594314934685826
D_R_43022,chck_80M,43022,R,actual_packet_source_repeat,8,packet:8:114:compact:frontier_consolidation_fwcompact_medium_038187,companion,compact:frontier_consolidation_fwcompact_medium_038187,21,23,0.00589027302339673,8.804286003112793,8.798395730089396
D_R_43022,chck_80M,43022,R,actual_packet_source_repeat,8,packet:8:115:compact:frontier_consolidation_fwcompact_medium_009755,companion,compact:frontier_consolidation_fwcompact_medium_009755,73,75,0.01571027562022209,7.328526496887207,7.312816221266985
D_R_43022,chck_80M,43022,R,actual_packet_source_repeat,8,packet:8:116:compact:frontier_consolidation_fwcompact_medium_000182,companion,compact:frontier_consolidation_fwcompact_medium_000182,42,44,0.012996608391404152,6.343438148498535,6.330441540107131
D_R_43022,chck_80M,43022,R,actual_packet_source_repeat,8,packet:8:117:compact:frontier_consolidation_fwcompact_medium_054982,companion,compact:frontier_consolidation_fwcompact_medium_054982,63,65,0.00035589560866355896,0.36741769313812256,0.367061797529459
D_R_43022,chck_80M,43022,R,actual_packet_source_repeat,8,packet:8:118:compact:frontier_consolidation_fwcompact_medium_025376,companion,compact:frontier_consolidation_fwcompact_medium_025376,57,59,0.005540965590626001,7.848334312438965,7.842793346848339
D_R_43022,chck_80M,43022,R,actual_packet_source_repeat,8,packet:8:119:compact:frontier_consolidation_fwcompact_medium_000312,companion,compact:frontier_consolidation_fwcompact_medium_000312,57,59,0.042130760848522186,11.147978782653809,11.105848021805286
D_R_43022,chck_80M,43022,R,actual_packet_source_repeat,8,packet:8:11:compact:frontier_consolidation_fwcompact_medium_035424,companion,compact:frontier_consolidation_fwcompact_medium_035424,48,50,0.0037817880511283875,4.785341262817383,4.781559474766254
D_R_43022,chck_80M,43022,R,actual_packet_source_repeat,8,packet:8:120:compact:frontier_consolidation_fwcompact_medium_021431,companion,compact:frontier_consolidation_fwcompact_medium_021431,38,40,0.004168749786913395,7.989874362945557,7.985705613158643
D_R_43022,chck_80M,43022,R,actual_packet_source_repeat,8,packet:8:121:compact:frontier_consolidation_fwcompact_medium_038498,companion,compact:frontier_consolidation_fwcompact_medium_038498,78,80,0.023373905569314957,8.396394729614258,8.373020824044943
D_R_43022,chck_80M,43022,R,actual_packet_source_repeat,8,packet:8:122:compact:frontier_consolidation_fwcompact_medium_023849,companion,compact:frontier_consolidation_fwcompact_medium_023849,21,23,0.00614337669685483,6.340327262878418,6.334183886181563
D_R_43022,chck_80M,43022,R,actual_packet_source_repeat,8,packet:8:123:compact:frontier_consolidation_fwcompact_medium_050523,companion,compact:frontier_consolidation_fwcompact_medium_050523,69,71,0.01445230282843113,6.47607421875,6.461621915921569
D_R_43022,chck_80M,43022,R,actual_packet_source_repeat,8,packet:8:124:compact:frontier_consolidation_fwcompact_medium_007897,companion,compact:frontier_consolidation_fwcompact_medium_007897,35,37,0.004794885404407978,3.3329029083251953,3.3281080229207873
D_R_43022,chck_80M,43022,R,actual_packet_source_repeat,8,packet:8:125:compact:frontier_consolidation_fwcompact_medium_032573,companion,compact:frontier_consolidation_fwcompact_medium_032573,40,42,0.008228803984820843,0.24578100442886353,0.23755220044404268
D_R_43022,chck_80M,43022,R,actual_packet_source_repeat,8,packet:8:126:compact:frontier_consolidation_fwcompact_medium_017134,companion,compact:frontier_consolidation_fwcompact_medium_017134,46,48,0.006002968642860651,7.275599479675293,7.269596511032432
D_R_43022,chck_80M,43022,R,actual_packet_source_repeat,8,packet:8:127:compact:frontier_consolidation_fwcompact_medium_010434,companion,compact:frontier_consolidation_fwcompact_medium_010434,64,66,0.010483434423804283,1.2472038269042969,1.2367203924804926
D_R_43022,chck_80M,43022,R,actual_packet_source_repeat,8,packet:8:128:compact:frontier_consolidation_fwcompact_medium_016722,companion,compact:frontier_consolidation_fwcompact_medium_016722,48,50,0.047831784933805466,0.11820606142282486,0.0703742764890194
D_R_43022,chck_80M,43022,R,actual_packet_source_repeat,8,packet:8:129:compact:frontier_consolidation_fwcompact_medium_036756,companion,compact:frontier_consolidation_fwcompact_medium_036756,48,50,0.01055951975286007,11.117079734802246,11.106520215049386
D_R_43022,chck_80M,43022,R,actual_packet_source_repeat,8,packet:8:12:compact:frontier_consolidation_fwcompact_medium_014872,companion,compact:frontier_consolidation_fwcompact_medium_014872,68,70,0.001653971616178751,0.22441132366657257,0.22275735205039382
D_R_43022,chck_80M,43022,R,actual_packet_source_repeat,8,packet:8:130:compact:frontier_consolidation_fwcompact_medium_002054,companion,compact:frontier_consolidation_fwcompact_medium_002054,42,44,0.007456211838871241,16.089454650878906,16.081998439040035
D_R_43022,chck_80M,43022,R,actual_packet_source_repeat,8,packet:8:131:compact:frontier_consolidation_fwcompact_medium_017942,companion,compact:frontier_consolidation_fwcompact_medium_017942,51,53,0.013511870056390762,1.7892358303070068,1.775723960250616
D_R_43022,chck_80M,43022,R,actual_packet_source_repeat,8,packet:8:132:compact:frontier_consolidation_fwcompact_medium_048213,companion,compact:frontier_consolidation_fwcompact_medium_048213,60,62,7.021180499577895e-05,0.014577431604266167,0.014507219799270388
D_R_43022,chck_80M,43022,R,actual_packet_source_repeat,8,packet:8:133:compact:frontier_consolidation_fwcompact_medium_039594,companion,compact:frontier_consolidation_fwcompact_medium_039594,62,64,0.004541202913969755,0.05713696405291557,0.05259576113894582
D_R_43022,chck_80M,43022,R,actual_packet_source_repeat,8,packet:8:134:compact:frontier_consolidation_fwcompact_medium_044271,companion,compact:frontier_consolidation_fwcompact_medium_044271,57,59,0.009620966389775276,8.597905158996582,8.588284192606807
D_R_43022,chck_80M,43022,R,actual_packet_source_repeat,8,packet:8:135:compact:frontier_consolidation_fwcompact_medium_016356,companion,compact:frontier_consolidation_fwcompact_medium_016356,40,42,0.006916746497154236,9.816612243652344,9.80969549715519
D_R_43022,chck_80M,43022,R,actual_packet_source_repeat,8,packet:8:136:compact:frontier_consolidation_fwcompact_medium_013596,companion,compact:frontier_consolidation_fwcompact_medium_013596,39,41,0.0010737375123426318,0.09305384010076523,0.0919801025884226
D_R_43022,chck_80M,43022,R,actual_packet_source_repeat,8,packet:8:137:compact:frontier_consolidation_fwcompact_medium_030642,companion,compact:frontier_consolidation_fwcompact_medium_030642,49,51,0.02951919101178646,10.623758316040039,10.594239125028253
D_R_43022,chck_80M,43022,R,actual_packet_source_repeat,8,packet:8:138:compact:frontier_consolidation_fwcompact_medium_013929,companion,compact:frontier_consolidation_fwcompact_medium_013929,69,71,0.010861562564969063,8.295426368713379,8.28456480614841
D_R_43022,chck_80M,43022,R,actual_packet_source_repeat,8,packet:8:139:compact:frontier_consolidation_fwcompact_medium_015468,companion,compact:frontier_consolidation_fwcompact_medium_015468,50,52,0.010285231284797192,9.008203506469727,8.99791827518493
D_R_43022,chck_80M,43022,R,actual_packet_source_repeat,8,packet:8:13:compact:frontier_consolidation_fwcompact_medium_004256,companion,compact:frontier_consolidation_fwcompact_medium_004256,34,36,0.001636119675822556,7.859539031982422,7.857902912306599
D_R_43022,chck_80M,43022,R,actual_packet_source_repeat,8,packet:8:140:compact:frontier_consolidation_fwcompact_medium_001103,companion,compact:frontier_consolidation_fwcompact_medium_001103,48,50,0.0032165716402232647,0.11243560165166855,0.10921903001144528
D_R_43022,chck_80M,43022,R,actual_packet_source_repeat,8,packet:8:141:compact:frontier_consolidation_fwcompact_medium_028882,companion,compact:frontier_consolidation_fwcompact_medium_028882,52,54,0.0095973527058959,13.10814094543457,13.098543592728674
D_R_43022,chck_80M,43022,R,actual_packet_source_repeat,8,packet:8:142:compact:frontier_consolidation_fwcompact_medium_018417,companion,compact:frontier_consolidation_fwcompact_medium_018417,60,62,0.004947087727487087,2.6429224014282227,2.6379753137007356
D_R_43022,chck_80M,43022,R,actual_packet_source_repeat,8,packet:8:143:compact:frontier_consolidation_fwcompact_medium_043467,companion,compact:frontier_consolidation_fwcompact_medium_043467,36,38,0.007192196324467659,5.452881813049316,5.445689616724849
D_R_43022,chck_80M,43022,R,actual_packet_source_repeat,8,packet:8:144:compact:frontier_consolidation_fwcompact_medium_013729,companion,compact:frontier_consolidation_fwcompact_medium_013729,54,56,0.009713409468531609,1.5620996952056885,1.5523862857371569
D_R_43022,chck_80M,43022,R,actual_packet_source_repeat,8,packet:8:145:compact:frontier_consolidation_fwcompact_medium_025676,companion,compact:frontier_consolidation_fwcompact_medium_025676,96,98,0.005195093806833029,6.754750728607178,6.749555634800345
D_R_43022,chck_80M,43022,R,actual_packet_source_repeat,8,packet:8:146:compact:frontier_consolidation_fwcompact_medium_055496,companion,compact:frontier_consolidation_fwcompact_medium_055496,55,57,0.022840164601802826,11.87777042388916,11.854930259287357
D_R_43022,chck_80M,43022,R,actual_packet_source_repeat,8,packet:8:147:compact:frontier_consolidation_fwcompact_medium_036974,companion,compact:frontier_consolidation_fwcompact_medium_036974,77,79,0.020529286935925484,0.15430830419063568,0.1337790172547102
D_R_43022,chck_80M,43022,R,actual_packet_source_repeat,8,packet:8:148:compact:frontier_consolidation_fwcompact_medium_020396,companion,compact:frontier_consolidation_fwcompact_medium_020396,97,99,0.006091599818319082,7.2553510665893555,7.249259466771036
D_R_43022,chck_80M,43022,R,actual_packet_source_repeat,8,packet:8:149:compact:frontier_consolidation_fwcompact_medium_000577,companion,compact:frontier_consolidation_fwcompact_medium_000577,39,41,0.06242578104138374,4.980668067932129,4.918242286890745
D_R_43022,chck_80M,43022,R,actual_packet_source_repeat,8,packet:8:14:compact:frontier_consolidation_fwcompact_medium_019309,companion,compact:frontier_consolidation_fwcompact_medium_019309,106,108,0.012549244798719883,8.771425247192383,8.758876002393663
D_R_43022,chck_80M,43022,R,actual_packet_source_repeat,8,packet:8:150:compact:frontier_consolidation_fwcompact_medium_002798,companion,compact:frontier_consolidation_fwcompact_medium_002798,29,31,0.09651035070419312,7.208245277404785,7.111734926700592
D_R_43022,chck_80M,43022,R,actual_packet_source_repeat,8,packet:8:151:compact:frontier_consolidation_fwcompact_medium_018143,companion,compact:frontier_consolidation_fwcompact_medium_018143,68,70,0.009811864234507084,3.3317556381225586,3.3219437738880515
D_R_43022,chck_80M,43022,R,actual_packet_source_repeat,8,packet:8:152:compact:frontier_consolidation_fwcompact_medium_060174,companion,compact:frontier_consolidation_fwcompact_medium_060174,64,66,0.004012273158878088,5.812804222106934,5.8087919489480555
D_R_43022,chck_80M,43022,R,actual_packet_source_repeat,8,packet:8:153:compact:frontier_consolidation_fwcompact_medium_052940,companion,compact:frontier_consolidation_fwcompact_medium_052940,58,60,0.006383741740137339,1.5382497310638428,1.5318659893237054
D_R_43022,chck_80M,43022,R,actual_packet_source_repeat,8,packet:8:154:compact:frontier_consolidation_fwcompact_medium_012638,companion,compact:frontier_consolidation_fwcompact_medium_012638,34,36,0.0035738188307732344,0.3984422981739044,0.3948684793431312
D_R_43022,chck_80M,43022,R,actual_packet_source_repeat,8,packet:8:155:compact:frontier_consolidation_fwcompact_medium_061454,companion,compact:frontier_consolidation_fwcompact_medium_061454,41,43,0.0013340153964236379,0.010808378458023071,0.009474363061599433
D_R_43022,chck_80M,43022,R,actual_packet_source_repeat,8,packet:8:156:compact:frontier_consolidation_fwcompact_medium_047757,companion,compact:frontier_consolidation_fwcompact_medium_047757,28,30,0.008207876235246658,8.765334129333496,8.75712625309825
D_R_43022,chck_80M,43022,R,actual_packet_source_repeat,8,packet:8:157:compact:frontier_consolidation_fwcompact_medium_004183,companion,compact:frontier_consolidation_fwcompact_medium_004183,67,69,0.0012746074935421348,0.738844633102417,0.7375700256088749
D_R_43022,chck_80M,43022,R,actual_packet_source_repeat,8,packet:8:158:compact:frontier_consolidation_fwcompact_medium_003817,companion,compact:frontier_consolidation_fwcompact_medium_003817,65,67,0.010647275485098362,9.57485580444336,9.564208528958261
D_R_43022,chck_80M,43022,R,actual_packet_source_repeat,8,packet:8:159:compact:frontier_consolidation_fwcompact_medium_027098,companion,compact:frontier_consolidation_fwcompact_medium_027098,36,38,0.003996244631707668,0.3613565266132355,0.3573602819815278
D_R_43022,chck_80M,43022,R,actual_packet_source_repeat,8,packet:8:15:compact:frontier_consolidation_fwcompact_medium_014997,companion,compact:frontier_consolidation_fwcompact_medium_014997,64,66,0.0127440569922328,18.054895401000977,18.042151344008744
D_R_43022,chck_80M,43022,R,actual_packet_source_repeat,8,packet:8:160:compact:frontier_consolidation_fwcompact_medium_044824,companion,compact:frontier_consolidation_fwcompact_medium_044824,55,57,0.03024185262620449,7.48930549621582,7.459063643589616
D_R_43022,chck_80M,43022,R,actual_packet_source_repeat,8,packet:8:161:compact:frontier_consolidation_fwcompact_medium_020133,companion,compact:frontier_consolidation_fwcompact_medium_020133,30,32,0.0003159739135298878,1.0984045267105103,1.0980885527969804
D_R_43022,chck_80M,43022,R,actual_packet_source_repeat,8,packet:8:162:compact:frontier_consolidation_fwcompact_medium_024298,companion,compact:frontier_consolidation_fwcompact_medium_024298,38,40,0.014041559770703316,9.76423454284668,9.750192983075976
D_R_43022,chck_80M,43022,R,actual_packet_source_repeat,8,packet:8:163:compact:frontier_consolidation_fwcompact_medium_007940,companion,compact:frontier_consolidation_fwcompact_medium_007940,57,59,0.09142641723155975,7.34389591217041,7.25246949493885
D_R_43022,chck_80M,43022,R,actual_packet_source_repeat,8,packet:8:164:compact:frontier_consolidation_fwcompact_medium_057788,companion,compact:frontier_consolidation_fwcompact_medium_057788,58,60,0.006078092381358147,6.723466873168945,6.717388780787587
D_R_43022,chck_80M,43022,R,actual_packet_source_repeat,8,packet:8:165:compact:frontier_consolidation_fwcompact_medium_033162,companion,compact:frontier_consolidation_fwcompact_medium_033162,65,67,0.01957024075090885,7.640300750732422,7.620730509981513
D_R_43022,chck_80M,43022,R,actual_packet_source_repeat,8,packet:8:166:compact:frontier_consolidation_fwcompact_medium_037110,companion,compact:frontier_consolidation_fwcompact_medium_037110,46,48,0.004362352658063173,5.371697425842285,5.367335073184222
D_R_43022,chck_80M,43022,R,actual_packet_source_repeat,8,packet:8:167:compact:frontier_consolidation_fwcompact_medium_044026,companion,compact:frontier_consolidation_fwcompact_medium_044026,86,88,0.021457895636558533,6.083117485046387,6.061659589409828
D_R_43022,chck_80M,43022,R,actual_packet_source_repeat,8,packet:8:168:compact:frontier_consolidation_fwcompact_medium_002529,companion,compact:frontier_consolidation_fwcompact_medium_002529,59,61,0.002010706812143326,8.20385456085205,8.201843854039907
D_R_43022,chck_80M,43022,R,actual_packet_source_repeat,8,packet:8:169:compact:frontier_consolidation_fwcompact_medium_033407,companion,compact:frontier_consolidation_fwcompact_medium_033407,36,38,0.012349920347332954,1.5404980182647705,1.5281480979174376
D_R_43022,chck_80M,43022,R,actual_packet_source_repeat,8,packet:8:16:compact:frontier_consolidation_fwcompact_medium_010715,companion,compact:frontier_consolidation_fwcompact_medium_010715,41,43,0.004530522506684065,10.890686988830566,10.886156466323882
D_R_43022,chck_80M,43022,R,actual_packet_source_repeat,8,packet:8:170:compact:frontier_consolidation_fwcompact_medium_010027,companion,compact:frontier_consolidation_fwcompact_medium_010027,46,48,0.0010989824077114463,0.5405441522598267,0.5394451698521152
D_R_43022,chck_80M,43022,R,actual_packet_source_repeat,8,packet:8:171:compact:frontier_consolidation_fwcompact_medium_051203,companion,compact:frontier_consolidation_fwcompact_medium_051203,50,52,0.0013155624037608504,2.5195865631103516,2.5182710007065907
D_R_43022,chck_80M,43022,R,actual_packet_source_repeat,8,packet:8:172:compact:frontier_consolidation_fwcompact_medium_040823,companion,compact:frontier_consolidation_fwcompact_medium_040823,80,82,0.004091108217835426,4.58093786239624,4.576846754178405
D_R_43022,chck_80M,43022,R,actual_packet_source_repeat,8,packet:8:173:compact:frontier_consolidation_fwcompact_medium_053930,companion,compact:frontier_consolidation_fwcompact_medium_053930,45,47,0.006328186951577663,9.374445915222168,9.36811772827059
D_R_43022,chck_80M,43022,R,actual_packet_source_repeat,8,packet:8:174:compact:frontier_consolidation_fwcompact_medium_038336,companion,compact:frontier_consolidation_fwcompact_medium_038336,47,49,0.0010852882405743003,1.6091270446777344,1.60804175643716
D_R_43022,chck_80M,43022,R,actual_packet_source_repeat,8,packet:8:175:compact:frontier_consolidation_fwcompact_medium_046716,companion,compact:frontier_consolidation_fwcompact_medium_046716,41,43,0.004954442381858826,9.538930892944336,9.533976450562477
D_R_43022,chck_80M,43022,R,actual_packet_source_repeat,8,packet:8:176:compact:frontier_consolidation_fwcompact_medium_025854,companion,compact:frontier_consolidation_fwcompact_medium_025854,96,98,0.0022266136948019266,15.639787673950195,15.637561060255393
D_R_43022,chck_80M,43022,R,actual_packet_source_repeat,8,packet:8:177:compact:frontier_consolidation_fwcompact_medium_055017,companion,compact:frontier_consolidation_fwcompact_medium_055017,58,60,0.004247572273015976,2.8664681911468506,2.8622206188738346
D_R_43022,chck_80M,43022,R,actual_packet_source_repeat,8,packet:8:178:compact:frontier_consolidation_fwcompact_medium_005102,companion,compact:frontier_consolidation_fwcompact_medium_005102,52,54,0.00710342638194561,12.845561027526855,12.83845760114491
D_R_43022,chck_80M,43022,R,actual_packet_source_repeat,8,packet:8:179:compact:frontier_consolidation_fwcompact_medium_006430,companion,compact:frontier_consolidation_fwcompact_medium_006430,54,56,0.004665086045861244,5.251910209655762,5.2472451236099005
D_R_43022,chck_80M,43022,R,actual_packet_source_repeat,8,packet:8:17:compact:frontier_consolidation_fwcompact_medium_049343,companion,compact:frontier_consolidation_fwcompact_medium_049343,54,56,0.00754495058208704,7.860931396484375,7.853386445902288
D_R_43022,chck_80M,43022,R,actual_packet_source_repeat,8,packet:8:180:compact:frontier_consolidation_fwcompact_medium_028421,companion,compact:frontier_consolidation_fwcompact_medium_028421,34,36,0.00510235084220767,5.316830635070801,5.311728284228593
D_R_43022,chck_80M,43022,R,actual_packet_source_repeat,8,packet:8:181:compact:frontier_consolidation_fwcompact_medium_044896,companion,compact:frontier_consolidation_fwcompact_medium_044896,33,35,0.014577783644199371,3.8953874111175537,3.8808096274733543
D_R_43022,chck_80M,43022,R,actual_packet_source_repeat,8,packet:8:182:compact:frontier_consolidation_fwcompact_medium_008185,companion,compact:frontier_consolidation_fwcompact_medium_008185,32,34,0.0030961930751800537,7.208156585693359,7.205060392618179
D_R_43022,chck_80M,43022,R,actual_packet_source_repeat,8,packet:8:183:compact:frontier_consolidation_fwcompact_medium_024762,companion,compact:frontier_consolidation_fwcompact_medium_024762,37,39,0.008882887661457062,7.8889946937561035,7.8801118060946465
D_R_43022,chck_80M,43022,R,actual_packet_source_repeat,8,packet:8:184:compact:frontier_consolidation_fwcompact_medium_003643,companion,compact:frontier_consolidation_fwcompact_medium_003643,93,95,0.0023372257128357887,2.3076844215393066,2.305347195826471
D_R_43022,chck_80M,43022,R,actual_packet_source_repeat,8,packet:8:185:compact:frontier_consolidation_fwcompact_medium_053938,companion,compact:frontier_consolidation_fwcompact_medium_053938,50,52,0.002976513234898448,0.2745893895626068,0.27161287632770836
D_R_43022,chck_80M,43022,R,actual_packet_source_repeat,8,packet:8:186:compact:frontier_consolidation_fwcompact_medium_011630,companion,compact:frontier_consolidation_fwcompact_medium_011630,60,62,0.0013311582151800394,6.098333358764648,6.097002200549468
D_R_43022,chck_80M,43022,R,actual_packet_source_repeat,8,packet:8:187:compact:frontier_consolidation_fwcompact_medium_036669,companion,compact:frontier_consolidation_fwcompact_medium_036669,110,112,0.00026723151677288115,4.902563095092773,4.902295863576001
D_R_43022,chck_80M,43022,R,actual_packet_source_repeat,8,packet:8:188:compact:frontier_consolidation_fwcompact_medium_046136,companion,compact:frontier_consolidation_fwcompact_medium_046136,48,50,0.0024509173817932606,3.544344425201416,3.5418935078196228
D_R_43022,chck_80M,43022,R,actual_packet_source_repeat,8,packet:8:189:compact:frontier_consolidation_fwcompact_medium_008937,companion,compact:frontier_consolidation_fwcompact_medium_008937,47,49,0.007590973284095526,5.245065689086914,5.2374747158028185
D_R_43022,chck_80M,43022,R,actual_packet_source_repeat,8,packet:8:18:compact:frontier_consolidation_fwcompact_medium_032403,companion,compact:frontier_consolidation_fwcompact_medium_032403,42,44,0.031620703637599945,11.814202308654785,11.782581605017185
D_R_43022,chck_80M,43022,R,actual_packet_source_repeat,8,packet:8:190:compact:frontier_consolidation_fwcompact_medium_000418,companion,compact:frontier_consolidation_fwcompact_medium_000418,67,69,0.0037010284140706062,7.8984527587890625,7.894751730374992
D_R_43022,chck_80M,43022,R,actual_packet_source_repeat,8,packet:8:191:compact:frontier_consolidation_fwcompact_medium_023284,companion,compact:frontier_consolidation_fwcompact_medium_023284,44,46,0.0063730813562870026,0.6805819869041443,0.6742089055478573
D_R_43022,chck_80M,43022,R,actual_packet_source_repeat,8,packet:8:192:compact:frontier_consolidation_fwcompact_medium_023544,companion,compact:frontier_consolidation_fwcompact_medium_023544,32,34,0.09094510227441788,0.06885319948196411,-0.022091902792453766
D_R_43022,chck_80M,43022,R,actual_packet_source_repeat,8,packet:8:193:compact:frontier_consolidation_fwcompact_medium_042419,companion,compact:frontier_consolidation_fwcompact_medium_042419,56,58,0.008782332763075829,6.456328392028809,6.447546059265733
D_R_43022,chck_80M,43022,R,actual_packet_source_repeat,8,packet:8:194:compact:frontier_consolidation_fwcompact_medium_030508,companion,compact:frontier_consolidation_fwcompact_medium_030508,57,59,0.011856324970722198,6.529573917388916,6.517717592418194
D_R_43022,chck_80M,43022,R,actual_packet_source_repeat,8,packet:8:195:compact:frontier_consolidation_fwcompact_medium_011033,companion,compact:frontier_consolidation_fwcompact_medium_011033,27,29,0.00727563351392746,10.223676681518555,10.216401048004627
D_R_43022,chck_80M,43022,R,actual_packet_source_repeat,8,packet:8:196:compact:frontier_consolidation_fwcompact_medium_002789,companion,compact:frontier_consolidation_fwcompact_medium_002789,46,48,0.006629970856010914,0.15217919647693634,0.14554922562092543
D_R_43022,chck_80M,43022,R,actual_packet_source_repeat,8,packet:8:197:compact:frontier_consolidation_fwcompact_medium_026230,companion,compact:frontier_consolidation_fwcompact_medium_026230,42,44,0.6130061149597168,8.755889892578125,8.142883777618408
D_R_43022,chck_80M,43022,R,actual_packet_source_repeat,8,packet:8:198:compact:frontier_consolidation_fwcompact_medium_030213,companion,compact:frontier_consolidation_fwcompact_medium_030213,46,48,0.0002563863235991448,0.1187731996178627,0.11851681329426356
D_R_43022,chck_80M,43022,R,actual_packet_source_repeat,8,packet:8:199:compact:frontier_consolidation_fwcompact_medium_060194,companion,compact:frontier_consolidation_fwcompact_medium_060194,27,29,0.003827509470283985,7.551849842071533,7.548022332601249
D_R_43022,chck_80M,43022,R,actual_packet_source_repeat,8,packet:8:19:compact:frontier_consolidation_fwcompact_medium_004790,companion,compact:frontier_consolidation_fwcompact_medium_004790,42,44,0.019830072298645973,2.914557695388794,2.894727623090148
D_R_43022,chck_80M,43022,R,actual_packet_source_repeat,8,packet:8:1:compact:frontier_consolidation_fwcompact_medium_030624,companion,compact:frontier_consolidation_fwcompact_medium_030624,45,47,0.0050744786858558655,3.794501781463623,3.789427302777767
D_R_43022,chck_80M,43022,R,actual_packet_source_repeat,8,packet:8:200:compact:frontier_consolidation_fwcompact_medium_044340,companion,compact:frontier_consolidation_fwcompact_medium_044340,49,51,0.00288249459117651,0.6632896065711975,0.660407111980021
D_R_43022,chck_80M,43022,R,actual_packet_source_repeat,8,packet:8:201:compact:frontier_consolidation_fwcompact_medium_059557,companion,compact:frontier_consolidation_fwcompact_medium_059557,38,40,0.0008390005677938461,0.5663706064224243,0.5655316058546305
D_R_43022,chck_80M,43022,R,actual_packet_source_repeat,8,packet:8:202:compact:frontier_consolidation_fwcompact_medium_035142,companion,compact:frontier_consolidation_fwcompact_medium_035142,37,39,0.00976039469242096,4.4005126953125,4.390752300620079
D_R_43022,chck_80M,43022,R,actual_packet_source_repeat,8,packet:8:203:compact:frontier_consolidation_fwcompact_medium_013682,companion,compact:frontier_consolidation_fwcompact_medium_013682,55,57,0.0720306783914566,4.814416885375977,4.74238620698452
D_R_43022,chck_80M,43022,R,actual_packet_source_repeat,8,packet:8:204:compact:frontier_consolidation_fwcompact_medium_053025,companion,compact:frontier_consolidation_fwcompact_medium_053025,62,64,0.015394199639558792,5.089324474334717,5.073930274695158
D_R_43022,chck_80M,43022,R,actual_packet_source_repeat,8,packet:8:205:compact:frontier_consolidation_fwcompact_medium_055947,companion,compact:frontier_consolidation_fwcompact_medium_055947,32,34,0.01384547259658575,5.924039840698242,5.910194368101656
D_R_43022,chck_80M,43022,R,actual_packet_source_repeat,8,packet:8:206:compact:frontier_consolidation_fwcompact_medium_061449,companion,compact:frontier_consolidation_fwcompact_medium_061449,76,78,0.006934149190783501,7.030585289001465,7.023651139810681
D_R_43022,chck_80M,43022,R,actual_packet_source_repeat,8,packet:8:207:compact:frontier_consolidation_fwcompact_medium_039802,companion,compact:frontier_consolidation_fwcompact_medium_039802,54,56,1.9418597221374512,13.227465629577637,11.285605907440186
D_R_43022,chck_80M,43022,R,actual_packet_source_repeat,8,packet:8:208:compact:frontier_consolidation_fwcompact_medium_027016,companion,compact:frontier_consolidation_fwcompact_medium_027016,45,47,0.001010503270663321,1.7030916213989258,1.7020811181282625
D_R_43022,chck_80M,43022,R,actual_packet_source_repeat,8,packet:8:209:compact:frontier_consolidation_fwcompact_medium_020317,companion,compact:frontier_consolidation_fwcompact_medium_020317,64,66,0.013679685071110725,5.989058494567871,5.97537880949676
D_R_43022,chck_80M,43022,R,actual_packet_source_repeat,8,packet:8:20:compact:frontier_consolidation_fwcompact_medium_023930,companion,compact:frontier_consolidation_fwcompact_medium_023930,58,60,0.022365011274814606,5.114809036254883,5.092444024980068
D_R_43022,chck_80M,43022,R,actual_packet_source_repeat,8,packet:8:210:compact:frontier_consolidation_fwcompact_medium_025299,companion,compact:frontier_consolidation_fwcompact_medium_025299,39,41,0.12037673592567444,5.070026874542236,4.949650138616562
D_R_43022,chck_80M,43022,R,actual_packet_source_repeat,8,packet:8:211:compact:frontier_consolidation_fwcompact_medium_005291,companion,compact:frontier_consolidation_fwcompact_medium_005291,84,86,0.0147916991263628,12.200807571411133,12.18601587228477
D_R_43022,chck_80M,43022,R,actual_packet_source_repeat,8,packet:8:212:compact:frontier_consolidation_fwcompact_medium_034089,companion,compact:frontier_consolidation_fwcompact_medium_034089,40,42,0.009529105387628078,6.218098163604736,6.208569058217108
D_R_43022,chck_80M,43022,R,actual_packet_source_repeat,8,packet:8:213:compact:frontier_consolidation_fwcompact_medium_044503,companion,compact:frontier_consolidation_fwcompact_medium_044503,40,42,0.0011314902221783996,0.5868052244186401,0.5856737341964617
D_R_43022,chck_80M,43022,R,actual_packet_source_repeat,8,packet:8:214:compact:frontier_consolidation_fwcompact_medium_004147,companion,compact:frontier_consolidation_fwcompact_medium_004147,67,69,0.01471769716590643,9.679826736450195,9.665109039284289
D_R_43022,chck_80M,43022,R,actual_packet_source_repeat,8,packet:8:215:compact:frontier_consolidation_fwcompact_medium_030197,companion,compact:frontier_consolidation_fwcompact_medium_030197,81,83,0.002078041434288025,1.1574797630310059,1.1554017215967178
D_R_43022,chck_80M,43022,R,actual_packet_source_repeat,8,packet:8:216:compact:frontier_consolidation_fwcompact_medium_037559,companion,compact:frontier_consolidation_fwcompact_medium_037559,59,61,0.0005794276366941631,4.618744850158691,4.618165422521997
D_R_43022,chck_80M,43022,R,actual_packet_source_repeat,8,packet:8:217:compact:frontier_consolidation_fwcompact_medium_019993,companion,compact:frontier_consolidation_fwcompact_medium_019993,56,58,0.005507415160536766,7.408237934112549,7.402730518952012
D_R_43022,chck_80M,43022,R,actual_packet_source_repeat,8,packet:8:218:compact:frontier_consolidation_fwcompact_medium_016588,companion,compact:frontier_consolidation_fwcompact_medium_016588,56,58,0.039251625537872314,9.786200523376465,9.746948897838593
D_R_43022,chck_80M,43022,R,actual_packet_source_repeat,8,packet:8:219:compact:frontier_consolidation_fwcompact_medium_047052,companion,compact:frontier_consolidation_fwcompact_medium_047052,66,68,0.011845486238598824,5.903845310211182,5.891999823972583
D_R_43022,chck_80M,43022,R,actual_packet_source_repeat,8,packet:8:21:compact:frontier_consolidation_fwcompact_medium_032766,companion,compact:frontier_consolidation_fwcompact_medium_032766,32,34,0.03298243135213852,5.973389625549316,5.940407194197178
D_R_43022,chck_80M,43022,R,actual_packet_source_repeat,8,packet:8:220:compact:frontier_consolidation_fwcompact_medium_026962,companion,compact:frontier_consolidation_fwcompact_medium_026962,63,65,0.3661998510360718,10.688733100891113,10.322533249855042
D_R_43022,chck_80M,43022,R,actual_packet_source_repeat,8,packet:8:221:compact:frontier_consolidation_fwcompact_medium_023174,companion,compact:frontier_consolidation_fwcompact_medium_023174,37,39,0.00951977726072073,1.1934963464736938,1.1839765692129731
D_R_43022,chck_80M,43022,R,actual_packet_source_repeat,8,packet:8:222:compact:frontier_consolidation_fwcompact_medium_055760,companion,compact:frontier_consolidation_fwcompact_medium_055760,29,31,0.0016243371646851301,0.3555351197719574,0.35391078260727227
D_R_43022,chck_80M,43022,R,actual_packet_source_repeat,8,packet:8:223:compact:frontier_consolidation_fwcompact_medium_056988,companion,compact:frontier_consolidation_fwcompact_medium_056988,71,73,0.0079433498904109,9.107118606567383,9.099175256676972
D_R_43022,chck_80M,43022,R,actual_packet_source_repeat,8,packet:8:224:compact:frontier_consolidation_fwcompact_medium_056360,companion,compact:frontier_consolidation_fwcompact_medium_056360,34,36,0.0031443224288523197,4.6551032066345215,4.651958884205669
D_R_43022,chck_80M,43022,R,actual_packet_source_repeat,8,packet:8:225:compact:frontier_consolidation_fwcompact_medium_025977,companion,compact:frontier_consolidation_fwcompact_medium_025977,78,80,0.0067799994722008705,3.893550395965576,3.8867703964933753
D_R_43022,chck_80M,43022,R,actual_packet_source_repeat,8,packet:8:226:compact:frontier_consolidation_fwcompact_medium_004519,companion,compact:frontier_consolidation_fwcompact_medium_004519,58,60,0.03173919767141342,8.00617504119873,7.974435843527317
D_R_43022,chck_80M,43022,R,actual_packet_source_repeat,8,packet:8:227:compact:frontier_consolidation_fwcompact_medium_042554,companion,compact:frontier_consolidation_fwcompact_medium_042554,58,60,0.0032055205665528774,8.55865478515625,8.555449264589697
D_R_43022,chck_80M,43022,R,actual_packet_source_repeat,8,packet:8:228:compact:frontier_consolidation_fwcompact_medium_060093,companion,compact:frontier_consolidation_fwcompact_medium_060093,58,60,0.005221420433372259,7.22143030166626,7.2162088812328875
D_R_43022,chck_80M,43022,R,actual_packet_source_repeat,8,packet:8:229:compact:frontier_consolidation_fwcompact_medium_051064,companion,compact:frontier_consolidation_fwcompact_medium_051064,51,53,0.034864649176597595,7.397335052490234,7.362470403313637
D_R_43022,chck_80M,43022,R,actual_packet_source_repeat,8,packet:8:22:compact:frontier_consolidation_fwcompact_medium_028521,companion,compact:frontier_consolidation_fwcompact_medium_028521,96,98,0.02060636319220066,11.177145957946777,11.156539594754577
D_R_43022,chck_80M,43022,R,actual_packet_source_repeat,8,packet:8:230:compact:frontier_consolidation_fwcompact_medium_052558,companion,compact:frontier_consolidation_fwcompact_medium_052558,42,44,0.007138580083847046,4.954587936401367,4.94744935631752
D_R_43022,chck_80M,43022,R,actual_packet_source_repeat,8,packet:8:231:compact:frontier_consolidation_fwcompact_medium_031277,companion,compact:frontier_consolidation_fwcompact_medium_031277,77,79,0.08460741490125656,17.60390853881836,17.519301123917103
D_R_43022,chck_80M,43022,R,actual_packet_source_repeat,8,packet:8:232:compact:frontier_consolidation_fwcompact_medium_049175,companion,compact:frontier_consolidation_fwcompact_medium_049175,56,58,0.00032419670606032014,0.03570781275629997,0.03538361605023965
D_R_43022,chck_80M,43022,R,actual_packet_source_repeat,8,packet:8:233:compact:frontier_consolidation_fwcompact_medium_052120,companion,compact:frontier_consolidation_fwcompact_medium_052120,44,46,0.012104860506951809,5.729664325714111,5.7175594652071595
D_R_43022,chck_80M,43022,R,actual_packet_source_repeat,8,packet:8:234:compact:frontier_consolidation_fwcompact_medium_002517,companion,compact:frontier_consolidation_fwcompact_medium_002517,32,34,0.0220169797539711,5.672845363616943,5.650828383862972
D_R_43022,chck_80M,43022,R,actual_packet_source_repeat,8,packet:8:235:compact:frontier_consolidation_fwcompact_medium_039544,companion,compact:frontier_consolidation_fwcompact_medium_039544,24,26,0.005021223332732916,2.2798187732696533,2.2747975499369204
D_R_43022,chck_80M,43022,R,actual_packet_source_repeat,8,packet:8:236:compact:frontier_consolidation_fwcompact_medium_030231,companion,compact:frontier_consolidation_fwcompact_medium_030231,59,61,0.003471184289082885,1.0967357158660889,1.093264531577006
D_R_43022,chck_80M,43022,R,actual_packet_source_repeat,8,packet:8:237:compact:frontier_consolidation_fwcompact_medium_000652,companion,compact:frontier_consolidation_fwcompact_medium_000652,39,41,0.003541865386068821,3.322946310043335,3.319404444657266
D_R_43022,chck_80M,43022,R,actual_packet_source_repeat,8,packet:8:238:compact:frontier_consolidation_fwcompact_medium_004556,companion,compact:frontier_consolidation_fwcompact_medium_004556,41,43,0.07325475662946701,5.6722517013549805,5.5989969447255135
D_R_43022,chck_80M,43022,R,actual_packet_source_repeat,8,packet:8:239:compact:frontier_consolidation_fwcompact_medium_033177,companion,compact:frontier_consolidation_fwcompact_medium_033177,55,57,0.005502672865986824,14.547290802001953,14.541788129135966
D_R_43022,chck_80M,43022,R,actual_packet_source_repeat,8,packet:8:23:compact:frontier_consolidation_fwcompact_medium_000261,companion,compact:frontier_consolidation_fwcompact_medium_000261,55,57,0.0004592079494614154,0.2756569981575012,0.2751977902080398
D_R_43022,chck_80M,43022,R,actual_packet_source_repeat,8,packet:8:240:compact:frontier_consolidation_fwcompact_medium_005742,companion,compact:frontier_consolidation_fwcompact_medium_005742,31,33,0.0002592465898487717,0.0003477922291494906,8.85456393007189e-05
D_R_43022,chck_80M,43022,R,actual_packet_source_repeat,8,packet:8:241:compact:frontier_consolidation_fwcompact_medium_060969,companion,compact:frontier_consolidation_fwcompact_medium_060969,38,40,0.08510689437389374,1.5832023620605469,1.4980954676866531
D_R_43022,chck_80M,43022,R,actual_packet_source_repeat,8,packet:8:242:compact:frontier_consolidation_fwcompact_medium_012246,companion,compact:frontier_consolidation_fwcompact_medium_012246,56,58,0.020346499979496002,7.9735612869262695,7.9532147869467735
D_R_43022,chck_80M,43022,R,actual_packet_source_repeat,8,packet:8:243:compact:frontier_consolidation_fwcompact_medium_021143,companion,compact:frontier_consolidation_fwcompact_medium_021143,52,54,0.010493814945220947,14.605264663696289,14.594770848751068
D_R_43022,chck_80M,43022,R,actual_packet_source_repeat,8,packet:8:244:compact:frontier_consolidation_fwcompact_medium_047087,companion,compact:frontier_consolidation_fwcompact_medium_047087,69,71,0.02578883059322834,6.799960136413574,6.774171305820346
D_R_43022,chck_80M,43022,R,actual_packet_source_repeat,8,packet:8:245:compact:frontier_consolidation_fwcompact_medium_010292,companion,compact:frontier_consolidation_fwcompact_medium_010292,28,30,0.026395192369818687,8.715798377990723,8.689403185620904
D_R_43022,chck_80M,43022,R,actual_packet_source_repeat,8,packet:8:246:compact:frontier_consolidation_fwcompact_medium_041795,companion,compact:frontier_consolidation_fwcompact_medium_041795,66,68,0.001046705641783774,1.9998806715011597,1.998833965859376
D_R_43022,chck_80M,43022,R,actual_packet_source_repeat,8,packet:8:247:compact:frontier_consolidation_fwcompact_medium_044201,companion,compact:frontier_consolidation_fwcompact_medium_044201,33,35,0.02803497575223446,3.7958359718322754,3.767800996080041
D_R_43022,chck_80M,43022,R,actual_packet_source_repeat,8,packet:8:248:compact:frontier_consolidation_fwcompact_medium_008018,companion,compact:frontier_consolidation_fwcompact_medium_008018,57,59,0.011688203550875187,9.248086929321289,9.236398725770414
D_R_43022,chck_80M,43022,R,actual_packet_source_repeat,8,packet:8:249:compact:frontier_consolidation_fwcompact_medium_000897,companion,compact:frontier_consolidation_fwcompact_medium_000897,48,50,0.05522506311535835,7.83074951171875,7.775524448603392
D_R_43022,chck_80M,43022,R,actual_packet_source_repeat,8,packet:8:24:compact:frontier_consolidation_fwcompact_medium_046432,companion,compact:frontier_consolidation_fwcompact_medium_046432,112,114,0.008143199607729912,5.146389484405518,5.138246284797788
D_R_43022,chck_80M,43022,R,actual_packet_source_repeat,8,packet:8:250:compact:frontier_consolidation_fwcompact_medium_036138,companion,compact:frontier_consolidation_fwcompact_medium_036138,56,58,0.03646164759993553,0.0441143736243248,0.007652726024389267
D_R_43022,chck_80M,43022,R,actual_packet_source_repeat,8,packet:8:251:compact:frontier_consolidation_fwcompact_medium_004449,companion,compact:frontier_consolidation_fwcompact_medium_004449,39,41,0.0002411313180346042,0.3771198093891144,0.3768786780710798
D_R_43022,chck_80M,43022,R,actual_packet_source_repeat,8,packet:8:252:compact:frontier_consolidation_fwcompact_medium_033430,companion,compact:frontier_consolidation_fwcompact_medium_033430,47,49,0.007273384835571051,5.073025703430176,5.065752318594605
D_R_43022,chck_80M,43022,R,actual_packet_source_repeat,8,packet:8:253:compact:frontier_consolidation_fwcompact_medium_003962,companion,compact:frontier_consolidation_fwcompact_medium_003962,33,35,0.0051484862342476845,8.834228515625,8.829080029390752
D_R_43022,chck_80M,43022,R,actual_packet_source_repeat,8,packet:8:254:compact:frontier_consolidation_fwcompact_medium_043818,companion,compact:frontier_consolidation_fwcompact_medium_043818,70,72,0.01724616065621376,16.544790267944336,16.527544107288122
D_R_43022,chck_80M,43022,R,actual_packet_source_repeat,8,packet:8:255:compact:frontier_consolidation_fwcompact_medium_052238,companion,compact:frontier_consolidation_fwcompact_medium_052238,25,27,0.006266350392252207,7.590782642364502,7.58451629197225
D_R_43022,chck_80M,43022,R,actual_packet_source_repeat,8,packet:8:256:compact:frontier_consolidation_fwcompact_medium_060061,companion,compact:frontier_consolidation_fwcompact_medium_060061,39,41,0.0046292515471577644,3.3943963050842285,3.3897670535370708
D_R_43022,chck_80M,43022,R,actual_packet_source_repeat,8,packet:8:257:compact:frontier_consolidation_fwcompact_medium_001016,companion,compact:frontier_consolidation_fwcompact_medium_001016,46,48,0.009985021315515041,4.021931171417236,4.011946150101721
D_R_43022,chck_80M,43022,R,actual_packet_source_repeat,8,packet:8:258:compact:frontier_consolidation_fwcompact_medium_037449,companion,compact:frontier_consolidation_fwcompact_medium_037449,106,108,0.0029125672299414873,7.202652931213379,7.199740363983437
D_R_43022,chck_80M,43022,R,actual_packet_source_repeat,8,packet:8:259:compact:frontier_consolidation_fwcompact_medium_007673,companion,compact:frontier_consolidation_fwcompact_medium_007673,73,75,0.0038941281381994486,10.377217292785645,10.373323164647445
D_R_43022,chck_80M,43022,R,actual_packet_source_repeat,8,packet:8:25:compact:frontier_consolidation_fwcompact_medium_029146,companion,compact:frontier_consolidation_fwcompact_medium_029146,58,60,0.0041279117576777935,7.241314888000488,7.2371869762428105
D_R_43022,chck_80M,43022,R,actual_packet_source_repeat,8,packet:8:260:compact:frontier_consolidation_fwcompact_medium_005612,companion,compact:frontier_consolidation_fwcompact_medium_005612,47,49,0.00028081765049137175,0.009467348456382751,0.00918653080589138
D_R_43022,chck_80M,43022,R,actual_packet_source_repeat,8,packet:8:261:compact:frontier_consolidation_fwcompact_medium_014534,companion,compact:frontier_consolidation_fwcompact_medium_014534,38,40,0.06594953685998917,8.171687126159668,8.105737589299679
D_R_43022,chck_80M,43022,R,actual_packet_source_repeat,8,packet:8:262:compact:frontier_consolidation_fwcompact_medium_023755,companion,compact:frontier_consolidation_fwcompact_medium_023755,85,87,0.03690614178776741,3.093568801879883,3.0566626600921154
D_R_43022,chck_80M,43022,R,actual_packet_source_repeat,8,packet:8:263:compact:frontier_consolidation_fwcompact_medium_005804,companion,compact:frontier_consolidation_fwcompact_medium_005804,41,43,0.09499391913414001,5.087947368621826,4.992953449487686
D_R_43022,chck_80M,43022,R,actual_packet_source_repeat,8,packet:8:264:compact:frontier_consolidation_fwcompact_medium_033007,companion,compact:frontier_consolidation_fwcompact_medium_033007,93,95,0.01961056888103485,5.213326930999756,5.193716362118721
D_R_43022,chck_80M,43022,R,actual_packet_source_repeat,8,packet:8:265:compact:frontier_consolidation_fwcompact_medium_035533,companion,compact:frontier_consolidation_fwcompact_medium_035533,103,105,0.028189361095428467,2.0638277530670166,2.035638391971588
D_R_43022,chck_80M,43022,R,actual_packet_source_repeat,8,packet:8:266:compact:frontier_consolidation_fwcompact_medium_036380,companion,compact:frontier_consolidation_fwcompact_medium_036380,96,98,0.005684401374310255,9.573102951049805,9.567418549675494
D_R_43022,chck_80M,43022,R,actual_packet_source_repeat,8,packet:8:267:compact:frontier_consolidation_fwcompact_medium_056190,companion,compact:frontier_consolidation_fwcompact_medium_056190,51,53,0.007249596994370222,4.804317474365234,4.797067877370864
D_R_43022,chck_80M,43022,R,actual_packet_source_repeat,8,packet:8:268:compact:frontier_consolidation_fwcompact_medium_007722,companion,compact:frontier_consolidation_fwcompact_medium_007722,26,28,0.009129565209150314,2.7695796489715576,2.7604500837624073
D_R_43022,chck_80M,43022,R,actual_packet_source_repeat,8,packet:8:269:compact:frontier_consolidation_fwcompact_medium_038479,companion,compact:frontier_consolidation_fwcompact_medium_038479,49,51,0.01510984543710947,10.798381805419922,10.783271959982812
D_R_43022,chck_80M,43022,R,actual_packet_source_repeat,8,packet:8:26:compact:frontier_consolidation_fwcompact_medium_012581,companion,compact:frontier_consolidation_fwcompact_medium_012581,48,50,0.00018320789968129247,0.0016335012624040246,0.0014502933627227321
D_R_43022,chck_80M,43022,R,actual_packet_source_repeat,8,packet:8:270:compact:frontier_consolidation_fwcompact_medium_036211,companion,compact:frontier_consolidation_fwcompact_medium_036211,32,34,0.0007147617870941758,0.8455016613006592,0.844786899513565
D_R_43022,chck_80M,43022,R,actual_packet_source_repeat,8,packet:8:271:compact:frontier_consolidation_fwcompact_medium_042575,companion,compact:frontier_consolidation_fwcompact_medium_042575,80,82,0.003912414889782667,6.176208019256592,6.172295604366809
D_R_43022,chck_80M,43022,R,actual_packet_source_repeat,8,packet:8:272:compact:frontier_consolidation_fwcompact_medium_041497,companion,compact:frontier_consolidation_fwcompact_medium_041497,33,35,0.01793687976896763,9.44398307800293,9.426046198233962
D_R_43022,chck_80M,43022,R,actual_packet_source_repeat,8,packet:8:273:compact:frontier_consolidation_fwcompact_medium_055547,companion,compact:frontier_consolidation_fwcompact_medium_055547,56,58,0.004005743190646172,2.6447179317474365,2.6407121885567904
D_R_43022,chck_80M,43022,R,actual_packet_source_repeat,8,packet:8:274:compact:frontier_consolidation_fwcompact_medium_047733,companion,compact:frontier_consolidation_fwcompact_medium_047733,94,96,0.003115088678896427,1.989997148513794,1.9868820598348975
D_R_43022,chck_80M,43022,R,actual_packet_source_repeat,8,packet:8:275:compact:frontier_consolidation_fwcompact_medium_023184,companion,compact:frontier_consolidation_fwcompact_medium_023184,52,54,0.02672046236693859,11.469514846801758,11.44279438443482
D_R_43022,chck_80M,43022,R,actual_packet_source_repeat,8,packet:8:276:compact:frontier_consolidation_fwcompact_medium_055461,companion,compact:frontier_consolidation_fwcompact_medium_055461,34,36,0.01690490171313286,4.8530144691467285,4.836109567433596
D_R_43022,chck_80M,43022,R,actual_packet_source_repeat,8,packet:8:277:compact:frontier_consolidation_fwcompact_medium_033575,companion,compact:frontier_consolidation_fwcompact_medium_033575,78,80,0.06543134897947311,7.733468055725098,7.6680367067456245
D_R_43022,chck_80M,43022,R,actual_packet_source_repeat,8,packet:8:278:compact:frontier_consolidation_fwcompact_medium_026716,companion,compact:frontier_consolidation_fwcompact_medium_026716,40,42,0.006457178853452206,3.210103988647461,3.2036468097940087
D_R_43022,chck_80M,43022,R,actual_packet_source_repeat,8,packet:8:279:compact:frontier_consolidation_fwcompact_medium_018829,companion,compact:frontier_consolidation_fwcompact_medium_018829,44,46,0.0023315169382840395,4.7765913009643555,4.774259784026071
D_R_43022,chck_80M,43022,R,actual_packet_source_repeat,8,packet:8:27:compact:frontier_consolidation_fwcompact_medium_014626,companion,compact:frontier_consolidation_fwcompact_medium_014626,38,40,0.013340028002858162,9.317883491516113,9.304543463513255
D_R_43022,chck_80M,43022,R,actual_packet_source_repeat,8,packet:8:280:compact:frontier_consolidation_fwcompact_medium_025880,companion,compact:frontier_consolidation_fwcompact_medium_025880,33,35,0.0069631533697247505,6.657163143157959,6.650199989788234
D_R_43022,chck_80M,43022,R,actual_packet_source_repeat,8,packet:8:281:compact:frontier_consolidation_fwcompact_medium_050845,companion,compact:frontier_consolidation_fwcompact_medium_050845,45,47,0.011224576272070408,7.977965354919434,7.966740778647363
D_R_43022,chck_80M,43022,R,actual_packet_source_repeat,8,packet:8:282:compact:frontier_consolidation_fwcompact_medium_003011,companion,compact:frontier_consolidation_fwcompact_medium_003011,64,66,0.18301674723625183,6.8951616287231445,6.712144881486893
D_R_43022,chck_80M,43022,R,actual_packet_source_repeat,8,packet:8:283:compact:frontier_consolidation_fwcompact_medium_035725,companion,compact:frontier_consolidation_fwcompact_medium_035725,62,64,0.0058921691961586475,9.650426864624023,9.644534695427865
D_R_43022,chck_80M,43022,R,actual_packet_source_repeat,8,packet:8:284:compact:frontier_consolidation_fwcompact_medium_019000,companion,compact:frontier_consolidation_fwcompact_medium_019000,43,45,0.01932799629867077,3.6394002437591553,3.6200722474604845
D_R_43022,chck_80M,43022,R,actual_packet_source_repeat,8,packet:8:285:compact:frontier_consolidation_fwcompact_medium_033364,companion,compact:frontier_consolidation_fwcompact_medium_033364,54,56,0.00937972404062748,9.942631721496582,9.933251997455955
D_R_43022,chck_80M,43022,R,actual_packet_source_repeat,8,packet:8:286:compact:frontier_consolidation_fwcompact_medium_021724,companion,compact:frontier_consolidation_fwcompact_medium_021724,50,52,0.004059408791363239,7.33753776550293,7.3334783567115664
D_R_43022,chck_80M,43022,R,actual_packet_source_repeat,8,packet:8:287:compact:frontier_consolidation_fwcompact_medium_026554,companion,compact:frontier_consolidation_fwcompact_medium_026554,50,52,0.006219082046300173,1.3420915603637695,1.3358724783174694
D_R_43022,chck_80M,43022,R,actual_packet_source_repeat,8,packet:8:288:compact:frontier_consolidation_fwcompact_medium_036741,companion,compact:frontier_consolidation_fwcompact_medium_036741,35,37,0.0004354958946350962,1.879199504852295,1.8787640089576598
D_R_43022,chck_80M,43022,R,actual_packet_source_repeat,8,packet:8:289:compact:frontier_consolidation_fwcompact_medium_049956,companion,compact:frontier_consolidation_fwcompact_medium_049956,67,69,0.0005347490659914911,1.7138593196868896,1.7133245706208982
D_R_43022,chck_80M,43022,R,actual_packet_source_repeat,8,packet:8:28:compact:frontier_consolidation_fwcompact_medium_050250,companion,compact:frontier_consolidation_fwcompact_medium_050250,56,58,0.0014805557439103723,0.4948269724845886,0.49334641674067825
D_R_43022,chck_80M,43022,R,actual_packet_source_repeat,8,packet:8:290:compact:frontier_consolidation_fwcompact_medium_007913,companion,compact:frontier_consolidation_fwcompact_medium_007913,63,65,0.005733828525990248,6.424954414367676,6.4192205858416855
D_R_43022,chck_80M,43022,R,actual_packet_source_repeat,8,packet:8:291:compact:frontier_consolidation_fwcompact_medium_002163,companion,compact:frontier_consolidation_fwcompact_medium_002163,37,39,0.0007820646860636771,1.4095667600631714,1.4087846953771077
D_R_43022,chck_80M,43022,R,actual_packet_source_repeat,8,packet:8:292:compact:frontier_consolidation_fwcompact_medium_006437,companion,compact:frontier_consolidation_fwcompact_medium_006437,43,45,0.013785039074718952,8.693388938903809,8.67960389982909
D_R_43022,chck_80M,43022,R,actual_packet_source_repeat,8,packet:8:293:compact:frontier_consolidation_fwcompact_medium_045319,companion,compact:frontier_consolidation_fwcompact_medium_045319,47,49,0.0002047805901383981,1.517432689666748,1.5172279090766096
D_R_43022,chck_80M,43022,R,actual_packet_source_repeat,8,packet:8:294:compact:frontier_consolidation_fwcompact_medium_017350,companion,compact:frontier_consolidation_fwcompact_medium_017350,81,83,0.002862405963242054,5.394707679748535,5.391845273785293
D_R_43022,chck_80M,43022,R,actual_packet_source_repeat,8,packet:8:295:compact:frontier_consolidation_fwcompact_medium_053188,companion,compact:frontier_consolidation_fwcompact_medium_053188,51,53,0.0073422593995928764,8.298929214477539,8.291586955077946
D_R_43022,chck_80M,43022,R,actual_packet_source_repeat,8,packet:8:296:compact:frontier_consolidation_fwcompact_medium_053659,companion,compact:frontier_consolidation_fwcompact_medium_053659,53,55,0.0007996936910785735,0.299955278635025,0.29915558494394645
D_R_43022,chck_80M,43022,R,actual_packet_source_repeat,8,packet:8:297:compact:frontier_consolidation_fwcompact_medium_045913,companion,compact:frontier_consolidation_fwcompact_medium_045913,37,39,0.009525444358587265,3.0952322483062744,3.085706803947687
D_R_43022,chck_80M,43022,R,actual_packet_source_repeat,8,packet:8:298:compact:frontier_consolidation_fwcompact_medium_000351,companion,compact:frontier_consolidation_fwcompact_medium_000351,43,45,0.0031298245303332806,0.29950493574142456,0.2963751112110913
D_R_43022,chck_80M,43022,R,actual_packet_source_repeat,8,packet:8:299:compact:frontier_consolidation_fwcompact_medium_032025,companion,compact:frontier_consolidation_fwcompact_medium_032025,36,38,0.07010806351900101,9.715384483337402,9.645276419818401
D_R_43022,chck_80M,43022,R,actual_packet_source_repeat,8,packet:8:29:compact:frontier_consolidation_fwcompact_medium_034918,companion,compact:frontier_consolidation_fwcompact_medium_034918,87,89,0.03837771713733673,7.442746162414551,7.404368445277214
D_R_43022,chck_80M,43022,R,actual_packet_source_repeat,8,packet:8:2:compact:frontier_consolidation_fwcompact_medium_035003,companion,compact:frontier_consolidation_fwcompact_medium_035003,67,69,0.0025779129937291145,10.790752410888672,10.788174497894943
D_R_43022,chck_80M,43022,R,actual_packet_source_repeat,8,packet:8:300:compact:frontier_consolidation_fwcompact_medium_013237,companion,compact:frontier_consolidation_fwcompact_medium_013237,53,55,0.00021979777375236154,0.2881792485713959,0.2879594507976435
D_R_43022,chck_80M,43022,R,actual_packet_source_repeat,8,packet:8:301:compact:frontier_consolidation_fwcompact_medium_007507,companion,compact:frontier_consolidation_fwcompact_medium_007507,35,37,0.002448182087391615,0.08772013336420059,0.08527195127680898
D_R_43022,chck_80M,43022,R,actual_packet_source_repeat,8,packet:8:302:compact:frontier_consolidation_fwcompact_medium_031254,companion,compact:frontier_consolidation_fwcompact_medium_031254,38,40,0.001501148217357695,9.044512748718262,9.043011600500904
D_R_43022,chck_80M,43022,R,actual_packet_source_repeat,8,packet:8:303:compact:frontier_consolidation_fwcompact_medium_030421,companion,compact:frontier_consolidation_fwcompact_medium_030421,36,38,0.00523126358166337,0.4988862872123718,0.49365502363070846
D_R_43022,chck_80M,43022,R,actual_packet_source_repeat,8,packet:8:304:compact:frontier_consolidation_fwcompact_medium_019653,companion,compact:frontier_consolidation_fwcompact_medium_019653,21,23,0.05766205117106438,4.6879425048828125,4.630280453711748
D_R_43022,chck_80M,43022,R,actual_packet_source_repeat,8,packet:8:305:compact:frontier_consolidation_fwcompact_medium_037359,companion,compact:frontier_consolidation_fwcompact_medium_037359,63,65,0.0050744786858558655,6.338738441467285,6.333663962781429
D_R_43022,chck_80M,43022,R,actual_packet_source_repeat,8,packet:8:306:compact:frontier_consolidation_fwcompact_medium_004499,companion,compact:frontier_consolidation_fwcompact_medium_004499,46,48,0.019839422777295113,3.9230661392211914,3.9032267164438963
D_R_43022,chck_80M,43022,R,actual_packet_source_repeat,8,packet:8:307:compact:frontier_consolidation_fwcompact_medium_011148,companion,compact:frontier_consolidation_fwcompact_medium_011148,60,62,0.004978165961802006,2.8546371459960938,2.8496589800342917
D_R_43022,chck_80M,43022,R,actual_packet_source_repeat,8,packet:8:308:compact:frontier_consolidation_fwcompact_medium_011491,companion,compact:frontier_consolidation_fwcompact_medium_011491,40,42,0.07937359064817429,0.40084710717201233,0.32147351652383804
D_R_43022,chck_80M,43022,R,actual_packet_source_repeat,8,packet:8:309:compact:frontier_consolidation_fwcompact_medium_041643,companion,compact:frontier_consolidation_fwcompact_medium_041643,59,61,0.007645274978131056,11.264540672302246,11.256895397324115
D_R_43022,chck_80M,43022,R,actual_packet_source_repeat,8,packet:8:30:compact:frontier_consolidation_fwcompact_medium_048895,companion,compact:frontier_consolidation_fwcompact_medium_048895,62,64,0.0006729483720846474,0.0026780238840729,0.0020050755119882524
D_R_43022,chck_80M,43022,R,actual_packet_source_repeat,8,packet:8:310:compact:frontier_consolidation_fwcompact_medium_054092,companion,compact:frontier_consolidation_fwcompact_medium_054092,37,39,0.00033718624035827816,2.414370059967041,2.4140328737266827
D_R_43022,chck_80M,43022,R,actual_packet_source_repeat,8,packet:8:311:compact:frontier_consolidation_fwcompact_medium_002748,companion,compact:frontier_consolidation_fwcompact_medium_002748,44,46,0.0071815443225204945,9.621894836425781,9.61471329210326
D_R_43022,chck_80M,43022,R,actual_packet_source_repeat,8,packet:8:312:compact:frontier_consolidation_fwcompact_medium_005002,companion,compact:frontier_consolidation_fwcompact_medium_005002,30,32,0.06868170201778412,1.635671854019165,1.566990152001381
D_R_43022,chck_80M,43022,R,actual_packet_source_repeat,8,packet:8:313:compact:frontier_consolidation_fwcompact_medium_008400,companion,compact:frontier_consolidation_fwcompact_medium_008400,116,118,0.0032804980874061584,3.80049991607666,3.797219417989254
D_R_43022,chck_80M,43022,R,actual_packet_source_repeat,8,packet:8:314:compact:frontier_consolidation_fwcompact_medium_053440,companion,compact:frontier_consolidation_fwcompact_medium_053440,38,40,0.001842707279138267,0.23208780586719513,0.23024509858805686
D_R_43022,chck_80M,43022,R,actual_packet_source_repeat,8,packet:8:315:compact:frontier_consolidation_fwcompact_medium_054645,companion,compact:frontier_consolidation_fwcompact_medium_054645,28,30,0.023815754801034927,4.281606674194336,4.257790919393301
D_R_43022,chck_80M,43022,R,actual_packet_source_repeat,8,packet:8:316:compact:frontier_consolidation_fwcompact_medium_002348,companion,compact:frontier_consolidation_fwcompact_medium_002348,38,40,0.006968006957322359,6.1773271560668945,6.170359149109572
D_R_43022,chck_80M,43022,R,actual_packet_source_repeat,8,packet:8:317:compact:frontier_consolidation_fwcompact_medium_014545,companion,compact:frontier_consolidation_fwcompact_medium_014545,45,47,0.00135318236425519,5.666012763977051,5.664659581612796
D_R_43022,chck_80M,43022,R,actual_packet_source_repeat,8,packet:8:318:compact:frontier_consolidation_fwcompact_medium_004047,companion,compact:frontier_consolidation_fwcompact_medium_004047,55,57,0.01903844252228737,6.704168796539307,6.685130354017019
D_R_43022,chck_80M,43022,R,actual_packet_source_repeat,8,packet:8:319:compact:frontier_consolidation_fwcompact_medium_005339,companion,compact:frontier_consolidation_fwcompact_medium_005339,49,51,0.002809032564982772,5.317223072052002,5.314414039487019
D_R_43022,chck_80M,43022,R,actual_packet_source_repeat,8,packet:8:31:compact:frontier_consolidation_fwcompact_medium_030075,companion,compact:frontier_consolidation_fwcompact_medium_030075,65,67,0.010554565116763115,8.417318344116211,8.406763778999448
D_R_43022,chck_80M,43022,R,actual_packet_source_repeat,8,packet:8:320:compact:frontier_consolidation_fwcompact_medium_019803,companion,compact:frontier_consolidation_fwcompact_medium_019803,87,89,0.0027212989516556263,1.4147796630859375,1.4120583641342819
D_R_43022,chck_80M,43022,R,actual_packet_source_repeat,8,packet:8:321:compact:frontier_consolidation_fwcompact_medium_041270,companion,compact:frontier_consolidation_fwcompact_medium_041270,43,45,0.003323272103443742,7.886899471282959,7.883576199179515
D_R_43022,chck_80M,43022,R,actual_packet_source_repeat,8,packet:8:322:compact:frontier_consolidation_fwcompact_medium_049443,companion,compact:frontier_consolidation_fwcompact_medium_049443,68,70,0.003045803401619196,6.9274492263793945,6.924403422977775
D_R_43022,chck_80M,43022,R,actual_packet_source_repeat,8,packet:8:323:compact:frontier_consolidation_fwcompact_medium_043403,companion,compact:frontier_consolidation_fwcompact_medium_043403,54,56,0.009905705228447914,10.653129577636719,10.64322387240827
D_R_43022,chck_80M,43022,R,actual_packet_source_repeat,8,packet:8:324:compact:frontier_consolidation_fwcompact_medium_059133,companion,compact:frontier_consolidation_fwcompact_medium_059133,62,64,0.005159278400242329,8.561090469360352,8.55593119096011
D_R_43022,chck_80M,43022,R,actual_packet_source_repeat,8,packet:8:325:compact:frontier_consolidation_fwcompact_medium_042919,companion,compact:frontier_consolidation_fwcompact_medium_042919,59,61,0.01727580465376377,1.4817999601364136,1.4645241554826498
D_R_43022,chck_80M,43022,R,actual_packet_source_repeat,8,packet:8:326:compact:frontier_consolidation_fwcompact_medium_043741,companion,compact:frontier_consolidation_fwcompact_medium_043741,52,54,0.010165111161768436,9.334720611572266,9.324555500410497
D_R_43022,chck_80M,43022,R,actual_packet_source_repeat,8,packet:8:327:compact:frontier_consolidation_fwcompact_medium_043723,companion,compact:frontier_consolidation_fwcompact_medium_043723,39,41,0.000479344860650599,0.01657935231924057,0.01610000745858997
D_R_43022,chck_80M,43022,R,actual_packet_source_repeat,8,packet:8:328:compact:frontier_consolidation_fwcompact_medium_046088,companion,compact:frontier_consolidation_fwcompact_medium_046088,51,53,0.004913280252367258,0.19007562100887299,0.18516234075650573
D_R_43022,chck_80M,43022,R,actual_packet_source_repeat,8,packet:8:329:compact:frontier_consolidation_fwcompact_medium_012824,companion,compact:frontier_consolidation_fwcompact_medium_012824,40,42,0.005285812076181173,3.396085262298584,3.390799450222403
D_R_43022,chck_80M,43022,R,actual_packet_source_repeat,8,packet:8:32:compact:frontier_consolidation_fwcompact_medium_058429,companion,compact:frontier_consolidation_fwcompact_medium_058429,65,67,0.17109134793281555,14.828512191772461,14.657420843839645
D_R_43022,chck_80M,43022,R,actual_packet_source_repeat,8,packet:8:330:compact:frontier_consolidation_fwcompact_medium_042009,companion,compact:frontier_consolidation_fwcompact_medium_042009,77,79,0.18747779726982117,3.900297164916992,3.712819367647171
D_R_43022,chck_80M,43022,R,actual_packet_source_repeat,8,packet:8:331:compact:frontier_consolidation_fwcompact_medium_048832,companion,compact:frontier_consolidation_fwcompact_medium_048832,51,53,0.0056206281296908855,6.141908645629883,6.136288017500192
D_R_43022,chck_80M,43022,R,actual_packet_source_repeat,8,packet:8:332:compact:frontier_consolidation_fwcompact_medium_020701,companion,compact:frontier_consolidation_fwcompact_medium_020701,31,33,0.08432082086801529,2.2513766288757324,2.167055808007717
D_R_43022,chck_80M,43022,R,actual_packet_source_repeat,8,packet:8:333:compact:frontier_consolidation_fwcompact_medium_016644,companion,compact:frontier_consolidation_fwcompact_medium_016644,38,40,0.001476746634580195,3.0954108238220215,3.0939340771874413
D_R_43022,chck_80M,43022,R,actual_packet_source_repeat,8,packet:8:334:compact:frontier_consolidation_fwcompact_medium_023359,companion,compact:frontier_consolidation_fwcompact_medium_023359,61,63,0.005593600682914257,1.482886791229248,1.4772931905463338
D_R_43022,chck_80M,43022,R,actual_packet_source_repeat,8,packet:8:335:compact:frontier_consolidation_fwcompact_medium_032828,companion,compact:frontier_consolidation_fwcompact_medium_032828,38,40,0.02493865415453911,4.123842239379883,4.098903585225344
D_R_43022,chck_80M,43022,R,actual_packet_source_repeat,8,packet:8:336:compact:frontier_consolidation_fwcompact_medium_028988,companion,compact:frontier_consolidation_fwcompact_medium_028988,46,48,0.020990023389458656,14.33818244934082,14.317192425951362
D_R_43022,chck_80M,43022,R,actual_packet_source_repeat,8,packet:8:337:compact:frontier_consolidation_fwcompact_medium_039781,companion,compact:frontier_consolidation_fwcompact_medium_039781,34,36,0.002948581939563155,8.170965194702148,8.168016612762585
D_R_43022,chck_80M,43022,R,actual_packet_source_repeat,8,packet:8:338:compact:frontier_consolidation_fwcompact_medium_029015,companion,compact:frontier_consolidation_fwcompact_medium_029015,57,59,0.05178697407245636,7.767638206481934,7.715851232409477
D_R_43022,chck_80M,43022,R,actual_packet_source_repeat,8,packet:8:339:compact:frontier_consolidation_fwcompact_medium_042469,companion,compact:frontier_consolidation_fwcompact_medium_042469,62,64,0.004533964209258556,4.986515522003174,4.981981557793915
D_R_43022,chck_80M,43022,R,actual_packet_source_repeat,8,packet:8:33:compact:frontier_consolidation_fwcompact_medium_017895,companion,compact:frontier_consolidation_fwcompact_medium_017895,57,59,0.008075563237071037,4.22576904296875,4.217693479731679
D_R_43022,chck_80M,43022,R,actual_packet_source_repeat,8,packet:8:340:compact:frontier_consolidation_fwcompact_medium_056860,companion,compact:frontier_consolidation_fwcompact_medium_056860,42,44,0.0035574266221374273,11.772626876831055,11.769069450208917
D_R_43022,chck_80M,43022,R,actual_packet_source_repeat,8,packet:8:341:compact:frontier_consolidation_fwcompact_medium_046757,companion,compact:frontier_consolidation_fwcompact_medium_046757,49,51,0.7037562131881714,3.6473450660705566,2.9435888528823853
D_R_43022,chck_80M,43022,R,actual_packet_source_repeat,8,packet:8:342:compact:frontier_consolidation_fwcompact_medium_048932,companion,compact:frontier_consolidation_fwcompact_medium_048932,34,36,0.011315692216157913,3.6084439754486084,3.5971282832324505
D_R_43022,chck_80M,43022,R,actual_packet_source_repeat,8,packet:8:343:compact:frontier_consolidation_fwcompact_medium_032035,companion,compact:frontier_consolidation_fwcompact_medium_032035,47,49,0.013674040324985981,11.71379280090332,11.700118760578334
D_R_43022,chck_80M,43022,R,actual_packet_source_repeat,8,packet:8:344:compact:frontier_consolidation_fwcompact_medium_060467,companion,compact:frontier_consolidation_fwcompact_medium_060467,48,50,0.0012830605264753103,6.137845516204834,6.136562455678359
D_R_43022,chck_80M,43022,R,actual_packet_source_repeat,8,packet:8:345:compact:frontier_consolidation_fwcompact_medium_060117,companion,compact:frontier_consolidation_fwcompact_medium_060117,77,79,0.005801268853247166,8.043985366821289,8.038184097968042
D_R_43022,chck_80M,43022,R,actual_packet_source_repeat,8,packet:8:346:compact:frontier_consolidation_fwcompact_medium_004301,companion,compact:frontier_consolidation_fwcompact_medium_004301,30,32,0.0008037435472942889,5.1224446296691895,5.121640886121895
D_R_43022,chck_80M,43022,R,actual_packet_source_repeat,8,packet:8:347:compact:frontier_consolidation_fwcompact_medium_006784,companion,compact:frontier_consolidation_fwcompact_medium_006784,60,62,0.1839924156665802,1.1130108833312988,0.9290184676647186
D_R_43022,chck_80M,43022,R,actual_packet_source_repeat,8,packet:8:348:compact:frontier_consolidation_fwcompact_medium_028924,companion,compact:frontier_consolidation_fwcompact_medium_028924,36,38,0.01829276978969574,2.4727606773376465,2.4544679075479507
D_R_43022,chck_80M,43022,R,actual_packet_source_repeat,8,packet:8:349:compact:frontier_consolidation_fwcompact_medium_006218,companion,compact:frontier_consolidation_fwcompact_medium_006218,49,51,0.0018598416354507208,1.6945077180862427,1.692647876450792
D_R_43022,chck_80M,43022,R,actual_packet_source_repeat,8,packet:8:34:compact:frontier_consolidation_fwcompact_medium_054204,companion,compact:frontier_consolidation_fwcompact_medium_054204,30,32,0.012537943199276924,5.155313014984131,5.142775071784854
D_R_43022,chck_80M,43022,R,actual_packet_source_repeat,8,packet:8:350:compact:frontier_consolidation_fwcompact_medium_028435,companion,compact:frontier_consolidation_fwcompact_medium_028435,45,47,0.008356841281056404,7.224928379058838,7.2165715377777815
D_R_43022,chck_80M,43022,R,actual_packet_source_repeat,8,packet:8:351:compact:frontier_consolidation_fwcompact_medium_016474,companion,compact:frontier_consolidation_fwcompact_medium_016474,70,72,0.000120751719805412,0.14632637798786163,0.14620562626805622
D_R_43022,chck_80M,43022,R,actual_packet_source_repeat,8,packet:8:352:compact:frontier_consolidation_fwcompact_medium_011165,companion,compact:frontier_consolidation_fwcompact_medium_011165,30,32,0.01629498414695263,7.052651882171631,7.036356898024678
D_R_43022,chck_80M,43022,R,actual_packet_source_repeat,8,packet:8:353:compact:frontier_consolidation_fwcompact_medium_054969,companion,compact:frontier_consolidation_fwcompact_medium_054969,30,32,0.0034730848856270313,3.1753592491149902,3.171886164229363
D_R_43022,chck_80M,43022,R,actual_packet_source_repeat,8,packet:8:354:compact:frontier_consolidation_fwcompact_medium_008928,companion,compact:frontier_consolidation_fwcompact_medium_008928,52,54,0.0035961500834673643,5.347041606903076,5.343445456819609
D_R_43022,chck_80M,43022,R,actual_packet_source_repeat,8,packet:8:355:compact:frontier_consolidation_fwcompact_medium_005969,companion,compact:frontier_consolidation_fwcompact_medium_005969,67,69,0.01217776071280241,8.73337173461914,8.721193973906338
D_R_43022,chck_80M,43022,R,actual_packet_source_repeat,8,packet:8:356:compact:frontier_consolidation_fwcompact_medium_004112,companion,compact:frontier_consolidation_fwcompact_medium_004112,58,60,0.0019691854249686003,6.801782131195068,6.7998129457701
D_R_43022,chck_80M,43022,R,actual_packet_source_repeat,8,packet:8:357:compact:frontier_consolidation_fwcompact_medium_009251,companion,compact:frontier_consolidation_fwcompact_medium_009251,44,46,0.10518234223127365,7.179117679595947,7.073935337364674
D_R_43022,chck_80M,43022,R,actual_packet_source_repeat,8,packet:8:358:compact:frontier_consolidation_fwcompact_medium_010810,companion,compact:frontier_consolidation_fwcompact_medium_010810,59,61,0.0838390365242958,3.3180603981018066,3.234221361577511
D_R_43022,chck_80M,43022,R,actual_packet_source_repeat,8,packet:8:359:compact:frontier_consolidation_fwcompact_medium_002711,companion,compact:frontier_consolidation_fwcompact_medium_002711,56,58,0.00013624693383462727,0.022046949714422226,0.0219107027805876
D_R_43022,chck_80M,43022,R,actual_packet_source_repeat,8,packet:8:35:compact:frontier_consolidation_fwcompact_medium_028682,companion,compact:frontier_consolidation_fwcompact_medium_028682,56,58,0.014160040766000748,1.7266141176223755,1.7124540768563747
D_R_43022,chck_80M,43022,R,actual_packet_source_repeat,8,packet:8:360:compact:frontier_consolidation_fwcompact_medium_018054,companion,compact:frontier_consolidation_fwcompact_medium_018054,50,52,0.009205399081110954,3.5175082683563232,3.5083028692752123
D_R_43022,chck_80M,43022,R,actual_packet_source_repeat,8,packet:8:361:compact:frontier_consolidation_fwcompact_medium_012442,companion,compact:frontier_consolidation_fwcompact_medium_012442,63,65,0.0012835367815569043,1.4162917137145996,1.4150081769330427
D_R_43022,chck_80M,43022,R,actual_packet_source_repeat,8,packet:8:362:compact:frontier_consolidation_fwcompact_medium_001274,companion,compact:frontier_consolidation_fwcompact_medium_001274,57,59,0.0023581574205309153,0.12690557539463043,0.12454741797409952
D_R_43022,chck_80M,43022,R,actual_packet_source_repeat,8,packet:8:363:compact:frontier_consolidation_fwcompact_medium_015639,companion,compact:frontier_consolidation_fwcompact_medium_015639,40,42,0.00639819260686636,11.626118659973145,11.619720467366278
D_R_43022,chck_80M,43022,R,actual_packet_source_repeat,8,packet:8:364:compact:frontier_consolidation_fwcompact_medium_008796,companion,compact:frontier_consolidation_fwcompact_medium_008796,55,57,0.00013064485392533243,4.589310169219971,4.589179524366045
D_R_43022,chck_80M,43022,R,actual_packet_source_repeat,8,packet:8:365:compact:frontier_consolidation_fwcompact_medium_035198,companion,compact:frontier_consolidation_fwcompact_medium_035198,41,43,0.11180815100669861,9.656173706054688,9.544365555047989
D_R_43022,chck_80M,43022,R,actual_packet_source_repeat,8,packet:8:366:compact:frontier_consolidation_fwcompact_medium_010231,companion,compact:frontier_consolidation_fwcompact_medium_010231,52,54,0.00315180909819901,4.156286239624023,4.153134430525824
D_R_43022,chck_80M,43022,R,actual_packet_source_repeat,8,packet:8:367:compact:frontier_consolidation_fwcompact_medium_013702,companion,compact:frontier_consolidation_fwcompact_medium_013702,46,48,0.0032670714426785707,2.9749767780303955,2.971709706587717
D_R_43022,chck_80M,43022,R,actual_packet_source_repeat,8,packet:8:368:compact:frontier_consolidation_fwcompact_medium_058711,companion,compact:frontier_consolidation_fwcompact_medium_058711,33,35,0.004198902752250433,6.904156684875488,6.899957782123238
D_R_43022,chck_80M,43022,R,actual_packet_source_repeat,8,packet:8:369:compact:frontier_consolidation_fwcompact_medium_004721,companion,compact:frontier_consolidation_fwcompact_medium_004721,30,32,0.0006716379430145025,3.846226692199707,3.8455550542566925
D_R_43022,chck_80M,43022,R,actual_packet_source_repeat,8,packet:8:36:compact:frontier_consolidation_fwcompact_medium_033994,companion,compact:frontier_consolidation_fwcompact_medium_033994,63,65,0.0007608617888763547,2.7644541263580322,2.763693264569156
D_R_43022,chck_80M,43022,R,actual_packet_source_repeat,8,packet:8:370:compact:frontier_consolidation_fwcompact_medium_018016,companion,compact:frontier_consolidation_fwcompact_medium_018016,46,48,0.02356673590838909,12.359176635742188,12.335609899833798
D_R_43022,chck_80M,43022,R,actual_packet_source_repeat,8,packet:8:371:compact:frontier_consolidation_fwcompact_medium_022813,companion,compact:frontier_consolidation_fwcompact_medium_022813,53,55,0.00874144583940506,1.631081461906433,1.622340016067028
D_R_43022,chck_80M,43022,R,actual_packet_source_repeat,8,packet:8:372:compact:frontier_consolidation_fwcompact_medium_044072,companion,compact:frontier_consolidation_fwcompact_medium_044072,58,60,0.004185607191175222,3.611884117126465,3.6076985099352896
D_R_43022,chck_80M,43022,R,actual_packet_source_repeat,8,packet:8:373:compact:frontier_consolidation_fwcompact_medium_020073,companion,compact:frontier_consolidation_fwcompact_medium_020073,33,35,0.1393004208803177,6.955803871154785,6.8165034502744675
D_R_43022,chck_80M,43022,R,actual_packet_source_repeat,8,packet:8:374:compact:frontier_consolidation_fwcompact_medium_026594,companion,compact:frontier_consolidation_fwcompact_medium_026594,65,67,0.005629281513392925,1.7266316413879395,1.7210023598745465
D_R_43022,chck_80M,43022,R,actual_packet_source_repeat,8,packet:8:375:compact:frontier_consolidation_fwcompact_medium_035992,companion,compact:frontier_consolidation_fwcompact_medium_035992,41,43,0.001026103738695383,2.0674328804016113,2.066406776662916
D_R_43022,chck_80M,43022,R,actual_packet_source_repeat,8,packet:8:376:compact:frontier_consolidation_fwcompact_medium_045033,companion,compact:frontier_consolidation_fwcompact_medium_045033,50,52,0.0028101024217903614,4.705889701843262,4.703079599421471
D_R_43022,chck_80M,43022,R,actual_packet_source_repeat,8,packet:8:377:compact:frontier_consolidation_fwcompact_medium_014053,companion,compact:frontier_consolidation_fwcompact_medium_014053,33,35,0.010750945657491684,5.493464469909668,5.482713524252176
D_R_43022,chck_80M,43022,R,actual_packet_source_repeat,8,packet:8:378:compact:frontier_consolidation_fwcompact_medium_045741,companion,compact:frontier_consolidation_fwcompact_medium_045741,54,56,0.0021664262749254704,0.3157583177089691,0.31359189143404365
D_R_43022,chck_80M,43022,R,actual_packet_source_repeat,8,packet:8:379:compact:frontier_consolidation_fwcompact_medium_001689,companion,compact:frontier_consolidation_fwcompact_medium_001689,42,44,0.011779631488025188,10.973150253295898,10.961370621807873
D_R_43022,chck_80M,43022,R,actual_packet_source_repeat,8,packet:8:37:compact:frontier_consolidation_fwcompact_medium_036342,companion,compact:frontier_consolidation_fwcompact_medium_036342,72,74,0.006528478115797043,4.0509257316589355,4.0443972535431385
D_R_43022,chck_80M,43022,R,actual_packet_source_repeat,8,packet:8:380:compact:frontier_consolidation_fwcompact_medium_016505,companion,compact:frontier_consolidation_fwcompact_medium_016505,52,54,0.013350262306630611,5.517206192016602,5.503855929709971
D_R_43022,chck_80M,43022,R,actual_packet_source_repeat,8,packet:8:381:compact:frontier_consolidation_fwcompact_medium_029421,companion,compact:frontier_consolidation_fwcompact_medium_029421,43,45,0.0007229813490994275,3.982485294342041,3.9817623129929416
D_R_43022,chck_80M,43022,R,actual_packet_source_repeat,8,packet:8:382:compact:frontier_consolidation_fwcompact_medium_013423,companion,compact:frontier_consolidation_fwcompact_medium_013423,29,31,0.010797292925417423,5.732422828674316,5.721625535748899
D_R_43022,chck_80M,43022,R,actual_packet_source_repeat,8,packet:8:383:compact:frontier_consolidation_fwcompact_medium_058010,companion,compact:frontier_consolidation_fwcompact_medium_058010,37,39,0.05141744390130043,2.1157703399658203,2.06435289606452
D_R_43022,chck_80M,43022,R,actual_packet_source_repeat,8,packet:8:384:compact:frontier_consolidation_fwcompact_medium_025354,companion,compact:frontier_consolidation_fwcompact_medium_025354,58,60,0.004552832338958979,1.8144394159317017,1.8098865835927427
D_R_43022,chck_80M,43022,R,actual_packet_source_repeat,8,packet:8:385:compact:frontier_consolidation_fwcompact_medium_004826,companion,compact:frontier_consolidation_fwcompact_medium_004826,50,52,0.006395586766302586,4.012735366821289,4.0063397800549865
D_R_43022,chck_80M,43022,R,actual_packet_source_repeat,8,packet:8:386:compact:frontier_consolidation_fwcompact_medium_020843,companion,compact:frontier_consolidation_fwcompact_medium_020843,45,47,0.00011240804451517761,0.18502934277057648,0.1849169347260613
D_R_43022,chck_80M,43022,R,actual_packet_source_repeat,8,packet:8:387:compact:frontier_consolidation_fwcompact_medium_049101,companion,compact:frontier_consolidation_fwcompact_medium_049101,46,48,0.005413396749645472,10.743276596069336,10.73786319931969
D_R_43022,chck_80M,43022,R,actual_packet_source_repeat,8,packet:8:388:compact:frontier_consolidation_fwcompact_medium_010250,companion,compact:frontier_consolidation_fwcompact_medium_010250,77,79,0.1300584226846695,1.6285977363586426,1.498539313673973
D_R_43022,chck_80M,43022,R,actual_packet_source_repeat,8,packet:8:389:compact:frontier_consolidation_fwcompact_medium_005126,companion,compact:frontier_consolidation_fwcompact_medium_005126,43,45,0.0076924762688577175,8.072521209716797,8.06482873344794
D_R_43022,chck_80M,43022,R,actual_packet_source_repeat,8,packet:8:38:compact:frontier_consolidation_fwcompact_medium_012555,companion,compact:frontier_consolidation_fwcompact_medium_012555,38,40,0.007386989891529083,3.074361801147461,3.066974811255932
D_R_43022,chck_80M,43022,R,actual_packet_source_repeat,8,packet:8:390:compact:frontier_consolidation_fwcompact_medium_005352,companion,compact:frontier_consolidation_fwcompact_medium_005352,43,45,0.0006510283565148711,0.652912974357605,0.6522619460010901
D_R_43022,chck_80M,43022,R,actual_packet_source_repeat,8,packet:8:391:compact:frontier_consolidation_fwcompact_medium_060829,companion,compact:frontier_consolidation_fwcompact_medium_060829,58,60,0.06568266451358795,3.869051456451416,3.803368791937828
D_R_43022,chck_80M,43022,R,actual_packet_source_repeat,8,packet:8:392:compact:frontier_consolidation_fwcompact_medium_030736,companion,compact:frontier_consolidation_fwcompact_medium_030736,56,58,0.008688622154295444,7.619158744812012,7.610470122657716
D_R_43022,chck_80M,43022,R,actual_packet_source_repeat,8,packet:8:393:compact:frontier_consolidation_fwcompact_medium_027535,companion,compact:frontier_consolidation_fwcompact_medium_027535,47,49,0.037214457988739014,1.1620745658874512,1.1248601078987122
D_R_43022,chck_80M,43022,R,actual_packet_source_repeat,8,packet:8:394:compact:frontier_consolidation_fwcompact_medium_006361,companion,compact:frontier_consolidation_fwcompact_medium_006361,30,32,0.007834776304662228,5.282660007476807,5.274825231172144
D_R_43022,chck_80M,43022,R,actual_packet_source_repeat,8,packet:8:395:compact:frontier_consolidation_fwcompact_medium_046370,companion,compact:frontier_consolidation_fwcompact_medium_046370,48,50,0.0029845954850316048,4.847395896911621,4.8444113014265895
D_R_43022,chck_80M,43022,R,actual_packet_source_repeat,8,packet:8:396:compact:frontier_consolidation_fwcompact_medium_044775,companion,compact:frontier_consolidation_fwcompact_medium_044775,35,37,0.00012015574611723423,0.009310989640653133,0.0091908338945359
D_R_43022,chck_80M,43022,R,actual_packet_source_repeat,8,packet:8:397:compact:frontier_consolidation_fwcompact_medium_014574,companion,compact:frontier_consolidation_fwcompact_medium_014574,68,70,0.014719577506184578,11.04698657989502,11.032267002388835
D_R_43022,chck_80M,43022,R,actual_packet_source_repeat,8,packet:8:398:compact:frontier_consolidation_fwcompact_medium_045780,companion,compact:frontier_consolidation_fwcompact_medium_045780,42,44,0.0029261175077408552,0.39892342686653137,0.3959973093587905
D_R_43022,chck_80M,43022,R,actual_packet_source_repeat,8,packet:8:399:compact:frontier_consolidation_fwcompact_medium_013435,companion,compact:frontier_consolidation_fwcompact_medium_013435,117,119,0.013232508674263954,8.632861137390137,8.619628628715873
D_R_43022,chck_80M,43022,R,actual_packet_source_repeat,8,packet:8:39:compact:frontier_consolidation_fwcompact_medium_058902,companion,compact:frontier_consolidation_fwcompact_medium_058902,32,34,0.00038556772051379085,1.324763298034668,1.3243777303141542
D_R_43022,chck_80M,43022,R,actual_packet_source_repeat,8,packet:8:3:compact:frontier_consolidation_fwcompact_medium_031347,companion,compact:frontier_consolidation_fwcompact_medium_031347,43,45,0.023511545732617378,8.138140678405762,8.114629132673144
D_R_43022,chck_80M,43022,R,actual_packet_source_repeat,8,packet:8:400:compact:frontier_consolidation_fwcompact_medium_060988,companion,compact:frontier_consolidation_fwcompact_medium_060988,57,59,0.05140306055545807,10.00309944152832,9.951696380972862
D_R_43022,chck_80M,43022,R,actual_packet_source_repeat,8,packet:8:401:compact:frontier_consolidation_fwcompact_medium_003873,companion,compact:frontier_consolidation_fwcompact_medium_003873,57,59,0.012106980197131634,4.846681594848633,4.834574614651501
D_R_43022,chck_80M,43022,R,actual_packet_source_repeat,8,packet:8:402:compact:frontier_consolidation_fwcompact_medium_029841,companion,compact:frontier_consolidation_fwcompact_medium_029841,68,70,0.02234519273042679,8.499868392944336,8.47752320021391
D_R_43022,chck_80M,43022,R,actual_packet_source_repeat,8,packet:8:403:compact:frontier_consolidation_fwcompact_medium_044882,companion,compact:frontier_consolidation_fwcompact_medium_044882,39,41,0.014022517018020153,0.07544299215078354,0.061420475132763386
D_R_43022,chck_80M,43022,R,actual_packet_source_repeat,8,packet:8:404:compact:frontier_consolidation_fwcompact_medium_003049,companion,compact:frontier_consolidation_fwcompact_medium_003049,63,65,0.00692432327196002,6.217900276184082,6.210975952912122
D_R_43022,chck_80M,43022,R,actual_packet_source_repeat,8,packet:8:405:compact:frontier_consolidation_fwcompact_medium_037657,companion,compact:frontier_consolidation_fwcompact_medium_037657,64,66,0.009886938147246838,1.965602993965149,1.955716055817902
D_R_43022,chck_80M,43022,R,actual_packet_source_repeat,8,packet:8:406:compact:frontier_consolidation_fwcompact_medium_007709,companion,compact:frontier_consolidation_fwcompact_medium_007709,53,55,0.02243693359196186,2.567826509475708,2.545389575883746
D_R_43022,chck_80M,43022,R,actual_packet_source_repeat,8,packet:8:407:compact:frontier_consolidation_fwcompact_medium_008547,companion,compact:frontier_consolidation_fwcompact_medium_008547,58,60,0.004109272733330727,4.693543910980225,4.689434638246894
D_R_43022,chck_80M,43022,R,actual_packet_source_repeat,8,packet:8:408:compact:frontier_consolidation_fwcompact_medium_050741,companion,compact:frontier_consolidation_fwcompact_medium_050741,44,46,0.007386161480098963,4.755087852478027,4.747701690997928
D_R_43022,chck_80M,43022,R,actual_packet_source_repeat,8,packet:8:409:compact:frontier_consolidation_fwcompact_medium_033088,companion,compact:frontier_consolidation_fwcompact_medium_033088,49,51,0.0007363230688497424,5.909183502197266,5.908447179128416
D_R_43022,chck_80M,43022,R,actual_packet_source_repeat,8,packet:8:40:compact:frontier_consolidation_fwcompact_medium_029882,companion,compact:frontier_consolidation_fwcompact_medium_029882,50,52,0.010207591578364372,10.51939582824707,10.509188236668706
D_R_43022,chck_80M,43022,R,actual_packet_source_repeat,8,packet:8:410:compact:frontier_consolidation_fwcompact_medium_003658,companion,compact:frontier_consolidation_fwcompact_medium_003658,39,41,0.003032492473721504,0.4127190113067627,0.4096865188330412
D_R_43022,chck_80M,43022,R,actual_packet_source_repeat,8,packet:8:411:compact:frontier_consolidation_fwcompact_medium_021466,companion,compact:frontier_consolidation_fwcompact_medium_021466,35,37,0.0005025792634114623,2.5218677520751953,2.521365172811784
D_R_43022,chck_80M,43022,R,actual_packet_source_repeat,8,packet:8:412:compact:frontier_consolidation_fwcompact_medium_009414,companion,compact:frontier_consolidation_fwcompact_medium_009414,69,71,0.0007370378007180989,3.4083805084228516,3.4076434706221335
D_R_43022,chck_80M,43022,R,actual_packet_source_repeat,8,packet:8:413:compact:frontier_consolidation_fwcompact_medium_060331,companion,compact:frontier_consolidation_fwcompact_medium_060331,68,70,0.010599270462989807,10.848520278930664,10.837921008467674
D_R_43022,chck_80M,43022,R,actual_packet_source_repeat,8,packet:8:414:compact:frontier_consolidation_fwcompact_medium_041247,companion,compact:frontier_consolidation_fwcompact_medium_041247,44,46,0.009577162563800812,6.639740467071533,6.630163304507732
D_R_43022,chck_80M,43022,R,actual_packet_source_repeat,8,packet:8:415:compact:frontier_consolidation_fwcompact_medium_057173,companion,compact:frontier_consolidation_fwcompact_medium_057173,53,55,0.030883897095918655,7.256217956542969,7.22533405944705
D_R_43022,chck_80M,43022,R,actual_packet_source_repeat,8,packet:8:416:compact:frontier_consolidation_fwcompact_medium_057504,companion,compact:frontier_consolidation_fwcompact_medium_057504,27,29,0.010897763073444366,7.122714996337891,7.111817233264446
D_R_43022,chck_80M,43022,R,actual_packet_source_repeat,8,packet:8:417:compact:frontier_consolidation_fwcompact_medium_008704,companion,compact:frontier_consolidation_fwcompact_medium_008704,47,49,0.0008559139096178114,0.2012115716934204,0.2003556577838026
D_R_43022,chck_80M,43022,R,actual_packet_source_repeat,8,packet:8:418:compact:frontier_consolidation_fwcompact_medium_022612,companion,compact:frontier_consolidation_fwcompact_medium_022612,43,45,0.03938239812850952,3.125767946243286,3.0863855481147766
D_R_43022,chck_80M,43022,R,actual_packet_source_repeat,8,packet:8:419:compact:frontier_consolidation_fwcompact_medium_001909,companion,compact:frontier_consolidation_fwcompact_medium_001909,83,85,0.0029855461325496435,14.709698677062988,14.706713130930439
D_R_43022,chck_80M,43022,R,actual_packet_source_repeat,8,packet:8:41:compact:frontier_consolidation_fwcompact_medium_014159,companion,compact:frontier_consolidation_fwcompact_medium_014159,50,52,0.0012728216825053096,0.6642775535583496,0.6630047318758443
D_R_43022,chck_80M,43022,R,actual_packet_source_repeat,8,packet:8:420:compact:frontier_consolidation_fwcompact_medium_043853,companion,compact:frontier_consolidation_fwcompact_medium_043853,58,60,0.008203738369047642,4.647884845733643,4.639681107364595
D_R_43022,chck_80M,43022,R,actual_packet_source_repeat,8,packet:8:421:compact:frontier_consolidation_fwcompact_medium_029047,companion,compact:frontier_consolidation_fwcompact_medium_029047,65,67,0.011713064275681973,7.406202793121338,7.394489728845656
D_R_43022,chck_80M,43022,R,actual_packet_source_repeat,8,packet:8:422:compact:frontier_consolidation_fwcompact_medium_017045,companion,compact:frontier_consolidation_fwcompact_medium_017045,44,46,0.019931510090827942,1.621586561203003,1.601655051112175
D_R_43022,chck_80M,43022,R,actual_packet_source_repeat,8,packet:8:423:compact:frontier_consolidation_fwcompact_medium_059980,companion,compact:frontier_consolidation_fwcompact_medium_059980,53,55,0.0016959820641204715,6.102591037750244,6.100895055686124
D_R_43022,chck_80M,43022,R,actual_packet_source_repeat,8,packet:8:424:compact:frontier_consolidation_fwcompact_medium_031536,companion,compact:frontier_consolidation_fwcompact_medium_031536,56,58,0.004117345437407494,1.2603614330291748,1.2562440875917673
D_R_43022,chck_80M,43022,R,actual_packet_source_repeat,8,packet:8:425:compact:frontier_consolidation_fwcompact_medium_047996,companion,compact:frontier_consolidation_fwcompact_medium_047996,68,70,0.00970325618982315,12.253508567810059,12.243805311620235
D_R_43022,chck_80M,43022,R,actual_packet_source_repeat,8,packet:8:426:compact:frontier_consolidation_fwcompact_medium_016016,companion,compact:frontier_consolidation_fwcompact_medium_016016,22,24,0.00625687325373292,3.338547468185425,3.332290594931692
D_R_43022,chck_80M,43022,R,actual_packet_source_repeat,8,packet:8:427:compact:frontier_consolidation_fwcompact_medium_045194,companion,compact:frontier_consolidation_fwcompact_medium_045194,39,41,0.028821950778365135,7.210533618927002,7.181711668148637
D_R_43022,chck_80M,43022,R,actual_packet_source_repeat,8,packet:8:428:compact:frontier_consolidation_fwcompact_medium_024230,companion,compact:frontier_consolidation_fwcompact_medium_024230,35,37,0.0004508670826908201,0.04880192503333092,0.0483510579506401
D_R_43022,chck_80M,43022,R,actual_packet_source_repeat,8,packet:8:429:compact:frontier_consolidation_fwcompact_medium_046872,companion,compact:frontier_consolidation_fwcompact_medium_046872,37,39,0.012299523688852787,6.257439613342285,6.245140089653432
D_R_43022,chck_80M,43022,R,actual_packet_source_repeat,8,packet:8:42:compact:frontier_consolidation_fwcompact_medium_004538,companion,compact:frontier_consolidation_fwcompact_medium_004538,47,49,0.0292142815887928,4.946059703826904,4.9168454222381115
D_R_43022,chck_80M,43022,R,actual_packet_source_repeat,8,packet:8:430:compact:frontier_consolidation_fwcompact_medium_053244,companion,compact:frontier_consolidation_fwcompact_medium_053244,86,88,0.008580128662288189,3.893695831298828,3.88511570263654
D_R_43022,chck_80M,43022,R,actual_packet_source_repeat,8,packet:8:431:compact:frontier_consolidation_fwcompact_medium_005010,companion,compact:frontier_consolidation_fwcompact_medium_005010,29,31,0.005744732916355133,9.507047653198242,9.501302920281887
D_R_43022,chck_80M,43022,R,actual_packet_source_repeat,8,packet:8:432:compact:frontier_consolidation_fwcompact_medium_044582,companion,compact:frontier_consolidation_fwcompact_medium_044582,49,51,0.002083513652905822,0.04518817365169525,0.04310465999878943
D_R_43022,chck_80M,43022,R,actual_packet_source_repeat,8,packet:8:433:compact:frontier_consolidation_fwcompact_medium_059884,companion,compact:frontier_consolidation_fwcompact_medium_059884,69,71,0.003210867755115032,0.4651505947113037,0.4619397269561887
D_R_43022,chck_80M,43022,R,actual_packet_source_repeat,8,packet:8:434:compact:frontier_consolidation_fwcompact_medium_046804,companion,compact:frontier_consolidation_fwcompact_medium_046804,63,65,0.0007969540893100202,1.5931352376937866,1.5923382836044766
D_R_43022,chck_80M,43022,R,actual_packet_source_repeat,8,packet:8:435:compact:frontier_consolidation_fwcompact_medium_045841,companion,compact:frontier_consolidation_fwcompact_medium_045841,52,54,0.005589332897216082,9.125175476074219,9.119586143177003
D_R_43022,chck_80M,43022,R,actual_packet_source_repeat,8,packet:8:436:compact:frontier_consolidation_fwcompact_medium_048407,companion,compact:frontier_consolidation_fwcompact_medium_048407,45,47,0.008983196690678596,2.101809024810791,2.0928258281201124
D_R_43022,chck_80M,43022,R,actual_packet_source_repeat,8,packet:8:437:compact:frontier_consolidation_fwcompact_medium_037837,companion,compact:frontier_consolidation_fwcompact_medium_037837,62,64,0.003446949413046241,4.006529808044434,4.003082858631387
D_R_43022,chck_80M,43022,R,actual_packet_source_repeat,8,packet:8:438:compact:frontier_consolidation_fwcompact_medium_010883,companion,compact:frontier_consolidation_fwcompact_medium_010883,60,62,0.1350616067647934,6.536856651306152,6.401795044541359
D_R_43022,chck_80M,43022,R,actual_packet_source_repeat,8,packet:8:439:compact:frontier_consolidation_fwcompact_medium_028668,companion,compact:frontier_consolidation_fwcompact_medium_028668,48,50,0.004701868165284395,1.1119862794876099,1.1072844113223255
D_R_43022,chck_80M,43022,R,actual_packet_source_repeat,8,packet:8:43:compact:frontier_consolidation_fwcompact_medium_035378,companion,compact:frontier_consolidation_fwcompact_medium_035378,43,45,0.00183271209243685,3.467506170272827,3.4656734581803903
D_R_43022,chck_80M,43022,R,actual_packet_source_repeat,8,packet:8:440:compact:frontier_consolidation_fwcompact_medium_001116,companion,compact:frontier_consolidation_fwcompact_medium_001116,52,54,0.10261300206184387,9.095396041870117,8.992783039808273
D_R_43022,chck_80M,43022,R,actual_packet_source_repeat,8,packet:8:441:compact:frontier_consolidation_fwcompact_medium_009382,companion,compact:frontier_consolidation_fwcompact_medium_009382,66,68,0.004946968983858824,7.173496246337891,7.168549277354032
D_R_43022,chck_80M,43022,R,actual_packet_source_repeat,8,packet:8:442:compact:frontier_consolidation_fwcompact_medium_007493,companion,compact:frontier_consolidation_fwcompact_medium_007493,46,48,0.11572872847318649,3.6787219047546387,3.562993176281452
D_R_43022,chck_80M,43022,R,actual_packet_source_repeat,8,packet:8:443:compact:frontier_consolidation_fwcompact_medium_049479,companion,compact:frontier_consolidation_fwcompact_medium_049479,43,45,0.004843170288950205,2.5615758895874023,2.556732719298452
D_R_43022,chck_80M,43022,R,actual_packet_source_repeat,8,packet:8:444:compact:frontier_consolidation_fwcompact_medium_057676,companion,compact:frontier_consolidation_fwcompact_medium_057676,29,31,0.005002007819712162,3.482760190963745,3.477758183144033
D_R_43022,chck_80M,43022,R,actual_packet_source_repeat,8,packet:8:445:compact:frontier_consolidation_fwcompact_medium_037437,companion,compact:frontier_consolidation_fwcompact_medium_037437,48,50,0.025530308485031128,4.971128940582275,4.945598632097244
D_R_43022,chck_80M,43022,R,actual_packet_source_repeat,8,packet:8:446:compact:frontier_consolidation_fwcompact_medium_052294,companion,compact:frontier_consolidation_fwcompact_medium_052294,54,56,0.016925061121582985,3.6287853717803955,3.6118603106588125
D_R_43022,chck_80M,43022,R,actual_packet_source_repeat,8,packet:8:447:compact:frontier_consolidation_fwcompact_medium_002958,companion,compact:frontier_consolidation_fwcompact_medium_002958,47,49,0.0016006527002900839,0.11020275950431824,0.10860210680402815
D_R_43022,chck_80M,43022,R,actual_packet_source_repeat,8,packet:8:448:compact:frontier_consolidation_fwcompact_medium_014793,companion,compact:frontier_consolidation_fwcompact_medium_014793,45,47,0.24783122539520264,6.153276443481445,5.905445218086243
D_R_43022,chck_80M,43022,R,actual_packet_source_repeat,8,packet:8:449:compact:frontier_consolidation_fwcompact_medium_022531,companion,compact:frontier_consolidation_fwcompact_medium_022531,47,49,0.1435829997062683,6.306900501251221,6.163317501544952
D_R_43022,chck_80M,43022,R,actual_packet_source_repeat,8,packet:8:44:compact:frontier_consolidation_fwcompact_medium_043222,companion,compact:frontier_consolidation_fwcompact_medium_043222,39,41,0.018907202407717705,6.882955551147461,6.864048348739743
D_R_43022,chck_80M,43022,R,actual_packet_source_repeat,8,packet:8:450:compact:frontier_consolidation_fwcompact_medium_057221,companion,compact:frontier_consolidation_fwcompact_medium_057221,70,72,0.00767768919467926,7.286413669586182,7.278735980391502
D_R_43022,chck_80M,43022,R,actual_packet_source_repeat,8,packet:8:451:compact:frontier_consolidation_fwcompact_medium_060354,companion,compact:frontier_consolidation_fwcompact_medium_060354,44,46,0.007315041497349739,5.739866256713867,5.7325512152165174
D_R_43022,chck_80M,43022,R,actual_packet_source_repeat,8,packet:8:452:compact:frontier_consolidation_fwcompact_medium_054533,companion,compact:frontier_consolidation_fwcompact_medium_054533,36,38,0.013393430970609188,8.87488842010498,8.861494989134371
D_R_43022,chck_80M,43022,R,actual_packet_source_repeat,8,packet:8:453:compact:frontier_consolidation_fwcompact_medium_033610,companion,compact:frontier_consolidation_fwcompact_medium_033610,53,55,0.00889434851706028,8.467209815979004,8.458315467461944
D_R_43022,chck_80M,43022,R,actual_packet_source_repeat,8,packet:8:454:compact:frontier_consolidation_fwcompact_medium_011941,companion,compact:frontier_consolidation_fwcompact_medium_011941,39,41,0.003373529063537717,6.311354160308838,6.3079806312453
D_R_43022,chck_80M,43022,R,actual_packet_source_repeat,8,packet:8:455:compact:frontier_consolidation_fwcompact_medium_023699,companion,compact:frontier_consolidation_fwcompact_medium_023699,39,41,0.0012669878778979182,4.892175674438477,4.890908686560579
D_R_43022,chck_80M,43022,R,actual_packet_source_repeat,8,packet:8:456:compact:frontier_consolidation_fwcompact_medium_038833,companion,compact:frontier_consolidation_fwcompact_medium_038833,40,42,0.004628065042197704,4.243171691894531,4.2385436268523335
D_R_43022,chck_80M,43022,R,actual_packet_source_repeat,8,packet:8:457:compact:frontier_consolidation_fwcompact_medium_046503,companion,compact:frontier_consolidation_fwcompact_medium_046503,45,47,0.027764512225985527,4.7204484939575195,4.692683981731534
D_R_43022,chck_80M,43022,R,actual_packet_source_repeat,8,packet:8:458:compact:frontier_consolidation_fwcompact_medium_014345,companion,compact:frontier_consolidation_fwcompact_medium_014345,31,33,0.0006347072194330394,0.6278737187385559,0.6272390115191229
D_R_43022,chck_80M,43022,R,actual_packet_source_repeat,8,packet:8:459:compact:frontier_consolidation_fwcompact_medium_051468,companion,compact:frontier_consolidation_fwcompact_medium_051468,53,55,0.015271286480128765,8.43335247039795,8.41808118391782
D_R_43022,chck_80M,43022,R,actual_packet_source_repeat,8,packet:8:45:compact:frontier_consolidation_fwcompact_medium_053969,companion,compact:frontier_consolidation_fwcompact_medium_053969,95,97,0.00017617580306250602,0.5698033571243286,0.5696271813212661
D_R_43022,chck_80M,43022,R,actual_packet_source_repeat,8,packet:8:460:compact:frontier_consolidation_fwcompact_medium_019070,companion,compact:frontier_consolidation_fwcompact_medium_019070,47,49,0.003890921827405691,2.4512124061584473,2.4473214843310416
D_R_43022,chck_80M,43022,R,actual_packet_source_repeat,8,packet:8:461:compact:frontier_consolidation_fwcompact_medium_050279,companion,compact:frontier_consolidation_fwcompact_medium_050279,51,53,0.034351520240306854,1.4046361446380615,1.3702846243977547
D_R_43022,chck_80M,43022,R,actual_packet_source_repeat,8,packet:8:462:compact:frontier_consolidation_fwcompact_medium_000476,companion,compact:frontier_consolidation_fwcompact_medium_000476,53,55,0.0005822870298288763,0.003234870731830597,0.0026525837020017207
D_R_43022,chck_80M,43022,R,actual_packet_source_repeat,8,packet:8:463:compact:frontier_consolidation_fwcompact_medium_055254,companion,compact:frontier_consolidation_fwcompact_medium_055254,55,57,0.15248015522956848,5.60029411315918,5.447813957929611
D_R_43022,chck_80M,43022,R,actual_packet_source_repeat,8,packet:8:464:compact:frontier_consolidation_fwcompact_medium_015431,companion,compact:frontier_consolidation_fwcompact_medium_015431,45,47,0.011942317709326744,7.66630220413208,7.654359886422753
D_R_43022,chck_80M,43022,R,actual_packet_source_repeat,8,packet:8:465:compact:frontier_consolidation_fwcompact_medium_057600,companion,compact:frontier_consolidation_fwcompact_medium_057600,49,51,0.0048990449868142605,0.40171530842781067,0.3968162634409964
D_R_43022,chck_80M,43022,R,actual_packet_source_repeat,8,packet:8:466:compact:frontier_consolidation_fwcompact_medium_014130,companion,compact:frontier_consolidation_fwcompact_medium_014130,40,42,0.004331255331635475,8.04435920715332,8.040027951821685
D_R_43022,chck_80M,43022,R,actual_packet_source_repeat,8,packet:8:467:compact:frontier_consolidation_fwcompact_medium_035695,companion,compact:frontier_consolidation_fwcompact_medium_035695,64,66,0.0034957746975123882,2.079746961593628,2.0762511868961155
D_R_43022,chck_80M,43022,R,actual_packet_source_repeat,8,packet:8:468:compact:frontier_consolidation_fwcompact_medium_014451,companion,compact:frontier_consolidation_fwcompact_medium_014451,44,46,0.007740858010947704,14.258223533630371,14.250482675619423
D_R_43022,chck_80M,43022,R,actual_packet_source_repeat,8,packet:8:469:compact:frontier_consolidation_fwcompact_medium_027628,companion,compact:frontier_consolidation_fwcompact_medium_027628,83,85,0.015601133927702904,8.867826461791992,8.85222532786429
D_R_43022,chck_80M,43022,R,actual_packet_source_repeat,8,packet:8:46:compact:frontier_consolidation_fwcompact_medium_014753,companion,compact:frontier_consolidation_fwcompact_medium_014753,38,40,0.006721861660480499,11.10990047454834,11.10317861288786
D_R_43022,chck_80M,43022,R,actual_packet_source_repeat,8,packet:8:470:compact:frontier_consolidation_fwcompact_medium_060623,companion,compact:frontier_consolidation_fwcompact_medium_060623,59,61,0.08402658253908157,10.073582649230957,9.989556066691875
D_R_43022,chck_80M,43022,R,actual_packet_source_repeat,8,packet:8:471:compact:frontier_consolidation_fwcompact_medium_020302,companion,compact:frontier_consolidation_fwcompact_medium_020302,52,54,0.0017228773795068264,0.24433764815330505,0.24261477077379823
D_R_43022,chck_80M,43022,R,actual_packet_source_repeat,8,packet:8:472:compact:frontier_consolidation_fwcompact_medium_035549,companion,compact:frontier_consolidation_fwcompact_medium_035549,35,37,0.011443335562944412,11.217336654663086,11.205893319100142
D_R_43022,chck_80M,43022,R,actual_packet_source_repeat,8,packet:8:473:compact:frontier_consolidation_fwcompact_medium_045379,companion,compact:frontier_consolidation_fwcompact_medium_045379,22,24,0.0005072260973975062,0.1467500627040863,0.1462428366066888
D_R_43022,chck_80M,43022,R,actual_packet_source_repeat,8,packet:8:474:compact:frontier_consolidation_fwcompact_medium_029573,companion,compact:frontier_consolidation_fwcompact_medium_029573,60,62,0.0012322221882641315,0.8451207876205444,0.8438885654322803
D_R_43022,chck_80M,43022,R,actual_packet_source_repeat,8,packet:8:475:compact:frontier_consolidation_fwcompact_medium_016483,companion,compact:frontier_consolidation_fwcompact_medium_016483,47,49,0.034675367176532745,3.5564961433410645,3.5218207761645317
D_R_43022,chck_80M,43022,R,actual_packet_source_repeat,8,packet:8:476:compact:frontier_consolidation_fwcompact_medium_044519,companion,compact:frontier_consolidation_fwcompact_medium_044519,67,69,0.005718893837183714,11.706043243408203,11.70032434957102
D_R_43022,chck_80M,43022,R,actual_packet_source_repeat,8,packet:8:477:compact:frontier_consolidation_fwcompact_medium_008737,companion,compact:frontier_consolidation_fwcompact_medium_008737,57,59,0.011405267752707005,6.524002552032471,6.512597284279764
D_R_43022,chck_80M,43022,R,actual_packet_source_repeat,8,packet:8:478:compact:frontier_consolidation_fwcompact_medium_033249,companion,compact:frontier_consolidation_fwcompact_medium_033249,44,46,0.00999045092612505,5.2957987785339355,5.2858083276078105
D_R_43022,chck_80M,43022,R,actual_packet_source_repeat,8,packet:8:479:compact:frontier_consolidation_fwcompact_medium_027271,companion,compact:frontier_consolidation_fwcompact_medium_027271,51,53,0.024672003462910652,10.57561206817627,10.550940064713359
D_R_43022,chck_80M,43022,R,actual_packet_source_repeat,8,packet:8:47:compact:frontier_consolidation_fwcompact_medium_010090,companion,compact:frontier_consolidation_fwcompact_medium_010090,67,69,0.009656268171966076,8.79153060913086,8.781874340958893
D_R_43022,chck_80M,43022,R,actual_packet_source_repeat,8,packet:8:480:compact:frontier_consolidation_fwcompact_medium_051950,companion,compact:frontier_consolidation_fwcompact_medium_051950,49,51,0.008802538737654686,5.525325775146484,5.51652323640883
D_R_43022,chck_80M,43022,R,actual_packet_source_repeat,8,packet:8:481:compact:frontier_consolidation_fwcompact_medium_023879,companion,compact:frontier_consolidation_fwcompact_medium_023879,34,36,0.31567052006721497,7.091063022613525,6.77539250254631
D_R_43022,chck_80M,43022,R,actual_packet_source_repeat,8,packet:8:482:compact:frontier_consolidation_fwcompact_medium_058698,companion,compact:frontier_consolidation_fwcompact_medium_058698,45,47,0.003947087563574314,6.474148750305176,6.4702016627416015
D_R_43022,chck_80M,43022,R,actual_packet_source_repeat,8,packet:8:483:compact:frontier_consolidation_fwcompact_medium_049284,companion,compact:frontier_consolidation_fwcompact_medium_049284,39,41,0.003508960595354438,5.214170455932617,5.210661495337263
D_R_43022,chck_80M,43022,R,actual_packet_source_repeat,8,packet:8:484:compact:frontier_consolidation_fwcompact_medium_043097,companion,compact:frontier_consolidation_fwcompact_medium_043097,52,54,0.007776344660669565,5.732206344604492,5.724429999943823
D_R_43022,chck_80M,43022,R,actual_packet_source_repeat,8,packet:8:485:compact:frontier_consolidation_fwcompact_medium_047881,companion,compact:frontier_consolidation_fwcompact_medium_047881,39,41,0.0084308423101902,6.289193153381348,6.2807623110711575
D_R_43022,chck_80M,43022,R,actual_packet_source_repeat,8,packet:8:486:compact:frontier_consolidation_fwcompact_medium_019681,companion,compact:frontier_consolidation_fwcompact_medium_019681,70,72,0.007881495170295238,5.049540996551514,5.041659501381218
D_R_43022,chck_80M,43022,R,actual_packet_source_repeat,8,packet:8:487:compact:frontier_consolidation_fwcompact_medium_043479,companion,compact:frontier_consolidation_fwcompact_medium_043479,36,38,0.0006836699321866035,0.27028796076774597,0.26960429083555937
D_R_43022,chck_80M,43022,R,actual_packet_source_repeat,8,packet:8:488:compact:frontier_consolidation_fwcompact_medium_002500,companion,compact:frontier_consolidation_fwcompact_medium_002500,32,34,0.05267050489783287,9.025177955627441,8.972507450729609
D_R_43022,chck_80M,43022,R,actual_packet_source_repeat,8,packet:8:489:compact:frontier_consolidation_fwcompact_medium_059266,companion,compact:frontier_consolidation_fwcompact_medium_059266,46,48,0.011371324770152569,7.545965671539307,7.534594346769154
D_R_43022,chck_80M,43022,R,actual_packet_source_repeat,8,packet:8:48:compact:frontier_consolidation_fwcompact_medium_050259,companion,compact:frontier_consolidation_fwcompact_medium_050259,55,57,0.00029130507027730346,1.7810217142105103,1.780730409140233
D_R_43022,chck_80M,43022,R,actual_packet_source_repeat,8,packet:8:490:compact:frontier_consolidation_fwcompact_medium_006019,companion,compact:frontier_consolidation_fwcompact_medium_006019,44,46,0.0016719423001632094,3.2245633602142334,3.22289141791407
D_R_43022,chck_80M,43022,R,actual_packet_source_repeat,8,packet:8:491:compact:frontier_consolidation_fwcompact_medium_016096,companion,compact:frontier_consolidation_fwcompact_medium_016096,50,52,0.012710747309029102,6.639956474304199,6.62724572699517
D_R_43022,chck_80M,43022,R,actual_packet_source_repeat,8,packet:8:492:compact:frontier_consolidation_fwcompact_medium_031515,companion,compact:frontier_consolidation_fwcompact_medium_031515,66,68,0.000645429186988622,3.4857099056243896,3.485064476437401
D_R_43022,chck_80M,43022,R,actual_packet_source_repeat,8,packet:8:493:compact:frontier_consolidation_fwcompact_medium_016905,companion,compact:frontier_consolidation_fwcompact_medium_016905,40,42,0.015818819403648376,1.1320902109146118,1.1162713915109634
D_R_43022,chck_80M,43022,R,actual_packet_source_repeat,8,packet:8:494:compact:frontier_consolidation_fwcompact_medium_052498,companion,compact:frontier_consolidation_fwcompact_medium_052498,63,65,0.009022773243486881,1.2981219291687012,1.2890991559252143
D_R_43022,chck_80M,43022,R,actual_packet_source_repeat,8,packet:8:495:compact:frontier_consolidation_fwcompact_medium_002894,companion,compact:frontier_consolidation_fwcompact_medium_002894,41,43,0.01755579560995102,7.882781982421875,7.865226186811924
D_R_43022,chck_80M,43022,R,actual_packet_source_repeat,8,packet:8:496:compact:frontier_consolidation_fwcompact_medium_031501,companion,compact:frontier_consolidation_fwcompact_medium_031501,46,48,0.00992529932409525,11.35973072052002,11.349805421195924
D_R_43022,chck_80M,43022,R,actual_packet_source_repeat,8,packet:8:497:compact:frontier_consolidation_fwcompact_medium_057822,companion,compact:frontier_consolidation_fwcompact_medium_057822,76,78,0.03471440076828003,4.029288291931152,3.9945738911628723
D_R_43022,chck_80M,43022,R,actual_packet_source_repeat,8,packet:8:498:compact:frontier_consolidation_fwcompact_medium_043691,companion,compact:frontier_consolidation_fwcompact_medium_043691,67,69,0.006417499855160713,8.125541687011719,8.119124187156558
D_R_43022,chck_80M,43022,R,actual_packet_source_repeat,8,packet:8:499:compact:frontier_consolidation_fwcompact_medium_024113,companion,compact:frontier_consolidation_fwcompact_medium_024113,39,41,0.0645713210105896,9.140803337097168,9.076232016086578
D_R_43022,chck_80M,43022,R,actual_packet_source_repeat,8,packet:8:49:compact:frontier_consolidation_fwcompact_medium_011883,companion,compact:frontier_consolidation_fwcompact_medium_011883,59,61,0.0010189585154876113,3.9908831119537354,3.9898641534382477
D_R_43022,chck_80M,43022,R,actual_packet_source_repeat,8,packet:8:4:compact:frontier_consolidation_fwcompact_medium_015071,companion,compact:frontier_consolidation_fwcompact_medium_015071,54,56,0.003726207185536623,11.553262710571289,11.549536503385752
D_R_43022,chck_80M,43022,R,actual_packet_source_repeat,8,packet:8:500:compact:frontier_consolidation_fwcompact_medium_043873,companion,compact:frontier_consolidation_fwcompact_medium_043873,46,48,0.0021570289973169565,0.03725810348987579,0.03510107449255884
D_R_43022,chck_80M,43022,R,actual_packet_source_repeat,8,packet:8:501:compact:frontier_consolidation_fwcompact_medium_060673,companion,compact:frontier_consolidation_fwcompact_medium_060673,42,44,0.001212814822793007,2.304018020629883,2.30280520580709
D_R_43022,chck_80M,43022,R,actual_packet_source_repeat,8,packet:8:502:compact:frontier_consolidation_fwcompact_medium_024118,companion,compact:frontier_consolidation_fwcompact_medium_024118,37,39,0.002656147815287113,4.36203145980835,4.3593753119930625
D_R_43022,chck_80M,43022,R,actual_packet_source_repeat,8,packet:8:503:compact:frontier_consolidation_fwcompact_medium_060772,companion,compact:frontier_consolidation_fwcompact_medium_060772,46,48,0.10207773745059967,9.083475112915039,8.98139737546444
D_R_43022,chck_80M,43022,R,actual_packet_source_repeat,8,packet:8:504:compact:frontier_consolidation_fwcompact_medium_055097,companion,compact:frontier_consolidation_fwcompact_medium_055097,44,46,0.005371068138629198,6.440554618835449,6.43518355069682
D_R_43022,chck_80M,43022,R,actual_packet_source_repeat,8,packet:8:505:compact:frontier_consolidation_fwcompact_medium_049422,companion,compact:frontier_consolidation_fwcompact_medium_049422,42,44,0.0006000387365929782,0.6082388162612915,0.6076387775246985
D_R_43022,chck_80M,43022,R,actual_packet_source_repeat,8,packet:8:506:compact:frontier_consolidation_fwcompact_medium_029613,companion,compact:frontier_consolidation_fwcompact_medium_029613,44,46,0.018260933458805084,13.60974407196045,13.591483138501644
D_R_43022,chck_80M,43022,R,actual_packet_source_repeat,8,packet:8:507:compact:frontier_consolidation_fwcompact_medium_052723,companion,compact:frontier_consolidation_fwcompact_medium_052723,72,74,0.0031755755189806223,8.415078163146973,8.411902587627992
D_R_43022,chck_80M,43022,R,actual_packet_source_repeat,8,packet:8:508:compact:frontier_consolidation_fwcompact_medium_034972,companion,compact:frontier_consolidation_fwcompact_medium_034972,114,116,0.00037674958002753556,2.13504695892334,2.1346702093433123
D_R_43022,chck_80M,43022,R,actual_packet_source_repeat,8,packet:8:509:compact:frontier_consolidation_fwcompact_medium_056967,companion,compact:frontier_consolidation_fwcompact_medium_056967,75,77,0.005422763526439667,12.868348121643066,12.862925358116627
D_R_43022,chck_80M,43022,R,actual_packet_source_repeat,8,packet:8:50:compact:frontier_consolidation_fwcompact_medium_056870,companion,compact:frontier_consolidation_fwcompact_medium_056870,50,52,0.0013259199913591146,0.1578434258699417,0.1565175058785826
D_R_43022,chck_80M,43022,R,actual_packet_source_repeat,8,packet:8:510:compact:frontier_consolidation_fwcompact_medium_053815,companion,compact:frontier_consolidation_fwcompact_medium_053815,59,61,0.015435519628226757,11.732702255249023,11.717266735620797
D_R_43022,chck_80M,43022,R,actual_packet_source_repeat,8,packet:8:511:compact:frontier_consolidation_fwcompact_medium_024847,companion,compact:frontier_consolidation_fwcompact_medium_024847,60,62,0.007574055343866348,7.776223182678223,7.768649127334356
D_R_43022,chck_80M,43022,R,actual_packet_source_repeat,8,packet:8:512:compact:frontier_consolidation_fwcompact_medium_036895,companion,compact:frontier_consolidation_fwcompact_medium_036895,26,28,0.014037799090147018,8.813299179077148,8.799261379987001
D_R_43022,chck_80M,43022,R,actual_packet_source_repeat,8,packet:8:513:compact:frontier_consolidation_fwcompact_medium_023782,companion,compact:frontier_consolidation_fwcompact_medium_023782,46,48,0.03931661322712898,8.274434089660645,8.235117476433516
D_R_43022,chck_80M,43022,R,actual_packet_source_repeat,8,packet:8:514:compact:frontier_consolidation_fwcompact_medium_034516,companion,compact:frontier_consolidation_fwcompact_medium_034516,72,74,0.00012361239350866526,1.93690025806427,1.9367766456707614
D_R_43022,chck_80M,43022,R,actual_packet_source_repeat,8,packet:8:515:compact:frontier_consolidation_fwcompact_medium_051264,companion,compact:frontier_consolidation_fwcompact_medium_051264,34,36,0.007051581051200628,6.782437801361084,6.775386220309883
D_R_43022,chck_80M,43022,R,actual_packet_source_repeat,8,packet:8:516:compact:frontier_consolidation_fwcompact_medium_013222,companion,compact:frontier_consolidation_fwcompact_medium_013222,51,53,0.008277750574052334,8.15334701538086,8.145069264806807
D_R_43022,chck_80M,43022,R,actual_packet_source_repeat,8,packet:8:517:compact:frontier_consolidation_fwcompact_medium_060456,companion,compact:frontier_consolidation_fwcompact_medium_060456,38,40,0.04513029009103775,6.512280464172363,6.4671501740813255
D_R_43022,chck_80M,43022,R,actual_packet_source_repeat,8,packet:8:518:compact:frontier_consolidation_fwcompact_medium_052076,companion,compact:frontier_consolidation_fwcompact_medium_052076,23,25,0.0016354055842384696,1.3839313983917236,1.3822959928074852
D_R_43022,chck_80M,43022,R,actual_packet_source_repeat,8,packet:8:519:compact:frontier_consolidation_fwcompact_medium_000741,companion,compact:frontier_consolidation_fwcompact_medium_000741,64,66,0.016269415616989136,2.8027524948120117,2.7864830791950226
D_R_43022,chck_80M,43022,R,actual_packet_source_repeat,8,packet:8:51:compact:frontier_consolidation_fwcompact_medium_016210,companion,compact:frontier_consolidation_fwcompact_medium_016210,38,40,0.004229054320603609,6.916432857513428,6.912203803192824
D_R_43022,chck_80M,43022,R,actual_packet_source_repeat,8,packet:8:520:compact:frontier_consolidation_fwcompact_medium_047029,companion,compact:frontier_consolidation_fwcompact_medium_047029,75,77,0.00031835734262131155,1.8875304460525513,1.88721208870993
D_R_43022,chck_80M,43022,R,actual_packet_source_repeat,8,packet:8:521:compact:frontier_consolidation_fwcompact_medium_046448,companion,compact:frontier_consolidation_fwcompact_medium_046448,78,80,0.1007307767868042,17.80927085876465,17.708540081977844
D_R_43022,chck_80M,43022,R,actual_packet_source_repeat,8,packet:8:522:compact:frontier_consolidation_fwcompact_medium_054273,companion,compact:frontier_consolidation_fwcompact_medium_054273,40,42,0.0023347281385213137,10.913713455200195,10.911378727061674
D_R_43022,chck_80M,43022,R,actual_packet_source_repeat,8,packet:8:523:compact:frontier_consolidation_fwcompact_medium_045060,companion,compact:frontier_consolidation_fwcompact_medium_045060,51,53,0.0421597920358181,9.398407936096191,9.356248144060373
D_R_43022,chck_80M,43022,R,actual_packet_source_repeat,8,packet:8:524:compact:frontier_consolidation_fwcompact_medium_042496,companion,compact:frontier_consolidation_fwcompact_medium_042496,78,80,0.012173050083220005,6.2989959716796875,6.2868229215964675
D_R_43022,chck_80M,43022,R,actual_packet_source_repeat,8,packet:8:525:compact:frontier_consolidation_fwcompact_medium_049556,companion,compact:frontier_consolidation_fwcompact_medium_049556,35,37,0.039331283420324326,6.481087684631348,6.441756401211023
D_R_43022,chck_80M,43022,R,actual_packet_source_repeat,8,packet:8:526:compact:frontier_consolidation_fwcompact_medium_016368,companion,compact:frontier_consolidation_fwcompact_medium_016368,48,50,0.002820206806063652,0.9760600924491882,0.9732398856431246
D_R_43022,chck_80M,43022,R,actual_packet_source_repeat,8,packet:8:527:compact:frontier_consolidation_fwcompact_medium_059937,companion,compact:frontier_consolidation_fwcompact_medium_059937,46,48,0.02083008550107479,9.55792236328125,9.537092277780175
D_R_43022,chck_80M,43022,R,actual_packet_source_repeat,8,packet:8:528:compact:frontier_consolidation_fwcompact_medium_037997,companion,compact:frontier_consolidation_fwcompact_medium_037997,49,51,0.10325979441404343,4.112196922302246,4.008937127888203
D_R_43022,chck_80M,43022,R,actual_packet_source_repeat,8,packet:8:529:compact:frontier_consolidation_fwcompact_medium_059907,companion,compact:frontier_consolidation_fwcompact_medium_059907,33,35,0.0008428120636381209,0.9579278826713562,0.9570850706077181
D_R_43022,chck_80M,43022,R,actual_packet_source_repeat,8,packet:8:52:compact:frontier_consolidation_fwcompact_medium_016822,companion,compact:frontier_consolidation_fwcompact_medium_016822,40,42,0.0011613775277510285,0.026499563828110695,0.025338186300359666
D_R_43022,chck_80M,43022,R,actual_packet_source_repeat,8,packet:8:530:compact:frontier_consolidation_fwcompact_medium_008502,companion,compact:frontier_consolidation_fwcompact_medium_008502,55,57,0.034674905240535736,8.270123481750488,8.235448576509953
D_R_43022,chck_80M,43022,R,actual_packet_source_repeat,8,packet:8:531:compact:frontier_consolidation_fwcompact_medium_030724,companion,compact:frontier_consolidation_fwcompact_medium_030724,44,46,0.013570438139140606,8.468711853027344,8.455141414888203
D_R_43022,chck_80M,43022,R,actual_packet_source_repeat,8,packet:8:532:compact:frontier_consolidation_fwcompact_medium_020857,companion,compact:frontier_consolidation_fwcompact_medium_020857,76,78,0.0054669869132339954,5.586898326873779,5.581431339960545
D_R_43022,chck_80M,43022,R,actual_packet_source_repeat,8,packet:8:533:compact:frontier_consolidation_fwcompact_medium_030051,companion,compact:frontier_consolidation_fwcompact_medium_030051,69,71,0.00668539060279727,2.7872607707977295,2.7805753801949322
D_R_43022,chck_80M,43022,R,actual_packet_source_repeat,8,packet:8:534:compact:frontier_consolidation_fwcompact_medium_008942,companion,compact:frontier_consolidation_fwcompact_medium_008942,40,42,0.0037627865094691515,2.878800392150879,2.8750376056414098
D_R_43022,chck_80M,43022,R,actual_packet_source_repeat,8,packet:8:535:compact:frontier_consolidation_fwcompact_medium_046652,companion,compact:frontier_consolidation_fwcompact_medium_046652,57,59,0.0012494861148297787,0.9985491037368774,0.9972996176220477
D_R_43022,chck_80M,43022,R,actual_packet_source_repeat,8,packet:8:536:compact:frontier_consolidation_fwcompact_medium_041738,companion,compact:frontier_consolidation_fwcompact_medium_041738,39,41,0.011541265994310379,7.1284894943237305,7.11694822832942
D_R_43022,chck_80M,43022,R,actual_packet_source_repeat,8,packet:8:537:compact:frontier_consolidation_fwcompact_medium_015706,companion,compact:frontier_consolidation_fwcompact_medium_015706,37,39,0.0068732975050807,13.641433715820312,13.634560418315232
D_R_43022,chck_80M,43022,R,actual_packet_source_repeat,8,packet:8:538:compact:frontier_consolidation_fwcompact_medium_017557,companion,compact:frontier_consolidation_fwcompact_medium_017557,43,45,0.0019525288371369243,0.9162647128105164,0.9143121839733794
D_R_43022,chck_80M,43022,R,actual_packet_source_repeat,8,packet:8:539:compact:frontier_consolidation_fwcompact_medium_004617,companion,compact:frontier_consolidation_fwcompact_medium_004617,29,31,0.005897975992411375,7.162109851837158,7.156211875844747
D_R_43022,chck_80M,43022,R,actual_packet_source_repeat,8,packet:8:53:compact:frontier_consolidation_fwcompact_medium_007559,companion,compact:frontier_consolidation_fwcompact_medium_007559,55,57,0.019055869430303574,6.474721431732178,6.455665562301874
D_R_43022,chck_80M,43022,R,actual_packet_source_repeat,8,packet:8:540:compact:frontier_consolidation_fwcompact_medium_039522,companion,compact:frontier_consolidation_fwcompact_medium_039522,43,45,0.014112439006567001,2.554560899734497,2.54044846072793
D_R_43022,chck_80M,43022,R,actual_packet_source_repeat,8,packet:8:541:compact:frontier_consolidation_fwcompact_medium_040416,companion,compact:frontier_consolidation_fwcompact_medium_040416,41,43,0.0021482266020029783,0.40610626339912415,0.40395803679712117
D_R_43022,chck_80M,43022,R,actual_packet_source_repeat,8,packet:8:542:compact:frontier_consolidation_fwcompact_medium_055897,companion,compact:frontier_consolidation_fwcompact_medium_055897,34,36,0.0387604683637619,12.719513893127441,12.68075342476368
D_R_43022,chck_80M,43022,R,actual_packet_source_repeat,8,packet:8:543:compact:frontier_consolidation_fwcompact_medium_026729,companion,compact:frontier_consolidation_fwcompact_medium_026729,35,37,0.014514575712382793,10.063702583312988,10.049188007600605
D_R_43022,chck_80M,43022,R,actual_packet_source_repeat,8,packet:8:544:compact:frontier_consolidation_fwcompact_medium_008196,companion,compact:frontier_consolidation_fwcompact_medium_008196,74,76,0.012110278010368347,16.007434844970703,15.995324566960335
D_R_43022,chck_80M,43022,R,actual_packet_source_repeat,8,packet:8:545:compact:frontier_consolidation_fwcompact_medium_031934,companion,compact:frontier_consolidation_fwcompact_medium_031934,42,44,0.0005675135762430727,0.03100929781794548,0.030441784241702408
D_R_43022,chck_80M,43022,R,actual_packet_source_repeat,8,packet:8:546:compact:frontier_consolidation_fwcompact_medium_055610,companion,compact:frontier_consolidation_fwcompact_medium_055610,50,52,0.00010871296399272978,0.28010502457618713,0.2799963116121944
D_R_43022,chck_80M,43022,R,actual_packet_source_repeat,8,packet:8:547:compact:frontier_consolidation_fwcompact_medium_015802,companion,compact:frontier_consolidation_fwcompact_medium_015802,23,25,0.0023651740048080683,1.4887690544128418,1.4864038804080337
D_R_43022,chck_80M,43022,R,actual_packet_source_repeat,8,packet:8:548:compact:frontier_consolidation_fwcompact_medium_060337,companion,compact:frontier_consolidation_fwcompact_medium_060337,46,48,0.013635234907269478,5.831496238708496,5.817861003801227
D_R_43022,chck_80M,43022,R,actual_packet_source_repeat,8,packet:8:549:compact:frontier_consolidation_fwcompact_medium_045925,companion,compact:frontier_consolidation_fwcompact_medium_045925,48,50,0.00045372682507149875,0.6713605523109436,0.6709068254858721
D_R_43022,chck_80M,43022,R,actual_packet_source_repeat,8,packet:8:54:compact:frontier_consolidation_fwcompact_medium_041890,companion,compact:frontier_consolidation_fwcompact_medium_041890,42,44,0.05393984541296959,0.7386632561683655,0.6847234107553959
D_R_43022,chck_80M,43022,R,actual_packet_source_repeat,8,packet:8:550:compact:frontier_consolidation_fwcompact_medium_026129,companion,compact:frontier_consolidation_fwcompact_medium_026129,79,81,0.12660039961338043,10.090065002441406,9.963464602828026
D_R_43022,chck_80M,43022,R,actual_packet_source_repeat,8,packet:8:551:compact:frontier_consolidation_fwcompact_medium_010979,companion,compact:frontier_consolidation_fwcompact_medium_010979,54,56,0.053340356796979904,8.077616691589355,8.024276334792376
D_R_43022,chck_80M,43022,R,actual_packet_source_repeat,8,packet:8:552:compact:frontier_consolidation_fwcompact_medium_050657,companion,compact:frontier_consolidation_fwcompact_medium_050657,46,48,0.10789771378040314,7.3320417404174805,7.224144026637077
D_R_43022,chck_80M,43022,R,actual_packet_source_repeat,8,packet:8:553:compact:frontier_consolidation_fwcompact_medium_038022,companion,compact:frontier_consolidation_fwcompact_medium_038022,59,61,0.006013514939695597,9.222894668579102,9.216881153639406
D_R_43022,chck_80M,43022,R,actual_packet_source_repeat,8,packet:8:554:compact:frontier_consolidation_fwcompact_medium_006191,companion,compact:frontier_consolidation_fwcompact_medium_006191,42,44,0.001834853901527822,3.3669393062591553,3.3651044523576275
D_R_43022,chck_80M,43022,R,actual_packet_source_repeat,8,packet:8:555:compact:frontier_consolidation_fwcompact_medium_034181,companion,compact:frontier_consolidation_fwcompact_medium_034181,59,61,9.190614218823612e-05,0.0030856162775307894,0.0029937101353425533
D_R_43022,chck_80M,43022,R,actual_packet_source_repeat,8,packet:8:556:compact:frontier_consolidation_fwcompact_medium_020532,companion,compact:frontier_consolidation_fwcompact_medium_020532,54,56,0.004349771421402693,9.431640625,9.427290853578597
D_R_43022,chck_80M,43022,R,actual_packet_source_repeat,8,packet:8:557:compact:frontier_consolidation_fwcompact_medium_028035,companion,compact:frontier_consolidation_fwcompact_medium_028035,90,92,0.02131437137722969,8.80721378326416,8.78589941188693
D_R_43022,chck_80M,43022,R,actual_packet_source_repeat,8,packet:8:558:compact:frontier_consolidation_fwcompact_medium_021975,companion,compact:frontier_consolidation_fwcompact_medium_021975,44,46,0.003660646267235279,4.560481548309326,4.556820902042091
D_R_43022,chck_80M,43022,R,actual_packet_source_repeat,8,packet:8:559:compact:frontier_consolidation_fwcompact_medium_047154,companion,compact:frontier_consolidation_fwcompact_medium_047154,86,88,0.003824896877631545,7.327406406402588,7.323581509524956
D_R_43022,chck_80M,43022,R,actual_packet_source_repeat,8,packet:8:55:compact:frontier_consolidation_fwcompact_medium_020098,companion,compact:frontier_consolidation_fwcompact_medium_020098,36,38,0.0016314780805259943,4.204790115356445,4.203158637275919
D_R_43022,chck_80M,43022,R,actual_packet_source_repeat,8,packet:8:560:compact:frontier_consolidation_fwcompact_medium_023566,companion,compact:frontier_consolidation_fwcompact_medium_023566,59,61,0.01627258211374283,10.627073287963867,10.610800705850124
D_R_43022,chck_80M,43022,R,actual_packet_source_repeat,8,packet:8:561:compact:frontier_consolidation_fwcompact_medium_033491,companion,compact:frontier_consolidation_fwcompact_medium_033491,52,54,0.003981402609497309,6.202367305755615,6.198385903146118
D_R_43022,chck_80M,43022,R,actual_packet_source_repeat,8,packet:8:562:compact:frontier_consolidation_fwcompact_medium_021623,companion,compact:frontier_consolidation_fwcompact_medium_021623,47,49,0.0007184546557255089,1.2250524759292603,1.2243340212735347
D_R_43022,chck_80M,43022,R,actual_packet_source_repeat,8,packet:8:563:compact:frontier_consolidation_fwcompact_medium_010741,companion,compact:frontier_consolidation_fwcompact_medium_010741,46,48,0.00318068522028625,1.9949591159820557,1.9917784307617694
D_R_43022,chck_80M,43022,R,actual_packet_source_repeat,8,packet:8:564:compact:frontier_consolidation_fwcompact_medium_041484,companion,compact:frontier_consolidation_fwcompact_medium_041484,61,63,0.0029022260569036007,6.595231533050537,6.5923293069936335
D_R_43022,chck_80M,43022,R,actual_packet_source_repeat,8,packet:8:565:compact:frontier_consolidation_fwcompact_medium_053344,companion,compact:frontier_consolidation_fwcompact_medium_053344,114,116,0.0024305821862071753,3.7234177589416504,3.720987176755443
D_R_43022,chck_80M,43022,R,actual_packet_source_repeat,8,packet:8:566:compact:frontier_consolidation_fwcompact_medium_052081,companion,compact:frontier_consolidation_fwcompact_medium_052081,45,47,0.0038689535576850176,6.7728271484375,6.768958194879815
D_R_43022,chck_80M,43022,R,actual_packet_source_repeat,8,packet:8:567:compact:frontier_consolidation_fwcompact_medium_028587,companion,compact:frontier_consolidation_fwcompact_medium_028587,38,40,0.0022639615926891565,0.5562328100204468,0.5539688484277576
D_R_43022,chck_80M,43022,R,actual_packet_source_repeat,8,packet:8:568:compact:frontier_consolidation_fwcompact_medium_034117,companion,compact:frontier_consolidation_fwcompact_medium_034117,40,42,0.008761771954596043,4.954989433288574,4.946227661333978
D_R_43022,chck_80M,43022,R,actual_packet_source_repeat,8,packet:8:569:compact:frontier_consolidation_fwcompact_medium_059716,companion,compact:frontier_consolidation_fwcompact_medium_059716,49,51,0.0034243774134665728,1.4147467613220215,1.411322383908555
D_R_43022,chck_80M,43022,R,actual_packet_source_repeat,8,packet:8:56:compact:frontier_consolidation_fwcompact_medium_012739,companion,compact:frontier_consolidation_fwcompact_medium_012739,44,46,0.0066833775490522385,7.650748252868652,7.6440648753196
D_R_43022,chck_80M,43022,R,actual_packet_source_repeat,8,packet:8:570:compact:frontier_consolidation_fwcompact_medium_050651,companion,compact:frontier_consolidation_fwcompact_medium_050651,53,55,0.003446117974817753,0.5432372093200684,0.5397910913452506
D_R_43022,chck_80M,43022,R,actual_packet_source_repeat,8,packet:8:571:compact:frontier_consolidation_fwcompact_medium_060742,companion,compact:frontier_consolidation_fwcompact_medium_060742,67,69,0.00414738105610013,5.22230339050293,5.21815600944683
D_R_43022,chck_80M,43022,R,actual_packet_source_repeat,8,packet:8:572:compact:frontier_consolidation_fwcompact_medium_016445,companion,compact:frontier_consolidation_fwcompact_medium_016445,33,35,0.0036004262510687113,6.960414886474609,6.956814460223541
D_R_43022,chck_80M,43022,R,actual_packet_source_repeat,8,packet:8:573:compact:frontier_consolidation_fwcompact_medium_014822,companion,compact:frontier_consolidation_fwcompact_medium_014822,25,27,0.023643113672733307,4.5770087242126465,4.553365610539913
D_R_43022,chck_80M,43022,R,actual_packet_source_repeat,8,packet:8:574:compact:frontier_consolidation_fwcompact_medium_016788,companion,compact:frontier_consolidation_fwcompact_medium_016788,36,38,0.005420629400759935,0.4971737861633301,0.49175315676257014
D_R_43022,chck_80M,43022,R,actual_packet_source_repeat,8,packet:8:575:compact:frontier_consolidation_fwcompact_medium_037376,companion,compact:frontier_consolidation_fwcompact_medium_037376,35,37,0.015901774168014526,5.120308876037598,5.104407101869583
D_R_43022,chck_80M,43022,R,actual_packet_source_repeat,8,packet:8:576:compact:frontier_consolidation_fwcompact_medium_050065,companion,compact:frontier_consolidation_fwcompact_medium_050065,42,44,0.006794444750994444,6.056689262390137,6.049894817639142
D_R_43022,chck_80M,43022,R,actual_packet_source_repeat,8,packet:8:577:compact:frontier_consolidation_fwcompact_medium_021160,companion,compact:frontier_consolidation_fwcompact_medium_021160,80,82,0.019489459693431854,5.407763957977295,5.388274498283863
D_R_43022,chck_80M,43022,R,actual_packet_source_repeat,8,packet:8:578:compact:frontier_consolidation_fwcompact_medium_045868,companion,compact:frontier_consolidation_fwcompact_medium_045868,29,31,0.029415365308523178,12.143144607543945,12.113729242235422
D_R_43022,chck_80M,43022,R,actual_packet_source_repeat,8,packet:8:579:compact:frontier_consolidation_fwcompact_medium_013338,companion,compact:frontier_consolidation_fwcompact_medium_013338,60,62,0.0032349894754588604,1.3895820379257202,1.3863470484502614
D_R_43022,chck_80M,43022,R,actual_packet_source_repeat,8,packet:8:57:compact:frontier_consolidation_fwcompact_medium_046500,companion,compact:frontier_consolidation_fwcompact_medium_046500,62,64,0.0019456282025203109,1.6573512554168701,1.6554056272143498
D_R_43022,chck_80M,43022,R,actual_packet_source_repeat,8,packet:8:580:compact:frontier_consolidation_fwcompact_medium_055905,companion,compact:frontier_consolidation_fwcompact_medium_055905,41,43,0.0038349907845258713,1.0904144048690796,1.0865794140845537
D_R_43022,chck_80M,43022,R,actual_packet_source_repeat,8,packet:8:581:compact:frontier_consolidation_fwcompact_medium_007205,companion,compact:frontier_consolidation_fwcompact_medium_007205,38,40,0.03858843818306923,2.7931342124938965,2.7545457743108273
D_R_43022,chck_80M,43022,R,actual_packet_source_repeat,8,packet:8:582:compact:frontier_consolidation_fwcompact_medium_034635,companion,compact:frontier_consolidation_fwcompact_medium_034635,62,64,0.005111601669341326,5.283686637878418,5.278575036209077
D_R_43022,chck_80M,43022,R,actual_packet_source_repeat,8,packet:8:583:compact:frontier_consolidation_fwcompact_medium_055989,companion,compact:frontier_consolidation_fwcompact_medium_055989,57,59,0.003980808891355991,11.102502822875977,11.09852201398462
D_R_43022,chck_80M,43022,R,actual_packet_source_repeat,8,packet:8:584:compact:frontier_consolidation_fwcompact_medium_003525,companion,compact:frontier_consolidation_fwcompact_medium_003525,36,38,0.0020394970197230577,0.17955200374126434,0.17751250672154129
D_R_43022,chck_80M,43022,R,actual_packet_source_repeat,8,packet:8:585:compact:frontier_consolidation_fwcompact_medium_042333,companion,compact:frontier_consolidation_fwcompact_medium_042333,47,49,0.003081100294366479,6.883866310119629,6.880785209825262
D_R_43022,chck_80M,43022,R,actual_packet_source_repeat,8,packet:8:586:compact:frontier_consolidation_fwcompact_medium_001480,companion,compact:frontier_consolidation_fwcompact_medium_001480,53,55,0.004551527090370655,8.44752311706543,8.442971589975059
D_R_43022,chck_80M,43022,R,actual_packet_source_repeat,8,packet:8:587:compact:frontier_consolidation_fwcompact_medium_029921,companion,compact:frontier_consolidation_fwcompact_medium_029921,45,47,0.017539162188768387,6.872300148010254,6.8547609858214855
D_R_43022,chck_80M,43022,R,actual_packet_source_repeat,8,packet:8:588:compact:frontier_consolidation_fwcompact_medium_035621,companion,compact:frontier_consolidation_fwcompact_medium_035621,50,52,0.03081003576517105,3.775341510772705,3.744531475007534
D_R_43022,chck_80M,43022,R,actual_packet_source_repeat,8,packet:8:589:compact:frontier_consolidation_fwcompact_medium_029007,companion,compact:frontier_consolidation_fwcompact_medium_029007,37,39,0.05393058434128761,4.7424139976501465,4.688483413308859
D_R_43022,chck_80M,43022,R,actual_packet_source_repeat,8,packet:8:58:compact:frontier_consolidation_fwcompact_medium_043890,companion,compact:frontier_consolidation_fwcompact_medium_043890,51,53,0.010586884804069996,1.5554145574569702,1.5448276726529002
D_R_43022,chck_80M,43022,R,actual_packet_source_repeat,8,packet:8:590:compact:frontier_consolidation_fwcompact_medium_036731,companion,compact:frontier_consolidation_fwcompact_medium_036731,46,48,0.02962358482182026,1.330615520477295,1.3009919356554747
D_R_43022,chck_80M,43022,R,actual_packet_source_repeat,8,packet:8:591:compact:frontier_consolidation_fwcompact_medium_000496,companion,compact:frontier_consolidation_fwcompact_medium_000496,35,37,0.0068395547568798065,11.195291519165039,11.18845196440816
D_R_43022,chck_80M,43022,R,actual_packet_source_repeat,8,packet:8:592:compact:frontier_consolidation_fwcompact_medium_025247,companion,compact:frontier_consolidation_fwcompact_medium_025247,79,81,0.00550670363008976,11.548495292663574,11.542988589033484
D_R_43022,chck_80M,43022,R,actual_packet_source_repeat,8,packet:8:593:compact:frontier_consolidation_fwcompact_medium_061105,companion,compact:frontier_consolidation_fwcompact_medium_061105,52,54,0.008100749924778938,1.0524511337280273,1.0443503838032484
D_R_43022,chck_80M,43022,R,actual_packet_source_repeat,8,packet:8:594:compact:frontier_consolidation_fwcompact_medium_033147,companion,compact:frontier_consolidation_fwcompact_medium_033147,62,64,0.004092888906598091,6.0190253257751465,6.014932436868548
D_R_43022,chck_80M,43022,R,actual_packet_source_repeat,8,packet:8:595:compact:frontier_consolidation_fwcompact_medium_049277,companion,compact:frontier_consolidation_fwcompact_medium_049277,30,32,0.008823099546134472,5.2154035568237305,5.206580457277596
D_R_43022,chck_80M,43022,R,actual_packet_source_repeat,8,packet:8:596:compact:frontier_consolidation_fwcompact_medium_044948,companion,compact:frontier_consolidation_fwcompact_medium_044948,54,56,0.017596909776329994,7.584634780883789,7.567037871107459
D_R_43022,chck_80M,43022,R,actual_packet_source_repeat,8,packet:8:597:compact:frontier_consolidation_fwcompact_medium_019947,companion,compact:frontier_consolidation_fwcompact_medium_019947,65,67,0.008700912818312645,10.705361366271973,10.69666045345366
D_R_43022,chck_80M,43022,R,actual_packet_source_repeat,8,packet:8:598:compact:frontier_consolidation_fwcompact_medium_026666,companion,compact:frontier_consolidation_fwcompact_medium_026666,63,65,0.014357946813106537,8.594982147216797,8.58062420040369
D_R_43022,chck_80M,43022,R,actual_packet_source_repeat,8,packet:8:599:compact:frontier_consolidation_fwcompact_medium_053378,companion,compact:frontier_consolidation_fwcompact_medium_053378,53,55,0.0021112312097102404,3.1168017387390137,3.1146905075293034
D_R_43022,chck_80M,43022,R,actual_packet_source_repeat,8,packet:8:59:compact:frontier_consolidation_fwcompact_medium_045982,companion,compact:frontier_consolidation_fwcompact_medium_045982,37,39,0.022811850532889366,7.688438415527344,7.665626564994454
D_R_43022,chck_80M,43022,R,actual_packet_source_repeat,8,packet:8:5:compact:frontier_consolidation_fwcompact_medium_056778,companion,compact:frontier_consolidation_fwcompact_medium_056778,46,48,0.004345023538917303,1.6607428789138794,1.656397855374962
D_R_43022,chck_80M,43022,R,actual_packet_source_repeat,8,packet:8:600:compact:frontier_consolidation_fwcompact_medium_012704,companion,compact:frontier_consolidation_fwcompact_medium_012704,53,55,0.006231165956705809,7.273664474487305,7.267433308530599
D_R_43022,chck_80M,43022,R,actual_packet_source_repeat,8,packet:8:601:compact:frontier_consolidation_fwcompact_medium_057317,companion,compact:frontier_consolidation_fwcompact_medium_057317,51,53,0.0048998757265508175,8.597695350646973,8.592795474920422
D_R_43022,chck_80M,43022,R,actual_packet_source_repeat,8,packet:8:602:compact:frontier_consolidation_fwcompact_medium_048098,companion,compact:frontier_consolidation_fwcompact_medium_048098,78,80,0.01167017687112093,3.3026645183563232,3.2909943414852023
D_R_43022,chck_80M,43022,R,actual_packet_source_repeat,8,packet:8:603:compact:frontier_consolidation_fwcompact_medium_021969,companion,compact:frontier_consolidation_fwcompact_medium_021969,122,124,0.0032778840977698565,3.9939260482788086,3.9906481641810387
D_R_43022,chck_80M,43022,R,actual_packet_source_repeat,8,packet:8:604:compact:frontier_consolidation_fwcompact_medium_006839,companion,compact:frontier_consolidation_fwcompact_medium_006839,50,52,0.13941729068756104,8.897258758544922,8.75784146785736
D_R_43022,chck_80M,43022,R,actual_packet_source_repeat,8,packet:8:605:compact:frontier_consolidation_fwcompact_medium_006392,companion,compact:frontier_consolidation_fwcompact_medium_006392,51,53,0.0005907459417358041,1.109287977218628,1.1086972312768921
D_R_43022,chck_80M,43022,R,actual_packet_source_repeat,8,packet:8:606:compact:frontier_consolidation_fwcompact_medium_005764,companion,compact:frontier_consolidation_fwcompact_medium_005764,40,42,0.008030863478779793,8.15566635131836,8.14763548783958
D_R_43022,chck_80M,43022,R,actual_packet_source_repeat,8,packet:8:607:compact:frontier_consolidation_fwcompact_medium_029445,companion,compact:frontier_consolidation_fwcompact_medium_029445,48,50,0.0014033003244549036,0.08951929211616516,0.08811599179171026
D_R_43022,chck_80M,43022,R,actual_packet_source_repeat,8,packet:8:608:compact:frontier_consolidation_fwcompact_medium_031366,companion,compact:frontier_consolidation_fwcompact_medium_031366,44,46,0.02818194404244423,5.139077186584473,5.110895242542028
D_R_43022,chck_80M,43022,R,actual_packet_source_repeat,8,packet:8:609:compact:frontier_consolidation_fwcompact_medium_012116,companion,compact:frontier_consolidation_fwcompact_medium_012116,26,28,0.03670426085591316,3.901228427886963,3.8645241670310497
D_R_43022,chck_80M,43022,R,actual_packet_source_repeat,8,packet:8:60:compact:frontier_consolidation_fwcompact_medium_033650,companion,compact:frontier_consolidation_fwcompact_medium_033650,38,40,0.19356858730316162,6.40177583694458,6.2082072496414185
D_R_43022,chck_80M,43022,R,actual_packet_source_repeat,8,packet:8:610:compact:frontier_consolidation_fwcompact_medium_008801,companion,compact:frontier_consolidation_fwcompact_medium_008801,58,60,0.009951029904186726,11.035082817077637,11.02513178717345
D_R_43022,chck_80M,43022,R,actual_packet_source_repeat,8,packet:8:611:compact:frontier_consolidation_fwcompact_medium_054326,companion,compact:frontier_consolidation_fwcompact_medium_054326,67,69,0.005169240292161703,9.404670715332031,9.39950147503987
D_R_43022,chck_80M,43022,R,actual_packet_source_repeat,8,packet:8:612:compact:frontier_consolidation_fwcompact_medium_028564,companion,compact:frontier_consolidation_fwcompact_medium_028564,48,50,0.004669950809329748,8.020723342895508,8.016053392086178
D_R_43022,chck_80M,43022,R,actual_packet_source_repeat,8,packet:8:613:compact:frontier_consolidation_fwcompact_medium_041125,companion,compact:frontier_consolidation_fwcompact_medium_041125,69,71,0.014443373307585716,7.836328983306885,7.821885609999299
D_R_43022,chck_80M,43022,R,actual_packet_source_repeat,8,packet:8:614:compact:frontier_consolidation_fwcompact_medium_009971,companion,compact:frontier_consolidation_fwcompact_medium_009971,33,35,0.07247084379196167,6.156021595001221,6.083550751209259
D_R_43022,chck_80M,43022,R,actual_packet_source_repeat,8,packet:8:615:compact:frontier_consolidation_fwcompact_medium_027723,companion,compact:frontier_consolidation_fwcompact_medium_027723,45,47,0.0002488780301064253,0.09748124331235886,0.09723236528225243
D_R_43022,chck_80M,43022,R,actual_packet_source_repeat,8,packet:8:616:compact:frontier_consolidation_fwcompact_medium_058825,companion,compact:frontier_consolidation_fwcompact_medium_058825,42,44,0.0007669368060305715,4.522768974304199,4.522002037498169
D_R_43022,chck_80M,43022,R,actual_packet_source_repeat,8,packet:8:617:compact:frontier_consolidation_fwcompact_medium_028680,companion,compact:frontier_consolidation_fwcompact_medium_028680,21,23,0.008130311034619808,7.586586952209473,7.578456641174853
D_R_43022,chck_80M,43022,R,actual_packet_source_repeat,8,packet:8:618:compact:frontier_consolidation_fwcompact_medium_026379,companion,compact:frontier_consolidation_fwcompact_medium_026379,24,26,0.0008174415561370552,0.02847604639828205,0.027658604842144996
D_R_43022,chck_80M,43022,R,actual_packet_source_repeat,8,packet:8:619:compact:frontier_consolidation_fwcompact_medium_058511,companion,compact:frontier_consolidation_fwcompact_medium_058511,69,71,0.004526013042777777,5.832263469696045,5.827737456653267
D_R_43022,chck_80M,43022,R,actual_packet_source_repeat,8,packet:8:61:compact:frontier_consolidation_fwcompact_medium_048229,companion,compact:frontier_consolidation_fwcompact_medium_048229,37,39,0.0014800796052441,0.37410929799079895,0.37262921838555485
D_R_43022,chck_80M,43022,R,actual_packet_source_repeat,8,packet:8:620:compact:frontier_consolidation_fwcompact_medium_032685,companion,compact:frontier_consolidation_fwcompact_medium_032685,88,90,0.003180447733029723,2.5657238960266113,2.5625434482935816
D_R_43022,chck_80M,43022,R,actual_packet_source_repeat,8,packet:8:621:compact:frontier_consolidation_fwcompact_medium_007711,companion,compact:frontier_consolidation_fwcompact_medium_007711,35,37,0.00024673278676345944,0.0033751921728253365,0.003128459386061877
D_R_43022,chck_80M,43022,R,actual_packet_source_repeat,8,packet:8:622:compact:frontier_consolidation_fwcompact_medium_010835,companion,compact:frontier_consolidation_fwcompact_medium_010835,37,39,0.0557662658393383,8.714343070983887,8.658576805144548
D_R_43022,chck_80M,43022,R,actual_packet_source_repeat,8,packet:8:623:compact:frontier_consolidation_fwcompact_medium_023584,companion,compact:frontier_consolidation_fwcompact_medium_023584,53,55,0.0006194579764269292,5.500065803527832,5.499446345551405
D_R_43022,chck_80M,43022,R,actual_packet_source_repeat,8,packet:8:624:compact:frontier_consolidation_fwcompact_medium_056475,companion,compact:frontier_consolidation_fwcompact_medium_056475,29,31,0.003257922362536192,10.857475280761719,10.854217358399183
D_R_43022,chck_80M,43022,R,actual_packet_source_repeat,8,packet:8:625:compact:frontier_consolidation_fwcompact_medium_060735,companion,compact:frontier_consolidation_fwcompact_medium_060735,45,47,0.009342878125607967,0.7016587853431702,0.6923159072175622
D_R_43022,chck_80M,43022,R,actual_packet_source_repeat,8,packet:8:626:compact:frontier_consolidation_fwcompact_medium_052966,companion,compact:frontier_consolidation_fwcompact_medium_052966,69,71,0.016903260722756386,3.20871639251709,3.1918131317943335
D_R_43022,chck_80M,43022,R,actual_packet_source_repeat,8,packet:8:627:compact:frontier_consolidation_fwcompact_medium_010845,companion,compact:frontier_consolidation_fwcompact_medium_010845,68,70,0.0178569033741951,3.121816635131836,3.103959731757641
D_R_43022,chck_80M,43022,R,actual_packet_source_repeat,8,packet:8:628:compact:frontier_consolidation_fwcompact_medium_017321,companion,compact:frontier_consolidation_fwcompact_medium_017321,59,61,0.00757606653496623,0.09279768913984299,0.08522162260487676
D_R_43022,chck_80M,43022,R,actual_packet_source_repeat,8,packet:8:629:compact:frontier_consolidation_fwcompact_medium_018912,companion,compact:frontier_consolidation_fwcompact_medium_018912,65,67,0.0024035871028900146,5.944303512573242,5.941899925470352
D_R_43022,chck_80M,43022,R,actual_packet_source_repeat,8,packet:8:62:compact:frontier_consolidation_fwcompact_medium_031815,companion,compact:frontier_consolidation_fwcompact_medium_031815,66,68,0.0005677518784068525,1.4558484554290771,1.4552807035506703
D_R_43022,chck_80M,43022,R,actual_packet_source_repeat,8,packet:8:630:compact:frontier_consolidation_fwcompact_medium_059235,companion,compact:frontier_consolidation_fwcompact_medium_059235,51,53,0.0009918061550706625,3.9999213218688965,3.998929515713826
D_R_43022,chck_80M,43022,R,actual_packet_source_repeat,8,packet:8:631:compact:frontier_consolidation_fwcompact_medium_057940,companion,compact:frontier_consolidation_fwcompact_medium_057940,47,49,0.05577573552727699,7.723753452301025,7.667977716773748
D_R_43022,chck_80M,43022,R,actual_packet_source_repeat,8,packet:8:632:compact:frontier_consolidation_fwcompact_medium_032139,companion,compact:frontier_consolidation_fwcompact_medium_032139,58,60,0.00979085173457861,5.596114158630371,5.5863233068957925
D_R_43022,chck_80M,43022,R,actual_packet_source_repeat,8,packet:8:633:compact:frontier_consolidation_fwcompact_medium_048591,companion,compact:frontier_consolidation_fwcompact_medium_048591,51,53,0.06840275228023529,4.813930988311768,4.745528236031532
D_R_43022,chck_80M,43022,R,actual_packet_source_repeat,8,packet:8:634:compact:frontier_consolidation_fwcompact_medium_009898,companion,compact:frontier_consolidation_fwcompact_medium_009898,76,78,0.014683748595416546,12.01498794555664,12.000304196961224
D_R_43022,chck_80M,43022,R,actual_packet_source_repeat,8,packet:8:635:compact:frontier_consolidation_fwcompact_medium_008359,companion,compact:frontier_consolidation_fwcompact_medium_008359,33,35,0.004532302729785442,2.891493797302246,2.8869614945724607
D_R_43022,chck_80M,43022,R,actual_packet_source_repeat,8,packet:8:636:compact:frontier_consolidation_fwcompact_medium_016066,companion,compact:frontier_consolidation_fwcompact_medium_016066,57,59,0.02139628864824772,2.988919258117676,2.967522969469428
D_R_43022,chck_80M,43022,R,actual_packet_source_repeat,8,packet:8:637:compact:frontier_consolidation_fwcompact_medium_044460,companion,compact:frontier_consolidation_fwcompact_medium_044460,70,72,0.007483899127691984,11.617521286010742,11.61003738688305
D_R_43022,chck_80M,43022,R,actual_packet_source_repeat,8,packet:8:638:compact:frontier_consolidation_fwcompact_medium_053296,companion,compact:frontier_consolidation_fwcompact_medium_053296,42,44,0.038435421884059906,2.111776351928711,2.073340930044651
D_R_43022,chck_80M,43022,R,actual_packet_source_repeat,8,packet:8:639:compact:frontier_consolidation_fwcompact_medium_050398,companion,compact:frontier_consolidation_fwcompact_medium_050398,43,45,0.015443267300724983,8.483419418334961,8.467976151034236
D_R_43022,chck_80M,43022,R,actual_packet_source_repeat,8,packet:8:63:compact:frontier_consolidation_fwcompact_medium_012734,companion,compact:frontier_consolidation_fwcompact_medium_012734,63,65,0.03134254366159439,3.6352596282958984,3.603917084634304
D_R_43022,chck_80M,43022,R,actual_packet_source_repeat,8,packet:8:640:compact:frontier_consolidation_fwcompact_medium_011227,companion,compact:frontier_consolidation_fwcompact_medium_011227,32,34,0.00802199449390173,3.6242685317993164,3.6162465373054147
D_R_43022,chck_80M,43022,R,actual_packet_source_repeat,8,packet:8:641:compact:frontier_consolidation_fwcompact_medium_022351,companion,compact:frontier_consolidation_fwcompact_medium_022351,50,52,0.005905915983021259,3.6786112785339355,3.6727053625509143
D_R_43022,chck_80M,43022,R,actual_packet_source_repeat,8,packet:8:642:compact:frontier_consolidation_fwcompact_medium_049396,companion,compact:frontier_consolidation_fwcompact_medium_049396,64,66,0.06587699055671692,10.91411018371582,10.848233193159103
D_R_43022,chck_80M,43022,R,actual_packet_source_repeat,8,packet:8:643:compact:frontier_consolidation_fwcompact_medium_057151,companion,compact:frontier_consolidation_fwcompact_medium_057151,28,30,0.018097281455993652,8.200311660766602,8.182214379310608
D_R_43022,chck_80M,43022,R,actual_packet_source_repeat,8,packet:8:644:compact:frontier_consolidation_fwcompact_medium_024206,companion,compact:frontier_consolidation_fwcompact_medium_024206,52,54,0.0004450284468475729,1.186522126197815,1.1860770977509674
D_R_43022,chck_80M,43022,R,actual_packet_source_repeat,8,packet:8:645:compact:frontier_consolidation_fwcompact_medium_028909,companion,compact:frontier_consolidation_fwcompact_medium_028909,37,39,0.004931311123073101,6.115427017211914,6.110495706088841
D_R_43022,chck_80M,43022,R,actual_packet_source_repeat,8,packet:8:646:compact:frontier_consolidation_fwcompact_medium_043394,companion,compact:frontier_consolidation_fwcompact_medium_043394,43,45,0.006785091012716293,11.530594825744629,11.523809734731913
D_R_43022,chck_80M,43022,R,actual_packet_source_repeat,8,packet:8:647:compact:frontier_consolidation_fwcompact_medium_047680,companion,compact:frontier_consolidation_fwcompact_medium_047680,30,32,0.000433112756581977,0.039902687072753906,0.03946957431617193
D_R_43022,chck_80M,43022,R,actual_packet_source_repeat,8,packet:8:648:compact:frontier_consolidation_fwcompact_medium_056335,companion,compact:frontier_consolidation_fwcompact_medium_056335,72,74,0.023108817636966705,8.162196159362793,8.139087341725826
D_R_43022,chck_80M,43022,R,actual_packet_source_repeat,8,packet:8:649:compact:frontier_consolidation_fwcompact_medium_043083,companion,compact:frontier_consolidation_fwcompact_medium_043083,52,54,0.0035543381236493587,1.0901122093200684,1.086557871196419
D_R_43022,chck_80M,43022,R,actual_packet_source_repeat,8,packet:8:64:compact:frontier_consolidation_fwcompact_medium_033946,companion,compact:frontier_consolidation_fwcompact_medium_033946,46,48,0.020733293145895004,7.858301162719727,7.837567869573832
D_R_43022,chck_80M,43022,R,actual_packet_source_repeat,8,packet:8:650:compact:frontier_consolidation_fwcompact_medium_048922,companion,compact:frontier_consolidation_fwcompact_medium_048922,41,43,0.008796513080596924,5.653303623199463,5.644507110118866
D_R_43022,chck_80M,43022,R,actual_packet_source_repeat,8,packet:8:651:compact:frontier_consolidation_fwcompact_medium_058060,companion,compact:frontier_consolidation_fwcompact_medium_058060,37,39,0.0006183857913129032,2.4550235271453857,2.454405141354073
D_R_43022,chck_80M,43022,R,actual_packet_source_repeat,8,packet:8:652:compact:frontier_consolidation_fwcompact_medium_017650,companion,compact:frontier_consolidation_fwcompact_medium_017650,38,40,0.01776205003261566,6.687023162841797,6.669261112809181
D_R_43022,chck_80M,43022,R,actual_packet_source_repeat,8,packet:8:653:compact:frontier_consolidation_fwcompact_medium_005948,companion,compact:frontier_consolidation_fwcompact_medium_005948,47,49,0.02027769759297371,5.691827297210693,5.67154959961772
D_R_43022,chck_80M,43022,R,actual_packet_source_repeat,8,packet:8:654:compact:frontier_consolidation_fwcompact_medium_042111,companion,compact:frontier_consolidation_fwcompact_medium_042111,53,55,0.013033085502684116,8.192338943481445,8.179305857978761
D_R_43022,chck_80M,43022,R,actual_packet_source_repeat,8,packet:8:655:compact:frontier_consolidation_fwcompact_medium_010605,companion,compact:frontier_consolidation_fwcompact_medium_010605,40,42,0.013819018378853798,11.397762298583984,11.38394328020513
D_R_43022,chck_80M,43022,R,actual_packet_source_repeat,8,packet:8:656:compact:frontier_consolidation_fwcompact_medium_047433,companion,compact:frontier_consolidation_fwcompact_medium_047433,39,41,0.011439328081905842,4.892706871032715,4.881267542950809
D_R_43022,chck_80M,43022,R,actual_packet_source_repeat,8,packet:8:657:compact:frontier_consolidation_fwcompact_medium_013045,companion,compact:frontier_consolidation_fwcompact_medium_013045,30,32,0.009094481356441975,3.01659893989563,3.007504458539188
D_R_43022,chck_80M,43022,R,actual_packet_source_repeat,8,packet:8:658:compact:frontier_consolidation_fwcompact_medium_057526,companion,compact:frontier_consolidation_fwcompact_medium_057526,68,70,0.026792537420988083,6.905629634857178,6.87883709743619
D_R_43022,chck_80M,43022,R,actual_packet_source_repeat,8,packet:8:659:compact:frontier_consolidation_fwcompact_medium_004877,companion,compact:frontier_consolidation_fwcompact_medium_004877,64,66,0.0018866135505959392,5.089553356170654,5.087666742620058
D_R_43022,chck_80M,43022,R,actual_packet_source_repeat,8,packet:8:65:compact:frontier_consolidation_fwcompact_medium_035934,companion,compact:frontier_consolidation_fwcompact_medium_035934,41,43,0.00011491115583339706,0.6936814785003662,0.6935665673445328
D_R_43022,chck_80M,43022,R,actual_packet_source_repeat,8,packet:8:660:compact:frontier_consolidation_fwcompact_medium_040032,companion,compact:frontier_consolidation_fwcompact_medium_040032,69,71,0.01009288989007473,5.253636837005615,5.2435439471155405
D_R_43022,chck_80M,43022,R,actual_packet_source_repeat,8,packet:8:661:compact:frontier_consolidation_fwcompact_medium_018042,companion,compact:frontier_consolidation_fwcompact_medium_018042,46,48,0.012378061190247536,2.082779884338379,2.0704018231481314
D_R_43022,chck_80M,43022,R,actual_packet_source_repeat,8,packet:8:662:compact:frontier_consolidation_fwcompact_medium_040763,companion,compact:frontier_consolidation_fwcompact_medium_040763,62,64,0.006801193580031395,6.091553211212158,6.084752017632127
D_R_43022,chck_80M,43022,R,actual_packet_source_repeat,8,packet:8:663:compact:frontier_consolidation_fwcompact_medium_024740,companion,compact:frontier_consolidation_fwcompact_medium_024740,100,102,0.030456144362688065,8.204082489013672,8.173626344650984
D_R_43022,chck_80M,43022,R,actual_packet_source_repeat,8,packet:8:664:compact:frontier_consolidation_fwcompact_medium_035124,companion,compact:frontier_consolidation_fwcompact_medium_035124,29,31,4.076874756719917e-05,0.00036423723213374615,0.000323468484566547
D_R_43022,chck_80M,43022,R,actual_packet_source_repeat,8,packet:8:665:compact:frontier_consolidation_fwcompact_medium_008872,companion,compact:frontier_consolidation_fwcompact_medium_008872,58,60,0.005915515124797821,8.956498146057129,8.950582630932331
D_R_43022,chck_80M,43022,R,actual_packet_source_repeat,8,packet:8:666:compact:frontier_consolidation_fwcompact_medium_054587,companion,compact:frontier_consolidation_fwcompact_medium_054587,33,35,0.09362304955720901,3.4859890937805176,3.3923660442233086
D_R_43022,chck_80M,43022,R,actual_packet_source_repeat,8,packet:8:667:compact:frontier_consolidation_fwcompact_medium_037600,companion,compact:frontier_consolidation_fwcompact_medium_037600,22,24,0.06551241129636765,3.829716682434082,3.7642042711377144
D_R_43022,chck_80M,43022,R,actual_packet_source_repeat,8,packet:8:668:compact:frontier_consolidation_fwcompact_medium_027864,companion,compact:frontier_consolidation_fwcompact_medium_027864,122,124,0.019160190597176552,7.210452079772949,7.191291889175773
D_R_43022,chck_80M,43022,R,actual_packet_source_repeat,8,packet:8:669:compact:frontier_consolidation_fwcompact_medium_030006,companion,compact:frontier_consolidation_fwcompact_medium_030006,44,46,0.004818138666450977,6.247761249542236,6.242943110875785
D_R_43022,chck_80M,43022,R,actual_packet_source_repeat,8,packet:8:66:compact:frontier_consolidation_fwcompact_medium_042027,companion,compact:frontier_consolidation_fwcompact_medium_042027,72,74,0.01930835284292698,7.434366226196289,7.415057873353362
D_R_43022,chck_80M,43022,R,actual_packet_source_repeat,8,packet:8:670:compact:frontier_consolidation_fwcompact_medium_045173,companion,compact:frontier_consolidation_fwcompact_medium_045173,55,57,0.009709395468235016,7.1035356521606445,7.0938262566924095
D_R_43022,chck_80M,43022,R,actual_packet_source_repeat,8,packet:8:671:compact:frontier_consolidation_fwcompact_medium_027753,companion,compact:frontier_consolidation_fwcompact_medium_027753,46,48,0.0006594866863451898,0.33917903900146484,0.33851955231511965
D_R_43022,chck_80M,43022,R,actual_packet_source_repeat,8,packet:8:672:compact:frontier_consolidation_fwcompact_medium_008973,companion,compact:frontier_consolidation_fwcompact_medium_008973,43,45,0.006672246381640434,10.73092269897461,10.724250452592969
D_R_43022,chck_80M,43022,R,actual_packet_source_repeat,8,packet:8:673:compact:frontier_consolidation_fwcompact_medium_035359,companion,compact:frontier_consolidation_fwcompact_medium_035359,47,49,0.014477094635367393,11.581437110900879,11.566960016265512
D_R_43022,chck_80M,43022,R,actual_packet_source_repeat,8,packet:8:674:compact:frontier_consolidation_fwcompact_medium_049706,companion,compact:frontier_consolidation_fwcompact_medium_049706,49,51,0.023086335510015488,9.239700317382812,9.216613981872797
D_R_43022,chck_80M,43022,R,actual_packet_source_repeat,8,packet:8:675:compact:frontier_consolidation_fwcompact_medium_016170,companion,compact:frontier_consolidation_fwcompact_medium_016170,50,52,0.004956102930009365,5.687541961669922,5.6825858587399125
D_R_43022,chck_80M,43022,R,actual_packet_source_repeat,8,packet:8:676:compact:frontier_consolidation_fwcompact_medium_033876,companion,compact:frontier_consolidation_fwcompact_medium_033876,42,44,0.0005050813779234886,0.8256369829177856,0.8251319015398622
D_R_43022,chck_80M,43022,R,actual_packet_source_repeat,8,packet:8:677:compact:frontier_consolidation_fwcompact_medium_027322,companion,compact:frontier_consolidation_fwcompact_medium_027322,45,47,0.0011362532386556268,0.02083253674209118,0.019696283503435552
D_R_43022,chck_80M,43022,R,actual_packet_source_repeat,8,packet:8:678:compact:frontier_consolidation_fwcompact_medium_021726,companion,compact:frontier_consolidation_fwcompact_medium_021726,57,59,0.005916937254369259,3.2300567626953125,3.2241398254409432
D_R_43022,chck_80M,43022,R,actual_packet_source_repeat,8,packet:8:679:compact:frontier_consolidation_fwcompact_medium_034598,companion,compact:frontier_consolidation_fwcompact_medium_034598,49,51,0.0028410095255821943,0.8960984945297241,0.8932574850041419
D_R_43022,chck_80M,43022,R,actual_packet_source_repeat,8,packet:8:67:compact:frontier_consolidation_fwcompact_medium_049323,companion,compact:frontier_consolidation_fwcompact_medium_049323,73,75,0.001141611486673355,0.5979959964752197,0.5968543849885464
D_R_43022,chck_80M,43022,R,actual_packet_source_repeat,8,packet:8:680:compact:frontier_consolidation_fwcompact_medium_050506,companion,compact:frontier_consolidation_fwcompact_medium_050506,77,79,0.13471202552318573,17.103313446044922,16.968601420521736
D_R_43022,chck_80M,43022,R,actual_packet_source_repeat,8,packet:8:681:compact:frontier_consolidation_fwcompact_medium_053906,companion,compact:frontier_consolidation_fwcompact_medium_053906,33,35,0.0009067714563570917,0.05759532004594803,0.05668854858959094
D_R_43022,chck_80M,43022,R,actual_packet_source_repeat,8,packet:8:682:compact:frontier_consolidation_fwcompact_medium_039834,companion,compact:frontier_consolidation_fwcompact_medium_039834,56,58,0.0017626238986849785,1.0891077518463135,1.0873451279476285
D_R_43022,chck_80M,43022,R,actual_packet_source_repeat,8,packet:8:683:compact:frontier_consolidation_fwcompact_medium_017014,companion,compact:frontier_consolidation_fwcompact_medium_017014,68,70,0.003996481653302908,2.0390517711639404,2.0350552895106375
D_R_43022,chck_80M,43022,R,actual_packet_source_repeat,8,packet:8:684:compact:frontier_consolidation_fwcompact_medium_044616,companion,compact:frontier_consolidation_fwcompact_medium_044616,43,45,0.01556087750941515,6.704345226287842,6.688784348778427
D_R_43022,chck_80M,43022,R,actual_packet_source_repeat,8,packet:8:685:compact:frontier_consolidation_fwcompact_medium_013027,companion,compact:frontier_consolidation_fwcompact_medium_013027,34,36,0.005526028107851744,5.137016296386719,5.131490268278867
D_R_43022,chck_80M,43022,R,actual_packet_source_repeat,8,packet:8:686:compact:frontier_consolidation_fwcompact_medium_044984,companion,compact:frontier_consolidation_fwcompact_medium_044984,75,77,0.0018629353726282716,0.2968828082084656,0.2950198728358373
D_R_43022,chck_80M,43022,R,actual_packet_source_repeat,8,packet:8:687:compact:frontier_consolidation_fwcompact_medium_006335,companion,compact:frontier_consolidation_fwcompact_medium_006335,81,83,0.00575243728235364,3.6606616973876953,3.6549092601053417
D_R_43022,chck_80M,43022,R,actual_packet_source_repeat,8,packet:8:688:compact:frontier_consolidation_fwcompact_medium_021523,companion,compact:frontier_consolidation_fwcompact_medium_021523,35,37,0.0033058063127100468,0.8196275234222412,0.8163217171095312
D_R_43022,chck_80M,43022,R,actual_packet_source_repeat,8,packet:8:689:compact:frontier_consolidation_fwcompact_medium_030475,companion,compact:frontier_consolidation_fwcompact_medium_030475,72,74,0.002476246329024434,6.129544258117676,6.127068011788651
D_R_43022,chck_80M,43022,R,actual_packet_source_repeat,8,packet:8:68:compact:frontier_consolidation_fwcompact_medium_009081,companion,compact:frontier_consolidation_fwcompact_medium_009081,56,58,0.0005801424849778414,1.0679359436035156,1.0673558011185378
D_R_43022,chck_80M,43022,R,actual_packet_source_repeat,8,packet:8:690:compact:frontier_consolidation_fwcompact_medium_051819,companion,compact:frontier_consolidation_fwcompact_medium_051819,30,32,0.03623576462268829,5.783560752868652,5.747324988245964
D_R_43022,chck_80M,43022,R,actual_packet_source_repeat,8,packet:8:691:compact:frontier_consolidation_fwcompact_medium_034365,companion,compact:frontier_consolidation_fwcompact_medium_034365,66,68,0.00023898606013972312,0.07030020654201508,0.07006122048187535
D_R_43022,chck_80M,43022,R,actual_packet_source_repeat,8,packet:8:692:compact:frontier_consolidation_fwcompact_medium_043631,companion,compact:frontier_consolidation_fwcompact_medium_043631,45,47,0.05954739823937416,8.618247032165527,8.558699633926153
D_R_43022,chck_80M,43022,R,actual_packet_source_repeat,8,packet:8:693:compact:frontier_consolidation_fwcompact_medium_000873,companion,compact:frontier_consolidation_fwcompact_medium_000873,42,44,0.0003084660565946251,0.001812126487493515,0.00150366043089889
D_R_43022,chck_80M,43022,R,actual_packet_source_repeat,8,packet:8:694:compact:frontier_consolidation_fwcompact_medium_000236,companion,compact:frontier_consolidation_fwcompact_medium_000236,74,76,0.004748377948999405,6.891576766967773,6.886828389018774
D_R_43022,chck_80M,43022,R,actual_packet_source_repeat,8,packet:8:695:compact:frontier_consolidation_fwcompact_medium_009073,companion,compact:frontier_consolidation_fwcompact_medium_009073,98,100,0.005836823955178261,12.428105354309082,12.422268530353904
D_R_43022,chck_80M,43022,R,actual_packet_source_repeat,8,packet:8:696:compact:frontier_consolidation_fwcompact_medium_012980,companion,compact:frontier_consolidation_fwcompact_medium_012980,56,58,0.005842631217092276,6.838561534881592,6.8327189036644995
D_R_43022,chck_80M,43022,R,actual_packet_source_repeat,8,packet:8:697:compact:frontier_consolidation_fwcompact_medium_051541,companion,compact:frontier_consolidation_fwcompact_medium_051541,46,48,0.011693859472870827,6.784091472625732,6.772397613152862
D_R_43022,chck_80M,43022,R,actual_packet_source_repeat,8,packet:8:698:compact:frontier_consolidation_fwcompact_medium_036819,companion,compact:frontier_consolidation_fwcompact_medium_036819,44,46,0.00121007626876235,0.1135576069355011,0.11234753066673875
D_R_43022,chck_80M,43022,R,actual_packet_source_repeat,8,packet:8:699:compact:frontier_consolidation_fwcompact_medium_054164,companion,compact:frontier_consolidation_fwcompact_medium_054164,40,42,0.010816868394613266,9.302103996276855,9.291287127882242
D_R_43022,chck_80M,43022,R,actual_packet_source_repeat,8,packet:8:69:compact:frontier_consolidation_fwcompact_medium_033827,companion,compact:frontier_consolidation_fwcompact_medium_033827,47,49,0.009781407192349434,1.7146508693695068,1.7048694621771574
D_R_43022,chck_80M,43022,R,actual_packet_source_repeat,8,packet:8:6:compact:frontier_consolidation_fwcompact_medium_005391,companion,compact:frontier_consolidation_fwcompact_medium_005391,63,65,0.009762992151081562,6.815384387969971,6.805621395818889
D_R_43022,chck_80M,43022,R,actual_packet_source_repeat,8,packet:8:700:compact:frontier_consolidation_fwcompact_medium_017848,companion,compact:frontier_consolidation_fwcompact_medium_017848,59,61,0.01918603666126728,10.18358039855957,10.164394361898303
D_R_43022,chck_80M,43022,R,actual_packet_source_repeat,8,packet:8:701:compact:frontier_consolidation_fwcompact_medium_054871,companion,compact:frontier_consolidation_fwcompact_medium_054871,51,53,0.049255721271038055,3.980452060699463,3.931196339428425
D_R_43022,chck_80M,43022,R,actual_packet_source_repeat,8,packet:8:702:compact:frontier_consolidation_fwcompact_medium_051221,companion,compact:frontier_consolidation_fwcompact_medium_051221,26,28,0.03542572259902954,3.9774227142333984,3.941996991634369
D_R_43022,chck_80M,43022,R,actual_packet_source_repeat,8,packet:8:703:compact:frontier_consolidation_fwcompact_medium_007201,companion,compact:frontier_consolidation_fwcompact_medium_007201,59,61,0.1738879382610321,5.443262100219727,5.2693741619586945
D_R_43022,chck_80M,43022,R,actual_packet_source_repeat,8,packet:8:704:compact:frontier_consolidation_fwcompact_medium_016041,companion,compact:frontier_consolidation_fwcompact_medium_016041,27,29,0.00741917546838522,3.408104181289673,3.4006850058212876
D_R_43022,chck_80M,43022,R,actual_packet_source_repeat,8,packet:8:705:compact:frontier_consolidation_fwcompact_medium_053899,companion,compact:frontier_consolidation_fwcompact_medium_053899,68,70,0.0033218462485820055,0.4138607978820801,0.4105389516334981
D_R_43022,chck_80M,43022,R,actual_packet_source_repeat,8,packet:8:706:compact:frontier_consolidation_fwcompact_medium_014321,companion,compact:frontier_consolidation_fwcompact_medium_014321,30,32,0.1520049273967743,8.179253578186035,8.02724865078926
D_R_43022,chck_80M,43022,R,actual_packet_source_repeat,8,packet:8:707:compact:frontier_consolidation_fwcompact_medium_035570,companion,compact:frontier_consolidation_fwcompact_medium_035570,20,22,0.04329642280936241,1.061081886291504,1.0177854634821415
D_R_43022,chck_80M,43022,R,actual_packet_source_repeat,8,packet:8:708:compact:frontier_consolidation_fwcompact_medium_044441,companion,compact:frontier_consolidation_fwcompact_medium_044441,75,77,0.02020234800875187,11.10720443725586,11.087002089247108
D_R_43022,chck_80M,43022,R,actual_packet_source_repeat,8,packet:8:709:compact:frontier_consolidation_fwcompact_medium_032755,companion,compact:frontier_consolidation_fwcompact_medium_032755,89,91,0.0008027906878851354,1.7608616352081299,1.7600588445202447
D_R_43022,chck_80M,43022,R,actual_packet_source_repeat,8,packet:8:70:compact:frontier_consolidation_fwcompact_medium_002000,companion,compact:frontier_consolidation_fwcompact_medium_002000,49,51,0.030740216374397278,6.716432094573975,6.685691878199577
D_R_43022,chck_80M,43022,R,actual_packet_source_repeat,8,packet:8:710:compact:frontier_consolidation_fwcompact_medium_036219,companion,compact:frontier_consolidation_fwcompact_medium_036219,57,59,0.0009610801353119314,2.4682960510253906,2.4673349708900787
D_R_43022,chck_80M,43022,R,actual_packet_source_repeat,8,packet:8:711:compact:frontier_consolidation_fwcompact_medium_057559,companion,compact:frontier_consolidation_fwcompact_medium_057559,59,61,0.0012340081157162786,1.3977503776550293,1.396516369539313
D_R_43022,chck_80M,43022,R,actual_packet_source_repeat,8,packet:8:712:compact:frontier_consolidation_fwcompact_medium_001434,companion,compact:frontier_consolidation_fwcompact_medium_001434,73,75,0.008089516311883926,4.189599514007568,4.181509997695684
D_R_43022,chck_80M,43022,R,actual_packet_source_repeat,8,packet:8:713:compact:frontier_consolidation_fwcompact_medium_013446,companion,compact:frontier_consolidation_fwcompact_medium_013446,46,48,0.03165523707866669,9.099637031555176,9.067981794476509
D_R_43022,chck_80M,43022,R,actual_packet_source_repeat,8,packet:8:714:compact:frontier_consolidation_fwcompact_medium_012941,companion,compact:frontier_consolidation_fwcompact_medium_012941,78,80,0.0007133323233574629,1.8910338878631592,1.8903205555398017
D_R_43022,chck_80M,43022,R,actual_packet_source_repeat,8,packet:8:715:compact:frontier_consolidation_fwcompact_medium_018774,companion,compact:frontier_consolidation_fwcompact_medium_018774,40,42,0.002931228606030345,9.063228607177734,9.060297378571704
D_R_43022,chck_80M,43022,R,actual_packet_source_repeat,8,packet:8:716:compact:frontier_consolidation_fwcompact_medium_017830,companion,compact:frontier_consolidation_fwcompact_medium_017830,40,42,0.002188313053920865,5.481757640838623,5.479569327784702
D_R_43022,chck_80M,43022,R,actual_packet_source_repeat,8,packet:8:717:compact:frontier_consolidation_fwcompact_medium_035430,companion,compact:frontier_consolidation_fwcompact_medium_035430,50,52,0.00027581225731410086,0.37121355533599854,0.37093774307868443
D_R_43022,chck_80M,43022,R,actual_packet_source_repeat,8,packet:8:718:compact:frontier_consolidation_fwcompact_medium_031794,companion,compact:frontier_consolidation_fwcompact_medium_031794,50,52,0.0006042085005901754,0.2672288715839386,0.2666246630833484
D_R_43022,chck_80M,43022,R,actual_packet_source_repeat,8,packet:8:719:compact:frontier_consolidation_fwcompact_medium_015537,companion,compact:frontier_consolidation_fwcompact_medium_015537,104,106,0.0011143434094265103,0.14033488929271698,0.13922054588329047
D_R_43022,chck_80M,43022,R,actual_packet_source_repeat,8,packet:8:71:compact:frontier_consolidation_fwcompact_medium_043150,companion,compact:frontier_consolidation_fwcompact_medium_043150,60,62,0.04317951947450638,16.298320770263672,16.255141250789165
D_R_43022,chck_80M,43022,R,actual_packet_source_repeat,8,packet:8:720:compact:frontier_consolidation_fwcompact_medium_027395,companion,compact:frontier_consolidation_fwcompact_medium_027395,55,57,0.002205798402428627,1.3623707294464111,1.3601649310439825
D_R_43022,chck_80M,43022,R,actual_packet_source_repeat,8,packet:8:721:compact:frontier_consolidation_fwcompact_medium_035906,companion,compact:frontier_consolidation_fwcompact_medium_035906,46,48,0.039721690118312836,17.459548950195312,17.419827260077
D_R_43022,chck_80M,43022,R,actual_packet_source_repeat,8,packet:8:722:compact:frontier_consolidation_fwcompact_medium_048618,companion,compact:frontier_consolidation_fwcompact_medium_048618,35,37,0.03132278844714165,9.946938514709473,9.915615726262331
D_R_43022,chck_80M,43022,R,actual_packet_source_repeat,8,packet:8:723:compact:frontier_consolidation_fwcompact_medium_061266,companion,compact:frontier_consolidation_fwcompact_medium_061266,23,25,0.003896503010764718,0.12422265857458115,0.12032615556381643
D_R_43022,chck_80M,43022,R,actual_packet_source_repeat,8,packet:8:724:compact:frontier_consolidation_fwcompact_medium_021872,companion,compact:frontier_consolidation_fwcompact_medium_021872,46,48,0.0010345588671043515,0.0033655688166618347,0.002331009949557483
D_R_43022,chck_80M,43022,R,actual_packet_source_repeat,8,packet:8:725:compact:frontier_consolidation_fwcompact_medium_011676,companion,compact:frontier_consolidation_fwcompact_medium_011676,47,49,0.005900109186768532,0.03480144217610359,0.02890133298933506
D_R_43022,chck_80M,43022,R,actual_packet_source_repeat,8,packet:8:726:compact:frontier_consolidation_fwcompact_medium_053585,companion,compact:frontier_consolidation_fwcompact_medium_053585,87,89,0.015595030970871449,4.961334705352783,4.945739674381912
D_R_43022,chck_80M,43022,R,actual_packet_source_repeat,8,packet:8:727:compact:frontier_consolidation_fwcompact_medium_028243,companion,compact:frontier_consolidation_fwcompact_medium_028243,94,96,0.010000718757510185,7.205059051513672,7.195058332756162
D_R_43022,chck_80M,43022,R,actual_packet_source_repeat,8,packet:8:728:compact:frontier_consolidation_fwcompact_medium_043941,companion,compact:frontier_consolidation_fwcompact_medium_043941,58,60,0.007646103389561176,0.003977602813392878,-0.0036685005761682987
D_R_43022,chck_80M,43022,R,actual_packet_source_repeat,8,packet:8:729:compact:frontier_consolidation_fwcompact_medium_059987,companion,compact:frontier_consolidation_fwcompact_medium_059987,54,56,0.006540203001350164,4.5106587409973145,4.504118537995964
D_R_43022,chck_80M,43022,R,actual_packet_source_repeat,8,packet:8:72:compact:frontier_consolidation_fwcompact_medium_020508,companion,compact:frontier_consolidation_fwcompact_medium_020508,37,39,0.098661407828331,6.045682430267334,5.947021022439003
D_R_43022,chck_80M,43022,R,actual_packet_source_repeat,8,packet:8:730:compact:frontier_consolidation_fwcompact_medium_031393,companion,compact:frontier_consolidation_fwcompact_medium_031393,42,44,0.09073533862829208,5.395077228546143,5.3043418899178505
D_R_43022,chck_80M,43022,R,actual_packet_source_repeat,8,packet:8:731:compact:frontier_consolidation_fwcompact_medium_022527,companion,compact:frontier_consolidation_fwcompact_medium_022527,34,36,0.013144979253411293,8.786764144897461,8.77361916564405
D_R_43022,chck_80M,43022,R,actual_packet_source_repeat,8,packet:8:732:compact:frontier_consolidation_fwcompact_medium_053072,companion,compact:frontier_consolidation_fwcompact_medium_053072,38,40,0.0007286992622539401,1.2560230493545532,1.2552943500922993
D_R_43022,chck_80M,43022,R,actual_packet_source_repeat,8,packet:8:733:compact:frontier_consolidation_fwcompact_medium_001701,companion,compact:frontier_consolidation_fwcompact_medium_001701,30,32,0.009517178870737553,8.771512985229492,8.761995806358755
D_R_43022,chck_80M,43022,R,actual_packet_source_repeat,8,packet:8:734:compact:frontier_consolidation_fwcompact_medium_027023,companion,compact:frontier_consolidation_fwcompact_medium_027023,92,94,0.0009885906474664807,6.510325908660889,6.509337318013422
D_R_43022,chck_80M,43022,R,actual_packet_source_repeat,8,packet:8:735:compact:frontier_consolidation_fwcompact_medium_000044,companion,compact:frontier_consolidation_fwcompact_medium_000044,56,58,0.005489750299602747,1.5306568145751953,1.5251670642755926
D_R_43022,chck_80M,43022,R,actual_packet_source_repeat,8,packet:8:736:compact:frontier_consolidation_fwcompact_medium_014286,companion,compact:frontier_consolidation_fwcompact_medium_014286,36,38,0.00846394058316946,6.379085540771484,6.370621600188315
D_R_43022,chck_80M,43022,R,actual_packet_source_repeat,8,packet:8:737:compact:frontier_consolidation_fwcompact_medium_049883,companion,compact:frontier_consolidation_fwcompact_medium_049883,72,74,0.002776816952973604,7.764222621917725,7.761445804964751
D_R_43022,chck_80M,43022,R,actual_packet_source_repeat,8,packet:8:738:compact:frontier_consolidation_fwcompact_medium_006027,companion,compact:frontier_consolidation_fwcompact_medium_006027,44,46,0.028295399621129036,4.138967990875244,4.110672591254115
D_R_43022,chck_80M,43022,R,actual_packet_source_repeat,8,packet:8:739:compact:frontier_consolidation_fwcompact_medium_057751,companion,compact:frontier_consolidation_fwcompact_medium_057751,80,82,0.01803944632411003,1.1109133958816528,1.0928739495575428
D_R_43022,chck_80M,43022,R,actual_packet_source_repeat,8,packet:8:73:compact:frontier_consolidation_fwcompact_medium_025601,companion,compact:frontier_consolidation_fwcompact_medium_025601,30,32,0.014814604073762894,1.1143319606781006,1.0995173566043377
D_R_43022,chck_80M,43022,R,actual_packet_source_repeat,8,packet:8:740:compact:frontier_consolidation_fwcompact_medium_060374,companion,compact:frontier_consolidation_fwcompact_medium_060374,84,86,0.005002601072192192,5.876737594604492,5.8717349935323
D_R_43022,chck_80M,43022,R,actual_packet_source_repeat,8,packet:8:741:compact:frontier_consolidation_fwcompact_medium_033191,companion,compact:frontier_consolidation_fwcompact_medium_033191,54,56,0.002979246899485588,5.227880001068115,5.22490075416863
D_R_43022,chck_80M,43022,R,actual_packet_source_repeat,8,packet:8:742:compact:frontier_consolidation_fwcompact_medium_013019,companion,compact:frontier_consolidation_fwcompact_medium_013019,63,65,0.004068313166499138,5.155270576477051,5.151202263310552
D_R_43022,chck_80M,43022,R,actual_packet_source_repeat,8,packet:8:743:compact:frontier_consolidation_fwcompact_medium_050604,companion,compact:frontier_consolidation_fwcompact_medium_050604,43,45,0.004470592364668846,0.7239280939102173,0.7194575015455484
D_R_43022,chck_80M,43022,R,actual_packet_source_repeat,8,packet:8:744:compact:frontier_consolidation_fwcompact_medium_014621,companion,compact:frontier_consolidation_fwcompact_medium_014621,45,47,0.008535687811672688,3.9225783348083496,3.914042646996677
D_R_43022,chck_80M,43022,R,actual_packet_source_repeat,8,packet:8:745:compact:frontier_consolidation_fwcompact_medium_032280,companion,compact:frontier_consolidation_fwcompact_medium_032280,36,38,0.012265021912753582,7.714775085449219,7.702510063536465
D_R_43022,chck_80M,43022,R,actual_packet_source_repeat,8,packet:8:746:compact:frontier_consolidation_fwcompact_medium_025336,companion,compact:frontier_consolidation_fwcompact_medium_025336,80,82,0.004227629862725735,2.005274534225464,2.001046904362738
D_R_43022,chck_80M,43022,R,actual_packet_source_repeat,8,packet:8:747:compact:frontier_consolidation_fwcompact_medium_044115,companion,compact:frontier_consolidation_fwcompact_medium_044115,44,46,0.008364997804164886,5.136877059936523,5.1285120621323586
D_R_43022,chck_80M,43022,R,actual_packet_source_repeat,8,packet:8:748:compact:frontier_consolidation_fwcompact_medium_029167,companion,compact:frontier_consolidation_fwcompact_medium_029167,32,34,0.06466496735811234,11.02727222442627,10.962607257068157
D_R_43022,chck_80M,43022,R,actual_packet_source_repeat,8,packet:8:749:compact:frontier_consolidation_fwcompact_medium_054688,companion,compact:frontier_consolidation_fwcompact_medium_054688,32,34,0.06348916888237,1.3271446228027344,1.2636554539203644
D_R_43022,chck_80M,43022,R,actual_packet_source_repeat,8,packet:8:74:compact:frontier_consolidation_fwcompact_medium_001271,companion,compact:frontier_consolidation_fwcompact_medium_001271,66,68,0.008803248405456543,4.624549865722656,4.6157466173172
D_R_43022,chck_80M,43022,R,actual_packet_source_repeat,8,packet:8:750:compact:frontier_consolidation_fwcompact_medium_057347,companion,compact:frontier_consolidation_fwcompact_medium_057347,28,30,0.0018705505644902587,0.24675825238227844,0.24488770181778818
D_R_43022,chck_80M,43022,R,actual_packet_source_repeat,8,packet:8:751:compact:frontier_consolidation_fwcompact_medium_010507,companion,compact:frontier_consolidation_fwcompact_medium_010507,29,31,0.11795605719089508,5.671365261077881,5.553409203886986
D_R_43022,chck_80M,43022,R,actual_packet_source_repeat,8,packet:8:752:compact:frontier_consolidation_fwcompact_medium_025515,companion,compact:frontier_consolidation_fwcompact_medium_025515,35,37,0.0033582027535885572,0.9769260883331299,0.9735678855795413
D_R_43022,chck_80M,43022,R,actual_packet_source_repeat,8,packet:8:753:compact:frontier_consolidation_fwcompact_medium_050818,companion,compact:frontier_consolidation_fwcompact_medium_050818,85,87,0.01156719122081995,12.591353416442871,12.579786225222051
D_R_43022,chck_80M,43022,R,actual_packet_source_repeat,8,packet:8:754:compact:frontier_consolidation_fwcompact_medium_006050,companion,compact:frontier_consolidation_fwcompact_medium_006050,62,64,0.047991324216127396,6.561038494110107,6.51304716989398
D_R_43022,chck_80M,43022,R,actual_packet_source_repeat,8,packet:8:755:compact:frontier_consolidation_fwcompact_medium_049232,companion,compact:frontier_consolidation_fwcompact_medium_049232,27,29,0.0060815284959971905,0.337965726852417,0.3318841983564198
D_R_43022,chck_80M,43022,R,actual_packet_source_repeat,8,packet:8:756:compact:frontier_consolidation_fwcompact_medium_015748,companion,compact:frontier_consolidation_fwcompact_medium_015748,69,71,0.0005573864909820259,3.0086159706115723,3.0080585841205902
D_R_43022,chck_80M,43022,R,actual_packet_source_repeat,8,packet:8:757:compact:frontier_consolidation_fwcompact_medium_053253,companion,compact:frontier_consolidation_fwcompact_medium_053253,76,78,0.0012281740782782435,2.9024875164031982,2.90125934232492
D_R_43022,chck_80M,43022,R,actual_packet_source_repeat,8,packet:8:758:compact:frontier_consolidation_fwcompact_medium_015811,companion,compact:frontier_consolidation_fwcompact_medium_015811,48,50,0.0024588846135884523,4.994740962982178,4.992282078368589
D_R_43022,chck_80M,43022,R,actual_packet_source_repeat,8,packet:8:759:compact:frontier_consolidation_fwcompact_medium_039569,companion,compact:frontier_consolidation_fwcompact_medium_039569,62,64,0.011450170539319515,5.711882591247559,5.700432420708239
D_R_43022,chck_80M,43022,R,actual_packet_source_repeat,8,packet:8:75:compact:frontier_consolidation_fwcompact_medium_052765,companion,compact:frontier_consolidation_fwcompact_medium_052765,47,49,0.00621221074834466,9.017223358154297,9.011011147405952
D_R_43022,chck_80M,43022,R,actual_packet_source_repeat,8,packet:8:760:compact:frontier_consolidation_fwcompact_medium_045111,companion,compact:frontier_consolidation_fwcompact_medium_045111,30,32,0.025893032550811768,2.1708414554595947,2.144948422908783
D_R_43022,chck_80M,43022,R,actual_packet_source_repeat,8,packet:8:761:compact:frontier_consolidation_fwcompact_medium_023496,companion,compact:frontier_consolidation_fwcompact_medium_023496,53,55,0.00847126916050911,11.526261329650879,11.51779006049037
D_R_43022,chck_80M,43022,R,actual_packet_source_repeat,8,packet:8:762:compact:frontier_consolidation_fwcompact_medium_027372,companion,compact:frontier_consolidation_fwcompact_medium_027372,35,37,0.01009525079280138,6.159295082092285,6.149199831299484
D_R_43022,chck_80M,43022,R,actual_packet_source_repeat,8,packet:8:763:compact:frontier_consolidation_fwcompact_medium_018036,companion,compact:frontier_consolidation_fwcompact_medium_018036,46,48,0.0019425348145887256,1.0276129245758057,1.025670389761217
D_R_43022,chck_80M,43022,R,actual_packet_source_repeat,8,packet:8:764:compact:frontier_consolidation_fwcompact_medium_043908,companion,compact:frontier_consolidation_fwcompact_medium_043908,37,39,0.08189430832862854,14.505131721496582,14.423237413167953
D_R_43022,chck_80M,43022,R,actual_packet_source_repeat,8,packet:8:765:compact:frontier_consolidation_fwcompact_medium_061202,companion,compact:frontier_consolidation_fwcompact_medium_061202,45,47,0.04727330803871155,8.05496597290039,8.007692664861679
D_R_43022,chck_80M,43022,R,actual_packet_source_repeat,8,packet:8:766:compact:frontier_consolidation_fwcompact_medium_033453,companion,compact:frontier_consolidation_fwcompact_medium_033453,42,44,0.002835422521457076,6.763901710510254,6.761066287988797
D_R_43022,chck_80M,43022,R,actual_packet_source_repeat,8,packet:8:767:compact:frontier_consolidation_fwcompact_medium_002319,companion,compact:frontier_consolidation_fwcompact_medium_002319,42,44,0.02261129766702652,3.278071880340576,3.2554605826735497
D_R_43022,chck_80M,43022,R,actual_packet_source_repeat,8,packet:8:768:compact:frontier_consolidation_fwcompact_medium_029440,companion,compact:frontier_consolidation_fwcompact_medium_029440,32,34,0.02577395923435688,6.8370866775512695,6.811312718316913
D_R_43022,chck_80M,43022,R,actual_packet_source_repeat,8,packet:8:769:compact:frontier_consolidation_fwcompact_medium_057197,companion,compact:frontier_consolidation_fwcompact_medium_057197,39,41,0.01800478994846344,3.6441378593444824,3.626133069396019
D_R_43022,chck_80M,43022,R,actual_packet_source_repeat,8,packet:8:76:compact:frontier_consolidation_fwcompact_medium_021584,companion,compact:frontier_consolidation_fwcompact_medium_021584,61,63,0.006430765613913536,5.351797103881836,5.345366338267922
D_R_43022,chck_80M,43022,R,actual_packet_source_repeat,8,packet:8:770:compact:frontier_consolidation_fwcompact_medium_042528,companion,compact:frontier_consolidation_fwcompact_medium_042528,27,29,0.027412209659814835,7.5114898681640625,7.484077658504248
D_R_43022,chck_80M,43022,R,actual_packet_source_repeat,8,packet:8:771:compact:frontier_consolidation_fwcompact_medium_056382,companion,compact:frontier_consolidation_fwcompact_medium_056382,46,48,0.05753319710493088,7.423188209533691,7.3656550124287605
D_R_43022,chck_80M,43022,R,actual_packet_source_repeat,8,packet:8:772:compact:frontier_consolidation_fwcompact_medium_048166,companion,compact:frontier_consolidation_fwcompact_medium_048166,55,57,0.005568942986428738,8.696452140808105,8.690883197821677
D_R_43022,chck_80M,43022,R,actual_packet_source_repeat,8,packet:8:773:compact:frontier_consolidation_fwcompact_medium_001456,companion,compact:frontier_consolidation_fwcompact_medium_001456,37,39,0.019362840801477432,10.534405708312988,10.51504286751151
D_R_43022,chck_80M,43022,R,actual_packet_source_repeat,8,packet:8:774:compact:frontier_consolidation_fwcompact_medium_040649,companion,compact:frontier_consolidation_fwcompact_medium_040649,67,69,0.005934001877903938,5.501300811767578,5.495366809889674
D_R_43022,chck_80M,43022,R,actual_packet_source_repeat,8,packet:8:775:compact:frontier_consolidation_fwcompact_medium_031315,companion,compact:frontier_consolidation_fwcompact_medium_031315,42,44,0.0017487009754404426,4.160917282104492,4.159168581129052
D_R_43022,chck_80M,43022,R,actual_packet_source_repeat,8,packet:8:776:compact:frontier_consolidation_fwcompact_medium_040636,companion,compact:frontier_consolidation_fwcompact_medium_040636,44,46,0.0041937981732189655,10.112384796142578,10.10819099796936
D_R_43022,chck_80M,43022,R,actual_packet_source_repeat,8,packet:8:777:compact:frontier_consolidation_fwcompact_medium_017767,companion,compact:frontier_consolidation_fwcompact_medium_017767,41,43,0.12457803636789322,7.103193759918213,6.97861572355032
D_R_43022,chck_80M,43022,R,actual_packet_source_repeat,8,packet:8:778:compact:frontier_consolidation_fwcompact_medium_008731,companion,compact:frontier_consolidation_fwcompact_medium_008731,69,71,0.014358769170939922,0.024779345840215683,0.01042057666927576
D_R_43022,chck_80M,43022,R,actual_packet_source_repeat,8,packet:8:779:compact:frontier_consolidation_fwcompact_medium_050034,companion,compact:frontier_consolidation_fwcompact_medium_050034,53,55,0.002268005395308137,4.97404670715332,4.971778701758012
D_R_43022,chck_80M,43022,R,actual_packet_source_repeat,8,packet:8:77:compact:frontier_consolidation_fwcompact_medium_034271,companion,compact:frontier_consolidation_fwcompact_medium_034271,43,45,0.0011269653914496303,3.123599052429199,3.1224720870377496
D_R_43022,chck_80M,43022,R,actual_packet_source_repeat,8,packet:8:780:compact:frontier_consolidation_fwcompact_medium_002943,companion,compact:frontier_consolidation_fwcompact_medium_002943,56,58,0.007588962092995644,6.967853546142578,6.9602645840495825
D_R_43022,chck_80M,43022,R,actual_packet_source_repeat,8,packet:8:781:compact:frontier_consolidation_fwcompact_medium_007150,companion,compact:frontier_consolidation_fwcompact_medium_007150,57,59,0.00037305548903532326,0.3964579105377197,0.3960848550486844
D_R_43022,chck_80M,43022,R,actual_packet_source_repeat,8,packet:8:782:compact:frontier_consolidation_fwcompact_medium_052003,companion,compact:frontier_consolidation_fwcompact_medium_052003,36,38,0.011922763660550117,7.903111457824707,7.891188694164157
D_R_43022,chck_80M,43022,R,actual_packet_source_repeat,8,packet:8:783:compact:frontier_consolidation_fwcompact_medium_036865,companion,compact:frontier_consolidation_fwcompact_medium_036865,44,46,0.03541111201047897,8.057329177856445,8.021918065845966
D_R_43022,chck_80M,43022,R,actual_packet_source_repeat,8,packet:8:784:compact:frontier_consolidation_fwcompact_medium_054935,companion,compact:frontier_consolidation_fwcompact_medium_054935,47,49,0.03306005150079727,6.617501258850098,6.5844412073493
D_R_43022,chck_80M,43022,R,actual_packet_source_repeat,8,packet:8:785:compact:frontier_consolidation_fwcompact_medium_061333,companion,compact:frontier_consolidation_fwcompact_medium_061333,74,76,0.006865009665489197,2.2582554817199707,2.2513904720544815
D_R_43022,chck_80M,43022,R,actual_packet_source_repeat,8,packet:8:786:compact:frontier_consolidation_fwcompact_medium_006871,companion,compact:frontier_consolidation_fwcompact_medium_006871,119,121,0.0004371640970930457,1.8990275859832764,1.8985904218861833
D_R_43022,chck_80M,43022,R,actual_packet_source_repeat,8,packet:8:787:compact:frontier_consolidation_fwcompact_medium_054799,companion,compact:frontier_consolidation_fwcompact_medium_054799,51,53,0.004298020154237747,6.6431097984313965,6.638811778277159
D_R_43022,chck_80M,43022,R,actual_packet_source_repeat,8,packet:8:788:compact:frontier_consolidation_fwcompact_medium_014189,companion,compact:frontier_consolidation_fwcompact_medium_014189,45,47,0.05432301014661789,6.762007713317871,6.707684703171253
D_R_43022,chck_80M,43022,R,actual_packet_source_repeat,8,packet:8:789:compact:frontier_consolidation_fwcompact_medium_010255,companion,compact:frontier_consolidation_fwcompact_medium_010255,49,51,0.004659390542656183,7.9718804359436035,7.967221045400947
D_R_43022,chck_80M,43022,R,actual_packet_source_repeat,8,packet:8:78:compact:frontier_consolidation_fwcompact_medium_035656,companion,compact:frontier_consolidation_fwcompact_medium_035656,35,37,4.5536911784438416e-05,0.0003771070914808661,0.00033157017969642766
D_R_43022,chck_80M,43022,R,actual_packet_source_repeat,8,packet:8:790:compact:frontier_consolidation_fwcompact_medium_005652,companion,compact:frontier_consolidation_fwcompact_medium_005652,49,51,0.005360159557312727,4.9857940673828125,4.9804339078255
D_R_43022,chck_80M,43022,R,actual_packet_source_repeat,8,packet:8:791:compact:frontier_consolidation_fwcompact_medium_046563,companion,compact:frontier_consolidation_fwcompact_medium_046563,47,49,0.0013048476539552212,0.7600109577178955,0.7587061100639403
D_R_43022,chck_80M,43022,R,actual_packet_source_repeat,8,packet:8:792:compact:frontier_consolidation_fwcompact_medium_015343,companion,compact:frontier_consolidation_fwcompact_medium_015343,48,50,0.0064244880340993404,8.97410774230957,8.967683254275471
D_R_43022,chck_80M,43022,R,actual_packet_source_repeat,8,packet:8:793:compact:frontier_consolidation_fwcompact_medium_034531,companion,compact:frontier_consolidation_fwcompact_medium_034531,46,48,0.0011317284079268575,0.48872020840644836,0.4875884799985215
D_R_43022,chck_80M,43022,R,actual_packet_source_repeat,8,packet:8:794:compact:frontier_consolidation_fwcompact_medium_046914,companion,compact:frontier_consolidation_fwcompact_medium_046914,75,77,0.000947503256611526,0.10543276369571686,0.10448526043910533
D_R_43022,chck_80M,43022,R,actual_packet_source_repeat,8,packet:8:795:compact:frontier_consolidation_fwcompact_medium_036367,companion,compact:frontier_consolidation_fwcompact_medium_036367,38,40,0.007002692203968763,3.0665078163146973,3.0595051241107285
D_R_43022,chck_80M,43022,R,actual_packet_source_repeat,8,packet:8:796:compact:frontier_consolidation_fwcompact_medium_014280,companion,compact:frontier_consolidation_fwcompact_medium_014280,35,37,0.009549296461045742,3.9350426197052,3.9254933232441545
D_R_43022,chck_80M,43022,R,actual_packet_source_repeat,8,packet:8:797:compact:frontier_consolidation_fwcompact_medium_056488,companion,compact:frontier_consolidation_fwcompact_medium_056488,56,58,0.0027335442136973143,3.1348931789398193,3.132159634726122
D_R_43022,chck_80M,43022,R,actual_packet_source_repeat,8,packet:8:798:compact:frontier_consolidation_fwcompact_medium_029791,companion,compact:frontier_consolidation_fwcompact_medium_029791,27,29,0.0034560970962047577,6.511375904083252,6.507919806987047
D_R_43022,chck_80M,43022,R,actual_packet_source_repeat,8,packet:8:799:compact:frontier_consolidation_fwcompact_medium_051933,companion,compact:frontier_consolidation_fwcompact_medium_051933,58,60,0.002282991772517562,2.5060651302337646,2.503782138461247
D_R_43022,chck_80M,43022,R,actual_packet_source_repeat,8,packet:8:79:compact:frontier_consolidation_fwcompact_medium_045587,companion,compact:frontier_consolidation_fwcompact_medium_045587,69,71,0.0017027654685080051,8.266332626342773,8.264629860874265
D_R_43022,chck_80M,43022,R,actual_packet_source_repeat,8,packet:8:7:compact:frontier_consolidation_fwcompact_medium_023863,companion,compact:frontier_consolidation_fwcompact_medium_023863,38,40,0.028325412422418594,10.074722290039062,10.046396877616644
D_R_43022,chck_80M,43022,R,actual_packet_source_repeat,8,packet:8:800:compact:frontier_consolidation_fwcompact_medium_047419,companion,compact:frontier_consolidation_fwcompact_medium_047419,35,37,0.006483709439635277,7.456157207489014,7.449673498049378
D_R_43022,chck_80M,43022,R,actual_packet_source_repeat,8,packet:8:801:compact:frontier_consolidation_fwcompact_medium_035537,companion,compact:frontier_consolidation_fwcompact_medium_035537,52,54,0.07258370518684387,11.116266250610352,11.043682545423508
D_R_43022,chck_80M,43022,R,actual_packet_source_repeat,8,packet:8:802:compact:frontier_consolidation_fwcompact_medium_019638,companion,compact:frontier_consolidation_fwcompact_medium_019638,77,79,0.002964271232485771,2.6438567638397217,2.640892492607236
D_R_43022,chck_80M,43022,R,actual_packet_source_repeat,8,packet:8:803:compact:frontier_consolidation_fwcompact_medium_029230,companion,compact:frontier_consolidation_fwcompact_medium_029230,53,55,0.012392661534249783,1.2197966575622559,1.207403996028006
D_R_43022,chck_80M,43022,R,actual_packet_source_repeat,8,packet:8:804:compact:frontier_consolidation_fwcompact_medium_010502,companion,compact:frontier_consolidation_fwcompact_medium_010502,46,48,0.003377568442374468,1.3762147426605225,1.372837174218148
D_R_43022,chck_80M,43022,R,actual_packet_source_repeat,8,packet:8:805:compact:frontier_consolidation_fwcompact_medium_009039,companion,compact:frontier_consolidation_fwcompact_medium_009039,44,46,0.0003979606262873858,0.25876137614250183,0.25836341551621445
D_R_43022,chck_80M,43022,R,actual_packet_source_repeat,8,packet:8:806:compact:frontier_consolidation_fwcompact_medium_043116,companion,compact:frontier_consolidation_fwcompact_medium_043116,58,60,0.009030570276081562,0.15384609997272491,0.14481552969664335
D_R_43022,chck_80M,43022,R,actual_packet_source_repeat,8,packet:8:807:compact:frontier_consolidation_fwcompact_medium_020640,companion,compact:frontier_consolidation_fwcompact_medium_020640,61,63,0.0021002870053052902,2.199704647064209,2.1976043600589037
D_R_43022,chck_80M,43022,R,actual_packet_source_repeat,8,packet:8:808:compact:frontier_consolidation_fwcompact_medium_053569,companion,compact:frontier_consolidation_fwcompact_medium_053569,55,57,0.019735638052225113,2.371370792388916,2.351635154336691
D_R_43022,chck_80M,43022,R,actual_packet_source_repeat,8,packet:8:809:compact:frontier_consolidation_fwcompact_medium_003516,companion,compact:frontier_consolidation_fwcompact_medium_003516,56,58,0.014088108204305172,17.435710906982422,17.421622798778117
D_R_43022,chck_80M,43022,R,actual_packet_source_repeat,8,packet:8:80:compact:frontier_consolidation_fwcompact_medium_008385,companion,compact:frontier_consolidation_fwcompact_medium_008385,73,75,0.006632457487285137,5.180948257446289,5.174315799959004
D_R_43022,chck_80M,43022,R,actual_packet_source_repeat,8,packet:8:810:compact:frontier_consolidation_fwcompact_medium_007279,companion,compact:frontier_consolidation_fwcompact_medium_007279,23,25,0.0010202685371041298,0.1873406022787094,0.18632033374160528
D_R_43022,chck_80M,43022,R,actual_packet_source_repeat,8,packet:8:811:compact:frontier_consolidation_fwcompact_medium_023737,companion,compact:frontier_consolidation_fwcompact_medium_023737,39,41,0.013547740876674652,0.5598093271255493,0.5462615862488747
D_R_43022,chck_80M,43022,R,actual_packet_source_repeat,8,packet:8:812:compact:frontier_consolidation_fwcompact_medium_042828,companion,compact:frontier_consolidation_fwcompact_medium_042828,24,26,0.006879216991364956,1.284160852432251,1.277281635440886
D_R_43022,chck_80M,43022,R,actual_packet_source_repeat,8,packet:8:813:compact:frontier_consolidation_fwcompact_medium_003723,companion,compact:frontier_consolidation_fwcompact_medium_003723,41,43,0.009841375052928925,3.5163793563842773,3.5065379813313484
D_R_43022,chck_80M,43022,R,actual_packet_source_repeat,8,packet:8:814:compact:frontier_consolidation_fwcompact_medium_028965,companion,compact:frontier_consolidation_fwcompact_medium_028965,37,39,0.0036438989918679,13.4924955368042,13.488851637812331
D_R_43022,chck_80M,43022,R,actual_packet_source_repeat,8,packet:8:815:compact:frontier_consolidation_fwcompact_medium_013175,companion,compact:frontier_consolidation_fwcompact_medium_013175,105,107,0.0064459266141057014,14.387066841125488,14.380620914511383
D_R_43022,chck_80M,43022,R,actual_packet_source_repeat,8,packet:8:816:compact:frontier_consolidation_fwcompact_medium_003622,companion,compact:frontier_consolidation_fwcompact_medium_003622,48,50,0.029920849949121475,4.751870155334473,4.721949305385351
D_R_43022,chck_80M,43022,R,actual_packet_source_repeat,8,packet:8:817:compact:frontier_consolidation_fwcompact_medium_008144,companion,compact:frontier_consolidation_fwcompact_medium_008144,55,57,0.07254734635353088,3.520181179046631,3.4476338326931
D_R_43022,chck_80M,43022,R,actual_packet_source_repeat,8,packet:8:818:compact:frontier_consolidation_fwcompact_medium_045525,companion,compact:frontier_consolidation_fwcompact_medium_045525,41,43,0.001443654764443636,0.7015241384506226,0.7000804836861789
D_R_43022,chck_80M,43022,R,actual_packet_source_repeat,8,packet:8:819:compact:frontier_consolidation_fwcompact_medium_042087,companion,compact:frontier_consolidation_fwcompact_medium_042087,53,55,0.003985083196312189,7.698265075683594,7.694279992487282
D_R_43022,chck_80M,43022,R,actual_packet_source_repeat,8,packet:8:81:compact:frontier_consolidation_fwcompact_medium_002949,companion,compact:frontier_consolidation_fwcompact_medium_002949,72,74,0.08968190848827362,7.680319786071777,7.590637877583504
D_R_43022,chck_80M,43022,R,actual_packet_source_repeat,8,packet:8:820:compact:frontier_consolidation_fwcompact_medium_017315,companion,compact:frontier_consolidation_fwcompact_medium_017315,53,55,0.021908408030867577,8.86614990234375,8.844241494312882
D_R_43022,chck_80M,43022,R,actual_packet_source_repeat,8,packet:8:821:compact:frontier_consolidation_fwcompact_medium_025254,companion,compact:frontier_consolidation_fwcompact_medium_025254,34,36,0.02008773572742939,8.12608814239502,8.10600040666759
D_R_43022,chck_80M,43022,R,actual_packet_source_repeat,8,packet:8:822:compact:frontier_consolidation_fwcompact_medium_043401,companion,compact:frontier_consolidation_fwcompact_medium_043401,45,47,0.00020621081057470292,3.1921427249908447,3.19193651418027
D_R_43022,chck_80M,43022,R,actual_packet_source_repeat,8,packet:8:823:compact:frontier_consolidation_fwcompact_medium_027891,companion,compact:frontier_consolidation_fwcompact_medium_027891,49,51,0.0764356479048729,12.035652160644531,11.959216512739658
D_R_43022,chck_80M,43022,R,actual_packet_source_repeat,8,packet:8:824:compact:frontier_consolidation_fwcompact_medium_036308,companion,compact:frontier_consolidation_fwcompact_medium_036308,87,89,0.006817296147346497,11.632757186889648,11.625939890742302
D_R_43022,chck_80M,43022,R,actual_packet_source_repeat,8,packet:8:825:compact:frontier_consolidation_fwcompact_medium_005533,companion,compact:frontier_consolidation_fwcompact_medium_005533,56,58,0.0011245838832110167,1.5727993249893188,1.5716747411061078
D_R_43022,chck_80M,43022,R,actual_packet_source_repeat,8,packet:8:826:compact:frontier_consolidation_fwcompact_medium_043284,companion,compact:frontier_consolidation_fwcompact_medium_043284,49,51,0.0062851859256625175,4.860428333282471,4.854143147356808
D_R_43022,chck_80M,43022,R,actual_packet_source_repeat,8,packet:8:827:compact:frontier_consolidation_fwcompact_medium_007450,companion,compact:frontier_consolidation_fwcompact_medium_007450,33,35,0.006537834648042917,7.13832950592041,7.131791671272367
D_R_43022,chck_80M,43022,R,actual_packet_source_repeat,8,packet:8:828:compact:frontier_consolidation_fwcompact_medium_020891,companion,compact:frontier_consolidation_fwcompact_medium_020891,40,42,0.0021528657525777817,0.32721540331840515,0.32506253756582737
D_R_43022,chck_80M,43022,R,actual_packet_source_repeat,8,packet:8:829:compact:frontier_consolidation_fwcompact_medium_040977,companion,compact:frontier_consolidation_fwcompact_medium_040977,53,55,0.006389664486050606,5.061271667480469,5.054882002994418
D_R_43022,chck_80M,43022,R,actual_packet_source_repeat,8,packet:8:82:compact:frontier_consolidation_fwcompact_medium_033314,companion,compact:frontier_consolidation_fwcompact_medium_033314,25,27,0.014893178828060627,1.5747637748718262,1.5598705960437655
D_R_43022,chck_80M,43022,R,actual_packet_source_repeat,8,packet:8:830:compact:frontier_consolidation_fwcompact_medium_005910,companion,compact:frontier_consolidation_fwcompact_medium_005910,37,39,0.02570250816643238,1.5440806150436401,1.5183781068772078
D_R_43022,chck_80M,43022,R,actual_packet_source_repeat,8,packet:8:831:compact:frontier_consolidation_fwcompact_medium_000002,companion,compact:frontier_consolidation_fwcompact_medium_000002,29,31,0.003770862240344286,2.383821725845337,2.3800508636049926
D_R_43022,chck_80M,43022,R,actual_packet_source_repeat,8,packet:8:832:compact:frontier_consolidation_fwcompact_medium_030412,companion,compact:frontier_consolidation_fwcompact_medium_030412,58,60,0.024937141686677933,4.928165435791016,4.903228294104338
D_R_43022,chck_80M,43022,R,actual_packet_source_repeat,8,packet:8:833:compact:frontier_consolidation_fwcompact_medium_053258,companion,compact:frontier_consolidation_fwcompact_medium_053258,35,37,0.012935653328895569,10.269183158874512,10.256247505545616
D_R_43022,chck_80M,43022,R,actual_packet_source_repeat,8,packet:8:834:compact:frontier_consolidation_fwcompact_medium_033751,companion,compact:frontier_consolidation_fwcompact_medium_033751,68,70,0.022031323984265327,8.821525573730469,8.799494249746203
D_R_43022,chck_80M,43022,R,actual_packet_source_repeat,8,packet:8:835:compact:frontier_consolidation_fwcompact_medium_022627,companion,compact:frontier_consolidation_fwcompact_medium_022627,41,43,0.025445591658353806,5.032430171966553,5.006984580308199
D_R_43022,chck_80M,43022,R,actual_packet_source_repeat,8,packet:8:836:compact:frontier_consolidation_fwcompact_medium_020753,companion,compact:frontier_consolidation_fwcompact_medium_020753,49,51,0.02651616558432579,10.690390586853027,10.663874421268702
D_R_43022,chck_80M,43022,R,actual_packet_source_repeat,8,packet:8:837:compact:frontier_consolidation_fwcompact_medium_036165,companion,compact:frontier_consolidation_fwcompact_medium_036165,52,54,0.0030036119278520346,7.069514751434326,7.066511139506474
D_R_43022,chck_80M,43022,R,actual_packet_source_repeat,8,packet:8:838:compact:frontier_consolidation_fwcompact_medium_011908,companion,compact:frontier_consolidation_fwcompact_medium_011908,55,57,0.0732467845082283,9.416887283325195,9.343640498816967
D_R_43022,chck_80M,43022,R,actual_packet_source_repeat,8,packet:8:839:compact:frontier_consolidation_fwcompact_medium_041913,companion,compact:frontier_consolidation_fwcompact_medium_041913,59,61,0.00024184639914892614,0.0651010051369667,0.06485915873781778
D_R_43022,chck_80M,43022,R,actual_packet_source_repeat,8,packet:8:83:compact:frontier_consolidation_fwcompact_medium_025585,companion,compact:frontier_consolidation_fwcompact_medium_025585,57,59,0.0074592879973351955,9.527572631835938,9.520113343838602
D_R_43022,chck_80M,43022,R,actual_packet_source_repeat,8,packet:8:840:compact:frontier_consolidation_fwcompact_medium_044694,companion,compact:frontier_consolidation_fwcompact_medium_044694,29,31,0.00853734277188778,10.532297134399414,10.523759791627526
D_R_43022,chck_80M,43022,R,actual_packet_source_repeat,8,packet:8:841:compact:frontier_consolidation_fwcompact_medium_021114,companion,compact:frontier_consolidation_fwcompact_medium_021114,53,55,0.0026487763971090317,0.15995818376541138,0.15730940736830235
D_R_43022,chck_80M,43022,R,actual_packet_source_repeat,8,packet:8:842:compact:frontier_consolidation_fwcompact_medium_007467,companion,compact:frontier_consolidation_fwcompact_medium_007467,54,56,0.000771820661611855,0.06054529547691345,0.0597734748153016
D_R_43022,chck_80M,43022,R,actual_packet_source_repeat,8,packet:8:843:compact:frontier_consolidation_fwcompact_medium_039269,companion,compact:frontier_consolidation_fwcompact_medium_039269,61,63,0.002466376405209303,0.1988014429807663,0.196335066575557
D_R_43022,chck_80M,43022,R,actual_packet_source_repeat,8,packet:8:844:compact:frontier_consolidation_fwcompact_medium_022565,companion,compact:frontier_consolidation_fwcompact_medium_022565,44,46,0.07219871878623962,4.6713480949401855,4.599149376153946
D_R_43022,chck_80M,43022,R,actual_packet_source_repeat,8,packet:8:845:compact:frontier_consolidation_fwcompact_medium_060639,companion,compact:frontier_consolidation_fwcompact_medium_060639,63,65,0.0004477690381463617,0.6616358757019043,0.6611881066637579
D_R_43022,chck_80M,43022,R,actual_packet_source_repeat,8,packet:8:846:compact:frontier_consolidation_fwcompact_medium_009603,companion,compact:frontier_consolidation_fwcompact_medium_009603,82,84,0.004822765477001667,4.838674545288086,4.833851779811084
D_R_43022,chck_80M,43022,R,actual_packet_source_repeat,8,packet:8:847:compact:frontier_consolidation_fwcompact_medium_047048,companion,compact:frontier_consolidation_fwcompact_medium_047048,49,51,0.00282947882078588,0.7637555599212646,0.7609260811004788
D_R_43022,chck_80M,43022,R,actual_packet_source_repeat,8,packet:8:848:compact:frontier_consolidation_fwcompact_medium_049610,companion,compact:frontier_consolidation_fwcompact_medium_049610,90,92,0.0065852063708007336,0.02874990738928318,0.022164701018482447
D_R_43022,chck_80M,43022,R,actual_packet_source_repeat,8,packet:8:849:compact:frontier_consolidation_fwcompact_medium_003074,companion,compact:frontier_consolidation_fwcompact_medium_003074,31,33,0.04912986233830452,6.604040145874023,6.554910283535719
D_R_43022,chck_80M,43022,R,actual_packet_source_repeat,8,packet:8:84:compact:frontier_consolidation_fwcompact_medium_011976,companion,compact:frontier_consolidation_fwcompact_medium_011976,48,50,0.0038174153305590153,4.073148727416992,4.069331312086433
D_R_43022,chck_80M,43022,R,actual_packet_source_repeat,8,packet:8:850:compact:frontier_consolidation_fwcompact_medium_060880,companion,compact:frontier_consolidation_fwcompact_medium_060880,53,55,0.014196357689797878,6.453299045562744,6.439102687872946
D_R_43022,chck_80M,43022,R,actual_packet_source_repeat,8,packet:8:851:compact:frontier_consolidation_fwcompact_medium_021789,companion,compact:frontier_consolidation_fwcompact_medium_021789,76,78,0.003200292121618986,5.251609802246094,5.248409510124475
D_R_43022,chck_80M,43022,R,actual_packet_source_repeat,8,packet:8:852:compact:frontier_consolidation_fwcompact_medium_013574,companion,compact:frontier_consolidation_fwcompact_medium_013574,52,54,0.0022373187821358442,0.07753598690032959,0.07529866811819375
D_R_43022,chck_80M,43022,R,actual_packet_source_repeat,8,packet:8:853:compact:frontier_consolidation_fwcompact_medium_001339,companion,compact:frontier_consolidation_fwcompact_medium_001339,42,44,0.02021286077797413,6.52468204498291,6.504469184204936
D_R_43022,chck_80M,43022,R,actual_packet_source_repeat,8,packet:8:854:compact:frontier_consolidation_fwcompact_medium_020093,companion,compact:frontier_consolidation_fwcompact_medium_020093,58,60,0.16500823199748993,5.2518744468688965,5.0868662148714066
D_R_43022,chck_80M,43022,R,actual_packet_source_repeat,8,packet:8:855:compact:frontier_consolidation_fwcompact_medium_026684,companion,compact:frontier_consolidation_fwcompact_medium_026684,43,45,0.0023575627710670233,4.910494804382324,4.908137241611257
D_R_43022,chck_80M,43022,R,actual_packet_source_repeat,8,packet:8:856:compact:frontier_consolidation_fwcompact_medium_053624,companion,compact:frontier_consolidation_fwcompact_medium_053624,55,57,0.014517394825816154,14.956921577453613,14.942404182627797
D_R_43022,chck_80M,43022,R,actual_packet_source_repeat,8,packet:8:857:compact:frontier_consolidation_fwcompact_medium_008886,companion,compact:frontier_consolidation_fwcompact_medium_008886,123,125,0.00039402826223522425,0.16883592307567596,0.16844189481344074
D_R_43022,chck_80M,43022,R,actual_packet_source_repeat,8,packet:8:858:compact:frontier_consolidation_fwcompact_medium_008299,companion,compact:frontier_consolidation_fwcompact_medium_008299,68,70,0.013091916218400002,3.316044807434082,3.302952891215682
D_R_43022,chck_80M,43022,R,actual_packet_source_repeat,8,packet:8:859:compact:frontier_consolidation_fwcompact_medium_056308,companion,compact:frontier_consolidation_fwcompact_medium_056308,34,36,0.04918399825692177,10.67918872833252,10.630004730075598
D_R_43022,chck_80M,43022,R,actual_packet_source_repeat,8,packet:8:85:compact:frontier_consolidation_fwcompact_medium_055969,companion,compact:frontier_consolidation_fwcompact_medium_055969,23,25,0.0007443041540682316,1.139418601989746,1.1386742978356779
D_R_43022,chck_80M,43022,R,actual_packet_source_repeat,8,packet:8:860:compact:frontier_consolidation_fwcompact_medium_013253,companion,compact:frontier_consolidation_fwcompact_medium_013253,49,51,0.008016908541321754,2.297459840774536,2.2894429322332144
D_R_43022,chck_80M,43022,R,actual_packet_source_repeat,8,packet:8:861:compact:frontier_consolidation_fwcompact_medium_023834,companion,compact:frontier_consolidation_fwcompact_medium_023834,31,33,0.009312761947512627,3.8977675437927246,3.888454781845212
D_R_43022,chck_80M,43022,R,actual_packet_source_repeat,8,packet:8:862:compact:frontier_consolidation_fwcompact_medium_020515,companion,compact:frontier_consolidation_fwcompact_medium_020515,64,66,0.005582457408308983,3.561710834503174,3.556128377094865
D_R_43022,chck_80M,43022,R,actual_packet_source_repeat,8,packet:8:863:compact:frontier_consolidation_fwcompact_medium_003046,companion,compact:frontier_consolidation_fwcompact_medium_003046,66,68,0.0003275334893260151,1.3653314113616943,1.3650038778723683
D_R_43022,chck_80M,43022,R,actual_packet_source_repeat,8,packet:8:864:compact:frontier_consolidation_fwcompact_medium_007265,companion,compact:frontier_consolidation_fwcompact_medium_007265,46,48,0.023108817636966705,7.456934928894043,7.433826111257076
D_R_43022,chck_80M,43022,R,actual_packet_source_repeat,8,packet:8:865:compact:frontier_consolidation_fwcompact_medium_024836,companion,compact:frontier_consolidation_fwcompact_medium_024836,48,50,0.009156261570751667,12.329070091247559,12.319913829676807
D_R_43022,chck_80M,43022,R,actual_packet_source_repeat,8,packet:8:866:compact:frontier_consolidation_fwcompact_medium_025145,companion,compact:frontier_consolidation_fwcompact_medium_025145,46,48,0.003999212756752968,8.931783676147461,8.927784463390708
D_R_43022,chck_80M,43022,R,actual_packet_source_repeat,8,packet:8:867:compact:frontier_consolidation_fwcompact_medium_034488,companion,compact:frontier_consolidation_fwcompact_medium_034488,61,63,0.010084865614771843,10.00558090209961,9.995496036484838
D_R_43022,chck_80M,43022,R,actual_packet_source_repeat,8,packet:8:868:compact:frontier_consolidation_fwcompact_medium_041522,companion,compact:frontier_consolidation_fwcompact_medium_041522,57,59,0.005396560300141573,5.764434814453125,5.759038254152983
D_R_43022,chck_80M,43022,R,actual_packet_source_repeat,8,packet:8:869:compact:frontier_consolidation_fwcompact_medium_016970,companion,compact:frontier_consolidation_fwcompact_medium_016970,45,47,0.0015825617592781782,2.7220964431762695,2.7205138814169914
D_R_43022,chck_80M,43022,R,actual_packet_source_repeat,8,packet:8:86:compact:frontier_consolidation_fwcompact_medium_034145,companion,compact:frontier_consolidation_fwcompact_medium_034145,94,96,0.011474094353616238,6.890669822692871,6.879195728339255
D_R_43022,chck_80M,43022,R,actual_packet_source_repeat,8,packet:8:870:compact:frontier_consolidation_fwcompact_medium_007479,companion,compact:frontier_consolidation_fwcompact_medium_007479,51,53,0.0035508933942764997,0.08340626209974289,0.07985536870546639
D_R_43022,chck_80M,43022,R,actual_packet_source_repeat,8,packet:8:871:compact:frontier_consolidation_fwcompact_medium_042308,companion,compact:frontier_consolidation_fwcompact_medium_042308,57,59,0.009729701094329357,10.845783233642578,10.836053532548249
D_R_43022,chck_80M,43022,R,actual_packet_source_repeat,8,packet:8:872:compact:frontier_consolidation_fwcompact_medium_005734,companion,compact:frontier_consolidation_fwcompact_medium_005734,48,50,0.17747794091701508,5.614650726318359,5.437172785401344
D_R_43022,chck_80M,43022,R,actual_packet_source_repeat,8,packet:8:873:compact:frontier_consolidation_fwcompact_medium_022555,companion,compact:frontier_consolidation_fwcompact_medium_022555,55,57,0.01980389468371868,0.037227895110845566,0.017424000427126884
D_R_43022,chck_80M,43022,R,actual_packet_source_repeat,8,packet:8:874:compact:frontier_consolidation_fwcompact_medium_012783,companion,compact:frontier_consolidation_fwcompact_medium_012783,46,48,0.03930113837122917,11.677948951721191,11.638647813349962
D_R_43022,chck_80M,43022,R,actual_packet_source_repeat,8,packet:8:875:compact:frontier_consolidation_fwcompact_medium_045341,companion,compact:frontier_consolidation_fwcompact_medium_045341,40,42,0.0030317793134599924,4.660155773162842,4.657123993849382
D_R_43022,chck_80M,43022,R,actual_packet_source_repeat,8,packet:8:876:compact:frontier_consolidation_fwcompact_medium_012161,companion,compact:frontier_consolidation_fwcompact_medium_012161,69,71,0.030378205701708794,10.216499328613281,10.186121122911572
D_R_43022,chck_80M,43022,R,actual_packet_source_repeat,8,packet:8:877:compact:frontier_consolidation_fwcompact_medium_005182,companion,compact:frontier_consolidation_fwcompact_medium_005182,62,64,0.003532837610691786,5.124305248260498,5.120772410649806
D_R_43022,chck_80M,43022,R,actual_packet_source_repeat,8,packet:8:878:compact:frontier_consolidation_fwcompact_medium_024333,companion,compact:frontier_consolidation_fwcompact_medium_024333,70,72,0.005380197893828154,2.0359649658203125,2.0305847679264843
D_R_43022,chck_80M,43022,R,actual_packet_source_repeat,8,packet:8:879:compact:frontier_consolidation_fwcompact_medium_040266,companion,compact:frontier_consolidation_fwcompact_medium_040266,57,59,0.0012038849527016282,7.306273460388184,7.305069575435482
D_R_43022,chck_80M,43022,R,actual_packet_source_repeat,8,packet:8:87:compact:frontier_consolidation_fwcompact_medium_030137,companion,compact:frontier_consolidation_fwcompact_medium_030137,53,55,0.08582091331481934,3.802006483078003,3.7161855697631836
D_R_43022,chck_80M,43022,R,actual_packet_source_repeat,8,packet:8:880:compact:frontier_consolidation_fwcompact_medium_044075,companion,compact:frontier_consolidation_fwcompact_medium_044075,54,56,0.0004010588163509965,0.12207583338022232,0.12167477456387132
D_R_43022,chck_80M,43022,R,actual_packet_source_repeat,8,packet:8:881:compact:frontier_consolidation_fwcompact_medium_037695,companion,compact:frontier_consolidation_fwcompact_medium_037695,40,42,0.016510525718331337,4.327574729919434,4.311064204201102
D_R_43022,chck_80M,43022,R,actual_packet_source_repeat,8,packet:8:882:compact:frontier_consolidation_fwcompact_medium_016413,companion,compact:frontier_consolidation_fwcompact_medium_016413,35,37,0.007235868368297815,2.589668035507202,2.5824321671389043
D_R_43022,chck_80M,43022,R,actual_packet_source_repeat,8,packet:8:883:compact:frontier_consolidation_fwcompact_medium_015245,companion,compact:frontier_consolidation_fwcompact_medium_015245,43,45,0.008624921552836895,7.854770183563232,7.8461452620103955
D_R_43022,chck_80M,43022,R,actual_packet_source_repeat,8,packet:8:884:compact:frontier_consolidation_fwcompact_medium_042071,companion,compact:frontier_consolidation_fwcompact_medium_042071,44,46,0.005060245748609304,0.5036959648132324,0.4986357190646231
D_R_43022,chck_80M,43022,R,actual_packet_source_repeat,8,packet:8:885:compact:frontier_consolidation_fwcompact_medium_040794,companion,compact:frontier_consolidation_fwcompact_medium_040794,40,42,0.006711086258292198,7.25064754486084,7.243936458602548
D_R_43022,chck_80M,43022,R,actual_packet_source_repeat,8,packet:8:886:compact:frontier_consolidation_fwcompact_medium_005059,companion,compact:frontier_consolidation_fwcompact_medium_005059,48,50,0.022962501272559166,8.533763885498047,8.510801384225488
D_R_43022,chck_80M,43022,R,actual_packet_source_repeat,8,packet:8:887:compact:frontier_consolidation_fwcompact_medium_056549,companion,compact:frontier_consolidation_fwcompact_medium_056549,50,52,0.0023173640947788954,2.589262008666992,2.5869446445722133
D_R_43022,chck_80M,43022,R,actual_packet_source_repeat,8,packet:8:888:compact:frontier_consolidation_fwcompact_medium_032418,companion,compact:frontier_consolidation_fwcompact_medium_032418,53,55,0.0012694880133494735,6.658397674560547,6.657128186547197
D_R_43022,chck_80M,43022,R,actual_packet_source_repeat,8,packet:8:889:compact:frontier_consolidation_fwcompact_medium_057889,companion,compact:frontier_consolidation_fwcompact_medium_057889,46,48,0.0010724276071414351,0.10622096806764603,0.10514854046050459
D_R_43022,chck_80M,43022,R,actual_packet_source_repeat,8,packet:8:88:compact:frontier_consolidation_fwcompact_medium_052885,companion,compact:frontier_consolidation_fwcompact_medium_052885,76,78,0.00680652167648077,7.514991760253906,7.5081852385774255
D_R_43022,chck_80M,43022,R,actual_packet_source_repeat,8,packet:8:890:compact:frontier_consolidation_fwcompact_medium_029726,companion,compact:frontier_consolidation_fwcompact_medium_029726,56,58,0.009687435813248158,8.73056697845459,8.720879542641342
D_R_43022,chck_80M,43022,R,actual_packet_source_repeat,8,packet:8:891:compact:frontier_consolidation_fwcompact_medium_032370,companion,compact:frontier_consolidation_fwcompact_medium_032370,24,26,0.002503596246242523,0.014524326659739017,0.012020730413496494
D_R_43022,chck_80M,43022,R,actual_packet_source_repeat,8,packet:8:892:compact:frontier_consolidation_fwcompact_medium_027194,companion,compact:frontier_consolidation_fwcompact_medium_027194,33,35,0.030051346868276596,2.9543068408966064,2.92425549402833
D_R_43022,chck_80M,43022,R,actual_packet_source_repeat,8,packet:8:893:compact:frontier_consolidation_fwcompact_medium_034396,companion,compact:frontier_consolidation_fwcompact_medium_034396,37,39,0.00784459337592125,4.590456008911133,4.582611415535212
D_R_43022,chck_80M,43022,R,actual_packet_source_repeat,8,packet:8:894:compact:frontier_consolidation_fwcompact_medium_040730,companion,compact:frontier_consolidation_fwcompact_medium_040730,77,79,0.0037949702236801386,8.616779327392578,8.612984357168898
D_R_43022,chck_80M,43022,R,actual_packet_source_repeat,8,packet:8:895:compact:frontier_consolidation_fwcompact_medium_026336,companion,compact:frontier_consolidation_fwcompact_medium_026336,77,79,0.000445385929197073,1.6056716442108154,1.6052262582816184
D_R_43022,chck_80M,43022,R,actual_packet_source_repeat,8,packet:8:896:compact:frontier_consolidation_fwcompact_medium_027121,companion,compact:frontier_consolidation_fwcompact_medium_027121,65,67,0.0020026168785989285,0.9609387516975403,0.9589361348189414
D_R_43022,chck_80M,43022,R,actual_packet_source_repeat,8,packet:8:897:compact:frontier_consolidation_fwcompact_medium_005554,companion,compact:frontier_consolidation_fwcompact_medium_005554,27,29,0.02109437622129917,1.0071468353271484,0.9860524591058493
D_R_43022,chck_80M,43022,R,actual_packet_source_repeat,8,packet:8:898:compact:frontier_consolidation_fwcompact_medium_011104,companion,compact:frontier_consolidation_fwcompact_medium_011104,40,42,0.018586518242955208,6.658751964569092,6.640165446326137
D_R_43022,chck_80M,43022,R,actual_packet_source_repeat,8,packet:8:899:compact:frontier_consolidation_fwcompact_medium_042633,companion,compact:frontier_consolidation_fwcompact_medium_042633,38,40,0.016318555921316147,2.595515251159668,2.579196695238352
D_R_43022,chck_80M,43022,R,actual_packet_source_repeat,8,packet:8:89:compact:frontier_consolidation_fwcompact_medium_058066,companion,compact:frontier_consolidation_fwcompact_medium_058066,63,65,0.08985365182161331,11.152420997619629,11.062567345798016
D_R_43022,chck_80M,43022,R,actual_packet_source_repeat,8,packet:8:8:compact:frontier_consolidation_fwcompact_medium_037105,companion,compact:frontier_consolidation_fwcompact_medium_037105,73,75,0.006708244327455759,9.542766571044922,9.536058326717466
D_R_43022,chck_80M,43022,R,actual_packet_source_repeat,8,packet:8:90:compact:frontier_consolidation_fwcompact_medium_027963,companion,compact:frontier_consolidation_fwcompact_medium_027963,36,38,0.029198188334703445,10.099722862243652,10.070524673908949
D_R_43022,chck_80M,43022,R,actual_packet_source_repeat,8,packet:8:91:compact:frontier_consolidation_fwcompact_medium_003638,companion,compact:frontier_consolidation_fwcompact_medium_003638,66,68,0.014034389518201351,5.153764724731445,5.139730335213244
D_R_43022,chck_80M,43022,R,actual_packet_source_repeat,8,packet:8:92:compact:frontier_consolidation_fwcompact_medium_052648,companion,compact:frontier_consolidation_fwcompact_medium_052648,48,50,0.005559696350246668,0.9009032845497131,0.8953435881994665
D_R_43022,chck_80M,43022,R,actual_packet_source_repeat,8,packet:8:93:compact:frontier_consolidation_fwcompact_medium_049418,companion,compact:frontier_consolidation_fwcompact_medium_049418,51,53,0.013503402471542358,8.733692169189453,8.72018876671791
D_R_43022,chck_80M,43022,R,actual_packet_source_repeat,8,packet:8:94:compact:frontier_consolidation_fwcompact_medium_051883,companion,compact:frontier_consolidation_fwcompact_medium_051883,35,37,0.009561103768646717,3.401841640472412,3.3922805367037654
D_R_43022,chck_80M,43022,R,actual_packet_source_repeat,8,packet:8:95:compact:frontier_consolidation_fwcompact_medium_060888,companion,compact:frontier_consolidation_fwcompact_medium_060888,67,69,0.01602378860116005,4.320796966552734,4.304773177951574
D_R_43022,chck_80M,43022,R,actual_packet_source_repeat,8,packet:8:96:compact:frontier_consolidation_fwcompact_medium_031002,companion,compact:frontier_consolidation_fwcompact_medium_031002,75,77,0.006293360143899918,5.20648193359375,5.20018857344985
D_R_43022,chck_80M,43022,R,actual_packet_source_repeat,8,packet:8:97:compact:frontier_consolidation_fwcompact_medium_060933,companion,compact:frontier_consolidation_fwcompact_medium_060933,42,44,0.003270873799920082,6.325778484344482,6.322507610544562
D_R_43022,chck_80M,43022,R,actual_packet_source_repeat,8,packet:8:98:compact:frontier_consolidation_fwcompact_medium_025322,companion,compact:frontier_consolidation_fwcompact_medium_025322,47,49,0.004682409111410379,3.73187518119812,3.7271927720867097
D_R_43022,chck_80M,43022,R,actual_packet_source_repeat,8,packet:8:99:compact:frontier_consolidation_fwcompact_medium_035847,companion,compact:frontier_consolidation_fwcompact_medium_035847,35,37,0.00012957210128661245,0.0352805070579052,0.035150934956618585
D_R_43022,chck_80M,43022,R,actual_packet_source_repeat,8,packet:8:9:compact:frontier_consolidation_fwcompact_medium_012608,companion,compact:frontier_consolidation_fwcompact_medium_012608,38,40,0.011590758338570595,4.806718826293945,4.795128067955375
D_R_43022,chck_80M,43022,R,random_token_span,1,rand:1:0,second,,74,76,10.004959106445312,10.06393051147461,0.058971405029296875
D_R_43022,chck_80M,43022,R,random_token_span,1,rand:1:1,first,,81,83,14.619898796081543,12.593683242797852,-2.0262155532836914
D_R_43022,chck_80M,43022,R,random_token_span,1,rand:1:10,second,,67,69,14.074702262878418,14.074922561645508,0.00022029876708984375
D_R_43022,chck_80M,43022,R,random_token_span,1,rand:1:100,second,,59,61,13.975790023803711,14.096132278442383,0.12034225463867188
D_R_43022,chck_80M,43022,R,random_token_span,1,rand:1:101,first,,82,84,11.167586326599121,11.616596221923828,0.44900989532470703
D_R_43022,chck_80M,43022,R,random_token_span,1,rand:1:102,second,,84,86,8.909010887145996,10.24002456665039,1.3310136795043945
D_R_43022,chck_80M,43022,R,random_token_span,1,rand:1:103,first,,81,83,14.225465774536133,14.261093139648438,0.03562736511230469
D_R_43022,chck_80M,43022,R,random_token_span,1,rand:1:104,second,,59,61,14.125980377197266,14.316442489624023,0.1904621124267578
D_R_43022,chck_80M,43022,R,random_token_span,1,rand:1:105,first,,60,62,13.562017440795898,14.44459342956543,0.8825759887695312
D_R_43022,chck_80M,43022,R,random_token_span,1,rand:1:106,second,,80,82,13.922353744506836,14.010557174682617,0.08820343017578125
D_R_43022,chck_80M,43022,R,random_token_span,1,rand:1:107,first,,79,81,13.290157318115234,13.288736343383789,-0.0014209747314453125
D_R_43022,chck_80M,43022,R,random_token_span,1,rand:1:108,second,,62,64,12.229042053222656,12.446050643920898,0.2170085906982422
D_R_43022,chck_80M,43022,R,random_token_span,1,rand:1:109,first,,70,72,13.16378402709961,14.30190372467041,1.1381196975708008
D_R_43022,chck_80M,43022,R,random_token_span,1,rand:1:11,first,,55,57,12.621947288513184,12.942258834838867,0.3203115463256836
D_R_43022,chck_80M,43022,R,random_token_span,1,rand:1:110,second,,72,74,14.119246482849121,13.982085227966309,-0.1371612548828125
D_R_43022,chck_80M,43022,R,random_token_span,1,rand:1:111,first,,66,68,13.729276657104492,13.8060302734375,0.07675361633300781
D_R_43022,chck_80M,43022,R,random_token_span,1,rand:1:112,second,,62,64,9.849937438964844,10.79491901397705,0.944981575012207
D_R_43022,chck_80M,43022,R,random_token_span,1,rand:1:113,first,,45,47,12.659632682800293,12.533756256103516,-0.12587642669677734
D_R_43022,chck_80M,43022,R,random_token_span,1,rand:1:114,second,,43,45,10.681784629821777,10.74170207977295,0.059917449951171875
D_R_43022,chck_80M,43022,R,random_token_span,1,rand:1:115,first,,58,60,16.810407638549805,17.00819969177246,0.19779205322265625
D_R_43022,chck_80M,43022,R,random_token_span,1,rand:1:116,second,,73,75,11.473621368408203,11.883285522460938,0.4096641540527344
D_R_43022,chck_80M,43022,R,random_token_span,1,rand:1:117,first,,82,84,12.16866683959961,12.0687255859375,-0.09994125366210938
D_R_43022,chck_80M,43022,R,random_token_span,1,rand:1:118,second,,59,61,10.951661109924316,11.047821998596191,0.096160888671875
D_R_43022,chck_80M,43022,R,random_token_span,1,rand:1:119,first,,48,50,11.884920120239258,13.386835098266602,1.5019149780273438
D_R_43022,chck_80M,43022,R,random_token_span,1,rand:1:12,second,,71,73,13.874574661254883,13.862231254577637,-0.012343406677246094
D_R_43022,chck_80M,43022,R,random_token_span,1,rand:1:120,second,,93,95,10.629379272460938,11.86276626586914,1.2333869934082031
D_R_43022,chck_80M,43022,R,random_token_span,1,rand:1:121,first,,53,55,11.899581909179688,12.170076370239258,0.2704944610595703
D_R_43022,chck_80M,43022,R,random_token_span,1,rand:1:122,second,,82,84,9.926034927368164,9.795799255371094,-0.1302356719970703
D_R_43022,chck_80M,43022,R,random_token_span,1,rand:1:123,first,,65,67,13.485640525817871,13.851469039916992,0.3658285140991211
D_R_43022,chck_80M,43022,R,random_token_span,1,rand:1:124,second,,67,69,11.299203872680664,12.419394493103027,1.1201906204223633
D_R_43022,chck_80M,43022,R,random_token_span,1,rand:1:125,first,,61,63,8.87282657623291,9.154298782348633,0.28147220611572266
D_R_43022,chck_80M,43022,R,random_token_span,1,rand:1:126,second,,48,50,12.37098217010498,12.441900253295898,0.07091808319091797
D_R_43022,chck_80M,43022,R,random_token_span,1,rand:1:127,first,,72,74,11.636405944824219,11.961609840393066,0.32520389556884766
D_R_43022,chck_80M,43022,R,random_token_span,1,rand:1:128,second,,79,81,13.508794784545898,13.579463958740234,0.07066917419433594
D_R_43022,chck_80M,43022,R,random_token_span,1,rand:1:129,first,,66,68,13.402252197265625,13.599002838134766,0.19675064086914062
D_R_43022,chck_80M,43022,R,random_token_span,1,rand:1:13,first,,63,65,10.99790096282959,11.784948348999023,0.7870473861694336
D_R_43022,chck_80M,43022,R,random_token_span,1,rand:1:130,second,,54,56,13.002876281738281,13.659994125366211,0.6571178436279297
D_R_43022,chck_80M,43022,R,random_token_span,1,rand:1:131,first,,47,49,13.17398452758789,13.415236473083496,0.24125194549560547
D_R_43022,chck_80M,43022,R,random_token_span,1,rand:1:132,second,,56,58,13.618156433105469,14.217016220092773,0.5988597869873047
D_R_43022,chck_80M,43022,R,random_token_span,1,rand:1:133,first,,54,56,10.734654426574707,11.871438980102539,1.136784553527832
D_R_43022,chck_80M,43022,R,random_token_span,1,rand:1:134,second,,79,81,13.104996681213379,13.610394477844238,0.5053977966308594
D_R_43022,chck_80M,43022,R,random_token_span,1,rand:1:135,first,,58,60,11.685646057128906,11.577844619750977,-0.10780143737792969
D_R_43022,chck_80M,43022,R,random_token_span,1,rand:1:136,second,,67,69,6.408219814300537,7.441954612731934,1.0337347984313965
D_R_43022,chck_80M,43022,R,random_token_span,1,rand:1:137,first,,52,54,11.269075393676758,11.36667251586914,0.09759712219238281
D_R_43022,chck_80M,43022,R,random_token_span,1,rand:1:138,second,,56,58,14.775898933410645,14.767902374267578,-0.007996559143066406
D_R_43022,chck_80M,43022,R,random_token_span,1,rand:1:139,first,,59,61,13.661722183227539,13.724995613098145,0.06327342987060547
D_R_43022,chck_80M,43022,R,random_token_span,1,rand:1:14,second,,72,74,9.548418998718262,10.392587661743164,0.8441686630249023
D_R_43022,chck_80M,43022,R,random_token_span,1,rand:1:140,second,,95,97,12.312169075012207,12.988991737365723,0.6768226623535156
D_R_43022,chck_80M,43022,R,random_token_span,1,rand:1:141,first,,81,83,14.382837295532227,13.615331649780273,-0.7675056457519531
D_R_43022,chck_80M,43022,R,random_token_span,1,rand:1:142,second,,56,58,12.751056671142578,12.804885864257812,0.053829193115234375
D_R_43022,chck_80M,43022,R,random_token_span,1,rand:1:143,first,,46,48,10.918048858642578,11.325765609741211,0.4077167510986328
D_R_43022,chck_80M,43022,R,random_token_span,1,rand:1:144,second,,81,83,13.37741470336914,13.378403663635254,0.0009889602661132812
D_R_43022,chck_80M,43022,R,random_token_span,1,rand:1:145,first,,85,87,13.963406562805176,13.95760440826416,-0.005802154541015625
D_R_43022,chck_80M,43022,R,random_token_span,1,rand:1:146,second,,52,54,12.445758819580078,12.500184059143066,0.05442523956298828
D_R_43022,chck_80M,43022,R,random_token_span,1,rand:1:147,first,,65,67,15.278565406799316,15.394181251525879,0.1156158447265625
D_R_43022,chck_80M,43022,R,random_token_span,1,rand:1:148,second,,91,93,12.483662605285645,12.978975296020508,0.4953126907348633
D_R_43022,chck_80M,43022,R,random_token_span,1,rand:1:149,first,,64,66,13.326456069946289,14.376527786254883,1.0500717163085938
D_R_43022,chck_80M,43022,R,random_token_span,1,rand:1:15,first,,75,77,9.514972686767578,9.632974624633789,0.11800193786621094
D_R_43022,chck_80M,43022,R,random_token_span,1,rand:1:150,second,,75,77,10.908661842346191,10.916254043579102,0.007592201232910156
D_R_43022,chck_80M,43022,R,random_token_span,1,rand:1:151,first,,58,60,12.899702072143555,13.10975456237793,0.210052490234375
D_R_43022,chck_80M,43022,R,random_token_span,1,rand:1:152,second,,59,61,8.540826797485352,9.534717559814453,0.9938907623291016
D_R_43022,chck_80M,43022,R,random_token_span,1,rand:1:153,first,,80,82,15.208016395568848,15.171733856201172,-0.03628253936767578
D_R_43022,chck_80M,43022,R,random_token_span,1,rand:1:154,second,,64,66,11.72921085357666,11.910552024841309,0.18134117126464844
D_R_43022,chck_80M,43022,R,random_token_span,1,rand:1:155,first,,71,73,13.39177417755127,13.440271377563477,0.04849720001220703
D_R_43022,chck_80M,43022,R,random_token_span,1,rand:1:156,second,,78,80,12.662466049194336,12.835260391235352,0.17279434204101562
D_R_43022,chck_80M,43022,R,random_token_span,1,rand:1:157,first,,66,68,13.309738159179688,13.571523666381836,0.26178550720214844
D_R_43022,chck_80M,43022,R,random_token_span,1,rand:1:158,second,,64,66,6.044125556945801,7.08302116394043,1.038895606994629
D_R_43022,chck_80M,43022,R,random_token_span,1,rand:1:159,first,,72,74,14.179640769958496,11.359752655029297,-2.819888114929199
D_R_43022,chck_80M,43022,R,random_token_span,1,rand:1:16,second,,48,50,9.838865280151367,9.687929153442383,-0.15093612670898438
D_R_43022,chck_80M,43022,R,random_token_span,1,rand:1:160,second,,67,69,11.454506874084473,11.743829727172852,0.2893228530883789
D_R_43022,chck_80M,43022,R,random_token_span,1,rand:1:161,first,,78,80,9.711299896240234,9.738622665405273,0.027322769165039062
D_R_43022,chck_80M,43022,R,random_token_span,1,rand:1:162,second,,63,65,14.200220108032227,14.114092826843262,-0.08612728118896484
D_R_43022,chck_80M,43022,R,random_token_span,1,rand:1:163,first,,64,66,5.972654342651367,8.914003372192383,2.9413490295410156
D_R_43022,chck_80M,43022,R,random_token_span,1,rand:1:164,second,,52,54,4.818211555480957,14.972057342529297,10.15384578704834
D_R_43022,chck_80M,43022,R,random_token_span,1,rand:1:165,first,,53,55,5.937513828277588,6.596926212310791,0.6594123840332031
D_R_43022,chck_80M,43022,R,random_token_span,1,rand:1:166,second,,73,75,5.8852338790893555,8.771449089050293,2.8862152099609375
D_R_43022,chck_80M,43022,R,random_token_span,1,rand:1:167,first,,61,63,8.775105476379395,10.545120239257812,1.770014762878418
D_R_43022,chck_80M,43022,R,random_token_span,1,rand:1:168,second,,64,66,9.86484146118164,10.089134216308594,0.22429275512695312
D_R_43022,chck_80M,43022,R,random_token_span,1,rand:1:169,first,,78,80,2.4372198581695557,13.566438674926758,11.129218816757202
D_R_43022,chck_80M,43022,R,random_token_span,1,rand:1:17,first,,51,53,12.994210243225098,13.143494606018066,0.14928436279296875
D_R_43022,chck_80M,43022,R,random_token_span,1,rand:1:170,second,,72,74,10.450250625610352,11.088079452514648,0.6378288269042969
D_R_43022,chck_80M,43022,R,random_token_span,1,rand:1:171,first,,64,66,11.511573791503906,12.35084056854248,0.8392667770385742
D_R_43022,chck_80M,43022,R,random_token_span,1,rand:1:172,second,,54,56,10.554852485656738,10.489370346069336,-0.06548213958740234
D_R_43022,chck_80M,43022,R,random_token_span,1,rand:1:173,first,,89,91,12.608576774597168,13.29057788848877,0.6820011138916016
D_R_43022,chck_80M,43022,R,random_token_span,1,rand:1:174,second,,46,48,6.996397018432617,7.396013259887695,0.3996162414550781
D_R_43022,chck_80M,43022,R,random_token_span,1,rand:1:175,first,,62,64,13.877349853515625,14.211250305175781,0.33390045166015625
D_R_43022,chck_80M,43022,R,random_token_span,1,rand:1:176,second,,65,67,15.787396430969238,15.898821830749512,0.11142539978027344
D_R_43022,chck_80M,43022,R,random_token_span,1,rand:1:177,first,,74,76,11.676827430725098,11.933073043823242,0.25624561309814453
D_R_43022,chck_80M,43022,R,random_token_span,1,rand:1:178,second,,55,57,15.6004056930542,15.527032852172852,-0.07337284088134766
D_R_43022,chck_80M,43022,R,random_token_span,1,rand:1:179,first,,71,73,12.224015235900879,12.235275268554688,0.011260032653808594
D_R_43022,chck_80M,43022,R,random_token_span,1,rand:1:18,second,,72,74,14.227790832519531,14.553887367248535,0.3260965347290039
D_R_43022,chck_80M,43022,R,random_token_span,1,rand:1:180,second,,78,80,12.016143798828125,12.00186538696289,-0.014278411865234375
D_R_43022,chck_80M,43022,R,random_token_span,1,rand:1:181,first,,77,79,15.919931411743164,16.080707550048828,0.16077613830566406
D_R_43022,chck_80M,43022,R,random_token_span,1,rand:1:182,second,,55,57,11.840916633605957,11.9613037109375,0.12038707733154297
D_R_43022,chck_80M,43022,R,random_token_span,1,rand:1:183,first,,79,81,10.702699661254883,10.882072448730469,0.17937278747558594
D_R_43022,chck_80M,43022,R,random_token_span,1,rand:1:184,second,,65,67,13.598438262939453,13.73658275604248,0.13814449310302734
D_R_43022,chck_80M,43022,R,random_token_span,1,rand:1:185,first,,77,79,13.465259552001953,13.67622184753418,0.21096229553222656
D_R_43022,chck_80M,43022,R,random_token_span,1,rand:1:186,second,,44,46,11.404531478881836,11.663013458251953,0.2584819793701172
D_R_43022,chck_80M,43022,R,random_token_span,1,rand:1:187,first,,57,59,11.79334831237793,11.858132362365723,0.06478404998779297
D_R_43022,chck_80M,43022,R,random_token_span,1,rand:1:188,second,,67,69,8.250531196594238,9.563854217529297,1.3133230209350586
D_R_43022,chck_80M,43022,R,random_token_span,1,rand:1:189,first,,70,72,11.333946228027344,11.455673217773438,0.12172698974609375
D_R_43022,chck_80M,43022,R,random_token_span,1,rand:1:19,first,,72,74,11.249561309814453,11.231313705444336,-0.018247604370117188
D_R_43022,chck_80M,43022,R,random_token_span,1,rand:1:190,second,,61,63,7.039588928222656,7.454107761383057,0.4145188331604004
D_R_43022,chck_80M,43022,R,random_token_span,1,rand:1:191,first,,72,74,12.43853759765625,12.526033401489258,0.08749580383300781
D_R_43022,chck_80M,43022,R,random_token_span,1,rand:1:192,second,,70,72,11.854074478149414,11.722395896911621,-0.13167858123779297
D_R_43022,chck_80M,43022,R,random_token_span,1,rand:1:193,first,,56,58,10.64055061340332,11.2225980758667,0.5820474624633789
D_R_43022,chck_80M,43022,R,random_token_span,1,rand:1:194,second,,55,57,11.35753059387207,11.857184410095215,0.49965381622314453
D_R_43022,chck_80M,43022,R,random_token_span,1,rand:1:195,first,,72,74,16.143360137939453,16.202545166015625,0.059185028076171875
D_R_43022,chck_80M,43022,R,random_token_span,1,rand:1:196,second,,81,83,15.940656661987305,16.004453659057617,0.0637969970703125
D_R_43022,chck_80M,43022,R,random_token_span,1,rand:1:197,first,,64,66,12.793145179748535,12.881077766418457,0.08793258666992188
D_R_43022,chck_80M,43022,R,random_token_span,1,rand:1:198,second,,65,67,9.422880172729492,10.608376502990723,1.1854963302612305
D_R_43022,chck_80M,43022,R,random_token_span,1,rand:1:199,first,,94,96,10.991456031799316,10.97958755493164,-0.011868476867675781
D_R_43022,chck_80M,43022,R,random_token_span,1,rand:1:2,second,,64,66,11.279012680053711,11.471731185913086,0.192718505859375
D_R_43022,chck_80M,43022,R,random_token_span,1,rand:1:20,second,,60,62,9.517024993896484,9.513924598693848,-0.0031003952026367188
D_R_43022,chck_80M,43022,R,random_token_span,1,rand:1:200,second,,53,55,16.376781463623047,16.623559951782227,0.2467784881591797
D_R_43022,chck_80M,43022,R,random_token_span,1,rand:1:201,first,,85,87,11.891228675842285,12.108574867248535,0.21734619140625
D_R_43022,chck_80M,43022,R,random_token_span,1,rand:1:202,second,,58,60,13.88663387298584,13.652948379516602,-0.23368549346923828
D_R_43022,chck_80M,43022,R,random_token_span,1,rand:1:203,first,,63,65,9.965616226196289,11.744987487792969,1.7793712615966797
D_R_43022,chck_80M,43022,R,random_token_span,1,rand:1:204,second,,57,59,12.856983184814453,12.95743179321289,0.1004486083984375
D_R_43022,chck_80M,43022,R,random_token_span,1,rand:1:205,first,,50,52,12.318937301635742,11.385649681091309,-0.9332876205444336
D_R_43022,chck_80M,43022,R,random_token_span,1,rand:1:206,second,,76,78,14.615850448608398,16.146869659423828,1.5310192108154297
D_R_43022,chck_80M,43022,R,random_token_span,1,rand:1:207,first,,65,67,12.577850341796875,12.821907997131348,0.24405765533447266
D_R_43022,chck_80M,43022,R,random_token_span,1,rand:1:208,second,,39,41,9.682563781738281,10.267641067504883,0.5850772857666016
D_R_43022,chck_80M,43022,R,random_token_span,1,rand:1:209,first,,44,46,10.467972755432129,11.32714557647705,0.8591728210449219
D_R_43022,chck_80M,43022,R,random_token_span,1,rand:1:21,first,,80,82,13.41132640838623,12.112837791442871,-1.2984886169433594
D_R_43022,chck_80M,43022,R,random_token_span,1,rand:1:210,second,,70,72,11.533592224121094,11.708064079284668,0.17447185516357422
D_R_43022,chck_80M,43022,R,random_token_span,1,rand:1:211,first,,73,75,15.165511131286621,15.212608337402344,0.047097206115722656
D_R_43022,chck_80M,43022,R,random_token_span,1,rand:1:212,second,,65,67,11.52165412902832,11.30078125,-0.2208728790283203
D_R_43022,chck_80M,43022,R,random_token_span,1,rand:1:213,first,,69,71,11.80471420288086,12.029093742370605,0.2243795394897461
D_R_43022,chck_80M,43022,R,random_token_span,1,rand:1:214,second,,61,63,16.041370391845703,16.23662567138672,0.19525527954101562
D_R_43022,chck_80M,43022,R,random_token_span,1,rand:1:215,first,,63,65,11.291268348693848,12.148377418518066,0.8571090698242188
D_R_43022,chck_80M,43022,R,random_token_span,1,rand:1:216,second,,65,67,9.641201972961426,9.75033187866211,0.1091299057006836
D_R_43022,chck_80M,43022,R,random_token_span,1,rand:1:217,first,,60,62,11.566286087036133,11.474508285522461,-0.09177780151367188
D_R_43022,chck_80M,43022,R,random_token_span,1,rand:1:218,second,,57,59,10.92338752746582,11.806990623474121,0.8836030960083008
D_R_43022,chck_80M,43022,R,random_token_span,1,rand:1:219,first,,73,75,6.552286148071289,8.538680076599121,1.986393928527832
D_R_43022,chck_80M,43022,R,random_token_span,1,rand:1:22,second,,52,54,10.627521514892578,16.033720016479492,5.406198501586914
D_R_43022,chck_80M,43022,R,random_token_span,1,rand:1:220,second,,84,86,14.042868614196777,14.261369705200195,0.21850109100341797
D_R_43022,chck_80M,43022,R,random_token_span,1,rand:1:221,first,,72,74,12.649938583374023,12.925708770751953,0.2757701873779297
D_R_43022,chck_80M,43022,R,random_token_span,1,rand:1:222,second,,59,61,10.3443021774292,11.753257751464844,1.4089555740356445
D_R_43022,chck_80M,43022,R,random_token_span,1,rand:1:223,first,,58,60,13.719736099243164,14.112624168395996,0.39288806915283203
D_R_43022,chck_80M,43022,R,random_token_span,1,rand:1:224,second,,57,59,13.794958114624023,13.797126770019531,0.0021686553955078125
D_R_43022,chck_80M,43022,R,random_token_span,1,rand:1:225,first,,71,73,15.083206176757812,15.27586555480957,0.1926593780517578
D_R_43022,chck_80M,43022,R,random_token_span,1,rand:1:226,second,,80,82,15.967049598693848,15.470285415649414,-0.4967641830444336
D_R_43022,chck_80M,43022,R,random_token_span,1,rand:1:227,first,,61,63,18.726917266845703,19.172929763793945,0.4460124969482422
D_R_43022,chck_80M,43022,R,random_token_span,1,rand:1:228,second,,94,96,10.621103286743164,10.5072603225708,-0.11384296417236328
D_R_43022,chck_80M,43022,R,random_token_span,1,rand:1:229,first,,66,68,14.909306526184082,14.020698547363281,-0.8886079788208008
D_R_43022,chck_80M,43022,R,random_token_span,1,rand:1:23,first,,67,69,16.5682315826416,16.426538467407227,-0.141693115234375
D_R_43022,chck_80M,43022,R,random_token_span,1,rand:1:230,second,,66,68,11.873851776123047,12.10157299041748,0.2277212142944336
D_R_43022,chck_80M,43022,R,random_token_span,1,rand:1:231,first,,64,66,8.78371810913086,9.263675689697266,0.47995758056640625
D_R_43022,chck_80M,43022,R,random_token_span,1,rand:1:232,second,,72,74,10.864543914794922,12.529341697692871,1.6647977828979492
D_R_43022,chck_80M,43022,R,random_token_span,1,rand:1:233,first,,84,86,9.572502136230469,9.632562637329102,0.06006050109863281
D_R_43022,chck_80M,43022,R,random_token_span,1,rand:1:234,second,,50,52,7.091092109680176,10.278956413269043,3.187864303588867
D_R_43022,chck_80M,43022,R,random_token_span,1,rand:1:235,first,,70,72,15.088295936584473,14.913365364074707,-0.17493057250976562
D_R_43022,chck_80M,43022,R,random_token_span,1,rand:1:236,second,,61,63,13.31606674194336,13.368975639343262,0.052908897399902344
D_R_43022,chck_80M,43022,R,random_token_span,1,rand:1:237,first,,66,68,9.148402214050293,9.153841018676758,0.005438804626464844
D_R_43022,chck_80M,43022,R,random_token_span,1,rand:1:238,second,,67,69,10.13508415222168,11.763785362243652,1.6287012100219727
D_R_43022,chck_80M,43022,R,random_token_span,1,rand:1:239,first,,60,62,10.109458923339844,10.155689239501953,0.046230316162109375
D_R_43022,chck_80M,43022,R,random_token_span,1,rand:1:24,second,,74,76,14.02487850189209,13.833769798278809,-0.19110870361328125
D_R_43022,chck_80M,43022,R,random_token_span,1,rand:1:240,second,,66,68,8.966596603393555,9.09584903717041,0.12925243377685547
D_R_43022,chck_80M,43022,R,random_token_span,1,rand:1:241,first,,62,64,10.812520027160645,11.28696060180664,0.4744405746459961
D_R_43022,chck_80M,43022,R,random_token_span,1,rand:1:242,second,,59,61,13.472066879272461,13.914219856262207,0.4421529769897461
D_R_43022,chck_80M,43022,R,random_token_span,1,rand:1:243,first,,65,67,9.207775115966797,9.293661117553711,0.08588600158691406
D_R_43022,chck_80M,43022,R,random_token_span,1,rand:1:244,second,,70,72,13.084477424621582,13.82390308380127,0.7394256591796875
D_R_43022,chck_80M,43022,R,random_token_span,1,rand:1:245,first,,55,57,10.223136901855469,10.908499717712402,0.6853628158569336
D_R_43022,chck_80M,43022,R,random_token_span,1,rand:1:246,second,,70,72,10.499738693237305,11.615185737609863,1.1154470443725586
D_R_43022,chck_80M,43022,R,random_token_span,1,rand:1:247,first,,71,73,9.34344482421875,9.73876953125,0.39532470703125
D_R_43022,chck_80M,43022,R,random_token_span,1,rand:1:248,second,,56,58,12.191235542297363,12.183208465576172,-0.008027076721191406
D_R_43022,chck_80M,43022,R,random_token_span,1,rand:1:249,first,,56,58,10.621454238891602,10.833162307739258,0.21170806884765625
D_R_43022,chck_80M,43022,R,random_token_span,1,rand:1:25,first,,52,54,11.01502513885498,13.864653587341309,2.849628448486328
D_R_43022,chck_80M,43022,R,random_token_span,1,rand:1:250,second,,68,70,14.176698684692383,13.342474937438965,-0.834223747253418
D_R_43022,chck_80M,43022,R,random_token_span,1,rand:1:251,first,,58,60,9.207361221313477,11.258275985717773,2.050914764404297
D_R_43022,chck_80M,43022,R,random_token_span,1,rand:1:252,second,,68,70,11.188274383544922,11.943307876586914,0.7550334930419922
D_R_43022,chck_80M,43022,R,random_token_span,1,rand:1:253,first,,73,75,5.1709208488464355,11.41724681854248,6.246325969696045
D_R_43022,chck_80M,43022,R,random_token_span,1,rand:1:254,second,,78,80,12.38791275024414,11.997720718383789,-0.39019203186035156
D_R_43022,chck_80M,43022,R,random_token_span,1,rand:1:255,first,,70,72,11.251506805419922,12.379355430603027,1.1278486251831055
D_R_43022,chck_80M,43022,R,random_token_span,1,rand:1:256,second,,70,72,10.445570945739746,10.651805877685547,0.20623493194580078
D_R_43022,chck_80M,43022,R,random_token_span,1,rand:1:257,first,,62,64,9.80401611328125,10.38278579711914,0.5787696838378906
D_R_43022,chck_80M,43022,R,random_token_span,1,rand:1:258,second,,45,47,16.52434539794922,16.41396141052246,-0.11038398742675781
D_R_43022,chck_80M,43022,R,random_token_span,1,rand:1:259,first,,57,59,14.83649730682373,14.343700408935547,-0.4927968978881836
D_R_43022,chck_80M,43022,R,random_token_span,1,rand:1:26,second,,39,41,14.721321105957031,14.220109939575195,-0.5012111663818359
D_R_43022,chck_80M,43022,R,random_token_span,1,rand:1:260,second,,63,65,8.446009635925293,10.748512268066406,2.3025026321411133
D_R_43022,chck_80M,43022,R,random_token_span,1,rand:1:261,first,,66,68,10.964512825012207,11.175812721252441,0.21129989624023438
D_R_43022,chck_80M,43022,R,random_token_span,1,rand:1:262,second,,68,70,10.00621223449707,10.603616714477539,0.5974044799804688
D_R_43022,chck_80M,43022,R,random_token_span,1,rand:1:263,first,,62,64,10.046486854553223,10.29254150390625,0.24605464935302734
D_R_43022,chck_80M,43022,R,random_token_span,1,rand:1:264,second,,70,72,12.669404983520508,12.830047607421875,0.1606426239013672
D_R_43022,chck_80M,43022,R,random_token_span,1,rand:1:265,first,,68,70,12.353992462158203,12.101859092712402,-0.2521333694458008
D_R_43022,chck_80M,43022,R,random_token_span,1,rand:1:266,second,,73,75,11.0648832321167,12.90594482421875,1.8410615921020508
D_R_43022,chck_80M,43022,R,random_token_span,1,rand:1:267,first,,74,76,11.327559471130371,11.973052978515625,0.6454935073852539
D_R_43022,chck_80M,43022,R,random_token_span,1,rand:1:268,second,,57,59,15.276897430419922,15.756068229675293,0.4791707992553711
D_R_43022,chck_80M,43022,R,random_token_span,1,rand:1:269,first,,57,59,14.739320755004883,14.640228271484375,-0.09909248352050781
D_R_43022,chck_80M,43022,R,random_token_span,1,rand:1:27,first,,47,49,17.072179794311523,17.333166122436523,0.260986328125
D_R_43022,chck_80M,43022,R,random_token_span,1,rand:1:270,second,,70,72,13.741486549377441,13.729525566101074,-0.011960983276367188
D_R_43022,chck_80M,43022,R,random_token_span,1,rand:1:271,first,,90,92,16.923274993896484,16.80223274230957,-0.12104225158691406
D_R_43022,chck_80M,43022,R,random_token_span,1,rand:1:272,second,,69,71,9.964639663696289,9.912262916564941,-0.052376747131347656
D_R_43022,chck_80M,43022,R,random_token_span,1,rand:1:273,first,,63,65,7.022420883178711,7.369778633117676,0.34735774993896484
D_R_43022,chck_80M,43022,R,random_token_span,1,rand:1:274,second,,59,61,10.776288986206055,10.950152397155762,0.17386341094970703
D_R_43022,chck_80M,43022,R,random_token_span,1,rand:1:275,first,,73,75,13.832910537719727,13.926630973815918,0.0937204360961914
D_R_43022,chck_80M,43022,R,random_token_span,1,rand:1:276,second,,83,85,8.270702362060547,8.482385635375977,0.2116832733154297
D_R_43022,chck_80M,43022,R,random_token_span,1,rand:1:277,first,,65,67,15.951034545898438,15.49510669708252,-0.45592784881591797
D_R_43022,chck_80M,43022,R,random_token_span,1,rand:1:278,second,,70,72,13.227933883666992,13.99306869506836,0.7651348114013672
D_R_43022,chck_80M,43022,R,random_token_span,1,rand:1:279,first,,83,85,12.149873733520508,12.397859573364258,0.24798583984375
D_R_43022,chck_80M,43022,R,random_token_span,1,rand:1:28,second,,73,75,10.886063575744629,11.967867851257324,1.0818042755126953
D_R_43022,chck_80M,43022,R,random_token_span,1,rand:1:280,second,,62,64,12.122698783874512,12.649439811706543,0.5267410278320312
D_R_43022,chck_80M,43022,R,random_token_span,1,rand:1:281,first,,66,68,11.582719802856445,11.379384994506836,-0.20333480834960938
D_R_43022,chck_80M,43022,R,random_token_span,1,rand:1:282,second,,65,67,11.957642555236816,12.144290924072266,0.18664836883544922
D_R_43022,chck_80M,43022,R,random_token_span,1,rand:1:283,first,,80,82,13.216927528381348,13.587259292602539,0.3703317642211914
D_R_43022,chck_80M,43022,R,random_token_span,1,rand:1:284,second,,80,82,13.570586204528809,13.766708374023438,0.1961221694946289
D_R_43022,chck_80M,43022,R,random_token_span,1,rand:1:285,first,,54,56,12.729701042175293,12.87796688079834,0.14826583862304688
D_R_43022,chck_80M,43022,R,random_token_span,1,rand:1:286,second,,55,57,11.443194389343262,11.43187141418457,-0.011322975158691406
D_R_43022,chck_80M,43022,R,random_token_span,1,rand:1:287,first,,53,55,12.095561981201172,12.465014457702637,0.36945247650146484
D_R_43022,chck_80M,43022,R,random_token_span,1,rand:1:288,second,,55,57,11.869864463806152,11.916638374328613,0.04677391052246094
D_R_43022,chck_80M,43022,R,random_token_span,1,rand:1:289,first,,46,48,13.792619705200195,13.886966705322266,0.09434700012207031
D_R_43022,chck_80M,43022,R,random_token_span,1,rand:1:29,first,,62,64,13.353585243225098,13.426551818847656,0.0729665756225586
D_R_43022,chck_80M,43022,R,random_token_span,1,rand:1:290,second,,81,83,11.083015441894531,11.406023025512695,0.32300758361816406
D_R_43022,chck_80M,43022,R,random_token_span,1,rand:1:291,first,,76,78,13.351507186889648,13.882211685180664,0.5307044982910156
D_R_43022,chck_80M,43022,R,random_token_span,1,rand:1:292,second,,48,50,11.749530792236328,12.00680160522461,0.25727081298828125
D_R_43022,chck_80M,43022,R,random_token_span,1,rand:1:293,first,,79,81,9.40333080291748,9.732297897338867,0.3289670944213867
D_R_43022,chck_80M,43022,R,random_token_span,1,rand:1:294,second,,72,74,2.082826852798462,10.341242790222168,8.258415937423706
D_R_43022,chck_80M,43022,R,random_token_span,1,rand:1:295,first,,77,79,12.750016212463379,12.980977058410645,0.23096084594726562
D_R_43022,chck_80M,43022,R,random_token_span,1,rand:1:296,second,,55,57,15.040384292602539,15.084770202636719,0.04438591003417969
D_R_43022,chck_80M,43022,R,random_token_span,1,rand:1:297,first,,50,52,13.800196647644043,14.521260261535645,0.7210636138916016
D_R_43022,chck_80M,43022,R,random_token_span,1,rand:1:298,second,,71,73,11.496030807495117,11.767110824584961,0.27108001708984375
D_R_43022,chck_80M,43022,R,random_token_span,1,rand:1:299,first,,50,52,10.33028793334961,11.412229537963867,1.0819416046142578
D_R_43022,chck_80M,43022,R,random_token_span,1,rand:1:3,first,,75,77,11.748127937316895,12.099310874938965,0.3511829376220703
D_R_43022,chck_80M,43022,R,random_token_span,1,rand:1:30,second,,81,83,11.774614334106445,12.691862106323242,0.9172477722167969
D_R_43022,chck_80M,43022,R,random_token_span,1,rand:1:300,second,,60,62,7.931674957275391,8.933357238769531,1.0016822814941406
D_R_43022,chck_80M,43022,R,random_token_span,1,rand:1:301,first,,76,78,13.212068557739258,13.755295753479004,0.5432271957397461
D_R_43022,chck_80M,43022,R,random_token_span,1,rand:1:302,second,,70,72,13.192239761352539,13.340911865234375,0.14867210388183594
D_R_43022,chck_80M,43022,R,random_token_span,1,rand:1:303,first,,70,72,14.84692668914795,13.21882438659668,-1.6281023025512695
D_R_43022,chck_80M,43022,R,random_token_span,1,rand:1:304,second,,68,70,13.703169822692871,13.866576194763184,0.1634063720703125
D_R_43022,chck_80M,43022,R,random_token_span,1,rand:1:305,first,,86,88,14.282854080200195,14.536920547485352,0.25406646728515625
D_R_43022,chck_80M,43022,R,random_token_span,1,rand:1:306,second,,78,80,7.907279968261719,7.98958683013916,0.0823068618774414
D_R_43022,chck_80M,43022,R,random_token_span,1,rand:1:307,first,,84,86,13.404029846191406,13.3566312789917,-0.04739856719970703
D_R_43022,chck_80M,43022,R,random_token_span,1,rand:1:308,second,,68,70,9.016667366027832,9.093810081481934,0.07714271545410156
D_R_43022,chck_80M,43022,R,random_token_span,1,rand:1:309,first,,64,66,15.625405311584473,12.726442337036133,-2.89896297454834
D_R_43022,chck_80M,43022,R,random_token_span,1,rand:1:31,first,,73,75,11.203062057495117,11.944828033447266,0.7417659759521484
D_R_43022,chck_80M,43022,R,random_token_span,1,rand:1:310,second,,80,82,10.544795036315918,11.15566635131836,0.6108713150024414
D_R_43022,chck_80M,43022,R,random_token_span,1,rand:1:311,first,,64,66,10.985393524169922,11.324520111083984,0.3391265869140625
D_R_43022,chck_80M,43022,R,random_token_span,1,rand:1:312,second,,90,92,14.261631965637207,14.8491849899292,0.5875530242919922
D_R_43022,chck_80M,43022,R,random_token_span,1,rand:1:313,first,,69,71,9.621519088745117,10.084781646728516,0.46326255798339844
D_R_43022,chck_80M,43022,R,random_token_span,1,rand:1:314,second,,90,92,13.3485107421875,13.837607383728027,0.48909664154052734
D_R_43022,chck_80M,43022,R,random_token_span,1,rand:1:315,first,,71,73,16.264345169067383,16.696548461914062,0.4322032928466797
D_R_43022,chck_80M,43022,R,random_token_span,1,rand:1:316,second,,69,71,14.591691970825195,14.6695556640625,0.07786369323730469
D_R_43022,chck_80M,43022,R,random_token_span,1,rand:1:317,first,,63,65,12.399949073791504,14.053627014160156,1.6536779403686523
D_R_43022,chck_80M,43022,R,random_token_span,1,rand:1:318,second,,58,60,10.520191192626953,10.955572128295898,0.4353809356689453
D_R_43022,chck_80M,43022,R,random_token_span,1,rand:1:319,first,,92,94,12.404232025146484,12.473800659179688,0.06956863403320312
D_R_43022,chck_80M,43022,R,random_token_span,1,rand:1:32,second,,49,51,14.858593940734863,13.836546897888184,-1.0220470428466797
D_R_43022,chck_80M,43022,R,random_token_span,1,rand:1:320,second,,38,40,12.599871635437012,13.106498718261719,0.506627082824707
D_R_43022,chck_80M,43022,R,random_token_span,1,rand:1:321,first,,64,66,9.884578704833984,10.24267292022705,0.3580942153930664
D_R_43022,chck_80M,43022,R,random_token_span,1,rand:1:322,second,,62,64,14.09373664855957,13.991162300109863,-0.10257434844970703
D_R_43022,chck_80M,43022,R,random_token_span,1,rand:1:323,first,,64,66,16.649749755859375,16.824735641479492,0.1749858856201172
D_R_43022,chck_80M,43022,R,random_token_span,1,rand:1:324,second,,67,69,11.319209098815918,11.665431022644043,0.346221923828125
D_R_43022,chck_80M,43022,R,random_token_span,1,rand:1:325,first,,83,85,12.313971519470215,12.421642303466797,0.10767078399658203
D_R_43022,chck_80M,43022,R,random_token_span,1,rand:1:326,second,,70,72,11.919373512268066,12.091901779174805,0.17252826690673828
D_R_43022,chck_80M,43022,R,random_token_span,1,rand:1:327,first,,62,64,12.991832733154297,13.18476390838623,0.1929311752319336
D_R_43022,chck_80M,43022,R,random_token_span,1,rand:1:328,second,,56,58,9.093476295471191,9.171854972839355,0.07837867736816406
D_R_43022,chck_80M,43022,R,random_token_span,1,rand:1:329,first,,51,53,12.101590156555176,12.526004791259766,0.42441463470458984
D_R_43022,chck_80M,43022,R,random_token_span,1,rand:1:33,first,,70,72,12.263402938842773,12.184457778930664,-0.07894515991210938
D_R_43022,chck_80M,43022,R,random_token_span,1,rand:1:330,second,,60,62,15.56602954864502,15.66522216796875,0.09919261932373047
D_R_43022,chck_80M,43022,R,random_token_span,1,rand:1:331,first,,77,79,13.81197452545166,13.641668319702148,-0.17030620574951172
D_R_43022,chck_80M,43022,R,random_token_span,1,rand:1:332,second,,73,75,15.517694473266602,15.334814071655273,-0.18288040161132812
D_R_43022,chck_80M,43022,R,random_token_span,1,rand:1:333,first,,47,49,9.657857894897461,9.481582641601562,-0.17627525329589844
D_R_43022,chck_80M,43022,R,random_token_span,1,rand:1:334,second,,78,80,15.30988597869873,15.159065246582031,-0.15082073211669922
D_R_43022,chck_80M,43022,R,random_token_span,1,rand:1:335,first,,48,50,12.455737113952637,12.626768112182617,0.17103099822998047
D_R_43022,chck_80M,43022,R,random_token_span,1,rand:1:336,second,,76,78,12.191373825073242,12.71331787109375,0.5219440460205078
D_R_43022,chck_80M,43022,R,random_token_span,1,rand:1:337,first,,61,63,11.355548858642578,11.829100608825684,0.47355175018310547
D_R_43022,chck_80M,43022,R,random_token_span,1,rand:1:338,second,,72,74,10.234368324279785,10.758304595947266,0.5239362716674805
D_R_43022,chck_80M,43022,R,random_token_span,1,rand:1:339,first,,82,84,8.819807052612305,14.009552955627441,5.189745903015137
D_R_43022,chck_80M,43022,R,random_token_span,1,rand:1:34,second,,76,78,6.744335174560547,7.314286231994629,0.569951057434082
D_R_43022,chck_80M,43022,R,random_token_span,1,rand:1:340,second,,69,71,15.467387199401855,15.491302490234375,0.02391529083251953
D_R_43022,chck_80M,43022,R,random_token_span,1,rand:1:341,first,,57,59,17.386672973632812,17.889923095703125,0.5032501220703125
D_R_43022,chck_80M,43022,R,random_token_span,1,rand:1:342,second,,72,74,12.177249908447266,12.536684036254883,0.3594341278076172
D_R_43022,chck_80M,43022,R,random_token_span,1,rand:1:343,first,,88,90,12.741373062133789,12.806367874145508,0.06499481201171875
D_R_43022,chck_80M,43022,R,random_token_span,1,rand:1:344,second,,74,76,11.52851676940918,11.628381729125977,0.09986495971679688
D_R_43022,chck_80M,43022,R,random_token_span,1,rand:1:345,first,,53,55,15.1744384765625,15.360974311828613,0.18653583526611328
D_R_43022,chck_80M,43022,R,random_token_span,1,rand:1:346,second,,54,56,16.62080955505371,16.584550857543945,-0.036258697509765625
D_R_43022,chck_80M,43022,R,random_token_span,1,rand:1:347,first,,43,45,11.40531063079834,12.855738639831543,1.4504280090332031
D_R_43022,chck_80M,43022,R,random_token_span,1,rand:1:348,second,,54,56,11.595948219299316,11.775846481323242,0.17989826202392578
D_R_43022,chck_80M,43022,R,random_token_span,1,rand:1:349,first,,79,81,12.713102340698242,12.107367515563965,-0.6057348251342773
D_R_43022,chck_80M,43022,R,random_token_span,1,rand:1:35,first,,46,48,10.234432220458984,10.18918514251709,-0.04524707794189453
D_R_43022,chck_80M,43022,R,random_token_span,1,rand:1:350,second,,58,60,10.428457260131836,10.682788848876953,0.2543315887451172
D_R_43022,chck_80M,43022,R,random_token_span,1,rand:1:351,first,,51,53,14.543886184692383,14.704529762268066,0.1606435775756836
D_R_43022,chck_80M,43022,R,random_token_span,1,rand:1:352,second,,71,73,7.41107177734375,7.843621253967285,0.43254947662353516
D_R_43022,chck_80M,43022,R,random_token_span,1,rand:1:353,first,,72,74,8.91812801361084,10.467619895935059,1.5494918823242188
D_R_43022,chck_80M,43022,R,random_token_span,1,rand:1:354,second,,76,78,16.61945152282715,16.519039154052734,-0.10041236877441406
D_R_43022,chck_80M,43022,R,random_token_span,1,rand:1:355,first,,74,76,10.286105155944824,10.315711975097656,0.02960681915283203
D_R_43022,chck_80M,43022,R,random_token_span,1,rand:1:356,second,,44,46,10.599536895751953,11.105841636657715,0.5063047409057617
D_R_43022,chck_80M,43022,R,random_token_span,1,rand:1:357,first,,54,56,9.02873420715332,9.806733131408691,0.7779989242553711
D_R_43022,chck_80M,43022,R,random_token_span,1,rand:1:358,second,,46,48,5.216893196105957,10.057005882263184,4.840112686157227
D_R_43022,chck_80M,43022,R,random_token_span,1,rand:1:359,first,,64,66,12.56982135772705,12.657930374145508,0.08810901641845703
D_R_43022,chck_80M,43022,R,random_token_span,1,rand:1:36,second,,61,63,10.941366195678711,11.342833518981934,0.40146732330322266
D_R_43022,chck_80M,43022,R,random_token_span,1,rand:1:360,second,,61,63,13.009061813354492,13.74499225616455,0.7359304428100586
D_R_43022,chck_80M,43022,R,random_token_span,1,rand:1:361,first,,60,62,13.17375373840332,13.198981285095215,0.02522754669189453
D_R_43022,chck_80M,43022,R,random_token_span,1,rand:1:362,second,,63,65,12.78758716583252,12.811980247497559,0.024393081665039062
D_R_43022,chck_80M,43022,R,random_token_span,1,rand:1:363,first,,43,45,16.513368606567383,16.811452865600586,0.2980842590332031
D_R_43022,chck_80M,43022,R,random_token_span,1,rand:1:364,second,,51,53,11.836729049682617,11.80079174041748,-0.03593730926513672
D_R_43022,chck_80M,43022,R,random_token_span,1,rand:1:365,first,,46,48,13.334220886230469,13.65401840209961,0.3197975158691406
D_R_43022,chck_80M,43022,R,random_token_span,1,rand:1:366,second,,90,92,13.706830024719238,14.864160537719727,1.1573305130004883
D_R_43022,chck_80M,43022,R,random_token_span,1,rand:1:367,first,,84,86,11.907905578613281,12.104791641235352,0.1968860626220703
D_R_43022,chck_80M,43022,R,random_token_span,1,rand:1:368,second,,61,63,7.621626853942871,7.705387115478516,0.08376026153564453
D_R_43022,chck_80M,43022,R,random_token_span,1,rand:1:369,first,,69,71,14.239913940429688,14.624333381652832,0.38441944122314453
D_R_43022,chck_80M,43022,R,random_token_span,1,rand:1:37,first,,52,54,8.47801399230957,8.837244987487793,0.35923099517822266
D_R_43022,chck_80M,43022,R,random_token_span,1,rand:1:370,second,,69,71,11.830955505371094,12.617931365966797,0.7869758605957031
D_R_43022,chck_80M,43022,R,random_token_span,1,rand:1:371,first,,82,84,11.816329956054688,11.618983268737793,-0.19734668731689453
D_R_43022,chck_80M,43022,R,random_token_span,1,rand:1:372,second,,76,78,11.517601013183594,11.4041166305542,-0.11348438262939453
D_R_43022,chck_80M,43022,R,random_token_span,1,rand:1:373,first,,66,68,12.66986083984375,12.962922096252441,0.2930612564086914
D_R_43022,chck_80M,43022,R,random_token_span,1,rand:1:374,second,,56,58,12.658483505249023,11.521123886108398,-1.137359619140625
D_R_43022,chck_80M,43022,R,random_token_span,1,rand:1:375,first,,68,70,13.031620025634766,13.015798568725586,-0.015821456909179688
D_R_43022,chck_80M,43022,R,random_token_span,1,rand:1:376,second,,57,59,12.16028881072998,12.86976432800293,0.7094755172729492
D_R_43022,chck_80M,43022,R,random_token_span,1,rand:1:377,first,,69,71,13.00130558013916,13.190470695495605,0.1891651153564453
D_R_43022,chck_80M,43022,R,random_token_span,1,rand:1:378,second,,67,69,14.502187728881836,14.994382858276367,0.49219512939453125
D_R_43022,chck_80M,43022,R,random_token_span,1,rand:1:379,first,,73,75,13.671879768371582,13.418519973754883,-0.2533597946166992
D_R_43022,chck_80M,43022,R,random_token_span,1,rand:1:38,second,,68,70,13.434771537780762,14.294977188110352,0.8602056503295898
D_R_43022,chck_80M,43022,R,random_token_span,1,rand:1:380,second,,75,77,12.973770141601562,13.814228057861328,0.8404579162597656
D_R_43022,chck_80M,43022,R,random_token_span,1,rand:1:381,first,,83,85,5.43109130859375,12.028092384338379,6.597001075744629
D_R_43022,chck_80M,43022,R,random_token_span,1,rand:1:382,second,,66,68,10.118505477905273,11.370238304138184,1.2517328262329102
D_R_43022,chck_80M,43022,R,random_token_span,1,rand:1:383,first,,66,68,13.624561309814453,13.529212951660156,-0.09534835815429688
D_R_43022,chck_80M,43022,R,random_token_span,1,rand:1:384,second,,74,76,8.71054458618164,8.84455394744873,0.13400936126708984
D_R_43022,chck_80M,43022,R,random_token_span,1,rand:1:385,first,,55,57,12.889189720153809,13.670258522033691,0.7810688018798828
D_R_43022,chck_80M,43022,R,random_token_span,1,rand:1:386,second,,82,84,13.353384017944336,13.870983123779297,0.5175991058349609
D_R_43022,chck_80M,43022,R,random_token_span,1,rand:1:387,first,,76,78,14.550180435180664,14.649957656860352,0.0997772216796875
D_R_43022,chck_80M,43022,R,random_token_span,1,rand:1:388,second,,55,57,11.68465805053711,11.995022773742676,0.3103647232055664
D_R_43022,chck_80M,43022,R,random_token_span,1,rand:1:389,first,,60,62,13.123624801635742,13.098245620727539,-0.025379180908203125
D_R_43022,chck_80M,43022,R,random_token_span,1,rand:1:39,first,,56,58,10.3262300491333,11.131402015686035,0.8051719665527344
D_R_43022,chck_80M,43022,R,random_token_span,1,rand:1:390,second,,76,78,12.443445205688477,12.313329696655273,-0.13011550903320312
D_R_43022,chck_80M,43022,R,random_token_span,1,rand:1:391,first,,68,70,12.907992362976074,12.960226058959961,0.05223369598388672
D_R_43022,chck_80M,43022,R,random_token_span,1,rand:1:392,second,,81,83,12.748983383178711,12.729244232177734,-0.019739151000976562
D_R_43022,chck_80M,43022,R,random_token_span,1,rand:1:393,first,,85,87,13.135019302368164,12.931102752685547,-0.2039165496826172
D_R_43022,chck_80M,43022,R,random_token_span,1,rand:1:394,second,,63,65,13.007006645202637,12.998565673828125,-0.008440971374511719
D_R_43022,chck_80M,43022,R,random_token_span,1,rand:1:395,first,,44,46,13.197230339050293,13.406805038452148,0.20957469940185547
D_R_43022,chck_80M,43022,R,random_token_span,1,rand:1:396,second,,76,78,11.429563522338867,11.29570198059082,-0.13386154174804688
D_R_43022,chck_80M,43022,R,random_token_span,1,rand:1:397,first,,81,83,14.599469184875488,14.638298034667969,0.03882884979248047
D_R_43022,chck_80M,43022,R,random_token_span,1,rand:1:398,second,,75,77,10.939655303955078,10.466033935546875,-0.4736213684082031
D_R_43022,chck_80M,43022,R,random_token_span,1,rand:1:399,first,,75,77,13.412071228027344,14.662497520446777,1.2504262924194336
D_R_43022,chck_80M,43022,R,random_token_span,1,rand:1:4,second,,73,75,11.101018905639648,11.306571960449219,0.2055530548095703
D_R_43022,chck_80M,43022,R,random_token_span,1,rand:1:40,second,,56,58,9.433454513549805,15.908554077148438,6.475099563598633
D_R_43022,chck_80M,43022,R,random_token_span,1,rand:1:400,second,,59,61,12.886425971984863,13.05634593963623,0.1699199676513672
D_R_43022,chck_80M,43022,R,random_token_span,1,rand:1:401,first,,61,63,10.759054183959961,11.87598705291748,1.1169328689575195
D_R_43022,chck_80M,43022,R,random_token_span,1,rand:1:402,second,,58,60,13.25634479522705,13.933958053588867,0.6776132583618164
D_R_43022,chck_80M,43022,R,random_token_span,1,rand:1:403,first,,78,80,12.463458061218262,12.616912841796875,0.15345478057861328
D_R_43022,chck_80M,43022,R,random_token_span,1,rand:1:404,second,,74,76,11.133481979370117,11.10917854309082,-0.024303436279296875
D_R_43022,chck_80M,43022,R,random_token_span,1,rand:1:405,first,,51,53,12.842143058776855,12.88247299194336,0.040329933166503906
D_R_43022,chck_80M,43022,R,random_token_span,1,rand:1:406,second,,70,72,14.21104907989502,14.233067512512207,0.0220184326171875
D_R_43022,chck_80M,43022,R,random_token_span,1,rand:1:407,first,,71,73,13.726337432861328,14.45638656616211,0.7300491333007812
D_R_43022,chck_80M,43022,R,random_token_span,1,rand:1:408,second,,56,58,12.512187004089355,12.743094444274902,0.23090744018554688
D_R_43022,chck_80M,43022,R,random_token_span,1,rand:1:409,first,,68,70,13.201878547668457,13.506516456604004,0.3046379089355469
D_R_43022,chck_80M,43022,R,random_token_span,1,rand:1:41,first,,53,55,15.724409103393555,16.279346466064453,0.5549373626708984
D_R_43022,chck_80M,43022,R,random_token_span,1,rand:1:410,second,,75,77,13.792888641357422,13.889057159423828,0.09616851806640625
D_R_43022,chck_80M,43022,R,random_token_span,1,rand:1:411,first,,60,62,8.813425064086914,8.743263244628906,-0.07016181945800781
D_R_43022,chck_80M,43022,R,random_token_span,1,rand:1:412,second,,42,44,10.182225227355957,10.398944854736328,0.2167196273803711
D_R_43022,chck_80M,43022,R,random_token_span,1,rand:1:413,first,,79,81,8.123357772827148,9.437153816223145,1.313796043395996
D_R_43022,chck_80M,43022,R,random_token_span,1,rand:1:414,second,,71,73,11.165546417236328,11.405142784118652,0.23959636688232422
D_R_43022,chck_80M,43022,R,random_token_span,1,rand:1:415,first,,68,70,13.847376823425293,14.693143844604492,0.8457670211791992
D_R_43022,chck_80M,43022,R,random_token_span,1,rand:1:416,second,,82,84,9.099589347839355,9.706849098205566,0.6072597503662109
D_R_43022,chck_80M,43022,R,random_token_span,1,rand:1:417,first,,71,73,13.756889343261719,16.90715789794922,3.1502685546875
D_R_43022,chck_80M,43022,R,random_token_span,1,rand:1:418,second,,84,86,16.12383460998535,16.360795974731445,0.23696136474609375
D_R_43022,chck_80M,43022,R,random_token_span,1,rand:1:419,first,,80,82,11.85842514038086,12.101378440856934,0.24295330047607422
D_R_43022,chck_80M,43022,R,random_token_span,1,rand:1:42,second,,85,87,14.266390800476074,14.247588157653809,-0.018802642822265625
D_R_43022,chck_80M,43022,R,random_token_span,1,rand:1:420,second,,54,56,14.970756530761719,15.196316719055176,0.22556018829345703
D_R_43022,chck_80M,43022,R,random_token_span,1,rand:1:421,first,,65,67,11.3397216796875,11.52543830871582,0.1857166290283203
D_R_43022,chck_80M,43022,R,random_token_span,1,rand:1:422,second,,73,75,13.780705451965332,13.879741668701172,0.09903621673583984
D_R_43022,chck_80M,43022,R,random_token_span,1,rand:1:423,first,,74,76,13.507866859436035,13.59524917602539,0.08738231658935547
D_R_43022,chck_80M,43022,R,random_token_span,1,rand:1:424,second,,70,72,13.922450065612793,14.10201358795166,0.1795635223388672
D_R_43022,chck_80M,43022,R,random_token_span,1,rand:1:425,first,,69,71,9.81254768371582,10.377082824707031,0.5645351409912109
D_R_43022,chck_80M,43022,R,random_token_span,1,rand:1:426,second,,60,62,12.551519393920898,12.761415481567383,0.20989608764648438
D_R_43022,chck_80M,43022,R,random_token_span,1,rand:1:427,first,,67,69,11.574446678161621,11.941576957702637,0.3671302795410156
D_R_43022,chck_80M,43022,R,random_token_span,1,rand:1:428,second,,74,76,11.194721221923828,11.395088195800781,0.20036697387695312
D_R_43022,chck_80M,43022,R,random_token_span,1,rand:1:429,first,,48,50,11.757120132446289,12.56682014465332,0.8097000122070312
D_R_43022,chck_80M,43022,R,random_token_span,1,rand:1:43,first,,58,60,10.102717399597168,10.36762809753418,0.2649106979370117
D_R_43022,chck_80M,43022,R,random_token_span,1,rand:1:430,second,,72,74,9.0224609375,9.25866413116455,0.23620319366455078
D_R_43022,chck_80M,43022,R,random_token_span,1,rand:1:431,first,,70,72,18.086284637451172,18.026283264160156,-0.060001373291015625
D_R_43022,chck_80M,43022,R,random_token_span,1,rand:1:432,second,,53,55,12.422811508178711,13.442770004272461,1.01995849609375
D_R_43022,chck_80M,43022,R,random_token_span,1,rand:1:433,first,,71,73,13.601032257080078,14.056941032409668,0.45590877532958984
D_R_43022,chck_80M,43022,R,random_token_span,1,rand:1:434,second,,78,80,14.685291290283203,14.675568580627441,-0.009722709655761719
D_R_43022,chck_80M,43022,R,random_token_span,1,rand:1:435,first,,66,68,12.124412536621094,12.113539695739746,-0.010872840881347656
D_R_43022,chck_80M,43022,R,random_token_span,1,rand:1:436,second,,77,79,10.423934936523438,10.553679466247559,0.1297445297241211
D_R_43022,chck_80M,43022,R,random_token_span,1,rand:1:437,first,,75,77,11.59832763671875,11.516366958618164,-0.08196067810058594
D_R_43022,chck_80M,43022,R,random_token_span,1,rand:1:438,second,,77,79,15.72081470489502,15.854659080505371,0.13384437561035156
D_R_43022,chck_80M,43022,R,random_token_span,1,rand:1:439,first,,61,63,10.99970531463623,11.420475006103516,0.42076969146728516
D_R_43022,chck_80M,43022,R,random_token_span,1,rand:1:44,second,,58,60,9.049162864685059,8.643839836120605,-0.4053230285644531
D_R_43022,chck_80M,43022,R,random_token_span,1,rand:1:440,second,,69,71,14.154340744018555,14.443222045898438,0.2888813018798828
D_R_43022,chck_80M,43022,R,random_token_span,1,rand:1:441,first,,71,73,11.701491355895996,11.888143539428711,0.18665218353271484
D_R_43022,chck_80M,43022,R,random_token_span,1,rand:1:442,second,,53,55,13.2499418258667,14.361093521118164,1.1111516952514648
D_R_43022,chck_80M,43022,R,random_token_span,1,rand:1:443,first,,66,68,11.904733657836914,11.85561752319336,-0.04911613464355469
D_R_43022,chck_80M,43022,R,random_token_span,1,rand:1:444,second,,77,79,11.688621520996094,12.039266586303711,0.3506450653076172
D_R_43022,chck_80M,43022,R,random_token_span,1,rand:1:445,first,,53,55,16.61758804321289,16.94957733154297,0.3319892883300781
D_R_43022,chck_80M,43022,R,random_token_span,1,rand:1:446,second,,88,90,11.137042045593262,11.195747375488281,0.05870532989501953
D_R_43022,chck_80M,43022,R,random_token_span,1,rand:1:447,first,,62,64,11.907846450805664,12.245567321777344,0.3377208709716797
D_R_43022,chck_80M,43022,R,random_token_span,1,rand:1:448,second,,62,64,14.432819366455078,14.637330055236816,0.20451068878173828
D_R_43022,chck_80M,43022,R,random_token_span,1,rand:1:449,first,,66,68,15.367544174194336,15.354430198669434,-0.013113975524902344
D_R_43022,chck_80M,43022,R,random_token_span,1,rand:1:45,first,,76,78,12.565725326538086,12.508895874023438,-0.05682945251464844
D_R_43022,chck_80M,43022,R,random_token_span,1,rand:1:450,second,,73,75,10.274209976196289,10.823774337768555,0.5495643615722656
D_R_43022,chck_80M,43022,R,random_token_span,1,rand:1:451,first,,81,83,16.458158493041992,14.728839874267578,-1.729318618774414
D_R_43022,chck_80M,43022,R,random_token_span,1,rand:1:452,second,,76,78,11.336005210876465,13.34113883972168,2.005133628845215
D_R_43022,chck_80M,43022,R,random_token_span,1,rand:1:453,first,,74,76,11.009817123413086,11.14197826385498,0.13216114044189453
D_R_43022,chck_80M,43022,R,random_token_span,1,rand:1:454,second,,61,63,10.831452369689941,11.071870803833008,0.2404184341430664
D_R_43022,chck_80M,43022,R,random_token_span,1,rand:1:455,first,,76,78,13.042805671691895,13.436827659606934,0.39402198791503906
D_R_43022,chck_80M,43022,R,random_token_span,1,rand:1:456,second,,66,68,7.365004062652588,7.524613857269287,0.15960979461669922
D_R_43022,chck_80M,43022,R,random_token_span,1,rand:1:457,first,,55,57,11.11790657043457,11.188989639282227,0.07108306884765625
D_R_43022,chck_80M,43022,R,random_token_span,1,rand:1:458,second,,65,67,11.985372543334961,12.183160781860352,0.19778823852539062
D_R_43022,chck_80M,43022,R,random_token_span,1,rand:1:459,first,,85,87,11.249119758605957,11.312807083129883,0.06368732452392578
D_R_43022,chck_80M,43022,R,random_token_span,1,rand:1:46,second,,52,54,8.527405738830566,9.066956520080566,0.53955078125
D_R_43022,chck_80M,43022,R,random_token_span,1,rand:1:460,second,,51,53,14.571880340576172,14.673779487609863,0.1018991470336914
D_R_43022,chck_80M,43022,R,random_token_span,1,rand:1:461,first,,80,82,6.986495018005371,7.07112979888916,0.08463478088378906
D_R_43022,chck_80M,43022,R,random_token_span,1,rand:1:462,second,,63,65,11.553779602050781,11.803200721740723,0.2494211196899414
D_R_43022,chck_80M,43022,R,random_token_span,1,rand:1:463,first,,82,84,14.824655532836914,15.223249435424805,0.3985939025878906
D_R_43022,chck_80M,43022,R,random_token_span,1,rand:1:464,second,,71,73,9.133771896362305,8.165960311889648,-0.9678115844726562
D_R_43022,chck_80M,43022,R,random_token_span,1,rand:1:465,first,,50,52,6.825863838195801,10.911407470703125,4.085543632507324
D_R_43022,chck_80M,43022,R,random_token_span,1,rand:1:466,second,,50,52,13.986766815185547,14.043017387390137,0.056250572204589844
D_R_43022,chck_80M,43022,R,random_token_span,1,rand:1:467,first,,68,70,13.219894409179688,13.544181823730469,0.32428741455078125
D_R_43022,chck_80M,43022,R,random_token_span,1,rand:1:468,second,,68,70,14.028186798095703,14.038966178894043,0.010779380798339844
D_R_43022,chck_80M,43022,R,random_token_span,1,rand:1:469,first,,84,86,12.711487770080566,12.626899719238281,-0.08458805084228516
D_R_43022,chck_80M,43022,R,random_token_span,1,rand:1:47,first,,63,65,17.433837890625,17.11736297607422,-0.31647491455078125
D_R_43022,chck_80M,43022,R,random_token_span,1,rand:1:470,second,,84,86,8.82879638671875,8.953176498413086,0.12438011169433594
D_R_43022,chck_80M,43022,R,random_token_span,1,rand:1:471,first,,64,66,10.698835372924805,10.665096282958984,-0.03373908996582031
D_R_43022,chck_80M,43022,R,random_token_span,1,rand:1:472,second,,62,64,12.724579811096191,12.893113136291504,0.1685333251953125
D_R_43022,chck_80M,43022,R,random_token_span,1,rand:1:473,first,,41,43,8.980537414550781,9.86542797088623,0.8848905563354492
D_R_43022,chck_80M,43022,R,random_token_span,1,rand:1:474,second,,62,64,0.22269035875797272,16.128931045532227,15.906240686774254
D_R_43022,chck_80M,43022,R,random_token_span,1,rand:1:475,first,,53,55,6.704096794128418,7.224788188934326,0.5206913948059082
D_R_43022,chck_80M,43022,R,random_token_span,1,rand:1:476,second,,34,36,12.700726509094238,12.612078666687012,-0.08864784240722656
D_R_43022,chck_80M,43022,R,random_token_span,1,rand:1:477,first,,76,78,9.253374099731445,9.59550666809082,0.342132568359375
D_R_43022,chck_80M,43022,R,random_token_span,1,rand:1:478,second,,51,53,12.451882362365723,12.414762496948242,-0.03711986541748047
D_R_43022,chck_80M,43022,R,random_token_span,1,rand:1:479,first,,70,72,10.327054977416992,10.344677925109863,0.017622947692871094
D_R_43022,chck_80M,43022,R,random_token_span,1,rand:1:48,second,,53,55,11.634371757507324,11.877850532531738,0.24347877502441406
D_R_43022,chck_80M,43022,R,random_token_span,1,rand:1:480,second,,80,82,15.514463424682617,15.619903564453125,0.10544013977050781
D_R_43022,chck_80M,43022,R,random_token_span,1,rand:1:481,first,,66,68,11.121857643127441,11.077470779418945,-0.044386863708496094
D_R_43022,chck_80M,43022,R,random_token_span,1,rand:1:482,second,,67,69,11.849275588989258,12.148918151855469,0.29964256286621094
D_R_43022,chck_80M,43022,R,random_token_span,1,rand:1:483,first,,52,54,14.807442665100098,15.268567085266113,0.4611244201660156
D_R_43022,chck_80M,43022,R,random_token_span,1,rand:1:484,second,,54,56,17.380538940429688,17.442581176757812,0.062042236328125
D_R_43022,chck_80M,43022,R,random_token_span,1,rand:1:485,first,,67,69,11.712258338928223,9.6980619430542,-2.0141963958740234
D_R_43022,chck_80M,43022,R,random_token_span,1,rand:1:486,second,,46,48,10.921326637268066,11.575359344482422,0.6540327072143555
D_R_43022,chck_80M,43022,R,random_token_span,1,rand:1:487,first,,45,47,11.6372652053833,11.599151611328125,-0.03811359405517578
D_R_43022,chck_80M,43022,R,random_token_span,1,rand:1:488,second,,68,70,13.623283386230469,13.692134857177734,0.06885147094726562
D_R_43022,chck_80M,43022,R,random_token_span,1,rand:1:489,first,,91,93,11.799545288085938,12.029891014099121,0.2303457260131836
D_R_43022,chck_80M,43022,R,random_token_span,1,rand:1:49,first,,82,84,11.468798637390137,11.56508731842041,0.09628868103027344
D_R_43022,chck_80M,43022,R,random_token_span,1,rand:1:490,second,,53,55,11.438756942749023,12.305655479431152,0.8668985366821289
D_R_43022,chck_80M,43022,R,random_token_span,1,rand:1:491,first,,75,77,7.807625770568848,8.021591186523438,0.21396541595458984
D_R_43022,chck_80M,43022,R,random_token_span,1,rand:1:492,second,,53,55,12.923714637756348,14.336764335632324,1.4130496978759766
D_R_43022,chck_80M,43022,R,random_token_span,1,rand:1:493,first,,54,56,11.439557075500488,11.497909545898438,0.05835247039794922
D_R_43022,chck_80M,43022,R,random_token_span,1,rand:1:494,second,,66,68,10.00393295288086,10.21772289276123,0.2137899398803711
D_R_43022,chck_80M,43022,R,random_token_span,1,rand:1:495,first,,83,85,13.896772384643555,13.927474021911621,0.030701637268066406
D_R_43022,chck_80M,43022,R,random_token_span,1,rand:1:496,second,,53,55,17.61836814880371,17.445510864257812,-0.17285728454589844
D_R_43022,chck_80M,43022,R,random_token_span,1,rand:1:497,first,,41,43,16.309045791625977,16.345932006835938,0.03688621520996094
D_R_43022,chck_80M,43022,R,random_token_span,1,rand:1:498,second,,63,65,6.972270965576172,7.280531883239746,0.3082609176635742
D_R_43022,chck_80M,43022,R,random_token_span,1,rand:1:499,first,,78,80,13.177136421203613,13.117765426635742,-0.059370994567871094
D_R_43022,chck_80M,43022,R,random_token_span,1,rand:1:5,first,,56,58,14.472661018371582,14.74964427947998,0.27698326110839844
D_R_43022,chck_80M,43022,R,random_token_span,1,rand:1:50,second,,50,52,11.509842872619629,11.716358184814453,0.20651531219482422
D_R_43022,chck_80M,43022,R,random_token_span,1,rand:1:500,second,,62,64,11.251964569091797,11.433683395385742,0.1817188262939453
D_R_43022,chck_80M,43022,R,random_token_span,1,rand:1:501,first,,48,50,11.672204971313477,12.511402130126953,0.8391971588134766
D_R_43022,chck_80M,43022,R,random_token_span,1,rand:1:502,second,,65,67,11.277219772338867,11.86764907836914,0.5904293060302734
D_R_43022,chck_80M,43022,R,random_token_span,1,rand:1:503,first,,49,51,12.417320251464844,12.443660736083984,0.026340484619140625
D_R_43022,chck_80M,43022,R,random_token_span,1,rand:1:504,second,,61,63,15.899103164672852,16.50050163269043,0.6013984680175781
D_R_43022,chck_80M,43022,R,random_token_span,1,rand:1:505,first,,70,72,10.348764419555664,10.559426307678223,0.2106618881225586
D_R_43022,chck_80M,43022,R,random_token_span,1,rand:1:506,second,,64,66,12.669044494628906,14.979628562927246,2.31058406829834
D_R_43022,chck_80M,43022,R,random_token_span,1,rand:1:507,first,,66,68,16.09314727783203,15.940656661987305,-0.15249061584472656
D_R_43022,chck_80M,43022,R,random_token_span,1,rand:1:508,second,,61,63,9.71722412109375,9.73531436920166,0.018090248107910156
D_R_43022,chck_80M,43022,R,random_token_span,1,rand:1:509,first,,58,60,11.891669273376465,12.790450096130371,0.8987808227539062
D_R_43022,chck_80M,43022,R,random_token_span,1,rand:1:51,first,,71,73,9.043746948242188,10.65361213684082,1.6098651885986328
D_R_43022,chck_80M,43022,R,random_token_span,1,rand:1:510,second,,72,74,10.541250228881836,11.021933555603027,0.4806833267211914
D_R_43022,chck_80M,43022,R,random_token_span,1,rand:1:511,first,,76,78,10.83248519897461,10.857561111450195,0.025075912475585938
D_R_43022,chck_80M,43022,R,random_token_span,1,rand:1:512,second,,80,82,10.039106369018555,10.352546691894531,0.31344032287597656
D_R_43022,chck_80M,43022,R,random_token_span,1,rand:1:513,first,,80,82,9.466754913330078,10.543811798095703,1.077056884765625
D_R_43022,chck_80M,43022,R,random_token_span,1,rand:1:514,second,,68,70,11.454202651977539,11.574700355529785,0.1204977035522461
D_R_43022,chck_80M,43022,R,random_token_span,1,rand:1:515,first,,47,49,12.170598983764648,12.650651931762695,0.4800529479980469
D_R_43022,chck_80M,43022,R,random_token_span,1,rand:1:516,second,,69,71,11.276432037353516,11.394516944885254,0.11808490753173828
D_R_43022,chck_80M,43022,R,random_token_span,1,rand:1:517,first,,66,68,10.025909423828125,10.441547393798828,0.4156379699707031
D_R_43022,chck_80M,43022,R,random_token_span,1,rand:1:518,second,,62,64,7.955065727233887,8.150657653808594,0.19559192657470703
D_R_43022,chck_80M,43022,R,random_token_span,1,rand:1:519,first,,75,77,10.554174423217773,10.641239166259766,0.08706474304199219
D_R_43022,chck_80M,43022,R,random_token_span,1,rand:1:52,second,,60,62,12.587169647216797,13.036046028137207,0.44887638092041016
D_R_43022,chck_80M,43022,R,random_token_span,1,rand:1:520,second,,64,66,12.672618865966797,13.155797004699707,0.48317813873291016
D_R_43022,chck_80M,43022,R,random_token_span,1,rand:1:521,first,,54,56,11.023804664611816,11.100166320800781,0.07636165618896484
D_R_43022,chck_80M,43022,R,random_token_span,1,rand:1:522,second,,68,70,12.77214241027832,12.659025192260742,-0.11311721801757812
D_R_43022,chck_80M,43022,R,random_token_span,1,rand:1:523,first,,49,51,12.614877700805664,12.977383613586426,0.3625059127807617
D_R_43022,chck_80M,43022,R,random_token_span,1,rand:1:524,second,,61,63,8.099466323852539,8.796605110168457,0.697138786315918
D_R_43022,chck_80M,43022,R,random_token_span,1,rand:1:525,first,,48,50,11.150834083557129,11.551386833190918,0.40055274963378906
D_R_43022,chck_80M,43022,R,random_token_span,1,rand:1:526,second,,63,65,12.117737770080566,12.047636985778809,-0.07010078430175781
D_R_43022,chck_80M,43022,R,random_token_span,1,rand:1:527,first,,73,75,12.860525131225586,12.88894271850586,0.028417587280273438
D_R_43022,chck_80M,43022,R,random_token_span,1,rand:1:528,second,,64,66,14.892914772033691,14.70910358428955,-0.18381118774414062
D_R_43022,chck_80M,43022,R,random_token_span,1,rand:1:529,first,,73,75,5.30681037902832,10.9493408203125,5.64253044128418
D_R_43022,chck_80M,43022,R,random_token_span,1,rand:1:53,first,,67,69,15.566770553588867,15.339509010314941,-0.22726154327392578
D_R_43022,chck_80M,43022,R,random_token_span,1,rand:1:530,second,,68,70,8.853310585021973,8.982219696044922,0.12890911102294922
D_R_43022,chck_80M,43022,R,random_token_span,1,rand:1:531,first,,72,74,11.695335388183594,12.708274841308594,1.012939453125
D_R_43022,chck_80M,43022,R,random_token_span,1,rand:1:532,second,,64,66,10.094635009765625,11.06335735321045,0.9687223434448242
D_R_43022,chck_80M,43022,R,random_token_span,1,rand:1:533,first,,63,65,10.281915664672852,10.230169296264648,-0.051746368408203125
D_R_43022,chck_80M,43022,R,random_token_span,1,rand:1:534,second,,78,80,9.560596466064453,9.785562515258789,0.22496604919433594
D_R_43022,chck_80M,43022,R,random_token_span,1,rand:1:535,first,,58,60,15.696796417236328,15.881782531738281,0.18498611450195312
D_R_43022,chck_80M,43022,R,random_token_span,1,rand:1:536,second,,60,62,9.495880126953125,10.04479694366455,0.5489168167114258
D_R_43022,chck_80M,43022,R,random_token_span,1,rand:1:537,first,,45,47,16.69425392150879,17.149166107177734,0.4549121856689453
D_R_43022,chck_80M,43022,R,random_token_span,1,rand:1:538,second,,63,65,10.414371490478516,10.583069801330566,0.16869831085205078
D_R_43022,chck_80M,43022,R,random_token_span,1,rand:1:539,first,,84,86,0.3299548029899597,14.102267265319824,13.772312462329865
D_R_43022,chck_80M,43022,R,random_token_span,1,rand:1:54,second,,63,65,12.346285820007324,13.001734733581543,0.6554489135742188
D_R_43022,chck_80M,43022,R,random_token_span,1,rand:1:540,second,,68,70,13.378426551818848,13.458662986755371,0.08023643493652344
D_R_43022,chck_80M,43022,R,random_token_span,1,rand:1:541,first,,93,95,11.34028434753418,11.09347152709961,-0.2468128204345703
D_R_43022,chck_80M,43022,R,random_token_span,1,rand:1:542,second,,41,43,8.959808349609375,10.249692916870117,1.2898845672607422
D_R_43022,chck_80M,43022,R,random_token_span,1,rand:1:543,first,,78,80,10.466596603393555,10.594996452331543,0.12839984893798828
D_R_43022,chck_80M,43022,R,random_token_span,1,rand:1:544,second,,79,81,15.640473365783691,15.497446060180664,-0.14302730560302734
D_R_43022,chck_80M,43022,R,random_token_span,1,rand:1:545,first,,56,58,13.087207794189453,11.85721492767334,-1.2299928665161133
D_R_43022,chck_80M,43022,R,random_token_span,1,rand:1:546,second,,44,46,10.13240909576416,11.151418685913086,1.0190095901489258
D_R_43022,chck_80M,43022,R,random_token_span,1,rand:1:547,first,,87,89,13.27092456817627,13.329835891723633,0.05891132354736328
D_R_43022,chck_80M,43022,R,random_token_span,1,rand:1:548,second,,64,66,12.418299674987793,12.988057136535645,0.5697574615478516
D_R_43022,chck_80M,43022,R,random_token_span,1,rand:1:549,first,,87,89,13.95488166809082,14.171607971191406,0.21672630310058594
D_R_43022,chck_80M,43022,R,random_token_span,1,rand:1:55,first,,75,77,10.657440185546875,10.251373291015625,-0.40606689453125
D_R_43022,chck_80M,43022,R,random_token_span,1,rand:1:550,second,,75,77,11.84526538848877,12.227368354797363,0.38210296630859375
D_R_43022,chck_80M,43022,R,random_token_span,1,rand:1:551,first,,78,80,9.20404052734375,9.634431838989258,0.4303913116455078
D_R_43022,chck_80M,43022,R,random_token_span,1,rand:1:552,second,,65,67,12.85472297668457,12.995817184448242,0.14109420776367188
D_R_43022,chck_80M,43022,R,random_token_span,1,rand:1:553,first,,53,55,11.296306610107422,11.535131454467773,0.23882484436035156
D_R_43022,chck_80M,43022,R,random_token_span,1,rand:1:554,second,,82,84,15.260933876037598,15.442663192749023,0.18172931671142578
D_R_43022,chck_80M,43022,R,random_token_span,1,rand:1:555,first,,66,68,16.286691665649414,16.452342987060547,0.1656513214111328
D_R_43022,chck_80M,43022,R,random_token_span,1,rand:1:556,second,,64,66,12.147224426269531,12.189860343933105,0.04263591766357422
D_R_43022,chck_80M,43022,R,random_token_span,1,rand:1:557,first,,55,57,9.545029640197754,10.191015243530273,0.6459856033325195
D_R_43022,chck_80M,43022,R,random_token_span,1,rand:1:558,second,,63,65,11.005192756652832,11.102734565734863,0.09754180908203125
D_R_43022,chck_80M,43022,R,random_token_span,1,rand:1:559,first,,60,62,14.811412811279297,14.941821098327637,0.13040828704833984
D_R_43022,chck_80M,43022,R,random_token_span,1,rand:1:56,second,,71,73,13.397133827209473,13.546134948730469,0.1490011215209961
D_R_43022,chck_80M,43022,R,random_token_span,1,rand:1:560,second,,61,63,12.619033813476562,12.342450141906738,-0.2765836715698242
D_R_43022,chck_80M,43022,R,random_token_span,1,rand:1:561,first,,83,85,12.127365112304688,12.184242248535156,0.05687713623046875
D_R_43022,chck_80M,43022,R,random_token_span,1,rand:1:562,second,,66,68,10.077827453613281,10.036874771118164,-0.04095268249511719
D_R_43022,chck_80M,43022,R,random_token_span,1,rand:1:563,first,,78,80,13.015351295471191,13.049952507019043,0.03460121154785156
D_R_43022,chck_80M,43022,R,random_token_span,1,rand:1:564,second,,37,39,11.036903381347656,12.237740516662598,1.2008371353149414
D_R_43022,chck_80M,43022,R,random_token_span,1,rand:1:565,first,,82,84,15.683684349060059,15.803266525268555,0.1195821762084961
D_R_43022,chck_80M,43022,R,random_token_span,1,rand:1:566,second,,78,80,7.153679847717285,10.40079402923584,3.2471141815185547
D_R_43022,chck_80M,43022,R,random_token_span,1,rand:1:567,first,,60,62,8.37149429321289,12.195640563964844,3.824146270751953
D_R_43022,chck_80M,43022,R,random_token_span,1,rand:1:568,second,,79,81,12.792455673217773,13.265156745910645,0.4727010726928711
D_R_43022,chck_80M,43022,R,random_token_span,1,rand:1:569,first,,38,40,12.388436317443848,13.285114288330078,0.8966779708862305
D_R_43022,chck_80M,43022,R,random_token_span,1,rand:1:57,first,,68,70,13.561250686645508,13.83773422241211,0.27648353576660156
D_R_43022,chck_80M,43022,R,random_token_span,1,rand:1:570,second,,60,62,7.256431579589844,7.562558174133301,0.30612659454345703
D_R_43022,chck_80M,43022,R,random_token_span,1,rand:1:571,first,,49,51,11.60394287109375,11.905111312866211,0.30116844177246094
D_R_43022,chck_80M,43022,R,random_token_span,1,rand:1:572,second,,64,66,12.624549865722656,12.850468635559082,0.22591876983642578
D_R_43022,chck_80M,43022,R,random_token_span,1,rand:1:573,first,,67,69,13.51154613494873,13.368525505065918,-0.1430206298828125
D_R_43022,chck_80M,43022,R,random_token_span,1,rand:1:574,second,,70,72,11.262898445129395,11.679409980773926,0.41651153564453125
D_R_43022,chck_80M,43022,R,random_token_span,1,rand:1:575,first,,48,50,9.243610382080078,9.811829566955566,0.5682191848754883
D_R_43022,chck_80M,43022,R,random_token_span,1,rand:1:576,second,,67,69,10.006635665893555,11.085343360900879,1.0787076950073242
D_R_43022,chck_80M,43022,R,random_token_span,1,rand:1:577,first,,54,56,11.945920944213867,12.117064476013184,0.1711435317993164
D_R_43022,chck_80M,43022,R,random_token_span,1,rand:1:578,second,,73,75,11.869597434997559,12.30352783203125,0.4339303970336914
D_R_43022,chck_80M,43022,R,random_token_span,1,rand:1:579,first,,83,85,8.39686393737793,9.227254867553711,0.8303909301757812
D_R_43022,chck_80M,43022,R,random_token_span,1,rand:1:58,second,,53,55,9.723370552062988,10.73904037475586,1.015669822692871
D_R_43022,chck_80M,43022,R,random_token_span,1,rand:1:580,second,,66,68,10.780773162841797,11.574129104614258,0.7933559417724609
D_R_43022,chck_80M,43022,R,random_token_span,1,rand:1:581,first,,75,77,15.138124465942383,15.284849166870117,0.14672470092773438
D_R_43022,chck_80M,43022,R,random_token_span,1,rand:1:582,second,,64,66,15.92943286895752,15.966520309448242,0.037087440490722656
D_R_43022,chck_80M,43022,R,random_token_span,1,rand:1:583,first,,60,62,3.8187687397003174,8.301082611083984,4.482313871383667
D_R_43022,chck_80M,43022,R,random_token_span,1,rand:1:584,second,,83,85,12.189019203186035,12.556126594543457,0.3671073913574219
D_R_43022,chck_80M,43022,R,random_token_span,1,rand:1:585,first,,56,58,10.353324890136719,10.491747856140137,0.13842296600341797
D_R_43022,chck_80M,43022,R,random_token_span,1,rand:1:586,second,,75,77,14.297069549560547,14.579313278198242,0.2822437286376953
D_R_43022,chck_80M,43022,R,random_token_span,1,rand:1:587,first,,73,75,12.01286506652832,12.457780838012695,0.444915771484375
D_R_43022,chck_80M,43022,R,random_token_span,1,rand:1:588,second,,74,76,15.168939590454102,15.416391372680664,0.2474517822265625
D_R_43022,chck_80M,43022,R,random_token_span,1,rand:1:589,first,,64,66,1.9604099988937378,11.846603393554688,9.88619339466095
D_R_43022,chck_80M,43022,R,random_token_span,1,rand:1:59,first,,54,56,15.548913955688477,16.00731086730957,0.45839691162109375
D_R_43022,chck_80M,43022,R,random_token_span,1,rand:1:590,second,,68,70,14.045524597167969,14.818384170532227,0.7728595733642578
D_R_43022,chck_80M,43022,R,random_token_span,1,rand:1:591,first,,59,61,13.789199829101562,14.105746269226074,0.3165464401245117
D_R_43022,chck_80M,43022,R,random_token_span,1,rand:1:592,second,,73,75,12.404596328735352,12.967975616455078,0.5633792877197266
D_R_43022,chck_80M,43022,R,random_token_span,1,rand:1:593,first,,66,68,10.674606323242188,10.840526580810547,0.16592025756835938
D_R_43022,chck_80M,43022,R,random_token_span,1,rand:1:594,second,,61,63,9.38454532623291,11.426992416381836,2.042447090148926
D_R_43022,chck_80M,43022,R,random_token_span,1,rand:1:595,first,,65,67,12.00309944152832,13.038390159606934,1.0352907180786133
D_R_43022,chck_80M,43022,R,random_token_span,1,rand:1:596,second,,44,46,9.320959091186523,9.79769229888916,0.4767332077026367
D_R_43022,chck_80M,43022,R,random_token_span,1,rand:1:597,first,,66,68,12.064481735229492,12.235798835754395,0.17131710052490234
D_R_43022,chck_80M,43022,R,random_token_span,1,rand:1:598,second,,76,78,15.125850677490234,15.349563598632812,0.22371292114257812
D_R_43022,chck_80M,43022,R,random_token_span,1,rand:1:599,first,,74,76,13.188035011291504,13.590274810791016,0.4022397994995117
D_R_43022,chck_80M,43022,R,random_token_span,1,rand:1:6,second,,87,89,16.80193328857422,16.824256896972656,0.0223236083984375
D_R_43022,chck_80M,43022,R,random_token_span,1,rand:1:60,second,,65,67,7.191418170928955,11.26671314239502,4.0752949714660645
D_R_43022,chck_80M,43022,R,random_token_span,1,rand:1:600,second,,64,66,9.975732803344727,11.0216703414917,1.0459375381469727
D_R_43022,chck_80M,43022,R,random_token_span,1,rand:1:601,first,,72,74,10.035046577453613,10.51462459564209,0.47957801818847656
D_R_43022,chck_80M,43022,R,random_token_span,1,rand:1:602,second,,73,75,12.42082691192627,12.499868392944336,0.0790414810180664
D_R_43022,chck_80M,43022,R,random_token_span,1,rand:1:603,first,,75,77,12.800981521606445,13.137584686279297,0.33660316467285156
D_R_43022,chck_80M,43022,R,random_token_span,1,rand:1:604,second,,64,66,13.009635925292969,12.140181541442871,-0.8694543838500977
D_R_43022,chck_80M,43022,R,random_token_span,1,rand:1:605,first,,56,58,12.696213722229004,12.947904586791992,0.2516908645629883
D_R_43022,chck_80M,43022,R,random_token_span,1,rand:1:606,second,,61,63,13.612442016601562,14.652726173400879,1.0402841567993164
D_R_43022,chck_80M,43022,R,random_token_span,1,rand:1:607,first,,73,75,10.88651180267334,11.082714080810547,0.19620227813720703
D_R_43022,chck_80M,43022,R,random_token_span,1,rand:1:608,second,,67,69,16.67083740234375,16.387948989868164,-0.28288841247558594
D_R_43022,chck_80M,43022,R,random_token_span,1,rand:1:609,first,,53,55,14.006561279296875,15.404019355773926,1.3974580764770508
D_R_43022,chck_80M,43022,R,random_token_span,1,rand:1:61,first,,53,55,11.873163223266602,12.037088394165039,0.1639251708984375
D_R_43022,chck_80M,43022,R,random_token_span,1,rand:1:610,second,,85,87,10.271306991577148,10.340002059936523,0.068695068359375
D_R_43022,chck_80M,43022,R,random_token_span,1,rand:1:611,first,,73,75,16.121721267700195,16.1390323638916,0.01731109619140625
D_R_43022,chck_80M,43022,R,random_token_span,1,rand:1:612,second,,60,62,9.005440711975098,10.182256698608398,1.1768159866333008
D_R_43022,chck_80M,43022,R,random_token_span,1,rand:1:613,first,,82,84,10.174036979675293,10.624857902526855,0.4508209228515625
D_R_43022,chck_80M,43022,R,random_token_span,1,rand:1:614,second,,68,70,14.585808753967285,14.621033668518066,0.03522491455078125
D_R_43022,chck_80M,43022,R,random_token_span,1,rand:1:615,first,,81,83,12.255510330200195,10.815850257873535,-1.4396600723266602
D_R_43022,chck_80M,43022,R,random_token_span,1,rand:1:616,second,,63,65,8.865578651428223,12.349249839782715,3.483671188354492
D_R_43022,chck_80M,43022,R,random_token_span,1,rand:1:617,first,,70,72,13.0606689453125,12.979409217834473,-0.08125972747802734
D_R_43022,chck_80M,43022,R,random_token_span,1,rand:1:618,second,,69,71,14.882909774780273,15.346633911132812,0.46372413635253906
D_R_43022,chck_80M,43022,R,random_token_span,1,rand:1:619,first,,61,63,13.859509468078613,14.250375747680664,0.3908662796020508
D_R_43022,chck_80M,43022,R,random_token_span,1,rand:1:62,second,,77,79,13.323102951049805,13.93057632446289,0.6074733734130859
D_R_43022,chck_80M,43022,R,random_token_span,1,rand:1:620,second,,44,46,11.195088386535645,15.424787521362305,4.22969913482666
D_R_43022,chck_80M,43022,R,random_token_span,1,rand:1:621,first,,62,64,12.728690147399902,13.010969161987305,0.28227901458740234
D_R_43022,chck_80M,43022,R,random_token_span,1,rand:1:622,second,,52,54,10.203107833862305,9.98572063446045,-0.21738719940185547
D_R_43022,chck_80M,43022,R,random_token_span,1,rand:1:623,first,,50,52,12.421192169189453,13.369232177734375,0.9480400085449219
D_R_43022,chck_80M,43022,R,random_token_span,1,rand:1:624,second,,78,80,5.789084434509277,6.49886417388916,0.7097797393798828
D_R_43022,chck_80M,43022,R,random_token_span,1,rand:1:625,first,,61,63,11.199993133544922,11.994892120361328,0.7948989868164062
D_R_43022,chck_80M,43022,R,random_token_span,1,rand:1:626,second,,75,77,13.171960830688477,14.473855972290039,1.3018951416015625
D_R_43022,chck_80M,43022,R,random_token_span,1,rand:1:627,first,,72,74,15.614279747009277,16.65019416809082,1.035914421081543
D_R_43022,chck_80M,43022,R,random_token_span,1,rand:1:628,second,,45,47,11.899968147277832,11.822188377380371,-0.07777976989746094
D_R_43022,chck_80M,43022,R,random_token_span,1,rand:1:629,first,,49,51,12.552383422851562,16.543989181518555,3.991605758666992
D_R_43022,chck_80M,43022,R,random_token_span,1,rand:1:63,first,,64,66,13.282170295715332,13.836483001708984,0.5543127059936523
D_R_43022,chck_80M,43022,R,random_token_span,1,rand:1:630,second,,66,68,14.059041976928711,14.12871265411377,0.0696706771850586
D_R_43022,chck_80M,43022,R,random_token_span,1,rand:1:631,first,,62,64,12.902899742126465,10.42764663696289,-2.475253105163574
D_R_43022,chck_80M,43022,R,random_token_span,1,rand:1:632,second,,79,81,12.610920906066895,12.781550407409668,0.17062950134277344
D_R_43022,chck_80M,43022,R,random_token_span,1,rand:1:633,first,,86,88,13.469769477844238,13.512709617614746,0.04294013977050781
D_R_43022,chck_80M,43022,R,random_token_span,1,rand:1:634,second,,50,52,16.070758819580078,16.93243980407715,0.8616809844970703
D_R_43022,chck_80M,43022,R,random_token_span,1,rand:1:635,first,,71,73,10.365765571594238,10.461603164672852,0.09583759307861328
D_R_43022,chck_80M,43022,R,random_token_span,1,rand:1:636,second,,63,65,10.946273803710938,11.01759147644043,0.07131767272949219
D_R_43022,chck_80M,43022,R,random_token_span,1,rand:1:637,first,,69,71,13.819499969482422,13.910284042358398,0.09078407287597656
D_R_43022,chck_80M,43022,R,random_token_span,1,rand:1:638,second,,63,65,15.343483924865723,15.485567092895508,0.14208316802978516
D_R_43022,chck_80M,43022,R,random_token_span,1,rand:1:639,first,,46,48,5.656882286071777,9.301630020141602,3.644747734069824
D_R_43022,chck_80M,43022,R,random_token_span,1,rand:1:64,second,,61,63,10.015775680541992,12.944339752197266,2.9285640716552734
D_R_43022,chck_80M,43022,R,random_token_span,1,rand:1:640,second,,68,70,15.747922897338867,17.19959831237793,1.4516754150390625
D_R_43022,chck_80M,43022,R,random_token_span,1,rand:1:641,first,,53,55,12.870526313781738,13.294055938720703,0.42352962493896484
D_R_43022,chck_80M,43022,R,random_token_span,1,rand:1:642,second,,55,57,16.66004180908203,16.83767318725586,0.17763137817382812
D_R_43022,chck_80M,43022,R,random_token_span,1,rand:1:643,first,,66,68,9.774015426635742,10.879253387451172,1.1052379608154297
D_R_43022,chck_80M,43022,R,random_token_span,1,rand:1:644,second,,47,49,13.006653785705566,13.78286361694336,0.776209831237793
D_R_43022,chck_80M,43022,R,random_token_span,1,rand:1:645,first,,68,70,7.604369163513184,8.176508903503418,0.5721397399902344
D_R_43022,chck_80M,43022,R,random_token_span,1,rand:1:646,second,,75,77,14.467203140258789,14.696048736572266,0.22884559631347656
D_R_43022,chck_80M,43022,R,random_token_span,1,rand:1:647,first,,76,78,16.321088790893555,16.38871192932129,0.06762313842773438
D_R_43022,chck_80M,43022,R,random_token_span,1,rand:1:648,second,,67,69,11.72637939453125,13.286876678466797,1.5604972839355469
D_R_43022,chck_80M,43022,R,random_token_span,1,rand:1:649,first,,62,64,6.986579418182373,7.728464603424072,0.7418851852416992
D_R_43022,chck_80M,43022,R,random_token_span,1,rand:1:65,first,,57,59,12.507996559143066,12.668214797973633,0.1602182388305664
D_R_43022,chck_80M,43022,R,random_token_span,1,rand:1:650,second,,83,85,10.936049461364746,11.462679862976074,0.5266304016113281
D_R_43022,chck_80M,43022,R,random_token_span,1,rand:1:651,first,,53,55,13.696493148803711,14.194573402404785,0.4980802536010742
D_R_43022,chck_80M,43022,R,random_token_span,1,rand:1:652,second,,70,72,9.236627578735352,9.410954475402832,0.17432689666748047
D_R_43022,chck_80M,43022,R,random_token_span,1,rand:1:653,first,,66,68,8.661970138549805,10.191816329956055,1.52984619140625
D_R_43022,chck_80M,43022,R,random_token_span,1,rand:1:654,second,,52,54,9.705612182617188,10.032939910888672,0.3273277282714844
D_R_43022,chck_80M,43022,R,random_token_span,1,rand:1:655,first,,69,71,15.052952766418457,15.408775329589844,0.3558225631713867
D_R_43022,chck_80M,43022,R,random_token_span,1,rand:1:656,second,,65,67,12.19271469116211,12.337409973144531,0.14469528198242188
D_R_43022,chck_80M,43022,R,random_token_span,1,rand:1:657,first,,50,52,9.516237258911133,9.930025100708008,0.413787841796875
D_R_43022,chck_80M,43022,R,random_token_span,1,rand:1:658,second,,94,96,11.913089752197266,12.105225563049316,0.19213581085205078
D_R_43022,chck_80M,43022,R,random_token_span,1,rand:1:659,first,,71,73,15.621797561645508,15.766528129577637,0.1447305679321289
D_R_43022,chck_80M,43022,R,random_token_span,1,rand:1:66,second,,62,64,11.611961364746094,11.425355911254883,-0.18660545349121094
D_R_43022,chck_80M,43022,R,random_token_span,1,rand:1:660,second,,51,53,12.8814697265625,13.331562042236328,0.4500923156738281
D_R_43022,chck_80M,43022,R,random_token_span,1,rand:1:661,first,,53,55,9.394186973571777,9.754928588867188,0.36074161529541016
D_R_43022,chck_80M,43022,R,random_token_span,1,rand:1:662,second,,50,52,11.605494499206543,12.440926551818848,0.8354320526123047
D_R_43022,chck_80M,43022,R,random_token_span,1,rand:1:663,first,,66,68,12.239004135131836,12.86628532409668,0.6272811889648438
D_R_43022,chck_80M,43022,R,random_token_span,1,rand:1:664,second,,93,95,12.433725357055664,12.624544143676758,0.19081878662109375
D_R_43022,chck_80M,43022,R,random_token_span,1,rand:1:665,first,,74,76,12.833450317382812,12.827899932861328,-0.005550384521484375
D_R_43022,chck_80M,43022,R,random_token_span,1,rand:1:666,second,,57,59,11.576338768005371,12.128403663635254,0.5520648956298828
D_R_43022,chck_80M,43022,R,random_token_span,1,rand:1:667,first,,56,58,12.11872386932373,11.946603775024414,-0.1721200942993164
D_R_43022,chck_80M,43022,R,random_token_span,1,rand:1:668,second,,71,73,15.296716690063477,15.296712875366211,-3.814697265625e-06
D_R_43022,chck_80M,43022,R,random_token_span,1,rand:1:669,first,,60,62,11.047396659851074,11.027019500732422,-0.020377159118652344
D_R_43022,chck_80M,43022,R,random_token_span,1,rand:1:67,first,,78,80,11.052069664001465,11.140846252441406,0.0887765884399414
D_R_43022,chck_80M,43022,R,random_token_span,1,rand:1:670,second,,62,64,13.283917427062988,13.361339569091797,0.0774221420288086
D_R_43022,chck_80M,43022,R,random_token_span,1,rand:1:671,first,,74,76,12.951288223266602,13.101329803466797,0.1500415802001953
D_R_43022,chck_80M,43022,R,random_token_span,1,rand:1:672,second,,69,71,14.63155746459961,14.475290298461914,-0.1562671661376953
D_R_43022,chck_80M,43022,R,random_token_span,1,rand:1:673,first,,62,64,5.217973709106445,5.975129127502441,0.7571554183959961
D_R_43022,chck_80M,43022,R,random_token_span,1,rand:1:674,second,,72,74,10.819104194641113,11.158248901367188,0.3391447067260742
D_R_43022,chck_80M,43022,R,random_token_span,1,rand:1:675,first,,84,86,15.743139266967773,15.657145500183105,-0.08599376678466797
D_R_43022,chck_80M,43022,R,random_token_span,1,rand:1:676,second,,80,82,12.383007049560547,12.88606071472168,0.5030536651611328
D_R_43022,chck_80M,43022,R,random_token_span,1,rand:1:677,first,,62,64,4.581818580627441,5.320424556732178,0.7386059761047363
D_R_43022,chck_80M,43022,R,random_token_span,1,rand:1:678,second,,69,71,6.803582191467285,7.4060468673706055,0.6024646759033203
D_R_43022,chck_80M,43022,R,random_token_span,1,rand:1:679,first,,59,61,12.402059555053711,12.512969970703125,0.11091041564941406
D_R_43022,chck_80M,43022,R,random_token_span,1,rand:1:68,second,,71,73,14.080717086791992,13.78783893585205,-0.2928781509399414
D_R_43022,chck_80M,43022,R,random_token_span,1,rand:1:680,second,,71,73,9.595937728881836,9.669240951538086,0.07330322265625
D_R_43022,chck_80M,43022,R,random_token_span,1,rand:1:681,first,,62,64,11.729974746704102,11.870637893676758,0.14066314697265625
D_R_43022,chck_80M,43022,R,random_token_span,1,rand:1:682,second,,58,60,13.25436782836914,13.26180648803711,0.00743865966796875
D_R_43022,chck_80M,43022,R,random_token_span,1,rand:1:683,first,,77,79,14.131807327270508,14.773157119750977,0.6413497924804688
D_R_43022,chck_80M,43022,R,random_token_span,1,rand:1:684,second,,59,61,12.869115829467773,12.875360488891602,0.006244659423828125
D_R_43022,chck_80M,43022,R,random_token_span,1,rand:1:685,first,,89,91,13.716757774353027,13.799972534179688,0.08321475982666016
D_R_43022,chck_80M,43022,R,random_token_span,1,rand:1:686,second,,74,76,8.829217910766602,9.326839447021484,0.4976215362548828
D_R_43022,chck_80M,43022,R,random_token_span,1,rand:1:687,first,,63,65,13.995139122009277,14.123603820800781,0.1284646987915039
D_R_43022,chck_80M,43022,R,random_token_span,1,rand:1:688,second,,72,74,10.868343353271484,10.713909149169922,-0.1544342041015625
D_R_43022,chck_80M,43022,R,random_token_span,1,rand:1:689,first,,74,76,11.013708114624023,11.327707290649414,0.3139991760253906
D_R_43022,chck_80M,43022,R,random_token_span,1,rand:1:69,first,,53,55,11.542933464050293,11.880048751831055,0.3371152877807617
D_R_43022,chck_80M,43022,R,random_token_span,1,rand:1:690,second,,54,56,5.419949054718018,5.972405910491943,0.5524568557739258
D_R_43022,chck_80M,43022,R,random_token_span,1,rand:1:691,first,,49,51,12.987436294555664,13.187858581542969,0.2004222869873047
D_R_43022,chck_80M,43022,R,random_token_span,1,rand:1:692,second,,82,84,10.121170997619629,10.821452140808105,0.7002811431884766
D_R_43022,chck_80M,43022,R,random_token_span,1,rand:1:693,first,,60,62,13.819610595703125,14.726143836975098,0.9065332412719727
D_R_43022,chck_80M,43022,R,random_token_span,1,rand:1:694,second,,82,84,14.136271476745605,14.792445182800293,0.6561737060546875
D_R_43022,chck_80M,43022,R,random_token_span,1,rand:1:695,first,,56,58,10.483572006225586,11.048684120178223,0.5651121139526367
D_R_43022,chck_80M,43022,R,random_token_span,1,rand:1:696,second,,55,57,16.132230758666992,16.40850257873535,0.2762718200683594
D_R_43022,chck_80M,43022,R,random_token_span,1,rand:1:697,first,,87,89,11.77573013305664,11.947402000427246,0.17167186737060547
D_R_43022,chck_80M,43022,R,random_token_span,1,rand:1:698,second,,76,78,8.954032897949219,8.729386329650879,-0.22464656829833984
D_R_43022,chck_80M,43022,R,random_token_span,1,rand:1:699,first,,64,66,12.43005084991455,12.844082832336426,0.414031982421875
D_R_43022,chck_80M,43022,R,random_token_span,1,rand:1:7,first,,57,59,13.753482818603516,13.832228660583496,0.07874584197998047
D_R_43022,chck_80M,43022,R,random_token_span,1,rand:1:70,second,,74,76,14.58237075805664,15.133379936218262,0.5510091781616211
D_R_43022,chck_80M,43022,R,random_token_span,1,rand:1:71,first,,47,49,10.65417766571045,10.727364540100098,0.07318687438964844
D_R_43022,chck_80M,43022,R,random_token_span,1,rand:1:72,second,,58,60,12.615610122680664,12.817144393920898,0.20153427124023438
D_R_43022,chck_80M,43022,R,random_token_span,1,rand:1:73,first,,68,70,16.428010940551758,16.467451095581055,0.039440155029296875
D_R_43022,chck_80M,43022,R,random_token_span,1,rand:1:74,second,,62,64,12.290651321411133,12.28139877319336,-0.009252548217773438
D_R_43022,chck_80M,43022,R,random_token_span,1,rand:1:75,first,,61,63,14.997903823852539,15.390349388122559,0.39244556427001953
D_R_43022,chck_80M,43022,R,random_token_span,1,rand:1:76,second,,75,77,8.838425636291504,9.128819465637207,0.2903938293457031
D_R_43022,chck_80M,43022,R,random_token_span,1,rand:1:77,first,,63,65,8.972219467163086,9.942127227783203,0.9699077606201172
D_R_43022,chck_80M,43022,R,random_token_span,1,rand:1:78,second,,46,48,13.34532356262207,13.580276489257812,0.2349529266357422
D_R_43022,chck_80M,43022,R,random_token_span,1,rand:1:79,first,,66,68,10.870615005493164,10.909941673278809,0.03932666778564453
D_R_43022,chck_80M,43022,R,random_token_span,1,rand:1:8,second,,56,58,1.17133629322052,8.041025161743164,6.869688868522644
D_R_43022,chck_80M,43022,R,random_token_span,1,rand:1:80,second,,36,38,11.283321380615234,11.830087661743164,0.5467662811279297
D_R_43022,chck_80M,43022,R,random_token_span,1,rand:1:81,first,,61,63,11.753433227539062,12.216585159301758,0.4631519317626953
D_R_43022,chck_80M,43022,R,random_token_span,1,rand:1:82,second,,71,73,15.465019226074219,15.57066822052002,0.10564899444580078
D_R_43022,chck_80M,43022,R,random_token_span,1,rand:1:83,first,,82,84,13.181490898132324,14.26596450805664,1.0844736099243164
D_R_43022,chck_80M,43022,R,random_token_span,1,rand:1:84,second,,53,55,10.19166088104248,10.46390438079834,0.2722434997558594
D_R_43022,chck_80M,43022,R,random_token_span,1,rand:1:85,first,,83,85,10.742351531982422,11.185422897338867,0.4430713653564453
D_R_43022,chck_80M,43022,R,random_token_span,1,rand:1:86,second,,71,73,14.54686450958252,14.440353393554688,-0.10651111602783203
D_R_43022,chck_80M,43022,R,random_token_span,1,rand:1:87,first,,50,52,6.423588752746582,8.746798515319824,2.323209762573242
D_R_43022,chck_80M,43022,R,random_token_span,1,rand:1:88,second,,76,78,14.339312553405762,14.9542875289917,0.6149749755859375
D_R_43022,chck_80M,43022,R,random_token_span,1,rand:1:89,first,,64,66,11.966365814208984,11.521778106689453,-0.44458770751953125
D_R_43022,chck_80M,43022,R,random_token_span,1,rand:1:9,first,,61,63,13.111684799194336,13.178720474243164,0.06703567504882812
D_R_43022,chck_80M,43022,R,random_token_span,1,rand:1:90,second,,54,56,13.308565139770508,13.424981117248535,0.11641597747802734
D_R_43022,chck_80M,43022,R,random_token_span,1,rand:1:91,first,,79,81,11.529150009155273,11.46611213684082,-0.06303787231445312
D_R_43022,chck_80M,43022,R,random_token_span,1,rand:1:92,second,,48,50,12.159273147583008,12.586870193481445,0.4275970458984375
D_R_43022,chck_80M,43022,R,random_token_span,1,rand:1:93,first,,62,64,14.931905746459961,14.899800300598145,-0.032105445861816406
D_R_43022,chck_80M,43022,R,random_token_span,1,rand:1:94,second,,67,69,9.837039947509766,10.083423614501953,0.2463836669921875
D_R_43022,chck_80M,43022,R,random_token_span,1,rand:1:95,first,,81,83,13.849737167358398,13.961187362670898,0.1114501953125
D_R_43022,chck_80M,43022,R,random_token_span,1,rand:1:96,second,,76,78,11.227960586547852,11.786903381347656,0.5589427947998047
D_R_43022,chck_80M,43022,R,random_token_span,1,rand:1:97,first,,85,87,13.642026901245117,13.868796348571777,0.22676944732666016
D_R_43022,chck_80M,43022,R,random_token_span,1,rand:1:98,second,,66,68,7.3006911277771,8.240896224975586,0.9402050971984863
D_R_43022,chck_80M,43022,R,random_token_span,1,rand:1:99,first,,74,76,11.687731742858887,12.188291549682617,0.5005598068237305
D_R_43022,chck_80M,43022,R,random_token_span,4,rand:4:1000,second,,66,68,14.769684791564941,14.8849515914917,0.11526679992675781
D_R_43022,chck_80M,43022,R,random_token_span,4,rand:4:1001,first,,99,101,10.043149948120117,12.342782974243164,2.299633026123047
D_R_43022,chck_80M,43022,R,random_token_span,4,rand:4:1002,second,,60,62,6.39446496963501,10.949475288391113,4.5550103187561035
D_R_43022,chck_80M,43022,R,random_token_span,4,rand:4:1003,first,,76,78,8.381752014160156,9.621198654174805,1.2394466400146484
D_R_43022,chck_80M,43022,R,random_token_span,4,rand:4:1004,second,,77,79,13.049199104309082,13.810296058654785,0.7610969543457031
D_R_43022,chck_80M,43022,R,random_token_span,4,rand:4:1005,first,,74,76,3.272171974182129,15.354046821594238,12.08187484741211
D_R_43022,chck_80M,43022,R,random_token_span,4,rand:4:1006,second,,82,84,5.988713264465332,12.879669189453125,6.890955924987793
D_R_43022,chck_80M,43022,R,random_token_span,4,rand:4:1007,first,,65,67,0.05143193528056145,9.866272926330566,9.814840991050005
D_R_43022,chck_80M,43022,R,random_token_span,4,rand:4:1008,second,,68,70,0.5255436897277832,12.941761016845703,12.41621732711792
D_R_43022,chck_80M,43022,R,random_token_span,4,rand:4:1009,first,,55,57,15.768413543701172,15.997137069702148,0.22872352600097656
D_R_43022,chck_80M,43022,R,random_token_span,4,rand:4:1010,second,,67,69,0.28866446018218994,10.83758544921875,10.54892098903656
D_R_43022,chck_80M,43022,R,random_token_span,4,rand:4:1011,first,,81,83,14.392058372497559,14.58157730102539,0.18951892852783203
D_R_43022,chck_80M,43022,R,random_token_span,4,rand:4:1012,second,,85,87,9.362918853759766,13.563077926635742,4.200159072875977
D_R_43022,chck_80M,43022,R,random_token_span,4,rand:4:1013,first,,52,54,1.9024537801742554,13.532803535461426,11.63034975528717
D_R_43022,chck_80M,43022,R,random_token_span,4,rand:4:1014,second,,67,69,8.745819091796875,16.45616340637207,7.710344314575195
D_R_43022,chck_80M,43022,R,random_token_span,4,rand:4:1015,first,,64,66,1.0617780685424805,15.045527458190918,13.983749389648438
D_R_43022,chck_80M,43022,R,random_token_span,4,rand:4:1016,second,,84,86,14.727073669433594,15.15528392791748,0.4282102584838867
D_R_43022,chck_80M,43022,R,random_token_span,4,rand:4:1017,first,,71,73,0.3189030587673187,12.707422256469727,12.388519197702408
D_R_43022,chck_80M,43022,R,random_token_span,4,rand:4:1018,second,,83,85,9.508959770202637,14.006460189819336,4.497500419616699
D_R_43022,chck_80M,43022,R,random_token_span,4,rand:4:1019,first,,61,63,7.638794898986816,13.421138763427734,5.782343864440918
D_R_43022,chck_80M,43022,R,random_token_span,4,rand:4:1020,second,,65,67,3.753056049346924,11.856842041015625,8.103785991668701
D_R_43022,chck_80M,43022,R,random_token_span,4,rand:4:1021,first,,80,82,5.731298446655273,9.687232971191406,3.955934524536133
D_R_43022,chck_80M,43022,R,random_token_span,4,rand:4:1022,second,,52,54,6.509970188140869,9.92241096496582,3.412440776824951
D_R_43022,chck_80M,43022,R,random_token_span,4,rand:4:1023,first,,79,81,2.3889551162719727,12.712249755859375,10.323294639587402
D_R_43022,chck_80M,43022,R,random_token_span,4,rand:4:1024,second,,84,86,2.103092908859253,13.08993911743164,10.986846208572388
D_R_43022,chck_80M,43022,R,random_token_span,4,rand:4:1025,first,,86,88,2.3538358211517334,14.30847454071045,11.954638719558716
D_R_43022,chck_80M,43022,R,random_token_span,4,rand:4:1026,second,,61,63,4.309454441070557,11.159732818603516,6.850278377532959
D_R_43022,chck_80M,43022,R,random_token_span,4,rand:4:1027,first,,72,74,2.180044651031494,15.013494491577148,12.833449840545654
D_R_43022,chck_80M,43022,R,random_token_span,4,rand:4:1028,second,,69,71,3.87697696685791,9.637767791748047,5.760790824890137
D_R_43022,chck_80M,43022,R,random_token_span,4,rand:4:1029,first,,75,77,0.5901833176612854,11.14189338684082,10.551710069179535
D_R_43022,chck_80M,43022,R,random_token_span,4,rand:4:1030,second,,62,64,0.17328506708145142,11.714193344116211,11.54090827703476
D_R_43022,chck_80M,43022,R,random_token_span,4,rand:4:1031,first,,70,72,10.89871597290039,12.589186668395996,1.6904706954956055
D_R_43022,chck_80M,43022,R,random_token_span,4,rand:4:1032,second,,80,82,16.36719512939453,15.793977737426758,-0.5732173919677734
D_R_43022,chck_80M,43022,R,random_token_span,4,rand:4:1033,first,,72,74,0.6667284369468689,11.809499740600586,11.142771303653717
D_R_43022,chck_80M,43022,R,random_token_span,4,rand:4:1034,second,,57,59,8.040492057800293,16.23031997680664,8.189827919006348
D_R_43022,chck_80M,43022,R,random_token_span,4,rand:4:1035,first,,71,73,5.52378511428833,11.692025184631348,6.168240070343018
D_R_43022,chck_80M,43022,R,random_token_span,4,rand:4:1036,second,,62,64,3.783435344696045,13.144134521484375,9.36069917678833
D_R_43022,chck_80M,43022,R,random_token_span,4,rand:4:1037,first,,54,56,8.619573593139648,11.47412395477295,2.854550361633301
D_R_43022,chck_80M,43022,R,random_token_span,4,rand:4:1038,second,,79,81,9.12688159942627,12.840486526489258,3.7136049270629883
D_R_43022,chck_80M,43022,R,random_token_span,4,rand:4:1039,first,,92,94,0.6981203556060791,11.104532241821289,10.40641188621521
D_R_43022,chck_80M,43022,R,random_token_span,4,rand:4:1040,second,,58,60,0.23153018951416016,6.737471580505371,6.505941390991211
D_R_43022,chck_80M,43022,R,random_token_span,4,rand:4:1041,first,,46,48,6.305967330932617,6.532456398010254,0.22648906707763672
D_R_43022,chck_80M,43022,R,random_token_span,4,rand:4:1042,second,,75,77,2.4692699909210205,11.78017520904541,9.31090521812439
D_R_43022,chck_80M,43022,R,random_token_span,4,rand:4:1043,first,,76,78,0.3743841350078583,14.075748443603516,13.701364308595657
D_R_43022,chck_80M,43022,R,random_token_span,4,rand:4:1044,second,,84,86,11.024755477905273,14.017653465270996,2.9928979873657227
D_R_43022,chck_80M,43022,R,random_token_span,4,rand:4:1045,first,,90,92,1.0790846347808838,10.044639587402344,8.96555495262146
D_R_43022,chck_80M,43022,R,random_token_span,4,rand:4:1046,second,,85,87,8.827165603637695,9.279895782470703,0.4527301788330078
D_R_43022,chck_80M,43022,R,random_token_span,4,rand:4:1047,first,,77,79,7.157209873199463,12.539674758911133,5.38246488571167
D_R_43022,chck_80M,43022,R,random_token_span,4,rand:4:1048,second,,88,90,1.561767578125,11.959578514099121,10.397810935974121
D_R_43022,chck_80M,43022,R,random_token_span,4,rand:4:1049,first,,82,84,1.0067960023880005,12.628015518188477,11.621219515800476
D_R_43022,chck_80M,43022,R,random_token_span,4,rand:4:1050,second,,67,69,0.5032011866569519,12.113593101501465,11.610391914844513
D_R_43022,chck_80M,43022,R,random_token_span,4,rand:4:1051,first,,50,52,8.83757209777832,14.355623245239258,5.5180511474609375
D_R_43022,chck_80M,43022,R,random_token_span,4,rand:4:1052,second,,75,77,5.895580291748047,12.290968894958496,6.395388603210449
D_R_43022,chck_80M,43022,R,random_token_span,4,rand:4:1053,first,,82,84,1.507201910018921,14.217909812927246,12.710707902908325
D_R_43022,chck_80M,43022,R,random_token_span,4,rand:4:1054,second,,83,85,8.798013687133789,10.419989585876465,1.6219758987426758
D_R_43022,chck_80M,43022,R,random_token_span,4,rand:4:1055,first,,70,72,14.526546478271484,16.08671760559082,1.560171127319336
D_R_43022,chck_80M,43022,R,random_token_span,4,rand:4:1056,second,,85,87,14.246452331542969,14.992847442626953,0.7463951110839844
D_R_43022,chck_80M,43022,R,random_token_span,4,rand:4:1057,first,,63,65,1.5790894031524658,10.376291275024414,8.797201871871948
D_R_43022,chck_80M,43022,R,random_token_span,4,rand:4:1058,second,,55,57,3.7577083110809326,10.09942626953125,6.341717958450317
D_R_43022,chck_80M,43022,R,random_token_span,4,rand:4:1059,first,,73,75,5.571022987365723,11.992104530334473,6.42108154296875
D_R_43022,chck_80M,43022,R,random_token_span,4,rand:4:1060,second,,69,71,14.522089004516602,14.74399185180664,0.22190284729003906
D_R_43022,chck_80M,43022,R,random_token_span,4,rand:4:1061,first,,50,52,12.416507720947266,14.481409072875977,2.064901351928711
D_R_43022,chck_80M,43022,R,random_token_span,4,rand:4:1062,second,,71,73,0.48336261510849,14.504020690917969,14.020658075809479
D_R_43022,chck_80M,43022,R,random_token_span,4,rand:4:1063,first,,62,64,16.753829956054688,17.027372360229492,0.2735424041748047
D_R_43022,chck_80M,43022,R,random_token_span,4,rand:4:1064,second,,66,68,8.755645751953125,16.186283111572266,7.430637359619141
D_R_43022,chck_80M,43022,R,random_token_span,4,rand:4:1065,first,,66,68,9.225727081298828,13.024737358093262,3.7990102767944336
D_R_43022,chck_80M,43022,R,random_token_span,4,rand:4:1066,second,,60,62,8.723296165466309,13.81257438659668,5.089278221130371
D_R_43022,chck_80M,43022,R,random_token_span,4,rand:4:1067,first,,77,79,10.870084762573242,11.847970962524414,0.9778861999511719
D_R_43022,chck_80M,43022,R,random_token_span,4,rand:4:1068,second,,57,59,15.748987197875977,17.74211311340332,1.9931259155273438
D_R_43022,chck_80M,43022,R,random_token_span,4,rand:4:1069,first,,82,84,10.069870948791504,12.174243927001953,2.104372978210449
D_R_43022,chck_80M,43022,R,random_token_span,4,rand:4:1070,second,,71,73,8.678049087524414,12.592835426330566,3.9147863388061523
D_R_43022,chck_80M,43022,R,random_token_span,4,rand:4:1071,first,,54,56,0.42050719261169434,13.943873405456543,13.523366212844849
D_R_43022,chck_80M,43022,R,random_token_span,4,rand:4:1072,second,,63,65,14.193148612976074,13.735554695129395,-0.4575939178466797
D_R_43022,chck_80M,43022,R,random_token_span,4,rand:4:1073,first,,68,70,5.179877281188965,12.028241157531738,6.848363876342773
D_R_43022,chck_80M,43022,R,random_token_span,4,rand:4:1074,second,,95,97,15.71152400970459,16.392858505249023,0.6813344955444336
D_R_43022,chck_80M,43022,R,random_token_span,4,rand:4:1075,first,,76,78,1.6417076587677002,10.3772554397583,8.7355477809906
D_R_43022,chck_80M,43022,R,random_token_span,4,rand:4:1076,second,,74,76,7.992424011230469,16.307247161865234,8.314823150634766
D_R_43022,chck_80M,43022,R,random_token_span,4,rand:4:1077,first,,82,84,4.931763648986816,14.551617622375488,9.619853973388672
D_R_43022,chck_80M,43022,R,random_token_span,4,rand:4:1078,second,,88,90,0.29695260524749756,9.050308227539062,8.753355622291565
D_R_43022,chck_80M,43022,R,random_token_span,4,rand:4:1079,first,,65,67,5.324345588684082,12.002510070800781,6.678164482116699
D_R_43022,chck_80M,43022,R,random_token_span,4,rand:4:1080,second,,86,88,10.298786163330078,11.896280288696289,1.597494125366211
D_R_43022,chck_80M,43022,R,random_token_span,4,rand:4:1081,first,,85,87,0.20435169339179993,14.815942764282227,14.611591070890427
D_R_43022,chck_80M,43022,R,random_token_span,4,rand:4:1082,second,,72,74,1.1707929372787476,10.117695808410645,8.946902871131897
D_R_43022,chck_80M,43022,R,random_token_span,4,rand:4:1083,first,,65,67,6.653862476348877,13.283782005310059,6.629919528961182
D_R_43022,chck_80M,43022,R,random_token_span,4,rand:4:1084,second,,85,87,12.892026901245117,14.73652172088623,1.8444948196411133
D_R_43022,chck_80M,43022,R,random_token_span,4,rand:4:1085,first,,82,84,4.646933555603027,11.149957656860352,6.503024101257324
D_R_43022,chck_80M,43022,R,random_token_span,4,rand:4:1086,second,,77,79,14.61634635925293,14.211755752563477,-0.4045906066894531
D_R_43022,chck_80M,43022,R,random_token_span,4,rand:4:1087,first,,64,66,8.55996036529541,11.745012283325195,3.185051918029785
D_R_43022,chck_80M,43022,R,random_token_span,4,rand:4:1088,second,,75,77,9.610672950744629,11.847067832946777,2.2363948822021484
D_R_43022,chck_80M,43022,R,random_token_span,4,rand:4:1089,first,,84,86,8.7906494140625,13.78622817993164,4.995578765869141
D_R_43022,chck_80M,43022,R,random_token_span,4,rand:4:1090,second,,68,70,2.706156015396118,8.36686897277832,5.660712957382202
D_R_43022,chck_80M,43022,R,random_token_span,4,rand:4:1091,first,,60,62,5.6169209480285645,13.741183280944824,8.12426233291626
D_R_43022,chck_80M,43022,R,random_token_span,4,rand:4:1092,second,,74,76,3.864048719406128,13.6553373336792,9.791288614273071
D_R_43022,chck_80M,43022,R,random_token_span,4,rand:4:1093,first,,71,73,9.807920455932617,11.836564064025879,2.0286436080932617
D_R_43022,chck_80M,43022,R,random_token_span,4,rand:4:1094,second,,66,68,7.450082778930664,14.463004112243652,7.012921333312988
D_R_43022,chck_80M,43022,R,random_token_span,4,rand:4:1095,first,,65,67,13.436649322509766,12.669622421264648,-0.7670269012451172
D_R_43022,chck_80M,43022,R,random_token_span,4,rand:4:1096,second,,77,79,1.155523657798767,8.953497886657715,7.797974228858948
D_R_43022,chck_80M,43022,R,random_token_span,4,rand:4:1097,first,,46,48,9.89036750793457,15.610945701599121,5.720578193664551
D_R_43022,chck_80M,43022,R,random_token_span,4,rand:4:1098,second,,78,80,1.2221800088882446,12.088493347167969,10.866313338279724
D_R_43022,chck_80M,43022,R,random_token_span,4,rand:4:1099,first,,76,78,5.210991859436035,10.929510116577148,5.718518257141113
D_R_43022,chck_80M,43022,R,random_token_span,4,rand:4:1100,second,,64,66,0.5053321719169617,9.411676406860352,8.90634423494339
D_R_43022,chck_80M,43022,R,random_token_span,4,rand:4:1101,first,,95,97,2.9740793704986572,12.101283073425293,9.127203702926636
D_R_43022,chck_80M,43022,R,random_token_span,4,rand:4:1102,second,,75,77,1.9522461891174316,13.574621200561523,11.622375011444092
D_R_43022,chck_80M,43022,R,random_token_span,4,rand:4:1103,first,,43,45,8.734917640686035,8.979320526123047,0.24440288543701172
D_R_43022,chck_80M,43022,R,random_token_span,4,rand:4:1104,second,,66,68,11.682252883911133,13.217113494873047,1.534860610961914
D_R_43022,chck_80M,43022,R,random_token_span,4,rand:4:1105,first,,82,84,8.455472946166992,13.574814796447754,5.119341850280762
D_R_43022,chck_80M,43022,R,random_token_span,4,rand:4:1106,second,,66,68,3.1589722633361816,11.740962028503418,8.581989765167236
D_R_43022,chck_80M,43022,R,random_token_span,4,rand:4:1107,first,,53,55,14.268718719482422,14.834061622619629,0.565342903137207
D_R_43022,chck_80M,43022,R,random_token_span,4,rand:4:1108,second,,71,73,10.285303115844727,12.33438491821289,2.049081802368164
D_R_43022,chck_80M,43022,R,random_token_span,4,rand:4:1109,first,,46,48,8.25349235534668,14.579353332519531,6.325860977172852
D_R_43022,chck_80M,43022,R,random_token_span,4,rand:4:1110,second,,74,76,10.125555992126465,14.507701873779297,4.382145881652832
D_R_43022,chck_80M,43022,R,random_token_span,4,rand:4:1111,first,,85,87,2.0910630226135254,10.974459648132324,8.883396625518799
D_R_43022,chck_80M,43022,R,random_token_span,4,rand:4:1112,second,,84,86,0.5496495962142944,12.991934776306152,12.442285180091858
D_R_43022,chck_80M,43022,R,random_token_span,4,rand:4:1113,first,,84,86,0.9528229832649231,13.684149742126465,12.731326758861542
D_R_43022,chck_80M,43022,R,random_token_span,4,rand:4:1114,second,,70,72,9.464414596557617,15.680254936218262,6.2158403396606445
D_R_43022,chck_80M,43022,R,random_token_span,4,rand:4:1115,first,,75,77,2.0003044605255127,13.39455795288086,11.394253492355347
D_R_43022,chck_80M,43022,R,random_token_span,4,rand:4:1116,second,,92,94,6.0743513107299805,13.888346672058105,7.813995361328125
D_R_43022,chck_80M,43022,R,random_token_span,4,rand:4:1117,first,,61,63,1.998809814453125,11.583806037902832,9.584996223449707
D_R_43022,chck_80M,43022,R,random_token_span,4,rand:4:1118,second,,72,74,11.988103866577148,11.457185745239258,-0.5309181213378906
D_R_43022,chck_80M,43022,R,random_token_span,4,rand:4:1119,first,,77,79,8.521865844726562,12.736970901489258,4.215105056762695
D_R_43022,chck_80M,43022,R,random_token_span,4,rand:4:1120,second,,91,93,5.8559064865112305,10.001893043518066,4.145986557006836
D_R_43022,chck_80M,43022,R,random_token_span,4,rand:4:1121,first,,95,97,7.635751724243164,13.427160263061523,5.791408538818359
D_R_43022,chck_80M,43022,R,random_token_span,4,rand:4:1122,second,,71,73,4.972748756408691,11.134799003601074,6.162050247192383
D_R_43022,chck_80M,43022,R,random_token_span,4,rand:4:1123,first,,77,79,5.683605194091797,12.212506294250488,6.528901100158691
D_R_43022,chck_80M,43022,R,random_token_span,4,rand:4:1124,second,,89,91,11.044585227966309,13.23364543914795,2.1890602111816406
D_R_43022,chck_80M,43022,R,random_token_span,4,rand:4:1125,first,,77,79,1.2938841581344604,12.705648422241211,11.41176426410675
D_R_43022,chck_80M,43022,R,random_token_span,4,rand:4:1126,second,,70,72,7.750903129577637,12.72304630279541,4.972143173217773
D_R_43022,chck_80M,43022,R,random_token_span,4,rand:4:1127,first,,90,92,0.019825398921966553,9.76175308227539,9.741927683353424
D_R_43022,chck_80M,43022,R,random_token_span,4,rand:4:1128,second,,79,81,9.334986686706543,9.506814956665039,0.1718282699584961
D_R_43022,chck_80M,43022,R,random_token_span,4,rand:4:1129,first,,56,58,5.466086387634277,13.247620582580566,7.781534194946289
D_R_43022,chck_80M,43022,R,random_token_span,4,rand:4:1130,second,,72,74,0.5931569933891296,14.862208366394043,14.269051373004913
D_R_43022,chck_80M,43022,R,random_token_span,4,rand:4:1131,first,,63,65,1.1116515398025513,13.180880546569824,12.069229006767273
D_R_43022,chck_80M,43022,R,random_token_span,4,rand:4:1132,second,,68,70,11.556323051452637,15.474393844604492,3.9180707931518555
D_R_43022,chck_80M,43022,R,random_token_span,4,rand:4:1133,first,,83,85,10.337804794311523,13.883125305175781,3.545320510864258
D_R_43022,chck_80M,43022,R,random_token_span,4,rand:4:1134,second,,65,67,6.18802547454834,12.737995147705078,6.549969673156738
D_R_43022,chck_80M,43022,R,random_token_span,4,rand:4:1135,first,,73,75,9.929981231689453,14.744112014770508,4.814130783081055
D_R_43022,chck_80M,43022,R,random_token_span,4,rand:4:1136,second,,72,74,9.797856330871582,11.88078498840332,2.0829286575317383
D_R_43022,chck_80M,43022,R,random_token_span,4,rand:4:1137,first,,58,60,2.8931000232696533,11.774026870727539,8.880926847457886
D_R_43022,chck_80M,43022,R,random_token_span,4,rand:4:1138,second,,79,81,0.804521381855011,11.27548599243164,10.47096461057663
D_R_43022,chck_80M,43022,R,random_token_span,4,rand:4:1139,first,,74,76,3.25784969329834,8.42444133758545,5.166591644287109
D_R_43022,chck_80M,43022,R,random_token_span,4,rand:4:1140,second,,62,64,6.893813133239746,12.826141357421875,5.932328224182129
D_R_43022,chck_80M,43022,R,random_token_span,4,rand:4:1141,first,,84,86,7.450314521789551,9.4047212600708,1.95440673828125
D_R_43022,chck_80M,43022,R,random_token_span,4,rand:4:1142,second,,74,76,3.042541265487671,13.849916458129883,10.807375192642212
D_R_43022,chck_80M,43022,R,random_token_span,4,rand:4:1143,first,,71,73,4.5297160148620605,10.63534164428711,6.105625629425049
D_R_43022,chck_80M,43022,R,random_token_span,4,rand:4:1144,second,,61,63,6.830874443054199,9.356694221496582,2.525819778442383
D_R_43022,chck_80M,43022,R,random_token_span,4,rand:4:1145,first,,91,93,6.266414642333984,13.151771545410156,6.885356903076172
D_R_43022,chck_80M,43022,R,random_token_span,4,rand:4:1146,second,,69,71,9.019148826599121,9.809502601623535,0.7903537750244141
D_R_43022,chck_80M,43022,R,random_token_span,4,rand:4:1147,first,,57,59,19.58381462097168,19.281137466430664,-0.3026771545410156
D_R_43022,chck_80M,43022,R,random_token_span,4,rand:4:1148,second,,73,75,12.195013046264648,12.752939224243164,0.5579261779785156
D_R_43022,chck_80M,43022,R,random_token_span,4,rand:4:1149,first,,69,71,2.7231762409210205,12.479822158813477,9.756645917892456
D_R_43022,chck_80M,43022,R,random_token_span,4,rand:4:1150,second,,68,70,17.292282104492188,17.12737464904785,-0.16490745544433594
D_R_43022,chck_80M,43022,R,random_token_span,4,rand:4:1151,first,,59,61,0.11391019821166992,13.10788345336914,12.99397325515747
D_R_43022,chck_80M,43022,R,random_token_span,4,rand:4:1152,second,,74,76,12.623675346374512,14.404593467712402,1.7809181213378906
D_R_43022,chck_80M,43022,R,random_token_span,4,rand:4:1153,first,,82,84,0.1783803403377533,9.785653114318848,9.607272773981094
D_R_43022,chck_80M,43022,R,random_token_span,4,rand:4:1154,second,,69,71,2.05692458152771,13.290300369262695,11.233375787734985
D_R_43022,chck_80M,43022,R,random_token_span,4,rand:4:1155,first,,54,56,10.043474197387695,12.989433288574219,2.9459590911865234
D_R_43022,chck_80M,43022,R,random_token_span,4,rand:4:1156,second,,64,66,10.520001411437988,12.289382934570312,1.7693815231323242
D_R_43022,chck_80M,43022,R,random_token_span,4,rand:4:1157,first,,55,57,0.5943453907966614,12.86662769317627,12.272282302379608
D_R_43022,chck_80M,43022,R,random_token_span,4,rand:4:1158,second,,65,67,8.528473854064941,10.447365760803223,1.9188919067382812
D_R_43022,chck_80M,43022,R,random_token_span,4,rand:4:1159,first,,70,72,4.916240692138672,11.541759490966797,6.625518798828125
D_R_43022,chck_80M,43022,R,random_token_span,4,rand:4:1160,second,,68,70,6.690418720245361,14.003053665161133,7.3126349449157715
D_R_43022,chck_80M,43022,R,random_token_span,4,rand:4:1161,first,,83,85,3.3119778633117676,12.058353424072266,8.746375560760498
D_R_43022,chck_80M,43022,R,random_token_span,4,rand:4:1162,second,,74,76,11.211652755737305,13.50645637512207,2.2948036193847656
D_R_43022,chck_80M,43022,R,random_token_span,4,rand:4:1163,first,,70,72,8.667243003845215,10.183819770812988,1.5165767669677734
D_R_43022,chck_80M,43022,R,random_token_span,4,rand:4:1164,second,,68,70,6.615748405456543,12.314750671386719,5.699002265930176
D_R_43022,chck_80M,43022,R,random_token_span,4,rand:4:1165,first,,93,95,1.479074478149414,13.078375816345215,11.5993013381958
D_R_43022,chck_80M,43022,R,random_token_span,4,rand:4:1166,second,,89,91,10.486991882324219,12.213834762573242,1.7268428802490234
D_R_43022,chck_80M,43022,R,random_token_span,4,rand:4:1167,first,,61,63,3.0090277194976807,13.60444450378418,10.595416784286499
D_R_43022,chck_80M,43022,R,random_token_span,4,rand:4:1168,second,,54,56,0.5470622777938843,10.457046508789062,9.909984230995178
D_R_43022,chck_80M,43022,R,random_token_span,4,rand:4:1169,first,,69,71,8.357183456420898,12.678455352783203,4.321271896362305
D_R_43022,chck_80M,43022,R,random_token_span,4,rand:4:1170,second,,49,51,7.198309898376465,10.662717819213867,3.4644079208374023
D_R_43022,chck_80M,43022,R,random_token_span,4,rand:4:1171,first,,56,58,12.54188060760498,14.68148422241211,2.139603614807129
D_R_43022,chck_80M,43022,R,random_token_span,4,rand:4:1172,second,,86,88,1.428856372833252,10.901680946350098,9.472824573516846
D_R_43022,chck_80M,43022,R,random_token_span,4,rand:4:1173,first,,72,74,0.0636933222413063,9.728742599487305,9.665049277245998
D_R_43022,chck_80M,43022,R,random_token_span,4,rand:4:1174,second,,74,76,1.7118747234344482,10.271828651428223,8.559953927993774
D_R_43022,chck_80M,43022,R,random_token_span,4,rand:4:1175,first,,92,94,1.067577600479126,12.34119987487793,11.273622274398804
D_R_43022,chck_80M,43022,R,random_token_span,4,rand:4:1176,second,,88,90,0.41053712368011475,10.118744850158691,9.708207726478577
D_R_43022,chck_80M,43022,R,random_token_span,4,rand:4:1177,first,,74,76,0.02063380554318428,9.556367874145508,9.535734068602324
D_R_43022,chck_80M,43022,R,random_token_span,4,rand:4:1178,second,,78,80,8.765780448913574,13.797431945800781,5.031651496887207
D_R_43022,chck_80M,43022,R,random_token_span,4,rand:4:1179,first,,83,85,6.547395706176758,11.47994327545166,4.932547569274902
D_R_43022,chck_80M,43022,R,random_token_span,4,rand:4:1180,second,,82,84,2.737900733947754,11.230716705322266,8.492815971374512
D_R_43022,chck_80M,43022,R,random_token_span,4,rand:4:1181,first,,80,82,1.931725263595581,7.429683208465576,5.497957944869995
D_R_43022,chck_80M,43022,R,random_token_span,4,rand:4:1182,second,,75,77,0.49482595920562744,12.561071395874023,12.066245436668396
D_R_43022,chck_80M,43022,R,random_token_span,4,rand:4:1183,first,,66,68,6.273063659667969,15.781107902526855,9.508044242858887
D_R_43022,chck_80M,43022,R,random_token_span,4,rand:4:1184,second,,49,51,12.865703582763672,16.865522384643555,3.999818801879883
D_R_43022,chck_80M,43022,R,random_token_span,4,rand:4:1185,first,,58,60,10.103776931762695,9.215476036071777,-0.888300895690918
D_R_43022,chck_80M,43022,R,random_token_span,4,rand:4:1186,second,,71,73,10.487082481384277,10.864557266235352,0.3774747848510742
D_R_43022,chck_80M,43022,R,random_token_span,4,rand:4:1187,first,,85,87,3.86236572265625,13.526731491088867,9.664365768432617
D_R_43022,chck_80M,43022,R,random_token_span,4,rand:4:1188,second,,90,92,3.9465367794036865,16.898189544677734,12.951652765274048
D_R_43022,chck_80M,43022,R,random_token_span,4,rand:4:1189,first,,49,51,0.021203504875302315,10.136457443237305,10.115253938362002
D_R_43022,chck_80M,43022,R,random_token_span,4,rand:4:1190,second,,80,82,1.486904263496399,14.17111873626709,12.684214472770691
D_R_43022,chck_80M,43022,R,random_token_span,4,rand:4:1191,first,,58,60,13.29322338104248,13.55392074584961,0.2606973648071289
D_R_43022,chck_80M,43022,R,random_token_span,4,rand:4:1192,second,,64,66,13.050422668457031,15.052868843078613,2.002446174621582
D_R_43022,chck_80M,43022,R,random_token_span,4,rand:4:1193,first,,57,59,0.1414770632982254,9.361970901489258,9.220493838191032
D_R_43022,chck_80M,43022,R,random_token_span,4,rand:4:1194,second,,70,72,0.36952757835388184,12.031240463256836,11.661712884902954
D_R_43022,chck_80M,43022,R,random_token_span,4,rand:4:1195,first,,68,70,1.7841147184371948,10.162847518920898,8.378732800483704
D_R_43022,chck_80M,43022,R,random_token_span,4,rand:4:1196,second,,79,81,10.457839965820312,12.030840873718262,1.5730009078979492
D_R_43022,chck_80M,43022,R,random_token_span,4,rand:4:1197,first,,74,76,0.5530813932418823,11.157434463500977,10.604353070259094
D_R_43022,chck_80M,43022,R,random_token_span,4,rand:4:1198,second,,85,87,14.745965957641602,16.36489486694336,1.6189289093017578
D_R_43022,chck_80M,43022,R,random_token_span,4,rand:4:1199,first,,55,57,0.47301629185676575,10.12405776977539,9.651041477918625
D_R_43022,chck_80M,43022,R,random_token_span,4,rand:4:1200,second,,63,65,0.06850550323724747,12.056059837341309,11.987554334104061
D_R_43022,chck_80M,43022,R,random_token_span,4,rand:4:1201,first,,58,60,13.096064567565918,15.949675559997559,2.8536109924316406
D_R_43022,chck_80M,43022,R,random_token_span,4,rand:4:1202,second,,58,60,9.354745864868164,11.869544982910156,2.514799118041992
D_R_43022,chck_80M,43022,R,random_token_span,4,rand:4:1203,first,,68,70,0.16641108691692352,12.28589153289795,12.119480445981026
D_R_43022,chck_80M,43022,R,random_token_span,4,rand:4:1204,second,,58,60,4.134636878967285,11.578875541687012,7.444238662719727
D_R_43022,chck_80M,43022,R,random_token_span,4,rand:4:1205,first,,65,67,0.20976045727729797,12.2703857421875,12.060625284910202
D_R_43022,chck_80M,43022,R,random_token_span,4,rand:4:1206,second,,61,63,1.4884624481201172,11.046030044555664,9.557567596435547
D_R_43022,chck_80M,43022,R,random_token_span,4,rand:4:1207,first,,63,65,0.27610474824905396,13.955741882324219,13.679637134075165
D_R_43022,chck_80M,43022,R,random_token_span,4,rand:4:1208,second,,64,66,1.3458467721939087,11.215479850769043,9.869633078575134
D_R_43022,chck_80M,43022,R,random_token_span,4,rand:4:1209,first,,81,83,11.651413917541504,12.738590240478516,1.0871763229370117
D_R_43022,chck_80M,43022,R,random_token_span,4,rand:4:1210,second,,81,83,10.445301055908203,12.721346855163574,2.276045799255371
D_R_43022,chck_80M,43022,R,random_token_span,4,rand:4:1211,first,,65,67,14.328670501708984,14.960044860839844,0.6313743591308594
D_R_43022,chck_80M,43022,R,random_token_span,4,rand:4:1212,second,,47,49,10.869144439697266,17.213104248046875,6.343959808349609
D_R_43022,chck_80M,43022,R,random_token_span,4,rand:4:1213,first,,73,75,4.373808860778809,7.432682991027832,3.0588741302490234
D_R_43022,chck_80M,43022,R,random_token_span,4,rand:4:1214,second,,80,82,8.751396179199219,12.530095100402832,3.7786989212036133
D_R_43022,chck_80M,43022,R,random_token_span,4,rand:4:1215,first,,86,88,0.7473077178001404,11.380243301391602,10.632935583591461
D_R_43022,chck_80M,43022,R,random_token_span,4,rand:4:1216,second,,73,75,10.73239803314209,14.451325416564941,3.7189273834228516
D_R_43022,chck_80M,43022,R,random_token_span,4,rand:4:1217,first,,72,74,8.011796951293945,11.239879608154297,3.2280826568603516
D_R_43022,chck_80M,43022,R,random_token_span,4,rand:4:1218,second,,75,77,12.014493942260742,12.903409004211426,0.8889150619506836
D_R_43022,chck_80M,43022,R,random_token_span,4,rand:4:1219,first,,66,68,13.756789207458496,14.859109878540039,1.102320671081543
D_R_43022,chck_80M,43022,R,random_token_span,4,rand:4:1220,second,,96,98,6.362206935882568,10.629621505737305,4.267414569854736
D_R_43022,chck_80M,43022,R,random_token_span,4,rand:4:1221,first,,66,68,5.635613918304443,9.04267692565918,3.4070630073547363
D_R_43022,chck_80M,43022,R,random_token_span,4,rand:4:1222,second,,89,91,16.964982986450195,16.961977005004883,-0.0030059814453125
D_R_43022,chck_80M,43022,R,random_token_span,4,rand:4:1223,first,,60,62,1.5471253395080566,10.311034202575684,8.763908863067627
D_R_43022,chck_80M,43022,R,random_token_span,4,rand:4:1224,second,,68,70,5.347210884094238,16.739559173583984,11.392348289489746
D_R_43022,chck_80M,43022,R,random_token_span,4,rand:4:1225,first,,66,68,1.5754326581954956,14.614234924316406,13.03880226612091
D_R_43022,chck_80M,43022,R,random_token_span,4,rand:4:1226,second,,68,70,13.294265747070312,12.601119995117188,-0.693145751953125
D_R_43022,chck_80M,43022,R,random_token_span,4,rand:4:1227,first,,73,75,2.056506395339966,11.939624786376953,9.883118391036987
D_R_43022,chck_80M,43022,R,random_token_span,4,rand:4:1228,second,,94,96,0.896125316619873,10.61798095703125,9.721855640411377
D_R_43022,chck_80M,43022,R,random_token_span,4,rand:4:1229,first,,66,68,12.907179832458496,14.039687156677246,1.13250732421875
D_R_43022,chck_80M,43022,R,random_token_span,4,rand:4:1230,second,,65,67,14.644550323486328,14.812860488891602,0.16831016540527344
D_R_43022,chck_80M,43022,R,random_token_span,4,rand:4:1231,first,,57,59,3.2069451808929443,11.864496231079102,8.657551050186157
D_R_43022,chck_80M,43022,R,random_token_span,4,rand:4:1232,second,,91,93,2.4272265434265137,10.746101379394531,8.318874835968018
D_R_43022,chck_80M,43022,R,random_token_span,4,rand:4:1233,first,,80,82,13.41048526763916,13.4500150680542,0.03952980041503906
D_R_43022,chck_80M,43022,R,random_token_span,4,rand:4:1234,second,,67,69,0.35500454902648926,13.141427040100098,12.786422491073608
D_R_43022,chck_80M,43022,R,random_token_span,4,rand:4:1235,first,,73,75,12.42729663848877,11.197248458862305,-1.2300481796264648
D_R_43022,chck_80M,43022,R,random_token_span,4,rand:4:1236,second,,57,59,6.466371536254883,14.344179153442383,7.8778076171875
D_R_43022,chck_80M,43022,R,random_token_span,4,rand:4:1237,first,,64,66,0.15473401546478271,11.867013931274414,11.712279915809631
D_R_43022,chck_80M,43022,R,random_token_span,4,rand:4:1238,second,,72,74,9.73241138458252,16.755632400512695,7.023221015930176
D_R_43022,chck_80M,43022,R,random_token_span,4,rand:4:1239,first,,71,73,12.201850891113281,13.547822952270508,1.3459720611572266
D_R_43022,chck_80M,43022,R,random_token_span,4,rand:4:1240,second,,75,77,0.5814167857170105,11.319876670837402,10.738459885120392
D_R_43022,chck_80M,43022,R,random_token_span,4,rand:4:1241,first,,74,76,13.959556579589844,14.529637336730957,0.5700807571411133
D_R_43022,chck_80M,43022,R,random_token_span,4,rand:4:1242,second,,64,66,9.205397605895996,11.325096130371094,2.1196985244750977
D_R_43022,chck_80M,43022,R,random_token_span,4,rand:4:1243,first,,65,67,13.53044319152832,14.85487174987793,1.3244285583496094
D_R_43022,chck_80M,43022,R,random_token_span,4,rand:4:1244,second,,71,73,4.392694473266602,13.616226196289062,9.223531723022461
D_R_43022,chck_80M,43022,R,random_token_span,4,rand:4:1245,first,,58,60,12.799162864685059,10.339582443237305,-2.459580421447754
D_R_43022,chck_80M,43022,R,random_token_span,4,rand:4:1246,second,,68,70,1.5327363014221191,11.309173583984375,9.776437282562256
D_R_43022,chck_80M,43022,R,random_token_span,4,rand:4:1247,first,,84,86,8.510820388793945,10.330364227294922,1.8195438385009766
D_R_43022,chck_80M,43022,R,random_token_span,4,rand:4:1248,second,,61,63,5.178627014160156,11.721899032592773,6.543272018432617
D_R_43022,chck_80M,43022,R,random_token_span,4,rand:4:1249,first,,79,81,4.047808647155762,14.989121437072754,10.941312789916992
D_R_43022,chck_80M,43022,R,random_token_span,4,rand:4:1250,second,,81,83,3.0699260234832764,11.511617660522461,8.441691637039185
D_R_43022,chck_80M,43022,R,random_token_span,4,rand:4:1251,first,,66,68,10.230167388916016,12.58746337890625,2.3572959899902344
D_R_43022,chck_80M,43022,R,random_token_span,4,rand:4:1252,second,,85,87,1.6473736763000488,11.570383071899414,9.923009395599365
D_R_43022,chck_80M,43022,R,random_token_span,4,rand:4:1253,first,,73,75,2.691272258758545,12.878554344177246,10.187282085418701
D_R_43022,chck_80M,43022,R,random_token_span,4,rand:4:1254,second,,74,76,0.31023335456848145,11.226401329040527,10.916167974472046
D_R_43022,chck_80M,43022,R,random_token_span,4,rand:4:1255,first,,64,66,0.7463901042938232,10.514642715454102,9.768252611160278
D_R_43022,chck_80M,43022,R,random_token_span,4,rand:4:1256,second,,79,81,7.954470157623291,13.05430793762207,5.099837779998779
D_R_43022,chck_80M,43022,R,random_token_span,4,rand:4:1257,first,,66,68,0.935447633266449,10.625207901000977,9.689760267734528
D_R_43022,chck_80M,43022,R,random_token_span,4,rand:4:1258,second,,78,80,11.328557014465332,16.01506805419922,4.686511039733887
D_R_43022,chck_80M,43022,R,random_token_span,4,rand:4:1259,first,,74,76,2.0464205741882324,14.809414863586426,12.762994289398193
D_R_43022,chck_80M,43022,R,random_token_span,4,rand:4:1260,second,,56,58,2.5288517475128174,9.10517406463623,6.576322317123413
D_R_43022,chck_80M,43022,R,random_token_span,4,rand:4:1261,first,,80,82,11.115754127502441,13.599580764770508,2.4838266372680664
D_R_43022,chck_80M,43022,R,random_token_span,4,rand:4:1262,second,,79,81,7.885246276855469,12.420802116394043,4.535555839538574
D_R_43022,chck_80M,43022,R,random_token_span,4,rand:4:1263,first,,85,87,15.13210391998291,16.186321258544922,1.0542173385620117
D_R_43022,chck_80M,43022,R,random_token_span,4,rand:4:1264,second,,78,80,0.3983255922794342,10.489068984985352,10.090743392705917
D_R_43022,chck_80M,43022,R,random_token_span,4,rand:4:1265,first,,85,87,1.052445888519287,14.046868324279785,12.994422435760498
D_R_43022,chck_80M,43022,R,random_token_span,4,rand:4:1266,second,,94,96,0.31776338815689087,12.341818809509277,12.024055421352386
D_R_43022,chck_80M,43022,R,random_token_span,4,rand:4:1267,first,,66,68,3.5760345458984375,14.027738571166992,10.451704025268555
D_R_43022,chck_80M,43022,R,random_token_span,4,rand:4:1268,second,,80,82,0.08318854868412018,15.19160270690918,15.10841415822506
D_R_43022,chck_80M,43022,R,random_token_span,4,rand:4:1269,first,,67,69,4.083918571472168,10.04791259765625,5.963994026184082
D_R_43022,chck_80M,43022,R,random_token_span,4,rand:4:1270,second,,68,70,1.7634060382843018,13.383512496948242,11.62010645866394
D_R_43022,chck_80M,43022,R,random_token_span,4,rand:4:1271,first,,56,58,8.659629821777344,15.133588790893555,6.473958969116211
D_R_43022,chck_80M,43022,R,random_token_span,4,rand:4:1272,second,,86,88,13.973493576049805,15.137968063354492,1.1644744873046875
D_R_43022,chck_80M,43022,R,random_token_span,4,rand:4:1273,first,,70,72,0.9056574106216431,13.308849334716797,12.403191924095154
D_R_43022,chck_80M,43022,R,random_token_span,4,rand:4:1274,second,,94,96,12.866597175598145,15.030704498291016,2.164107322692871
D_R_43022,chck_80M,43022,R,random_token_span,4,rand:4:1275,first,,60,62,1.8131402730941772,10.577604293823242,8.764464020729065
D_R_43022,chck_80M,43022,R,random_token_span,4,rand:4:1276,second,,71,73,0.11310142278671265,8.480688095092773,8.36758667230606
D_R_43022,chck_80M,43022,R,random_token_span,4,rand:4:1277,first,,63,65,9.009525299072266,9.80241584777832,0.7928905487060547
D_R_43022,chck_80M,43022,R,random_token_span,4,rand:4:1278,second,,67,69,3.4411089420318604,12.836126327514648,9.395017385482788
D_R_43022,chck_80M,43022,R,random_token_span,4,rand:4:1279,first,,62,64,10.356348037719727,11.620725631713867,1.2643775939941406
D_R_43022,chck_80M,43022,R,random_token_span,4,rand:4:1280,second,,85,87,0.7710027098655701,10.575454711914062,9.804452002048492
D_R_43022,chck_80M,43022,R,random_token_span,4,rand:4:1281,first,,65,67,13.571646690368652,14.019596099853516,0.4479494094848633
D_R_43022,chck_80M,43022,R,random_token_span,4,rand:4:1282,second,,59,61,2.7660980224609375,12.525385856628418,9.75928783416748
D_R_43022,chck_80M,43022,R,random_token_span,4,rand:4:1283,first,,91,93,0.994387686252594,9.988154411315918,8.993766725063324
D_R_43022,chck_80M,43022,R,random_token_span,4,rand:4:1284,second,,82,84,4.296867370605469,13.948811531066895,9.651944160461426
D_R_43022,chck_80M,43022,R,random_token_span,4,rand:4:1285,first,,63,65,13.566352844238281,15.245655059814453,1.6793022155761719
D_R_43022,chck_80M,43022,R,random_token_span,4,rand:4:1286,second,,64,66,0.5321424007415771,10.187223434448242,9.655081033706665
D_R_43022,chck_80M,43022,R,random_token_span,4,rand:4:1287,first,,66,68,1.4670467376708984,12.408019065856934,10.940972328186035
D_R_43022,chck_80M,43022,R,random_token_span,4,rand:4:1288,second,,81,83,13.791255950927734,15.610143661499023,1.818887710571289
D_R_43022,chck_80M,43022,R,random_token_span,4,rand:4:1289,first,,78,80,6.87261962890625,11.858558654785156,4.985939025878906
D_R_43022,chck_80M,43022,R,random_token_span,4,rand:4:1290,second,,65,67,12.49648380279541,14.597752571105957,2.101268768310547
D_R_43022,chck_80M,43022,R,random_token_span,4,rand:4:1291,first,,84,86,7.819442272186279,9.264238357543945,1.444796085357666
D_R_43022,chck_80M,43022,R,random_token_span,4,rand:4:1292,second,,66,68,3.1139605045318604,9.274778366088867,6.160817861557007
D_R_43022,chck_80M,43022,R,random_token_span,4,rand:4:1293,first,,48,50,12.271108627319336,17.89118766784668,5.620079040527344
D_R_43022,chck_80M,43022,R,random_token_span,4,rand:4:1294,second,,84,86,5.299707889556885,13.440683364868164,8.14097547531128
D_R_43022,chck_80M,43022,R,random_token_span,4,rand:4:1295,first,,85,87,9.012662887573242,12.631281852722168,3.618618965148926
D_R_43022,chck_80M,43022,R,random_token_span,4,rand:4:1296,second,,78,80,14.16828727722168,15.154513359069824,0.9862260818481445
D_R_43022,chck_80M,43022,R,random_token_span,4,rand:4:1297,first,,57,59,12.376659393310547,12.685646057128906,0.3089866638183594
D_R_43022,chck_80M,43022,R,random_token_span,4,rand:4:1298,second,,90,92,8.252606391906738,13.801908493041992,5.549302101135254
D_R_43022,chck_80M,43022,R,random_token_span,4,rand:4:1299,first,,59,61,3.3363633155822754,13.096705436706543,9.760342121124268
D_R_43022,chck_80M,43022,R,random_token_span,4,rand:4:1300,second,,49,51,0.14774487912654877,15.291358947753906,15.143614068627357
D_R_43022,chck_80M,43022,R,random_token_span,4,rand:4:1301,first,,79,81,9.812529563903809,10.621854782104492,0.8093252182006836
D_R_43022,chck_80M,43022,R,random_token_span,4,rand:4:1302,second,,82,84,9.247285842895508,13.499544143676758,4.25225830078125
D_R_43022,chck_80M,43022,R,random_token_span,4,rand:4:1303,first,,94,96,12.788570404052734,13.383720397949219,0.5951499938964844
D_R_43022,chck_80M,43022,R,random_token_span,4,rand:4:1304,second,,66,68,0.17888575792312622,12.092628479003906,11.91374272108078
D_R_43022,chck_80M,43022,R,random_token_span,4,rand:4:1305,first,,64,66,1.711891531944275,13.783271789550781,12.071380257606506
D_R_43022,chck_80M,43022,R,random_token_span,4,rand:4:1306,second,,80,82,9.876830101013184,12.638518333435059,2.761688232421875
D_R_43022,chck_80M,43022,R,random_token_span,4,rand:4:1307,first,,58,60,9.712935447692871,11.904934883117676,2.1919994354248047
D_R_43022,chck_80M,43022,R,random_token_span,4,rand:4:1308,second,,83,85,13.695205688476562,13.557557106018066,-0.1376485824584961
D_R_43022,chck_80M,43022,R,random_token_span,4,rand:4:1309,first,,69,71,0.38886916637420654,10.811468124389648,10.422598958015442
D_R_43022,chck_80M,43022,R,random_token_span,4,rand:4:1310,second,,92,94,6.325229644775391,11.647727966308594,5.322498321533203
D_R_43022,chck_80M,43022,R,random_token_span,4,rand:4:1311,first,,55,57,0.22721697390079498,13.024494171142578,12.797277197241783
D_R_43022,chck_80M,43022,R,random_token_span,4,rand:4:1312,second,,68,70,1.22714102268219,11.482160568237305,10.255019545555115
D_R_43022,chck_80M,43022,R,random_token_span,4,rand:4:1313,first,,57,59,0.6967247128486633,8.269414901733398,7.572690188884735
D_R_43022,chck_80M,43022,R,random_token_span,4,rand:4:1314,second,,64,66,6.798016548156738,16.423519134521484,9.625502586364746
D_R_43022,chck_80M,43022,R,random_token_span,4,rand:4:1315,first,,61,63,5.101742744445801,12.793038368225098,7.691295623779297
D_R_43022,chck_80M,43022,R,random_token_span,4,rand:4:1316,second,,74,76,0.7740079760551453,11.62508487701416,10.851076900959015
D_R_43022,chck_80M,43022,R,random_token_span,4,rand:4:1317,first,,88,90,7.13710355758667,13.106653213500977,5.969549655914307
D_R_43022,chck_80M,43022,R,random_token_span,4,rand:4:1318,second,,83,85,6.611212730407715,11.685346603393555,5.07413387298584
D_R_43022,chck_80M,43022,R,random_token_span,4,rand:4:1319,first,,89,91,5.333086013793945,15.114206314086914,9.781120300292969
D_R_43022,chck_80M,43022,R,random_token_span,4,rand:4:1320,second,,57,59,8.074227333068848,14.260065078735352,6.185837745666504
D_R_43022,chck_80M,43022,R,random_token_span,4,rand:4:1321,first,,59,61,4.863650321960449,13.88746452331543,9.02381420135498
D_R_43022,chck_80M,43022,R,random_token_span,4,rand:4:1322,second,,64,66,0.9922394752502441,10.644128799438477,9.651889324188232
D_R_43022,chck_80M,43022,R,random_token_span,4,rand:4:1323,first,,86,88,10.063138008117676,11.396612167358398,1.3334741592407227
D_R_43022,chck_80M,43022,R,random_token_span,4,rand:4:1324,second,,68,70,5.479885101318359,13.970330238342285,8.490445137023926
D_R_43022,chck_80M,43022,R,random_token_span,4,rand:4:1325,first,,59,61,1.190664529800415,11.780293464660645,10.58962893486023
D_R_43022,chck_80M,43022,R,random_token_span,4,rand:4:1326,second,,81,83,6.777867317199707,11.818901062011719,5.041033744812012
D_R_43022,chck_80M,43022,R,random_token_span,4,rand:4:1327,first,,78,80,10.046998977661133,12.23666763305664,2.189668655395508
D_R_43022,chck_80M,43022,R,random_token_span,4,rand:4:1328,second,,92,94,12.196039199829102,11.93564224243164,-0.26039695739746094
D_R_43022,chck_80M,43022,R,random_token_span,4,rand:4:1329,first,,67,69,4.572734355926514,11.80119800567627,7.228463649749756
D_R_43022,chck_80M,43022,R,random_token_span,4,rand:4:1330,second,,82,84,8.903218269348145,10.878401756286621,1.9751834869384766
D_R_43022,chck_80M,43022,R,random_token_span,4,rand:4:1331,first,,62,64,10.401473045349121,11.550034523010254,1.1485614776611328
D_R_43022,chck_80M,43022,R,random_token_span,4,rand:4:1332,second,,75,77,10.689774513244629,14.04442024230957,3.3546457290649414
D_R_43022,chck_80M,43022,R,random_token_span,4,rand:4:1333,first,,69,71,6.4081926345825195,16.098119735717773,9.689927101135254
D_R_43022,chck_80M,43022,R,random_token_span,4,rand:4:1334,second,,64,66,11.692625045776367,15.604623794555664,3.911998748779297
D_R_43022,chck_80M,43022,R,random_token_span,4,rand:4:1335,first,,72,74,12.41825008392334,14.414963722229004,1.996713638305664
D_R_43022,chck_80M,43022,R,random_token_span,4,rand:4:1336,second,,78,80,13.817943572998047,13.909207344055176,0.0912637710571289
D_R_43022,chck_80M,43022,R,random_token_span,4,rand:4:1337,first,,71,73,5.308506011962891,14.481499671936035,9.172993659973145
D_R_43022,chck_80M,43022,R,random_token_span,4,rand:4:1338,second,,62,64,0.10477835685014725,11.327052116394043,11.222273759543896
D_R_43022,chck_80M,43022,R,random_token_span,4,rand:4:1339,first,,68,70,5.089749336242676,14.08705997467041,8.997310638427734
D_R_43022,chck_80M,43022,R,random_token_span,4,rand:4:1340,second,,97,99,6.881990909576416,14.608490943908691,7.726500034332275
D_R_43022,chck_80M,43022,R,random_token_span,4,rand:4:1341,first,,63,65,16.342384338378906,16.185712814331055,-0.15667152404785156
D_R_43022,chck_80M,43022,R,random_token_span,4,rand:4:1342,second,,67,69,13.096720695495605,14.282639503479004,1.1859188079833984
D_R_43022,chck_80M,43022,R,random_token_span,4,rand:4:1343,first,,83,85,2.5619215965270996,11.325190544128418,8.763268947601318
D_R_43022,chck_80M,43022,R,random_token_span,4,rand:4:1344,second,,71,73,10.26860523223877,13.474833488464355,3.206228256225586
D_R_43022,chck_80M,43022,R,random_token_span,4,rand:4:1345,first,,69,71,2.9315226078033447,17.141094207763672,14.209571599960327
D_R_43022,chck_80M,43022,R,random_token_span,4,rand:4:1346,second,,79,81,12.838737487792969,15.421159744262695,2.5824222564697266
D_R_43022,chck_80M,43022,R,random_token_span,4,rand:4:1347,first,,75,77,0.17795467376708984,9.548043251037598,9.370088577270508
D_R_43022,chck_80M,43022,R,random_token_span,4,rand:4:1348,second,,87,89,3.5817928314208984,11.110115051269531,7.528322219848633
D_R_43022,chck_80M,43022,R,random_token_span,4,rand:4:1349,first,,83,85,0.9754489660263062,11.690929412841797,10.71548044681549
D_R_43022,chck_80M,43022,R,random_token_span,4,rand:4:1350,second,,71,73,0.2980424463748932,13.150915145874023,12.85287269949913
D_R_43022,chck_80M,43022,R,random_token_span,4,rand:4:1351,first,,74,76,10.305535316467285,13.185198783874512,2.8796634674072266
D_R_43022,chck_80M,43022,R,random_token_span,4,rand:4:1352,second,,51,53,13.631159782409668,15.280285835266113,1.6491260528564453
D_R_43022,chck_80M,43022,R,random_token_span,4,rand:4:1353,first,,94,96,11.310935974121094,12.697978973388672,1.3870429992675781
D_R_43022,chck_80M,43022,R,random_token_span,4,rand:4:1354,second,,63,65,11.043960571289062,13.34447956085205,2.3005189895629883
D_R_43022,chck_80M,43022,R,random_token_span,4,rand:4:1355,first,,83,85,4.010066986083984,12.5084867477417,8.498419761657715
D_R_43022,chck_80M,43022,R,random_token_span,4,rand:4:1356,second,,83,85,1.1687512397766113,10.55605411529541,9.387302875518799
D_R_43022,chck_80M,43022,R,random_token_span,4,rand:4:1357,first,,80,82,12.023435592651367,12.743759155273438,0.7203235626220703
D_R_43022,chck_80M,43022,R,random_token_span,4,rand:4:1358,second,,57,59,0.9197803139686584,14.821356773376465,13.901576459407806
D_R_43022,chck_80M,43022,R,random_token_span,4,rand:4:1359,first,,93,95,3.2372467517852783,8.458359718322754,5.221112966537476
D_R_43022,chck_80M,43022,R,random_token_span,4,rand:4:1360,second,,56,58,12.22315788269043,13.974135398864746,1.7509775161743164
D_R_43022,chck_80M,43022,R,random_token_span,4,rand:4:1361,first,,90,92,10.677226066589355,10.577852249145508,-0.09937381744384766
D_R_43022,chck_80M,43022,R,random_token_span,4,rand:4:1362,second,,46,48,0.5433608889579773,11.661749839782715,11.118388950824738
D_R_43022,chck_80M,43022,R,random_token_span,4,rand:4:1363,first,,89,91,0.10349372029304504,13.249347686767578,13.145853966474533
D_R_43022,chck_80M,43022,R,random_token_span,4,rand:4:1364,second,,73,75,9.359850883483887,13.132266998291016,3.772416114807129
D_R_43022,chck_80M,43022,R,random_token_span,4,rand:4:1365,first,,66,68,6.8264970779418945,15.696066856384277,8.869569778442383
D_R_43022,chck_80M,43022,R,random_token_span,4,rand:4:1366,second,,79,81,7.756359100341797,15.793179512023926,8.036820411682129
D_R_43022,chck_80M,43022,R,random_token_span,4,rand:4:1367,first,,60,62,7.040693283081055,10.203603744506836,3.1629104614257812
D_R_43022,chck_80M,43022,R,random_token_span,4,rand:4:1368,second,,73,75,13.431267738342285,12.998467445373535,-0.43280029296875
D_R_43022,chck_80M,43022,R,random_token_span,4,rand:4:1369,first,,55,57,3.181825876235962,11.652332305908203,8.470506429672241
D_R_43022,chck_80M,43022,R,random_token_span,4,rand:4:1370,second,,70,72,6.698296546936035,9.597896575927734,2.899600028991699
D_R_43022,chck_80M,43022,R,random_token_span,4,rand:4:1371,first,,61,63,0.322568416595459,14.065596580505371,13.743028163909912
D_R_43022,chck_80M,43022,R,random_token_span,4,rand:4:1372,second,,60,62,2.450010299682617,12.618608474731445,10.168598175048828
D_R_43022,chck_80M,43022,R,random_token_span,4,rand:4:1373,first,,89,91,8.077796936035156,16.05738067626953,7.979583740234375
D_R_43022,chck_80M,43022,R,random_token_span,4,rand:4:1374,second,,66,68,0.43490466475486755,12.437984466552734,12.003079801797867
D_R_43022,chck_80M,43022,R,random_token_span,4,rand:4:1375,first,,75,77,15.00942611694336,15.81196403503418,0.8025379180908203
D_R_43022,chck_80M,43022,R,random_token_span,4,rand:4:1376,second,,89,91,10.292223930358887,14.042424201965332,3.7502002716064453
D_R_43022,chck_80M,43022,R,random_token_span,4,rand:4:1377,first,,67,69,11.054396629333496,12.304837226867676,1.2504405975341797
D_R_43022,chck_80M,43022,R,random_token_span,4,rand:4:1378,second,,86,88,6.740608215332031,14.436277389526367,7.695669174194336
D_R_43022,chck_80M,43022,R,random_token_span,4,rand:4:1379,first,,61,63,6.987051963806152,13.966520309448242,6.97946834564209
D_R_43022,chck_80M,43022,R,random_token_span,4,rand:4:1380,second,,70,72,1.3379637002944946,12.728764533996582,11.390800833702087
D_R_43022,chck_80M,43022,R,random_token_span,4,rand:4:1381,first,,85,87,7.186832427978516,12.847742080688477,5.660909652709961
D_R_43022,chck_80M,43022,R,random_token_span,4,rand:4:1382,second,,51,53,0.5507109761238098,11.16920280456543,10.61849182844162
D_R_43022,chck_80M,43022,R,random_token_span,4,rand:4:1383,first,,57,59,0.07932624220848083,12.514081954956055,12.434755712747574
D_R_43022,chck_80M,43022,R,random_token_span,4,rand:4:1384,second,,61,63,0.715807318687439,11.623388290405273,10.907580971717834
D_R_43022,chck_80M,43022,R,random_token_span,4,rand:4:1385,first,,84,86,2.4110336303710938,15.16627311706543,12.755239486694336
D_R_43022,chck_80M,43022,R,random_token_span,4,rand:4:1386,second,,73,75,7.341896057128906,8.42868423461914,1.0867881774902344
D_R_43022,chck_80M,43022,R,random_token_span,4,rand:4:1387,first,,85,87,12.191425323486328,13.580476760864258,1.3890514373779297
D_R_43022,chck_80M,43022,R,random_token_span,4,rand:4:1388,second,,70,72,8.659276008605957,11.239668846130371,2.580392837524414
D_R_43022,chck_80M,43022,R,random_token_span,4,rand:4:1389,first,,77,79,0.54532790184021,11.548656463623047,11.003328561782837
D_R_43022,chck_80M,43022,R,random_token_span,4,rand:4:1390,second,,89,91,4.931172847747803,10.162364959716797,5.231192111968994
D_R_43022,chck_80M,43022,R,random_token_span,4,rand:4:1391,first,,81,83,9.823123931884766,13.252188682556152,3.4290647506713867
D_R_43022,chck_80M,43022,R,random_token_span,4,rand:4:1392,second,,74,76,0.7491427659988403,9.936053276062012,9.186910510063171
D_R_43022,chck_80M,43022,R,random_token_span,4,rand:4:1393,first,,68,70,9.763809204101562,11.123800277709961,1.3599910736083984
D_R_43022,chck_80M,43022,R,random_token_span,4,rand:4:1394,second,,62,64,0.26318681240081787,11.992400169372559,11.72921335697174
D_R_43022,chck_80M,43022,R,random_token_span,4,rand:4:1395,first,,72,74,0.22888030111789703,9.980976104736328,9.752095803618431
D_R_43022,chck_80M,43022,R,random_token_span,4,rand:4:1396,second,,72,74,6.228721618652344,11.119050979614258,4.890329360961914
D_R_43022,chck_80M,43022,R,random_token_span,4,rand:4:1397,first,,73,75,15.5767240524292,15.97052001953125,0.3937959671020508
D_R_43022,chck_80M,43022,R,random_token_span,4,rand:4:1398,second,,79,81,2.197755813598633,11.651753425598145,9.453997611999512
D_R_43022,chck_80M,43022,R,random_token_span,4,rand:4:1399,first,,90,92,0.44085657596588135,10.522089958190918,10.081233382225037
D_R_43022,chck_80M,43022,R,random_token_span,4,rand:4:700,second,,76,78,0.1651875227689743,9.617294311523438,9.452106788754463
D_R_43022,chck_80M,43022,R,random_token_span,4,rand:4:701,first,,70,72,0.1862850934267044,14.234726905822754,14.04844181239605
D_R_43022,chck_80M,43022,R,random_token_span,4,rand:4:702,second,,79,81,8.625181198120117,12.225704193115234,3.600522994995117
D_R_43022,chck_80M,43022,R,random_token_span,4,rand:4:703,first,,81,83,15.844822883605957,15.948840141296387,0.10401725769042969
D_R_43022,chck_80M,43022,R,random_token_span,4,rand:4:704,second,,88,90,3.0609021186828613,13.812081336975098,10.751179218292236
D_R_43022,chck_80M,43022,R,random_token_span,4,rand:4:705,first,,54,56,14.978466987609863,15.315547943115234,0.3370809555053711
D_R_43022,chck_80M,43022,R,random_token_span,4,rand:4:706,second,,64,66,9.366241455078125,14.132494926452637,4.766253471374512
D_R_43022,chck_80M,43022,R,random_token_span,4,rand:4:707,first,,78,80,5.373425483703613,10.924318313598633,5.5508928298950195
D_R_43022,chck_80M,43022,R,random_token_span,4,rand:4:708,second,,84,86,13.257711410522461,14.387412071228027,1.1297006607055664
D_R_43022,chck_80M,43022,R,random_token_span,4,rand:4:709,first,,70,72,11.138291358947754,12.409037590026855,1.2707462310791016
D_R_43022,chck_80M,43022,R,random_token_span,4,rand:4:710,second,,72,74,0.6291481852531433,13.176929473876953,12.54778128862381
D_R_43022,chck_80M,43022,R,random_token_span,4,rand:4:711,first,,56,58,8.461566925048828,12.756526947021484,4.294960021972656
D_R_43022,chck_80M,43022,R,random_token_span,4,rand:4:712,second,,77,79,9.826298713684082,11.131072998046875,1.304774284362793
D_R_43022,chck_80M,43022,R,random_token_span,4,rand:4:713,first,,68,70,4.959324359893799,12.9971284866333,8.037804126739502
D_R_43022,chck_80M,43022,R,random_token_span,4,rand:4:714,second,,83,85,3.072523593902588,10.19053840637207,7.118014812469482
D_R_43022,chck_80M,43022,R,random_token_span,4,rand:4:715,first,,76,78,7.770990371704102,14.266280174255371,6.4952898025512695
D_R_43022,chck_80M,43022,R,random_token_span,4,rand:4:716,second,,64,66,0.3364621698856354,10.873641014099121,10.537178844213486
D_R_43022,chck_80M,43022,R,random_token_span,4,rand:4:717,first,,86,88,5.868830680847168,11.58087158203125,5.712040901184082
D_R_43022,chck_80M,43022,R,random_token_span,4,rand:4:718,second,,60,62,1.7764081954956055,15.184249877929688,13.407841682434082
D_R_43022,chck_80M,43022,R,random_token_span,4,rand:4:719,first,,48,50,0.30568134784698486,11.28635025024414,10.980668902397156
D_R_43022,chck_80M,43022,R,random_token_span,4,rand:4:720,second,,78,80,12.375536918640137,12.735873222351074,0.3603363037109375
D_R_43022,chck_80M,43022,R,random_token_span,4,rand:4:721,first,,73,75,6.541837692260742,14.794257164001465,8.252419471740723
D_R_43022,chck_80M,43022,R,random_token_span,4,rand:4:722,second,,50,52,11.377052307128906,12.947503089904785,1.570450782775879
D_R_43022,chck_80M,43022,R,random_token_span,4,rand:4:723,first,,71,73,0.7430663108825684,12.427813529968262,11.684747219085693
D_R_43022,chck_80M,43022,R,random_token_span,4,rand:4:724,second,,64,66,3.75919508934021,15.31478500366211,11.5555899143219
D_R_43022,chck_80M,43022,R,random_token_span,4,rand:4:725,first,,84,86,0.7567471265792847,12.207298278808594,11.450551152229309
D_R_43022,chck_80M,43022,R,random_token_span,4,rand:4:726,second,,74,76,2.0320017337799072,12.510029792785645,10.478028059005737
D_R_43022,chck_80M,43022,R,random_token_span,4,rand:4:727,first,,54,56,12.30963134765625,14.180452346801758,1.8708209991455078
D_R_43022,chck_80M,43022,R,random_token_span,4,rand:4:728,second,,59,61,4.1228508949279785,8.824691772460938,4.701840877532959
D_R_43022,chck_80M,43022,R,random_token_span,4,rand:4:729,first,,64,66,1.9702850580215454,10.611900329589844,8.641615271568298
D_R_43022,chck_80M,43022,R,random_token_span,4,rand:4:730,second,,60,62,9.96334457397461,10.330902099609375,0.3675575256347656
D_R_43022,chck_80M,43022,R,random_token_span,4,rand:4:731,first,,52,54,4.620222091674805,12.405891418457031,7.785669326782227
D_R_43022,chck_80M,43022,R,random_token_span,4,rand:4:732,second,,72,74,16.45201301574707,16.641197204589844,0.18918418884277344
D_R_43022,chck_80M,43022,R,random_token_span,4,rand:4:733,first,,70,72,6.810787200927734,11.432621955871582,4.621834754943848
D_R_43022,chck_80M,43022,R,random_token_span,4,rand:4:734,second,,65,67,1.5606629848480225,11.707244873046875,10.146581888198853
D_R_43022,chck_80M,43022,R,random_token_span,4,rand:4:735,first,,86,88,4.859421730041504,13.547611236572266,8.688189506530762
D_R_43022,chck_80M,43022,R,random_token_span,4,rand:4:736,second,,87,89,0.933571457862854,12.422616004943848,11.489044547080994
D_R_43022,chck_80M,43022,R,random_token_span,4,rand:4:737,first,,75,77,0.1170915961265564,7.901044845581055,7.783953249454498
D_R_43022,chck_80M,43022,R,random_token_span,4,rand:4:738,second,,65,67,9.694503784179688,11.695297241210938,2.00079345703125
D_R_43022,chck_80M,43022,R,random_token_span,4,rand:4:739,first,,77,79,4.105025291442871,12.766246795654297,8.661221504211426
D_R_43022,chck_80M,43022,R,random_token_span,4,rand:4:740,second,,82,84,9.501325607299805,13.139744758605957,3.6384191513061523
D_R_43022,chck_80M,43022,R,random_token_span,4,rand:4:741,first,,57,59,0.19271214306354523,13.050420761108398,12.857708618044853
D_R_43022,chck_80M,43022,R,random_token_span,4,rand:4:742,second,,68,70,4.3776960372924805,10.098034858703613,5.720338821411133
D_R_43022,chck_80M,43022,R,random_token_span,4,rand:4:743,first,,63,65,1.285001277923584,12.032793998718262,10.747792720794678
D_R_43022,chck_80M,43022,R,random_token_span,4,rand:4:744,second,,45,47,11.71845817565918,13.898568153381348,2.180109977722168
D_R_43022,chck_80M,43022,R,random_token_span,4,rand:4:745,first,,71,73,8.463700294494629,13.90114688873291,5.437446594238281
D_R_43022,chck_80M,43022,R,random_token_span,4,rand:4:746,second,,83,85,1.3699135780334473,8.553768157958984,7.183854579925537
D_R_43022,chck_80M,43022,R,random_token_span,4,rand:4:747,first,,64,66,12.811416625976562,12.905920028686523,0.09450340270996094
D_R_43022,chck_80M,43022,R,random_token_span,4,rand:4:748,second,,73,75,0.1959342211484909,9.719347953796387,9.523413732647896
D_R_43022,chck_80M,43022,R,random_token_span,4,rand:4:749,first,,76,78,0.42343729734420776,9.71389389038086,9.290456593036652
D_R_43022,chck_80M,43022,R,random_token_span,4,rand:4:750,second,,59,61,0.13103514909744263,14.534734725952148,14.403699576854706
D_R_43022,chck_80M,43022,R,random_token_span,4,rand:4:751,first,,70,72,12.899023056030273,14.698564529418945,1.7995414733886719
D_R_43022,chck_80M,43022,R,random_token_span,4,rand:4:752,second,,85,87,12.259175300598145,13.071247100830078,0.8120718002319336
D_R_43022,chck_80M,43022,R,random_token_span,4,rand:4:753,first,,72,74,7.178149223327637,12.197832107543945,5.019682884216309
D_R_43022,chck_80M,43022,R,random_token_span,4,rand:4:754,second,,63,65,7.6949992179870605,14.36231803894043,6.667318820953369
D_R_43022,chck_80M,43022,R,random_token_span,4,rand:4:755,first,,80,82,14.280050277709961,15.315659523010254,1.035609245300293
D_R_43022,chck_80M,43022,R,random_token_span,4,rand:4:756,second,,62,64,7.207762718200684,11.360411643981934,4.15264892578125
D_R_43022,chck_80M,43022,R,random_token_span,4,rand:4:757,first,,55,57,9.679483413696289,11.963827133178711,2.284343719482422
D_R_43022,chck_80M,43022,R,random_token_span,4,rand:4:758,second,,62,64,0.2658243775367737,13.703339576721191,13.437515199184418
D_R_43022,chck_80M,43022,R,random_token_span,4,rand:4:759,first,,67,69,16.81088638305664,17.087635040283203,0.2767486572265625
D_R_43022,chck_80M,43022,R,random_token_span,4,rand:4:760,second,,75,77,0.5084424018859863,10.790956497192383,10.282514095306396
D_R_43022,chck_80M,43022,R,random_token_span,4,rand:4:761,first,,67,69,0.07731588929891586,19.468048095703125,19.39073220640421
D_R_43022,chck_80M,43022,R,random_token_span,4,rand:4:762,second,,69,71,6.357909202575684,8.599761009216309,2.241851806640625
D_R_43022,chck_80M,43022,R,random_token_span,4,rand:4:763,first,,73,75,3.5958499908447266,13.475301742553711,9.879451751708984
D_R_43022,chck_80M,43022,R,random_token_span,4,rand:4:764,second,,77,79,0.3489329516887665,9.829621315002441,9.480688363313675
D_R_43022,chck_80M,43022,R,random_token_span,4,rand:4:765,first,,74,76,0.4626971483230591,14.830449104309082,14.367751955986023
D_R_43022,chck_80M,43022,R,random_token_span,4,rand:4:766,second,,82,84,9.009119987487793,9.257027626037598,0.2479076385498047
D_R_43022,chck_80M,43022,R,random_token_span,4,rand:4:767,first,,76,78,4.140548229217529,8.49081802368164,4.350269794464111
D_R_43022,chck_80M,43022,R,random_token_span,4,rand:4:768,second,,65,67,3.456906795501709,9.800851821899414,6.343945026397705
D_R_43022,chck_80M,43022,R,random_token_span,4,rand:4:769,first,,74,76,11.900402069091797,12.67071533203125,0.7703132629394531
D_R_43022,chck_80M,43022,R,random_token_span,4,rand:4:770,second,,69,71,1.5929123163223267,10.899908065795898,9.306995749473572
D_R_43022,chck_80M,43022,R,random_token_span,4,rand:4:771,first,,73,75,9.184307098388672,10.800285339355469,1.6159782409667969
D_R_43022,chck_80M,43022,R,random_token_span,4,rand:4:772,second,,72,74,8.267362594604492,10.30826187133789,2.0408992767333984
D_R_43022,chck_80M,43022,R,random_token_span,4,rand:4:773,first,,60,62,11.132326126098633,11.982270240783691,0.8499441146850586
D_R_43022,chck_80M,43022,R,random_token_span,4,rand:4:774,second,,62,64,2.17972731590271,10.06268310546875,7.88295578956604
D_R_43022,chck_80M,43022,R,random_token_span,4,rand:4:775,first,,57,59,0.6187076568603516,12.203818321228027,11.585110664367676
D_R_43022,chck_80M,43022,R,random_token_span,4,rand:4:776,second,,62,64,0.6550027132034302,11.309858322143555,10.654855608940125
D_R_43022,chck_80M,43022,R,random_token_span,4,rand:4:777,first,,58,60,0.35766398906707764,10.818670272827148,10.46100628376007
D_R_43022,chck_80M,43022,R,random_token_span,4,rand:4:778,second,,78,80,2.41252064704895,11.473430633544922,9.060909986495972
D_R_43022,chck_80M,43022,R,random_token_span,4,rand:4:779,first,,59,61,9.482747077941895,14.530008316040039,5.0472612380981445
D_R_43022,chck_80M,43022,R,random_token_span,4,rand:4:780,second,,74,76,6.632876873016357,7.37239408493042,0.7395172119140625
D_R_43022,chck_80M,43022,R,random_token_span,4,rand:4:781,first,,96,98,8.231051445007324,10.493181228637695,2.262129783630371
D_R_43022,chck_80M,43022,R,random_token_span,4,rand:4:782,second,,86,88,11.306415557861328,15.4758939743042,4.169478416442871
D_R_43022,chck_80M,43022,R,random_token_span,4,rand:4:783,first,,82,84,6.603562355041504,13.005851745605469,6.402289390563965
D_R_43022,chck_80M,43022,R,random_token_span,4,rand:4:784,second,,55,57,9.489789962768555,11.892577171325684,2.402787208557129
D_R_43022,chck_80M,43022,R,random_token_span,4,rand:4:785,first,,82,84,10.344879150390625,14.242988586425781,3.8981094360351562
D_R_43022,chck_80M,43022,R,random_token_span,4,rand:4:786,second,,68,70,7.988973617553711,12.178483963012695,4.189510345458984
D_R_43022,chck_80M,43022,R,random_token_span,4,rand:4:787,first,,67,69,13.543891906738281,15.837505340576172,2.2936134338378906
D_R_43022,chck_80M,43022,R,random_token_span,4,rand:4:788,second,,91,93,0.6996873617172241,10.12021255493164,9.420525193214417
D_R_43022,chck_80M,43022,R,random_token_span,4,rand:4:789,first,,78,80,10.288045883178711,11.270360946655273,0.9823150634765625
D_R_43022,chck_80M,43022,R,random_token_span,4,rand:4:790,second,,58,60,8.983871459960938,13.339871406555176,4.355999946594238
D_R_43022,chck_80M,43022,R,random_token_span,4,rand:4:791,first,,59,61,8.0383882522583,14.657072067260742,6.618683815002441
D_R_43022,chck_80M,43022,R,random_token_span,4,rand:4:792,second,,77,79,13.681707382202148,13.681154251098633,-0.000553131103515625
D_R_43022,chck_80M,43022,R,random_token_span,4,rand:4:793,first,,70,72,1.7069865465164185,10.702529907226562,8.995543360710144
D_R_43022,chck_80M,43022,R,random_token_span,4,rand:4:794,second,,82,84,8.451545715332031,9.203208923339844,0.7516632080078125
D_R_43022,chck_80M,43022,R,random_token_span,4,rand:4:795,first,,83,85,13.748587608337402,15.022298812866211,1.2737112045288086
D_R_43022,chck_80M,43022,R,random_token_span,4,rand:4:796,second,,74,76,0.04549269378185272,10.023282051086426,9.977789357304573
D_R_43022,chck_80M,43022,R,random_token_span,4,rand:4:797,first,,88,90,12.248175621032715,14.111332893371582,1.8631572723388672
D_R_43022,chck_80M,43022,R,random_token_span,4,rand:4:798,second,,79,81,0.5349692106246948,11.446783065795898,10.911813855171204
D_R_43022,chck_80M,43022,R,random_token_span,4,rand:4:799,first,,64,66,8.816518783569336,10.676253318786621,1.8597345352172852
D_R_43022,chck_80M,43022,R,random_token_span,4,rand:4:800,second,,85,87,0.01776977814733982,5.868509292602539,5.850739514455199
D_R_43022,chck_80M,43022,R,random_token_span,4,rand:4:801,first,,95,97,8.049510955810547,11.604040145874023,3.5545291900634766
D_R_43022,chck_80M,43022,R,random_token_span,4,rand:4:802,second,,74,76,3.133159637451172,11.625438690185547,8.492279052734375
D_R_43022,chck_80M,43022,R,random_token_span,4,rand:4:803,first,,44,46,0.8730934858322144,9.888503074645996,9.015409588813782
D_R_43022,chck_80M,43022,R,random_token_span,4,rand:4:804,second,,90,92,3.727806329727173,11.482988357543945,7.7551820278167725
D_R_43022,chck_80M,43022,R,random_token_span,4,rand:4:805,first,,48,50,6.774293899536133,11.942100524902344,5.167806625366211
D_R_43022,chck_80M,43022,R,random_token_span,4,rand:4:806,second,,51,53,1.2775614261627197,11.783519744873047,10.505958318710327
D_R_43022,chck_80M,43022,R,random_token_span,4,rand:4:807,first,,60,62,9.59434700012207,12.8338041305542,3.239457130432129
D_R_43022,chck_80M,43022,R,random_token_span,4,rand:4:808,second,,77,79,14.782462120056152,16.020566940307617,1.2381048202514648
D_R_43022,chck_80M,43022,R,random_token_span,4,rand:4:809,first,,73,75,6.381163597106934,14.483368873596191,8.102205276489258
D_R_43022,chck_80M,43022,R,random_token_span,4,rand:4:810,second,,60,62,3.0602123737335205,13.156365394592285,10.096153020858765
D_R_43022,chck_80M,43022,R,random_token_span,4,rand:4:811,first,,82,84,0.2755448818206787,10.490692138671875,10.215147256851196
D_R_43022,chck_80M,43022,R,random_token_span,4,rand:4:812,second,,60,62,7.945462226867676,11.45433521270752,3.5088729858398438
D_R_43022,chck_80M,43022,R,random_token_span,4,rand:4:813,first,,88,90,2.484163999557495,12.88730239868164,10.403138399124146
D_R_43022,chck_80M,43022,R,random_token_span,4,rand:4:814,second,,63,65,1.1691577434539795,8.749811172485352,7.580653429031372
D_R_43022,chck_80M,43022,R,random_token_span,4,rand:4:815,first,,73,75,5.1971635818481445,9.375896453857422,4.178732872009277
D_R_43022,chck_80M,43022,R,random_token_span,4,rand:4:816,second,,82,84,0.2197016477584839,12.44938850402832,12.229686856269836
D_R_43022,chck_80M,43022,R,random_token_span,4,rand:4:817,first,,59,61,2.1789371967315674,6.475374221801758,4.29643702507019
D_R_43022,chck_80M,43022,R,random_token_span,4,rand:4:818,second,,75,77,9.122950553894043,12.887199401855469,3.764248847961426
D_R_43022,chck_80M,43022,R,random_token_span,4,rand:4:819,first,,60,62,9.606917381286621,13.064820289611816,3.4579029083251953
D_R_43022,chck_80M,43022,R,random_token_span,4,rand:4:820,second,,65,67,5.607574462890625,13.025277137756348,7.417702674865723
D_R_43022,chck_80M,43022,R,random_token_span,4,rand:4:821,first,,50,52,11.242179870605469,11.640340805053711,0.3981609344482422
D_R_43022,chck_80M,43022,R,random_token_span,4,rand:4:822,second,,97,99,0.18386317789554596,13.950343132019043,13.766479954123497
D_R_43022,chck_80M,43022,R,random_token_span,4,rand:4:823,first,,80,82,11.91897201538086,13.577856063842773,1.658884048461914
D_R_43022,chck_80M,43022,R,random_token_span,4,rand:4:824,second,,65,67,11.071351051330566,12.814635276794434,1.7432842254638672
D_R_43022,chck_80M,43022,R,random_token_span,4,rand:4:825,first,,63,65,0.91042160987854,14.458307266235352,13.547885656356812
D_R_43022,chck_80M,43022,R,random_token_span,4,rand:4:826,second,,72,74,10.044000625610352,11.667811393737793,1.6238107681274414
D_R_43022,chck_80M,43022,R,random_token_span,4,rand:4:827,first,,76,78,5.077906608581543,11.583619117736816,6.505712509155273
D_R_43022,chck_80M,43022,R,random_token_span,4,rand:4:828,second,,84,86,0.2743857502937317,10.594018936157227,10.319633185863495
D_R_43022,chck_80M,43022,R,random_token_span,4,rand:4:829,first,,75,77,12.090044975280762,12.312525749206543,0.22248077392578125
D_R_43022,chck_80M,43022,R,random_token_span,4,rand:4:830,second,,73,75,0.8746973872184753,12.029012680053711,11.154315292835236
D_R_43022,chck_80M,43022,R,random_token_span,4,rand:4:831,first,,84,86,0.3431418240070343,8.448612213134766,8.105470389127731
D_R_43022,chck_80M,43022,R,random_token_span,4,rand:4:832,second,,66,68,2.2465739250183105,7.663804054260254,5.417230129241943
D_R_43022,chck_80M,43022,R,random_token_span,4,rand:4:833,first,,59,61,2.9823291301727295,13.306224822998047,10.323895692825317
D_R_43022,chck_80M,43022,R,random_token_span,4,rand:4:834,second,,61,63,0.29073941707611084,8.394694328308105,8.103954911231995
D_R_43022,chck_80M,43022,R,random_token_span,4,rand:4:835,first,,78,80,8.179974555969238,11.625165939331055,3.4451913833618164
D_R_43022,chck_80M,43022,R,random_token_span,4,rand:4:836,second,,44,46,3.84686017036438,12.555179595947266,8.708319425582886
D_R_43022,chck_80M,43022,R,random_token_span,4,rand:4:837,first,,72,74,12.392662048339844,14.08346176147461,1.6907997131347656
D_R_43022,chck_80M,43022,R,random_token_span,4,rand:4:838,second,,69,71,11.113554000854492,11.922059059143066,0.8085050582885742
D_R_43022,chck_80M,43022,R,random_token_span,4,rand:4:839,first,,79,81,0.7436277270317078,15.390424728393555,14.646797001361847
D_R_43022,chck_80M,43022,R,random_token_span,4,rand:4:840,second,,61,63,14.807411193847656,13.937715530395508,-0.8696956634521484
D_R_43022,chck_80M,43022,R,random_token_span,4,rand:4:841,first,,71,73,0.9004887938499451,13.261488914489746,12.361000120639801
D_R_43022,chck_80M,43022,R,random_token_span,4,rand:4:842,second,,61,63,0.09408506006002426,15.86761474609375,15.773529686033726
D_R_43022,chck_80M,43022,R,random_token_span,4,rand:4:843,first,,64,66,7.630946159362793,10.422998428344727,2.7920522689819336
D_R_43022,chck_80M,43022,R,random_token_span,4,rand:4:844,second,,80,82,0.47024479508399963,15.656768798828125,15.186524003744125
D_R_43022,chck_80M,43022,R,random_token_span,4,rand:4:845,first,,60,62,14.303179740905762,15.860816955566406,1.5576372146606445
D_R_43022,chck_80M,43022,R,random_token_span,4,rand:4:846,second,,70,72,14.092971801757812,14.360957145690918,0.26798534393310547
D_R_43022,chck_80M,43022,R,random_token_span,4,rand:4:847,first,,74,76,4.117365837097168,13.350309371948242,9.232943534851074
D_R_43022,chck_80M,43022,R,random_token_span,4,rand:4:848,second,,72,74,0.2691526710987091,13.19374942779541,12.924596756696701
D_R_43022,chck_80M,43022,R,random_token_span,4,rand:4:849,first,,61,63,0.9404683113098145,12.801642417907715,11.8611741065979
D_R_43022,chck_80M,43022,R,random_token_span,4,rand:4:850,second,,74,76,12.22319221496582,14.987123489379883,2.7639312744140625
D_R_43022,chck_80M,43022,R,random_token_span,4,rand:4:851,first,,91,93,0.14020289480686188,5.693585395812988,5.553382501006126
D_R_43022,chck_80M,43022,R,random_token_span,4,rand:4:852,second,,86,88,7.171280860900879,10.090919494628906,2.9196386337280273
D_R_43022,chck_80M,43022,R,random_token_span,4,rand:4:853,first,,71,73,1.013728380203247,7.49930477142334,6.485576391220093
D_R_43022,chck_80M,43022,R,random_token_span,4,rand:4:854,second,,70,72,6.152530670166016,9.475839614868164,3.3233089447021484
D_R_43022,chck_80M,43022,R,random_token_span,4,rand:4:855,first,,73,75,2.10589599609375,12.618184089660645,10.512288093566895
D_R_43022,chck_80M,43022,R,random_token_span,4,rand:4:856,second,,71,73,0.7694845199584961,12.64581298828125,11.876328468322754
D_R_43022,chck_80M,43022,R,random_token_span,4,rand:4:857,first,,71,73,1.3551236391067505,13.90088176727295,12.545758128166199
D_R_43022,chck_80M,43022,R,random_token_span,4,rand:4:858,second,,58,60,0.25250357389450073,11.983480453491211,11.73097687959671
D_R_43022,chck_80M,43022,R,random_token_span,4,rand:4:859,first,,82,84,3.4888358116149902,16.972915649414062,13.484079837799072
D_R_43022,chck_80M,43022,R,random_token_span,4,rand:4:860,second,,89,91,3.1394612789154053,12.60556697845459,9.466105699539185
D_R_43022,chck_80M,43022,R,random_token_span,4,rand:4:861,first,,82,84,8.259194374084473,12.68920612335205,4.430011749267578
D_R_43022,chck_80M,43022,R,random_token_span,4,rand:4:862,second,,72,74,0.2703789174556732,15.17903995513916,14.908661037683487
D_R_43022,chck_80M,43022,R,random_token_span,4,rand:4:863,first,,84,86,8.630001068115234,13.690641403198242,5.060640335083008
D_R_43022,chck_80M,43022,R,random_token_span,4,rand:4:864,second,,69,71,13.546731948852539,13.707904815673828,0.16117286682128906
D_R_43022,chck_80M,43022,R,random_token_span,4,rand:4:865,first,,61,63,2.08644437789917,12.514984130859375,10.428539752960205
D_R_43022,chck_80M,43022,R,random_token_span,4,rand:4:866,second,,66,68,1.1670423746109009,10.868056297302246,9.701013922691345
D_R_43022,chck_80M,43022,R,random_token_span,4,rand:4:867,first,,77,79,10.69057846069336,11.734621047973633,1.0440425872802734
D_R_43022,chck_80M,43022,R,random_token_span,4,rand:4:868,second,,70,72,8.190540313720703,14.903799057006836,6.713258743286133
D_R_43022,chck_80M,43022,R,random_token_span,4,rand:4:869,first,,73,75,15.55648136138916,18.461639404296875,2.905158042907715
D_R_43022,chck_80M,43022,R,random_token_span,4,rand:4:870,second,,54,56,8.82217788696289,13.66526985168457,4.84309196472168
D_R_43022,chck_80M,43022,R,random_token_span,4,rand:4:871,first,,74,76,3.9857447147369385,12.016270637512207,8.030525922775269
D_R_43022,chck_80M,43022,R,random_token_span,4,rand:4:872,second,,59,61,1.3802977800369263,10.548001289367676,9.16770350933075
D_R_43022,chck_80M,43022,R,random_token_span,4,rand:4:873,first,,77,79,4.2651824951171875,9.320301055908203,5.055118560791016
D_R_43022,chck_80M,43022,R,random_token_span,4,rand:4:874,second,,63,65,11.290338516235352,13.233133316040039,1.9427947998046875
D_R_43022,chck_80M,43022,R,random_token_span,4,rand:4:875,first,,77,79,7.433021545410156,12.848388671875,5.415367126464844
D_R_43022,chck_80M,43022,R,random_token_span,4,rand:4:876,second,,78,80,10.729899406433105,11.536698341369629,0.8067989349365234
D_R_43022,chck_80M,43022,R,random_token_span,4,rand:4:877,first,,68,70,4.887789726257324,9.0491304397583,4.161340713500977
D_R_43022,chck_80M,43022,R,random_token_span,4,rand:4:878,second,,91,93,14.215513229370117,17.376564025878906,3.161050796508789
D_R_43022,chck_80M,43022,R,random_token_span,4,rand:4:879,first,,80,82,4.965692520141602,11.065393447875977,6.099700927734375
D_R_43022,chck_80M,43022,R,random_token_span,4,rand:4:880,second,,77,79,0.7511441707611084,13.4075927734375,12.656448602676392
D_R_43022,chck_80M,43022,R,random_token_span,4,rand:4:881,first,,72,74,11.76174259185791,13.251907348632812,1.4901647567749023
D_R_43022,chck_80M,43022,R,random_token_span,4,rand:4:882,second,,69,71,3.5998308658599854,16.053293228149414,12.453462362289429
D_R_43022,chck_80M,43022,R,random_token_span,4,rand:4:883,first,,77,79,6.4945268630981445,11.513448715209961,5.018921852111816
D_R_43022,chck_80M,43022,R,random_token_span,4,rand:4:884,second,,60,62,9.5337495803833,9.231402397155762,-0.30234718322753906
D_R_43022,chck_80M,43022,R,random_token_span,4,rand:4:885,first,,65,67,4.496140480041504,14.602570533752441,10.106430053710938
D_R_43022,chck_80M,43022,R,random_token_span,4,rand:4:886,second,,69,71,7.659476280212402,11.587752342224121,3.9282760620117188
D_R_43022,chck_80M,43022,R,random_token_span,4,rand:4:887,first,,90,92,9.677783012390137,11.463312149047852,1.7855291366577148
D_R_43022,chck_80M,43022,R,random_token_span,4,rand:4:888,second,,51,53,5.317558288574219,12.440998077392578,7.123439788818359
D_R_43022,chck_80M,43022,R,random_token_span,4,rand:4:889,first,,62,64,3.5849974155426025,11.358312606811523,7.773315191268921
D_R_43022,chck_80M,43022,R,random_token_span,4,rand:4:890,second,,85,87,4.900372505187988,10.432137489318848,5.531764984130859
D_R_43022,chck_80M,43022,R,random_token_span,4,rand:4:891,first,,78,80,1.315121054649353,8.050714492797852,6.7355934381484985
D_R_43022,chck_80M,43022,R,random_token_span,4,rand:4:892,second,,85,87,2.9130959510803223,10.133095741271973,7.21999979019165
D_R_43022,chck_80M,43022,R,random_token_span,4,rand:4:893,first,,82,84,11.225605010986328,13.283866882324219,2.0582618713378906
D_R_43022,chck_80M,43022,R,random_token_span,4,rand:4:894,second,,89,91,0.026778146624565125,7.110091209411621,7.083313062787056
D_R_43022,chck_80M,43022,R,random_token_span,4,rand:4:895,first,,71,73,1.0717618465423584,12.496316909790039,11.42455506324768
D_R_43022,chck_80M,43022,R,random_token_span,4,rand:4:896,second,,58,60,4.7226481437683105,12.840479850769043,8.117831707000732
D_R_43022,chck_80M,43022,R,random_token_span,4,rand:4:897,first,,51,53,2.8381471633911133,12.907760620117188,10.069613456726074
D_R_43022,chck_80M,43022,R,random_token_span,4,rand:4:898,second,,70,72,0.30438071489334106,13.748337745666504,13.443957030773163
D_R_43022,chck_80M,43022,R,random_token_span,4,rand:4:899,first,,71,73,11.227413177490234,15.501787185668945,4.274374008178711
D_R_43022,chck_80M,43022,R,random_token_span,4,rand:4:900,second,,58,60,0.541203498840332,12.14423942565918,11.603035926818848
D_R_43022,chck_80M,43022,R,random_token_span,4,rand:4:901,first,,84,86,0.33560800552368164,15.420106887817383,15.084498882293701
D_R_43022,chck_80M,43022,R,random_token_span,4,rand:4:902,second,,84,86,10.354440689086914,12.802884101867676,2.4484434127807617
D_R_43022,chck_80M,43022,R,random_token_span,4,rand:4:903,first,,69,71,4.276402473449707,13.950922012329102,9.674519538879395
D_R_43022,chck_80M,43022,R,random_token_span,4,rand:4:904,second,,63,65,8.893587112426758,10.70968246459961,1.8160953521728516
D_R_43022,chck_80M,43022,R,random_token_span,4,rand:4:905,first,,100,102,3.3974504470825195,12.861294746398926,9.463844299316406
D_R_43022,chck_80M,43022,R,random_token_span,4,rand:4:906,second,,80,82,9.876325607299805,14.930115699768066,5.053790092468262
D_R_43022,chck_80M,43022,R,random_token_span,4,rand:4:907,first,,57,59,1.9348047971725464,13.25992202758789,11.325117230415344
D_R_43022,chck_80M,43022,R,random_token_span,4,rand:4:908,second,,72,74,5.585926532745361,16.868181228637695,11.282254695892334
D_R_43022,chck_80M,43022,R,random_token_span,4,rand:4:909,first,,67,69,4.084383964538574,11.796226501464844,7.7118425369262695
D_R_43022,chck_80M,43022,R,random_token_span,4,rand:4:910,second,,77,79,8.876163482666016,11.803420066833496,2.9272565841674805
D_R_43022,chck_80M,43022,R,random_token_span,4,rand:4:911,first,,85,87,4.749424934387207,11.886932373046875,7.137507438659668
D_R_43022,chck_80M,43022,R,random_token_span,4,rand:4:912,second,,77,79,11.023146629333496,12.206111907958984,1.1829652786254883
D_R_43022,chck_80M,43022,R,random_token_span,4,rand:4:913,first,,54,56,4.505362033843994,12.69554615020752,8.190184116363525
D_R_43022,chck_80M,43022,R,random_token_span,4,rand:4:914,second,,88,90,4.302528381347656,9.222267150878906,4.91973876953125
D_R_43022,chck_80M,43022,R,random_token_span,4,rand:4:915,first,,51,53,1.5827035903930664,10.79232406616211,9.209620475769043
D_R_43022,chck_80M,43022,R,random_token_span,4,rand:4:916,second,,67,69,0.2472786009311676,10.74754524230957,10.500266641378403
D_R_43022,chck_80M,43022,R,random_token_span,4,rand:4:917,first,,74,76,2.1706807613372803,8.343994140625,6.17331337928772
D_R_43022,chck_80M,43022,R,random_token_span,4,rand:4:918,second,,75,77,11.653843879699707,13.655208587646484,2.0013647079467773
D_R_43022,chck_80M,43022,R,random_token_span,4,rand:4:919,first,,74,76,1.9202115535736084,12.572819709777832,10.652608156204224
D_R_43022,chck_80M,43022,R,random_token_span,4,rand:4:920,second,,45,47,12.958986282348633,12.00312328338623,-0.9558629989624023
D_R_43022,chck_80M,43022,R,random_token_span,4,rand:4:921,first,,75,77,6.869479656219482,10.683392524719238,3.813912868499756
D_R_43022,chck_80M,43022,R,random_token_span,4,rand:4:922,second,,74,76,5.17457914352417,10.135906219482422,4.961327075958252
D_R_43022,chck_80M,43022,R,random_token_span,4,rand:4:923,first,,82,84,0.6023151278495789,11.683403015136719,11.08108788728714
D_R_43022,chck_80M,43022,R,random_token_span,4,rand:4:924,second,,58,60,14.61532974243164,16.105743408203125,1.4904136657714844
D_R_43022,chck_80M,43022,R,random_token_span,4,rand:4:925,first,,79,81,3.365049362182617,13.90428352355957,10.539234161376953
D_R_43022,chck_80M,43022,R,random_token_span,4,rand:4:926,second,,72,74,5.844738483428955,13.726648330688477,7.8819098472595215
D_R_43022,chck_80M,43022,R,random_token_span,4,rand:4:927,first,,83,85,3.0406289100646973,14.235885620117188,11.19525671005249
D_R_43022,chck_80M,43022,R,random_token_span,4,rand:4:928,second,,85,87,7.898087501525879,16.15353012084961,8.25544261932373
D_R_43022,chck_80M,43022,R,random_token_span,4,rand:4:929,first,,65,67,4.145063877105713,11.954254150390625,7.809190273284912
D_R_43022,chck_80M,43022,R,random_token_span,4,rand:4:930,second,,75,77,8.04345417022705,16.736602783203125,8.693148612976074
D_R_43022,chck_80M,43022,R,random_token_span,4,rand:4:931,first,,95,97,1.471836805343628,14.350484848022461,12.878648042678833
D_R_43022,chck_80M,43022,R,random_token_span,4,rand:4:932,second,,81,83,0.6735007166862488,9.340876579284668,8.66737586259842
D_R_43022,chck_80M,43022,R,random_token_span,4,rand:4:933,first,,73,75,9.298602104187012,15.030097007751465,5.731494903564453
D_R_43022,chck_80M,43022,R,random_token_span,4,rand:4:934,second,,76,78,0.4874764084815979,13.325833320617676,12.838356912136078
D_R_43022,chck_80M,43022,R,random_token_span,4,rand:4:935,first,,77,79,1.256567120552063,9.81697940826416,8.560412287712097
D_R_43022,chck_80M,43022,R,random_token_span,4,rand:4:936,second,,81,83,0.7647974491119385,14.798347473144531,14.033550024032593
D_R_43022,chck_80M,43022,R,random_token_span,4,rand:4:937,first,,67,69,11.272260665893555,11.592733383178711,0.32047271728515625
D_R_43022,chck_80M,43022,R,random_token_span,4,rand:4:938,second,,47,49,4.448731899261475,14.370346069335938,9.921614170074463
D_R_43022,chck_80M,43022,R,random_token_span,4,rand:4:939,first,,65,67,12.576919555664062,15.45856761932373,2.881648063659668
D_R_43022,chck_80M,43022,R,random_token_span,4,rand:4:940,second,,69,71,8.635811805725098,10.70047664642334,2.064664840698242
D_R_43022,chck_80M,43022,R,random_token_span,4,rand:4:941,first,,58,60,6.791819095611572,12.455150604248047,5.663331508636475
D_R_43022,chck_80M,43022,R,random_token_span,4,rand:4:942,second,,84,86,10.373786926269531,12.172782897949219,1.7989959716796875
D_R_43022,chck_80M,43022,R,random_token_span,4,rand:4:943,first,,74,76,11.57706356048584,12.559873580932617,0.9828100204467773
D_R_43022,chck_80M,43022,R,random_token_span,4,rand:4:944,second,,75,77,11.3677978515625,12.295960426330566,0.9281625747680664
D_R_43022,chck_80M,43022,R,random_token_span,4,rand:4:945,first,,61,63,0.1413111686706543,10.31091594696045,10.169604778289795
D_R_43022,chck_80M,43022,R,random_token_span,4,rand:4:946,second,,82,84,11.291120529174805,13.237998008728027,1.9468774795532227
D_R_43022,chck_80M,43022,R,random_token_span,4,rand:4:947,first,,82,84,0.31741228699684143,12.632593154907227,12.315180867910385
D_R_43022,chck_80M,43022,R,random_token_span,4,rand:4:948,second,,73,75,11.351221084594727,12.951587677001953,1.6003665924072266
D_R_43022,chck_80M,43022,R,random_token_span,4,rand:4:949,first,,78,80,0.5318185091018677,8.879009246826172,8.347190737724304
D_R_43022,chck_80M,43022,R,random_token_span,4,rand:4:950,second,,80,82,12.39637279510498,14.904916763305664,2.5085439682006836
D_R_43022,chck_80M,43022,R,random_token_span,4,rand:4:951,first,,56,58,6.763514518737793,15.511837005615234,8.748322486877441
D_R_43022,chck_80M,43022,R,random_token_span,4,rand:4:952,second,,70,72,2.559457778930664,16.270668029785156,13.711210250854492
D_R_43022,chck_80M,43022,R,random_token_span,4,rand:4:953,first,,94,96,7.443639278411865,10.20569133758545,2.762052059173584
D_R_43022,chck_80M,43022,R,random_token_span,4,rand:4:954,second,,77,79,9.00355339050293,12.751752853393555,3.748199462890625
D_R_43022,chck_80M,43022,R,random_token_span,4,rand:4:955,first,,77,79,9.52216911315918,15.091886520385742,5.5697174072265625
D_R_43022,chck_80M,43022,R,random_token_span,4,rand:4:956,second,,62,64,1.7935996055603027,8.802268028259277,7.008668422698975
D_R_43022,chck_80M,43022,R,random_token_span,4,rand:4:957,first,,77,79,0.12165971845388412,12.75178337097168,12.630123652517796
D_R_43022,chck_80M,43022,R,random_token_span,4,rand:4:958,second,,47,49,0.05118313431739807,10.240982055664062,10.189798921346664
D_R_43022,chck_80M,43022,R,random_token_span,4,rand:4:959,first,,63,65,3.29524827003479,8.634657859802246,5.339409589767456
D_R_43022,chck_80M,43022,R,random_token_span,4,rand:4:960,second,,59,61,0.17217504978179932,16.239309310913086,16.067134261131287
D_R_43022,chck_80M,43022,R,random_token_span,4,rand:4:961,first,,58,60,8.882335662841797,12.945941925048828,4.063606262207031
D_R_43022,chck_80M,43022,R,random_token_span,4,rand:4:962,second,,88,90,2.9179046154022217,11.99631404876709,9.078409433364868
D_R_43022,chck_80M,43022,R,random_token_span,4,rand:4:963,first,,80,82,0.6544063091278076,10.636205673217773,9.981799364089966
D_R_43022,chck_80M,43022,R,random_token_span,4,rand:4:964,second,,82,84,1.4937409162521362,12.307659149169922,10.813918232917786
D_R_43022,chck_80M,43022,R,random_token_span,4,rand:4:965,first,,68,70,9.299142837524414,13.847850799560547,4.548707962036133
D_R_43022,chck_80M,43022,R,random_token_span,4,rand:4:966,second,,64,66,0.0433158315718174,10.182586669921875,10.139270838350058
D_R_43022,chck_80M,43022,R,random_token_span,4,rand:4:967,first,,79,81,6.870777130126953,9.058401107788086,2.187623977661133
D_R_43022,chck_80M,43022,R,random_token_span,4,rand:4:968,second,,92,94,4.383637428283691,14.289989471435547,9.906352043151855
D_R_43022,chck_80M,43022,R,random_token_span,4,rand:4:969,first,,69,71,0.2852576673030853,12.398262977600098,12.113005310297012
D_R_43022,chck_80M,43022,R,random_token_span,4,rand:4:970,second,,59,61,10.554608345031738,12.203685760498047,1.6490774154663086
D_R_43022,chck_80M,43022,R,random_token_span,4,rand:4:971,first,,52,54,0.33376720547676086,13.652665138244629,13.318897932767868
D_R_43022,chck_80M,43022,R,random_token_span,4,rand:4:972,second,,76,78,3.5000336170196533,13.899313926696777,10.399280309677124
D_R_43022,chck_80M,43022,R,random_token_span,4,rand:4:973,first,,66,68,2.8057403564453125,16.842510223388672,14.03676986694336
D_R_43022,chck_80M,43022,R,random_token_span,4,rand:4:974,second,,80,82,2.0136165618896484,11.633228302001953,9.619611740112305
D_R_43022,chck_80M,43022,R,random_token_span,4,rand:4:975,first,,77,79,0.540622353553772,10.375116348266602,9.83449399471283
D_R_43022,chck_80M,43022,R,random_token_span,4,rand:4:976,second,,61,63,0.4062356948852539,12.090524673461914,11.68428897857666
D_R_43022,chck_80M,43022,R,random_token_span,4,rand:4:977,first,,59,61,0.35248345136642456,9.801986694335938,9.449503242969513
D_R_43022,chck_80M,43022,R,random_token_span,4,rand:4:978,second,,74,76,1.6221098899841309,13.73854923248291,12.11643934249878
D_R_43022,chck_80M,43022,R,random_token_span,4,rand:4:979,first,,73,75,2.493119239807129,10.214614868164062,7.721495628356934
D_R_43022,chck_80M,43022,R,random_token_span,4,rand:4:980,second,,64,66,4.1555399894714355,15.317676544189453,11.162136554718018
D_R_43022,chck_80M,43022,R,random_token_span,4,rand:4:981,first,,61,63,0.019863730296492577,7.635871887207031,7.616008156910539
D_R_43022,chck_80M,43022,R,random_token_span,4,rand:4:982,second,,55,57,13.105175018310547,14.83276653289795,1.7275915145874023
D_R_43022,chck_80M,43022,R,random_token_span,4,rand:4:983,first,,69,71,1.0505518913269043,10.885229110717773,9.83467721939087
D_R_43022,chck_80M,43022,R,random_token_span,4,rand:4:984,second,,55,57,0.5761045813560486,10.270694732666016,9.694590151309967
D_R_43022,chck_80M,43022,R,random_token_span,4,rand:4:985,first,,64,66,13.39116096496582,14.806806564331055,1.4156455993652344
D_R_43022,chck_80M,43022,R,random_token_span,4,rand:4:986,second,,96,98,0.7395764589309692,11.632373809814453,10.892797350883484
D_R_43022,chck_80M,43022,R,random_token_span,4,rand:4:987,first,,74,76,0.27291369438171387,10.718080520629883,10.445166826248169
D_R_43022,chck_80M,43022,R,random_token_span,4,rand:4:988,second,,59,61,4.316850662231445,13.195405960083008,8.878555297851562
D_R_43022,chck_80M,43022,R,random_token_span,4,rand:4:989,first,,88,90,3.21089506149292,13.514511108398438,10.303616046905518
D_R_43022,chck_80M,43022,R,random_token_span,4,rand:4:990,second,,68,70,1.64436936378479,12.442290306091309,10.797920942306519
D_R_43022,chck_80M,43022,R,random_token_span,4,rand:4:991,first,,72,74,4.639621734619141,12.862918853759766,8.223297119140625
D_R_43022,chck_80M,43022,R,random_token_span,4,rand:4:992,second,,69,71,8.233491897583008,14.260462760925293,6.026970863342285
D_R_43022,chck_80M,43022,R,random_token_span,4,rand:4:993,first,,55,57,1.5659419298171997,11.061616897583008,9.495674967765808
D_R_43022,chck_80M,43022,R,random_token_span,4,rand:4:994,second,,79,81,3.8576571941375732,9.935324668884277,6.077667474746704
D_R_43022,chck_80M,43022,R,random_token_span,4,rand:4:995,first,,71,73,9.378728866577148,11.940130233764648,2.5614013671875
D_R_43022,chck_80M,43022,R,random_token_span,4,rand:4:996,second,,63,65,7.366117477416992,11.123078346252441,3.756960868835449
D_R_43022,chck_80M,43022,R,random_token_span,4,rand:4:997,first,,68,70,6.765020370483398,17.705978393554688,10.940958023071289
D_R_43022,chck_80M,43022,R,random_token_span,4,rand:4:998,second,,84,86,13.075679779052734,14.342243194580078,1.2665634155273438
D_R_43022,chck_80M,43022,R,random_token_span,4,rand:4:999,first,,71,73,0.2555551528930664,10.849617958068848,10.594062805175781
D_R_43022,chck_80M,43022,R,random_token_span,8,rand:8:1400,second,,77,79,4.214473247528076,13.939220428466797,9.72474718093872
D_R_43022,chck_80M,43022,R,random_token_span,8,rand:8:1401,first,,87,89,0.6778967380523682,16.458799362182617,15.780902624130249
D_R_43022,chck_80M,43022,R,random_token_span,8,rand:8:1402,second,,82,84,0.37441012263298035,11.416682243347168,11.042272120714188
D_R_43022,chck_80M,43022,R,random_token_span,8,rand:8:1403,first,,72,74,9.05618953704834,12.460411071777344,3.404221534729004
D_R_43022,chck_80M,43022,R,random_token_span,8,rand:8:1404,second,,68,70,3.1201202869415283,14.07651138305664,10.956391096115112
D_R_43022,chck_80M,43022,R,random_token_span,8,rand:8:1405,first,,75,77,2.549717664718628,11.075793266296387,8.526075601577759
D_R_43022,chck_80M,43022,R,random_token_span,8,rand:8:1406,second,,77,79,1.304449439048767,12.582283973693848,11.27783453464508
D_R_43022,chck_80M,43022,R,random_token_span,8,rand:8:1407,first,,88,90,1.1817166805267334,12.441313743591309,11.259597063064575
D_R_43022,chck_80M,43022,R,random_token_span,8,rand:8:1408,second,,86,88,8.174222946166992,13.369093894958496,5.194870948791504
D_R_43022,chck_80M,43022,R,random_token_span,8,rand:8:1409,first,,96,98,0.21240253746509552,12.05655574798584,11.844153210520744
D_R_43022,chck_80M,43022,R,random_token_span,8,rand:8:1410,second,,85,87,0.04293859004974365,14.055390357971191,14.012451767921448
D_R_43022,chck_80M,43022,R,random_token_span,8,rand:8:1411,first,,52,54,19.26158905029297,20.52084732055664,1.2592582702636719
D_R_43022,chck_80M,43022,R,random_token_span,8,rand:8:1412,second,,103,105,0.8086761832237244,9.651948928833008,8.843272745609283
D_R_43022,chck_80M,43022,R,random_token_span,8,rand:8:1413,first,,101,103,4.6028056144714355,13.011244773864746,8.40843915939331
D_R_43022,chck_80M,43022,R,random_token_span,8,rand:8:1414,second,,64,66,0.04144660755991936,8.553394317626953,8.511947710067034
D_R_43022,chck_80M,43022,R,random_token_span,8,rand:8:1415,first,,89,91,0.530728280544281,12.759346008300781,12.2286177277565
D_R_43022,chck_80M,43022,R,random_token_span,8,rand:8:1416,second,,68,70,0.0369504876434803,13.832769393920898,13.795818906277418
D_R_43022,chck_80M,43022,R,random_token_span,8,rand:8:1417,first,,87,89,0.7219634652137756,11.920896530151367,11.198933064937592
D_R_43022,chck_80M,43022,R,random_token_span,8,rand:8:1418,second,,78,80,14.13808822631836,14.906464576721191,0.768376350402832
D_R_43022,chck_80M,43022,R,random_token_span,8,rand:8:1419,first,,72,74,0.48851141333580017,13.157208442687988,12.668697029352188
D_R_43022,chck_80M,43022,R,random_token_span,8,rand:8:1420,second,,81,83,0.3150339126586914,12.546457290649414,12.231423377990723
D_R_43022,chck_80M,43022,R,random_token_span,8,rand:8:1421,first,,95,97,1.520620346069336,10.74755573272705,9.226935386657715
D_R_43022,chck_80M,43022,R,random_token_span,8,rand:8:1422,second,,86,88,0.07505910098552704,13.82003116607666,13.744972065091133
D_R_43022,chck_80M,43022,R,random_token_span,8,rand:8:1423,first,,100,102,1.4701292514801025,13.152579307556152,11.68245005607605
D_R_43022,chck_80M,43022,R,random_token_span,8,rand:8:1424,second,,87,89,0.03926205635070801,10.271583557128906,10.232321500778198
D_R_43022,chck_80M,43022,R,random_token_span,8,rand:8:1425,first,,78,80,8.741108894348145,11.679422378540039,2.9383134841918945
D_R_43022,chck_80M,43022,R,random_token_span,8,rand:8:1426,second,,74,76,4.1479926109313965,13.47314739227295,9.325154781341553
D_R_43022,chck_80M,43022,R,random_token_span,8,rand:8:1427,first,,67,69,5.657500267028809,13.853985786437988,8.19648551940918
D_R_43022,chck_80M,43022,R,random_token_span,8,rand:8:1428,second,,75,77,10.074337005615234,11.212995529174805,1.1386585235595703
D_R_43022,chck_80M,43022,R,random_token_span,8,rand:8:1429,first,,70,72,8.606781959533691,13.734443664550781,5.12766170501709
D_R_43022,chck_80M,43022,R,random_token_span,8,rand:8:1430,second,,106,108,0.518683671951294,12.44265079498291,11.923967123031616
D_R_43022,chck_80M,43022,R,random_token_span,8,rand:8:1431,first,,72,74,1.2048759460449219,15.132347106933594,13.927471160888672
D_R_43022,chck_80M,43022,R,random_token_span,8,rand:8:1432,second,,83,85,0.11530476063489914,11.220847129821777,11.105542369186878
D_R_43022,chck_80M,43022,R,random_token_span,8,rand:8:1433,first,,85,87,8.945252418518066,13.000473022460938,4.055220603942871
D_R_43022,chck_80M,43022,R,random_token_span,8,rand:8:1434,second,,73,75,0.3005475401878357,12.367790222167969,12.067242681980133
D_R_43022,chck_80M,43022,R,random_token_span,8,rand:8:1435,first,,85,87,0.22016240656375885,9.802205085754395,9.582042679190636
D_R_43022,chck_80M,43022,R,random_token_span,8,rand:8:1436,second,,73,75,0.2609289288520813,10.777687072753906,10.516758143901825
D_R_43022,chck_80M,43022,R,random_token_span,8,rand:8:1437,first,,54,56,0.00525687774643302,10.05107593536377,10.045819057617337
D_R_43022,chck_80M,43022,R,random_token_span,8,rand:8:1438,second,,87,89,0.6176855564117432,17.129377365112305,16.51169180870056
D_R_43022,chck_80M,43022,R,random_token_span,8,rand:8:1439,first,,90,92,4.881866455078125,11.974376678466797,7.092510223388672
D_R_43022,chck_80M,43022,R,random_token_span,8,rand:8:1440,second,,96,98,0.2242005169391632,13.234350204467773,13.01014968752861
D_R_43022,chck_80M,43022,R,random_token_span,8,rand:8:1441,first,,78,80,2.450735569000244,10.466367721557617,8.015632152557373
D_R_43022,chck_80M,43022,R,random_token_span,8,rand:8:1442,second,,83,85,0.7671806812286377,11.986556053161621,11.219375371932983
D_R_43022,chck_80M,43022,R,random_token_span,8,rand:8:1443,first,,92,94,3.7962019443511963,12.08708667755127,8.290884733200073
D_R_43022,chck_80M,43022,R,random_token_span,8,rand:8:1444,second,,107,109,0.21371278166770935,10.967462539672852,10.753749758005142
D_R_43022,chck_80M,43022,R,random_token_span,8,rand:8:1445,first,,86,88,1.3788865804672241,14.679973602294922,13.301087021827698
D_R_43022,chck_80M,43022,R,random_token_span,8,rand:8:1446,second,,80,82,0.4888838529586792,10.732684135437012,10.243800282478333
D_R_43022,chck_80M,43022,R,random_token_span,8,rand:8:1447,first,,79,81,0.31463634967803955,13.730355262756348,13.415718913078308
D_R_43022,chck_80M,43022,R,random_token_span,8,rand:8:1448,second,,90,92,4.072905540466309,13.404823303222656,9.331917762756348
D_R_43022,chck_80M,43022,R,random_token_span,8,rand:8:1449,first,,72,74,0.29092979431152344,12.600822448730469,12.309892654418945
D_R_43022,chck_80M,43022,R,random_token_span,8,rand:8:1450,second,,84,86,9.792835235595703,11.986403465270996,2.193568229675293
D_R_43022,chck_80M,43022,R,random_token_span,8,rand:8:1451,first,,74,76,0.13461492955684662,10.741241455078125,10.606626525521278
D_R_43022,chck_80M,43022,R,random_token_span,8,rand:8:1452,second,,85,87,0.6608827710151672,11.765270233154297,11.10438746213913
D_R_43022,chck_80M,43022,R,random_token_span,8,rand:8:1453,first,,90,92,9.57444953918457,9.956113815307617,0.3816642761230469
D_R_43022,chck_80M,43022,R,random_token_span,8,rand:8:1454,second,,79,81,9.98270320892334,13.891302108764648,3.9085988998413086
D_R_43022,chck_80M,43022,R,random_token_span,8,rand:8:1455,first,,93,95,0.1990288943052292,10.289718627929688,10.090689733624458
D_R_43022,chck_80M,43022,R,random_token_span,8,rand:8:1456,second,,76,78,0.34231773018836975,7.647598743438721,7.305281013250351
D_R_43022,chck_80M,43022,R,random_token_span,8,rand:8:1457,first,,68,70,0.171202152967453,11.434144020080566,11.262941867113113
D_R_43022,chck_80M,43022,R,random_token_span,8,rand:8:1458,second,,90,92,0.13449884951114655,12.889333724975586,12.75483487546444
D_R_43022,chck_80M,43022,R,random_token_span,8,rand:8:1459,first,,62,64,0.02158658392727375,12.305313110351562,12.283726526424289
D_R_43022,chck_80M,43022,R,random_token_span,8,rand:8:1460,second,,67,69,3.192932367324829,12.796146392822266,9.603214025497437
D_R_43022,chck_80M,43022,R,random_token_span,8,rand:8:1461,first,,65,67,0.09625411033630371,8.061054229736328,7.964800119400024
D_R_43022,chck_80M,43022,R,random_token_span,8,rand:8:1462,second,,58,60,5.253074645996094,14.885144233703613,9.63206958770752
D_R_43022,chck_80M,43022,R,random_token_span,8,rand:8:1463,first,,74,76,1.7461259365081787,7.885003566741943,6.138877630233765
D_R_43022,chck_80M,43022,R,random_token_span,8,rand:8:1464,second,,101,103,0.9479336142539978,12.654339790344238,11.70640617609024
D_R_43022,chck_80M,43022,R,random_token_span,8,rand:8:1465,first,,80,82,0.3402559161186218,13.236522674560547,12.896266758441925
D_R_43022,chck_80M,43022,R,random_token_span,8,rand:8:1466,second,,81,83,0.13821400701999664,12.486923217773438,12.34870921075344
D_R_43022,chck_80M,43022,R,random_token_span,8,rand:8:1467,first,,87,89,0.7692333459854126,11.183099746704102,10.413866400718689
D_R_43022,chck_80M,43022,R,random_token_span,8,rand:8:1468,second,,69,71,0.2574704587459564,12.379899024963379,12.122428566217422
D_R_43022,chck_80M,43022,R,random_token_span,8,rand:8:1469,first,,57,59,1.2665060758590698,10.000776290893555,8.734270215034485
D_R_43022,chck_80M,43022,R,random_token_span,8,rand:8:1470,second,,76,78,13.103014945983887,14.592376708984375,1.4893617630004883
D_R_43022,chck_80M,43022,R,random_token_span,8,rand:8:1471,first,,86,88,6.248727321624756,10.363937377929688,4.115210056304932
D_R_43022,chck_80M,43022,R,random_token_span,8,rand:8:1472,second,,85,87,0.0681321918964386,12.509689331054688,12.441557139158249
D_R_43022,chck_80M,43022,R,random_token_span,8,rand:8:1473,first,,58,60,7.288136005401611,14.024007797241211,6.7358717918396
D_R_43022,chck_80M,43022,R,random_token_span,8,rand:8:1474,second,,69,71,4.786006927490234,13.17587661743164,8.389869689941406
D_R_43022,chck_80M,43022,R,random_token_span,8,rand:8:1475,first,,68,70,1.2990870475769043,15.628681182861328,14.329594135284424
D_R_43022,chck_80M,43022,R,random_token_span,8,rand:8:1476,second,,92,94,0.49503934383392334,11.816683769226074,11.32164442539215
D_R_43022,chck_80M,43022,R,random_token_span,8,rand:8:1477,first,,77,79,2.199571132659912,16.85616111755371,14.656589984893799
D_R_43022,chck_80M,43022,R,random_token_span,8,rand:8:1478,second,,72,74,0.036483027040958405,10.897750854492188,10.861267827451229
D_R_43022,chck_80M,43022,R,random_token_span,8,rand:8:1479,first,,83,85,6.483092784881592,11.247063636779785,4.763970851898193
D_R_43022,chck_80M,43022,R,random_token_span,8,rand:8:1480,second,,80,82,0.0838586613535881,14.801483154296875,14.717624492943287
D_R_43022,chck_80M,43022,R,random_token_span,8,rand:8:1481,first,,97,99,1.0850071907043457,12.465121269226074,11.380114078521729
D_R_43022,chck_80M,43022,R,random_token_span,8,rand:8:1482,second,,92,94,0.020040063187479973,9.062944412231445,9.042904349043965
D_R_43022,chck_80M,43022,R,random_token_span,8,rand:8:1483,first,,81,83,12.788226127624512,14.945960998535156,2.1577348709106445
D_R_43022,chck_80M,43022,R,random_token_span,8,rand:8:1484,second,,84,86,0.6170523166656494,10.744455337524414,10.127403020858765
D_R_43022,chck_80M,43022,R,random_token_span,8,rand:8:1485,first,,86,88,0.14989914000034332,10.23291301727295,10.083013877272606
D_R_43022,chck_80M,43022,R,random_token_span,8,rand:8:1486,second,,64,66,0.1360810250043869,10.73776626586914,10.601685240864754
D_R_43022,chck_80M,43022,R,random_token_span,8,rand:8:1487,first,,79,81,15.358400344848633,14.785294532775879,-0.5731058120727539
D_R_43022,chck_80M,43022,R,random_token_span,8,rand:8:1488,second,,96,98,12.620792388916016,13.134944915771484,0.5141525268554688
D_R_43022,chck_80M,43022,R,random_token_span,8,rand:8:1489,first,,77,79,0.18385295569896698,10.977760314941406,10.79390735924244
D_R_43022,chck_80M,43022,R,random_token_span,8,rand:8:1490,second,,72,74,6.828112602233887,10.46684455871582,3.6387319564819336
D_R_43022,chck_80M,43022,R,random_token_span,8,rand:8:1491,first,,68,70,0.08414001762866974,7.842696666717529,7.75855664908886
D_R_43022,chck_80M,43022,R,random_token_span,8,rand:8:1492,second,,78,80,2.7951247692108154,15.59858512878418,12.803460359573364
D_R_43022,chck_80M,43022,R,random_token_span,8,rand:8:1493,first,,72,74,0.1486685425043106,10.207036018371582,10.058367475867271
D_R_43022,chck_80M,43022,R,random_token_span,8,rand:8:1494,second,,50,52,0.08806666731834412,10.465478897094727,10.377412229776382
D_R_43022,chck_80M,43022,R,random_token_span,8,rand:8:1495,first,,62,64,5.977958679199219,10.074729919433594,4.096771240234375
D_R_43022,chck_80M,43022,R,random_token_span,8,rand:8:1496,second,,86,88,3.4962193965911865,15.662120819091797,12.16590142250061
D_R_43022,chck_80M,43022,R,random_token_span,8,rand:8:1497,first,,68,70,0.0754547119140625,10.182506561279297,10.107051849365234
D_R_43022,chck_80M,43022,R,random_token_span,8,rand:8:1498,second,,69,71,0.48113393783569336,10.688535690307617,10.207401752471924
D_R_43022,chck_80M,43022,R,random_token_span,8,rand:8:1499,first,,80,82,0.0235249362885952,13.973636627197266,13.95011169090867
D_R_43022,chck_80M,43022,R,random_token_span,8,rand:8:1500,second,,77,79,0.3037109375,13.345014572143555,13.041303634643555
D_R_43022,chck_80M,43022,R,random_token_span,8,rand:8:1501,first,,93,95,0.08027875423431396,9.050463676452637,8.970184922218323
D_R_43022,chck_80M,43022,R,random_token_span,8,rand:8:1502,second,,61,63,0.06136002764105797,12.171707153320312,12.110347125679255
D_R_43022,chck_80M,43022,R,random_token_span,8,rand:8:1503,first,,98,100,0.15036961436271667,11.128510475158691,10.978140860795975
D_R_43022,chck_80M,43022,R,random_token_span,8,rand:8:1504,second,,63,65,0.3018339276313782,13.364946365356445,13.063112437725067
D_R_43022,chck_80M,43022,R,random_token_span,8,rand:8:1505,first,,64,66,0.074122853577137,10.040046691894531,9.965923838317394
D_R_43022,chck_80M,43022,R,random_token_span,8,rand:8:1506,second,,68,70,0.5569420456886292,15.47174072265625,14.91479867696762
D_R_43022,chck_80M,43022,R,random_token_span,8,rand:8:1507,first,,78,80,0.7662631273269653,12.895298957824707,12.129035830497742
D_R_43022,chck_80M,43022,R,random_token_span,8,rand:8:1508,second,,71,73,11.809832572937012,10.583961486816406,-1.2258710861206055
D_R_43022,chck_80M,43022,R,random_token_span,8,rand:8:1509,first,,81,83,2.6168324947357178,13.891730308532715,11.274897813796997
D_R_43022,chck_80M,43022,R,random_token_span,8,rand:8:1510,second,,86,88,0.25292491912841797,10.925634384155273,10.672709465026855
D_R_43022,chck_80M,43022,R,random_token_span,8,rand:8:1511,first,,60,62,0.13292866945266724,16.746231079101562,16.613302409648895
D_R_43022,chck_80M,43022,R,random_token_span,8,rand:8:1512,second,,82,84,13.063567161560059,15.099102020263672,2.0355348587036133
D_R_43022,chck_80M,43022,R,random_token_span,8,rand:8:1513,first,,83,85,0.44944578409194946,12.413077354431152,11.963631570339203
D_R_43022,chck_80M,43022,R,random_token_span,8,rand:8:1514,second,,94,96,0.4481940269470215,12.47718620300293,12.028992176055908
D_R_43022,chck_80M,43022,R,random_token_span,8,rand:8:1515,first,,74,76,0.04141847416758537,10.388877868652344,10.347459394484758
D_R_43022,chck_80M,43022,R,random_token_span,8,rand:8:1516,second,,79,81,0.21801146864891052,11.535493850708008,11.317482382059097
D_R_43022,chck_80M,43022,R,random_token_span,8,rand:8:1517,first,,56,58,0.09581909328699112,7.438354015350342,7.342534922063351
D_R_43022,chck_80M,43022,R,random_token_span,8,rand:8:1518,second,,73,75,12.101101875305176,14.975214958190918,2.874113082885742
D_R_43022,chck_80M,43022,R,random_token_span,8,rand:8:1519,first,,67,69,2.2348694801330566,8.211223602294922,5.976354122161865
D_R_43022,chck_80M,43022,R,random_token_span,8,rand:8:1520,second,,89,91,0.14018931984901428,8.004176139831543,7.863986819982529
D_R_43022,chck_80M,43022,R,random_token_span,8,rand:8:1521,first,,80,82,0.7002997398376465,12.482281684875488,11.781981945037842
D_R_43022,chck_80M,43022,R,random_token_span,8,rand:8:1522,second,,92,94,1.9142426252365112,13.231376647949219,11.317134022712708
D_R_43022,chck_80M,43022,R,random_token_span,8,rand:8:1523,first,,71,73,0.040313709527254105,12.353899002075195,12.313585292547941
D_R_43022,chck_80M,43022,R,random_token_span,8,rand:8:1524,second,,85,87,11.715339660644531,12.972797393798828,1.2574577331542969
D_R_43022,chck_80M,43022,R,random_token_span,8,rand:8:1525,first,,102,104,5.795966625213623,13.873746871948242,8.07778024673462
D_R_43022,chck_80M,43022,R,random_token_span,8,rand:8:1526,second,,75,77,1.4505261182785034,12.454962730407715,11.004436612129211
D_R_43022,chck_80M,43022,R,random_token_span,8,rand:8:1527,first,,79,81,0.608853816986084,12.119783401489258,11.510929584503174
D_R_43022,chck_80M,43022,R,random_token_span,8,rand:8:1528,second,,72,74,6.735413074493408,14.458311080932617,7.722898006439209
D_R_43022,chck_80M,43022,R,random_token_span,8,rand:8:1529,first,,64,66,0.15348359942436218,13.910435676574707,13.756952077150345
D_R_43022,chck_80M,43022,R,random_token_span,8,rand:8:1530,second,,88,90,1.5584527254104614,11.614084243774414,10.055631518363953
D_R_43022,chck_80M,43022,R,random_token_span,8,rand:8:1531,first,,69,71,11.679850578308105,10.749992370605469,-0.9298582077026367
D_R_43022,chck_80M,43022,R,random_token_span,8,rand:8:1532,second,,97,99,1.559183120727539,12.660665512084961,11.101482391357422
D_R_43022,chck_80M,43022,R,random_token_span,8,rand:8:1533,first,,83,85,0.8512794971466064,11.273970603942871,10.422691106796265
D_R_43022,chck_80M,43022,R,random_token_span,8,rand:8:1534,second,,71,73,0.6967629194259644,11.74673843383789,11.049975514411926
D_R_43022,chck_80M,43022,R,random_token_span,8,rand:8:1535,first,,80,82,0.03289522975683212,13.727914810180664,13.695019580423832
D_R_43022,chck_80M,43022,R,random_token_span,8,rand:8:1536,second,,91,93,0.4391203820705414,12.411741256713867,11.972620874643326
D_R_43022,chck_80M,43022,R,random_token_span,8,rand:8:1537,first,,92,94,3.0155045986175537,13.107863426208496,10.092358827590942
D_R_43022,chck_80M,43022,R,random_token_span,8,rand:8:1538,second,,82,84,9.254437446594238,11.766371726989746,2.511934280395508
D_R_43022,chck_80M,43022,R,random_token_span,8,rand:8:1539,first,,78,80,0.08328704535961151,9.817208290100098,9.733921244740486
D_R_43022,chck_80M,43022,R,random_token_span,8,rand:8:1540,second,,83,85,12.938482284545898,14.144551277160645,1.206068992614746
D_R_43022,chck_80M,43022,R,random_token_span,8,rand:8:1541,first,,97,99,3.643367290496826,8.171263694763184,4.527896404266357
D_R_43022,chck_80M,43022,R,random_token_span,8,rand:8:1542,second,,68,70,8.397010803222656,17.960569381713867,9.563558578491211
D_R_43022,chck_80M,43022,R,random_token_span,8,rand:8:1543,first,,85,87,0.09249909222126007,11.64742660522461,11.55492751300335
D_R_43022,chck_80M,43022,R,random_token_span,8,rand:8:1544,second,,81,83,0.057203952223062515,10.740273475646973,10.68306952342391
D_R_43022,chck_80M,43022,R,random_token_span,8,rand:8:1545,first,,69,71,8.129535675048828,11.168875694274902,3.039340019226074
D_R_43022,chck_80M,43022,R,random_token_span,8,rand:8:1546,second,,96,98,2.8450026512145996,15.145185470581055,12.300182819366455
D_R_43022,chck_80M,43022,R,random_token_span,8,rand:8:1547,first,,73,75,1.2656466960906982,17.130626678466797,15.864979982376099
D_R_43022,chck_80M,43022,R,random_token_span,8,rand:8:1548,second,,102,104,10.892984390258789,16.774330139160156,5.881345748901367
D_R_43022,chck_80M,43022,R,random_token_span,8,rand:8:1549,first,,90,92,12.34439468383789,12.13024616241455,-0.21414852142333984
D_R_43022,chck_80M,43022,R,random_token_span,8,rand:8:1550,second,,86,88,3.8281264305114746,12.676277160644531,8.848150730133057
D_R_43022,chck_80M,43022,R,random_token_span,8,rand:8:1551,first,,96,98,0.817729115486145,10.819786071777344,10.002056956291199
D_R_43022,chck_80M,43022,R,random_token_span,8,rand:8:1552,second,,67,69,0.7262698411941528,10.040494918823242,9.31422507762909
D_R_43022,chck_80M,43022,R,random_token_span,8,rand:8:1553,first,,68,70,0.0835237130522728,12.154718399047852,12.071194685995579
D_R_43022,chck_80M,43022,R,random_token_span,8,rand:8:1554,second,,65,67,0.438325434923172,10.862298011779785,10.423972576856613
D_R_43022,chck_80M,43022,R,random_token_span,8,rand:8:1555,first,,85,87,0.508841872215271,11.216497421264648,10.707655549049377
D_R_43022,chck_80M,43022,R,random_token_span,8,rand:8:1556,second,,67,69,13.237096786499023,18.036495208740234,4.799398422241211
D_R_43022,chck_80M,43022,R,random_token_span,8,rand:8:1557,first,,91,93,11.48215103149414,13.515031814575195,2.0328807830810547
D_R_43022,chck_80M,43022,R,random_token_span,8,rand:8:1558,second,,90,92,0.7974783182144165,15.025995254516602,14.228516936302185
D_R_43022,chck_80M,43022,R,random_token_span,8,rand:8:1559,first,,57,59,0.3691648542881012,8.896438598632812,8.527273744344711
D_R_43022,chck_80M,43022,R,random_token_span,8,rand:8:1560,second,,88,90,1.284041404724121,10.043699264526367,8.759657859802246
D_R_43022,chck_80M,43022,R,random_token_span,8,rand:8:1561,first,,84,86,0.3547554314136505,11.417759895324707,11.063004463911057
D_R_43022,chck_80M,43022,R,random_token_span,8,rand:8:1562,second,,78,80,0.1045958399772644,8.948016166687012,8.843420326709747
D_R_43022,chck_80M,43022,R,random_token_span,8,rand:8:1563,first,,98,100,5.9567670822143555,12.610965728759766,6.65419864654541
D_R_43022,chck_80M,43022,R,random_token_span,8,rand:8:1564,second,,68,70,2.4632818698883057,11.297504425048828,8.834222555160522
D_R_43022,chck_80M,43022,R,random_token_span,8,rand:8:1565,first,,75,77,1.0681952238082886,14.308036804199219,13.23984158039093
D_R_43022,chck_80M,43022,R,random_token_span,8,rand:8:1566,second,,96,98,0.2742477357387543,10.936015129089355,10.661767393350601
D_R_43022,chck_80M,43022,R,random_token_span,8,rand:8:1567,first,,92,94,8.635908126831055,11.727266311645508,3.091358184814453
D_R_43022,chck_80M,43022,R,random_token_span,8,rand:8:1568,second,,90,92,7.847494125366211,14.649543762207031,6.80204963684082
D_R_43022,chck_80M,43022,R,random_token_span,8,rand:8:1569,first,,70,72,1.0047423839569092,13.534137725830078,12.529395341873169
D_R_43022,chck_80M,43022,R,random_token_span,8,rand:8:1570,second,,66,68,0.4806601405143738,11.89255142211914,11.411891281604767
D_R_43022,chck_80M,43022,R,random_token_span,8,rand:8:1571,first,,101,103,5.697336673736572,13.200672149658203,7.503335475921631
D_R_43022,chck_80M,43022,R,random_token_span,8,rand:8:1572,second,,63,65,0.06992922723293304,11.296396255493164,11.226467028260231
D_R_43022,chck_80M,43022,R,random_token_span,8,rand:8:1573,first,,81,83,12.611964225769043,14.363536834716797,1.751572608947754
D_R_43022,chck_80M,43022,R,random_token_span,8,rand:8:1574,second,,75,77,1.155853033065796,14.020894050598145,12.865041017532349
D_R_43022,chck_80M,43022,R,random_token_span,8,rand:8:1575,first,,70,72,0.08473403751850128,8.493432998657227,8.408698961138725
D_R_43022,chck_80M,43022,R,random_token_span,8,rand:8:1576,second,,85,87,0.010720635764300823,11.310182571411133,11.299461935646832
D_R_43022,chck_80M,43022,R,random_token_span,8,rand:8:1577,first,,86,88,15.463205337524414,15.030423164367676,-0.4327821731567383
D_R_43022,chck_80M,43022,R,random_token_span,8,rand:8:1578,second,,72,74,0.25228193402290344,9.477520942687988,9.225239008665085
D_R_43022,chck_80M,43022,R,random_token_span,8,rand:8:1579,first,,72,74,0.06081017851829529,12.374212265014648,12.313402086496353
D_R_43022,chck_80M,43022,R,random_token_span,8,rand:8:1580,second,,68,70,12.832147598266602,13.067123413085938,0.23497581481933594
D_R_43022,chck_80M,43022,R,random_token_span,8,rand:8:1581,first,,85,87,0.17097067832946777,11.238537788391113,11.067567110061646
D_R_43022,chck_80M,43022,R,random_token_span,8,rand:8:1582,second,,86,88,1.0611463785171509,11.712236404418945,10.651090025901794
D_R_43022,chck_80M,43022,R,random_token_span,8,rand:8:1583,first,,71,73,2.4153897762298584,8.416444778442383,6.001055002212524
D_R_43022,chck_80M,43022,R,random_token_span,8,rand:8:1584,second,,85,87,0.07247284054756165,10.288673400878906,10.216200560331345
D_R_43022,chck_80M,43022,R,random_token_span,8,rand:8:1585,first,,65,67,0.11405368894338608,9.48151683807373,9.367463149130344
D_R_43022,chck_80M,43022,R,random_token_span,8,rand:8:1586,second,,63,65,0.9235016107559204,11.89564323425293,10.97214162349701
D_R_43022,chck_80M,43022,R,random_token_span,8,rand:8:1587,first,,78,80,1.1776810884475708,13.10224437713623,11.92456328868866
D_R_43022,chck_80M,43022,R,random_token_span,8,rand:8:1588,second,,87,89,4.574447154998779,10.809344291687012,6.234897136688232
D_R_43022,chck_80M,43022,R,random_token_span,8,rand:8:1589,first,,72,74,1.151486873626709,11.720284461975098,10.568797588348389
D_R_43022,chck_80M,43022,R,random_token_span,8,rand:8:1590,second,,86,88,3.829596996307373,10.459131240844727,6.6295342445373535
D_R_43022,chck_80M,43022,R,random_token_span,8,rand:8:1591,first,,77,79,0.7700229287147522,16.040390014648438,15.270367085933685
D_R_43022,chck_80M,43022,R,random_token_span,8,rand:8:1592,second,,80,82,0.8491381406784058,14.080063819885254,13.230925679206848
D_R_43022,chck_80M,43022,R,random_token_span,8,rand:8:1593,first,,96,98,0.2670591175556183,14.191524505615234,13.924465388059616
D_R_43022,chck_80M,43022,R,random_token_span,8,rand:8:1594,second,,102,104,0.2539200186729431,13.95058822631836,13.696668207645416
D_R_43022,chck_80M,43022,R,random_token_span,8,rand:8:1595,first,,96,98,5.690557479858398,12.772085189819336,7.0815277099609375
D_R_43022,chck_80M,43022,R,random_token_span,8,rand:8:1596,second,,92,94,4.323697566986084,16.319826126098633,11.996128559112549
D_R_43022,chck_80M,43022,R,random_token_span,8,rand:8:1597,first,,76,78,7.584256172180176,14.899194717407227,7.314938545227051
D_R_43022,chck_80M,43022,R,random_token_span,8,rand:8:1598,second,,89,91,1.1212749481201172,15.421968460083008,14.30069351196289
D_R_43022,chck_80M,43022,R,random_token_span,8,rand:8:1599,first,,60,62,0.08822242170572281,11.075282096862793,10.98705967515707
D_R_43022,chck_80M,43022,R,random_token_span,8,rand:8:1600,second,,78,80,2.2873940467834473,12.623985290527344,10.336591243743896
D_R_43022,chck_80M,43022,R,random_token_span,8,rand:8:1601,first,,68,70,7.403255462646484,14.699767112731934,7.296511650085449
D_R_43022,chck_80M,43022,R,random_token_span,8,rand:8:1602,second,,71,73,9.689637184143066,13.16201400756836,3.472376823425293
D_R_43022,chck_80M,43022,R,random_token_span,8,rand:8:1603,first,,108,110,0.05959131568670273,8.78464126586914,8.725049950182438
D_R_43022,chck_80M,43022,R,random_token_span,8,rand:8:1604,second,,89,91,1.9330238103866577,17.85057258605957,15.917548775672913
D_R_43022,chck_80M,43022,R,random_token_span,8,rand:8:1605,first,,104,106,0.04452138766646385,9.784846305847168,9.740324918180704
D_R_43022,chck_80M,43022,R,random_token_span,8,rand:8:1606,second,,74,76,9.588630676269531,11.505395889282227,1.9167652130126953
D_R_43022,chck_80M,43022,R,random_token_span,8,rand:8:1607,first,,67,69,0.18541684746742249,13.280743598937988,13.095326751470566
D_R_43022,chck_80M,43022,R,random_token_span,8,rand:8:1608,second,,74,76,0.03999935835599899,11.44622802734375,11.406228668987751
D_R_43022,chck_80M,43022,R,random_token_span,8,rand:8:1609,first,,63,65,0.04137466847896576,10.63166618347168,10.590291514992714
D_R_43022,chck_80M,43022,R,random_token_span,8,rand:8:1610,second,,60,62,0.1635083556175232,17.372098922729492,17.20859056711197
D_R_43022,chck_80M,43022,R,random_token_span,8,rand:8:1611,first,,76,78,8.198796272277832,12.940356254577637,4.741559982299805
D_R_43022,chck_80M,43022,R,random_token_span,8,rand:8:1612,second,,64,66,0.11775717884302139,14.0885591506958,13.97080197185278
D_R_43022,chck_80M,43022,R,random_token_span,8,rand:8:1613,first,,56,58,2.630598783493042,13.46487808227539,10.834279298782349
D_R_43022,chck_80M,43022,R,random_token_span,8,rand:8:1614,second,,87,89,3.204296350479126,14.138925552368164,10.934629201889038
D_R_43022,chck_80M,43022,R,random_token_span,8,rand:8:1615,first,,78,80,0.03139511123299599,14.30558967590332,14.274194564670324
D_R_43022,chck_80M,43022,R,random_token_span,8,rand:8:1616,second,,84,86,0.15380695462226868,11.71249008178711,11.55868312716484
D_R_43022,chck_80M,43022,R,random_token_span,8,rand:8:1617,first,,84,86,6.223163604736328,10.54433822631836,4.321174621582031
D_R_43022,chck_80M,43022,R,random_token_span,8,rand:8:1618,second,,84,86,2.428905725479126,16.01373291015625,13.584827184677124
D_R_43022,chck_80M,43022,R,random_token_span,8,rand:8:1619,first,,97,99,1.6024023294448853,12.579456329345703,10.977053999900818
D_R_43022,chck_80M,43022,R,random_token_span,8,rand:8:1620,second,,80,82,0.5309110879898071,10.160360336303711,9.629449248313904
D_R_43022,chck_80M,43022,R,random_token_span,8,rand:8:1621,first,,83,85,0.06868003308773041,12.603311538696289,12.534631505608559
D_R_43022,chck_80M,43022,R,random_token_span,8,rand:8:1622,second,,62,64,0.04267304018139839,6.628916263580322,6.586243223398924
D_R_43022,chck_80M,43022,R,random_token_span,8,rand:8:1623,first,,77,79,0.7440171241760254,11.574567794799805,10.83055067062378
D_R_43022,chck_80M,43022,R,random_token_span,8,rand:8:1624,second,,93,95,0.17503197491168976,8.01750373840332,7.8424717634916306
D_R_43022,chck_80M,43022,R,random_token_span,8,rand:8:1625,first,,71,73,0.07147246599197388,10.701715469360352,10.630243003368378
D_R_43022,chck_80M,43022,R,random_token_span,8,rand:8:1626,second,,96,98,8.50016975402832,10.322704315185547,1.8225345611572266
D_R_43022,chck_80M,43022,R,random_token_span,8,rand:8:1627,first,,79,81,14.383804321289062,14.94478702545166,0.5609827041625977
D_R_43022,chck_80M,43022,R,random_token_span,8,rand:8:1628,second,,89,91,0.020154565572738647,11.09660530090332,11.076450735330582
D_R_43022,chck_80M,43022,R,random_token_span,8,rand:8:1629,first,,84,86,0.17962782084941864,11.229628562927246,11.050000742077827
D_R_43022,chck_80M,43022,R,random_token_span,8,rand:8:1630,second,,70,72,9.527612686157227,13.558826446533203,4.031213760375977
D_R_43022,chck_80M,43022,R,random_token_span,8,rand:8:1631,first,,85,87,0.03422112390398979,11.372779846191406,11.338558722287416
D_R_43022,chck_80M,43022,R,random_token_span,8,rand:8:1632,second,,93,95,2.0081515312194824,14.554255485534668,12.546103954315186
D_R_43022,chck_80M,43022,R,random_token_span,8,rand:8:1633,first,,72,74,0.3412879705429077,13.571555137634277,13.23026716709137
D_R_43022,chck_80M,43022,R,random_token_span,8,rand:8:1634,second,,62,64,0.38735222816467285,11.763040542602539,11.375688314437866
D_R_43022,chck_80M,43022,R,random_token_span,8,rand:8:1635,first,,76,78,0.17774762213230133,11.489217758178711,11.31147013604641
D_R_43022,chck_80M,43022,R,random_token_span,8,rand:8:1636,second,,66,68,7.691265106201172,10.749151229858398,3.0578861236572266
D_R_43022,chck_80M,43022,R,random_token_span,8,rand:8:1637,first,,87,89,0.1477603018283844,10.389442443847656,10.241682142019272
D_R_43022,chck_80M,43022,R,random_token_span,8,rand:8:1638,second,,70,72,14.502972602844238,13.908829689025879,-0.5941429138183594
D_R_43022,chck_80M,43022,R,random_token_span,8,rand:8:1639,first,,89,91,0.20444761216640472,13.457269668579102,13.252822056412697
D_R_43022,chck_80M,43022,R,random_token_span,8,rand:8:1640,second,,77,79,0.8282948136329651,19.01834487915039,18.190050065517426
D_R_43022,chck_80M,43022,R,random_token_span,8,rand:8:1641,first,,87,89,3.4096639156341553,9.682640075683594,6.2729761600494385
D_R_43022,chck_80M,43022,R,random_token_span,8,rand:8:1642,second,,73,75,0.18149572610855103,10.968999862670898,10.787504136562347
D_R_43022,chck_80M,43022,R,random_token_span,8,rand:8:1643,first,,64,66,0.0608135424554348,15.433170318603516,15.37235677614808
D_R_43022,chck_80M,43022,R,random_token_span,8,rand:8:1644,second,,72,74,0.6636884808540344,10.131807327270508,9.468118846416473
D_R_43022,chck_80M,43022,R,random_token_span,8,rand:8:1645,first,,81,83,0.137380912899971,10.744824409484863,10.607443496584892
D_R_43022,chck_80M,43022,R,random_token_span,8,rand:8:1646,second,,54,56,9.452338218688965,11.389657974243164,1.9373197555541992
D_R_43022,chck_80M,43022,R,random_token_span,8,rand:8:1647,first,,96,98,0.19514697790145874,13.451578140258789,13.25643116235733
D_R_43022,chck_80M,43022,R,random_token_span,8,rand:8:1648,second,,107,109,1.4189808368682861,13.611210823059082,12.192229986190796
D_R_43022,chck_80M,43022,R,random_token_span,8,rand:8:1649,first,,66,68,0.23554760217666626,11.979358673095703,11.743811070919037
D_R_43022,chck_80M,43022,R,random_token_span,8,rand:8:1650,second,,102,104,0.8440843224525452,10.9715576171875,10.127473294734955
D_R_43022,chck_80M,43022,R,random_token_span,8,rand:8:1651,first,,91,93,5.677900314331055,10.993059158325195,5.315158843994141
D_R_43022,chck_80M,43022,R,random_token_span,8,rand:8:1652,second,,81,83,1.7913917303085327,13.317638397216797,11.526246666908264
D_R_43022,chck_80M,43022,R,random_token_span,8,rand:8:1653,first,,80,82,0.42408692836761475,11.492349624633789,11.068262696266174
D_R_43022,chck_80M,43022,R,random_token_span,8,rand:8:1654,second,,78,80,2.153780460357666,11.458778381347656,9.30499792098999
D_R_43022,chck_80M,43022,R,random_token_span,8,rand:8:1655,first,,84,86,0.8846307992935181,14.817962646484375,13.933331847190857
D_R_43022,chck_80M,43022,R,random_token_span,8,rand:8:1656,second,,77,79,0.6184635758399963,13.616901397705078,12.998437821865082
D_R_43022,chck_80M,43022,R,random_token_span,8,rand:8:1657,first,,60,62,0.6755554676055908,14.154019355773926,13.478463888168335
D_R_43022,chck_80M,43022,R,random_token_span,8,rand:8:1658,second,,71,73,0.21770639717578888,12.228750228881836,12.011043831706047
D_R_43022,chck_80M,43022,R,random_token_span,8,rand:8:1659,first,,56,58,2.4460134506225586,12.449064254760742,10.003050804138184
D_R_43022,chck_80M,43022,R,random_token_span,8,rand:8:1660,second,,112,114,0.1760164499282837,12.994131088256836,12.818114638328552
D_R_43022,chck_80M,43022,R,random_token_span,8,rand:8:1661,first,,99,101,0.2875285744667053,13.28868293762207,13.001154363155365
D_R_43022,chck_80M,43022,R,random_token_span,8,rand:8:1662,second,,86,88,2.783933401107788,13.329976081848145,10.546042680740356
D_R_43022,chck_80M,43022,R,random_token_span,8,rand:8:1663,first,,59,61,0.28292688727378845,9.143598556518555,8.860671669244766
D_R_43022,chck_80M,43022,R,random_token_span,8,rand:8:1664,second,,74,76,2.959486484527588,12.036412239074707,9.07692575454712
D_R_43022,chck_80M,43022,R,random_token_span,8,rand:8:1665,first,,102,104,6.395650386810303,14.817804336547852,8.422153949737549
D_R_43022,chck_80M,43022,R,random_token_span,8,rand:8:1666,second,,69,71,12.219143867492676,14.77168083190918,2.552536964416504
D_R_43022,chck_80M,43022,R,random_token_span,8,rand:8:1667,first,,95,97,2.1966207027435303,6.141963005065918,3.9453423023223877
D_R_43022,chck_80M,43022,R,random_token_span,8,rand:8:1668,second,,80,82,0.436829149723053,9.780662536621094,9.34383338689804
D_R_43022,chck_80M,43022,R,random_token_span,8,rand:8:1669,first,,90,92,1.0280022621154785,13.893758773803711,12.865756511688232
D_R_43022,chck_80M,43022,R,random_token_span,8,rand:8:1670,second,,84,86,0.2741164267063141,8.289058685302734,8.01494225859642
D_R_43022,chck_80M,43022,R,random_token_span,8,rand:8:1671,first,,73,75,2.177088975906372,16.232555389404297,14.055466413497925
D_R_43022,chck_80M,43022,R,random_token_span,8,rand:8:1672,second,,92,94,0.1232355609536171,12.477466583251953,12.354231022298336
D_R_43022,chck_80M,43022,R,random_token_span,8,rand:8:1673,first,,70,72,10.787178039550781,12.361991882324219,1.5748138427734375
D_R_43022,chck_80M,43022,R,random_token_span,8,rand:8:1674,second,,53,55,0.06163870543241501,10.544782638549805,10.48314393311739
D_R_43022,chck_80M,43022,R,random_token_span,8,rand:8:1675,first,,58,60,2.5653562545776367,12.371297836303711,9.805941581726074
D_R_43022,chck_80M,43022,R,random_token_span,8,rand:8:1676,second,,75,77,0.9705045223236084,16.74414825439453,15.773643732070923
D_R_43022,chck_80M,43022,R,random_token_span,8,rand:8:1677,first,,73,75,3.0153067111968994,15.545248031616211,12.529941320419312
D_R_43022,chck_80M,43022,R,random_token_span,8,rand:8:1678,second,,85,87,0.09616467356681824,12.347829818725586,12.251665145158768
D_R_43022,chck_80M,43022,R,random_token_span,8,rand:8:1679,first,,85,87,0.1224714145064354,12.413994789123535,12.2915233746171
D_R_43022,chck_80M,43022,R,random_token_span,8,rand:8:1680,second,,81,83,3.888449192047119,14.331303596496582,10.442854404449463
D_R_43022,chck_80M,43022,R,random_token_span,8,rand:8:1681,first,,78,80,13.121319770812988,12.860247611999512,-0.26107215881347656
D_R_43022,chck_80M,43022,R,random_token_span,8,rand:8:1682,second,,87,89,0.22188754379749298,11.838377952575684,11.61649040877819
D_R_43022,chck_80M,43022,R,random_token_span,8,rand:8:1683,first,,66,68,0.12982644140720367,11.84015941619873,11.710332974791527
D_R_43022,chck_80M,43022,R,random_token_span,8,rand:8:1684,second,,82,84,6.774802207946777,10.443680763244629,3.6688785552978516
D_R_43022,chck_80M,43022,R,random_token_span,8,rand:8:1685,first,,79,81,5.86836051940918,12.146427154541016,6.278066635131836
D_R_43022,chck_80M,43022,R,random_token_span,8,rand:8:1686,second,,63,65,2.855686664581299,11.681270599365234,8.825583934783936
D_R_43022,chck_80M,43022,R,random_token_span,8,rand:8:1687,first,,98,100,0.22198063135147095,13.022829055786133,12.800848424434662
D_R_43022,chck_80M,43022,R,random_token_span,8,rand:8:1688,second,,92,94,0.6109380722045898,10.935274124145508,10.324336051940918
D_R_43022,chck_80M,43022,R,random_token_span,8,rand:8:1689,first,,82,84,11.54407787322998,16.538339614868164,4.994261741638184
D_R_43022,chck_80M,43022,R,random_token_span,8,rand:8:1690,second,,72,74,0.21680253744125366,11.003116607666016,10.786314070224762
D_R_43022,chck_80M,43022,R,random_token_span,8,rand:8:1691,first,,99,101,2.652064323425293,12.573887825012207,9.921823501586914
D_R_43022,chck_80M,43022,R,random_token_span,8,rand:8:1692,second,,59,61,1.3104796409606934,13.763616561889648,12.453136920928955
D_R_43022,chck_80M,43022,R,random_token_span,8,rand:8:1693,first,,88,90,5.533227443695068,14.749940872192383,9.216713428497314
D_R_43022,chck_80M,43022,R,random_token_span,8,rand:8:1694,second,,94,96,1.9180039167404175,13.335670471191406,11.417666554450989
D_R_43022,chck_80M,43022,R,random_token_span,8,rand:8:1695,first,,89,91,0.06770927459001541,11.792987823486328,11.725278548896313
D_R_43022,chck_80M,43022,R,random_token_span,8,rand:8:1696,second,,86,88,1.7420156002044678,15.79035758972168,14.048341989517212
D_R_43022,chck_80M,43022,R,random_token_span,8,rand:8:1697,first,,75,77,0.3998732268810272,15.107674598693848,14.70780137181282
D_R_43022,chck_80M,43022,R,random_token_span,8,rand:8:1698,second,,72,74,1.847517967224121,12.92307186126709,11.075553894042969
D_R_43022,chck_80M,43022,R,random_token_span,8,rand:8:1699,first,,89,91,0.11760415136814117,12.513165473937988,12.395561322569847
D_R_43022,chck_80M,43022,R,random_token_span,8,rand:8:1700,second,,83,85,3.4413809776306152,16.48923110961914,13.047850131988525
D_R_43022,chck_80M,43022,R,random_token_span,8,rand:8:1701,first,,100,102,0.7510592341423035,13.723892211914062,12.972832977771759
D_R_43022,chck_80M,43022,R,random_token_span,8,rand:8:1702,second,,69,71,13.152329444885254,14.696855545043945,1.5445261001586914
D_R_43022,chck_80M,43022,R,random_token_span,8,rand:8:1703,first,,81,83,0.07905861735343933,10.530383110046387,10.451324492692947
D_R_43022,chck_80M,43022,R,random_token_span,8,rand:8:1704,second,,83,85,0.13340647518634796,12.34791374206543,12.214507266879082
D_R_43022,chck_80M,43022,R,random_token_span,8,rand:8:1705,first,,89,91,12.232133865356445,12.269525527954102,0.03739166259765625
D_R_43022,chck_80M,43022,R,random_token_span,8,rand:8:1706,second,,89,91,0.804825484752655,10.45367431640625,9.648848831653595
D_R_43022,chck_80M,43022,R,random_token_span,8,rand:8:1707,first,,79,81,1.1452372074127197,12.694560050964355,11.549322843551636
D_R_43022,chck_80M,43022,R,random_token_span,8,rand:8:1708,second,,93,95,10.385682106018066,12.807294845581055,2.4216127395629883
D_R_43022,chck_80M,43022,R,random_token_span,8,rand:8:1709,first,,71,73,0.13617996871471405,12.440414428710938,12.304234459996223
D_R_43022,chck_80M,43022,R,random_token_span,8,rand:8:1710,second,,79,81,0.19293883442878723,14.73752498626709,14.544586151838303
D_R_43022,chck_80M,43022,R,random_token_span,8,rand:8:1711,first,,101,103,0.9342209696769714,13.028804779052734,12.094583809375763
D_R_43022,chck_80M,43022,R,random_token_span,8,rand:8:1712,second,,76,78,12.916810989379883,14.46673583984375,1.5499248504638672
D_R_43022,chck_80M,43022,R,random_token_span,8,rand:8:1713,first,,87,89,1.3499858379364014,14.312349319458008,12.962363481521606
D_R_43022,chck_80M,43022,R,random_token_span,8,rand:8:1714,second,,64,66,0.6539201736450195,14.424668312072754,13.770748138427734
D_R_43022,chck_80M,43022,R,random_token_span,8,rand:8:1715,first,,85,87,7.281925201416016,12.176751136779785,4.8948259353637695
D_R_43022,chck_80M,43022,R,random_token_span,8,rand:8:1716,second,,71,73,0.30726975202560425,11.189926147460938,10.882656395435333
D_R_43022,chck_80M,43022,R,random_token_span,8,rand:8:1717,first,,106,108,1.3220137357711792,11.188770294189453,9.866756558418274
D_R_43022,chck_80M,43022,R,random_token_span,8,rand:8:1718,second,,96,98,7.298470497131348,11.473569869995117,4.1750993728637695
D_R_43022,chck_80M,43022,R,random_token_span,8,rand:8:1719,first,,93,95,0.38670194149017334,12.297547340393066,11.910845398902893
D_R_43022,chck_80M,43022,R,random_token_span,8,rand:8:1720,second,,90,92,1.2607717514038086,14.080377578735352,12.819605827331543
D_R_43022,chck_80M,43022,R,random_token_span,8,rand:8:1721,first,,78,80,0.15533441305160522,11.049378395080566,10.894043982028961
D_R_43022,chck_80M,43022,R,random_token_span,8,rand:8:1722,second,,71,73,0.16871227324008942,9.830514907836914,9.661802634596825
D_R_43022,chck_80M,43022,R,random_token_span,8,rand:8:1723,first,,70,72,0.1076594665646553,11.18826675415039,11.080607287585735
D_R_43022,chck_80M,43022,R,random_token_span,8,rand:8:1724,second,,80,82,0.0697045549750328,8.816351890563965,8.746647335588932
D_R_43022,chck_80M,43022,R,random_token_span,8,rand:8:1725,first,,69,71,0.09088175743818283,8.854520797729492,8.76363904029131
D_R_43022,chck_80M,43022,R,random_token_span,8,rand:8:1726,second,,78,80,17.587371826171875,19.41314125061035,1.8257694244384766
D_R_43022,chck_80M,43022,R,random_token_span,8,rand:8:1727,first,,98,100,11.188934326171875,14.010889053344727,2.8219547271728516
D_R_43022,chck_80M,43022,R,random_token_span,8,rand:8:1728,second,,78,80,0.07980316132307053,8.937987327575684,8.858184166252613
D_R_43022,chck_80M,43022,R,random_token_span,8,rand:8:1729,first,,77,79,0.05938609689474106,12.123268127441406,12.063882030546665
D_R_43022,chck_80M,43022,R,random_token_span,8,rand:8:1730,second,,73,75,0.0741024911403656,7.8158698081970215,7.741767317056656
D_R_43022,chck_80M,43022,R,random_token_span,8,rand:8:1731,first,,79,81,1.0806018114089966,10.981992721557617,9.90139091014862
D_R_43022,chck_80M,43022,R,random_token_span,8,rand:8:1732,second,,99,101,0.1337868571281433,14.071927070617676,13.938140213489532
D_R_43022,chck_80M,43022,R,random_token_span,8,rand:8:1733,first,,86,88,0.8944098353385925,13.605022430419922,12.71061259508133
D_R_43022,chck_80M,43022,R,random_token_span,8,rand:8:1734,second,,95,97,9.7782621383667,9.30077075958252,-0.4774913787841797
D_R_43022,chck_80M,43022,R,random_token_span,8,rand:8:1735,first,,86,88,4.840038299560547,12.717531204223633,7.877492904663086
D_R_43022,chck_80M,43022,R,random_token_span,8,rand:8:1736,second,,88,90,11.230669021606445,13.950726509094238,2.720057487487793
D_R_43022,chck_80M,43022,R,random_token_span,8,rand:8:1737,first,,91,93,4.851359844207764,15.696036338806152,10.844676494598389
D_R_43022,chck_80M,43022,R,random_token_span,8,rand:8:1738,second,,83,85,0.11372232437133789,12.742919921875,12.629197597503662
D_R_43022,chck_80M,43022,R,random_token_span,8,rand:8:1739,first,,60,62,9.09075927734375,12.91830062866211,3.8275413513183594
D_R_43022,chck_80M,43022,R,random_token_span,8,rand:8:1740,second,,90,92,5.252744674682617,11.509950637817383,6.257205963134766
D_R_43022,chck_80M,43022,R,random_token_span,8,rand:8:1741,first,,94,96,1.0293388366699219,15.684102058410645,14.654763221740723
D_R_43022,chck_80M,43022,R,random_token_span,8,rand:8:1742,second,,98,100,2.1236186027526855,11.444612503051758,9.320993900299072
D_R_43022,chck_80M,43022,R,random_token_span,8,rand:8:1743,first,,65,67,0.920844554901123,12.378387451171875,11.457542896270752
D_R_43022,chck_80M,43022,R,random_token_span,8,rand:8:1744,second,,82,84,0.012358986772596836,11.462817192077637,11.45045820530504
D_R_43022,chck_80M,43022,R,random_token_span,8,rand:8:1745,first,,73,75,1.5595006942749023,11.793900489807129,10.234399795532227
D_R_43022,chck_80M,43022,R,random_token_span,8,rand:8:1746,second,,77,79,8.178926467895508,11.232394218444824,3.0534677505493164
D_R_43022,chck_80M,43022,R,random_token_span,8,rand:8:1747,first,,82,84,0.6418604850769043,12.870137214660645,12.22827672958374
D_R_43022,chck_80M,43022,R,random_token_span,8,rand:8:1748,second,,51,53,0.05295613780617714,12.759031295776367,12.70607515797019
D_R_43022,chck_80M,43022,R,random_token_span,8,rand:8:1749,first,,73,75,2.1192712783813477,14.444778442382812,12.325507164001465
D_R_43022,chck_80M,43022,R,random_token_span,8,rand:8:1750,second,,75,77,0.02022290788590908,10.137591361999512,10.117368454113603
D_R_43022,chck_80M,43022,R,random_token_span,8,rand:8:1751,first,,72,74,0.3582560420036316,13.278792381286621,12.92053633928299
D_R_43022,chck_80M,43022,R,random_token_span,8,rand:8:1752,second,,66,68,10.845582008361816,11.600151062011719,0.7545690536499023
D_R_43022,chck_80M,43022,R,random_token_span,8,rand:8:1753,first,,85,87,2.0954723358154297,13.481939315795898,11.386466979980469
D_R_43022,chck_80M,43022,R,random_token_span,8,rand:8:1754,second,,62,64,0.9992904663085938,10.580320358276367,9.581029891967773
D_R_43022,chck_80M,43022,R,random_token_span,8,rand:8:1755,first,,81,83,0.5548168420791626,12.017809867858887,11.462993025779724
D_R_43022,chck_80M,43022,R,random_token_span,8,rand:8:1756,second,,69,71,0.06042500212788582,11.673095703125,11.612670700997114
D_R_43022,chck_80M,43022,R,random_token_span,8,rand:8:1757,first,,88,90,6.882269859313965,8.239654541015625,1.3573846817016602
D_R_43022,chck_80M,43022,R,random_token_span,8,rand:8:1758,second,,93,95,0.11218202859163284,8.344846725463867,8.232664696872234
D_R_43022,chck_80M,43022,R,random_token_span,8,rand:8:1759,first,,70,72,2.1431326866149902,13.629236221313477,11.486103534698486
D_R_43022,chck_80M,43022,R,random_token_span,8,rand:8:1760,second,,77,79,0.15468347072601318,11.474059104919434,11.31937563419342
D_R_43022,chck_80M,43022,R,random_token_span,8,rand:8:1761,first,,110,112,5.330792427062988,13.341196060180664,8.010403633117676
D_R_43022,chck_80M,43022,R,random_token_span,8,rand:8:1762,second,,79,81,3.2575318813323975,11.797480583190918,8.53994870185852
D_R_43022,chck_80M,43022,R,random_token_span,8,rand:8:1763,first,,68,70,0.8033735156059265,16.56096649169922,15.757592976093292
D_R_43022,chck_80M,43022,R,random_token_span,8,rand:8:1764,second,,67,69,5.241536617279053,13.156054496765137,7.914517879486084
D_R_43022,chck_80M,43022,R,random_token_span,8,rand:8:1765,first,,94,96,0.49143585562705994,13.581156730651855,13.089720875024796
D_R_43022,chck_80M,43022,R,random_token_span,8,rand:8:1766,second,,78,80,10.72332763671875,11.957483291625977,1.2341556549072266
D_R_43022,chck_80M,43022,R,random_token_span,8,rand:8:1767,first,,86,88,0.10600590705871582,10.736127853393555,10.630121946334839
D_R_43022,chck_80M,43022,R,random_token_span,8,rand:8:1768,second,,73,75,10.737885475158691,13.014018058776855,2.276132583618164
D_R_43022,chck_80M,43022,R,random_token_span,8,rand:8:1769,first,,78,80,7.595180988311768,12.532329559326172,4.937148571014404
D_R_43022,chck_80M,43022,R,random_token_span,8,rand:8:1770,second,,85,87,1.2387828826904297,16.416908264160156,15.178125381469727
D_R_43022,chck_80M,43022,R,random_token_span,8,rand:8:1771,first,,68,70,2.1152143478393555,13.177717208862305,11.06250286102295
D_R_43022,chck_80M,43022,R,random_token_span,8,rand:8:1772,second,,78,80,0.1543971747159958,10.009171485900879,9.854774311184883
D_R_43022,chck_80M,43022,R,random_token_span,8,rand:8:1773,first,,72,74,6.915317058563232,11.352142333984375,4.436825275421143
D_R_43022,chck_80M,43022,R,random_token_span,8,rand:8:1774,second,,81,83,0.02269427478313446,10.27334213256836,10.250647857785225
D_R_43022,chck_80M,43022,R,random_token_span,8,rand:8:1775,first,,84,86,0.018738390877842903,9.685137748718262,9.666399357840419
D_R_43022,chck_80M,43022,R,random_token_span,8,rand:8:1776,second,,75,77,0.385853111743927,10.104148864746094,9.718295753002167
D_R_43022,chck_80M,43022,R,random_token_span,8,rand:8:1777,first,,85,87,0.07567334175109863,12.813408851623535,12.737735509872437
D_R_43022,chck_80M,43022,R,random_token_span,8,rand:8:1778,second,,79,81,7.003970146179199,10.923376083374023,3.919405937194824
D_R_43022,chck_80M,43022,R,random_token_span,8,rand:8:1779,first,,79,81,0.6227946281433105,14.38919734954834,13.76640272140503
D_R_43022,chck_80M,43022,R,random_token_span,8,rand:8:1780,second,,78,80,13.828229904174805,14.06087589263916,0.23264598846435547
D_R_43022,chck_80M,43022,R,random_token_span,8,rand:8:1781,first,,94,96,4.026697635650635,13.617805480957031,9.591107845306396
D_R_43022,chck_80M,43022,R,random_token_span,8,rand:8:1782,second,,69,71,0.06630068272352219,10.228259086608887,10.161958403885365
D_R_43022,chck_80M,43022,R,random_token_span,8,rand:8:1783,first,,102,104,0.03189612925052643,11.035133361816406,11.00323723256588
D_R_43022,chck_80M,43022,R,random_token_span,8,rand:8:1784,second,,82,84,0.0509122870862484,8.23252010345459,8.181607816368341
D_R_43022,chck_80M,43022,R,random_token_span,8,rand:8:1785,first,,79,81,3.1284725666046143,8.949641227722168,5.821168661117554
D_R_43022,chck_80M,43022,R,random_token_span,8,rand:8:1786,second,,94,96,0.34053587913513184,12.251571655273438,11.911035776138306
D_R_43022,chck_80M,43022,R,random_token_span,8,rand:8:1787,first,,90,92,2.904256820678711,12.751997947692871,9.84774112701416
D_R_43022,chck_80M,43022,R,random_token_span,8,rand:8:1788,second,,74,76,0.5177687406539917,13.226619720458984,12.708850979804993
D_R_43022,chck_80M,43022,R,random_token_span,8,rand:8:1789,first,,60,62,1.2386358976364136,13.0125732421875,11.773937344551086
D_R_43022,chck_80M,43022,R,random_token_span,8,rand:8:1790,second,,82,84,8.26478385925293,16.288185119628906,8.023401260375977
D_R_43022,chck_80M,43022,R,random_token_span,8,rand:8:1791,first,,81,83,0.045109208673238754,10.00394058227539,9.958831373602152
D_R_43022,chck_80M,43022,R,random_token_span,8,rand:8:1792,second,,74,76,0.22498425841331482,13.181778907775879,12.956794649362564
D_R_43022,chck_80M,43022,R,random_token_span,8,rand:8:1793,first,,67,69,0.3614187240600586,12.905949592590332,12.544530868530273
D_R_43022,chck_80M,43022,R,random_token_span,8,rand:8:1794,second,,75,77,10.929996490478516,15.304941177368164,4.374944686889648
D_R_43022,chck_80M,43022,R,random_token_span,8,rand:8:1795,first,,82,84,1.531792163848877,13.376212120056152,11.844419956207275
D_R_43022,chck_80M,43022,R,random_token_span,8,rand:8:1796,second,,90,92,6.0603179931640625,16.695402145385742,10.63508415222168
D_R_43022,chck_80M,43022,R,random_token_span,8,rand:8:1797,first,,75,77,0.9151957035064697,7.661892890930176,6.746697187423706
D_R_43022,chck_80M,43022,R,random_token_span,8,rand:8:1798,second,,72,74,9.522287368774414,16.054611206054688,6.532323837280273
D_R_43022,chck_80M,43022,R,random_token_span,8,rand:8:1799,first,,80,82,0.13773289322853088,12.067085266113281,11.92935237288475
D_R_43022,chck_80M,43022,R,random_token_span,8,rand:8:1800,second,,79,81,2.6839263439178467,15.468677520751953,12.784751176834106
D_R_43022,chck_80M,43022,R,random_token_span,8,rand:8:1801,first,,82,84,0.3741843104362488,11.14225959777832,10.768075287342072
D_R_43022,chck_80M,43022,R,random_token_span,8,rand:8:1802,second,,70,72,0.35880592465400696,10.98930549621582,10.630499571561813
D_R_43022,chck_80M,43022,R,random_token_span,8,rand:8:1803,first,,77,79,0.17313919961452484,10.327439308166504,10.154300108551979
D_R_43022,chck_80M,43022,R,random_token_span,8,rand:8:1804,second,,91,93,0.7566924095153809,11.809288024902344,11.052595615386963
D_R_43022,chck_80M,43022,R,random_token_span,8,rand:8:1805,first,,76,78,0.046099867671728134,12.861265182495117,12.815165314823389
D_R_43022,chck_80M,43022,R,random_token_span,8,rand:8:1806,second,,72,74,4.648419380187988,13.104142189025879,8.45572280883789
D_R_43022,chck_80M,43022,R,random_token_span,8,rand:8:1807,first,,79,81,0.12481565028429031,13.773332595825195,13.648516945540905
D_R_43022,chck_80M,43022,R,random_token_span,8,rand:8:1808,second,,67,69,5.299318313598633,12.641979217529297,7.342660903930664
D_R_43022,chck_80M,43022,R,random_token_span,8,rand:8:1809,first,,89,91,0.01796521618962288,9.605657577514648,9.587692361325026
D_R_43022,chck_80M,43022,R,random_token_span,8,rand:8:1810,second,,73,75,0.09987448155879974,12.118261337280273,12.018386855721474
D_R_43022,chck_80M,43022,R,random_token_span,8,rand:8:1811,first,,76,78,0.4020102024078369,8.96718692779541,8.565176725387573
D_R_43022,chck_80M,43022,R,random_token_span,8,rand:8:1812,second,,74,76,1.2999831438064575,14.40091323852539,13.100930094718933
D_R_43022,chck_80M,43022,R,random_token_span,8,rand:8:1813,first,,55,57,0.31242379546165466,10.394640922546387,10.082217127084732
D_R_43022,chck_80M,43022,R,random_token_span,8,rand:8:1814,second,,70,72,0.6498456001281738,14.468639373779297,13.818793773651123
D_R_43022,chck_80M,43022,R,random_token_span,8,rand:8:1815,first,,66,68,6.785615921020508,17.046268463134766,10.260652542114258
D_R_43022,chck_80M,43022,R,random_token_span,8,rand:8:1816,second,,80,82,3.8578548431396484,9.288467407226562,5.430612564086914
D_R_43022,chck_80M,43022,R,random_token_span,8,rand:8:1817,first,,98,100,4.717944622039795,16.252477645874023,11.534533023834229
D_R_43022,chck_80M,43022,R,random_token_span,8,rand:8:1818,second,,84,86,0.2982111871242523,10.519567489624023,10.221356302499771
D_R_43022,chck_80M,43022,R,random_token_span,8,rand:8:1819,first,,73,75,0.03145806863903999,2.923527240753174,2.892069172114134
D_R_43022,chck_80M,43022,R,random_token_span,8,rand:8:1820,second,,84,86,0.1305081993341446,12.918383598327637,12.787875398993492
D_R_43022,chck_80M,43022,R,random_token_span,8,rand:8:1821,first,,79,81,4.885395050048828,12.93582820892334,8.050433158874512
D_R_43022,chck_80M,43022,R,random_token_span,8,rand:8:1822,second,,89,91,0.27814000844955444,13.73145866394043,13.453318655490875
D_R_43022,chck_80M,43022,R,random_token_span,8,rand:8:1823,first,,98,100,11.976198196411133,12.297835350036621,0.3216371536254883
D_R_43022,chck_80M,43022,R,random_token_span,8,rand:8:1824,second,,75,77,2.061072587966919,13.513627052307129,11.45255446434021
D_R_43022,chck_80M,43022,R,random_token_span,8,rand:8:1825,first,,79,81,0.40024060010910034,13.591833114624023,13.191592514514923
D_R_43022,chck_80M,43022,R,random_token_span,8,rand:8:1826,second,,67,69,3.2620725631713867,13.294452667236328,10.032380104064941
D_R_43022,chck_80M,43022,R,random_token_span,8,rand:8:1827,first,,76,78,0.09134111553430557,13.70213508605957,13.610793970525265
D_R_43022,chck_80M,43022,R,random_token_span,8,rand:8:1828,second,,74,76,5.295331001281738,14.164061546325684,8.868730545043945
D_R_43022,chck_80M,43022,R,random_token_span,8,rand:8:1829,first,,97,99,0.616425096988678,11.679398536682129,11.062973439693451
D_R_43022,chck_80M,43022,R,random_token_span,8,rand:8:1830,second,,99,101,0.8721242547035217,12.240374565124512,11.36825031042099
D_R_43022,chck_80M,43022,R,random_token_span,8,rand:8:1831,first,,83,85,2.5081069469451904,10.128449440002441,7.620342493057251
D_R_43022,chck_80M,43022,R,random_token_span,8,rand:8:1832,second,,55,57,0.03735732659697533,10.122568130493164,10.085210803896189
D_R_43022,chck_80M,43022,R,random_token_span,8,rand:8:1833,first,,88,90,13.075721740722656,17.095836639404297,4.020114898681641
D_R_43022,chck_80M,43022,R,random_token_span,8,rand:8:1834,second,,86,88,6.109737873077393,12.095731735229492,5.9859938621521
D_R_43022,chck_80M,43022,R,random_token_span,8,rand:8:1835,first,,79,81,5.188416481018066,11.830907821655273,6.642491340637207
D_R_43022,chck_80M,43022,R,random_token_span,8,rand:8:1836,second,,79,81,0.8325323462486267,13.234176635742188,12.40164428949356
D_R_43022,chck_80M,43022,R,random_token_span,8,rand:8:1837,first,,72,74,0.20178283751010895,12.36670207977295,12.16491924226284
D_R_43022,chck_80M,43022,R,random_token_span,8,rand:8:1838,second,,92,94,0.6425284743309021,13.335044860839844,12.692516386508942
D_R_43022,chck_80M,43022,R,random_token_span,8,rand:8:1839,first,,66,68,2.9807612895965576,13.257305145263672,10.276543855667114
D_R_43022,chck_80M,43022,R,random_token_span,8,rand:8:1840,second,,83,85,3.694196939468384,10.683332443237305,6.989135503768921
D_R_43022,chck_80M,43022,R,random_token_span,8,rand:8:1841,first,,70,72,1.6533583402633667,15.922157287597656,14.26879894733429
D_R_43022,chck_80M,43022,R,random_token_span,8,rand:8:1842,second,,72,74,0.6454225778579712,14.281885147094727,13.636462569236755
D_R_43022,chck_80M,43022,R,random_token_span,8,rand:8:1843,first,,74,76,6.389200210571289,12.624937057495117,6.235736846923828
D_R_43022,chck_80M,43022,R,random_token_span,8,rand:8:1844,second,,76,78,3.304950714111328,7.199512004852295,3.894561290740967
D_R_43022,chck_80M,43022,R,random_token_span,8,rand:8:1845,first,,102,104,0.27102893590927124,14.384238243103027,14.113209307193756
D_R_43022,chck_80M,43022,R,random_token_span,8,rand:8:1846,second,,86,88,0.11867707967758179,13.113998413085938,12.995321333408356
D_R_43022,chck_80M,43022,R,random_token_span,8,rand:8:1847,first,,82,84,17.144044876098633,16.12031364440918,-1.0237312316894531
D_R_43022,chck_80M,43022,R,random_token_span,8,rand:8:1848,second,,99,101,0.5448244214057922,14.811504364013672,14.26667994260788
D_R_43022,chck_80M,43022,R,random_token_span,8,rand:8:1849,first,,92,94,11.49233341217041,14.483327865600586,2.990994453430176
D_R_43022,chck_80M,43022,R,random_token_span,8,rand:8:1850,second,,75,77,4.159636497497559,12.398275375366211,8.238638877868652
D_R_43022,chck_80M,43022,R,random_token_span,8,rand:8:1851,first,,89,91,1.0802377462387085,14.104791641235352,13.024553894996643
D_R_43022,chck_80M,43022,R,random_token_span,8,rand:8:1852,second,,57,59,12.191993713378906,13.80601692199707,1.614023208618164
D_R_43022,chck_80M,43022,R,random_token_span,8,rand:8:1853,first,,88,90,13.052560806274414,14.039894104003906,0.9873332977294922
D_R_43022,chck_80M,43022,R,random_token_span,8,rand:8:1854,second,,74,76,11.960407257080078,12.637669563293457,0.6772623062133789
D_R_43022,chck_80M,43022,R,random_token_span,8,rand:8:1855,first,,83,85,1.3383355140686035,11.762622833251953,10.42428731918335
D_R_43022,chck_80M,43022,R,random_token_span,8,rand:8:1856,second,,87,89,0.0400039404630661,8.103128433227539,8.063124492764473
D_R_43022,chck_80M,43022,R,random_token_span,8,rand:8:1857,first,,69,71,0.05418243259191513,10.664932250976562,10.610749818384647
D_R_43022,chck_80M,43022,R,random_token_span,8,rand:8:1858,second,,75,77,9.058059692382812,10.063477516174316,1.005417823791504
D_R_43022,chck_80M,43022,R,random_token_span,8,rand:8:1859,first,,74,76,0.19034932553768158,13.9999361038208,13.80958677828312
D_R_43022,chck_80M,43022,R,random_token_span,8,rand:8:1860,second,,66,68,14.693962097167969,17.16531753540039,2.471355438232422
D_R_43022,chck_80M,43022,R,random_token_span,8,rand:8:1861,first,,71,73,0.8452136516571045,11.734415054321289,10.889201402664185
D_R_43022,chck_80M,43022,R,random_token_span,8,rand:8:1862,second,,94,96,13.201597213745117,13.771141052246094,0.5695438385009766
D_R_43022,chck_80M,43022,R,random_token_span,8,rand:8:1863,first,,76,78,14.98486614227295,15.889432907104492,0.904566764831543
D_R_43022,chck_80M,43022,R,random_token_span,8,rand:8:1864,second,,76,78,0.05010827258229256,7.161983489990234,7.111875217407942
D_R_43022,chck_80M,43022,R,random_token_span,8,rand:8:1865,first,,83,85,0.07646337151527405,11.61652946472168,11.540066093206406
D_R_43022,chck_80M,43022,R,random_token_span,8,rand:8:1866,second,,97,99,11.273711204528809,13.667497634887695,2.3937864303588867
D_R_43022,chck_80M,43022,R,random_token_span,8,rand:8:1867,first,,85,87,0.0791967362165451,14.490554809570312,14.411358073353767
D_R_43022,chck_80M,43022,R,random_token_span,8,rand:8:1868,second,,103,105,0.07135459035634995,12.009159088134766,11.937804497778416
D_R_43022,chck_80M,43022,R,random_token_span,8,rand:8:1869,first,,73,75,0.4306882321834564,13.183828353881836,12.75314012169838
D_R_43022,chck_80M,43022,R,random_token_span,8,rand:8:1870,second,,73,75,8.742931365966797,15.639162063598633,6.896230697631836
D_R_43022,chck_80M,43022,R,random_token_span,8,rand:8:1871,first,,93,95,0.5710772275924683,12.183281898498535,11.612204670906067
D_R_43022,chck_80M,43022,R,random_token_span,8,rand:8:1872,second,,94,96,9.409695625305176,14.777859687805176,5.3681640625
D_R_43022,chck_80M,43022,R,random_token_span,8,rand:8:1873,first,,76,78,0.4006843864917755,13.38337516784668,12.982690781354904
D_R_43022,chck_80M,43022,R,random_token_span,8,rand:8:1874,second,,83,85,1.5851666927337646,11.421557426452637,9.836390733718872
D_R_43022,chck_80M,43022,R,random_token_span,8,rand:8:1875,first,,79,81,0.6130489110946655,14.810233116149902,14.197184205055237
D_R_43022,chck_80M,43022,R,random_token_span,8,rand:8:1876,second,,75,77,1.9797747135162354,12.411389350891113,10.431614637374878
D_R_43022,chck_80M,43022,R,random_token_span,8,rand:8:1877,first,,90,92,2.064748525619507,10.616156578063965,8.551408052444458
D_R_43022,chck_80M,43022,R,random_token_span,8,rand:8:1878,second,,84,86,0.7962715029716492,17.29446029663086,16.49818879365921
D_R_43022,chck_80M,43022,R,random_token_span,8,rand:8:1879,first,,92,94,0.17715854942798615,12.681501388549805,12.504342839121819
D_R_43022,chck_80M,43022,R,random_token_span,8,rand:8:1880,second,,99,101,3.228652000427246,17.777284622192383,14.548632621765137
D_R_43022,chck_80M,43022,R,random_token_span,8,rand:8:1881,first,,85,87,1.116349697113037,15.991687774658203,14.875338077545166
D_R_43022,chck_80M,43022,R,random_token_span,8,rand:8:1882,second,,83,85,0.05074074864387512,10.320117950439453,10.269377201795578
D_R_43022,chck_80M,43022,R,random_token_span,8,rand:8:1883,first,,68,70,6.776690483093262,16.016460418701172,9.23976993560791
D_R_43022,chck_80M,43022,R,random_token_span,8,rand:8:1884,second,,93,95,0.27219200134277344,15.716516494750977,15.444324493408203
D_R_43022,chck_80M,43022,R,random_token_span,8,rand:8:1885,first,,94,96,3.5003976821899414,12.775604248046875,9.275206565856934
D_R_43022,chck_80M,43022,R,random_token_span,8,rand:8:1886,second,,57,59,15.496149063110352,16.01327133178711,0.5171222686767578
D_R_43022,chck_80M,43022,R,random_token_span,8,rand:8:1887,first,,91,93,9.39091682434082,12.840093612670898,3.449176788330078
D_R_43022,chck_80M,43022,R,random_token_span,8,rand:8:1888,second,,54,56,5.683766841888428,12.32424259185791,6.640475749969482
D_R_43022,chck_80M,43022,R,random_token_span,8,rand:8:1889,first,,76,78,0.07555253803730011,10.769211769104004,10.693659231066704
D_R_43022,chck_80M,43022,R,random_token_span,8,rand:8:1890,second,,90,92,0.09638001769781113,12.22464370727539,12.12826368957758
D_R_43022,chck_80M,43022,R,random_token_span,8,rand:8:1891,first,,84,86,0.17833924293518066,14.587326049804688,14.408986806869507
D_R_43022,chck_80M,43022,R,random_token_span,8,rand:8:1892,second,,64,66,0.20018494129180908,11.673343658447266,11.473158717155457
D_R_43022,chck_80M,43022,R,random_token_span,8,rand:8:1893,first,,76,78,8.967617988586426,14.223938941955566,5.256320953369141
D_R_43022,chck_80M,43022,R,random_token_span,8,rand:8:1894,second,,95,97,8.25493049621582,11.136713027954102,2.8817825317382812
D_R_43022,chck_80M,43022,R,random_token_span,8,rand:8:1895,first,,51,53,0.0596923902630806,10.008844375610352,9.949151985347271
D_R_43022,chck_80M,43022,R,random_token_span,8,rand:8:1896,second,,63,65,0.505307137966156,12.645877838134766,12.14057070016861
D_R_43022,chck_80M,43022,R,random_token_span,8,rand:8:1897,first,,87,89,5.583188056945801,15.664124488830566,10.080936431884766
D_R_43022,chck_80M,43022,R,random_token_span,8,rand:8:1898,second,,65,67,1.637723684310913,11.219941139221191,9.582217454910278
D_R_43022,chck_80M,43022,R,random_token_span,8,rand:8:1899,first,,103,105,0.06455545127391815,11.737791061401367,11.673235610127449
D_R_43022,chck_80M,43022,R,random_token_span,8,rand:8:1900,second,,78,80,4.189202308654785,17.986726760864258,13.797524452209473
D_R_43022,chck_80M,43022,R,random_token_span,8,rand:8:1901,first,,79,81,0.1407032310962677,11.592672348022461,11.451969116926193
D_R_43022,chck_80M,43022,R,random_token_span,8,rand:8:1902,second,,98,100,4.172691345214844,15.090545654296875,10.917854309082031
D_R_43022,chck_80M,43022,R,random_token_span,8,rand:8:1903,first,,53,55,0.8288053870201111,13.498281478881836,12.669476091861725
D_R_43022,chck_80M,43022,R,random_token_span,8,rand:8:1904,second,,83,85,1.8145647048950195,13.785430908203125,11.970866203308105
D_R_43022,chck_80M,43022,R,random_token_span,8,rand:8:1905,first,,82,84,0.24702191352844238,9.868168830871582,9.62114691734314
D_R_43022,chck_80M,43022,R,random_token_span,8,rand:8:1906,second,,83,85,4.352994918823242,8.323196411132812,3.9702014923095703
D_R_43022,chck_80M,43022,R,random_token_span,8,rand:8:1907,first,,53,55,0.013558324426412582,10.27328109741211,10.259722772985697
D_R_43022,chck_80M,43022,R,random_token_span,8,rand:8:1908,second,,70,72,0.6085188984870911,15.720719337463379,15.112200438976288
D_R_43022,chck_80M,43022,R,random_token_span,8,rand:8:1909,first,,98,100,0.22803905606269836,8.369322776794434,8.141283720731735
D_R_43022,chck_80M,43022,R,random_token_span,8,rand:8:1910,second,,74,76,4.039223670959473,15.172571182250977,11.133347511291504
D_R_43022,chck_80M,43022,R,random_token_span,8,rand:8:1911,first,,60,62,3.3974788188934326,16.683483123779297,13.286004304885864
D_R_43022,chck_80M,43022,R,random_token_span,8,rand:8:1912,second,,91,93,0.3967950642108917,12.584495544433594,12.187700480222702
D_R_43022,chck_80M,43022,R,random_token_span,8,rand:8:1913,first,,85,87,0.37761634588241577,13.327970504760742,12.950354158878326
D_R_43022,chck_80M,43022,R,random_token_span,8,rand:8:1914,second,,103,105,0.1995975226163864,11.397804260253906,11.19820673763752
D_R_43022,chck_80M,43022,R,random_token_span,8,rand:8:1915,first,,77,79,0.1042448952794075,11.946531295776367,11.84228640049696
D_R_43022,chck_80M,43022,R,random_token_span,8,rand:8:1916,second,,63,65,0.37833553552627563,11.418042182922363,11.039706647396088
D_R_43022,chck_80M,43022,R,random_token_span,8,rand:8:1917,first,,72,74,1.092930793762207,10.616987228393555,9.524056434631348
D_R_43022,chck_80M,43022,R,random_token_span,8,rand:8:1918,second,,66,68,0.3311975300312042,11.0499849319458,10.718787401914597
D_R_43022,chck_80M,43022,R,random_token_span,8,rand:8:1919,first,,85,87,0.772068977355957,15.013162612915039,14.241093635559082
D_R_43022,chck_80M,43022,R,random_token_span,8,rand:8:1920,second,,79,81,0.348253071308136,10.874678611755371,10.526425540447235
D_R_43022,chck_80M,43022,R,random_token_span,8,rand:8:1921,first,,64,66,0.16982199251651764,11.114683151245117,10.9448611587286
D_R_43022,chck_80M,43022,R,random_token_span,8,rand:8:1922,second,,78,80,7.609058380126953,15.872621536254883,8.26356315612793
D_R_43022,chck_80M,43022,R,random_token_span,8,rand:8:1923,first,,94,96,0.4245795011520386,11.20670223236084,10.782122731208801
D_R_43022,chck_80M,43022,R,random_token_span,8,rand:8:1924,second,,65,67,0.012088489718735218,9.445669174194336,9.4335806844756
D_R_43022,chck_80M,43022,R,random_token_span,8,rand:8:1925,first,,82,84,0.024655139073729515,11.15146541595459,11.12681027688086
D_R_43022,chck_80M,43022,R,random_token_span,8,rand:8:1926,second,,66,68,7.645240783691406,13.346783638000488,5.701542854309082
D_R_43022,chck_80M,43022,R,random_token_span,8,rand:8:1927,first,,102,104,0.32920920848846436,13.531115531921387,13.201906323432922
D_R_43022,chck_80M,43022,R,random_token_span,8,rand:8:1928,second,,81,83,8.56229305267334,15.15809440612793,6.59580135345459
D_R_43022,chck_80M,43022,R,random_token_span,8,rand:8:1929,first,,79,81,0.17175407707691193,12.904399871826172,12.73264579474926
D_R_43022,chck_80M,43022,R,random_token_span,8,rand:8:1930,second,,75,77,0.10142435878515244,8.138339042663574,8.036914683878422
D_R_43022,chck_80M,43022,R,random_token_span,8,rand:8:1931,first,,85,87,12.222319602966309,13.459817886352539,1.2374982833862305
D_R_43022,chck_80M,43022,R,random_token_span,8,rand:8:1932,second,,87,89,0.08304286003112793,15.247952461242676,15.164909601211548
D_R_43022,chck_80M,43022,R,random_token_span,8,rand:8:1933,first,,73,75,0.052078064531087875,12.003660202026367,11.95158213749528
D_R_43022,chck_80M,43022,R,random_token_span,8,rand:8:1934,second,,83,85,0.059009701013565063,7.104330062866211,7.045320361852646
D_R_43022,chck_80M,43022,R,random_token_span,8,rand:8:1935,first,,104,106,0.6973920464515686,11.91491985321045,11.21752780675888
D_R_43022,chck_80M,43022,R,random_token_span,8,rand:8:1936,second,,73,75,10.164298057556152,11.287599563598633,1.1233015060424805
D_R_43022,chck_80M,43022,R,random_token_span,8,rand:8:1937,first,,82,84,0.7119695544242859,11.28537654876709,10.573406994342804
D_R_43022,chck_80M,43022,R,random_token_span,8,rand:8:1938,second,,76,78,1.3223661184310913,13.442042350769043,12.119676232337952
D_R_43022,chck_80M,43022,R,random_token_span,8,rand:8:1939,first,,87,89,1.1091277599334717,8.651906967163086,7.542779207229614
D_R_43022,chck_80M,43022,R,random_token_span,8,rand:8:1940,second,,95,97,0.6484089493751526,11.3657808303833,10.717371881008148
D_R_43022,chck_80M,43022,R,random_token_span,8,rand:8:1941,first,,84,86,3.1291306018829346,16.172639846801758,13.043509244918823
D_R_43022,chck_80M,43022,R,random_token_span,8,rand:8:1942,second,,79,81,0.14226064085960388,9.53904914855957,9.396788507699966
D_R_43022,chck_80M,43022,R,random_token_span,8,rand:8:1943,first,,108,110,11.993024826049805,12.810009002685547,0.8169841766357422
D_R_43022,chck_80M,43022,R,random_token_span,8,rand:8:1944,second,,74,76,12.698835372924805,12.605926513671875,-0.09290885925292969
D_R_43022,chck_80M,43022,R,random_token_span,8,rand:8:1945,first,,67,69,11.540573120117188,13.471345901489258,1.9307727813720703
D_R_43022,chck_80M,43022,R,random_token_span,8,rand:8:1946,second,,86,88,3.7432851791381836,12.105525970458984,8.3622407913208
D_R_43022,chck_80M,43022,R,random_token_span,8,rand:8:1947,first,,63,65,1.5475716590881348,13.305781364440918,11.758209705352783
D_R_43022,chck_80M,43022,R,random_token_span,8,rand:8:1948,second,,74,76,0.07263503968715668,12.978450775146484,12.905815735459328
D_R_43022,chck_80M,43022,R,random_token_span,8,rand:8:1949,first,,91,93,0.05953841283917427,11.251489639282227,11.191951226443052
D_R_43022,chck_80M,43022,R,random_token_span,8,rand:8:1950,second,,78,80,9.604304313659668,12.351106643676758,2.74680233001709
D_R_43022,chck_80M,43022,R,random_token_span,8,rand:8:1951,first,,86,88,0.04659152776002884,13.201229095458984,13.154637567698956
D_R_43022,chck_80M,43022,R,random_token_span,8,rand:8:1952,second,,84,86,1.7835346460342407,12.494864463806152,10.711329817771912
D_R_43022,chck_80M,43022,R,random_token_span,8,rand:8:1953,first,,67,69,0.094415083527565,8.616270065307617,8.521854981780052
D_R_43022,chck_80M,43022,R,random_token_span,8,rand:8:1954,second,,87,89,4.655064582824707,12.496426582336426,7.841361999511719
D_R_43022,chck_80M,43022,R,random_token_span,8,rand:8:1955,first,,87,89,0.048922374844551086,9.442252159118652,9.393329784274101
D_R_43022,chck_80M,43022,R,random_token_span,8,rand:8:1956,second,,79,81,0.5033430457115173,14.544377326965332,14.041034281253815
D_R_43022,chck_80M,43022,R,random_token_span,8,rand:8:1957,first,,100,102,0.05811218172311783,9.327315330505371,9.269203148782253
D_R_43022,chck_80M,43022,R,random_token_span,8,rand:8:1958,second,,91,93,3.7848141193389893,12.9669828414917,9.18216872215271
D_R_43022,chck_80M,43022,R,random_token_span,8,rand:8:1959,first,,90,92,11.450237274169922,15.221454620361328,3.7712173461914062
D_R_43022,chck_80M,43022,R,random_token_span,8,rand:8:1960,second,,72,74,0.2932407855987549,11.524691581726074,11.23145079612732
D_R_43022,chck_80M,43022,R,random_token_span,8,rand:8:1961,first,,78,80,1.304695725440979,13.149496078491211,11.844800353050232
D_R_43022,chck_80M,43022,R,random_token_span,8,rand:8:1962,second,,84,86,0.3349767327308655,10.184864044189453,9.849887311458588
D_R_43022,chck_80M,43022,R,random_token_span,8,rand:8:1963,first,,90,92,0.2037544697523117,9.252815246582031,9.04906077682972
D_R_43022,chck_80M,43022,R,random_token_span,8,rand:8:1964,second,,86,88,4.513084411621094,13.140242576599121,8.627158164978027
D_R_43022,chck_80M,43022,R,random_token_span,8,rand:8:1965,first,,93,95,1.763383150100708,12.141788482666016,10.378405332565308
D_R_43022,chck_80M,43022,R,random_token_span,8,rand:8:1966,second,,75,77,2.566312551498413,15.739986419677734,13.173673868179321
D_R_43022,chck_80M,43022,R,random_token_span,8,rand:8:1967,first,,97,99,0.04146239161491394,13.529767990112305,13.48830559849739
D_R_43022,chck_80M,43022,R,random_token_span,8,rand:8:1968,second,,76,78,1.103878378868103,15.620918273925781,14.517039895057678
D_R_43022,chck_80M,43022,R,random_token_span,8,rand:8:1969,first,,86,88,0.4211227297782898,11.98186206817627,11.56073933839798
D_R_43022,chck_80M,43022,R,random_token_span,8,rand:8:1970,second,,89,91,0.6167057752609253,13.741927146911621,13.125221371650696
D_R_43022,chck_80M,43022,R,random_token_span,8,rand:8:1971,first,,82,84,1.7675259113311768,13.075575828552246,11.30804991722107
D_R_43022,chck_80M,43022,R,random_token_span,8,rand:8:1972,second,,72,74,0.2581217586994171,11.178994178771973,10.920872420072556
D_R_43022,chck_80M,43022,R,random_token_span,8,rand:8:1973,first,,81,83,0.20565514266490936,14.078193664550781,13.872538521885872
D_R_43022,chck_80M,43022,R,random_token_span,8,rand:8:1974,second,,51,53,0.05821745842695236,12.548290252685547,12.490072794258595
D_R_43022,chck_80M,43022,R,random_token_span,8,rand:8:1975,first,,75,77,5.890469551086426,17.94439697265625,12.053927421569824
D_R_43022,chck_80M,43022,R,random_token_span,8,rand:8:1976,second,,80,82,0.17220906913280487,12.860258102416992,12.688049033284187
D_R_43022,chck_80M,43022,R,random_token_span,8,rand:8:1977,first,,65,67,0.09405891597270966,11.109098434448242,11.015039518475533
D_R_43022,chck_80M,43022,R,random_token_span,8,rand:8:1978,second,,89,91,1.461480736732483,13.763422012329102,12.301941275596619
D_R_43022,chck_80M,43022,R,random_token_span,8,rand:8:1979,first,,81,83,0.09715332090854645,10.940910339355469,10.843757018446922
D_R_43022,chck_80M,43022,R,random_token_span,8,rand:8:1980,second,,54,56,0.04966450482606888,11.147951126098633,11.098286621272564
D_R_43022,chck_80M,43022,R,random_token_span,8,rand:8:1981,first,,53,55,0.1345616728067398,8.208624839782715,8.074063166975975
D_R_43022,chck_80M,43022,R,random_token_span,8,rand:8:1982,second,,101,103,1.5653941631317139,14.793672561645508,13.228278398513794
D_R_43022,chck_80M,43022,R,random_token_span,8,rand:8:1983,first,,64,66,1.2399401664733887,9.898433685302734,8.658493518829346
D_R_43022,chck_80M,43022,R,random_token_span,8,rand:8:1984,second,,87,89,0.5479780435562134,13.419435501098633,12.87145745754242
D_R_43022,chck_80M,43022,R,random_token_span,8,rand:8:1985,first,,87,89,0.03380182757973671,8.296683311462402,8.262881483882666
D_R_43022,chck_80M,43022,R,random_token_span,8,rand:8:1986,second,,58,60,0.0686468631029129,10.881009101867676,10.812362238764763
D_R_43022,chck_80M,43022,R,random_token_span,8,rand:8:1987,first,,67,69,12.475316047668457,12.114032745361328,-0.3612833023071289
D_R_43022,chck_80M,43022,R,random_token_span,8,rand:8:1988,second,,76,78,0.1145668476819992,10.248479843139648,10.13391299545765
D_R_43022,chck_80M,43022,R,random_token_span,8,rand:8:1989,first,,63,65,0.02599954791367054,8.308775901794434,8.282776353880763
D_R_43022,chck_80M,43022,R,random_token_span,8,rand:8:1990,second,,91,93,10.444499015808105,17.811065673828125,7.3665666580200195
D_R_43022,chck_80M,43022,R,random_token_span,8,rand:8:1991,first,,62,64,1.4275667667388916,12.902539253234863,11.474972486495972
D_R_43022,chck_80M,43022,R,random_token_span,8,rand:8:1992,second,,75,77,0.026674382388591766,9.869169235229492,9.8424948528409
D_R_43022,chck_80M,43022,R,random_token_span,8,rand:8:1993,first,,67,69,0.34472033381462097,12.44558048248291,12.10086014866829
D_R_43022,chck_80M,43022,R,random_token_span,8,rand:8:1994,second,,75,77,0.5505977869033813,9.365922927856445,8.815325140953064
D_R_43022,chck_80M,43022,R,random_token_span,8,rand:8:1995,first,,75,77,2.9057130813598633,12.15798282623291,9.252269744873047
D_R_43022,chck_80M,43022,R,random_token_span,8,rand:8:1996,second,,83,85,0.0731387585401535,10.593423843383789,10.520285084843636
D_R_43022,chck_80M,43022,R,random_token_span,8,rand:8:1997,first,,88,90,3.7099835872650146,15.062763214111328,11.352779626846313
D_R_43022,chck_80M,43022,R,random_token_span,8,rand:8:1998,second,,80,82,2.3640313148498535,16.602611541748047,14.238580226898193
D_R_43022,chck_80M,43022,R,random_token_span,8,rand:8:1999,first,,75,77,0.1752193719148636,12.801782608032227,12.626563236117363
D_R_43022,chck_80M,43022,R,random_token_span,8,rand:8:2000,second,,79,81,1.7803919315338135,9.462318420410156,7.681926488876343
D_R_43022,chck_80M,43022,R,random_token_span,8,rand:8:2001,first,,76,78,0.3702637851238251,9.334044456481934,8.963780671358109
D_R_43022,chck_80M,43022,R,random_token_span,8,rand:8:2002,second,,69,71,0.1691967248916626,13.582039833068848,13.412843108177185
D_R_43022,chck_80M,43022,R,random_token_span,8,rand:8:2003,first,,78,80,0.03570125624537468,12.544219970703125,12.50851871445775
D_R_43022,chck_80M,43022,R,random_token_span,8,rand:8:2004,second,,78,80,11.068145751953125,13.690560340881348,2.6224145889282227
D_R_43022,chck_80M,43022,R,random_token_span,8,rand:8:2005,first,,72,74,8.189438819885254,11.65346908569336,3.4640302658081055
D_R_43022,chck_80M,43022,R,random_token_span,8,rand:8:2006,second,,56,58,0.6618121862411499,10.907800674438477,10.245988488197327
D_R_43022,chck_80M,43022,R,random_token_span,8,rand:8:2007,first,,104,106,5.963291645050049,9.86709213256836,3.9038004875183105
D_R_43022,chck_80M,43022,R,random_token_span,8,rand:8:2008,second,,78,80,8.6287841796875,15.16038990020752,6.5316057205200195
D_R_43022,chck_80M,43022,R,random_token_span,8,rand:8:2009,first,,63,65,8.9439115524292,10.688440322875977,1.7445287704467773
D_R_43022,chck_80M,43022,R,random_token_span,8,rand:8:2010,second,,71,73,0.05412517860531807,6.844052791595459,6.789927612990141
D_R_43022,chck_80M,43022,R,random_token_span,8,rand:8:2011,first,,90,92,12.7293701171875,14.3923921585083,1.6630220413208008
D_R_43022,chck_80M,43022,R,random_token_span,8,rand:8:2012,second,,70,72,0.6882198452949524,15.878414154052734,15.190194308757782
D_R_43022,chck_80M,43022,R,random_token_span,8,rand:8:2013,first,,78,80,9.961685180664062,10.362597465515137,0.4009122848510742
D_R_43022,chck_80M,43022,R,random_token_span,8,rand:8:2014,second,,78,80,5.3832855224609375,11.045109748840332,5.6618242263793945
D_R_43022,chck_80M,43022,R,random_token_span,8,rand:8:2015,first,,75,77,0.22257080674171448,10.988678932189941,10.766108125448227
D_R_43022,chck_80M,43022,R,random_token_span,8,rand:8:2016,second,,91,93,0.4208039343357086,11.231433868408203,10.810629934072495
D_R_43022,chck_80M,43022,R,random_token_span,8,rand:8:2017,first,,63,65,3.117597818374634,10.659758567810059,7.542160749435425
D_R_43022,chck_80M,43022,R,random_token_span,8,rand:8:2018,second,,77,79,1.1180459260940552,14.937501907348633,13.819455981254578
D_R_43022,chck_80M,43022,R,random_token_span,8,rand:8:2019,first,,66,68,0.10449834167957306,11.998435974121094,11.89393763244152
D_R_43022,chck_80M,43022,R,random_token_span,8,rand:8:2020,second,,75,77,4.03425931930542,11.65656852722168,7.62230920791626
D_R_43022,chck_80M,43022,R,random_token_span,8,rand:8:2021,first,,91,93,0.17810073494911194,7.266903877258301,7.088803142309189
D_R_43022,chck_80M,43022,R,random_token_span,8,rand:8:2022,second,,84,86,6.357872009277344,12.414609909057617,6.056737899780273
D_R_43022,chck_80M,43022,R,random_token_span,8,rand:8:2023,first,,80,82,0.01970723643898964,5.780398845672607,5.760691609233618
D_R_43022,chck_80M,43022,R,random_token_span,8,rand:8:2024,second,,62,64,3.476210594177246,11.404377937316895,7.928167343139648
D_R_43022,chck_80M,43022,R,random_token_span,8,rand:8:2025,first,,86,88,8.716532707214355,11.293701171875,2.5771684646606445
D_R_43022,chck_80M,43022,R,random_token_span,8,rand:8:2026,second,,78,80,0.342312216758728,11.99979305267334,11.657480835914612
D_R_43022,chck_80M,43022,R,random_token_span,8,rand:8:2027,first,,83,85,3.261324405670166,18.11603355407715,14.854709148406982
D_R_43022,chck_80M,43022,R,random_token_span,8,rand:8:2028,second,,97,99,1.9059042930603027,11.838322639465332,9.93241834640503
D_R_43022,chck_80M,43022,R,random_token_span,8,rand:8:2029,first,,73,75,0.10387340933084488,7.9200053215026855,7.816131912171841
D_R_43022,chck_80M,43022,R,random_token_span,8,rand:8:2030,second,,79,81,6.475004196166992,11.333671569824219,4.858667373657227
D_R_43022,chck_80M,43022,R,random_token_span,8,rand:8:2031,first,,96,98,12.052946090698242,12.224467277526855,0.17152118682861328
D_R_43022,chck_80M,43022,R,random_token_span,8,rand:8:2032,second,,79,81,0.11675508320331573,16.802331924438477,16.68557684123516
D_R_43022,chck_80M,43022,R,random_token_span,8,rand:8:2033,first,,79,81,0.040794603526592255,10.065221786499023,10.024427182972431
D_R_43022,chck_80M,43022,R,random_token_span,8,rand:8:2034,second,,81,83,0.2492041438817978,11.2205810546875,10.971376910805702
D_R_43022,chck_80M,43022,R,random_token_span,8,rand:8:2035,first,,70,72,2.8976330757141113,8.872365951538086,5.974732875823975
D_R_43022,chck_80M,43022,R,random_token_span,8,rand:8:2036,second,,60,62,7.437918663024902,11.41637897491455,3.9784603118896484
D_R_43022,chck_80M,43022,R,random_token_span,8,rand:8:2037,first,,85,87,0.6962260007858276,10.762924194335938,10.06669819355011
D_R_43022,chck_80M,43022,R,random_token_span,8,rand:8:2038,second,,67,69,0.4895192086696625,15.113438606262207,14.623919397592545
D_R_43022,chck_80M,43022,R,random_token_span,8,rand:8:2039,first,,69,71,0.1430259346961975,10.03845500946045,9.895429074764252
D_R_43022,chck_80M,43022,R,random_token_span,8,rand:8:2040,second,,82,84,0.25431564450263977,7.803662300109863,7.5493466556072235
D_R_43022,chck_80M,43022,R,random_token_span,8,rand:8:2041,first,,63,65,0.10882415622472763,11.837163925170898,11.72833976894617
D_R_43022,chck_80M,43022,R,random_token_span,8,rand:8:2042,second,,75,77,14.243043899536133,14.385972023010254,0.1429281234741211
D_R_43022,chck_80M,43022,R,random_token_span,8,rand:8:2043,first,,85,87,0.08458441495895386,13.001094818115234,12.91651040315628
D_R_43022,chck_80M,43022,R,random_token_span,8,rand:8:2044,second,,94,96,2.0226030349731445,13.346698760986328,11.324095726013184
D_R_43022,chck_80M,43022,R,random_token_span,8,rand:8:2045,first,,96,98,0.02319326624274254,11.009063720703125,10.985870454460382
D_R_43022,chck_80M,43022,R,random_token_span,8,rand:8:2046,second,,93,95,2.942253589630127,14.025301933288574,11.083048343658447
D_R_43022,chck_80M,43022,R,random_token_span,8,rand:8:2047,first,,73,75,0.853694498538971,11.499314308166504,10.645619809627533
D_R_43022,chck_80M,43022,R,random_token_span,8,rand:8:2048,second,,92,94,3.291551351547241,12.043964385986328,8.752413034439087
D_R_43022,chck_80M,43022,R,random_token_span,8,rand:8:2049,first,,78,80,7.130488395690918,14.601020812988281,7.470532417297363
D_R_43022,chck_80M,43022,R,random_token_span,8,rand:8:2050,second,,95,97,2.5171334743499756,13.983621597290039,11.466488122940063
D_R_43022,chck_80M,43022,R,random_token_span,8,rand:8:2051,first,,57,59,0.947771430015564,13.266969680786133,12.319198250770569
D_R_43022,chck_80M,43022,R,random_token_span,8,rand:8:2052,second,,85,87,0.08399578928947449,10.158360481262207,10.074364691972733
D_R_43022,chck_80M,43022,R,random_token_span,8,rand:8:2053,first,,73,75,0.28288716077804565,11.372657775878906,11.08977061510086
D_R_43022,chck_80M,43022,R,random_token_span,8,rand:8:2054,second,,88,90,1.6444685459136963,9.771890640258789,8.127422094345093
D_R_43022,chck_80M,43022,R,random_token_span,8,rand:8:2055,first,,66,68,5.056694984436035,13.227895736694336,8.1712007522583
D_R_43022,chck_80M,43022,R,random_token_span,8,rand:8:2056,second,,77,79,0.0220736525952816,9.267865180969238,9.245791528373957
D_R_43022,chck_80M,43022,R,random_token_span,8,rand:8:2057,first,,73,75,2.30637526512146,13.582667350769043,11.276292085647583
D_R_43022,chck_80M,43022,R,random_token_span,8,rand:8:2058,second,,73,75,0.08002711832523346,11.904369354248047,11.824342235922813
D_R_43022,chck_80M,43022,R,random_token_span,8,rand:8:2059,first,,63,65,0.17400674521923065,11.041275024414062,10.867268279194832
D_R_43022,chck_80M,43022,R,random_token_span,8,rand:8:2060,second,,89,91,11.662339210510254,14.233012199401855,2.5706729888916016
D_R_43022,chck_80M,43022,R,random_token_span,8,rand:8:2061,first,,82,84,0.06705578416585922,12.319969177246094,12.252913393080235
D_R_43022,chck_80M,43022,R,random_token_span,8,rand:8:2062,second,,81,83,0.006970019545406103,12.598701477050781,12.591731457505375
D_R_43022,chck_80M,43022,R,random_token_span,8,rand:8:2063,first,,91,93,1.3247770071029663,11.979872703552246,10.65509569644928
D_R_43022,chck_80M,43022,R,random_token_span,8,rand:8:2064,second,,82,84,0.09356627613306046,10.656721115112305,10.563154838979244
D_R_43022,chck_80M,43022,R,random_token_span,8,rand:8:2065,first,,93,95,0.2724209725856781,11.945839881896973,11.673418909311295
D_R_43022,chck_80M,43022,R,random_token_span,8,rand:8:2066,second,,81,83,12.48977279663086,13.887734413146973,1.3979616165161133
D_R_43022,chck_80M,43022,R,random_token_span,8,rand:8:2067,first,,72,74,4.6176300048828125,9.206010818481445,4.588380813598633
D_R_43022,chck_80M,43022,R,random_token_span,8,rand:8:2068,second,,65,67,1.0069786310195923,11.88958740234375,10.882608771324158
D_R_43022,chck_80M,43022,R,random_token_span,8,rand:8:2069,first,,93,95,12.584810256958008,14.150233268737793,1.5654230117797852
D_R_43022,chck_80M,43022,R,random_token_span,8,rand:8:2070,second,,82,84,2.752336263656616,12.406730651855469,9.654394388198853
D_R_43022,chck_80M,43022,R,random_token_span,8,rand:8:2071,first,,67,69,7.963657855987549,13.939399719238281,5.975741863250732
D_R_43022,chck_80M,43022,R,random_token_span,8,rand:8:2072,second,,66,68,3.734879970550537,10.419143676757812,6.684263706207275
D_R_43022,chck_80M,43022,R,random_token_span,8,rand:8:2073,first,,66,68,1.124287486076355,13.819480895996094,12.695193409919739
D_R_43022,chck_80M,43022,R,random_token_span,8,rand:8:2074,second,,76,78,0.07998750358819962,9.504868507385254,9.424881003797054
D_R_43022,chck_80M,43022,R,random_token_span,8,rand:8:2075,first,,88,90,0.057842083275318146,11.603829383850098,11.54598730057478
D_R_43022,chck_80M,43022,R,random_token_span,8,rand:8:2076,second,,77,79,8.15701675415039,14.288378715515137,6.131361961364746
D_R_43022,chck_80M,43022,R,random_token_span,8,rand:8:2077,first,,95,97,0.0765724703669548,11.804288864135742,11.727716393768787
D_R_43022,chck_80M,43022,R,random_token_span,8,rand:8:2078,second,,82,84,3.2207088470458984,13.099204063415527,9.878495216369629
D_R_43022,chck_80M,43022,R,random_token_span,8,rand:8:2079,first,,88,90,0.17041108012199402,10.446812629699707,10.276401549577713
D_R_43022,chck_80M,43022,R,random_token_span,8,rand:8:2080,second,,95,97,0.40083736181259155,11.673179626464844,11.272342264652252
D_R_43022,chck_80M,43022,R,random_token_span,8,rand:8:2081,first,,74,76,3.943892002105713,14.5819730758667,10.638081073760986
D_R_43022,chck_80M,43022,R,random_token_span,8,rand:8:2082,second,,68,70,1.70750892162323,15.308780670166016,13.601271748542786
D_R_43022,chck_80M,43022,R,random_token_span,8,rand:8:2083,first,,74,76,0.04285373538732529,12.035789489746094,11.992935754358768
D_R_43022,chck_80M,43022,R,random_token_span,8,rand:8:2084,second,,96,98,0.5944653749465942,14.0704345703125,13.475969195365906
D_R_43022,chck_80M,43022,R,random_token_span,8,rand:8:2085,first,,76,78,0.05385490506887436,10.693632125854492,10.639777220785618
D_R_43022,chck_80M,43022,R,random_token_span,8,rand:8:2086,second,,75,77,11.332681655883789,13.222139358520508,1.8894577026367188
D_R_43022,chck_80M,43022,R,random_token_span,8,rand:8:2087,first,,69,71,13.726238250732422,14.072649955749512,0.34641170501708984
D_R_43022,chck_80M,43022,R,random_token_span,8,rand:8:2088,second,,73,75,0.4596867561340332,13.42943286895752,12.969746112823486
D_R_43022,chck_80M,43022,R,random_token_span,8,rand:8:2089,first,,85,87,10.035228729248047,14.340794563293457,4.30556583404541
D_R_43022,chck_80M,43022,R,random_token_span,8,rand:8:2090,second,,74,76,0.05056510120630264,13.055939674377441,13.005374573171139
D_R_43022,chck_80M,43022,R,random_token_span,8,rand:8:2091,first,,76,78,3.243022918701172,12.157307624816895,8.914284706115723
D_R_43022,chck_80M,43022,R,random_token_span,8,rand:8:2092,second,,99,101,0.09931270778179169,11.357403755187988,11.258091047406197
D_R_43022,chck_80M,43022,R,random_token_span,8,rand:8:2093,first,,82,84,0.32700806856155396,10.530252456665039,10.203244388103485
D_R_43022,chck_80M,43022,R,random_token_span,8,rand:8:2094,second,,81,83,2.5021214485168457,13.583911895751953,11.081790447235107
D_R_43022,chck_80M,43022,R,random_token_span,8,rand:8:2095,first,,92,94,0.8279038071632385,11.495680809020996,10.667777001857758
D_R_43022,chck_80M,43022,R,random_token_span,8,rand:8:2096,second,,72,74,0.219401016831398,14.872610092163086,14.653209075331688
D_R_43022,chck_80M,43022,R,random_token_span,8,rand:8:2097,first,,81,83,0.20796836912631989,15.78215217590332,15.574183806777
D_R_43022,chck_80M,43022,R,random_token_span,8,rand:8:2098,second,,87,89,0.15622416138648987,13.916153907775879,13.759929746389389
D_R_43022,chck_80M,43022,R,random_token_span,8,rand:8:2099,first,,65,67,7.213008403778076,10.993243217468262,3.7802348136901855
