frame_id,base_id,condition,family,object,alt_a,alt_b,delta1,delta2,signed_c1,signed_c2,interaction,min_signed_margin,crossed_success,same_a_bias,same_b_bias,target_word_free_context
OD_00001,BASE_0001,none,empty_full,glass,empty,full,-0.4511127471923828,-0.4511127471923828,-0.4511127471923828,0.4511127471923828,0.0,-0.4511127471923828,False,False,True,False
OD_00002,BASE_0001,prior_only_contradict,empty_full,glass,empty,full,-8.23695021867752,5.593918740749359,-8.23695021867752,-5.593918740749359,-13.83086895942688,-8.23695021867752,False,False,False,False
OD_00003,BASE_0001,action_only,empty_full,glass,empty,full,1.6105127334594727,0.5379066467285156,1.6105127334594727,-0.5379066467285156,1.072606086730957,-0.5379066467285156,False,True,False,False
OD_00004,BASE_0001,action_distance,empty_full,glass,empty,full,1.2283883094787598,0.7745733261108398,1.2283883094787598,-0.7745733261108398,0.4538149833679199,-0.7745733261108398,False,True,False,False
OD_00005,BASE_0001,contradict_adjacent,empty_full,glass,empty,full,-7.618849791586399,5.509199887514114,-7.618849791586399,-5.509199887514114,-13.128049679100513,-7.618849791586399,False,False,False,False
OD_00006,BASE_0001,contradict_then,empty_full,glass,empty,full,-7.410346269607544,5.423157870769501,-7.410346269607544,-5.423157870769501,-12.833504140377045,-7.410346269607544,False,False,False,False
OD_00007,BASE_0001,contradict_distance,empty_full,glass,empty,full,-6.0424540638923645,3.7890796065330505,-6.0424540638923645,-3.7890796065330505,-9.831533670425415,-6.0424540638923645,False,False,False,False
OD_00008,BASE_0001,consistent_adjacent,empty_full,glass,empty,full,6.032489940524101,-7.546493753790855,6.032489940524101,7.546493753790855,13.578983694314957,6.032489940524101,True,False,False,False
OD_00009,BASE_0001,explicit_override_direct,empty_full,glass,empty,full,3.654126137495041,-6.070191275328398,3.654126137495041,6.070191275328398,9.724317412823439,3.654126137495041,True,False,False,False
OD_00010,BASE_0001,tf_prior_only_contradict,empty_full,glass,empty,full,1.3463044166564941,-0.5464181900024414,1.3463044166564941,0.5464181900024414,1.8927226066589355,0.5464181900024414,True,False,False,True
OD_00011,BASE_0001,tf_action_only,empty_full,glass,empty,full,1.5970025062561035,0.6295461654663086,1.5970025062561035,-0.6295461654663086,0.9674563407897949,-0.6295461654663086,False,True,False,True
OD_00012,BASE_0001,tf_contradict_adjacent,empty_full,glass,empty,full,1.2002835273742676,-0.08680915832519531,1.2002835273742676,0.08680915832519531,1.287092685699463,0.08680915832519531,True,False,False,True
OD_00013,BASE_0001,tf_contradict_distance,empty_full,glass,empty,full,1.1073403358459473,1.1827187538146973,1.1073403358459473,-1.1827187538146973,-0.07537841796875,-1.1827187538146973,False,True,False,True
OD_00014,BASE_0002,none,empty_full,glass,empty,full,-0.4511127471923828,-0.4511127471923828,-0.4511127471923828,0.4511127471923828,0.0,-0.4511127471923828,False,False,True,False
OD_00015,BASE_0002,prior_only_contradict,empty_full,glass,empty,full,-8.23695021867752,5.593918740749359,-8.23695021867752,-5.593918740749359,-13.83086895942688,-8.23695021867752,False,False,False,False
OD_00016,BASE_0002,action_only,empty_full,glass,empty,full,1.1444692611694336,0.2585268020629883,1.1444692611694336,-0.2585268020629883,0.8859424591064453,-0.2585268020629883,False,True,False,False
OD_00017,BASE_0002,action_distance,empty_full,glass,empty,full,1.1157522201538086,0.5450563430786133,1.1157522201538086,-0.5450563430786133,0.5706958770751953,-0.5450563430786133,False,True,False,False
OD_00018,BASE_0002,contradict_adjacent,empty_full,glass,empty,full,-7.534413807094097,5.516174226999283,-7.534413807094097,-5.516174226999283,-13.05058803409338,-7.534413807094097,False,False,False,False
OD_00019,BASE_0002,contradict_then,empty_full,glass,empty,full,-7.398775868117809,5.529799431562424,-7.398775868117809,-5.529799431562424,-12.928575299680233,-7.398775868117809,False,False,False,False
OD_00020,BASE_0002,contradict_distance,empty_full,glass,empty,full,-5.988086372613907,3.7144185304641724,-5.988086372613907,-3.7144185304641724,-9.70250490307808,-5.988086372613907,False,False,False,False
OD_00021,BASE_0002,consistent_adjacent,empty_full,glass,empty,full,6.053194895386696,-7.673037864267826,6.053194895386696,7.673037864267826,13.726232759654522,6.053194895386696,True,False,False,False
OD_00022,BASE_0002,explicit_override_direct,empty_full,glass,empty,full,3.654126137495041,-6.070191275328398,3.654126137495041,6.070191275328398,9.724317412823439,3.654126137495041,True,False,False,False
OD_00023,BASE_0002,tf_prior_only_contradict,empty_full,glass,empty,full,1.3463044166564941,-0.5464181900024414,1.3463044166564941,0.5464181900024414,1.8927226066589355,0.5464181900024414,True,False,False,True
OD_00024,BASE_0002,tf_action_only,empty_full,glass,empty,full,1.140326976776123,0.4721665382385254,1.140326976776123,-0.4721665382385254,0.6681604385375977,-0.4721665382385254,False,True,False,True
OD_00025,BASE_0002,tf_contradict_adjacent,empty_full,glass,empty,full,1.013702392578125,-0.12421131134033203,1.013702392578125,0.12421131134033203,1.137913703918457,0.12421131134033203,True,False,False,True
OD_00026,BASE_0002,tf_contradict_distance,empty_full,glass,empty,full,1.0111632347106934,1.1304926872253418,1.0111632347106934,-1.1304926872253418,-0.11932945251464844,-1.1304926872253418,False,True,False,True
OD_00027,BASE_0003,none,empty_full,glass,empty,full,-0.4511127471923828,-0.4511127471923828,-0.4511127471923828,0.4511127471923828,0.0,-0.4511127471923828,False,False,True,False
OD_00028,BASE_0003,prior_only_contradict,empty_full,glass,empty,full,-8.23695021867752,5.593918740749359,-8.23695021867752,-5.593918740749359,-13.83086895942688,-8.23695021867752,False,False,False,False
OD_00029,BASE_0003,action_only,empty_full,glass,empty,full,1.038228988647461,-0.5070047378540039,1.038228988647461,0.5070047378540039,1.5452337265014648,0.5070047378540039,True,False,False,False
OD_00030,BASE_0003,action_distance,empty_full,glass,empty,full,0.8752532005310059,0.261568546295166,0.8752532005310059,-0.261568546295166,0.6136846542358398,-0.261568546295166,False,True,False,False
OD_00031,BASE_0003,contradict_adjacent,empty_full,glass,empty,full,-7.914394862949848,5.125091522932053,-7.914394862949848,-5.125091522932053,-13.0394863858819,-7.914394862949848,False,False,False,False
OD_00032,BASE_0003,contradict_then,empty_full,glass,empty,full,-7.715335510671139,5.242989420890808,-7.715335510671139,-5.242989420890808,-12.958324931561947,-7.715335510671139,False,False,False,False
OD_00033,BASE_0003,contradict_distance,empty_full,glass,empty,full,-6.232446804642677,3.4914809465408325,-6.232446804642677,-3.4914809465408325,-9.72392775118351,-6.232446804642677,False,False,False,False
OD_00034,BASE_0003,consistent_adjacent,empty_full,glass,empty,full,5.8864870220422745,-7.864828921854496,5.8864870220422745,7.864828921854496,13.75131594389677,5.8864870220422745,True,False,False,False
OD_00035,BASE_0003,explicit_override_direct,empty_full,glass,empty,full,3.654126137495041,-6.070191275328398,3.654126137495041,6.070191275328398,9.724317412823439,3.654126137495041,True,False,False,False
OD_00036,BASE_0003,tf_prior_only_contradict,empty_full,glass,empty,full,1.3463044166564941,-0.5464181900024414,1.3463044166564941,0.5464181900024414,1.8927226066589355,0.5464181900024414,True,False,False,True
OD_00037,BASE_0003,tf_action_only,empty_full,glass,empty,full,0.8238925933837891,0.1132659912109375,0.8238925933837891,-0.1132659912109375,0.7106266021728516,-0.1132659912109375,False,True,False,True
OD_00038,BASE_0003,tf_contradict_adjacent,empty_full,glass,empty,full,0.747736930847168,-0.479339599609375,0.747736930847168,0.479339599609375,1.227076530456543,0.479339599609375,True,False,False,True
OD_00039,BASE_0003,tf_contradict_distance,empty_full,glass,empty,full,0.8039417266845703,0.8920907974243164,0.8039417266845703,-0.8920907974243164,-0.0881490707397461,-0.8920907974243164,False,True,False,True
OD_00040,BASE_0004,none,empty_full,glass,empty,full,-0.4511127471923828,-0.4511127471923828,-0.4511127471923828,0.4511127471923828,0.0,-0.4511127471923828,False,False,True,False
OD_00041,BASE_0004,prior_only_contradict,empty_full,glass,empty,full,-8.23695021867752,5.593918740749359,-8.23695021867752,-5.593918740749359,-13.83086895942688,-8.23695021867752,False,False,False,False
OD_00042,BASE_0004,action_only,empty_full,glass,empty,full,1.7871451377868652,0.7178430557250977,1.7871451377868652,-0.7178430557250977,1.0693020820617676,-0.7178430557250977,False,True,False,False
OD_00043,BASE_0004,action_distance,empty_full,glass,empty,full,1.206040382385254,0.7904624938964844,1.206040382385254,-0.7904624938964844,0.41557788848876953,-0.7904624938964844,False,True,False,False
OD_00044,BASE_0004,contradict_adjacent,empty_full,glass,empty,full,-7.645003393292427,5.581609770655632,-7.645003393292427,-5.581609770655632,-13.226613163948059,-7.645003393292427,False,False,False,False
OD_00045,BASE_0004,contradict_then,empty_full,glass,empty,full,-7.495582588016987,5.605610802769661,-7.495582588016987,-5.605610802769661,-13.101193390786648,-7.495582588016987,False,False,False,False
OD_00046,BASE_0004,contradict_distance,empty_full,glass,empty,full,-6.0262439250946045,3.8859214186668396,-6.0262439250946045,-3.8859214186668396,-9.912165343761444,-6.0262439250946045,False,False,False,False
OD_00047,BASE_0004,consistent_adjacent,empty_full,glass,empty,full,6.1306325644254684,-7.614318009465933,6.1306325644254684,7.614318009465933,13.744950573891401,6.1306325644254684,True,False,False,False
OD_00048,BASE_0004,explicit_override_direct,empty_full,glass,empty,full,3.654126137495041,-6.070191275328398,3.654126137495041,6.070191275328398,9.724317412823439,3.654126137495041,True,False,False,False
OD_00049,BASE_0004,tf_prior_only_contradict,empty_full,glass,empty,full,1.3463044166564941,-0.5464181900024414,1.3463044166564941,0.5464181900024414,1.8927226066589355,0.5464181900024414,True,False,False,True
OD_00050,BASE_0004,tf_action_only,empty_full,glass,empty,full,1.7230048179626465,0.7337794303894043,1.7230048179626465,-0.7337794303894043,0.9892253875732422,-0.7337794303894043,False,True,False,True
OD_00051,BASE_0004,tf_contradict_adjacent,empty_full,glass,empty,full,1.319591999053955,0.007500648498535156,1.319591999053955,-0.007500648498535156,1.31209135055542,-0.007500648498535156,False,True,False,True
OD_00052,BASE_0004,tf_contradict_distance,empty_full,glass,empty,full,1.1294450759887695,1.1987075805664062,1.1294450759887695,-1.1987075805664062,-0.06926250457763672,-1.1987075805664062,False,True,False,True
OD_00053,BASE_0005,none,empty_full,glass,empty,full,-0.4511127471923828,-0.4511127471923828,-0.4511127471923828,0.4511127471923828,0.0,-0.4511127471923828,False,False,True,False
OD_00054,BASE_0005,prior_only_contradict,empty_full,glass,empty,full,-8.23695021867752,5.593918740749359,-8.23695021867752,-5.593918740749359,-13.83086895942688,-8.23695021867752,False,False,False,False
OD_00055,BASE_0005,action_only,empty_full,glass,empty,full,1.1100025177001953,-0.1962900161743164,1.1100025177001953,0.1962900161743164,1.3062925338745117,0.1962900161743164,True,False,False,False
OD_00056,BASE_0005,action_distance,empty_full,glass,empty,full,0.9420738220214844,0.26823997497558594,0.9420738220214844,-0.26823997497558594,0.6738338470458984,-0.26823997497558594,False,True,False,False
OD_00057,BASE_0005,contradict_adjacent,empty_full,glass,empty,full,-7.838368587195873,5.028773486614227,-7.838368587195873,-5.028773486614227,-12.8671420738101,-7.838368587195873,False,False,False,False
OD_00058,BASE_0005,contradict_then,empty_full,glass,empty,full,-7.615414001047611,5.154089108109474,-7.615414001047611,-5.154089108109474,-12.769503109157085,-7.615414001047611,False,False,False,False
OD_00059,BASE_0005,contradict_distance,empty_full,glass,empty,full,-6.143347725272179,3.486393928527832,-6.143347725272179,-3.486393928527832,-9.62974165380001,-6.143347725272179,False,False,False,False
OD_00060,BASE_0005,consistent_adjacent,empty_full,glass,empty,full,5.77849468588829,-7.792413003742695,5.77849468588829,7.792413003742695,13.570907689630985,5.77849468588829,True,False,False,False
OD_00061,BASE_0005,explicit_override_direct,empty_full,glass,empty,full,3.654126137495041,-6.070191275328398,3.654126137495041,6.070191275328398,9.724317412823439,3.654126137495041,True,False,False,False
OD_00062,BASE_0005,tf_prior_only_contradict,empty_full,glass,empty,full,1.3463044166564941,-0.5464181900024414,1.3463044166564941,0.5464181900024414,1.8927226066589355,0.5464181900024414,True,False,False,True
OD_00063,BASE_0005,tf_action_only,empty_full,glass,empty,full,0.8818802833557129,0.28740930557250977,0.8818802833557129,-0.28740930557250977,0.5944709777832031,-0.28740930557250977,False,True,False,True
OD_00064,BASE_0005,tf_contradict_adjacent,empty_full,glass,empty,full,0.8667964935302734,-0.3508491516113281,0.8667964935302734,0.3508491516113281,1.2176456451416016,0.3508491516113281,True,False,False,True
OD_00065,BASE_0005,tf_contradict_distance,empty_full,glass,empty,full,0.8149385452270508,0.9940500259399414,0.8149385452270508,-0.9940500259399414,-0.17911148071289062,-0.9940500259399414,False,True,False,True
OD_00066,BASE_0006,none,empty_full,glass,empty,full,-0.4511127471923828,-0.4511127471923828,-0.4511127471923828,0.4511127471923828,0.0,-0.4511127471923828,False,False,True,False
OD_00067,BASE_0006,prior_only_contradict,empty_full,glass,empty,full,-8.23695021867752,5.593918740749359,-8.23695021867752,-5.593918740749359,-13.83086895942688,-8.23695021867752,False,False,False,False
OD_00068,BASE_0006,action_only,empty_full,glass,empty,full,1.3528032302856445,0.33696460723876953,1.3528032302856445,-0.33696460723876953,1.015838623046875,-0.33696460723876953,False,True,False,False
OD_00069,BASE_0006,action_distance,empty_full,glass,empty,full,1.0614204406738281,0.6577620506286621,1.0614204406738281,-0.6577620506286621,0.403658390045166,-0.6577620506286621,False,True,False,False
OD_00070,BASE_0006,contradict_adjacent,empty_full,glass,empty,full,-7.908898562192917,5.375360399484634,-7.908898562192917,-5.375360399484634,-13.284258961677551,-7.908898562192917,False,False,False,False
OD_00071,BASE_0006,contradict_then,empty_full,glass,empty,full,-7.66065639257431,5.309120908379555,-7.66065639257431,-5.309120908379555,-12.969777300953865,-7.66065639257431,False,False,False,False
OD_00072,BASE_0006,contradict_distance,empty_full,glass,empty,full,-6.252448156476021,3.7145431637763977,-6.252448156476021,-3.7145431637763977,-9.966991320252419,-6.252448156476021,False,False,False,False
OD_00073,BASE_0006,consistent_adjacent,empty_full,glass,empty,full,5.8750220239162445,-7.7381754368543625,5.8750220239162445,7.7381754368543625,13.613197460770607,5.8750220239162445,True,False,False,False
OD_00074,BASE_0006,explicit_override_direct,empty_full,glass,empty,full,3.654126137495041,-6.070191275328398,3.654126137495041,6.070191275328398,9.724317412823439,3.654126137495041,True,False,False,False
OD_00075,BASE_0006,tf_prior_only_contradict,empty_full,glass,empty,full,1.3463044166564941,-0.5464181900024414,1.3463044166564941,0.5464181900024414,1.8927226066589355,0.5464181900024414,True,False,False,True
OD_00076,BASE_0006,tf_action_only,empty_full,glass,empty,full,1.1747245788574219,0.36354875564575195,1.1747245788574219,-0.36354875564575195,0.8111758232116699,-0.36354875564575195,False,True,False,True
OD_00077,BASE_0006,tf_contradict_adjacent,empty_full,glass,empty,full,0.8913841247558594,-0.34021425247192383,0.8913841247558594,0.34021425247192383,1.2315983772277832,0.34021425247192383,True,False,False,True
OD_00078,BASE_0006,tf_contradict_distance,empty_full,glass,empty,full,0.905907154083252,0.9744510650634766,0.905907154083252,-0.9744510650634766,-0.06854391098022461,-0.9744510650634766,False,True,False,True
OD_00079,BASE_0007,none,empty_full,glass,empty,full,-0.4511127471923828,-0.4511127471923828,-0.4511127471923828,0.4511127471923828,0.0,-0.4511127471923828,False,False,True,False
OD_00080,BASE_0007,prior_only_contradict,empty_full,glass,empty,full,-8.23695021867752,5.593918740749359,-8.23695021867752,-5.593918740749359,-13.83086895942688,-8.23695021867752,False,False,False,False
OD_00081,BASE_0007,action_only,empty_full,glass,empty,full,2.058734893798828,0.8459405899047852,2.058734893798828,-0.8459405899047852,1.212794303894043,-0.8459405899047852,False,True,False,False
OD_00082,BASE_0007,action_distance,empty_full,glass,empty,full,1.3726282119750977,0.898594856262207,1.3726282119750977,-0.898594856262207,0.4740333557128906,-0.898594856262207,False,True,False,False
OD_00083,BASE_0007,contradict_adjacent,empty_full,glass,empty,full,-7.543969847261906,5.704418271780014,-7.543969847261906,-5.704418271780014,-13.24838811904192,-7.543969847261906,False,False,False,False
OD_00084,BASE_0007,contradict_then,empty_full,glass,empty,full,-7.444950424134731,5.625824943184853,-7.444950424134731,-5.625824943184853,-13.070775367319584,-7.444950424134731,False,False,False,False
OD_00085,BASE_0007,contradict_distance,empty_full,glass,empty,full,-6.028115436434746,3.8853328824043274,-6.028115436434746,-3.8853328824043274,-9.913448318839073,-6.028115436434746,False,False,False,False
OD_00086,BASE_0007,consistent_adjacent,empty_full,glass,empty,full,6.196003720164299,-7.596486579626799,6.196003720164299,7.596486579626799,13.792490299791098,6.196003720164299,True,False,False,False
OD_00087,BASE_0007,explicit_override_direct,empty_full,glass,empty,full,3.654126137495041,-6.070191275328398,3.654126137495041,6.070191275328398,9.724317412823439,3.654126137495041,True,False,False,False
OD_00088,BASE_0007,tf_prior_only_contradict,empty_full,glass,empty,full,1.3463044166564941,-0.5464181900024414,1.3463044166564941,0.5464181900024414,1.8927226066589355,0.5464181900024414,True,False,False,True
OD_00089,BASE_0007,tf_action_only,empty_full,glass,empty,full,1.9508895874023438,0.7313570976257324,1.9508895874023438,-0.7313570976257324,1.2195324897766113,-0.7313570976257324,False,True,False,True
OD_00090,BASE_0007,tf_contradict_adjacent,empty_full,glass,empty,full,1.4055225849151611,0.11259984970092773,1.4055225849151611,-0.11259984970092773,1.2929227352142334,-0.11259984970092773,False,True,False,True
OD_00091,BASE_0007,tf_contradict_distance,empty_full,glass,empty,full,1.23289155960083,1.2328710556030273,1.23289155960083,-1.2328710556030273,2.0503997802734375e-05,-1.2328710556030273,False,True,False,True
OD_00092,BASE_0008,none,empty_full,glass,empty,full,-0.4511127471923828,-0.4511127471923828,-0.4511127471923828,0.4511127471923828,0.0,-0.4511127471923828,False,False,True,False
OD_00093,BASE_0008,prior_only_contradict,empty_full,glass,empty,full,-8.23695021867752,5.593918740749359,-8.23695021867752,-5.593918740749359,-13.83086895942688,-8.23695021867752,False,False,False,False
OD_00094,BASE_0008,action_only,empty_full,glass,empty,full,1.8022527694702148,0.6812624931335449,1.8022527694702148,-0.6812624931335449,1.12099027633667,-0.6812624931335449,False,True,False,False
OD_00095,BASE_0008,action_distance,empty_full,glass,empty,full,1.2729835510253906,0.7410831451416016,1.2729835510253906,-0.7410831451416016,0.5319004058837891,-0.7410831451416016,False,True,False,False
OD_00096,BASE_0008,contradict_adjacent,empty_full,glass,empty,full,-7.506827227771282,5.701173692941666,-7.506827227771282,-5.701173692941666,-13.208000920712948,-7.506827227771282,False,False,False,False
OD_00097,BASE_0008,contradict_then,empty_full,glass,empty,full,-7.36877017468214,5.623494103550911,-7.36877017468214,-5.623494103550911,-12.992264278233051,-7.36877017468214,False,False,False,False
OD_00098,BASE_0008,contradict_distance,empty_full,glass,empty,full,-5.975639969110489,3.752025842666626,-5.975639969110489,-3.752025842666626,-9.727665811777115,-5.975639969110489,False,False,False,False
OD_00099,BASE_0008,consistent_adjacent,empty_full,glass,empty,full,6.204990178346634,-7.629018101841211,6.204990178346634,7.629018101841211,13.834008280187845,6.204990178346634,True,False,False,False
OD_00100,BASE_0008,explicit_override_direct,empty_full,glass,empty,full,3.654126137495041,-6.070191275328398,3.654126137495041,6.070191275328398,9.724317412823439,3.654126137495041,True,False,False,False
OD_00101,BASE_0008,tf_prior_only_contradict,empty_full,glass,empty,full,1.3463044166564941,-0.5464181900024414,1.3463044166564941,0.5464181900024414,1.8927226066589355,0.5464181900024414,True,False,False,True
OD_00102,BASE_0008,tf_action_only,empty_full,glass,empty,full,1.5505924224853516,0.6257743835449219,1.5505924224853516,-0.6257743835449219,0.9248180389404297,-0.6257743835449219,False,True,False,True
OD_00103,BASE_0008,tf_contradict_adjacent,empty_full,glass,empty,full,1.2178845405578613,0.010445594787597656,1.2178845405578613,-0.010445594787597656,1.2074389457702637,-0.010445594787597656,False,True,False,True
OD_00104,BASE_0008,tf_contradict_distance,empty_full,glass,empty,full,1.1180391311645508,1.1829042434692383,1.1180391311645508,-1.1829042434692383,-0.0648651123046875,-1.1829042434692383,False,True,False,True
OD_00105,BASE_0009,none,empty_full,glass,empty,full,-0.4511127471923828,-0.4511127471923828,-0.4511127471923828,0.4511127471923828,0.0,-0.4511127471923828,False,False,True,False
OD_00106,BASE_0009,prior_only_contradict,empty_full,glass,empty,full,-8.23695021867752,5.593918740749359,-8.23695021867752,-5.593918740749359,-13.83086895942688,-8.23695021867752,False,False,False,False
OD_00107,BASE_0009,action_only,empty_full,glass,empty,full,1.5385932922363281,-0.011809349060058594,1.5385932922363281,0.011809349060058594,1.5504026412963867,0.011809349060058594,True,False,False,False
OD_00108,BASE_0009,action_distance,empty_full,glass,empty,full,1.1207876205444336,0.38025856018066406,1.1207876205444336,-0.38025856018066406,0.7405290603637695,-0.38025856018066406,False,True,False,False
OD_00109,BASE_0009,contradict_adjacent,empty_full,glass,empty,full,-7.622430212795734,5.367117762565613,-7.622430212795734,-5.367117762565613,-12.989547975361347,-7.622430212795734,False,False,False,False
OD_00110,BASE_0009,contradict_then,empty_full,glass,empty,full,-7.4593735709786415,5.399669453501701,-7.4593735709786415,-5.399669453501701,-12.859043024480343,-7.4593735709786415,False,False,False,False
OD_00111,BASE_0009,contradict_distance,empty_full,glass,empty,full,-6.067562788724899,3.595178782939911,-6.067562788724899,-3.595178782939911,-9.66274157166481,-6.067562788724899,False,False,False,False
OD_00112,BASE_0009,consistent_adjacent,empty_full,glass,empty,full,6.084009230136871,-7.606835376471281,6.084009230136871,7.606835376471281,13.690844606608152,6.084009230136871,True,False,False,False
OD_00113,BASE_0009,explicit_override_direct,empty_full,glass,empty,full,3.654126137495041,-6.070191275328398,3.654126137495041,6.070191275328398,9.724317412823439,3.654126137495041,True,False,False,False
OD_00114,BASE_0009,tf_prior_only_contradict,empty_full,glass,empty,full,1.3463044166564941,-0.5464181900024414,1.3463044166564941,0.5464181900024414,1.8927226066589355,0.5464181900024414,True,False,False,True
OD_00115,BASE_0009,tf_action_only,empty_full,glass,empty,full,1.3587303161621094,0.5784769058227539,1.3587303161621094,-0.5784769058227539,0.7802534103393555,-0.5784769058227539,False,True,False,True
OD_00116,BASE_0009,tf_contradict_adjacent,empty_full,glass,empty,full,1.1236062049865723,-0.0974588394165039,1.1236062049865723,0.0974588394165039,1.2210650444030762,0.0974588394165039,True,False,False,True
OD_00117,BASE_0009,tf_contradict_distance,empty_full,glass,empty,full,0.9753408432006836,1.1258258819580078,0.9753408432006836,-1.1258258819580078,-0.15048503875732422,-1.1258258819580078,False,True,False,True
OD_00118,BASE_0010,none,empty_full,glass,empty,full,-0.4511127471923828,-0.4511127471923828,-0.4511127471923828,0.4511127471923828,0.0,-0.4511127471923828,False,False,True,False
OD_00119,BASE_0010,prior_only_contradict,empty_full,glass,empty,full,-8.23695021867752,5.593918740749359,-8.23695021867752,-5.593918740749359,-13.83086895942688,-8.23695021867752,False,False,False,False
OD_00120,BASE_0010,action_only,empty_full,glass,empty,full,1.415456771850586,0.6518959999084473,1.415456771850586,-0.6518959999084473,0.7635607719421387,-0.6518959999084473,False,True,False,False
OD_00121,BASE_0010,action_distance,empty_full,glass,empty,full,1.1410746574401855,0.612299919128418,1.1410746574401855,-0.612299919128418,0.5287747383117676,-0.612299919128418,False,True,False,False
OD_00122,BASE_0010,contradict_adjacent,empty_full,glass,empty,full,-7.597592584788799,5.588926240801811,-7.597592584788799,-5.588926240801811,-13.18651882559061,-7.597592584788799,False,False,False,False
OD_00123,BASE_0010,contradict_then,empty_full,glass,empty,full,-7.4489197209477425,5.539178788661957,-7.4489197209477425,-5.539178788661957,-12.9880985096097,-7.4489197209477425,False,False,False,False
OD_00124,BASE_0010,contradict_distance,empty_full,glass,empty,full,-6.063722491264343,3.8079482316970825,-6.063722491264343,-3.8079482316970825,-9.871670722961426,-6.063722491264343,False,False,False,False
OD_00125,BASE_0010,consistent_adjacent,empty_full,glass,empty,full,6.046245604753494,-7.701758611947298,6.046245604753494,7.701758611947298,13.748004216700792,6.046245604753494,True,False,False,False
OD_00126,BASE_0010,explicit_override_direct,empty_full,glass,empty,full,3.654126137495041,-6.070191275328398,3.654126137495041,6.070191275328398,9.724317412823439,3.654126137495041,True,False,False,False
OD_00127,BASE_0010,tf_prior_only_contradict,empty_full,glass,empty,full,1.3463044166564941,-0.5464181900024414,1.3463044166564941,0.5464181900024414,1.8927226066589355,0.5464181900024414,True,False,False,True
OD_00128,BASE_0010,tf_action_only,empty_full,glass,empty,full,1.3643264770507812,0.48336124420166016,1.3643264770507812,-0.48336124420166016,0.8809652328491211,-0.48336124420166016,False,True,False,True
OD_00129,BASE_0010,tf_contradict_adjacent,empty_full,glass,empty,full,1.1213302612304688,-0.11192131042480469,1.1213302612304688,0.11192131042480469,1.2332515716552734,0.11192131042480469,True,False,False,True
OD_00130,BASE_0010,tf_contradict_distance,empty_full,glass,empty,full,1.0140280723571777,1.1184067726135254,1.0140280723571777,-1.1184067726135254,-0.10437870025634766,-1.1184067726135254,False,True,False,True
OD_00131,BASE_0011,none,empty_full,cup,empty,full,-0.5971641540527344,-0.5971641540527344,-0.5971641540527344,0.5971641540527344,0.0,-0.5971641540527344,False,False,True,False
OD_00132,BASE_0011,prior_only_contradict,empty_full,cup,empty,full,-8.563789635896683,4.7537592351436615,-8.563789635896683,-4.7537592351436615,-13.317548871040344,-8.563789635896683,False,False,False,False
OD_00133,BASE_0011,action_only,empty_full,cup,empty,full,0.8111858367919922,-0.34745073318481445,0.8111858367919922,0.34745073318481445,1.1586365699768066,0.34745073318481445,True,False,False,False
OD_00134,BASE_0011,action_distance,empty_full,cup,empty,full,0.7492208480834961,0.39267826080322266,0.7492208480834961,-0.39267826080322266,0.35654258728027344,-0.39267826080322266,False,True,False,False
OD_00135,BASE_0011,contradict_adjacent,empty_full,cup,empty,full,-8.033361315727234,4.470640242099762,-8.033361315727234,-4.470640242099762,-12.504001557826996,-8.033361315727234,False,False,False,False
OD_00136,BASE_0011,contradict_then,empty_full,cup,empty,full,-7.859223730862141,4.283121109008789,-7.859223730862141,-4.283121109008789,-12.14234483987093,-7.859223730862141,False,False,False,False
OD_00137,BASE_0011,contradict_distance,empty_full,cup,empty,full,-6.085905313491821,3.059987187385559,-6.085905313491821,-3.059987187385559,-9.14589250087738,-6.085905313491821,False,False,False,False
OD_00138,BASE_0011,consistent_adjacent,empty_full,cup,empty,full,4.793126314878464,-8.044861856848001,4.793126314878464,8.044861856848001,12.837988171726465,4.793126314878464,True,False,False,False
OD_00139,BASE_0011,explicit_override_direct,empty_full,cup,empty,full,3.929915279150009,-6.489472199231386,3.929915279150009,6.489472199231386,10.419387478381395,3.929915279150009,True,False,False,False
OD_00140,BASE_0011,tf_prior_only_contradict,empty_full,cup,empty,full,1.0573229789733887,-1.1442155838012695,1.0573229789733887,1.1442155838012695,2.201538562774658,1.0573229789733887,True,False,False,True
OD_00141,BASE_0011,tf_action_only,empty_full,cup,empty,full,0.6876058578491211,0.2083911895751953,0.6876058578491211,-0.2083911895751953,0.4792146682739258,-0.2083911895751953,False,True,False,True
OD_00142,BASE_0011,tf_contradict_adjacent,empty_full,cup,empty,full,0.3786330223083496,-0.5492525100708008,0.3786330223083496,0.5492525100708008,0.9278855323791504,0.3786330223083496,True,False,False,True
OD_00143,BASE_0011,tf_contradict_distance,empty_full,cup,empty,full,0.5989999771118164,0.6904668807983398,0.5989999771118164,-0.6904668807983398,-0.09146690368652344,-0.6904668807983398,False,True,False,True
OD_00144,BASE_0012,none,empty_full,cup,empty,full,-0.5971641540527344,-0.5971641540527344,-0.5971641540527344,0.5971641540527344,0.0,-0.5971641540527344,False,False,True,False
OD_00145,BASE_0012,prior_only_contradict,empty_full,cup,empty,full,-8.563789635896683,4.7537592351436615,-8.563789635896683,-4.7537592351436615,-13.317548871040344,-8.563789635896683,False,False,False,False
OD_00146,BASE_0012,action_only,empty_full,cup,empty,full,0.5136852264404297,-0.4670591354370117,0.5136852264404297,0.4670591354370117,0.9807443618774414,0.4670591354370117,True,False,False,False
OD_00147,BASE_0012,action_distance,empty_full,cup,empty,full,0.7628688812255859,0.2751474380493164,0.7628688812255859,-0.2751474380493164,0.48772144317626953,-0.2751474380493164,False,True,False,False
OD_00148,BASE_0012,contradict_adjacent,empty_full,cup,empty,full,-7.904288172721863,4.567194908857346,-7.904288172721863,-4.567194908857346,-12.471483081579208,-7.904288172721863,False,False,False,False
OD_00149,BASE_0012,contradict_then,empty_full,cup,empty,full,-7.861173510551453,4.460551083087921,-7.861173510551453,-4.460551083087921,-12.321724593639374,-7.861173510551453,False,False,False,False
OD_00150,BASE_0012,contradict_distance,empty_full,cup,empty,full,-5.991728231310844,3.059675931930542,-5.991728231310844,-3.059675931930542,-9.051404163241386,-5.991728231310844,False,False,False,False
OD_00151,BASE_0012,consistent_adjacent,empty_full,cup,empty,full,4.915903300046921,-8.167902633547783,4.915903300046921,8.167902633547783,13.083805933594704,4.915903300046921,True,False,False,False
OD_00152,BASE_0012,explicit_override_direct,empty_full,cup,empty,full,3.929915279150009,-6.489472199231386,3.929915279150009,6.489472199231386,10.419387478381395,3.929915279150009,True,False,False,False
OD_00153,BASE_0012,tf_prior_only_contradict,empty_full,cup,empty,full,1.0573229789733887,-1.1442155838012695,1.0573229789733887,1.1442155838012695,2.201538562774658,1.0573229789733887,True,False,False,True
OD_00154,BASE_0012,tf_action_only,empty_full,cup,empty,full,0.30852508544921875,0.10714149475097656,0.30852508544921875,-0.10714149475097656,0.2013835906982422,-0.10714149475097656,False,True,False,True
OD_00155,BASE_0012,tf_contradict_adjacent,empty_full,cup,empty,full,0.2748594284057617,-0.5061254501342773,0.2748594284057617,0.5061254501342773,0.7809848785400391,0.2748594284057617,True,False,False,True
OD_00156,BASE_0012,tf_contradict_distance,empty_full,cup,empty,full,0.6024675369262695,0.745762825012207,0.6024675369262695,-0.745762825012207,-0.1432952880859375,-0.745762825012207,False,True,False,True
OD_00157,BASE_0013,none,empty_full,cup,empty,full,-0.5971641540527344,-0.5971641540527344,-0.5971641540527344,0.5971641540527344,0.0,-0.5971641540527344,False,False,True,False
OD_00158,BASE_0013,prior_only_contradict,empty_full,cup,empty,full,-8.563789635896683,4.7537592351436615,-8.563789635896683,-4.7537592351436615,-13.317548871040344,-8.563789635896683,False,False,False,False
OD_00159,BASE_0013,action_only,empty_full,cup,empty,full,0.15842819213867188,-1.2204008102416992,0.15842819213867188,1.2204008102416992,1.378829002380371,0.15842819213867188,True,False,False,False
OD_00160,BASE_0013,action_distance,empty_full,cup,empty,full,0.4018993377685547,-0.04650735855102539,0.4018993377685547,0.04650735855102539,0.4484066963195801,0.04650735855102539,True,False,False,False
OD_00161,BASE_0013,contradict_adjacent,empty_full,cup,empty,full,-8.309972561895847,4.123879373073578,-8.309972561895847,-4.123879373073578,-12.433851934969425,-8.309972561895847,False,False,False,False
OD_00162,BASE_0013,contradict_then,empty_full,cup,empty,full,-8.147109508514404,4.151566505432129,-8.147109508514404,-4.151566505432129,-12.298676013946533,-8.147109508514404,False,False,False,False
OD_00163,BASE_0013,contradict_distance,empty_full,cup,empty,full,-6.2851840406656265,2.798432469367981,-6.2851840406656265,-2.798432469367981,-9.083616510033607,-6.2851840406656265,False,False,False,False
OD_00164,BASE_0013,consistent_adjacent,empty_full,cup,empty,full,4.636098891496658,-8.325391471385956,4.636098891496658,8.325391471385956,12.961490362882614,4.636098891496658,True,False,False,False
OD_00165,BASE_0013,explicit_override_direct,empty_full,cup,empty,full,3.929915279150009,-6.489472199231386,3.929915279150009,6.489472199231386,10.419387478381395,3.929915279150009,True,False,False,False
OD_00166,BASE_0013,tf_prior_only_contradict,empty_full,cup,empty,full,1.0573229789733887,-1.1442155838012695,1.0573229789733887,1.1442155838012695,2.201538562774658,1.0573229789733887,True,False,False,True
OD_00167,BASE_0013,tf_action_only,empty_full,cup,empty,full,-0.18030548095703125,-0.3408832550048828,-0.18030548095703125,0.3408832550048828,0.16057777404785156,-0.18030548095703125,False,False,True,True
OD_00168,BASE_0013,tf_contradict_adjacent,empty_full,cup,empty,full,-0.08847904205322266,-0.9672536849975586,-0.08847904205322266,0.9672536849975586,0.8787746429443359,-0.08847904205322266,False,False,True,True
OD_00169,BASE_0013,tf_contradict_distance,empty_full,cup,empty,full,0.30980968475341797,0.42938232421875,0.30980968475341797,-0.42938232421875,-0.11957263946533203,-0.42938232421875,False,True,False,True
OD_00170,BASE_0014,none,empty_full,cup,empty,full,-0.5971641540527344,-0.5971641540527344,-0.5971641540527344,0.5971641540527344,0.0,-0.5971641540527344,False,False,True,False
OD_00171,BASE_0014,prior_only_contradict,empty_full,cup,empty,full,-8.563789635896683,4.7537592351436615,-8.563789635896683,-4.7537592351436615,-13.317548871040344,-8.563789635896683,False,False,False,False
OD_00172,BASE_0014,action_only,empty_full,cup,empty,full,1.0287904739379883,0.14749717712402344,1.0287904739379883,-0.14749717712402344,0.8812932968139648,-0.14749717712402344,False,True,False,False
OD_00173,BASE_0014,action_distance,empty_full,cup,empty,full,0.8168020248413086,0.5205154418945312,0.8168020248413086,-0.5205154418945312,0.29628658294677734,-0.5205154418945312,False,True,False,False
OD_00174,BASE_0014,contradict_adjacent,empty_full,cup,empty,full,-8.026727184653282,4.6777132749557495,-8.026727184653282,-4.6777132749557495,-12.704440459609032,-8.026727184653282,False,False,False,False
OD_00175,BASE_0014,contradict_then,empty_full,cup,empty,full,-7.916224822402,4.590595483779907,-7.916224822402,-4.590595483779907,-12.506820306181908,-7.916224822402,False,False,False,False
OD_00176,BASE_0014,contradict_distance,empty_full,cup,empty,full,-6.013905555009842,3.2383307218551636,-6.013905555009842,-3.2383307218551636,-9.252236276865005,-6.013905555009842,False,False,False,False
OD_00177,BASE_0014,consistent_adjacent,empty_full,cup,empty,full,4.971818208694458,-8.068702969700098,4.971818208694458,8.068702969700098,13.040521178394556,4.971818208694458,True,False,False,False
OD_00178,BASE_0014,explicit_override_direct,empty_full,cup,empty,full,3.929915279150009,-6.489472199231386,3.929915279150009,6.489472199231386,10.419387478381395,3.929915279150009,True,False,False,False
OD_00179,BASE_0014,tf_prior_only_contradict,empty_full,cup,empty,full,1.0573229789733887,-1.1442155838012695,1.0573229789733887,1.1442155838012695,2.201538562774658,1.0573229789733887,True,False,False,True
OD_00180,BASE_0014,tf_action_only,empty_full,cup,empty,full,1.0072154998779297,0.3711857795715332,1.0072154998779297,-0.3711857795715332,0.6360297203063965,-0.3711857795715332,False,True,False,True
OD_00181,BASE_0014,tf_contradict_adjacent,empty_full,cup,empty,full,0.6142253875732422,-0.39286088943481445,0.6142253875732422,0.39286088943481445,1.0070862770080566,0.39286088943481445,True,False,False,True
OD_00182,BASE_0014,tf_contradict_distance,empty_full,cup,empty,full,0.711761474609375,0.7729215621948242,0.711761474609375,-0.7729215621948242,-0.06116008758544922,-0.7729215621948242,False,True,False,True
OD_00183,BASE_0015,none,empty_full,cup,empty,full,-0.5971641540527344,-0.5971641540527344,-0.5971641540527344,0.5971641540527344,0.0,-0.5971641540527344,False,False,True,False
OD_00184,BASE_0015,prior_only_contradict,empty_full,cup,empty,full,-8.563789635896683,4.7537592351436615,-8.563789635896683,-4.7537592351436615,-13.317548871040344,-8.563789635896683,False,False,False,False
OD_00185,BASE_0015,action_only,empty_full,cup,empty,full,0.29986572265625,-0.8941936492919922,0.29986572265625,0.8941936492919922,1.1940593719482422,0.29986572265625,True,False,False,False
OD_00186,BASE_0015,action_distance,empty_full,cup,empty,full,0.5228390693664551,0.006722927093505859,0.5228390693664551,-0.006722927093505859,0.5161161422729492,-0.006722927093505859,False,True,False,False
OD_00187,BASE_0015,contradict_adjacent,empty_full,cup,empty,full,-8.318579085171223,4.132895529270172,-8.318579085171223,-4.132895529270172,-12.451474614441395,-8.318579085171223,False,False,False,False
OD_00188,BASE_0015,contradict_then,empty_full,cup,empty,full,-8.136590883135796,4.149294018745422,-8.136590883135796,-4.149294018745422,-12.285884901881218,-8.136590883135796,False,False,False,False
OD_00189,BASE_0015,contradict_distance,empty_full,cup,empty,full,-6.200613424181938,2.828655481338501,-6.200613424181938,-2.828655481338501,-9.02926890552044,-6.200613424181938,False,False,False,False
OD_00190,BASE_0015,consistent_adjacent,empty_full,cup,empty,full,4.591310381889343,-8.338662225753069,4.591310381889343,8.338662225753069,12.929972607642412,4.591310381889343,True,False,False,False
OD_00191,BASE_0015,explicit_override_direct,empty_full,cup,empty,full,3.929915279150009,-6.489472199231386,3.929915279150009,6.489472199231386,10.419387478381395,3.929915279150009,True,False,False,False
OD_00192,BASE_0015,tf_prior_only_contradict,empty_full,cup,empty,full,1.0573229789733887,-1.1442155838012695,1.0573229789733887,1.1442155838012695,2.201538562774658,1.0573229789733887,True,False,False,True
OD_00193,BASE_0015,tf_action_only,empty_full,cup,empty,full,-0.0697622299194336,-0.1565561294555664,-0.0697622299194336,0.1565561294555664,0.08679389953613281,-0.0697622299194336,False,False,True,True
OD_00194,BASE_0015,tf_contradict_adjacent,empty_full,cup,empty,full,0.06850719451904297,-0.7820301055908203,0.06850719451904297,0.7820301055908203,0.8505373001098633,0.06850719451904297,True,False,False,True
OD_00195,BASE_0015,tf_contradict_distance,empty_full,cup,empty,full,0.3666553497314453,0.5647149085998535,0.3666553497314453,-0.5647149085998535,-0.1980595588684082,-0.5647149085998535,False,True,False,True
OD_00196,BASE_0016,none,empty_full,cup,empty,full,-0.5971641540527344,-0.5971641540527344,-0.5971641540527344,0.5971641540527344,0.0,-0.5971641540527344,False,False,True,False
OD_00197,BASE_0016,prior_only_contradict,empty_full,cup,empty,full,-8.563789635896683,4.7537592351436615,-8.563789635896683,-4.7537592351436615,-13.317548871040344,-8.563789635896683,False,False,False,False
OD_00198,BASE_0016,action_only,empty_full,cup,empty,full,0.56500244140625,-0.49926185607910156,0.56500244140625,0.49926185607910156,1.0642642974853516,0.49926185607910156,True,False,False,False
OD_00199,BASE_0016,action_distance,empty_full,cup,empty,full,0.6082801818847656,0.34584617614746094,0.6082801818847656,-0.34584617614746094,0.2624340057373047,-0.34584617614746094,False,True,False,False
OD_00200,BASE_0016,contradict_adjacent,empty_full,cup,empty,full,-8.259429581463337,4.441058278083801,-8.259429581463337,-4.441058278083801,-12.700487859547138,-8.259429581463337,False,False,False,False
OD_00201,BASE_0016,contradict_then,empty_full,cup,empty,full,-8.050563372671604,4.215635180473328,-8.050563372671604,-4.215635180473328,-12.266198553144932,-8.050563372671604,False,False,False,False
OD_00202,BASE_0016,contradict_distance,empty_full,cup,empty,full,-6.312225416302681,3.037397265434265,-6.312225416302681,-3.037397265434265,-9.349622681736946,-6.312225416302681,False,False,False,False
OD_00203,BASE_0016,consistent_adjacent,empty_full,cup,empty,full,4.714630305767059,-8.162077005952597,4.714630305767059,8.162077005952597,12.876707311719656,4.714630305767059,True,False,False,False
OD_00204,BASE_0016,explicit_override_direct,empty_full,cup,empty,full,3.929915279150009,-6.489472199231386,3.929915279150009,6.489472199231386,10.419387478381395,3.929915279150009,True,False,False,False
OD_00205,BASE_0016,tf_prior_only_contradict,empty_full,cup,empty,full,1.0573229789733887,-1.1442155838012695,1.0573229789733887,1.1442155838012695,2.201538562774658,1.0573229789733887,True,False,False,True
OD_00206,BASE_0016,tf_action_only,empty_full,cup,empty,full,0.38092803955078125,-0.029799461364746094,0.38092803955078125,0.029799461364746094,0.41072750091552734,0.029799461364746094,True,False,False,True
OD_00207,BASE_0016,tf_contradict_adjacent,empty_full,cup,empty,full,0.1161355972290039,-0.8000392913818359,0.1161355972290039,0.8000392913818359,0.9161748886108398,0.1161355972290039,True,False,False,True
OD_00208,BASE_0016,tf_contradict_distance,empty_full,cup,empty,full,0.44889163970947266,0.5242180824279785,0.44889163970947266,-0.5242180824279785,-0.07532644271850586,-0.5242180824279785,False,True,False,True
OD_00209,BASE_0017,none,empty_full,cup,empty,full,-0.5971641540527344,-0.5971641540527344,-0.5971641540527344,0.5971641540527344,0.0,-0.5971641540527344,False,False,True,False
OD_00210,BASE_0017,prior_only_contradict,empty_full,cup,empty,full,-8.563789635896683,4.7537592351436615,-8.563789635896683,-4.7537592351436615,-13.317548871040344,-8.563789635896683,False,False,False,False
OD_00211,BASE_0017,action_only,empty_full,cup,empty,full,1.369035243988037,0.12110137939453125,1.369035243988037,-0.12110137939453125,1.2479338645935059,-0.12110137939453125,False,True,False,False
OD_00212,BASE_0017,action_distance,empty_full,cup,empty,full,1.0241546630859375,0.611943244934082,1.0241546630859375,-0.611943244934082,0.41221141815185547,-0.611943244934082,False,True,False,False
OD_00213,BASE_0017,contradict_adjacent,empty_full,cup,empty,full,-7.8432557284832,4.77542108297348,-7.8432557284832,-4.77542108297348,-12.61867681145668,-7.8432557284832,False,False,False,False
OD_00214,BASE_0017,contradict_then,empty_full,cup,empty,full,-7.780564054846764,4.572756886482239,-7.780564054846764,-4.572756886482239,-12.353320941329002,-7.780564054846764,False,False,False,False
OD_00215,BASE_0017,contradict_distance,empty_full,cup,empty,full,-6.026699110865593,3.21970272064209,-6.026699110865593,-3.21970272064209,-9.246401831507683,-6.026699110865593,False,False,False,False
OD_00216,BASE_0017,consistent_adjacent,empty_full,cup,empty,full,5.0059091448783875,-8.066472869366407,5.0059091448783875,8.066472869366407,13.072382014244795,5.0059091448783875,True,False,False,False
OD_00217,BASE_0017,explicit_override_direct,empty_full,cup,empty,full,3.929915279150009,-6.489472199231386,3.929915279150009,6.489472199231386,10.419387478381395,3.929915279150009,True,False,False,False
OD_00218,BASE_0017,tf_prior_only_contradict,empty_full,cup,empty,full,1.0573229789733887,-1.1442155838012695,1.0573229789733887,1.1442155838012695,2.201538562774658,1.0573229789733887,True,False,False,True
OD_00219,BASE_0017,tf_action_only,empty_full,cup,empty,full,1.3205499649047852,0.35365772247314453,1.3205499649047852,-0.35365772247314453,0.9668922424316406,-0.35365772247314453,False,True,False,True
OD_00220,BASE_0017,tf_contradict_adjacent,empty_full,cup,empty,full,0.7454071044921875,-0.2505311965942383,0.7454071044921875,0.2505311965942383,0.9959383010864258,0.2505311965942383,True,False,False,True
OD_00221,BASE_0017,tf_contradict_distance,empty_full,cup,empty,full,0.8358526229858398,0.8188877105712891,0.8358526229858398,-0.8188877105712891,0.01696491241455078,-0.8188877105712891,False,True,False,True
OD_00222,BASE_0018,none,empty_full,cup,empty,full,-0.5971641540527344,-0.5971641540527344,-0.5971641540527344,0.5971641540527344,0.0,-0.5971641540527344,False,False,True,False
OD_00223,BASE_0018,prior_only_contradict,empty_full,cup,empty,full,-8.563789635896683,4.7537592351436615,-8.563789635896683,-4.7537592351436615,-13.317548871040344,-8.563789635896683,False,False,False,False
OD_00224,BASE_0018,action_only,empty_full,cup,empty,full,1.208378791809082,-0.1461038589477539,1.208378791809082,0.1461038589477539,1.354482650756836,0.1461038589477539,True,False,False,False
OD_00225,BASE_0018,action_distance,empty_full,cup,empty,full,0.9245309829711914,0.5258235931396484,0.9245309829711914,-0.5258235931396484,0.39870738983154297,-0.5258235931396484,False,True,False,False
OD_00226,BASE_0018,contradict_adjacent,empty_full,cup,empty,full,-7.84525915235281,4.7534816563129425,-7.84525915235281,-4.7534816563129425,-12.598740808665752,-7.84525915235281,False,False,False,False
OD_00227,BASE_0018,contradict_then,empty_full,cup,empty,full,-7.734844580292702,4.572562366724014,-7.734844580292702,-4.572562366724014,-12.307406947016716,-7.734844580292702,False,False,False,False
OD_00228,BASE_0018,contradict_distance,empty_full,cup,empty,full,-5.99894542992115,3.0988616943359375,-5.99894542992115,-3.0988616943359375,-9.097807124257088,-5.99894542992115,False,False,False,False
OD_00229,BASE_0018,consistent_adjacent,empty_full,cup,empty,full,5.031875431537628,-8.077835086733103,5.031875431537628,8.077835086733103,13.109710518270731,5.031875431537628,True,False,False,False
OD_00230,BASE_0018,explicit_override_direct,empty_full,cup,empty,full,3.929915279150009,-6.489472199231386,3.929915279150009,6.489472199231386,10.419387478381395,3.929915279150009,True,False,False,False
OD_00231,BASE_0018,tf_prior_only_contradict,empty_full,cup,empty,full,1.0573229789733887,-1.1442155838012695,1.0573229789733887,1.1442155838012695,2.201538562774658,1.0573229789733887,True,False,False,True
OD_00232,BASE_0018,tf_action_only,empty_full,cup,empty,full,0.8329744338989258,0.24378728866577148,0.8329744338989258,-0.24378728866577148,0.5891871452331543,-0.24378728866577148,False,True,False,True
OD_00233,BASE_0018,tf_contradict_adjacent,empty_full,cup,empty,full,0.5107951164245605,-0.41773319244384766,0.5107951164245605,0.41773319244384766,0.9285283088684082,0.41773319244384766,True,False,False,True
OD_00234,BASE_0018,tf_contradict_distance,empty_full,cup,empty,full,0.7206840515136719,0.7387304306030273,0.7206840515136719,-0.7387304306030273,-0.01804637908935547,-0.7387304306030273,False,True,False,True
OD_00235,BASE_0019,none,empty_full,cup,empty,full,-0.5971641540527344,-0.5971641540527344,-0.5971641540527344,0.5971641540527344,0.0,-0.5971641540527344,False,False,True,False
OD_00236,BASE_0019,prior_only_contradict,empty_full,cup,empty,full,-8.563789635896683,4.7537592351436615,-8.563789635896683,-4.7537592351436615,-13.317548871040344,-8.563789635896683,False,False,False,False
OD_00237,BASE_0019,action_only,empty_full,cup,empty,full,0.7164583206176758,-0.8415474891662598,0.7164583206176758,0.8415474891662598,1.5580058097839355,0.7164583206176758,True,False,False,False
OD_00238,BASE_0019,action_distance,empty_full,cup,empty,full,0.6780409812927246,0.14737224578857422,0.6780409812927246,-0.14737224578857422,0.5306687355041504,-0.14737224578857422,False,True,False,False
OD_00239,BASE_0019,contradict_adjacent,empty_full,cup,empty,full,-8.03850232064724,4.390824198722839,-8.03850232064724,-4.390824198722839,-12.429326519370079,-8.03850232064724,False,False,False,False
OD_00240,BASE_0019,contradict_then,empty_full,cup,empty,full,-7.950720801949501,4.299431681632996,-7.950720801949501,-4.299431681632996,-12.250152483582497,-7.950720801949501,False,False,False,False
OD_00241,BASE_0019,contradict_distance,empty_full,cup,empty,full,-6.09265173971653,2.944374203681946,-6.09265173971653,-2.944374203681946,-9.037025943398476,-6.09265173971653,False,False,False,False
OD_00242,BASE_0019,consistent_adjacent,empty_full,cup,empty,full,4.815200716257095,-8.119417373090982,4.815200716257095,8.119417373090982,12.934618089348078,4.815200716257095,True,False,False,False
OD_00243,BASE_0019,explicit_override_direct,empty_full,cup,empty,full,3.929915279150009,-6.489472199231386,3.929915279150009,6.489472199231386,10.419387478381395,3.929915279150009,True,False,False,False
OD_00244,BASE_0019,tf_prior_only_contradict,empty_full,cup,empty,full,1.0573229789733887,-1.1442155838012695,1.0573229789733887,1.1442155838012695,2.201538562774658,1.0573229789733887,True,False,False,True
OD_00245,BASE_0019,tf_action_only,empty_full,cup,empty,full,0.41739463806152344,0.13602256774902344,0.41739463806152344,-0.13602256774902344,0.2813720703125,-0.13602256774902344,False,True,False,True
OD_00246,BASE_0019,tf_contradict_adjacent,empty_full,cup,empty,full,0.29692554473876953,-0.5601577758789062,0.29692554473876953,0.5601577758789062,0.8570833206176758,0.29692554473876953,True,False,False,True
OD_00247,BASE_0019,tf_contradict_distance,empty_full,cup,empty,full,0.4956388473510742,0.6557250022888184,0.4956388473510742,-0.6557250022888184,-0.16008615493774414,-0.6557250022888184,False,True,False,True
OD_00248,BASE_0020,none,empty_full,cup,empty,full,-0.5971641540527344,-0.5971641540527344,-0.5971641540527344,0.5971641540527344,0.0,-0.5971641540527344,False,False,True,False
OD_00249,BASE_0020,prior_only_contradict,empty_full,cup,empty,full,-8.563789635896683,4.7537592351436615,-8.563789635896683,-4.7537592351436615,-13.317548871040344,-8.563789635896683,False,False,False,False
OD_00250,BASE_0020,action_only,empty_full,cup,empty,full,0.8111238479614258,-0.10139799118041992,0.8111238479614258,0.10139799118041992,0.9125218391418457,0.10139799118041992,True,False,False,False
OD_00251,BASE_0020,action_distance,empty_full,cup,empty,full,0.7467279434204102,0.35414743423461914,0.7467279434204102,-0.35414743423461914,0.392580509185791,-0.35414743423461914,False,True,False,False
OD_00252,BASE_0020,contradict_adjacent,empty_full,cup,empty,full,-7.9787571877241135,4.626316130161285,-7.9787571877241135,-4.626316130161285,-12.605073317885399,-7.9787571877241135,False,False,False,False
OD_00253,BASE_0020,contradict_then,empty_full,cup,empty,full,-7.920563578605652,4.465605556964874,-7.920563578605652,-4.465605556964874,-12.386169135570526,-7.920563578605652,False,False,False,False
OD_00254,BASE_0020,contradict_distance,empty_full,cup,empty,full,-6.107251554727554,3.157912254333496,-6.107251554727554,-3.157912254333496,-9.26516380906105,-6.107251554727554,False,False,False,False
OD_00255,BASE_0020,consistent_adjacent,empty_full,cup,empty,full,4.846685528755188,-8.236770249903202,4.846685528755188,8.236770249903202,13.08345577865839,4.846685528755188,True,False,False,False
OD_00256,BASE_0020,explicit_override_direct,empty_full,cup,empty,full,3.929915279150009,-6.489472199231386,3.929915279150009,6.489472199231386,10.419387478381395,3.929915279150009,True,False,False,False
OD_00257,BASE_0020,tf_prior_only_contradict,empty_full,cup,empty,full,1.0573229789733887,-1.1442155838012695,1.0573229789733887,1.1442155838012695,2.201538562774658,1.0573229789733887,True,False,False,True
OD_00258,BASE_0020,tf_action_only,empty_full,cup,empty,full,0.6094908714294434,0.12503337860107422,0.6094908714294434,-0.12503337860107422,0.48445749282836914,-0.12503337860107422,False,True,False,True
OD_00259,BASE_0020,tf_contradict_adjacent,empty_full,cup,empty,full,0.3941669464111328,-0.49458932876586914,0.3941669464111328,0.49458932876586914,0.888756275177002,0.3941669464111328,True,False,False,True
OD_00260,BASE_0020,tf_contradict_distance,empty_full,cup,empty,full,0.5999298095703125,0.7082443237304688,0.5999298095703125,-0.7082443237304688,-0.10831451416015625,-0.7082443237304688,False,True,False,True
OD_00261,BASE_0021,none,empty_full,bottle,empty,full,0.44546985626220703,0.44546985626220703,0.44546985626220703,-0.44546985626220703,0.0,-0.44546985626220703,False,True,False,False
OD_00262,BASE_0021,prior_only_contradict,empty_full,bottle,empty,full,-8.434157557785511,5.237648159265518,-8.434157557785511,-5.237648159265518,-13.67180571705103,-8.434157557785511,False,False,False,False
OD_00263,BASE_0021,action_only,empty_full,bottle,empty,full,1.8678131103515625,1.050096035003662,1.8678131103515625,-1.050096035003662,0.8177170753479004,-1.050096035003662,False,True,False,False
OD_00264,BASE_0021,action_distance,empty_full,bottle,empty,full,1.2517166137695312,0.93402099609375,1.2517166137695312,-0.93402099609375,0.31769561767578125,-0.93402099609375,False,True,False,False
OD_00265,BASE_0021,contradict_adjacent,empty_full,bottle,empty,full,-8.01648896932602,4.944395959377289,-8.01648896932602,-4.944395959377289,-12.960884928703308,-8.01648896932602,False,False,False,False
OD_00266,BASE_0021,contradict_then,empty_full,bottle,empty,full,-7.722391188144684,4.815979897975922,-7.722391188144684,-4.815979897975922,-12.538371086120605,-7.722391188144684,False,False,False,False
OD_00267,BASE_0021,contradict_distance,empty_full,bottle,empty,full,-6.149501606822014,3.5581626892089844,-6.149501606822014,-3.5581626892089844,-9.707664296030998,-6.149501606822014,False,False,False,False
OD_00268,BASE_0021,consistent_adjacent,empty_full,bottle,empty,full,5.368083789944649,-7.974323488771915,5.368083789944649,7.974323488771915,13.342407278716564,5.368083789944649,True,False,False,False
OD_00269,BASE_0021,explicit_override_direct,empty_full,bottle,empty,full,3.9030027389526367,-6.427602052688599,3.9030027389526367,6.427602052688599,10.330604791641235,3.9030027389526367,True,False,False,False
OD_00270,BASE_0021,tf_prior_only_contradict,empty_full,bottle,empty,full,1.531576156616211,-0.5229721069335938,1.531576156616211,0.5229721069335938,2.0545482635498047,0.5229721069335938,True,False,False,True
OD_00271,BASE_0021,tf_action_only,empty_full,bottle,empty,full,1.5104389190673828,0.7727737426757812,1.5104389190673828,-0.7727737426757812,0.7376651763916016,-0.7727737426757812,False,True,False,True
OD_00272,BASE_0021,tf_contradict_adjacent,empty_full,bottle,empty,full,1.0810728073120117,0.020279884338378906,1.0810728073120117,-0.020279884338378906,1.0607929229736328,-0.020279884338378906,False,True,False,True
OD_00273,BASE_0021,tf_contradict_distance,empty_full,bottle,empty,full,1.1332106590270996,1.280858039855957,1.1332106590270996,-1.280858039855957,-0.14764738082885742,-1.280858039855957,False,True,False,True
OD_00274,BASE_0022,none,empty_full,bottle,empty,full,0.44546985626220703,0.44546985626220703,0.44546985626220703,-0.44546985626220703,0.0,-0.44546985626220703,False,True,False,False
OD_00275,BASE_0022,prior_only_contradict,empty_full,bottle,empty,full,-8.434157557785511,5.237648159265518,-8.434157557785511,-5.237648159265518,-13.67180571705103,-8.434157557785511,False,False,False,False
OD_00276,BASE_0022,action_only,empty_full,bottle,empty,full,1.3783965110778809,0.678746223449707,1.3783965110778809,-0.678746223449707,0.6996502876281738,-0.678746223449707,False,True,False,False
OD_00277,BASE_0022,action_distance,empty_full,bottle,empty,full,1.1881580352783203,0.7532310485839844,1.1881580352783203,-0.7532310485839844,0.43492698669433594,-0.7532310485839844,False,True,False,False
OD_00278,BASE_0022,contradict_adjacent,empty_full,bottle,empty,full,-7.89921810477972,5.022540986537933,-7.89921810477972,-5.022540986537933,-12.921759091317654,-7.89921810477972,False,False,False,False
OD_00279,BASE_0022,contradict_then,empty_full,bottle,empty,full,-7.7415901273489,4.935508847236633,-7.7415901273489,-4.935508847236633,-12.677098974585533,-7.7415901273489,False,False,False,False
OD_00280,BASE_0022,contradict_distance,empty_full,bottle,empty,full,-6.087106093764305,3.532486915588379,-6.087106093764305,-3.532486915588379,-9.619593009352684,-6.087106093764305,False,False,False,False
OD_00281,BASE_0022,consistent_adjacent,empty_full,bottle,empty,full,5.4722946137189865,-8.111940536648035,5.4722946137189865,8.111940536648035,13.584235150367022,5.4722946137189865,True,False,False,False
OD_00282,BASE_0022,explicit_override_direct,empty_full,bottle,empty,full,3.9030027389526367,-6.427602052688599,3.9030027389526367,6.427602052688599,10.330604791641235,3.9030027389526367,True,False,False,False
OD_00283,BASE_0022,tf_prior_only_contradict,empty_full,bottle,empty,full,1.531576156616211,-0.5229721069335938,1.531576156616211,0.5229721069335938,2.0545482635498047,0.5229721069335938,True,False,False,True
OD_00284,BASE_0022,tf_action_only,empty_full,bottle,empty,full,0.9908857345581055,0.6174116134643555,0.9908857345581055,-0.6174116134643555,0.37347412109375,-0.6174116134643555,False,True,False,True
OD_00285,BASE_0022,tf_contradict_adjacent,empty_full,bottle,empty,full,0.9045848846435547,0.030829429626464844,0.9045848846435547,-0.030829429626464844,0.8737554550170898,-0.030829429626464844,False,True,False,True
OD_00286,BASE_0022,tf_contradict_distance,empty_full,bottle,empty,full,1.0881824493408203,1.2869682312011719,1.0881824493408203,-1.2869682312011719,-0.19878578186035156,-1.2869682312011719,False,True,False,True
OD_00287,BASE_0023,none,empty_full,bottle,empty,full,0.44546985626220703,0.44546985626220703,0.44546985626220703,-0.44546985626220703,0.0,-0.44546985626220703,False,True,False,False
OD_00288,BASE_0023,prior_only_contradict,empty_full,bottle,empty,full,-8.434157557785511,5.237648159265518,-8.434157557785511,-5.237648159265518,-13.67180571705103,-8.434157557785511,False,False,False,False
OD_00289,BASE_0023,action_only,empty_full,bottle,empty,full,1.1930131912231445,-0.046535491943359375,1.1930131912231445,0.046535491943359375,1.239548683166504,0.046535491943359375,True,False,False,False
OD_00290,BASE_0023,action_distance,empty_full,bottle,empty,full,0.8908100128173828,0.5177621841430664,0.8908100128173828,-0.5177621841430664,0.3730478286743164,-0.5177621841430664,False,True,False,False
OD_00291,BASE_0023,contradict_adjacent,empty_full,bottle,empty,full,-8.304769650101662,4.649451375007629,-8.304769650101662,-4.649451375007629,-12.954221025109291,-8.304769650101662,False,False,False,False
OD_00292,BASE_0023,contradict_then,empty_full,bottle,empty,full,-8.049610167741776,4.65865421295166,-8.049610167741776,-4.65865421295166,-12.708264380693436,-8.049610167741776,False,False,False,False
OD_00293,BASE_0023,contradict_distance,empty_full,bottle,empty,full,-6.363857761025429,3.3261183500289917,-6.363857761025429,-3.3261183500289917,-9.68997611105442,-6.363857761025429,False,False,False,False
OD_00294,BASE_0023,consistent_adjacent,empty_full,bottle,empty,full,5.262384369969368,-8.293908596038818,5.262384369969368,8.293908596038818,13.556292966008186,5.262384369969368,True,False,False,False
OD_00295,BASE_0023,explicit_override_direct,empty_full,bottle,empty,full,3.9030027389526367,-6.427602052688599,3.9030027389526367,6.427602052688599,10.330604791641235,3.9030027389526367,True,False,False,False
OD_00296,BASE_0023,tf_prior_only_contradict,empty_full,bottle,empty,full,1.531576156616211,-0.5229721069335938,1.531576156616211,0.5229721069335938,2.0545482635498047,0.5229721069335938,True,False,False,True
OD_00297,BASE_0023,tf_action_only,empty_full,bottle,empty,full,0.6923098564147949,0.23891353607177734,0.6923098564147949,-0.23891353607177734,0.4533963203430176,-0.23891353607177734,False,True,False,True
OD_00298,BASE_0023,tf_contradict_adjacent,empty_full,bottle,empty,full,0.6033115386962891,-0.3850822448730469,0.6033115386962891,0.3850822448730469,0.9883937835693359,0.3850822448730469,True,False,False,True
OD_00299,BASE_0023,tf_contradict_distance,empty_full,bottle,empty,full,0.8349771499633789,1.0121464729309082,0.8349771499633789,-1.0121464729309082,-0.1771693229675293,-1.0121464729309082,False,True,False,True
OD_00300,BASE_0024,none,empty_full,bottle,empty,full,0.44546985626220703,0.44546985626220703,0.44546985626220703,-0.44546985626220703,0.0,-0.44546985626220703,False,True,False,False
OD_00301,BASE_0024,prior_only_contradict,empty_full,bottle,empty,full,-8.434157557785511,5.237648159265518,-8.434157557785511,-5.237648159265518,-13.67180571705103,-8.434157557785511,False,False,False,False
OD_00302,BASE_0024,action_only,empty_full,bottle,empty,full,2.084371566772461,1.294158935546875,2.084371566772461,-1.294158935546875,0.7902126312255859,-1.294158935546875,False,True,False,False
OD_00303,BASE_0024,action_distance,empty_full,bottle,empty,full,1.3058829307556152,1.0097827911376953,1.3058829307556152,-1.0097827911376953,0.2961001396179199,-1.0097827911376953,False,True,False,False
OD_00304,BASE_0024,contradict_adjacent,empty_full,bottle,empty,full,-8.04320990294218,5.099869936704636,-8.04320990294218,-5.099869936704636,-13.143079839646816,-8.04320990294218,False,False,False,False
OD_00305,BASE_0024,contradict_then,empty_full,bottle,empty,full,-7.804377868771553,5.057649403810501,-7.804377868771553,-5.057649403810501,-12.862027272582054,-7.804377868771553,False,False,False,False
OD_00306,BASE_0024,contradict_distance,empty_full,bottle,empty,full,-6.083179742097855,3.679004669189453,-6.083179742097855,-3.679004669189453,-9.762184411287308,-6.083179742097855,False,False,False,False
OD_00307,BASE_0024,consistent_adjacent,empty_full,bottle,empty,full,5.528581470251083,-8.033664546906948,5.528581470251083,8.033664546906948,13.562246017158031,5.528581470251083,True,False,False,False
OD_00308,BASE_0024,explicit_override_direct,empty_full,bottle,empty,full,3.9030027389526367,-6.427602052688599,3.9030027389526367,6.427602052688599,10.330604791641235,3.9030027389526367,True,False,False,False
OD_00309,BASE_0024,tf_prior_only_contradict,empty_full,bottle,empty,full,1.531576156616211,-0.5229721069335938,1.531576156616211,0.5229721069335938,2.0545482635498047,0.5229721069335938,True,False,False,True
OD_00310,BASE_0024,tf_action_only,empty_full,bottle,empty,full,1.7229909896850586,0.8642268180847168,1.7229909896850586,-0.8642268180847168,0.8587641716003418,-0.8642268180847168,False,True,False,True
OD_00311,BASE_0024,tf_contradict_adjacent,empty_full,bottle,empty,full,1.2599811553955078,0.1689739227294922,1.2599811553955078,-0.1689739227294922,1.0910072326660156,-0.1689739227294922,False,True,False,True
OD_00312,BASE_0024,tf_contradict_distance,empty_full,bottle,empty,full,1.2134199142456055,1.3481574058532715,1.2134199142456055,-1.3481574058532715,-0.13473749160766602,-1.3481574058532715,False,True,False,True
OD_00313,BASE_0025,none,empty_full,bottle,empty,full,0.44546985626220703,0.44546985626220703,0.44546985626220703,-0.44546985626220703,0.0,-0.44546985626220703,False,True,False,False
OD_00314,BASE_0025,prior_only_contradict,empty_full,bottle,empty,full,-8.434157557785511,5.237648159265518,-8.434157557785511,-5.237648159265518,-13.67180571705103,-8.434157557785511,False,False,False,False
OD_00315,BASE_0025,action_only,empty_full,bottle,empty,full,1.267629623413086,0.30083751678466797,1.267629623413086,-0.30083751678466797,0.966792106628418,-0.30083751678466797,False,True,False,False
OD_00316,BASE_0025,action_distance,empty_full,bottle,empty,full,1.0034890174865723,0.5416731834411621,1.0034890174865723,-0.5416731834411621,0.46181583404541016,-0.5416731834411621,False,True,False,False
OD_00317,BASE_0025,contradict_adjacent,empty_full,bottle,empty,full,-8.309266462922096,4.546757489442825,-8.309266462922096,-4.546757489442825,-12.856023952364922,-8.309266462922096,False,False,False,False
OD_00318,BASE_0025,contradict_then,empty_full,bottle,empty,full,-8.013837426900864,4.625836372375488,-8.013837426900864,-4.625836372375488,-12.639673799276352,-8.013837426900864,False,False,False,False
OD_00319,BASE_0025,contradict_distance,empty_full,bottle,empty,full,-6.2918646186590195,3.333057403564453,-6.2918646186590195,-3.333057403564453,-9.624922022223473,-6.2918646186590195,False,False,False,False
OD_00320,BASE_0025,consistent_adjacent,empty_full,bottle,empty,full,5.196748539805412,-8.268398486077785,5.196748539805412,8.268398486077785,13.465147025883198,5.196748539805412,True,False,False,False
OD_00321,BASE_0025,explicit_override_direct,empty_full,bottle,empty,full,3.9030027389526367,-6.427602052688599,3.9030027389526367,6.427602052688599,10.330604791641235,3.9030027389526367,True,False,False,False
OD_00322,BASE_0025,tf_prior_only_contradict,empty_full,bottle,empty,full,1.531576156616211,-0.5229721069335938,1.531576156616211,0.5229721069335938,2.0545482635498047,0.5229721069335938,True,False,False,True
OD_00323,BASE_0025,tf_action_only,empty_full,bottle,empty,full,0.6803932189941406,0.40832090377807617,0.6803932189941406,-0.40832090377807617,0.27207231521606445,-0.40832090377807617,False,True,False,True
OD_00324,BASE_0025,tf_contradict_adjacent,empty_full,bottle,empty,full,0.7552876472473145,-0.21335935592651367,0.7552876472473145,0.21335935592651367,0.9686470031738281,0.21335935592651367,True,False,False,True
OD_00325,BASE_0025,tf_contradict_distance,empty_full,bottle,empty,full,0.8780727386474609,1.1273488998413086,0.8780727386474609,-1.1273488998413086,-0.24927616119384766,-1.1273488998413086,False,True,False,True
OD_00326,BASE_0026,none,empty_full,bottle,empty,full,0.44546985626220703,0.44546985626220703,0.44546985626220703,-0.44546985626220703,0.0,-0.44546985626220703,False,True,False,False
OD_00327,BASE_0026,prior_only_contradict,empty_full,bottle,empty,full,-8.434157557785511,5.237648159265518,-8.434157557785511,-5.237648159265518,-13.67180571705103,-8.434157557785511,False,False,False,False
OD_00328,BASE_0026,action_only,empty_full,bottle,empty,full,1.572221279144287,0.7002582550048828,1.572221279144287,-0.7002582550048828,0.8719630241394043,-0.7002582550048828,False,True,False,False
OD_00329,BASE_0026,action_distance,empty_full,bottle,empty,full,1.0682239532470703,0.8771867752075195,1.0682239532470703,-0.8771867752075195,0.19103717803955078,-0.8771867752075195,False,True,False,False
OD_00330,BASE_0026,contradict_adjacent,empty_full,bottle,empty,full,-8.308669552206993,4.804236531257629,-8.308669552206993,-4.804236531257629,-13.112906083464622,-8.308669552206993,False,False,False,False
OD_00331,BASE_0026,contradict_then,empty_full,bottle,empty,full,-7.985887460410595,4.711129426956177,-7.985887460410595,-4.711129426956177,-12.697016887366772,-7.985887460410595,False,False,False,False
OD_00332,BASE_0026,contradict_distance,empty_full,bottle,empty,full,-6.39588163793087,3.498440742492676,-6.39588163793087,-3.498440742492676,-9.894322380423546,-6.39588163793087,False,False,False,False
OD_00333,BASE_0026,consistent_adjacent,empty_full,bottle,empty,full,5.255288869142532,-8.165644071996212,5.255288869142532,8.165644071996212,13.420932941138744,5.255288869142532,True,False,False,False
OD_00334,BASE_0026,explicit_override_direct,empty_full,bottle,empty,full,3.9030027389526367,-6.427602052688599,3.9030027389526367,6.427602052688599,10.330604791641235,3.9030027389526367,True,False,False,False
OD_00335,BASE_0026,tf_prior_only_contradict,empty_full,bottle,empty,full,1.531576156616211,-0.5229721069335938,1.531576156616211,0.5229721069335938,2.0545482635498047,0.5229721069335938,True,False,False,True
OD_00336,BASE_0026,tf_action_only,empty_full,bottle,empty,full,1.1288800239562988,0.4945945739746094,1.1288800239562988,-0.4945945739746094,0.6342854499816895,-0.4945945739746094,False,True,False,True
OD_00337,BASE_0026,tf_contradict_adjacent,empty_full,bottle,empty,full,0.7541556358337402,-0.21793603897094727,0.7541556358337402,0.21793603897094727,0.9720916748046875,0.21793603897094727,True,False,False,True
OD_00338,BASE_0026,tf_contradict_distance,empty_full,bottle,empty,full,0.955782413482666,1.0925068855285645,0.955782413482666,-1.0925068855285645,-0.13672447204589844,-1.0925068855285645,False,True,False,True
OD_00339,BASE_0027,none,empty_full,bottle,empty,full,0.44546985626220703,0.44546985626220703,0.44546985626220703,-0.44546985626220703,0.0,-0.44546985626220703,False,True,False,False
OD_00340,BASE_0027,prior_only_contradict,empty_full,bottle,empty,full,-8.434157557785511,5.237648159265518,-8.434157557785511,-5.237648159265518,-13.67180571705103,-8.434157557785511,False,False,False,False
OD_00341,BASE_0027,action_only,empty_full,bottle,empty,full,2.4357619285583496,1.3448729515075684,2.4357619285583496,-1.3448729515075684,1.0908889770507812,-1.3448729515075684,False,True,False,False
OD_00342,BASE_0027,action_distance,empty_full,bottle,empty,full,1.5218682289123535,1.1590728759765625,1.5218682289123535,-1.1590728759765625,0.362795352935791,-1.1590728759765625,False,True,False,False
OD_00343,BASE_0027,contradict_adjacent,empty_full,bottle,empty,full,-7.917720682919025,5.156070590019226,-7.917720682919025,-5.156070590019226,-13.073791272938251,-7.917720682919025,False,False,False,False
OD_00344,BASE_0027,contradict_then,empty_full,bottle,empty,full,-7.737050496041775,5.030779004096985,-7.737050496041775,-5.030779004096985,-12.76782950013876,-7.737050496041775,False,False,False,False
OD_00345,BASE_0027,contradict_distance,empty_full,bottle,empty,full,-6.106836453080177,3.701946973800659,-6.106836453080177,-3.701946973800659,-9.808783426880836,-6.106836453080177,False,False,False,False
OD_00346,BASE_0027,consistent_adjacent,empty_full,bottle,empty,full,5.583601072430611,-8.007392100989819,5.583601072430611,8.007392100989819,13.59099317342043,5.583601072430611,True,False,False,False
OD_00347,BASE_0027,explicit_override_direct,empty_full,bottle,empty,full,3.9030027389526367,-6.427602052688599,3.9030027389526367,6.427602052688599,10.330604791641235,3.9030027389526367,True,False,False,False
OD_00348,BASE_0027,tf_prior_only_contradict,empty_full,bottle,empty,full,1.531576156616211,-0.5229721069335938,1.531576156616211,0.5229721069335938,2.0545482635498047,0.5229721069335938,True,False,False,True
OD_00349,BASE_0027,tf_action_only,empty_full,bottle,empty,full,2.0461277961730957,0.8606138229370117,2.0461277961730957,-0.8606138229370117,1.185513973236084,-0.8606138229370117,False,True,False,True
OD_00350,BASE_0027,tf_contradict_adjacent,empty_full,bottle,empty,full,1.409627914428711,0.3043208122253418,1.409627914428711,-0.3043208122253418,1.1053071022033691,-0.3043208122253418,False,True,False,True
OD_00351,BASE_0027,tf_contradict_distance,empty_full,bottle,empty,full,1.3513374328613281,1.3964247703552246,1.3513374328613281,-1.3964247703552246,-0.045087337493896484,-1.3964247703552246,False,True,False,True
OD_00352,BASE_0028,none,empty_full,bottle,empty,full,0.44546985626220703,0.44546985626220703,0.44546985626220703,-0.44546985626220703,0.0,-0.44546985626220703,False,True,False,False
OD_00353,BASE_0028,prior_only_contradict,empty_full,bottle,empty,full,-8.434157557785511,5.237648159265518,-8.434157557785511,-5.237648159265518,-13.67180571705103,-8.434157557785511,False,False,False,False
OD_00354,BASE_0028,action_only,empty_full,bottle,empty,full,2.2426133155822754,1.1589584350585938,2.2426133155822754,-1.1589584350585938,1.0836548805236816,-1.1589584350585938,False,True,False,False
OD_00355,BASE_0028,action_distance,empty_full,bottle,empty,full,1.403397560119629,1.0384740829467773,1.403397560119629,-1.0384740829467773,0.36492347717285156,-1.0384740829467773,False,True,False,False
OD_00356,BASE_0028,contradict_adjacent,empty_full,bottle,empty,full,-7.907709531486034,5.232311278581619,-7.907709531486034,-5.232311278581619,-13.140020810067654,-7.907709531486034,False,False,False,False
OD_00357,BASE_0028,contradict_then,empty_full,bottle,empty,full,-7.683815017342567,5.0602186024188995,-7.683815017342567,-5.0602186024188995,-12.744033619761467,-7.683815017342567,False,False,False,False
OD_00358,BASE_0028,contradict_distance,empty_full,bottle,empty,full,-6.11378712952137,3.6020710468292236,-6.11378712952137,-3.6020710468292236,-9.715858176350594,-6.11378712952137,False,False,False,False
OD_00359,BASE_0028,consistent_adjacent,empty_full,bottle,empty,full,5.615175426006317,-8.078432157635689,5.615175426006317,8.078432157635689,13.693607583642006,5.615175426006317,True,False,False,False
OD_00360,BASE_0028,explicit_override_direct,empty_full,bottle,empty,full,3.9030027389526367,-6.427602052688599,3.9030027389526367,6.427602052688599,10.330604791641235,3.9030027389526367,True,False,False,False
OD_00361,BASE_0028,tf_prior_only_contradict,empty_full,bottle,empty,full,1.531576156616211,-0.5229721069335938,1.531576156616211,0.5229721069335938,2.0545482635498047,0.5229721069335938,True,False,False,True
OD_00362,BASE_0028,tf_action_only,empty_full,bottle,empty,full,1.635329246520996,0.7692174911499023,1.635329246520996,-0.7692174911499023,0.8661117553710938,-0.7692174911499023,False,True,False,True
OD_00363,BASE_0028,tf_contradict_adjacent,empty_full,bottle,empty,full,1.1755528450012207,0.1367793083190918,1.1755528450012207,-0.1367793083190918,1.038773536682129,-0.1367793083190918,False,True,False,True
OD_00364,BASE_0028,tf_contradict_distance,empty_full,bottle,empty,full,1.2400531768798828,1.333928108215332,1.2400531768798828,-1.333928108215332,-0.09387493133544922,-1.333928108215332,False,True,False,True
OD_00365,BASE_0029,none,empty_full,bottle,empty,full,0.44546985626220703,0.44546985626220703,0.44546985626220703,-0.44546985626220703,0.0,-0.44546985626220703,False,True,False,False
OD_00366,BASE_0029,prior_only_contradict,empty_full,bottle,empty,full,-8.434157557785511,5.237648159265518,-8.434157557785511,-5.237648159265518,-13.67180571705103,-8.434157557785511,False,False,False,False
OD_00367,BASE_0029,action_only,empty_full,bottle,empty,full,1.75620698928833,0.48940324783325195,1.75620698928833,-0.48940324783325195,1.2668037414550781,-0.48940324783325195,False,True,False,False
OD_00368,BASE_0029,action_distance,empty_full,bottle,empty,full,1.1797471046447754,0.7289762496948242,1.1797471046447754,-0.7289762496948242,0.45077085494995117,-0.7289762496948242,False,True,False,False
OD_00369,BASE_0029,contradict_adjacent,empty_full,bottle,empty,full,-8.042037963867188,4.868348062038422,-8.042037963867188,-4.868348062038422,-12.91038602590561,-8.042037963867188,False,False,False,False
OD_00370,BASE_0029,contradict_then,empty_full,bottle,empty,full,-7.836813800036907,4.784936785697937,-7.836813800036907,-4.784936785697937,-12.621750585734844,-7.836813800036907,False,False,False,False
OD_00371,BASE_0029,contradict_distance,empty_full,bottle,empty,full,-6.141656219959259,3.4502525329589844,-6.141656219959259,-3.4502525329589844,-9.591908752918243,-6.141656219959259,False,False,False,False
OD_00372,BASE_0029,consistent_adjacent,empty_full,bottle,empty,full,5.3903990387916565,-8.087440874427557,5.3903990387916565,8.087440874427557,13.477839913219213,5.3903990387916565,True,False,False,False
OD_00373,BASE_0029,explicit_override_direct,empty_full,bottle,empty,full,3.9030027389526367,-6.427602052688599,3.9030027389526367,6.427602052688599,10.330604791641235,3.9030027389526367,True,False,False,False
OD_00374,BASE_0029,tf_prior_only_contradict,empty_full,bottle,empty,full,1.531576156616211,-0.5229721069335938,1.531576156616211,0.5229721069335938,2.0545482635498047,0.5229721069335938,True,False,False,True
OD_00375,BASE_0029,tf_action_only,empty_full,bottle,empty,full,1.2482342720031738,0.6879611015319824,1.2482342720031738,-0.6879611015319824,0.5602731704711914,-0.6879611015319824,False,True,False,True
OD_00376,BASE_0029,tf_contradict_adjacent,empty_full,bottle,empty,full,0.998199462890625,0.021211624145507812,0.998199462890625,-0.021211624145507812,0.9769878387451172,-0.021211624145507812,False,True,False,True
OD_00377,BASE_0029,tf_contradict_distance,empty_full,bottle,empty,full,1.033602237701416,1.2510414123535156,1.033602237701416,-1.2510414123535156,-0.2174391746520996,-1.2510414123535156,False,True,False,True
OD_00378,BASE_0030,none,empty_full,bottle,empty,full,0.44546985626220703,0.44546985626220703,0.44546985626220703,-0.44546985626220703,0.0,-0.44546985626220703,False,True,False,False
OD_00379,BASE_0030,prior_only_contradict,empty_full,bottle,empty,full,-8.434157557785511,5.237648159265518,-8.434157557785511,-5.237648159265518,-13.67180571705103,-8.434157557785511,False,False,False,False
OD_00380,BASE_0030,action_only,empty_full,bottle,empty,full,1.7336053848266602,1.140439510345459,1.7336053848266602,-1.140439510345459,0.5931658744812012,-1.140439510345459,False,True,False,False
OD_00381,BASE_0030,action_distance,empty_full,bottle,empty,full,1.2201309204101562,0.8642034530639648,1.2201309204101562,-0.8642034530639648,0.3559274673461914,-0.8642034530639648,False,True,False,False
OD_00382,BASE_0030,contradict_adjacent,empty_full,bottle,empty,full,-7.992998540401459,5.037356197834015,-7.992998540401459,-5.037356197834015,-13.030354738235474,-7.992998540401459,False,False,False,False
OD_00383,BASE_0030,contradict_then,empty_full,bottle,empty,full,-7.8005416840314865,4.931947767734528,-7.8005416840314865,-4.931947767734528,-12.732489451766014,-7.8005416840314865,False,False,False,False
OD_00384,BASE_0030,contradict_distance,empty_full,bottle,empty,full,-6.173149645328522,3.624645948410034,-6.173149645328522,-3.624645948410034,-9.797795593738556,-6.173149645328522,False,False,False,False
OD_00385,BASE_0030,consistent_adjacent,empty_full,bottle,empty,full,5.440019458532333,-8.131426054984331,5.440019458532333,8.131426054984331,13.571445513516665,5.440019458532333,True,False,False,False
OD_00386,BASE_0030,explicit_override_direct,empty_full,bottle,empty,full,3.9030027389526367,-6.427602052688599,3.9030027389526367,6.427602052688599,10.330604791641235,3.9030027389526367,True,False,False,False
OD_00387,BASE_0030,tf_prior_only_contradict,empty_full,bottle,empty,full,1.531576156616211,-0.5229721069335938,1.531576156616211,0.5229721069335938,2.0545482635498047,0.5229721069335938,True,False,False,True
OD_00388,BASE_0030,tf_action_only,empty_full,bottle,empty,full,1.3725500106811523,0.639155387878418,1.3725500106811523,-0.639155387878418,0.7333946228027344,-0.639155387878418,False,True,False,True
OD_00389,BASE_0030,tf_contradict_adjacent,empty_full,bottle,empty,full,1.052851676940918,0.05153465270996094,1.052851676940918,-0.05153465270996094,1.001317024230957,-0.05153465270996094,False,True,False,True
OD_00390,BASE_0030,tf_contradict_distance,empty_full,bottle,empty,full,1.0952386856079102,1.276665210723877,1.0952386856079102,-1.276665210723877,-0.1814265251159668,-1.276665210723877,False,True,False,True
OD_00391,BASE_0031,none,open_closed,box,open,closed,0.5087347030639648,0.5087347030639648,0.5087347030639648,-0.5087347030639648,0.0,-0.5087347030639648,False,True,False,False
OD_00392,BASE_0031,prior_only_contradict,open_closed,box,open,closed,-4.461519159376621,5.5943534560501575,-4.461519159376621,-5.5943534560501575,-10.055872615426779,-5.5943534560501575,False,False,False,False
OD_00393,BASE_0031,action_only,open_closed,box,open,closed,0.33730030059814453,-2.4689254462718964,0.33730030059814453,2.4689254462718964,2.806225746870041,0.33730030059814453,True,False,False,False
OD_00394,BASE_0031,action_distance,open_closed,box,open,closed,-0.46060943603515625,-1.8731154799461365,-0.46060943603515625,1.8731154799461365,1.4125060439109802,-0.46060943603515625,False,False,True,False
OD_00395,BASE_0031,contradict_adjacent,open_closed,box,open,closed,-4.583864115178585,4.68251234292984,-4.583864115178585,-4.68251234292984,-9.266376458108425,-4.68251234292984,False,False,False,False
OD_00396,BASE_0031,contradict_then,open_closed,box,open,closed,-4.419444091618061,4.099265843629837,-4.419444091618061,-4.099265843629837,-8.518709935247898,-4.419444091618061,False,False,False,False
OD_00397,BASE_0031,contradict_distance,open_closed,box,open,closed,-3.7459192126989365,2.919568955898285,-3.7459192126989365,-2.919568955898285,-6.665488168597221,-3.7459192126989365,False,False,False,False
OD_00398,BASE_0031,consistent_adjacent,open_closed,box,open,closed,4.856386326253414,-5.083553299307823,4.856386326253414,5.083553299307823,9.939939625561237,4.856386326253414,True,False,False,False
OD_00399,BASE_0031,explicit_override_direct,open_closed,box,open,closed,4.846160009503365,-1.7579651176929474,4.846160009503365,1.7579651176929474,6.604125127196312,1.7579651176929474,True,False,False,False
OD_00400,BASE_0031,tf_prior_only_contradict,open_closed,box,open,closed,-1.9928007125854492,-2.119008779525757,-1.9928007125854492,2.119008779525757,0.12620806694030762,-1.9928007125854492,False,False,True,True
OD_00401,BASE_0031,tf_action_only,open_closed,box,open,closed,0.03160285949707031,-1.7188481092453003,0.03160285949707031,1.7188481092453003,1.7504509687423706,0.03160285949707031,True,False,False,True
OD_00402,BASE_0031,tf_contradict_adjacent,open_closed,box,open,closed,-1.7649106979370117,-2.2829360961914062,-1.7649106979370117,2.2829360961914062,0.5180253982543945,-1.7649106979370117,False,False,True,True
OD_00403,BASE_0031,tf_contradict_distance,open_closed,box,open,closed,-1.8403617143630981,-2.3331005573272705,-1.8403617143630981,2.3331005573272705,0.49273884296417236,-1.8403617143630981,False,False,True,True
OD_00404,BASE_0032,none,open_closed,box,open,closed,0.5087347030639648,0.5087347030639648,0.5087347030639648,-0.5087347030639648,0.0,-0.5087347030639648,False,True,False,False
OD_00405,BASE_0032,prior_only_contradict,open_closed,box,open,closed,-4.461519159376621,5.594347026199102,-4.461519159376621,-5.594347026199102,-10.055866185575724,-5.594347026199102,False,False,False,False
OD_00406,BASE_0032,action_only,open_closed,box,open,closed,-0.02667713165283203,-2.5724955201148987,-0.02667713165283203,2.5724955201148987,2.5458183884620667,-0.02667713165283203,False,False,True,False
OD_00407,BASE_0032,action_distance,open_closed,box,open,closed,-0.5726547241210938,-2.0948837995529175,-0.5726547241210938,2.0948837995529175,1.5222290754318237,-0.5726547241210938,False,False,True,False
OD_00408,BASE_0032,contradict_adjacent,open_closed,box,open,closed,-4.738761801272631,4.272505898028612,-4.738761801272631,-4.272505898028612,-9.011267699301243,-4.738761801272631,False,False,False,False
OD_00409,BASE_0032,contradict_then,open_closed,box,open,closed,-4.54158391058445,3.9240121096372604,-4.54158391058445,-3.9240121096372604,-8.46559602022171,-4.54158391058445,False,False,False,False
OD_00410,BASE_0032,contradict_distance,open_closed,box,open,closed,-3.8287191092967987,2.781064048409462,-3.8287191092967987,-2.781064048409462,-6.609783157706261,-3.8287191092967987,False,False,False,False
OD_00411,BASE_0032,consistent_adjacent,open_closed,box,open,closed,4.774186097085476,-5.159503851085901,4.774186097085476,5.159503851085901,9.933689948171377,4.774186097085476,True,False,False,False
OD_00412,BASE_0032,explicit_override_direct,open_closed,box,open,closed,4.846160009503365,-1.7579651176929474,4.846160009503365,1.7579651176929474,6.604125127196312,1.7579651176929474,True,False,False,False
OD_00413,BASE_0032,tf_prior_only_contradict,open_closed,box,open,closed,-1.9928007125854492,-2.119008779525757,-1.9928007125854492,2.119008779525757,0.12620806694030762,-1.9928007125854492,False,False,True,True
OD_00414,BASE_0032,tf_action_only,open_closed,box,open,closed,-0.21083831787109375,-1.8976868987083435,-0.21083831787109375,1.8976868987083435,1.6868485808372498,-0.21083831787109375,False,False,True,True
OD_00415,BASE_0032,tf_contradict_adjacent,open_closed,box,open,closed,-1.9220104217529297,-2.3679730892181396,-1.9220104217529297,2.3679730892181396,0.44596266746520996,-1.9220104217529297,False,False,True,True
OD_00416,BASE_0032,tf_contradict_distance,open_closed,box,open,closed,-1.9740904569625854,-2.4080621004104614,-1.9740904569625854,2.4080621004104614,0.433971643447876,-1.9740904569625854,False,False,True,True
OD_00417,BASE_0033,none,open_closed,box,open,closed,0.5087347030639648,0.5087347030639648,0.5087347030639648,-0.5087347030639648,0.0,-0.5087347030639648,False,True,False,False
OD_00418,BASE_0033,prior_only_contradict,open_closed,box,open,closed,-4.461519159376621,5.594347026199102,-4.461519159376621,-5.594347026199102,-10.055866185575724,-5.594347026199102,False,False,False,False
OD_00419,BASE_0033,action_only,open_closed,box,open,closed,1.014083981513977,-2.756030023097992,1.014083981513977,2.756030023097992,3.770114004611969,1.014083981513977,True,False,False,False
OD_00420,BASE_0033,action_distance,open_closed,box,open,closed,-0.32320308685302734,-2.176366686820984,-0.32320308685302734,2.176366686820984,1.8531635999679565,-0.32320308685302734,False,False,True,False
OD_00421,BASE_0033,contradict_adjacent,open_closed,box,open,closed,-4.485678743571043,4.311252437531948,-4.485678743571043,-4.311252437531948,-8.796931181102991,-4.485678743571043,False,False,False,False
OD_00422,BASE_0033,contradict_then,open_closed,box,open,closed,-4.358923949301243,3.9849807396531105,-4.358923949301243,-3.9849807396531105,-8.343904688954353,-4.358923949301243,False,False,False,False
OD_00423,BASE_0033,contradict_distance,open_closed,box,open,closed,-3.681755170226097,2.7677860856056213,-3.681755170226097,-2.7677860856056213,-6.4495412558317184,-3.681755170226097,False,False,False,False
OD_00424,BASE_0033,consistent_adjacent,open_closed,box,open,closed,4.862046420574188,-5.077565930783749,4.862046420574188,5.077565930783749,9.939612351357937,4.862046420574188,True,False,False,False
OD_00425,BASE_0033,explicit_override_direct,open_closed,box,open,closed,4.846160009503365,-1.7579651176929474,4.846160009503365,1.7579651176929474,6.604125127196312,1.7579651176929474,True,False,False,False
OD_00426,BASE_0033,tf_prior_only_contradict,open_closed,box,open,closed,-1.9928007125854492,-2.119008779525757,-1.9928007125854492,2.119008779525757,0.12620806694030762,-1.9928007125854492,False,False,True,True
OD_00427,BASE_0033,tf_action_only,open_closed,box,open,closed,0.33037471771240234,-1.4300775527954102,0.33037471771240234,1.4300775527954102,1.7604522705078125,0.33037471771240234,True,False,False,True
OD_00428,BASE_0033,tf_contradict_adjacent,open_closed,box,open,closed,-1.7995929718017578,-2.358319044113159,-1.7995929718017578,2.358319044113159,0.5587260723114014,-1.7995929718017578,False,False,True,True
OD_00429,BASE_0033,tf_contradict_distance,open_closed,box,open,closed,-1.8616636991500854,-2.3575867414474487,-1.8616636991500854,2.3575867414474487,0.4959230422973633,-1.8616636991500854,False,False,True,True
OD_00430,BASE_0034,none,open_closed,box,open,closed,0.5087347030639648,0.5087347030639648,0.5087347030639648,-0.5087347030639648,0.0,-0.5087347030639648,False,True,False,False
OD_00431,BASE_0034,prior_only_contradict,open_closed,box,open,closed,-4.461519159376621,5.594347026199102,-4.461519159376621,-5.594347026199102,-10.055866185575724,-5.594347026199102,False,False,False,False
OD_00432,BASE_0034,action_only,open_closed,box,open,closed,0.17148780822753906,-2.283389925956726,0.17148780822753906,2.283389925956726,2.454877734184265,0.17148780822753906,True,False,False,False
OD_00433,BASE_0034,action_distance,open_closed,box,open,closed,-0.6266469955444336,-1.8777599930763245,-0.6266469955444336,1.8777599930763245,1.2511129975318909,-0.6266469955444336,False,False,True,False
OD_00434,BASE_0034,contradict_adjacent,open_closed,box,open,closed,-4.776206791400909,4.523690305650234,-4.776206791400909,-4.523690305650234,-9.299897097051144,-4.776206791400909,False,False,False,False
OD_00435,BASE_0034,contradict_then,open_closed,box,open,closed,-4.575364198535681,4.077808529138565,-4.575364198535681,-4.077808529138565,-8.653172727674246,-4.575364198535681,False,False,False,False
OD_00436,BASE_0034,contradict_distance,open_closed,box,open,closed,-3.8287716805934906,2.959156095981598,-3.8287716805934906,-2.959156095981598,-6.7879277765750885,-3.8287716805934906,False,False,False,False
OD_00437,BASE_0034,consistent_adjacent,open_closed,box,open,closed,4.734752736985683,-5.246710021048784,4.734752736985683,5.246710021048784,9.981462758034468,4.734752736985683,True,False,False,False
OD_00438,BASE_0034,explicit_override_direct,open_closed,box,open,closed,4.846160009503365,-1.7579651176929474,4.846160009503365,1.7579651176929474,6.604125127196312,1.7579651176929474,True,False,False,False
OD_00439,BASE_0034,tf_prior_only_contradict,open_closed,box,open,closed,-1.9928007125854492,-2.119008779525757,-1.9928007125854492,2.119008779525757,0.12620806694030762,-1.9928007125854492,False,False,True,True
OD_00440,BASE_0034,tf_action_only,open_closed,box,open,closed,-0.006497383117675781,-1.7742747068405151,-0.006497383117675781,1.7742747068405151,1.7677773237228394,-0.006497383117675781,False,False,True,True
OD_00441,BASE_0034,tf_contradict_adjacent,open_closed,box,open,closed,-1.9645442962646484,-2.4181251525878906,-1.9645442962646484,2.4181251525878906,0.4535808563232422,-1.9645442962646484,False,False,True,True
OD_00442,BASE_0034,tf_contradict_distance,open_closed,box,open,closed,-1.9680014848709106,-2.3952443599700928,-1.9680014848709106,2.3952443599700928,0.42724287509918213,-1.9680014848709106,False,False,True,True
OD_00443,BASE_0035,none,open_closed,box,open,closed,0.5087347030639648,0.5087347030639648,0.5087347030639648,-0.5087347030639648,0.0,-0.5087347030639648,False,True,False,False
OD_00444,BASE_0035,prior_only_contradict,open_closed,box,open,closed,-4.461519159376621,5.594347026199102,-4.461519159376621,-5.594347026199102,-10.055866185575724,-5.594347026199102,False,False,False,False
OD_00445,BASE_0035,action_only,open_closed,box,open,closed,0.9101381301879883,-2.275585263967514,0.9101381301879883,2.275585263967514,3.1857233941555023,0.9101381301879883,True,False,False,False
OD_00446,BASE_0035,action_distance,open_closed,box,open,closed,-0.31981563568115234,-1.995010256767273,-0.31981563568115234,1.995010256767273,1.6751946210861206,-0.31981563568115234,False,False,True,False
OD_00447,BASE_0035,contradict_adjacent,open_closed,box,open,closed,-4.584808498620987,4.458191636949778,-4.584808498620987,-4.458191636949778,-9.043000135570765,-4.584808498620987,False,False,False,False
OD_00448,BASE_0035,contradict_then,open_closed,box,open,closed,-4.396619983017445,4.170577973127365,-4.396619983017445,-4.170577973127365,-8.56719795614481,-4.396619983017445,False,False,False,False
OD_00449,BASE_0035,contradict_distance,open_closed,box,open,closed,-3.7096842750906944,2.8750829845666885,-3.7096842750906944,-2.8750829845666885,-6.584767259657383,-3.7096842750906944,False,False,False,False
OD_00450,BASE_0035,consistent_adjacent,open_closed,box,open,closed,4.954731896519661,-5.066395878791809,4.954731896519661,5.066395878791809,10.02112777531147,4.954731896519661,True,False,False,False
OD_00451,BASE_0035,explicit_override_direct,open_closed,box,open,closed,4.846160009503365,-1.7579651176929474,4.846160009503365,1.7579651176929474,6.604125127196312,1.7579651176929474,True,False,False,False
OD_00452,BASE_0035,tf_prior_only_contradict,open_closed,box,open,closed,-1.9928007125854492,-2.119008779525757,-1.9928007125854492,2.119008779525757,0.12620806694030762,-1.9928007125854492,False,False,True,True
OD_00453,BASE_0035,tf_action_only,open_closed,box,open,closed,0.30779552459716797,-1.2924423217773438,0.30779552459716797,1.2924423217773438,1.6002378463745117,0.30779552459716797,True,False,False,True
OD_00454,BASE_0035,tf_contradict_adjacent,open_closed,box,open,closed,-1.8315973281860352,-2.26953125,-1.8315973281860352,2.26953125,0.43793392181396484,-1.8315973281860352,False,False,True,True
OD_00455,BASE_0035,tf_contradict_distance,open_closed,box,open,closed,-1.8366183042526245,-2.2949143648147583,-1.8366183042526245,2.2949143648147583,0.4582960605621338,-1.8366183042526245,False,False,True,True
OD_00456,BASE_0036,none,open_closed,box,open,closed,0.5087347030639648,0.5087347030639648,0.5087347030639648,-0.5087347030639648,0.0,-0.5087347030639648,False,True,False,False
OD_00457,BASE_0036,prior_only_contradict,open_closed,box,open,closed,-4.461519159376621,5.594347026199102,-4.461519159376621,-5.594347026199102,-10.055866185575724,-5.594347026199102,False,False,False,False
OD_00458,BASE_0036,action_only,open_closed,box,open,closed,1.376561164855957,-2.0167914032936096,1.376561164855957,2.0167914032936096,3.3933525681495667,1.376561164855957,True,False,False,False
OD_00459,BASE_0036,action_distance,open_closed,box,open,closed,-0.2536592483520508,-1.92826646566391,-0.2536592483520508,1.92826646566391,1.6746072173118591,-0.2536592483520508,False,False,True,False
OD_00460,BASE_0036,contradict_adjacent,open_closed,box,open,closed,-4.526082064956427,4.827946443110704,-4.526082064956427,-4.827946443110704,-9.354028508067131,-4.827946443110704,False,False,False,False
OD_00461,BASE_0036,contradict_then,open_closed,box,open,closed,-4.3502027541399,4.160288885235786,-4.3502027541399,-4.160288885235786,-8.510491639375687,-4.3502027541399,False,False,False,False
OD_00462,BASE_0036,contradict_distance,open_closed,box,open,closed,-3.7263899967074394,3.0236559063196182,-3.7263899967074394,-3.0236559063196182,-6.750045903027058,-3.7263899967074394,False,False,False,False
OD_00463,BASE_0036,consistent_adjacent,open_closed,box,open,closed,4.955880053341389,-5.13218704611063,4.955880053341389,5.13218704611063,10.088067099452019,4.955880053341389,True,False,False,False
OD_00464,BASE_0036,explicit_override_direct,open_closed,box,open,closed,4.846160009503365,-1.7579651176929474,4.846160009503365,1.7579651176929474,6.604125127196312,1.7579651176929474,True,False,False,False
OD_00465,BASE_0036,tf_prior_only_contradict,open_closed,box,open,closed,-1.9928007125854492,-2.119008779525757,-1.9928007125854492,2.119008779525757,0.12620806694030762,-1.9928007125854492,False,False,True,True
OD_00466,BASE_0036,tf_action_only,open_closed,box,open,closed,0.4846076965332031,-1.3100090026855469,0.4846076965332031,1.3100090026855469,1.79461669921875,0.4846076965332031,True,False,False,True
OD_00467,BASE_0036,tf_contradict_adjacent,open_closed,box,open,closed,-1.7354307174682617,-2.243724822998047,-1.7354307174682617,2.243724822998047,0.5082941055297852,-1.7354307174682617,False,False,True,True
OD_00468,BASE_0036,tf_contradict_distance,open_closed,box,open,closed,-1.8770228624343872,-2.330699920654297,-1.8770228624343872,2.330699920654297,0.45367705821990967,-1.8770228624343872,False,False,True,True
OD_00469,BASE_0037,none,open_closed,box,open,closed,0.5087347030639648,0.5087347030639648,0.5087347030639648,-0.5087347030639648,0.0,-0.5087347030639648,False,True,False,False
OD_00470,BASE_0037,prior_only_contradict,open_closed,box,open,closed,-4.461519159376621,5.594347026199102,-4.461519159376621,-5.594347026199102,-10.055866185575724,-5.594347026199102,False,False,False,False
OD_00471,BASE_0037,action_only,open_closed,box,open,closed,1.024155616760254,-1.6850947141647339,1.024155616760254,1.6850947141647339,2.709250330924988,1.024155616760254,True,False,False,False
OD_00472,BASE_0037,action_distance,open_closed,box,open,closed,-0.2625856399536133,-1.7914544343948364,-0.2625856399536133,1.7914544343948364,1.5288687944412231,-0.2625856399536133,False,False,True,False
OD_00473,BASE_0037,contradict_adjacent,open_closed,box,open,closed,-4.349888652563095,4.553836822509766,-4.349888652563095,-4.553836822509766,-8.90372547507286,-4.553836822509766,False,False,False,False
OD_00474,BASE_0037,contradict_then,open_closed,box,open,closed,-4.316288873553276,4.124199725687504,-4.316288873553276,-4.124199725687504,-8.44048859924078,-4.316288873553276,False,False,False,False
OD_00475,BASE_0037,contradict_distance,open_closed,box,open,closed,-3.5896521508693695,2.968729868531227,-3.5896521508693695,-2.968729868531227,-6.558382019400597,-3.5896521508693695,False,False,False,False
OD_00476,BASE_0037,consistent_adjacent,open_closed,box,open,closed,4.956041298806667,-5.0487729124724865,4.956041298806667,5.0487729124724865,10.004814211279154,4.956041298806667,True,False,False,False
OD_00477,BASE_0037,explicit_override_direct,open_closed,box,open,closed,4.846160009503365,-1.7579651176929474,4.846160009503365,1.7579651176929474,6.604125127196312,1.7579651176929474,True,False,False,False
OD_00478,BASE_0037,tf_prior_only_contradict,open_closed,box,open,closed,-1.9928007125854492,-2.119008779525757,-1.9928007125854492,2.119008779525757,0.12620806694030762,-1.9928007125854492,False,False,True,True
OD_00479,BASE_0037,tf_action_only,open_closed,box,open,closed,0.35134124755859375,-1.3192156553268433,0.35134124755859375,1.3192156553268433,1.670556902885437,0.35134124755859375,True,False,False,True
OD_00480,BASE_0037,tf_contradict_adjacent,open_closed,box,open,closed,-1.69244384765625,-2.2288084030151367,-1.69244384765625,2.2288084030151367,0.5363645553588867,-1.69244384765625,False,False,True,True
OD_00481,BASE_0037,tf_contradict_distance,open_closed,box,open,closed,-1.7426813840866089,-2.2510699033737183,-1.7426813840866089,2.2510699033737183,0.5083885192871094,-1.7426813840866089,False,False,True,True
OD_00482,BASE_0038,none,open_closed,box,open,closed,0.5087347030639648,0.5087347030639648,0.5087347030639648,-0.5087347030639648,0.0,-0.5087347030639648,False,True,False,False
OD_00483,BASE_0038,prior_only_contradict,open_closed,box,open,closed,-4.461519159376621,5.594347026199102,-4.461519159376621,-5.594347026199102,-10.055866185575724,-5.594347026199102,False,False,False,False
OD_00484,BASE_0038,action_only,open_closed,box,open,closed,0.45798778533935547,-2.553768068552017,0.45798778533935547,2.553768068552017,3.0117558538913727,0.45798778533935547,True,False,False,False
OD_00485,BASE_0038,action_distance,open_closed,box,open,closed,-0.5762596130371094,-2.045150876045227,-0.5762596130371094,2.045150876045227,1.4688912630081177,-0.5762596130371094,False,False,True,False
OD_00486,BASE_0038,contradict_adjacent,open_closed,box,open,closed,-4.605200905352831,4.424710381776094,-4.605200905352831,-4.424710381776094,-9.029911287128925,-4.605200905352831,False,False,False,False
OD_00487,BASE_0038,contradict_then,open_closed,box,open,closed,-4.416653797030449,4.030486978590488,-4.416653797030449,-4.030486978590488,-8.447140775620937,-4.416653797030449,False,False,False,False
OD_00488,BASE_0038,contradict_distance,open_closed,box,open,closed,-3.745383158326149,2.8256262987852097,-3.745383158326149,-2.8256262987852097,-6.571009457111359,-3.745383158326149,False,False,False,False
OD_00489,BASE_0038,consistent_adjacent,open_closed,box,open,closed,4.8612527176737785,-5.095689814537764,4.8612527176737785,5.095689814537764,9.956942532211542,4.8612527176737785,True,False,False,False
OD_00490,BASE_0038,explicit_override_direct,open_closed,box,open,closed,4.846160009503365,-1.7579651176929474,4.846160009503365,1.7579651176929474,6.604125127196312,1.7579651176929474,True,False,False,False
OD_00491,BASE_0038,tf_prior_only_contradict,open_closed,box,open,closed,-1.9928007125854492,-2.119008779525757,-1.9928007125854492,2.119008779525757,0.12620806694030762,-1.9928007125854492,False,False,True,True
OD_00492,BASE_0038,tf_action_only,open_closed,box,open,closed,0.06981277465820312,-1.511650025844574,0.06981277465820312,1.511650025844574,1.581462800502777,0.06981277465820312,True,False,False,True
OD_00493,BASE_0038,tf_contradict_adjacent,open_closed,box,open,closed,-1.8242988586425781,-2.2858428955078125,-1.8242988586425781,2.2858428955078125,0.4615440368652344,-1.8242988586425781,False,False,True,True
OD_00494,BASE_0038,tf_contradict_distance,open_closed,box,open,closed,-1.8644161224365234,-2.332125663757324,-1.8644161224365234,2.332125663757324,0.4677095413208008,-1.8644161224365234,False,False,True,True
OD_00495,BASE_0039,none,open_closed,box,open,closed,0.5087347030639648,0.5087347030639648,0.5087347030639648,-0.5087347030639648,0.0,-0.5087347030639648,False,True,False,False
OD_00496,BASE_0039,prior_only_contradict,open_closed,box,open,closed,-4.461519159376621,5.594347026199102,-4.461519159376621,-5.594347026199102,-10.055866185575724,-5.594347026199102,False,False,False,False
OD_00497,BASE_0039,action_only,open_closed,box,open,closed,0.7786647081375122,-2.5713663697242737,0.7786647081375122,2.5713663697242737,3.350031077861786,0.7786647081375122,True,False,False,False
OD_00498,BASE_0039,action_distance,open_closed,box,open,closed,-0.4527711868286133,-2.095845103263855,-0.4527711868286133,2.095845103263855,1.6430739164352417,-0.4527711868286133,False,False,True,False
OD_00499,BASE_0039,contradict_adjacent,open_closed,box,open,closed,-4.614606983959675,4.459040846675634,-4.614606983959675,-4.459040846675634,-9.07364783063531,-4.614606983959675,False,False,False,False
OD_00500,BASE_0039,contradict_then,open_closed,box,open,closed,-4.4859523475170135,3.9789275005459785,-4.4859523475170135,-3.9789275005459785,-8.464879848062992,-4.4859523475170135,False,False,False,False
OD_00501,BASE_0039,contradict_distance,open_closed,box,open,closed,-3.683989629149437,2.7331696301698685,-3.683989629149437,-2.7331696301698685,-6.417159259319305,-3.683989629149437,False,False,False,False
OD_00502,BASE_0039,consistent_adjacent,open_closed,box,open,closed,4.715101145207882,-5.132151532918215,4.715101145207882,5.132151532918215,9.847252678126097,4.715101145207882,True,False,False,False
OD_00503,BASE_0039,explicit_override_direct,open_closed,box,open,closed,4.846160009503365,-1.7579651176929474,4.846160009503365,1.7579651176929474,6.604125127196312,1.7579651176929474,True,False,False,False
OD_00504,BASE_0039,tf_prior_only_contradict,open_closed,box,open,closed,-1.9928007125854492,-2.119008779525757,-1.9928007125854492,2.119008779525757,0.12620806694030762,-1.9928007125854492,False,False,True,True
OD_00505,BASE_0039,tf_action_only,open_closed,box,open,closed,-0.017246246337890625,-1.6316642761230469,-0.017246246337890625,1.6316642761230469,1.6144180297851562,-0.017246246337890625,False,False,True,True
OD_00506,BASE_0039,tf_contradict_adjacent,open_closed,box,open,closed,-2.0022754669189453,-2.4146811962127686,-2.0022754669189453,2.4146811962127686,0.41240572929382324,-2.0022754669189453,False,False,True,True
OD_00507,BASE_0039,tf_contradict_distance,open_closed,box,open,closed,-1.9947165250778198,-2.417707324028015,-1.9947165250778198,2.417707324028015,0.4229907989501953,-1.9947165250778198,False,False,True,True
OD_00508,BASE_0040,none,open_closed,box,open,closed,0.5087347030639648,0.5087347030639648,0.5087347030639648,-0.5087347030639648,0.0,-0.5087347030639648,False,True,False,False
OD_00509,BASE_0040,prior_only_contradict,open_closed,box,open,closed,-4.461519159376621,5.594347026199102,-4.461519159376621,-5.594347026199102,-10.055866185575724,-5.594347026199102,False,False,False,False
OD_00510,BASE_0040,action_only,open_closed,box,open,closed,-0.2212696075439453,-2.094224065542221,-0.2212696075439453,2.094224065542221,1.8729544579982758,-0.2212696075439453,False,False,True,False
OD_00511,BASE_0040,action_distance,open_closed,box,open,closed,-0.6669950485229492,-1.8959903717041016,-0.6669950485229492,1.8959903717041016,1.2289953231811523,-0.6669950485229492,False,False,True,False
OD_00512,BASE_0040,contradict_adjacent,open_closed,box,open,closed,-4.667889636009932,4.53783493116498,-4.667889636009932,-4.53783493116498,-9.205724567174911,-4.667889636009932,False,False,False,False
OD_00513,BASE_0040,contradict_then,open_closed,box,open,closed,-4.568266943097115,4.103517711162567,-4.568266943097115,-4.103517711162567,-8.671784654259682,-4.568266943097115,False,False,False,False
OD_00514,BASE_0040,contradict_distance,open_closed,box,open,closed,-3.9143607914447784,2.963019460439682,-3.9143607914447784,-2.963019460439682,-6.8773802518844604,-3.9143607914447784,False,False,False,False
OD_00515,BASE_0040,consistent_adjacent,open_closed,box,open,closed,4.839686505496502,-5.0989457257092,4.839686505496502,5.0989457257092,9.938632231205702,4.839686505496502,True,False,False,False
OD_00516,BASE_0040,explicit_override_direct,open_closed,box,open,closed,4.846160009503365,-1.7579651176929474,4.846160009503365,1.7579651176929474,6.604125127196312,1.7579651176929474,True,False,False,False
OD_00517,BASE_0040,tf_prior_only_contradict,open_closed,box,open,closed,-1.9928007125854492,-2.119008779525757,-1.9928007125854492,2.119008779525757,0.12620806694030762,-1.9928007125854492,False,False,True,True
OD_00518,BASE_0040,tf_action_only,open_closed,box,open,closed,-0.13141345977783203,-1.8613899946212769,-0.13141345977783203,1.8613899946212769,1.7299765348434448,-0.13141345977783203,False,False,True,True
OD_00519,BASE_0040,tf_contradict_adjacent,open_closed,box,open,closed,-1.8439884185791016,-2.2897586822509766,-1.8439884185791016,2.2897586822509766,0.445770263671875,-1.8439884185791016,False,False,True,True
OD_00520,BASE_0040,tf_contradict_distance,open_closed,box,open,closed,-1.9558191299438477,-2.3782291412353516,-1.9558191299438477,2.3782291412353516,0.4224100112915039,-1.9558191299438477,False,False,True,True
OD_00521,BASE_0041,none,open_closed,bag,open,closed,0.007822036743164062,0.007822036743164062,0.007822036743164062,-0.007822036743164062,0.0,-0.007822036743164062,False,True,False,False
OD_00522,BASE_0041,prior_only_contradict,open_closed,bag,open,closed,-4.81867228448391,4.6109000369906425,-4.81867228448391,-4.6109000369906425,-9.429572321474552,-4.81867228448391,False,False,False,False
OD_00523,BASE_0041,action_only,open_closed,bag,open,closed,-0.21858501434326172,-2.5910539031028748,-0.21858501434326172,2.5910539031028748,2.372468888759613,-0.21858501434326172,False,False,True,False
OD_00524,BASE_0041,action_distance,open_closed,bag,open,closed,-0.5712041854858398,-1.98085218667984,-0.5712041854858398,1.98085218667984,1.4096480011940002,-0.5712041854858398,False,False,True,False
OD_00525,BASE_0041,contradict_adjacent,open_closed,bag,open,closed,-5.047465533018112,3.75176227837801,-5.047465533018112,-3.75176227837801,-8.799227811396122,-5.047465533018112,False,False,False,False
OD_00526,BASE_0041,contradict_then,open_closed,bag,open,closed,-4.888819873332977,3.122260957956314,-4.888819873332977,-3.122260957956314,-8.011080831289291,-4.888819873332977,False,False,False,False
OD_00527,BASE_0041,contradict_distance,open_closed,bag,open,closed,-4.266691327095032,2.261260986328125,-4.266691327095032,-2.261260986328125,-6.527952313423157,-4.266691327095032,False,False,False,False
OD_00528,BASE_0041,consistent_adjacent,open_closed,bag,open,closed,3.8575161695480347,-5.4719579964876175,3.8575161695480347,5.4719579964876175,9.329474166035652,3.8575161695480347,True,False,False,False
OD_00529,BASE_0041,explicit_override_direct,open_closed,bag,open,closed,3.506767198443413,-2.5839633345603943,3.506767198443413,2.5839633345603943,6.090730533003807,2.5839633345603943,True,False,False,False
OD_00530,BASE_0041,tf_prior_only_contradict,open_closed,bag,open,closed,-2.185558319091797,-2.4460361003875732,-2.185558319091797,2.4460361003875732,0.26047778129577637,-2.185558319091797,False,False,True,True
OD_00531,BASE_0041,tf_action_only,open_closed,bag,open,closed,0.005816459655761719,-2.0059890747070312,0.005816459655761719,2.0059890747070312,2.011805534362793,0.005816459655761719,True,False,False,True
OD_00532,BASE_0041,tf_contradict_adjacent,open_closed,bag,open,closed,-1.7507219314575195,-2.683206558227539,-1.7507219314575195,2.683206558227539,0.9324846267700195,-1.7507219314575195,False,False,True,True
OD_00533,BASE_0041,tf_contradict_distance,open_closed,bag,open,closed,-1.7183953523635864,-2.6313934326171875,-1.7183953523635864,2.6313934326171875,0.9129980802536011,-1.7183953523635864,False,False,True,True
OD_00534,BASE_0042,none,open_closed,bag,open,closed,0.007822036743164062,0.007822036743164062,0.007822036743164062,-0.007822036743164062,0.0,-0.007822036743164062,False,True,False,False
OD_00535,BASE_0042,prior_only_contradict,open_closed,bag,open,closed,-4.81867228448391,4.6109000369906425,-4.81867228448391,-4.6109000369906425,-9.429572321474552,-4.81867228448391,False,False,False,False
OD_00536,BASE_0042,action_only,open_closed,bag,open,closed,-0.573512077331543,-2.8954896926879883,-0.573512077331543,2.8954896926879883,2.3219776153564453,-0.573512077331543,False,False,True,False
OD_00537,BASE_0042,action_distance,open_closed,bag,open,closed,-0.6811046600341797,-2.309845805168152,-0.6811046600341797,2.309845805168152,1.6287411451339722,-0.6811046600341797,False,False,True,False
OD_00538,BASE_0042,contradict_adjacent,open_closed,bag,open,closed,-5.320960808545351,3.326202467083931,-5.320960808545351,-3.326202467083931,-8.647163275629282,-5.320960808545351,False,False,False,False
OD_00539,BASE_0042,contradict_then,open_closed,bag,open,closed,-5.150626245886087,2.915685713291168,-5.150626245886087,-2.915685713291168,-8.066311959177256,-5.150626245886087,False,False,False,False
OD_00540,BASE_0042,contradict_distance,open_closed,bag,open,closed,-4.405252434313297,2.0981205999851227,-4.405252434313297,-2.0981205999851227,-6.50337303429842,-4.405252434313297,False,False,False,False
OD_00541,BASE_0042,consistent_adjacent,open_closed,bag,open,closed,3.787960112094879,-5.652381986379623,3.787960112094879,5.652381986379623,9.440342098474503,3.787960112094879,True,False,False,False
OD_00542,BASE_0042,explicit_override_direct,open_closed,bag,open,closed,3.506767198443413,-2.5839633345603943,3.506767198443413,2.5839633345603943,6.090730533003807,2.5839633345603943,True,False,False,False
OD_00543,BASE_0042,tf_prior_only_contradict,open_closed,bag,open,closed,-2.185558319091797,-2.4460361003875732,-2.185558319091797,2.4460361003875732,0.26047778129577637,-2.185558319091797,False,False,True,True
OD_00544,BASE_0042,tf_action_only,open_closed,bag,open,closed,-0.30914878845214844,-2.3162165880203247,-0.30914878845214844,2.3162165880203247,2.0070677995681763,-0.30914878845214844,False,False,True,True
OD_00545,BASE_0042,tf_contradict_adjacent,open_closed,bag,open,closed,-2.0015543699264526,-2.8812286853790283,-2.0015543699264526,2.8812286853790283,0.8796743154525757,-2.0015543699264526,False,False,True,True
OD_00546,BASE_0042,tf_contradict_distance,open_closed,bag,open,closed,-1.9080754518508911,-2.7544260025024414,-1.9080754518508911,2.7544260025024414,0.8463505506515503,-1.9080754518508911,False,False,True,True
OD_00547,BASE_0043,none,open_closed,bag,open,closed,0.007822036743164062,0.007822036743164062,0.007822036743164062,-0.007822036743164062,0.0,-0.007822036743164062,False,True,False,False
OD_00548,BASE_0043,prior_only_contradict,open_closed,bag,open,closed,-4.81867228448391,4.6109000369906425,-4.81867228448391,-4.6109000369906425,-9.429572321474552,-4.81867228448391,False,False,False,False
OD_00549,BASE_0043,action_only,open_closed,bag,open,closed,0.5101631879806519,-2.799822688102722,0.5101631879806519,2.799822688102722,3.309985876083374,0.5101631879806519,True,False,False,False
OD_00550,BASE_0043,action_distance,open_closed,bag,open,closed,-0.3737039566040039,-2.2331637740135193,-0.3737039566040039,2.2331637740135193,1.8594598174095154,-0.3737039566040039,False,False,True,False
OD_00551,BASE_0043,contradict_adjacent,open_closed,bag,open,closed,-5.044438261538744,3.4587431624531746,-5.044438261538744,-3.4587431624531746,-8.503181423991919,-5.044438261538744,False,False,False,False
OD_00552,BASE_0043,contradict_then,open_closed,bag,open,closed,-4.928751707077026,3.0425557643175125,-4.928751707077026,-3.0425557643175125,-7.971307471394539,-4.928751707077026,False,False,False,False
OD_00553,BASE_0043,contradict_distance,open_closed,bag,open,closed,-4.2611226215958595,2.2029294967651367,-4.2611226215958595,-2.2029294967651367,-6.464052118360996,-4.2611226215958595,False,False,False,False
OD_00554,BASE_0043,consistent_adjacent,open_closed,bag,open,closed,3.892561912536621,-5.4873856492340565,3.892561912536621,5.4873856492340565,9.379947561770678,3.892561912536621,True,False,False,False
OD_00555,BASE_0043,explicit_override_direct,open_closed,bag,open,closed,3.506767198443413,-2.5839633345603943,3.506767198443413,2.5839633345603943,6.090730533003807,2.5839633345603943,True,False,False,False
OD_00556,BASE_0043,tf_prior_only_contradict,open_closed,bag,open,closed,-2.185558319091797,-2.4460361003875732,-2.185558319091797,2.4460361003875732,0.26047778129577637,-2.185558319091797,False,False,True,True
OD_00557,BASE_0043,tf_action_only,open_closed,bag,open,closed,0.19561195373535156,-1.779806137084961,0.19561195373535156,1.779806137084961,1.9754180908203125,0.19561195373535156,True,False,False,True
OD_00558,BASE_0043,tf_contradict_adjacent,open_closed,bag,open,closed,-1.8144588470458984,-2.7608203887939453,-1.8144588470458984,2.7608203887939453,0.9463615417480469,-1.8144588470458984,False,False,True,True
OD_00559,BASE_0043,tf_contradict_distance,open_closed,bag,open,closed,-1.751832127571106,-2.6664464473724365,-1.751832127571106,2.6664464473724365,0.9146143198013306,-1.751832127571106,False,False,True,True
OD_00560,BASE_0044,none,open_closed,bag,open,closed,0.007822036743164062,0.007822036743164062,0.007822036743164062,-0.007822036743164062,0.0,-0.007822036743164062,False,True,False,False
OD_00561,BASE_0044,prior_only_contradict,open_closed,bag,open,closed,-4.81867228448391,4.6109000369906425,-4.81867228448391,-4.6109000369906425,-9.429572321474552,-4.81867228448391,False,False,False,False
OD_00562,BASE_0044,action_only,open_closed,bag,open,closed,-0.35826969146728516,-2.5203761756420135,-0.35826969146728516,2.5203761756420135,2.1621064841747284,-0.35826969146728516,False,False,True,False
OD_00563,BASE_0044,action_distance,open_closed,bag,open,closed,-0.722437858581543,-1.940214216709137,-0.722437858581543,1.940214216709137,1.217776358127594,-0.722437858581543,False,False,True,False
OD_00564,BASE_0044,contradict_adjacent,open_closed,bag,open,closed,-5.259225707501173,3.670141316950321,-5.259225707501173,-3.670141316950321,-8.929367024451494,-5.259225707501173,False,False,False,False
OD_00565,BASE_0044,contradict_then,open_closed,bag,open,closed,-5.074789986014366,3.1573562622070312,-5.074789986014366,-3.1573562622070312,-8.232146248221397,-5.074789986014366,False,False,False,False
OD_00566,BASE_0044,contradict_distance,open_closed,bag,open,closed,-4.342385068535805,2.315620541572571,-4.342385068535805,-2.315620541572571,-6.6580056101083755,-4.342385068535805,False,False,False,False
OD_00567,BASE_0044,consistent_adjacent,open_closed,bag,open,closed,3.797813445329666,-5.631278973072767,3.797813445329666,5.631278973072767,9.429092418402433,3.797813445329666,True,False,False,False
OD_00568,BASE_0044,explicit_override_direct,open_closed,bag,open,closed,3.506767198443413,-2.5839633345603943,3.506767198443413,2.5839633345603943,6.090730533003807,2.5839633345603943,True,False,False,False
OD_00569,BASE_0044,tf_prior_only_contradict,open_closed,bag,open,closed,-2.185558319091797,-2.4460361003875732,-2.185558319091797,2.4460361003875732,0.26047778129577637,-2.185558319091797,False,False,True,True
OD_00570,BASE_0044,tf_action_only,open_closed,bag,open,closed,-0.09450244903564453,-2.071971893310547,-0.09450244903564453,2.071971893310547,1.9774694442749023,-0.09450244903564453,False,False,True,True
OD_00571,BASE_0044,tf_contradict_adjacent,open_closed,bag,open,closed,-1.9828166961669922,-2.7958571910858154,-1.9828166961669922,2.7958571910858154,0.8130404949188232,-1.9828166961669922,False,False,True,True
OD_00572,BASE_0044,tf_contradict_distance,open_closed,bag,open,closed,-1.8537579774856567,-2.6890851259231567,-1.8537579774856567,2.6890851259231567,0.8353271484375,-1.8537579774856567,False,False,True,True
OD_00573,BASE_0045,none,open_closed,bag,open,closed,0.007822036743164062,0.007822036743164062,0.007822036743164062,-0.007822036743164062,0.0,-0.007822036743164062,False,True,False,False
OD_00574,BASE_0045,prior_only_contradict,open_closed,bag,open,closed,-4.81867228448391,4.6109000369906425,-4.81867228448391,-4.6109000369906425,-9.429572321474552,-4.81867228448391,False,False,False,False
OD_00575,BASE_0045,action_only,open_closed,bag,open,closed,0.5056781768798828,-2.261989653110504,0.5056781768798828,2.261989653110504,2.767667829990387,0.5056781768798828,True,False,False,False
OD_00576,BASE_0045,action_distance,open_closed,bag,open,closed,-0.30818939208984375,-2.039877772331238,-0.30818939208984375,2.039877772331238,1.731688380241394,-0.30818939208984375,False,False,True,False
OD_00577,BASE_0045,contradict_adjacent,open_closed,bag,open,closed,-5.069660093635321,3.601757988333702,-5.069660093635321,-3.601757988333702,-8.671418081969023,-5.069660093635321,False,False,False,False
OD_00578,BASE_0045,contradict_then,open_closed,bag,open,closed,-4.9217823296785355,3.2499703764915466,-4.9217823296785355,-3.2499703764915466,-8.171752706170082,-4.9217823296785355,False,False,False,False
OD_00579,BASE_0045,contradict_distance,open_closed,bag,open,closed,-4.22297765314579,2.255800172686577,-4.22297765314579,-2.255800172686577,-6.478777825832367,-4.22297765314579,False,False,False,False
OD_00580,BASE_0045,consistent_adjacent,open_closed,bag,open,closed,3.9846526086330414,-5.461101721972227,3.9846526086330414,5.461101721972227,9.445754330605268,3.9846526086330414,True,False,False,False
OD_00581,BASE_0045,explicit_override_direct,open_closed,bag,open,closed,3.506767198443413,-2.5839633345603943,3.506767198443413,2.5839633345603943,6.090730533003807,2.5839633345603943,True,False,False,False
OD_00582,BASE_0045,tf_prior_only_contradict,open_closed,bag,open,closed,-2.185558319091797,-2.4460361003875732,-2.185558319091797,2.4460361003875732,0.26047778129577637,-2.185558319091797,False,False,True,True
OD_00583,BASE_0045,tf_action_only,open_closed,bag,open,closed,0.19309234619140625,-1.634135365486145,0.19309234619140625,1.634135365486145,1.8272277116775513,0.19309234619140625,True,False,False,True
OD_00584,BASE_0045,tf_contradict_adjacent,open_closed,bag,open,closed,-1.8533802032470703,-2.64862322807312,-1.8533802032470703,2.64862322807312,0.7952430248260498,-1.8533802032470703,False,False,True,True
OD_00585,BASE_0045,tf_contradict_distance,open_closed,bag,open,closed,-1.7031583786010742,-2.5835514068603516,-1.7031583786010742,2.5835514068603516,0.8803930282592773,-1.7031583786010742,False,False,True,True
OD_00586,BASE_0046,none,open_closed,bag,open,closed,0.007822036743164062,0.007822036743164062,0.007822036743164062,-0.007822036743164062,0.0,-0.007822036743164062,False,True,False,False
OD_00587,BASE_0046,prior_only_contradict,open_closed,bag,open,closed,-4.81867228448391,4.6109000369906425,-4.81867228448391,-4.6109000369906425,-9.429572321474552,-4.81867228448391,False,False,False,False
OD_00588,BASE_0046,action_only,open_closed,bag,open,closed,0.9649019241333008,-2.055367350578308,0.9649019241333008,2.055367350578308,3.020269274711609,0.9649019241333008,True,False,False,False
OD_00589,BASE_0046,action_distance,open_closed,bag,open,closed,-0.2960081100463867,-1.9500807523727417,-0.2960081100463867,1.9500807523727417,1.654072642326355,-0.2960081100463867,False,False,True,False
OD_00590,BASE_0046,contradict_adjacent,open_closed,bag,open,closed,-5.051703568547964,3.9411212280392647,-5.051703568547964,-3.9411212280392647,-8.992824796587229,-5.051703568547964,False,False,False,False
OD_00591,BASE_0046,contradict_then,open_closed,bag,open,closed,-4.8913716450333595,3.2215939462184906,-4.8913716450333595,-3.2215939462184906,-8.11296559125185,-4.8913716450333595,False,False,False,False
OD_00592,BASE_0046,contradict_distance,open_closed,bag,open,closed,-4.268375210464001,2.3861818611621857,-4.268375210464001,-2.3861818611621857,-6.654557071626186,-4.268375210464001,False,False,False,False
OD_00593,BASE_0046,consistent_adjacent,open_closed,bag,open,closed,4.021857187151909,-5.516359236091375,4.021857187151909,5.516359236091375,9.538216423243284,4.021857187151909,True,False,False,False
OD_00594,BASE_0046,explicit_override_direct,open_closed,bag,open,closed,3.506767198443413,-2.5839633345603943,3.506767198443413,2.5839633345603943,6.090730533003807,2.5839633345603943,True,False,False,False
OD_00595,BASE_0046,tf_prior_only_contradict,open_closed,bag,open,closed,-2.185558319091797,-2.4460361003875732,-2.185558319091797,2.4460361003875732,0.26047778129577637,-2.185558319091797,False,False,True,True
OD_00596,BASE_0046,tf_action_only,open_closed,bag,open,closed,0.41660594940185547,-1.6278868913650513,0.41660594940185547,1.6278868913650513,2.0444928407669067,0.41660594940185547,True,False,False,True
OD_00597,BASE_0046,tf_contradict_adjacent,open_closed,bag,open,closed,-1.753261685371399,-2.632993459701538,-1.753261685371399,2.632993459701538,0.8797317743301392,-1.753261685371399,False,False,True,True
OD_00598,BASE_0046,tf_contradict_distance,open_closed,bag,open,closed,-1.7583503723144531,-2.6310548782348633,-1.7583503723144531,2.6310548782348633,0.8727045059204102,-1.7583503723144531,False,False,True,True
OD_00599,BASE_0047,none,open_closed,bag,open,closed,0.007822036743164062,0.007822036743164062,0.007822036743164062,-0.007822036743164062,0.0,-0.007822036743164062,False,True,False,False
OD_00600,BASE_0047,prior_only_contradict,open_closed,bag,open,closed,-4.81867228448391,4.6109000369906425,-4.81867228448391,-4.6109000369906425,-9.429572321474552,-4.81867228448391,False,False,False,False
OD_00601,BASE_0047,action_only,open_closed,bag,open,closed,0.6406421661376953,-1.721910536289215,0.6406421661376953,1.721910536289215,2.3625527024269104,0.6406421661376953,True,False,False,False
OD_00602,BASE_0047,action_distance,open_closed,bag,open,closed,-0.2810419797897339,-1.8143873810768127,-0.2810419797897339,1.8143873810768127,1.5333454012870789,-0.2810419797897339,False,False,True,False
OD_00603,BASE_0047,contradict_adjacent,open_closed,bag,open,closed,-4.889248892664909,3.6667518839240074,-4.889248892664909,-3.6667518839240074,-8.556000776588917,-4.889248892664909,False,False,False,False
OD_00604,BASE_0047,contradict_then,open_closed,bag,open,closed,-4.850984759628773,3.151553153991699,-4.850984759628773,-3.151553153991699,-8.002537913620472,-4.850984759628773,False,False,False,False
OD_00605,BASE_0047,contradict_distance,open_closed,bag,open,closed,-4.115063779056072,2.3150253891944885,-4.115063779056072,-2.3150253891944885,-6.430089168250561,-4.115063779056072,False,False,False,False
OD_00606,BASE_0047,consistent_adjacent,open_closed,bag,open,closed,3.9774951189756393,-5.434873476624489,3.9774951189756393,5.434873476624489,9.412368595600128,3.9774951189756393,True,False,False,False
OD_00607,BASE_0047,explicit_override_direct,open_closed,bag,open,closed,3.506767198443413,-2.5839633345603943,3.506767198443413,2.5839633345603943,6.090730533003807,2.5839633345603943,True,False,False,False
OD_00608,BASE_0047,tf_prior_only_contradict,open_closed,bag,open,closed,-2.185558319091797,-2.4460361003875732,-2.185558319091797,2.4460361003875732,0.26047778129577637,-2.185558319091797,False,False,True,True
OD_00609,BASE_0047,tf_action_only,open_closed,bag,open,closed,0.28030967712402344,-1.5935649871826172,0.28030967712402344,1.5935649871826172,1.8738746643066406,0.28030967712402344,True,False,False,True
OD_00610,BASE_0047,tf_contradict_adjacent,open_closed,bag,open,closed,-1.707224726676941,-2.5873451232910156,-1.707224726676941,2.5873451232910156,0.8801203966140747,-1.707224726676941,False,False,True,True
OD_00611,BASE_0047,tf_contradict_distance,open_closed,bag,open,closed,-1.5977411270141602,-2.5407497882843018,-1.5977411270141602,2.5407497882843018,0.9430086612701416,-1.5977411270141602,False,False,True,True
OD_00612,BASE_0048,none,open_closed,bag,open,closed,0.007822036743164062,0.007822036743164062,0.007822036743164062,-0.007822036743164062,0.0,-0.007822036743164062,False,True,False,False
OD_00613,BASE_0048,prior_only_contradict,open_closed,bag,open,closed,-4.81867228448391,4.6109000369906425,-4.81867228448391,-4.6109000369906425,-9.429572321474552,-4.81867228448391,False,False,False,False
OD_00614,BASE_0048,action_only,open_closed,bag,open,closed,0.09726142883300781,-2.295702040195465,0.09726142883300781,2.295702040195465,2.392963469028473,0.09726142883300781,True,False,False,False
OD_00615,BASE_0048,action_distance,open_closed,bag,open,closed,-0.6210422515869141,-2.0821781158447266,-0.6210422515869141,2.0821781158447266,1.4611358642578125,-0.6210422515869141,False,False,True,False
OD_00616,BASE_0048,contradict_adjacent,open_closed,bag,open,closed,-5.113197464495897,3.4948636293411255,-5.113197464495897,-3.4948636293411255,-8.608061093837023,-5.113197464495897,False,False,False,False
OD_00617,BASE_0048,contradict_then,open_closed,bag,open,closed,-4.965617053210735,3.0504026114940643,-4.965617053210735,-3.0504026114940643,-8.0160196647048,-4.965617053210735,False,False,False,False
OD_00618,BASE_0048,contradict_distance,open_closed,bag,open,closed,-4.285851575434208,2.189887136220932,-4.285851575434208,-2.189887136220932,-6.47573871165514,-4.285851575434208,False,False,False,False
OD_00619,BASE_0048,consistent_adjacent,open_closed,bag,open,closed,3.8808756321668625,-5.512800257652998,3.8808756321668625,5.512800257652998,9.39367588981986,3.8808756321668625,True,False,False,False
OD_00620,BASE_0048,explicit_override_direct,open_closed,bag,open,closed,3.506767198443413,-2.5839633345603943,3.506767198443413,2.5839633345603943,6.090730533003807,2.5839633345603943,True,False,False,False
OD_00621,BASE_0048,tf_prior_only_contradict,open_closed,bag,open,closed,-2.185558319091797,-2.4460361003875732,-2.185558319091797,2.4460361003875732,0.26047778129577637,-2.185558319091797,False,False,True,True
OD_00622,BASE_0048,tf_action_only,open_closed,bag,open,closed,-0.04478931427001953,-1.81609046459198,-0.04478931427001953,1.81609046459198,1.7713011503219604,-0.04478931427001953,False,False,True,True
OD_00623,BASE_0048,tf_contradict_adjacent,open_closed,bag,open,closed,-1.8748235702514648,-2.6737568378448486,-1.8748235702514648,2.6737568378448486,0.7989332675933838,-1.8748235702514648,False,False,True,True
OD_00624,BASE_0048,tf_contradict_distance,open_closed,bag,open,closed,-1.7585192918777466,-2.6334097385406494,-1.7585192918777466,2.6334097385406494,0.8748904466629028,-1.7585192918777466,False,False,True,True
OD_00625,BASE_0049,none,open_closed,bag,open,closed,0.007822036743164062,0.007822036743164062,0.007822036743164062,-0.007822036743164062,0.0,-0.007822036743164062,False,True,False,False
OD_00626,BASE_0049,prior_only_contradict,open_closed,bag,open,closed,-4.81867228448391,4.6109000369906425,-4.81867228448391,-4.6109000369906425,-9.429572321474552,-4.81867228448391,False,False,False,False
OD_00627,BASE_0049,action_only,open_closed,bag,open,closed,0.2262554168701172,-2.4762458503246307,0.2262554168701172,2.4762458503246307,2.702501267194748,0.2262554168701172,True,False,False,False
OD_00628,BASE_0049,action_distance,open_closed,bag,open,closed,-0.5249843597412109,-2.1431722044944763,-0.5249843597412109,2.1431722044944763,1.6181878447532654,-0.5249843597412109,False,False,True,False
OD_00629,BASE_0049,contradict_adjacent,open_closed,bag,open,closed,-5.092504285275936,3.5828417763113976,-5.092504285275936,-3.5828417763113976,-8.675346061587334,-5.092504285275936,False,False,False,False
OD_00630,BASE_0049,contradict_then,open_closed,bag,open,closed,-4.9728347063064575,3.0165585428476334,-4.9728347063064575,-3.0165585428476334,-7.989393249154091,-4.9728347063064575,False,False,False,False
OD_00631,BASE_0049,contradict_distance,open_closed,bag,open,closed,-4.193125799298286,2.111919403076172,-4.193125799298286,-2.111919403076172,-6.305045202374458,-4.193125799298286,False,False,False,False
OD_00632,BASE_0049,consistent_adjacent,open_closed,bag,open,closed,3.7308120131492615,-5.51070599630475,3.7308120131492615,5.51070599630475,9.241518009454012,3.7308120131492615,True,False,False,False
OD_00633,BASE_0049,explicit_override_direct,open_closed,bag,open,closed,3.506767198443413,-2.5839633345603943,3.506767198443413,2.5839633345603943,6.090730533003807,2.5839633345603943,True,False,False,False
OD_00634,BASE_0049,tf_prior_only_contradict,open_closed,bag,open,closed,-2.185558319091797,-2.4460361003875732,-2.185558319091797,2.4460361003875732,0.26047778129577637,-2.185558319091797,False,False,True,True
OD_00635,BASE_0049,tf_action_only,open_closed,bag,open,closed,-0.07870006561279297,-1.9339714050292969,-0.07870006561279297,1.9339714050292969,1.855271339416504,-0.07870006561279297,False,False,True,True
OD_00636,BASE_0049,tf_contradict_adjacent,open_closed,bag,open,closed,-2.023819923400879,-2.81831431388855,-2.023819923400879,2.81831431388855,0.7944943904876709,-2.023819923400879,False,False,True,True
OD_00637,BASE_0049,tf_contradict_distance,open_closed,bag,open,closed,-1.8738718032836914,-2.709783673286438,-1.8738718032836914,2.709783673286438,0.8359118700027466,-1.8738718032836914,False,False,True,True
OD_00638,BASE_0050,none,open_closed,bag,open,closed,0.007822036743164062,0.007822036743164062,0.007822036743164062,-0.007822036743164062,0.0,-0.007822036743164062,False,True,False,False
OD_00639,BASE_0050,prior_only_contradict,open_closed,bag,open,closed,-4.81867228448391,4.6109000369906425,-4.81867228448391,-4.6109000369906425,-9.429572321474552,-4.81867228448391,False,False,False,False
OD_00640,BASE_0050,action_only,open_closed,bag,open,closed,-0.9384669065475464,-2.6366166472434998,-0.9384669065475464,2.6366166472434998,1.6981497406959534,-0.9384669065475464,False,False,True,False
OD_00641,BASE_0050,action_distance,open_closed,bag,open,closed,-0.8156384229660034,-2.098402976989746,-0.8156384229660034,2.098402976989746,1.2827645540237427,-0.8156384229660034,False,False,True,False
OD_00642,BASE_0050,contradict_adjacent,open_closed,bag,open,closed,-5.2659309059381485,3.6214810460805893,-5.2659309059381485,-3.6214810460805893,-8.887411952018738,-5.2659309059381485,False,False,False,False
OD_00643,BASE_0050,contradict_then,open_closed,bag,open,closed,-5.1525678634643555,3.1168726980686188,-5.1525678634643555,-3.1168726980686188,-8.269440561532974,-5.1525678634643555,False,False,False,False
OD_00644,BASE_0050,contradict_distance,open_closed,bag,open,closed,-4.507654130458832,2.2554197013378143,-4.507654130458832,-2.2554197013378143,-6.763073831796646,-4.507654130458832,False,False,False,False
OD_00645,BASE_0050,consistent_adjacent,open_closed,bag,open,closed,3.83197021484375,-5.5945655554533005,3.83197021484375,5.5945655554533005,9.42653577029705,3.83197021484375,True,False,False,False
OD_00646,BASE_0050,explicit_override_direct,open_closed,bag,open,closed,3.506767198443413,-2.5839633345603943,3.506767198443413,2.5839633345603943,6.090730533003807,2.5839633345603943,True,False,False,False
OD_00647,BASE_0050,tf_prior_only_contradict,open_closed,bag,open,closed,-2.185558319091797,-2.4460361003875732,-2.185558319091797,2.4460361003875732,0.26047778129577637,-2.185558319091797,False,False,True,True
OD_00648,BASE_0050,tf_action_only,open_closed,bag,open,closed,-0.2895774841308594,-2.3427428603172302,-0.2895774841308594,2.3427428603172302,2.053165376186371,-0.2895774841308594,False,False,True,True
OD_00649,BASE_0050,tf_contradict_adjacent,open_closed,bag,open,closed,-1.9407310485839844,-2.7731361389160156,-1.9407310485839844,2.7731361389160156,0.8324050903320312,-1.9407310485839844,False,False,True,True
OD_00650,BASE_0050,tf_contradict_distance,open_closed,bag,open,closed,-1.8981456756591797,-2.746004343032837,-1.8981456756591797,2.746004343032837,0.8478586673736572,-1.8981456756591797,False,False,True,True
OD_00651,BASE_0051,none,open_closed,window,open,closed,0.5415163040161133,0.5415163040161133,0.5415163040161133,-0.5415163040161133,0.0,-0.5415163040161133,False,True,False,False
OD_00652,BASE_0051,prior_only_contradict,open_closed,window,open,closed,-4.125928029417992,6.247989572584629,-4.125928029417992,-6.247989572584629,-10.37391760200262,-6.247989572584629,False,False,False,False
OD_00653,BASE_0051,action_only,open_closed,window,open,closed,0.3057994842529297,-2.732425570487976,0.3057994842529297,2.732425570487976,3.0382250547409058,0.3057994842529297,True,False,False,False
OD_00654,BASE_0051,action_distance,open_closed,window,open,closed,-0.1203927993774414,-1.6934300661087036,-0.1203927993774414,1.6934300661087036,1.5730372667312622,-0.1203927993774414,False,False,True,False
OD_00655,BASE_0051,contradict_adjacent,open_closed,window,open,closed,-4.2908313274383545,5.000996716320515,-4.2908313274383545,-5.000996716320515,-9.29182804375887,-5.000996716320515,False,False,False,False
OD_00656,BASE_0051,contradict_then,open_closed,window,open,closed,-3.989282540977001,4.542689472436905,-3.989282540977001,-4.542689472436905,-8.531972013413906,-4.542689472436905,False,False,False,False
OD_00657,BASE_0051,contradict_distance,open_closed,window,open,closed,-3.6780271530151367,3.4374799728393555,-3.6780271530151367,-3.4374799728393555,-7.115507125854492,-3.6780271530151367,False,False,False,False
OD_00658,BASE_0051,consistent_adjacent,open_closed,window,open,closed,5.353620328009129,-4.496639139950275,5.353620328009129,4.496639139950275,9.850259467959404,4.496639139950275,True,False,False,False
OD_00659,BASE_0051,explicit_override_direct,open_closed,window,open,closed,4.35023956745863,-0.40776729583740234,4.35023956745863,0.40776729583740234,4.758006863296032,0.40776729583740234,True,False,False,False
OD_00660,BASE_0051,tf_prior_only_contradict,open_closed,window,open,closed,-1.670572280883789,-1.6688520908355713,-1.670572280883789,1.6688520908355713,-0.0017201900482177734,-1.670572280883789,False,False,True,True
OD_00661,BASE_0051,tf_action_only,open_closed,window,open,closed,0.4288291931152344,-1.288252830505371,0.4288291931152344,1.288252830505371,1.7170820236206055,0.4288291931152344,True,False,False,True
OD_00662,BASE_0051,tf_contradict_adjacent,open_closed,window,open,closed,-1.5083789825439453,-1.792527198791504,-1.5083789825439453,1.792527198791504,0.2841482162475586,-1.5083789825439453,False,False,True,True
OD_00663,BASE_0051,tf_contradict_distance,open_closed,window,open,closed,-1.5447025299072266,-1.9044625759124756,-1.5447025299072266,1.9044625759124756,0.359760046005249,-1.5447025299072266,False,False,True,True
OD_00664,BASE_0052,none,open_closed,window,open,closed,0.5415163040161133,0.5415163040161133,0.5415163040161133,-0.5415163040161133,0.0,-0.5415163040161133,False,True,False,False
OD_00665,BASE_0052,prior_only_contradict,open_closed,window,open,closed,-4.125928029417992,6.247989572584629,-4.125928029417992,-6.247989572584629,-10.37391760200262,-6.247989572584629,False,False,False,False
OD_00666,BASE_0052,action_only,open_closed,window,open,closed,0.5524892807006836,-2.7945318520069122,0.5524892807006836,2.7945318520069122,3.347021132707596,0.5524892807006836,True,False,False,False
OD_00667,BASE_0052,action_distance,open_closed,window,open,closed,-0.06486129760742188,-1.9117785692214966,-0.06486129760742188,1.9117785692214966,1.8469172716140747,-0.06486129760742188,False,False,True,False
OD_00668,BASE_0052,contradict_adjacent,open_closed,window,open,closed,-4.367211543023586,4.71436870098114,-4.367211543023586,-4.71436870098114,-9.081580244004726,-4.71436870098114,False,False,False,False
OD_00669,BASE_0052,contradict_then,open_closed,window,open,closed,-4.074068866670132,4.495064906775951,-4.074068866670132,-4.495064906775951,-8.569133773446083,-4.495064906775951,False,False,False,False
OD_00670,BASE_0052,contradict_distance,open_closed,window,open,closed,-3.711320012807846,3.3760519921779633,-3.711320012807846,-3.3760519921779633,-7.087372004985809,-3.711320012807846,False,False,False,False
OD_00671,BASE_0052,consistent_adjacent,open_closed,window,open,closed,5.354442678391933,-4.509593904018402,5.354442678391933,4.509593904018402,9.864036582410336,4.509593904018402,True,False,False,False
OD_00672,BASE_0052,explicit_override_direct,open_closed,window,open,closed,4.35023956745863,-0.40776729583740234,4.35023956745863,0.40776729583740234,4.758006863296032,0.40776729583740234,True,False,False,False
OD_00673,BASE_0052,tf_prior_only_contradict,open_closed,window,open,closed,-1.670572280883789,-1.6688520908355713,-1.670572280883789,1.6688520908355713,-0.0017201900482177734,-1.670572280883789,False,False,True,True
OD_00674,BASE_0052,tf_action_only,open_closed,window,open,closed,0.3181486129760742,-1.328424334526062,0.3181486129760742,1.328424334526062,1.6465729475021362,0.3181486129760742,True,False,False,True
OD_00675,BASE_0052,tf_contradict_adjacent,open_closed,window,open,closed,-1.552206039428711,-1.7760286331176758,-1.552206039428711,1.7760286331176758,0.22382259368896484,-1.552206039428711,False,False,True,True
OD_00676,BASE_0052,tf_contradict_distance,open_closed,window,open,closed,-1.6278247833251953,-1.9472036361694336,-1.6278247833251953,1.9472036361694336,0.3193788528442383,-1.6278247833251953,False,False,True,True
OD_00677,BASE_0053,none,open_closed,window,open,closed,0.5415163040161133,0.5415163040161133,0.5415163040161133,-0.5415163040161133,0.0,-0.5415163040161133,False,True,False,False
OD_00678,BASE_0053,prior_only_contradict,open_closed,window,open,closed,-4.125928029417992,6.247989572584629,-4.125928029417992,-6.247989572584629,-10.37391760200262,-6.247989572584629,False,False,False,False
OD_00679,BASE_0053,action_only,open_closed,window,open,closed,1.9594364166259766,-2.9433393627405167,1.9594364166259766,2.9433393627405167,4.902775779366493,1.9594364166259766,True,False,False,False
OD_00680,BASE_0053,action_distance,open_closed,window,open,closed,0.28797245025634766,-1.9529600143432617,0.28797245025634766,1.9529600143432617,2.2409324645996094,0.28797245025634766,True,False,False,False
OD_00681,BASE_0053,contradict_adjacent,open_closed,window,open,closed,-4.060093097388744,4.829667270183563,-4.060093097388744,-4.829667270183563,-8.889760367572308,-4.829667270183563,False,False,False,False
OD_00682,BASE_0053,contradict_then,open_closed,window,open,closed,-3.870037019252777,4.6070965230464935,-3.870037019252777,-4.6070965230464935,-8.47713354229927,-4.6070965230464935,False,False,False,False
OD_00683,BASE_0053,contradict_distance,open_closed,window,open,closed,-3.5478954762220383,3.367193177342415,-3.5478954762220383,-3.367193177342415,-6.915088653564453,-3.5478954762220383,False,False,False,False
OD_00684,BASE_0053,consistent_adjacent,open_closed,window,open,closed,5.466670237481594,-4.375030696392059,5.466670237481594,4.375030696392059,9.841700933873653,4.375030696392059,True,False,False,False
OD_00685,BASE_0053,explicit_override_direct,open_closed,window,open,closed,4.35023956745863,-0.40776729583740234,4.35023956745863,0.40776729583740234,4.758006863296032,0.40776729583740234,True,False,False,False
OD_00686,BASE_0053,tf_prior_only_contradict,open_closed,window,open,closed,-1.670572280883789,-1.6688520908355713,-1.670572280883789,1.6688520908355713,-0.0017201900482177734,-1.670572280883789,False,False,True,True
OD_00687,BASE_0053,tf_action_only,open_closed,window,open,closed,0.7866249084472656,-0.8852425813674927,0.7866249084472656,0.8852425813674927,1.6718674898147583,0.7866249084472656,True,False,False,True
OD_00688,BASE_0053,tf_contradict_adjacent,open_closed,window,open,closed,-1.4176082611083984,-1.7246885299682617,-1.4176082611083984,1.7246885299682617,0.3070802688598633,-1.4176082611083984,False,False,True,True
OD_00689,BASE_0053,tf_contradict_distance,open_closed,window,open,closed,-1.5172195434570312,-1.8853247165679932,-1.5172195434570312,1.8853247165679932,0.3681051731109619,-1.5172195434570312,False,False,True,True
OD_00690,BASE_0054,none,open_closed,window,open,closed,0.5415163040161133,0.5415163040161133,0.5415163040161133,-0.5415163040161133,0.0,-0.5415163040161133,False,True,False,False
OD_00691,BASE_0054,prior_only_contradict,open_closed,window,open,closed,-4.125928029417992,6.247989572584629,-4.125928029417992,-6.247989572584629,-10.37391760200262,-6.247989572584629,False,False,False,False
OD_00692,BASE_0054,action_only,open_closed,window,open,closed,0.44530200958251953,-2.876178726553917,0.44530200958251953,2.876178726553917,3.3214807361364365,0.44530200958251953,True,False,False,False
OD_00693,BASE_0054,action_distance,open_closed,window,open,closed,-0.21624755859375,-1.7569712400436401,-0.21624755859375,1.7569712400436401,1.5407236814498901,-0.21624755859375,False,False,True,False
OD_00694,BASE_0054,contradict_adjacent,open_closed,window,open,closed,-4.49953930079937,4.830390803515911,-4.49953930079937,-4.830390803515911,-9.329930104315281,-4.830390803515911,False,False,False,False
OD_00695,BASE_0054,contradict_then,open_closed,window,open,closed,-4.190125599503517,4.555861413478851,-4.190125599503517,-4.555861413478851,-8.745987012982368,-4.555861413478851,False,False,False,False
OD_00696,BASE_0054,contradict_distance,open_closed,window,open,closed,-3.743742823600769,3.414666071534157,-3.743742823600769,-3.414666071534157,-7.158408895134926,-3.743742823600769,False,False,False,False
OD_00697,BASE_0054,consistent_adjacent,open_closed,window,open,closed,5.2829559892416,-4.688432797789574,5.2829559892416,4.688432797789574,9.971388787031174,4.688432797789574,True,False,False,False
OD_00698,BASE_0054,explicit_override_direct,open_closed,window,open,closed,4.35023956745863,-0.40776729583740234,4.35023956745863,0.40776729583740234,4.758006863296032,0.40776729583740234,True,False,False,False
OD_00699,BASE_0054,tf_prior_only_contradict,open_closed,window,open,closed,-1.670572280883789,-1.6688520908355713,-1.670572280883789,1.6688520908355713,-0.0017201900482177734,-1.670572280883789,False,False,True,True
OD_00700,BASE_0054,tf_action_only,open_closed,window,open,closed,0.3449831008911133,-1.3770580291748047,0.3449831008911133,1.3770580291748047,1.722041130065918,0.3449831008911133,True,False,False,True
OD_00701,BASE_0054,tf_contradict_adjacent,open_closed,window,open,closed,-1.7183313369750977,-1.9404513835906982,-1.7183313369750977,1.9404513835906982,0.22212004661560059,-1.7183313369750977,False,False,True,True
OD_00702,BASE_0054,tf_contradict_distance,open_closed,window,open,closed,-1.6682510375976562,-1.9799892902374268,-1.6682510375976562,1.9799892902374268,0.3117382526397705,-1.6682510375976562,False,False,True,True
OD_00703,BASE_0055,none,open_closed,window,open,closed,0.5415163040161133,0.5415163040161133,0.5415163040161133,-0.5415163040161133,0.0,-0.5415163040161133,False,True,False,False
OD_00704,BASE_0055,prior_only_contradict,open_closed,window,open,closed,-4.125928029417992,6.247989572584629,-4.125928029417992,-6.247989572584629,-10.37391760200262,-6.247989572584629,False,False,False,False
OD_00705,BASE_0055,action_only,open_closed,window,open,closed,1.5810346603393555,-2.6422195732593536,1.5810346603393555,2.6422195732593536,4.223254233598709,1.5810346603393555,True,False,False,False
OD_00706,BASE_0055,action_distance,open_closed,window,open,closed,0.29088306427001953,-1.8808518648147583,0.29088306427001953,1.8808518648147583,2.171734929084778,0.29088306427001953,True,False,False,False
OD_00707,BASE_0055,contradict_adjacent,open_closed,window,open,closed,-4.186276264488697,4.845006130635738,-4.186276264488697,-4.845006130635738,-9.031282395124435,-4.845006130635738,False,False,False,False
OD_00708,BASE_0055,contradict_then,open_closed,window,open,closed,-3.9214095696806908,4.69361986219883,-3.9214095696806908,-4.69361986219883,-8.61502943187952,-4.69361986219883,False,False,False,False
OD_00709,BASE_0055,contradict_distance,open_closed,window,open,closed,-3.5679081827402115,3.4358874410390854,-3.5679081827402115,-3.4358874410390854,-7.003795623779297,-3.5679081827402115,False,False,False,False
OD_00710,BASE_0055,consistent_adjacent,open_closed,window,open,closed,5.471288777887821,-4.3777332827448845,5.471288777887821,4.3777332827448845,9.849022060632706,4.3777332827448845,True,False,False,False
OD_00711,BASE_0055,explicit_override_direct,open_closed,window,open,closed,4.35023956745863,-0.40776729583740234,4.35023956745863,0.40776729583740234,4.758006863296032,0.40776729583740234,True,False,False,False
OD_00712,BASE_0055,tf_prior_only_contradict,open_closed,window,open,closed,-1.670572280883789,-1.6688520908355713,-1.670572280883789,1.6688520908355713,-0.0017201900482177734,-1.670572280883789,False,False,True,True
OD_00713,BASE_0055,tf_action_only,open_closed,window,open,closed,0.7480173110961914,-0.7196006774902344,0.7480173110961914,0.7196006774902344,1.4676179885864258,0.7196006774902344,True,False,False,True
OD_00714,BASE_0055,tf_contradict_adjacent,open_closed,window,open,closed,-1.4742716550827026,-1.686182975769043,-1.4742716550827026,1.686182975769043,0.21191132068634033,-1.4742716550827026,False,False,True,True
OD_00715,BASE_0055,tf_contradict_distance,open_closed,window,open,closed,-1.4929084777832031,-1.8197193145751953,-1.4929084777832031,1.8197193145751953,0.3268108367919922,-1.4929084777832031,False,False,True,True
OD_00716,BASE_0056,none,open_closed,window,open,closed,0.5415163040161133,0.5415163040161133,0.5415163040161133,-0.5415163040161133,0.0,-0.5415163040161133,False,True,False,False
OD_00717,BASE_0056,prior_only_contradict,open_closed,window,open,closed,-4.125928029417992,6.247989572584629,-4.125928029417992,-6.247989572584629,-10.37391760200262,-6.247989572584629,False,False,False,False
OD_00718,BASE_0056,action_only,open_closed,window,open,closed,1.8001184463500977,-3.060201734304428,1.8001184463500977,3.060201734304428,4.860320180654526,1.8001184463500977,True,False,False,False
OD_00719,BASE_0056,action_distance,open_closed,window,open,closed,0.2602243423461914,-1.791627049446106,0.2602243423461914,1.791627049446106,2.0518513917922974,0.2602243423461914,True,False,False,False
OD_00720,BASE_0056,contradict_adjacent,open_closed,window,open,closed,-4.2034901306033134,5.117163505405188,-4.2034901306033134,-5.117163505405188,-9.320653636008501,-5.117163505405188,False,False,False,False
OD_00721,BASE_0056,contradict_then,open_closed,window,open,closed,-3.9016722440719604,4.602183505892754,-3.9016722440719604,-4.602183505892754,-8.503855749964714,-4.602183505892754,False,False,False,False
OD_00722,BASE_0056,contradict_distance,open_closed,window,open,closed,-3.624736726284027,3.5245590209960938,-3.624736726284027,-3.5245590209960938,-7.149295747280121,-3.624736726284027,False,False,False,False
OD_00723,BASE_0056,consistent_adjacent,open_closed,window,open,closed,5.496242389082909,-4.467163197696209,5.496242389082909,4.467163197696209,9.963405586779118,4.467163197696209,True,False,False,False
OD_00724,BASE_0056,explicit_override_direct,open_closed,window,open,closed,4.35023956745863,-0.40776729583740234,4.35023956745863,0.40776729583740234,4.758006863296032,0.40776729583740234,True,False,False,False
OD_00725,BASE_0056,tf_prior_only_contradict,open_closed,window,open,closed,-1.670572280883789,-1.6688520908355713,-1.670572280883789,1.6688520908355713,-0.0017201900482177734,-1.670572280883789,False,False,True,True
OD_00726,BASE_0056,tf_action_only,open_closed,window,open,closed,0.7552547454833984,-0.8390234708786011,0.7552547454833984,0.8390234708786011,1.5942782163619995,0.7552547454833984,True,False,False,True
OD_00727,BASE_0056,tf_contradict_adjacent,open_closed,window,open,closed,-1.4468755722045898,-1.7360725402832031,-1.4468755722045898,1.7360725402832031,0.2891969680786133,-1.4468755722045898,False,False,True,True
OD_00728,BASE_0056,tf_contradict_distance,open_closed,window,open,closed,-1.5764360427856445,-1.8908405303955078,-1.5764360427856445,1.8908405303955078,0.3144044876098633,-1.5764360427856445,False,False,True,True
OD_00729,BASE_0057,none,open_closed,window,open,closed,0.5415163040161133,0.5415163040161133,0.5415163040161133,-0.5415163040161133,0.0,-0.5415163040161133,False,True,False,False
OD_00730,BASE_0057,prior_only_contradict,open_closed,window,open,closed,-4.125928029417992,6.247989572584629,-4.125928029417992,-6.247989572584629,-10.37391760200262,-6.247989572584629,False,False,False,False
OD_00731,BASE_0057,action_only,open_closed,window,open,closed,1.8398189544677734,-2.1007672250270844,1.8398189544677734,2.1007672250270844,3.940586179494858,1.8398189544677734,True,False,False,False
OD_00732,BASE_0057,action_distance,open_closed,window,open,closed,0.3485298156738281,-1.6296939849853516,0.3485298156738281,1.6296939849853516,1.9782238006591797,0.3485298156738281,True,False,False,False
OD_00733,BASE_0057,contradict_adjacent,open_closed,window,open,closed,-3.944238841533661,4.955354493111372,-3.944238841533661,-4.955354493111372,-8.899593334645033,-4.955354493111372,False,False,False,False
OD_00734,BASE_0057,contradict_then,open_closed,window,open,closed,-3.802446410059929,4.6284466832876205,-3.802446410059929,-4.6284466832876205,-8.43089309334755,-4.6284466832876205,False,False,False,False
OD_00735,BASE_0057,contradict_distance,open_closed,window,open,closed,-3.411849945783615,3.4422254115343094,-3.411849945783615,-3.4422254115343094,-6.8540753573179245,-3.4422254115343094,False,False,False,False
OD_00736,BASE_0057,consistent_adjacent,open_closed,window,open,closed,5.529609732329845,-4.348570674657822,5.529609732329845,4.348570674657822,9.878180406987667,4.348570674657822,True,False,False,False
OD_00737,BASE_0057,explicit_override_direct,open_closed,window,open,closed,4.35023956745863,-0.40776729583740234,4.35023956745863,0.40776729583740234,4.758006863296032,0.40776729583740234,True,False,False,False
OD_00738,BASE_0057,tf_prior_only_contradict,open_closed,window,open,closed,-1.670572280883789,-1.6688520908355713,-1.670572280883789,1.6688520908355713,-0.0017201900482177734,-1.670572280883789,False,False,True,True
OD_00739,BASE_0057,tf_action_only,open_closed,window,open,closed,0.7650699615478516,-0.773585319519043,0.7650699615478516,0.773585319519043,1.5386552810668945,0.7650699615478516,True,False,False,True
OD_00740,BASE_0057,tf_contradict_adjacent,open_closed,window,open,closed,-1.3132551908493042,-1.6518709659576416,-1.3132551908493042,1.6518709659576416,0.3386157751083374,-1.3132551908493042,False,False,True,True
OD_00741,BASE_0057,tf_contradict_distance,open_closed,window,open,closed,-1.3830976486206055,-1.7776679992675781,-1.3830976486206055,1.7776679992675781,0.39457035064697266,-1.3830976486206055,False,False,True,True
OD_00742,BASE_0058,none,open_closed,window,open,closed,0.5415163040161133,0.5415163040161133,0.5415163040161133,-0.5415163040161133,0.0,-0.5415163040161133,False,True,False,False
OD_00743,BASE_0058,prior_only_contradict,open_closed,window,open,closed,-4.125928029417992,6.247989572584629,-4.125928029417992,-6.247989572584629,-10.37391760200262,-6.247989572584629,False,False,False,False
OD_00744,BASE_0058,action_only,open_closed,window,open,closed,1.2792301177978516,-1.9988766014575958,1.2792301177978516,1.9988766014575958,3.2781067192554474,1.2792301177978516,True,False,False,False
OD_00745,BASE_0058,action_distance,open_closed,window,open,closed,-0.08433246612548828,-1.8236368894577026,-0.08433246612548828,1.8236368894577026,1.7393044233322144,-0.08433246612548828,False,False,True,False
OD_00746,BASE_0058,contradict_adjacent,open_closed,window,open,closed,-4.198431067168713,4.908537141978741,-4.198431067168713,-4.908537141978741,-9.106968209147453,-4.908537141978741,False,False,False,False
OD_00747,BASE_0058,contradict_then,open_closed,window,open,closed,-3.970266170799732,4.635514073073864,-3.970266170799732,-4.635514073073864,-8.605780243873596,-4.635514073073864,False,False,False,False
OD_00748,BASE_0058,contradict_distance,open_closed,window,open,closed,-3.5836848318576813,3.377761945128441,-3.5836848318576813,-3.377761945128441,-6.961446776986122,-3.5836848318576813,False,False,False,False
OD_00749,BASE_0058,consistent_adjacent,open_closed,window,open,closed,5.416170991957188,-4.42460161447525,5.416170991957188,4.42460161447525,9.840772606432438,4.42460161447525,True,False,False,False
OD_00750,BASE_0058,explicit_override_direct,open_closed,window,open,closed,4.35023956745863,-0.40776729583740234,4.35023956745863,0.40776729583740234,4.758006863296032,0.40776729583740234,True,False,False,False
OD_00751,BASE_0058,tf_prior_only_contradict,open_closed,window,open,closed,-1.670572280883789,-1.6688520908355713,-1.670572280883789,1.6688520908355713,-0.0017201900482177734,-1.670572280883789,False,False,True,True
OD_00752,BASE_0058,tf_action_only,open_closed,window,open,closed,0.5525178909301758,-0.8276786804199219,0.5525178909301758,0.8276786804199219,1.3801965713500977,0.5525178909301758,True,False,False,True
OD_00753,BASE_0058,tf_contradict_adjacent,open_closed,window,open,closed,-1.5223731994628906,-1.710047721862793,-1.5223731994628906,1.710047721862793,0.18767452239990234,-1.5223731994628906,False,False,True,True
OD_00754,BASE_0058,tf_contradict_distance,open_closed,window,open,closed,-1.5015801191329956,-1.8642988204956055,-1.5015801191329956,1.8642988204956055,0.36271870136260986,-1.5015801191329956,False,False,True,True
OD_00755,BASE_0059,none,open_closed,window,open,closed,0.5415163040161133,0.5415163040161133,0.5415163040161133,-0.5415163040161133,0.0,-0.5415163040161133,False,True,False,False
OD_00756,BASE_0059,prior_only_contradict,open_closed,window,open,closed,-4.125928029417992,6.247989572584629,-4.125928029417992,-6.247989572584629,-10.37391760200262,-6.247989572584629,False,False,False,False
OD_00757,BASE_0059,action_only,open_closed,window,open,closed,0.945347785949707,-2.9013175666332245,0.945347785949707,2.9013175666332245,3.8466653525829315,0.945347785949707,True,False,False,False
OD_00758,BASE_0059,action_distance,open_closed,window,open,closed,0.04009246826171875,-1.9679345488548279,0.04009246826171875,1.9679345488548279,2.0080270171165466,0.04009246826171875,True,False,False,False
OD_00759,BASE_0059,contradict_adjacent,open_closed,window,open,closed,-4.253536321222782,4.652024172246456,-4.253536321222782,-4.652024172246456,-8.905560493469238,-4.652024172246456,False,False,False,False
OD_00760,BASE_0059,contradict_then,open_closed,window,open,closed,-4.031873509287834,4.393100760877132,-4.031873509287834,-4.393100760877132,-8.424974270164967,-4.393100760877132,False,False,False,False
OD_00761,BASE_0059,contradict_distance,open_closed,window,open,closed,-3.576950192451477,3.2124422937631607,-3.576950192451477,-3.2124422937631607,-6.789392486214638,-3.576950192451477,False,False,False,False
OD_00762,BASE_0059,consistent_adjacent,open_closed,window,open,closed,5.195601537823677,-4.5062742829322815,5.195601537823677,4.5062742829322815,9.701875820755959,4.5062742829322815,True,False,False,False
OD_00763,BASE_0059,explicit_override_direct,open_closed,window,open,closed,4.35023956745863,-0.40776729583740234,4.35023956745863,0.40776729583740234,4.758006863296032,0.40776729583740234,True,False,False,False
OD_00764,BASE_0059,tf_prior_only_contradict,open_closed,window,open,closed,-1.670572280883789,-1.6688520908355713,-1.670572280883789,1.6688520908355713,-0.0017201900482177734,-1.670572280883789,False,False,True,True
OD_00765,BASE_0059,tf_action_only,open_closed,window,open,closed,0.36128902435302734,-1.1024771928787231,0.36128902435302734,1.1024771928787231,1.4637662172317505,0.36128902435302734,True,False,False,True
OD_00766,BASE_0059,tf_contradict_adjacent,open_closed,window,open,closed,-1.6983442306518555,-1.9078035354614258,-1.6983442306518555,1.9078035354614258,0.2094593048095703,-1.6983442306518555,False,False,True,True
OD_00767,BASE_0059,tf_contradict_distance,open_closed,window,open,closed,-1.6676026582717896,-1.9649322032928467,-1.6676026582717896,1.9649322032928467,0.29732954502105713,-1.6676026582717896,False,False,True,True
OD_00768,BASE_0060,none,open_closed,window,open,closed,0.5415163040161133,0.5415163040161133,0.5415163040161133,-0.5415163040161133,0.0,-0.5415163040161133,False,True,False,False
OD_00769,BASE_0060,prior_only_contradict,open_closed,window,open,closed,-4.125928029417992,6.247989572584629,-4.125928029417992,-6.247989572584629,-10.37391760200262,-6.247989572584629,False,False,False,False
OD_00770,BASE_0060,action_only,open_closed,window,open,closed,-0.004150390625,-2.579663336277008,-0.004150390625,2.579663336277008,2.575512945652008,-0.004150390625,False,False,True,False
OD_00771,BASE_0060,action_distance,open_closed,window,open,closed,-0.23901939392089844,-1.7849397659301758,-0.23901939392089844,1.7849397659301758,1.5459203720092773,-0.23901939392089844,False,False,True,False
OD_00772,BASE_0060,contradict_adjacent,open_closed,window,open,closed,-4.2670573964715,5.018350750207901,-4.2670573964715,-5.018350750207901,-9.285408146679401,-5.018350750207901,False,False,False,False
OD_00773,BASE_0060,contradict_then,open_closed,window,open,closed,-4.097022779285908,4.690757028758526,-4.097022779285908,-4.690757028758526,-8.787779808044434,-4.690757028758526,False,False,False,False
OD_00774,BASE_0060,contradict_distance,open_closed,window,open,closed,-3.796596646308899,3.5279702693223953,-3.796596646308899,-3.5279702693223953,-7.324566915631294,-3.796596646308899,False,False,False,False
OD_00775,BASE_0060,consistent_adjacent,open_closed,window,open,closed,5.444350957870483,-4.456029832363129,5.444350957870483,4.456029832363129,9.900380790233612,4.456029832363129,True,False,False,False
OD_00776,BASE_0060,explicit_override_direct,open_closed,window,open,closed,4.35023956745863,-0.40776729583740234,4.35023956745863,0.40776729583740234,4.758006863296032,0.40776729583740234,True,False,False,False
OD_00777,BASE_0060,tf_prior_only_contradict,open_closed,window,open,closed,-1.670572280883789,-1.6688520908355713,-1.670572280883789,1.6688520908355713,-0.0017201900482177734,-1.670572280883789,False,False,True,True
OD_00778,BASE_0060,tf_action_only,open_closed,window,open,closed,0.38395118713378906,-1.4326801300048828,0.38395118713378906,1.4326801300048828,1.8166313171386719,0.38395118713378906,True,False,False,True
OD_00779,BASE_0060,tf_contradict_adjacent,open_closed,window,open,closed,-1.4809303283691406,-1.7018136978149414,-1.4809303283691406,1.7018136978149414,0.22088336944580078,-1.4809303283691406,False,False,True,True
OD_00780,BASE_0060,tf_contradict_distance,open_closed,window,open,closed,-1.6084375381469727,-1.9314005374908447,-1.6084375381469727,1.9314005374908447,0.32296299934387207,-1.6084375381469727,False,False,True,True
OD_00781,BASE_0061,none,open_closed,door,open,closed,-0.04857158660888672,-0.04857158660888672,-0.04857158660888672,0.04857158660888672,0.0,-0.04857158660888672,False,False,True,False
OD_00782,BASE_0061,prior_only_contradict,open_closed,door,open,closed,-3.6565922498703003,5.136059712618589,-3.6565922498703003,-5.136059712618589,-8.79265196248889,-5.136059712618589,False,False,False,False
OD_00783,BASE_0061,action_only,open_closed,door,open,closed,0.13320541381835938,-2.088416963815689,0.13320541381835938,2.088416963815689,2.2216223776340485,0.13320541381835938,True,False,False,False
OD_00784,BASE_0061,action_distance,open_closed,door,open,closed,-0.3584709167480469,-1.833653450012207,-0.3584709167480469,1.833653450012207,1.4751825332641602,-0.3584709167480469,False,False,True,False
OD_00785,BASE_0061,contradict_adjacent,open_closed,door,open,closed,-3.781431257724762,4.075304053723812,-3.781431257724762,-4.075304053723812,-7.856735311448574,-4.075304053723812,False,False,False,False
OD_00786,BASE_0061,contradict_then,open_closed,door,open,closed,-3.55602540820837,3.784145310521126,-3.55602540820837,-3.784145310521126,-7.340170718729496,-3.784145310521126,False,False,False,False
OD_00787,BASE_0061,contradict_distance,open_closed,door,open,closed,-3.4063320606946945,2.5928355008363724,-3.4063320606946945,-2.5928355008363724,-5.999167561531067,-3.4063320606946945,False,False,False,False
OD_00788,BASE_0061,consistent_adjacent,open_closed,door,open,closed,4.7111207991838455,-4.044010318815708,4.7111207991838455,4.044010318815708,8.755131117999554,4.044010318815708,True,False,False,False
OD_00789,BASE_0061,explicit_override_direct,open_closed,door,open,closed,3.448089689016342,-0.0024919509887695312,3.448089689016342,0.0024919509887695312,3.4505816400051117,0.0024919509887695312,True,False,False,False
OD_00790,BASE_0061,tf_prior_only_contradict,open_closed,door,open,closed,-1.7044353485107422,-1.718592643737793,-1.7044353485107422,1.718592643737793,0.014157295227050781,-1.7044353485107422,False,False,True,True
OD_00791,BASE_0061,tf_action_only,open_closed,door,open,closed,-0.2519350051879883,-1.4625130891799927,-0.2519350051879883,1.4625130891799927,1.2105780839920044,-0.2519350051879883,False,False,True,True
OD_00792,BASE_0061,tf_contradict_adjacent,open_closed,door,open,closed,-1.7158164978027344,-1.8591670989990234,-1.7158164978027344,1.8591670989990234,0.14335060119628906,-1.7158164978027344,False,False,True,True
OD_00793,BASE_0061,tf_contradict_distance,open_closed,door,open,closed,-1.8282889127731323,-2.047993779182434,-1.8282889127731323,2.047993779182434,0.21970486640930176,-1.8282889127731323,False,False,True,True
OD_00794,BASE_0062,none,open_closed,door,open,closed,-0.04857158660888672,-0.04857158660888672,-0.04857158660888672,0.04857158660888672,0.0,-0.04857158660888672,False,False,True,False
OD_00795,BASE_0062,prior_only_contradict,open_closed,door,open,closed,-3.6565922498703003,5.136059712618589,-3.6565922498703003,-5.136059712618589,-8.79265196248889,-5.136059712618589,False,False,False,False
OD_00796,BASE_0062,action_only,open_closed,door,open,closed,-0.1918201446533203,-2.2153730392456055,-0.1918201446533203,2.2153730392456055,2.023552894592285,-0.1918201446533203,False,False,True,False
OD_00797,BASE_0062,action_distance,open_closed,door,open,closed,-0.41582000255584717,-2.0169087052345276,-0.41582000255584717,2.0169087052345276,1.6010887026786804,-0.41582000255584717,False,False,True,False
OD_00798,BASE_0062,contradict_adjacent,open_closed,door,open,closed,-3.9174585938453674,3.791625052690506,-3.9174585938453674,-3.791625052690506,-7.709083646535873,-3.9174585938453674,False,False,False,False
OD_00799,BASE_0062,contradict_then,open_closed,door,open,closed,-3.6528424695134163,3.727646827697754,-3.6528424695134163,-3.727646827697754,-7.38048929721117,-3.727646827697754,False,False,False,False
OD_00800,BASE_0062,contradict_distance,open_closed,door,open,closed,-3.4930544048547745,2.5222577303647995,-3.4930544048547745,-2.5222577303647995,-6.015312135219574,-3.4930544048547745,False,False,False,False
OD_00801,BASE_0062,consistent_adjacent,open_closed,door,open,closed,4.666126996278763,-4.0905188992619514,4.666126996278763,4.0905188992619514,8.756645895540714,4.0905188992619514,True,False,False,False
OD_00802,BASE_0062,explicit_override_direct,open_closed,door,open,closed,3.448089689016342,-0.0024919509887695312,3.448089689016342,0.0024919509887695312,3.4505816400051117,0.0024919509887695312,True,False,False,False
OD_00803,BASE_0062,tf_prior_only_contradict,open_closed,door,open,closed,-1.7044353485107422,-1.718592643737793,-1.7044353485107422,1.718592643737793,0.014157295227050781,-1.7044353485107422,False,False,True,True
OD_00804,BASE_0062,tf_action_only,open_closed,door,open,closed,-0.5274877548217773,-1.627349853515625,-0.5274877548217773,1.627349853515625,1.0998620986938477,-0.5274877548217773,False,False,True,True
OD_00805,BASE_0062,tf_contradict_adjacent,open_closed,door,open,closed,-1.8314495086669922,-1.948307752609253,-1.8314495086669922,1.948307752609253,0.11685824394226074,-1.8314495086669922,False,False,True,True
OD_00806,BASE_0062,tf_contradict_distance,open_closed,door,open,closed,-1.9405708312988281,-2.115627408027649,-1.9405708312988281,2.115627408027649,0.1750565767288208,-1.9405708312988281,False,False,True,True
OD_00807,BASE_0063,none,open_closed,door,open,closed,-0.04857158660888672,-0.04857158660888672,-0.04857158660888672,0.04857158660888672,0.0,-0.04857158660888672,False,False,True,False
OD_00808,BASE_0063,prior_only_contradict,open_closed,door,open,closed,-3.6565922498703003,5.136059712618589,-3.6565922498703003,-5.136059712618589,-8.79265196248889,-5.136059712618589,False,False,False,False
OD_00809,BASE_0063,action_only,open_closed,door,open,closed,0.8191251754760742,-2.356239438056946,0.8191251754760742,2.356239438056946,3.17536461353302,0.8191251754760742,True,False,False,False
OD_00810,BASE_0063,action_distance,open_closed,door,open,closed,-0.13767051696777344,-2.0748414993286133,-0.13767051696777344,2.0748414993286133,1.9371709823608398,-0.13767051696777344,False,False,True,False
OD_00811,BASE_0063,contradict_adjacent,open_closed,door,open,closed,-3.6885060220956802,3.923839434981346,-3.6885060220956802,-3.923839434981346,-7.612345457077026,-3.923839434981346,False,False,False,False
OD_00812,BASE_0063,contradict_then,open_closed,door,open,closed,-3.5051242113113403,3.787227526307106,-3.5051242113113403,-3.787227526307106,-7.292351737618446,-3.787227526307106,False,False,False,False
OD_00813,BASE_0063,contradict_distance,open_closed,door,open,closed,-3.3895521610975266,2.547472834587097,-3.3895521610975266,-2.547472834587097,-5.937024995684624,-3.3895521610975266,False,False,False,False
OD_00814,BASE_0063,consistent_adjacent,open_closed,door,open,closed,4.7469416707754135,-4.005648717284203,4.7469416707754135,4.005648717284203,8.752590388059616,4.005648717284203,True,False,False,False
OD_00815,BASE_0063,explicit_override_direct,open_closed,door,open,closed,3.448089689016342,-0.0024919509887695312,3.448089689016342,0.0024919509887695312,3.4505816400051117,0.0024919509887695312,True,False,False,False
OD_00816,BASE_0063,tf_prior_only_contradict,open_closed,door,open,closed,-1.7044353485107422,-1.718592643737793,-1.7044353485107422,1.718592643737793,0.014157295227050781,-1.7044353485107422,False,False,True,True
OD_00817,BASE_0063,tf_action_only,open_closed,door,open,closed,-0.12696552276611328,-1.1976699233055115,-0.12696552276611328,1.1976699233055115,1.0707044005393982,-0.12696552276611328,False,False,True,True
OD_00818,BASE_0063,tf_contradict_adjacent,open_closed,door,open,closed,-1.8029870986938477,-1.907912254333496,-1.8029870986938477,1.907912254333496,0.10492515563964844,-1.8029870986938477,False,False,True,True
OD_00819,BASE_0063,tf_contradict_distance,open_closed,door,open,closed,-1.8762140274047852,-2.0717153549194336,-1.8762140274047852,2.0717153549194336,0.19550132751464844,-1.8762140274047852,False,False,True,True
OD_00820,BASE_0064,none,open_closed,door,open,closed,-0.04857158660888672,-0.04857158660888672,-0.04857158660888672,0.04857158660888672,0.0,-0.04857158660888672,False,False,True,False
OD_00821,BASE_0064,prior_only_contradict,open_closed,door,open,closed,-3.6565922498703003,5.136059712618589,-3.6565922498703003,-5.136059712618589,-8.79265196248889,-5.136059712618589,False,False,False,False
OD_00822,BASE_0064,action_only,open_closed,door,open,closed,0.07142353057861328,-2.055935800075531,0.07142353057861328,2.055935800075531,2.1273593306541443,0.07142353057861328,True,False,False,False
OD_00823,BASE_0064,action_distance,open_closed,door,open,closed,-0.43389415740966797,-1.8172167539596558,-0.43389415740966797,1.8172167539596558,1.3833225965499878,-0.43389415740966797,False,False,True,False
OD_00824,BASE_0064,contradict_adjacent,open_closed,door,open,closed,-3.9284819662570953,3.951100490987301,-3.9284819662570953,-3.951100490987301,-7.879582457244396,-3.951100490987301,False,False,False,False
OD_00825,BASE_0064,contradict_then,open_closed,door,open,closed,-3.6827096194028854,3.7598333060741425,-3.6827096194028854,-3.7598333060741425,-7.442542925477028,-3.7598333060741425,False,False,False,False
OD_00826,BASE_0064,contradict_distance,open_closed,door,open,closed,-3.471261128783226,2.628751680254936,-3.471261128783226,-2.628751680254936,-6.100012809038162,-3.471261128783226,False,False,False,False
OD_00827,BASE_0064,consistent_adjacent,open_closed,door,open,closed,4.595896869897842,-4.196455761790276,4.595896869897842,4.196455761790276,8.792352631688118,4.196455761790276,True,False,False,False
OD_00828,BASE_0064,explicit_override_direct,open_closed,door,open,closed,3.448089689016342,-0.0024919509887695312,3.448089689016342,0.0024919509887695312,3.4505816400051117,0.0024919509887695312,True,False,False,False
OD_00829,BASE_0064,tf_prior_only_contradict,open_closed,door,open,closed,-1.7044353485107422,-1.718592643737793,-1.7044353485107422,1.718592643737793,0.014157295227050781,-1.7044353485107422,False,False,True,True
OD_00830,BASE_0064,tf_action_only,open_closed,door,open,closed,-0.3691244125366211,-1.4800091981887817,-0.3691244125366211,1.4800091981887817,1.1108847856521606,-0.3691244125366211,False,False,True,True
OD_00831,BASE_0064,tf_contradict_adjacent,open_closed,door,open,closed,-1.8687286376953125,-1.9817397594451904,-1.8687286376953125,1.9817397594451904,0.11301112174987793,-1.8687286376953125,False,False,True,True
OD_00832,BASE_0064,tf_contradict_distance,open_closed,door,open,closed,-1.9175243377685547,-2.103843569755554,-1.9175243377685547,2.103843569755554,0.1863192319869995,-1.9175243377685547,False,False,True,True
OD_00833,BASE_0065,none,open_closed,door,open,closed,-0.04857158660888672,-0.04857158660888672,-0.04857158660888672,0.04857158660888672,0.0,-0.04857158660888672,False,False,True,False
OD_00834,BASE_0065,prior_only_contradict,open_closed,door,open,closed,-3.6565922498703003,5.136059712618589,-3.6565922498703003,-5.136059712618589,-8.79265196248889,-5.136059712618589,False,False,False,False
OD_00835,BASE_0065,action_only,open_closed,door,open,closed,0.8861074447631836,-1.9596806168556213,0.8861074447631836,1.9596806168556213,2.845788061618805,0.8861074447631836,True,False,False,False
OD_00836,BASE_0065,action_distance,open_closed,door,open,closed,-0.12306976318359375,-2.024955630302429,-0.12306976318359375,2.024955630302429,1.9018858671188354,-0.12306976318359375,False,False,True,False
OD_00837,BASE_0065,contradict_adjacent,open_closed,door,open,closed,-3.7619199082255363,3.992494359612465,-3.7619199082255363,-3.992494359612465,-7.754414267838001,-3.992494359612465,False,False,False,False
OD_00838,BASE_0065,contradict_then,open_closed,door,open,closed,-3.5379484966397285,3.9559581726789474,-3.5379484966397285,-3.9559581726789474,-7.493906669318676,-3.9559581726789474,False,False,False,False
OD_00839,BASE_0065,contradict_distance,open_closed,door,open,closed,-3.374834105372429,2.6051970571279526,-3.374834105372429,-2.6051970571279526,-5.9800311625003815,-3.374834105372429,False,False,False,False
OD_00840,BASE_0065,consistent_adjacent,open_closed,door,open,closed,4.816081792116165,-3.9916191399097443,4.816081792116165,3.9916191399097443,8.80770093202591,3.9916191399097443,True,False,False,False
OD_00841,BASE_0065,explicit_override_direct,open_closed,door,open,closed,3.448089689016342,-0.0024919509887695312,3.448089689016342,0.0024919509887695312,3.4505816400051117,0.0024919509887695312,True,False,False,False
OD_00842,BASE_0065,tf_prior_only_contradict,open_closed,door,open,closed,-1.7044353485107422,-1.718592643737793,-1.7044353485107422,1.718592643737793,0.014157295227050781,-1.7044353485107422,False,False,True,True
OD_00843,BASE_0065,tf_action_only,open_closed,door,open,closed,-0.022279739379882812,-0.8391027450561523,-0.022279739379882812,0.8391027450561523,0.8168230056762695,-0.022279739379882812,False,False,True,True
OD_00844,BASE_0065,tf_contradict_adjacent,open_closed,door,open,closed,-1.7781982421875,-1.8204772472381592,-1.7781982421875,1.8204772472381592,0.04227900505065918,-1.7781982421875,False,False,True,True
OD_00845,BASE_0065,tf_contradict_distance,open_closed,door,open,closed,-1.8311700820922852,-1.992055892944336,-1.8311700820922852,1.992055892944336,0.16088581085205078,-1.8311700820922852,False,False,True,True
OD_00846,BASE_0066,none,open_closed,door,open,closed,-0.04857158660888672,-0.04857158660888672,-0.04857158660888672,0.04857158660888672,0.0,-0.04857158660888672,False,False,True,False
OD_00847,BASE_0066,prior_only_contradict,open_closed,door,open,closed,-3.6565922498703003,5.136059712618589,-3.6565922498703003,-5.136059712618589,-8.79265196248889,-5.136059712618589,False,False,False,False
OD_00848,BASE_0066,action_only,open_closed,door,open,closed,1.0638437271118164,-2.1050824224948883,1.0638437271118164,2.1050824224948883,3.1689261496067047,1.0638437271118164,True,False,False,False
OD_00849,BASE_0066,action_distance,open_closed,door,open,closed,-0.12971878051757812,-1.9216346740722656,-0.12971878051757812,1.9216346740722656,1.7919158935546875,-0.12971878051757812,False,False,True,False
OD_00850,BASE_0066,contradict_adjacent,open_closed,door,open,closed,-3.7012929171323776,4.227860666811466,-3.7012929171323776,-4.227860666811466,-7.929153583943844,-4.227860666811466,False,False,False,False
OD_00851,BASE_0066,contradict_then,open_closed,door,open,closed,-3.4978715032339096,3.8397169709205627,-3.4978715032339096,-3.8397169709205627,-7.337588474154472,-3.8397169709205627,False,False,False,False
OD_00852,BASE_0066,contradict_distance,open_closed,door,open,closed,-3.411357030272484,2.706083223223686,-3.411357030272484,-2.706083223223686,-6.11744025349617,-3.411357030272484,False,False,False,False
OD_00853,BASE_0066,consistent_adjacent,open_closed,door,open,closed,4.809293657541275,-4.052516132593155,4.809293657541275,4.052516132593155,8.86180979013443,4.052516132593155,True,False,False,False
OD_00854,BASE_0066,explicit_override_direct,open_closed,door,open,closed,3.448089689016342,-0.0024919509887695312,3.448089689016342,0.0024919509887695312,3.4505816400051117,0.0024919509887695312,True,False,False,False
OD_00855,BASE_0066,tf_prior_only_contradict,open_closed,door,open,closed,-1.7044353485107422,-1.718592643737793,-1.7044353485107422,1.718592643737793,0.014157295227050781,-1.7044353485107422,False,False,True,True
OD_00856,BASE_0066,tf_action_only,open_closed,door,open,closed,-0.08621978759765625,-1.1416434049606323,-0.08621978759765625,1.1416434049606323,1.055423617362976,-0.08621978759765625,False,False,True,True
OD_00857,BASE_0066,tf_contradict_adjacent,open_closed,door,open,closed,-1.6327112913131714,-1.7963905334472656,-1.6327112913131714,1.7963905334472656,0.16367924213409424,-1.6327112913131714,False,False,True,True
OD_00858,BASE_0066,tf_contradict_distance,open_closed,door,open,closed,-1.8462705612182617,-2.0321186780929565,-1.8462705612182617,2.0321186780929565,0.18584811687469482,-1.8462705612182617,False,False,True,True
OD_00859,BASE_0067,none,open_closed,door,open,closed,-0.04857158660888672,-0.04857158660888672,-0.04857158660888672,0.04857158660888672,0.0,-0.04857158660888672,False,False,True,False
OD_00860,BASE_0067,prior_only_contradict,open_closed,door,open,closed,-3.6565922498703003,5.136059712618589,-3.6565922498703003,-5.136059712618589,-8.79265196248889,-5.136059712618589,False,False,False,False
OD_00861,BASE_0067,action_only,open_closed,door,open,closed,0.9841232299804688,-1.5798684060573578,0.9841232299804688,1.5798684060573578,2.5639916360378265,0.9841232299804688,True,False,False,False
OD_00862,BASE_0067,action_distance,open_closed,door,open,closed,-0.10526669025421143,-1.8122273087501526,-0.10526669025421143,1.8122273087501526,1.7069606184959412,-0.10526669025421143,False,False,True,False
OD_00863,BASE_0067,contradict_adjacent,open_closed,door,open,closed,-3.565445937216282,4.042030371725559,-3.565445937216282,-4.042030371725559,-7.607476308941841,-4.042030371725559,False,False,False,False
OD_00864,BASE_0067,contradict_then,open_closed,door,open,closed,-3.422599896788597,3.833314947783947,-3.422599896788597,-3.833314947783947,-7.255914844572544,-3.833314947783947,False,False,False,False
OD_00865,BASE_0067,contradict_distance,open_closed,door,open,closed,-3.259672239422798,2.613375723361969,-3.259672239422798,-2.613375723361969,-5.873047962784767,-3.259672239422798,False,False,False,False
OD_00866,BASE_0067,consistent_adjacent,open_closed,door,open,closed,4.838114798069,-3.9691220074892044,4.838114798069,3.9691220074892044,8.807236805558205,3.9691220074892044,True,False,False,False
OD_00867,BASE_0067,explicit_override_direct,open_closed,door,open,closed,3.448089689016342,-0.0024919509887695312,3.448089689016342,0.0024919509887695312,3.4505816400051117,0.0024919509887695312,True,False,False,False
OD_00868,BASE_0067,tf_prior_only_contradict,open_closed,door,open,closed,-1.7044353485107422,-1.718592643737793,-1.7044353485107422,1.718592643737793,0.014157295227050781,-1.7044353485107422,False,False,True,True
OD_00869,BASE_0067,tf_action_only,open_closed,door,open,closed,0.0001926422119140625,-0.9391412734985352,0.0001926422119140625,0.9391412734985352,0.9393339157104492,0.0001926422119140625,True,False,False,True
OD_00870,BASE_0067,tf_contradict_adjacent,open_closed,door,open,closed,-1.621037483215332,-1.7938852310180664,-1.621037483215332,1.7938852310180664,0.17284774780273438,-1.621037483215332,False,False,True,True
OD_00871,BASE_0067,tf_contradict_distance,open_closed,door,open,closed,-1.7373838424682617,-1.9651432037353516,-1.7373838424682617,1.9651432037353516,0.22775936126708984,-1.7373838424682617,False,False,True,True
OD_00872,BASE_0068,none,open_closed,door,open,closed,-0.04857158660888672,-0.04857158660888672,-0.04857158660888672,0.04857158660888672,0.0,-0.04857158660888672,False,False,True,False
OD_00873,BASE_0068,prior_only_contradict,open_closed,door,open,closed,-3.6565922498703003,5.136059712618589,-3.6565922498703003,-5.136059712618589,-8.79265196248889,-5.136059712618589,False,False,False,False
OD_00874,BASE_0068,action_only,open_closed,door,open,closed,0.6397686004638672,-1.9640913307666779,0.6397686004638672,1.9640913307666779,2.603859931230545,0.6397686004638672,True,False,False,False
OD_00875,BASE_0068,action_distance,open_closed,door,open,closed,-0.3479490280151367,-1.9684983491897583,-0.3479490280151367,1.9684983491897583,1.6205493211746216,-0.3479490280151367,False,False,True,False
OD_00876,BASE_0068,contradict_adjacent,open_closed,door,open,closed,-3.6387691274285316,3.9843990579247475,-3.6387691274285316,-3.9843990579247475,-7.623168185353279,-3.9843990579247475,False,False,False,False
OD_00877,BASE_0068,contradict_then,open_closed,door,open,closed,-3.4552841782569885,3.803289458155632,-3.4552841782569885,-3.803289458155632,-7.2585736364126205,-3.803289458155632,False,False,False,False
OD_00878,BASE_0068,contradict_distance,open_closed,door,open,closed,-3.347571313381195,2.5519447028636932,-3.347571313381195,-2.5519447028636932,-5.899516016244888,-3.347571313381195,False,False,False,False
OD_00879,BASE_0068,consistent_adjacent,open_closed,door,open,closed,4.746751710772514,-3.973935052752495,4.746751710772514,3.973935052752495,8.72068676352501,3.973935052752495,True,False,False,False
OD_00880,BASE_0068,explicit_override_direct,open_closed,door,open,closed,3.448089689016342,-0.0024919509887695312,3.448089689016342,0.0024919509887695312,3.4505816400051117,0.0024919509887695312,True,False,False,False
OD_00881,BASE_0068,tf_prior_only_contradict,open_closed,door,open,closed,-1.7044353485107422,-1.718592643737793,-1.7044353485107422,1.718592643737793,0.014157295227050781,-1.7044353485107422,False,False,True,True
OD_00882,BASE_0068,tf_action_only,open_closed,door,open,closed,-0.20657634735107422,-1.048059344291687,-0.20657634735107422,1.048059344291687,0.8414829969406128,-0.20657634735107422,False,False,True,True
OD_00883,BASE_0068,tf_contradict_adjacent,open_closed,door,open,closed,-1.6845779418945312,-1.7822942733764648,-1.6845779418945312,1.7822942733764648,0.0977163314819336,-1.6845779418945312,False,False,True,True
OD_00884,BASE_0068,tf_contradict_distance,open_closed,door,open,closed,-1.809926986694336,-2.0182894468307495,-1.809926986694336,2.0182894468307495,0.20836246013641357,-1.809926986694336,False,False,True,True
OD_00885,BASE_0069,none,open_closed,door,open,closed,-0.04857158660888672,-0.04857158660888672,-0.04857158660888672,0.04857158660888672,0.0,-0.04857158660888672,False,False,True,False
OD_00886,BASE_0069,prior_only_contradict,open_closed,door,open,closed,-3.6565922498703003,5.136059712618589,-3.6565922498703003,-5.136059712618589,-8.79265196248889,-5.136059712618589,False,False,False,False
OD_00887,BASE_0069,action_only,open_closed,door,open,closed,0.4695882797241211,-2.0826588571071625,0.4695882797241211,2.0826588571071625,2.5522471368312836,0.4695882797241211,True,False,False,False
OD_00888,BASE_0069,action_distance,open_closed,door,open,closed,-0.2538948059082031,-1.9536800980567932,-0.2538948059082031,1.9536800980567932,1.69978529214859,-0.2538948059082031,False,False,True,False
OD_00889,BASE_0069,contradict_adjacent,open_closed,door,open,closed,-3.7332200184464455,3.8503294363617897,-3.7332200184464455,-3.8503294363617897,-7.583549454808235,-3.8503294363617897,False,False,False,False
OD_00890,BASE_0069,contradict_then,open_closed,door,open,closed,-3.5357962623238564,3.697143569588661,-3.5357962623238564,-3.697143569588661,-7.2329398319125175,-3.697143569588661,False,False,False,False
OD_00891,BASE_0069,contradict_distance,open_closed,door,open,closed,-3.292223960161209,2.4619913399219513,-3.292223960161209,-2.4619913399219513,-5.75421530008316,-3.292223960161209,False,False,False,False
OD_00892,BASE_0069,consistent_adjacent,open_closed,door,open,closed,4.553914844989777,-4.020328611135483,4.553914844989777,4.020328611135483,8.57424345612526,4.020328611135483,True,False,False,False
OD_00893,BASE_0069,explicit_override_direct,open_closed,door,open,closed,3.448089689016342,-0.0024919509887695312,3.448089689016342,0.0024919509887695312,3.4505816400051117,0.0024919509887695312,True,False,False,False
OD_00894,BASE_0069,tf_prior_only_contradict,open_closed,door,open,closed,-1.7044353485107422,-1.718592643737793,-1.7044353485107422,1.718592643737793,0.014157295227050781,-1.7044353485107422,False,False,True,True
OD_00895,BASE_0069,tf_action_only,open_closed,door,open,closed,-0.33974742889404297,-1.2458287477493286,-0.33974742889404297,1.2458287477493286,0.9060813188552856,-0.33974742889404297,False,False,True,True
OD_00896,BASE_0069,tf_contradict_adjacent,open_closed,door,open,closed,-1.8748016357421875,-1.9372920989990234,-1.8748016357421875,1.9372920989990234,0.06249046325683594,-1.8748016357421875,False,False,True,True
OD_00897,BASE_0069,tf_contradict_distance,open_closed,door,open,closed,-1.8920001983642578,-2.064420700073242,-1.8920001983642578,2.064420700073242,0.17242050170898438,-1.8920001983642578,False,False,True,True
OD_00898,BASE_0070,none,open_closed,door,open,closed,-0.04857158660888672,-0.04857158660888672,-0.04857158660888672,0.04857158660888672,0.0,-0.04857158660888672,False,False,True,False
OD_00899,BASE_0070,prior_only_contradict,open_closed,door,open,closed,-3.6565922498703003,5.136059712618589,-3.6565922498703003,-5.136059712618589,-8.79265196248889,-5.136059712618589,False,False,False,False
OD_00900,BASE_0070,action_only,open_closed,door,open,closed,-0.38598060607910156,-1.7988282442092896,-0.38598060607910156,1.7988282442092896,1.412847638130188,-0.38598060607910156,False,False,True,False
OD_00901,BASE_0070,action_distance,open_closed,door,open,closed,-0.5483168363571167,-1.8522520065307617,-0.5483168363571167,1.8522520065307617,1.303935170173645,-0.5483168363571167,False,False,True,False
OD_00902,BASE_0070,contradict_adjacent,open_closed,door,open,closed,-3.804856263101101,4.0759298130869865,-3.804856263101101,-4.0759298130869865,-7.8807860761880875,-4.0759298130869865,False,False,False,False
OD_00903,BASE_0070,contradict_then,open_closed,door,open,closed,-3.635002091526985,3.9136296063661575,-3.635002091526985,-3.9136296063661575,-7.548631697893143,-3.9136296063661575,False,False,False,False
OD_00904,BASE_0070,contradict_distance,open_closed,door,open,closed,-3.5456334352493286,2.6703528314828873,-3.5456334352493286,-2.6703528314828873,-6.215986266732216,-3.5456334352493286,False,False,False,False
OD_00905,BASE_0070,consistent_adjacent,open_closed,door,open,closed,4.762251034379005,-3.988546311855316,4.762251034379005,3.988546311855316,8.750797346234322,3.988546311855316,True,False,False,False
OD_00906,BASE_0070,explicit_override_direct,open_closed,door,open,closed,3.448089689016342,-0.0024919509887695312,3.448089689016342,0.0024919509887695312,3.4505816400051117,0.0024919509887695312,True,False,False,False
OD_00907,BASE_0070,tf_prior_only_contradict,open_closed,door,open,closed,-1.7044353485107422,-1.718592643737793,-1.7044353485107422,1.718592643737793,0.014157295227050781,-1.7044353485107422,False,False,True,True
OD_00908,BASE_0070,tf_action_only,open_closed,door,open,closed,-0.35245418548583984,-1.505811631679535,-0.35245418548583984,1.505811631679535,1.153357446193695,-0.35245418548583984,False,False,True,True
OD_00909,BASE_0070,tf_contradict_adjacent,open_closed,door,open,closed,-1.6960259675979614,-1.7985255718231201,-1.6960259675979614,1.7985255718231201,0.10249960422515869,-1.6960259675979614,False,False,True,True
OD_00910,BASE_0070,tf_contradict_distance,open_closed,door,open,closed,-1.9031906127929688,-2.091485023498535,-1.9031906127929688,2.091485023498535,0.1882944107055664,-1.9031906127929688,False,False,True,True
OD_00911,BASE_0071,none,open_closed,drawer,open,closed,-0.5785026550292969,-0.5785026550292969,-0.5785026550292969,0.5785026550292969,0.0,-0.5785026550292969,False,False,True,False
OD_00912,BASE_0071,prior_only_contradict,open_closed,drawer,open,closed,-4.599157236516476,5.8218346349895,-4.599157236516476,-5.8218346349895,-10.420991871505976,-5.8218346349895,False,False,False,False
OD_00913,BASE_0071,action_only,open_closed,drawer,open,closed,-0.213287353515625,-2.554742783308029,-0.213287353515625,2.554742783308029,2.341455429792404,-0.213287353515625,False,False,True,False
OD_00914,BASE_0071,action_distance,open_closed,drawer,open,closed,-0.6334047317504883,-2.066811442375183,-0.6334047317504883,2.066811442375183,1.4334067106246948,-0.6334047317504883,False,False,True,False
OD_00915,BASE_0071,contradict_adjacent,open_closed,drawer,open,closed,-4.6978643871843815,4.991284400224686,-4.6978643871843815,-4.991284400224686,-9.689148787409067,-4.991284400224686,False,False,False,False
OD_00916,BASE_0071,contradict_then,open_closed,drawer,open,closed,-4.644179541617632,4.217818405479193,-4.644179541617632,-4.217818405479193,-8.861997947096825,-4.644179541617632,False,False,False,False
OD_00917,BASE_0071,contradict_distance,open_closed,drawer,open,closed,-3.9397584795951843,2.990723595023155,-3.9397584795951843,-2.990723595023155,-6.9304820746183395,-3.9397584795951843,False,False,False,False
OD_00918,BASE_0071,consistent_adjacent,open_closed,drawer,open,closed,4.882857099175453,-5.32563379406929,4.882857099175453,5.32563379406929,10.208490893244743,4.882857099175453,True,False,False,False
OD_00919,BASE_0071,explicit_override_direct,open_closed,drawer,open,closed,4.455784734338522,-1.266833335161209,4.455784734338522,1.266833335161209,5.722618069499731,1.266833335161209,True,False,False,False
OD_00920,BASE_0071,tf_prior_only_contradict,open_closed,drawer,open,closed,-2.1329352855682373,-2.3686275482177734,-2.1329352855682373,2.3686275482177734,0.23569226264953613,-2.1329352855682373,False,False,True,True
OD_00921,BASE_0071,tf_action_only,open_closed,drawer,open,closed,0.02954864501953125,-1.9044970273971558,0.02954864501953125,1.9044970273971558,1.934045672416687,0.02954864501953125,True,False,False,True
OD_00922,BASE_0071,tf_contradict_adjacent,open_closed,drawer,open,closed,-2.036661148071289,-2.4858505725860596,-2.036661148071289,2.4858505725860596,0.4491894245147705,-2.036661148071289,False,False,True,True
OD_00923,BASE_0071,tf_contradict_distance,open_closed,drawer,open,closed,-1.8829259872436523,-2.4796226024627686,-1.8829259872436523,2.4796226024627686,0.5966966152191162,-1.8829259872436523,False,False,True,True
OD_00924,BASE_0072,none,open_closed,drawer,open,closed,-0.5785026550292969,-0.5785026550292969,-0.5785026550292969,0.5785026550292969,0.0,-0.5785026550292969,False,False,True,False
OD_00925,BASE_0072,prior_only_contradict,open_closed,drawer,open,closed,-4.599157236516476,5.8218346349895,-4.599157236516476,-5.8218346349895,-10.420991871505976,-5.8218346349895,False,False,False,False
OD_00926,BASE_0072,action_only,open_closed,drawer,open,closed,-0.42485034465789795,-2.6431722342967987,-0.42485034465789795,2.6431722342967987,2.2183218896389008,-0.42485034465789795,False,False,True,False
OD_00927,BASE_0072,action_distance,open_closed,drawer,open,closed,-0.7065725326538086,-2.2836609482765198,-0.7065725326538086,2.2836609482765198,1.5770884156227112,-0.7065725326538086,False,False,True,False
OD_00928,BASE_0072,contradict_adjacent,open_closed,drawer,open,closed,-4.8780373595654964,4.66708192974329,-4.8780373595654964,-4.66708192974329,-9.545119289308786,-4.8780373595654964,False,False,False,False
OD_00929,BASE_0072,contradict_then,open_closed,drawer,open,closed,-4.796275157481432,4.115919142961502,-4.796275157481432,-4.115919142961502,-8.912194300442934,-4.796275157481432,False,False,False,False
OD_00930,BASE_0072,contradict_distance,open_closed,drawer,open,closed,-4.033377856016159,2.9097079932689667,-4.033377856016159,-2.9097079932689667,-6.943085849285126,-4.033377856016159,False,False,False,False
OD_00931,BASE_0072,consistent_adjacent,open_closed,drawer,open,closed,4.802027888596058,-5.449780572205782,4.802027888596058,5.449780572205782,10.25180846080184,4.802027888596058,True,False,False,False
OD_00932,BASE_0072,explicit_override_direct,open_closed,drawer,open,closed,4.455784734338522,-1.266833335161209,4.455784734338522,1.266833335161209,5.722618069499731,1.266833335161209,True,False,False,False
OD_00933,BASE_0072,tf_prior_only_contradict,open_closed,drawer,open,closed,-2.1329352855682373,-2.3686275482177734,-2.1329352855682373,2.3686275482177734,0.23569226264953613,-2.1329352855682373,False,False,True,True
OD_00934,BASE_0072,tf_action_only,open_closed,drawer,open,closed,-0.18216514587402344,-2.0824707746505737,-0.18216514587402344,2.0824707746505737,1.9003056287765503,-0.18216514587402344,False,False,True,True
OD_00935,BASE_0072,tf_contradict_adjacent,open_closed,drawer,open,closed,-2.1680850982666016,-2.5772430896759033,-2.1680850982666016,2.5772430896759033,0.40915799140930176,-2.1680850982666016,False,False,True,True
OD_00936,BASE_0072,tf_contradict_distance,open_closed,drawer,open,closed,-2.0341453552246094,-2.5563857555389404,-2.0341453552246094,2.5563857555389404,0.522240400314331,-2.0341453552246094,False,False,True,True
OD_00937,BASE_0073,none,open_closed,drawer,open,closed,-0.5785026550292969,-0.5785026550292969,-0.5785026550292969,0.5785026550292969,0.0,-0.5785026550292969,False,False,True,False
OD_00938,BASE_0073,prior_only_contradict,open_closed,drawer,open,closed,-4.599157236516476,5.8218346349895,-4.599157236516476,-5.8218346349895,-10.420991871505976,-5.8218346349895,False,False,False,False
OD_00939,BASE_0073,action_only,open_closed,drawer,open,closed,0.7192734479904175,-2.853461191058159,0.7192734479904175,2.853461191058159,3.5727346390485764,0.7192734479904175,True,False,False,False
OD_00940,BASE_0073,action_distance,open_closed,drawer,open,closed,-0.43968677520751953,-2.39079087972641,-0.43968677520751953,2.39079087972641,1.9511041045188904,-0.43968677520751953,False,False,True,False
OD_00941,BASE_0073,contradict_adjacent,open_closed,drawer,open,closed,-4.618486408144236,4.660608317703009,-4.618486408144236,-4.660608317703009,-9.279094725847244,-4.660608317703009,False,False,False,False
OD_00942,BASE_0073,contradict_then,open_closed,drawer,open,closed,-4.628746032714844,4.142530359327793,-4.628746032714844,-4.142530359327793,-8.771276392042637,-4.628746032714844,False,False,False,False
OD_00943,BASE_0073,contradict_distance,open_closed,drawer,open,closed,-3.897301569581032,2.8996209800243378,-3.897301569581032,-2.8996209800243378,-6.79692254960537,-3.897301569581032,False,False,False,False
OD_00944,BASE_0073,consistent_adjacent,open_closed,drawer,open,closed,4.914345636963844,-5.3621091060340405,4.914345636963844,5.3621091060340405,10.276454742997885,4.914345636963844,True,False,False,False
OD_00945,BASE_0073,explicit_override_direct,open_closed,drawer,open,closed,4.455784734338522,-1.266833335161209,4.455784734338522,1.266833335161209,5.722618069499731,1.266833335161209,True,False,False,False
OD_00946,BASE_0073,tf_prior_only_contradict,open_closed,drawer,open,closed,-2.1329352855682373,-2.3686275482177734,-2.1329352855682373,2.3686275482177734,0.23569226264953613,-2.1329352855682373,False,False,True,True
OD_00947,BASE_0073,tf_action_only,open_closed,drawer,open,closed,0.3695554733276367,-1.4742469787597656,0.3695554733276367,1.4742469787597656,1.8438024520874023,0.3695554733276367,True,False,False,True
OD_00948,BASE_0073,tf_contradict_adjacent,open_closed,drawer,open,closed,-2.0822285413742065,-2.573148727416992,-2.0822285413742065,2.573148727416992,0.49092018604278564,-2.0822285413742065,False,False,True,True
OD_00949,BASE_0073,tf_contradict_distance,open_closed,drawer,open,closed,-1.904984474182129,-2.495183229446411,-1.904984474182129,2.495183229446411,0.5901987552642822,-1.904984474182129,False,False,True,True
OD_00950,BASE_0074,none,open_closed,drawer,open,closed,-0.5785026550292969,-0.5785026550292969,-0.5785026550292969,0.5785026550292969,0.0,-0.5785026550292969,False,False,True,False
OD_00951,BASE_0074,prior_only_contradict,open_closed,drawer,open,closed,-4.599157236516476,5.8218346349895,-4.599157236516476,-5.8218346349895,-10.420991871505976,-5.8218346349895,False,False,False,False
OD_00952,BASE_0074,action_only,open_closed,drawer,open,closed,-0.33573055267333984,-2.513091206550598,-0.33573055267333984,2.513091206550598,2.1773606538772583,-0.33573055267333984,False,False,True,False
OD_00953,BASE_0074,action_distance,open_closed,drawer,open,closed,-0.7694797515869141,-2.0193300247192383,-0.7694797515869141,2.0193300247192383,1.2498502731323242,-0.7694797515869141,False,False,True,False
OD_00954,BASE_0074,contradict_adjacent,open_closed,drawer,open,closed,-4.890432428568602,4.841025199741125,-4.890432428568602,-4.841025199741125,-9.731457628309727,-4.890432428568602,False,False,False,False
OD_00955,BASE_0074,contradict_then,open_closed,drawer,open,closed,-4.8210094794631,4.21906353905797,-4.8210094794631,-4.21906353905797,-9.04007301852107,-4.8210094794631,False,False,False,False
OD_00956,BASE_0074,contradict_distance,open_closed,drawer,open,closed,-4.023910716176033,3.0683058500289917,-4.023910716176033,-3.0683058500289917,-7.092216566205025,-4.023910716176033,False,False,False,False
OD_00957,BASE_0074,consistent_adjacent,open_closed,drawer,open,closed,4.787127427756786,-5.489232067018747,4.787127427756786,5.489232067018747,10.276359494775534,4.787127427756786,True,False,False,False
OD_00958,BASE_0074,explicit_override_direct,open_closed,drawer,open,closed,4.455784734338522,-1.266833335161209,4.455784734338522,1.266833335161209,5.722618069499731,1.266833335161209,True,False,False,False
OD_00959,BASE_0074,tf_prior_only_contradict,open_closed,drawer,open,closed,-2.1329352855682373,-2.3686275482177734,-2.1329352855682373,2.3686275482177734,0.23569226264953613,-2.1329352855682373,False,False,True,True
OD_00960,BASE_0074,tf_action_only,open_closed,drawer,open,closed,-0.0171661376953125,-1.988077998161316,-0.0171661376953125,1.988077998161316,1.9709118604660034,-0.0171661376953125,False,False,True,True
OD_00961,BASE_0074,tf_contradict_adjacent,open_closed,drawer,open,closed,-2.2045536041259766,-2.623867988586426,-2.2045536041259766,2.623867988586426,0.4193143844604492,-2.2045536041259766,False,False,True,True
OD_00962,BASE_0074,tf_contradict_distance,open_closed,drawer,open,closed,-2.0105600357055664,-2.526795506477356,-2.0105600357055664,2.526795506477356,0.5162354707717896,-2.0105600357055664,False,False,True,True
OD_00963,BASE_0075,none,open_closed,drawer,open,closed,-0.5785026550292969,-0.5785026550292969,-0.5785026550292969,0.5785026550292969,0.0,-0.5785026550292969,False,False,True,False
OD_00964,BASE_0075,prior_only_contradict,open_closed,drawer,open,closed,-4.599157236516476,5.8218346349895,-4.599157236516476,-5.8218346349895,-10.420991871505976,-5.8218346349895,False,False,False,False
OD_00965,BASE_0075,action_only,open_closed,drawer,open,closed,0.6124812364578247,-2.23494616150856,0.6124812364578247,2.23494616150856,2.847427397966385,0.6124812364578247,True,False,False,False
OD_00966,BASE_0075,action_distance,open_closed,drawer,open,closed,-0.4254179000854492,-2.2215118408203125,-0.4254179000854492,2.2215118408203125,1.7960939407348633,-0.4254179000854492,False,False,True,False
OD_00967,BASE_0075,contradict_adjacent,open_closed,drawer,open,closed,-4.67704414576292,4.814301334321499,-4.67704414576292,-4.814301334321499,-9.49134548008442,-4.814301334321499,False,False,False,False
OD_00968,BASE_0075,contradict_then,open_closed,drawer,open,closed,-4.637124884873629,4.369289446622133,-4.637124884873629,-4.369289446622133,-9.006414331495762,-4.637124884873629,False,False,False,False
OD_00969,BASE_0075,contradict_distance,open_closed,drawer,open,closed,-3.9112871512770653,3.040669336915016,-3.9112871512770653,-3.040669336915016,-6.9519564881920815,-3.9112871512770653,False,False,False,False
OD_00970,BASE_0075,consistent_adjacent,open_closed,drawer,open,closed,4.981862120330334,-5.326609779149294,4.981862120330334,5.326609779149294,10.308471899479628,4.981862120330334,True,False,False,False
OD_00971,BASE_0075,explicit_override_direct,open_closed,drawer,open,closed,4.455784734338522,-1.266833335161209,4.455784734338522,1.266833335161209,5.722618069499731,1.266833335161209,True,False,False,False
OD_00972,BASE_0075,tf_prior_only_contradict,open_closed,drawer,open,closed,-2.1329352855682373,-2.3686275482177734,-2.1329352855682373,2.3686275482177734,0.23569226264953613,-2.1329352855682373,False,False,True,True
OD_00973,BASE_0075,tf_action_only,open_closed,drawer,open,closed,0.3646879196166992,-1.3376026153564453,0.3646879196166992,1.3376026153564453,1.7022905349731445,0.3646879196166992,True,False,False,True
OD_00974,BASE_0075,tf_contradict_adjacent,open_closed,drawer,open,closed,-2.059490203857422,-2.47741961479187,-2.059490203857422,2.47741961479187,0.41792941093444824,-2.059490203857422,False,False,True,True
OD_00975,BASE_0075,tf_contradict_distance,open_closed,drawer,open,closed,-1.8800830841064453,-2.432843327522278,-1.8800830841064453,2.432843327522278,0.5527602434158325,-1.8800830841064453,False,False,True,True
OD_00976,BASE_0076,none,open_closed,drawer,open,closed,-0.5785026550292969,-0.5785026550292969,-0.5785026550292969,0.5785026550292969,0.0,-0.5785026550292969,False,False,True,False
OD_00977,BASE_0076,prior_only_contradict,open_closed,drawer,open,closed,-4.599157236516476,5.8218346349895,-4.599157236516476,-5.8218346349895,-10.420991871505976,-5.8218346349895,False,False,False,False
OD_00978,BASE_0076,action_only,open_closed,drawer,open,closed,1.0149211883544922,-2.1199561059474945,1.0149211883544922,2.1199561059474945,3.1348772943019867,1.0149211883544922,True,False,False,False
OD_00979,BASE_0076,action_distance,open_closed,drawer,open,closed,-0.39644336700439453,-2.1367653608322144,-0.39644336700439453,2.1367653608322144,1.7403219938278198,-0.39644336700439453,False,False,True,False
OD_00980,BASE_0076,contradict_adjacent,open_closed,drawer,open,closed,-4.658444359898567,5.188104629516602,-4.658444359898567,-5.188104629516602,-9.846548989415169,-5.188104629516602,False,False,False,False
OD_00981,BASE_0076,contradict_then,open_closed,drawer,open,closed,-4.589518453925848,4.289426788687706,-4.589518453925848,-4.289426788687706,-8.878945242613554,-4.589518453925848,False,False,False,False
OD_00982,BASE_0076,contradict_distance,open_closed,drawer,open,closed,-3.9100180566310883,3.137132689356804,-3.9100180566310883,-3.137132689356804,-7.047150745987892,-3.9100180566310883,False,False,False,False
OD_00983,BASE_0076,consistent_adjacent,open_closed,drawer,open,closed,5.0069130808115005,-5.371918693184853,5.0069130808115005,5.371918693184853,10.378831773996353,5.0069130808115005,True,False,False,False
OD_00984,BASE_0076,explicit_override_direct,open_closed,drawer,open,closed,4.455784734338522,-1.266833335161209,4.455784734338522,1.266833335161209,5.722618069499731,1.266833335161209,True,False,False,False
OD_00985,BASE_0076,tf_prior_only_contradict,open_closed,drawer,open,closed,-2.1329352855682373,-2.3686275482177734,-2.1329352855682373,2.3686275482177734,0.23569226264953613,-2.1329352855682373,False,False,True,True
OD_00986,BASE_0076,tf_action_only,open_closed,drawer,open,closed,0.6080083847045898,-1.2762700319290161,0.6080083847045898,1.2762700319290161,1.884278416633606,0.6080083847045898,True,False,False,True
OD_00987,BASE_0076,tf_contradict_adjacent,open_closed,drawer,open,closed,-1.939875602722168,-2.422703981399536,-1.939875602722168,2.422703981399536,0.48282837867736816,-1.939875602722168,False,False,True,True
OD_00988,BASE_0076,tf_contradict_distance,open_closed,drawer,open,closed,-1.9051321744918823,-2.461782693862915,-1.9051321744918823,2.461782693862915,0.5566505193710327,-1.9051321744918823,False,False,True,True
OD_00989,BASE_0077,none,open_closed,drawer,open,closed,-0.5785026550292969,-0.5785026550292969,-0.5785026550292969,0.5785026550292969,0.0,-0.5785026550292969,False,False,True,False
OD_00990,BASE_0077,prior_only_contradict,open_closed,drawer,open,closed,-4.599157236516476,5.8218346349895,-4.599157236516476,-5.8218346349895,-10.420991871505976,-5.8218346349895,False,False,False,False
OD_00991,BASE_0077,action_only,open_closed,drawer,open,closed,0.6709470748901367,-1.9397057890892029,0.6709470748901367,1.9397057890892029,2.6106528639793396,0.6709470748901367,True,False,False,False
OD_00992,BASE_0077,action_distance,open_closed,drawer,open,closed,-0.39408397674560547,-2.0293397307395935,-0.39408397674560547,2.0293397307395935,1.635255753993988,-0.39408397674560547,False,False,True,False
OD_00993,BASE_0077,contradict_adjacent,open_closed,drawer,open,closed,-4.540138181298971,4.857191119343042,-4.540138181298971,-4.857191119343042,-9.397329300642014,-4.857191119343042,False,False,False,False
OD_00994,BASE_0077,contradict_then,open_closed,drawer,open,closed,-4.59231848269701,4.2442988231778145,-4.59231848269701,-4.2442988231778145,-8.836617305874825,-4.59231848269701,False,False,False,False
OD_00995,BASE_0077,contradict_distance,open_closed,drawer,open,closed,-3.7874059304594994,3.0354958176612854,-3.7874059304594994,-3.0354958176612854,-6.822901748120785,-3.7874059304594994,False,False,False,False
OD_00996,BASE_0077,consistent_adjacent,open_closed,drawer,open,closed,4.96822552382946,-5.31900142878294,4.96822552382946,5.31900142878294,10.2872269526124,4.96822552382946,True,False,False,False
OD_00997,BASE_0077,explicit_override_direct,open_closed,drawer,open,closed,4.455784734338522,-1.266833335161209,4.455784734338522,1.266833335161209,5.722618069499731,1.266833335161209,True,False,False,False
OD_00998,BASE_0077,tf_prior_only_contradict,open_closed,drawer,open,closed,-2.1329352855682373,-2.3686275482177734,-2.1329352855682373,2.3686275482177734,0.23569226264953613,-2.1329352855682373,False,False,True,True
OD_00999,BASE_0077,tf_action_only,open_closed,drawer,open,closed,0.3988170623779297,-1.3617459535598755,0.3988170623779297,1.3617459535598755,1.7605630159378052,0.3988170623779297,True,False,False,True
OD_01000,BASE_0077,tf_contradict_adjacent,open_closed,drawer,open,closed,-1.987356185913086,-2.4716720581054688,-1.987356185913086,2.4716720581054688,0.4843158721923828,-1.987356185913086,False,False,True,True
OD_01001,BASE_0077,tf_contradict_distance,open_closed,drawer,open,closed,-1.7712335586547852,-2.401918411254883,-1.7712335586547852,2.401918411254883,0.6306848526000977,-1.7712335586547852,False,False,True,True
OD_01002,BASE_0078,none,open_closed,drawer,open,closed,-0.5785026550292969,-0.5785026550292969,-0.5785026550292969,0.5785026550292969,0.0,-0.5785026550292969,False,False,True,False
OD_01003,BASE_0078,prior_only_contradict,open_closed,drawer,open,closed,-4.599157236516476,5.8218346349895,-4.599157236516476,-5.8218346349895,-10.420991871505976,-5.8218346349895,False,False,False,False
OD_01004,BASE_0078,action_only,open_closed,drawer,open,closed,0.41200923919677734,-2.4050961434841156,0.41200923919677734,2.4050961434841156,2.817105382680893,0.41200923919677734,True,False,False,False
OD_01005,BASE_0078,action_distance,open_closed,drawer,open,closed,-0.6316051483154297,-2.213276743888855,-0.6316051483154297,2.213276743888855,1.5816715955734253,-0.6316051483154297,False,False,True,False
OD_01006,BASE_0078,contradict_adjacent,open_closed,drawer,open,closed,-4.711660530418158,4.77828872948885,-4.711660530418158,-4.77828872948885,-9.489949259907007,-4.77828872948885,False,False,False,False
OD_01007,BASE_0078,contradict_then,open_closed,drawer,open,closed,-4.6730834767222404,4.190527938306332,-4.6730834767222404,-4.190527938306332,-8.863611415028572,-4.6730834767222404,False,False,False,False
OD_01008,BASE_0078,contradict_distance,open_closed,drawer,open,closed,-3.92718019336462,2.9407216161489487,-3.92718019336462,-2.9407216161489487,-6.867901809513569,-3.92718019336462,False,False,False,False
OD_01009,BASE_0078,consistent_adjacent,open_closed,drawer,open,closed,4.944603689014912,-5.352776683866978,4.944603689014912,5.352776683866978,10.29738037288189,4.944603689014912,True,False,False,False
OD_01010,BASE_0078,explicit_override_direct,open_closed,drawer,open,closed,4.455784734338522,-1.266833335161209,4.455784734338522,1.266833335161209,5.722618069499731,1.266833335161209,True,False,False,False
OD_01011,BASE_0078,tf_prior_only_contradict,open_closed,drawer,open,closed,-2.1329352855682373,-2.3686275482177734,-2.1329352855682373,2.3686275482177734,0.23569226264953613,-2.1329352855682373,False,False,True,True
OD_01012,BASE_0078,tf_action_only,open_closed,drawer,open,closed,0.20041942596435547,-1.4402485489845276,0.20041942596435547,1.4402485489845276,1.640667974948883,0.20041942596435547,True,False,False,True
OD_01013,BASE_0078,tf_contradict_adjacent,open_closed,drawer,open,closed,-2.0597190856933594,-2.4760055541992188,-2.0597190856933594,2.4760055541992188,0.4162864685058594,-2.0597190856933594,False,False,True,True
OD_01014,BASE_0078,tf_contradict_distance,open_closed,drawer,open,closed,-1.894429326057434,-2.4670181274414062,-1.894429326057434,2.4670181274414062,0.5725888013839722,-1.894429326057434,False,False,True,True
OD_01015,BASE_0079,none,open_closed,drawer,open,closed,-0.5785026550292969,-0.5785026550292969,-0.5785026550292969,0.5785026550292969,0.0,-0.5785026550292969,False,False,True,False
OD_01016,BASE_0079,prior_only_contradict,open_closed,drawer,open,closed,-4.599157236516476,5.8218346349895,-4.599157236516476,-5.8218346349895,-10.420991871505976,-5.8218346349895,False,False,False,False
OD_01017,BASE_0079,action_only,open_closed,drawer,open,closed,0.3250255584716797,-2.538788914680481,0.3250255584716797,2.538788914680481,2.8638144731521606,0.3250255584716797,True,False,False,False
OD_01018,BASE_0079,action_distance,open_closed,drawer,open,closed,-0.5408344268798828,-2.341273248195648,-0.5408344268798828,2.341273248195648,1.8004388213157654,-0.5408344268798828,False,False,True,False
OD_01019,BASE_0079,contradict_adjacent,open_closed,drawer,open,closed,-4.737156946212053,4.7175006456673145,-4.737156946212053,-4.7175006456673145,-9.454657591879368,-4.737156946212053,False,False,False,False
OD_01020,BASE_0079,contradict_then,open_closed,drawer,open,closed,-4.708272974938154,4.069665178656578,-4.708272974938154,-4.069665178656578,-8.777938153594732,-4.708272974938154,False,False,False,False
OD_01021,BASE_0079,contradict_distance,open_closed,drawer,open,closed,-3.87112707644701,2.7856264263391495,-3.87112707644701,-2.7856264263391495,-6.6567535027861595,-3.87112707644701,False,False,False,False
OD_01022,BASE_0079,consistent_adjacent,open_closed,drawer,open,closed,4.738542355597019,-5.375396642833948,4.738542355597019,5.375396642833948,10.113938998430967,4.738542355597019,True,False,False,False
OD_01023,BASE_0079,explicit_override_direct,open_closed,drawer,open,closed,4.455784734338522,-1.266833335161209,4.455784734338522,1.266833335161209,5.722618069499731,1.266833335161209,True,False,False,False
OD_01024,BASE_0079,tf_prior_only_contradict,open_closed,drawer,open,closed,-2.1329352855682373,-2.3686275482177734,-2.1329352855682373,2.3686275482177734,0.23569226264953613,-2.1329352855682373,False,False,True,True
OD_01025,BASE_0079,tf_action_only,open_closed,drawer,open,closed,0.04806804656982422,-1.5931987762451172,0.04806804656982422,1.5931987762451172,1.6412668228149414,0.04806804656982422,True,False,False,True
OD_01026,BASE_0079,tf_contradict_adjacent,open_closed,drawer,open,closed,-2.2490530014038086,-2.6109564304351807,-2.2490530014038086,2.6109564304351807,0.36190342903137207,-2.2490530014038086,False,False,True,True
OD_01027,BASE_0079,tf_contradict_distance,open_closed,drawer,open,closed,-2.0216749906539917,-2.534754514694214,-2.0216749906539917,2.534754514694214,0.5130795240402222,-2.0216749906539917,False,False,True,True
OD_01028,BASE_0080,none,open_closed,drawer,open,closed,-0.5785026550292969,-0.5785026550292969,-0.5785026550292969,0.5785026550292969,0.0,-0.5785026550292969,False,False,True,False
OD_01029,BASE_0080,prior_only_contradict,open_closed,drawer,open,closed,-4.599157236516476,5.8218346349895,-4.599157236516476,-5.8218346349895,-10.420991871505976,-5.8218346349895,False,False,False,False
OD_01030,BASE_0080,action_only,open_closed,drawer,open,closed,-0.713200569152832,-2.4350737929344177,-0.713200569152832,2.4350737929344177,1.7218732237815857,-0.713200569152832,False,False,True,False
OD_01031,BASE_0080,action_distance,open_closed,drawer,open,closed,-0.8038311004638672,-2.118781089782715,-0.8038311004638672,2.118781089782715,1.3149499893188477,-0.8038311004638672,False,False,True,False
OD_01032,BASE_0080,contradict_adjacent,open_closed,drawer,open,closed,-4.82105066254735,4.936177480965853,-4.82105066254735,-4.936177480965853,-9.757228143513203,-4.936177480965853,False,False,False,False
OD_01033,BASE_0080,contradict_then,open_closed,drawer,open,closed,-4.791970208287239,4.2980736047029495,-4.791970208287239,-4.2980736047029495,-9.090043812990189,-4.791970208287239,False,False,False,False
OD_01034,BASE_0080,contradict_distance,open_closed,drawer,open,closed,-4.105694651603699,3.071626588702202,-4.105694651603699,-3.071626588702202,-7.177321240305901,-4.105694651603699,False,False,False,False
OD_01035,BASE_0080,consistent_adjacent,open_closed,drawer,open,closed,4.885183237493038,-5.374154262244701,4.885183237493038,5.374154262244701,10.25933749973774,4.885183237493038,True,False,False,False
OD_01036,BASE_0080,explicit_override_direct,open_closed,drawer,open,closed,4.455784734338522,-1.266833335161209,4.455784734338522,1.266833335161209,5.722618069499731,1.266833335161209,True,False,False,False
OD_01037,BASE_0080,tf_prior_only_contradict,open_closed,drawer,open,closed,-2.1329352855682373,-2.3686275482177734,-2.1329352855682373,2.3686275482177734,0.23569226264953613,-2.1329352855682373,False,False,True,True
OD_01038,BASE_0080,tf_action_only,open_closed,drawer,open,closed,-0.10448074340820312,-2.127767562866211,-0.10448074340820312,2.127767562866211,2.023286819458008,-0.10448074340820312,False,False,True,True
OD_01039,BASE_0080,tf_contradict_adjacent,open_closed,drawer,open,closed,-2.0839500427246094,-2.500181198120117,-2.0839500427246094,2.500181198120117,0.4162311553955078,-2.0839500427246094,False,False,True,True
OD_01040,BASE_0080,tf_contradict_distance,open_closed,drawer,open,closed,-2.0030832290649414,-2.53067684173584,-2.0030832290649414,2.53067684173584,0.5275936126708984,-2.0030832290649414,False,False,True,True
