target,frame_id,subtype,alt_a,alt_b,form,delta1,delta2,correct_margin_c1,correct_margin_c2,interaction,min_signed_margin,crossed_success,same_a_bias,same_b_bias,prior_ratio
legal40k_depth12_100M_seed43022,D_0001,open_closed,open,closed,explicit_final_state,3.8609085381031036,-4.54032326489687,3.8609085381031036,4.54032326489687,8.401231802999973,3.8609085381031036,True,False,False,4.846875
legal40k_depth12_100M_seed43022,D_0001,open_closed,open,closed,full_v3,-4.2663078755140305,4.383895855396986,-4.2663078755140305,-4.383895855396986,-8.650203730911016,-4.383895855396986,False,False,False,4.846875
legal40k_depth12_100M_seed43022,D_0001,open_closed,open,closed,initial_plus_last,-4.329627901315689,4.158119201660156,-4.329627901315689,-4.158119201660156,-8.487747102975845,-4.329627901315689,False,False,False,4.846875
legal40k_depth12_100M_seed43022,D_0001,open_closed,open,closed,last_event_only,-1.5264445543289185,-1.8968954682350159,-1.5264445543289185,1.8968954682350159,0.3704509139060974,-1.5264445543289185,False,False,True,4.846875
legal40k_depth12_100M_seed43022,D_0001,open_closed,open,closed,no_context,-1.8138513565063477,-1.8138513565063477,-1.8138513565063477,1.8138513565063477,0.0,-1.8138513565063477,False,False,True,4.846875
legal40k_depth12_100M_seed43022,D_0002,open_closed,open,closed,explicit_final_state,3.677284359931946,-4.19261572510004,3.677284359931946,4.19261572510004,7.869900085031986,3.677284359931946,True,False,False,4.846875
legal40k_depth12_100M_seed43022,D_0002,open_closed,open,closed,full_v3,-4.028023958206177,3.783612184226513,-4.028023958206177,-3.783612184226513,-7.81163614243269,-4.028023958206177,False,False,False,4.846875
legal40k_depth12_100M_seed43022,D_0002,open_closed,open,closed,initial_plus_last,-4.210185065865517,3.7428216859698296,-4.210185065865517,-3.7428216859698296,-7.953006751835346,-4.210185065865517,False,False,False,4.846875
legal40k_depth12_100M_seed43022,D_0002,open_closed,open,closed,last_event_only,-0.3405858278274536,-1.2190752029418945,-0.3405858278274536,1.2190752029418945,0.8784893751144409,-0.3405858278274536,False,False,True,4.846875
legal40k_depth12_100M_seed43022,D_0002,open_closed,open,closed,no_context,-0.44132423400878906,-0.44132423400878906,-0.44132423400878906,0.44132423400878906,0.0,-0.44132423400878906,False,False,True,4.846875
legal40k_depth12_100M_seed43022,D_0003,empty_full,empty,full,explicit_final_state,5.983719885349274,-5.713642030954361,5.983719885349274,5.713642030954361,11.697361916303635,5.713642030954361,True,False,False,4.861915367483296
legal40k_depth12_100M_seed43022,D_0003,empty_full,empty,full,full_v3,-7.104189891368151,6.124135255813599,-7.104189891368151,-6.124135255813599,-13.22832514718175,-7.104189891368151,False,False,False,4.861915367483296
legal40k_depth12_100M_seed43022,D_0003,empty_full,empty,full,initial_plus_last,-6.874497525393963,5.554392695426941,-6.874497525393963,-5.554392695426941,-12.428890220820904,-6.874497525393963,False,False,False,4.861915367483296
legal40k_depth12_100M_seed43022,D_0003,empty_full,empty,full,last_event_only,3.1603732109069824,0.42237281799316406,3.1603732109069824,-0.42237281799316406,2.7380003929138184,-0.42237281799316406,False,True,False,4.861915367483296
legal40k_depth12_100M_seed43022,D_0003,empty_full,empty,full,no_context,1.23394775390625,1.23394775390625,1.23394775390625,-1.23394775390625,0.0,-1.23394775390625,False,True,False,4.861915367483296
legal40k_depth12_100M_seed43022,D_0004,open_closed,open,closed,explicit_final_state,3.611775480210781,-3.905389852821827,3.611775480210781,3.905389852821827,7.517165333032608,3.611775480210781,True,False,False,4.846875
legal40k_depth12_100M_seed43022,D_0004,open_closed,open,closed,full_v3,-3.95503231883049,3.8613528683781624,-3.95503231883049,-3.8613528683781624,-7.8163851872086525,-3.95503231883049,False,False,False,4.846875
legal40k_depth12_100M_seed43022,D_0004,open_closed,open,closed,initial_plus_last,-3.9744689911603928,3.7406882494688034,-3.9744689911603928,-3.7406882494688034,-7.715157240629196,-3.9744689911603928,False,False,False,4.846875
legal40k_depth12_100M_seed43022,D_0004,open_closed,open,closed,last_event_only,-0.7456225156784058,-1.6045693159103394,-0.7456225156784058,1.6045693159103394,0.8589468002319336,-0.7456225156784058,False,False,True,4.846875
legal40k_depth12_100M_seed43022,D_0004,open_closed,open,closed,no_context,-0.41376984119415283,-0.41376984119415283,-0.41376984119415283,0.41376984119415283,0.0,-0.41376984119415283,False,False,True,4.846875
legal40k_depth12_100M_seed43022,D_0005,empty_full,empty,full,explicit_final_state,5.373451054096222,-5.815200015902519,5.373451054096222,5.815200015902519,11.188651069998741,5.373451054096222,True,False,False,4.861915367483296
legal40k_depth12_100M_seed43022,D_0005,empty_full,empty,full,full_v3,-7.375248394906521,5.2586506605148315,-7.375248394906521,-5.2586506605148315,-12.633899055421352,-7.375248394906521,False,False,False,4.861915367483296
legal40k_depth12_100M_seed43022,D_0005,empty_full,empty,full,initial_plus_last,-7.099147014319897,4.851741909980774,-7.099147014319897,-4.851741909980774,-11.95088892430067,-7.099147014319897,False,False,False,4.861915367483296
legal40k_depth12_100M_seed43022,D_0005,empty_full,empty,full,last_event_only,1.7368578910827637,0.09322357177734375,1.7368578910827637,-0.09322357177734375,1.64363431930542,-0.09322357177734375,False,True,False,4.861915367483296
legal40k_depth12_100M_seed43022,D_0005,empty_full,empty,full,no_context,-0.15697574615478516,-0.15697574615478516,-0.15697574615478516,0.15697574615478516,0.0,-0.15697574615478516,False,False,True,4.861915367483296
legal40k_depth12_100M_seed43022,D_0006,empty_full,empty,full,explicit_final_state,5.983719885349274,-5.713642030954361,5.983719885349274,5.713642030954361,11.697361916303635,5.713642030954361,True,False,False,4.861915367483296
legal40k_depth12_100M_seed43022,D_0006,empty_full,empty,full,full_v3,-6.8813218139112,6.244453191757202,-6.8813218139112,-6.244453191757202,-13.125775005668402,-6.8813218139112,False,False,False,4.861915367483296
legal40k_depth12_100M_seed43022,D_0006,empty_full,empty,full,initial_plus_last,-6.720702208578587,5.642625510692596,-6.720702208578587,-5.642625510692596,-12.363327719271183,-6.720702208578587,False,False,False,4.861915367483296
legal40k_depth12_100M_seed43022,D_0006,empty_full,empty,full,last_event_only,2.903007745742798,0.9438247680664062,2.903007745742798,-0.9438247680664062,1.9591829776763916,-0.9438247680664062,False,True,False,4.861915367483296
legal40k_depth12_100M_seed43022,D_0006,empty_full,empty,full,no_context,1.23394775390625,1.23394775390625,1.23394775390625,-1.23394775390625,0.0,-1.23394775390625,False,True,False,4.861915367483296
legal40k_depth12_100M_seed43022,D_0007,open_closed,open,closed,explicit_final_state,4.455216199159622,-4.301470033824444,4.455216199159622,4.301470033824444,8.756686232984066,4.301470033824444,True,False,False,4.846875
legal40k_depth12_100M_seed43022,D_0007,open_closed,open,closed,full_v3,-4.4192896112799644,4.9096038937568665,-4.4192896112799644,-4.9096038937568665,-9.328893505036831,-4.9096038937568665,False,False,False,4.846875
legal40k_depth12_100M_seed43022,D_0007,open_closed,open,closed,initial_plus_last,-4.365616604685783,4.790833622217178,-4.365616604685783,-4.790833622217178,-9.156450226902962,-4.790833622217178,False,False,False,4.846875
legal40k_depth12_100M_seed43022,D_0007,open_closed,open,closed,last_event_only,-1.2168550491333008,-2.0523205995559692,-1.2168550491333008,2.0523205995559692,0.8354655504226685,-1.2168550491333008,False,False,True,4.846875
legal40k_depth12_100M_seed43022,D_0007,open_closed,open,closed,no_context,-0.91015625,-0.91015625,-0.91015625,0.91015625,0.0,-0.91015625,False,False,True,4.846875
legal40k_depth12_100M_seed43022,D_0008,empty_full,empty,full,explicit_final_state,5.373451054096222,-5.815200015902519,5.373451054096222,5.815200015902519,11.188651069998741,5.373451054096222,True,False,False,4.861915367483296
legal40k_depth12_100M_seed43022,D_0008,empty_full,empty,full,full_v3,-7.235593859106302,5.407919883728027,-7.235593859106302,-5.407919883728027,-12.64351374283433,-7.235593859106302,False,False,False,4.861915367483296
legal40k_depth12_100M_seed43022,D_0008,empty_full,empty,full,initial_plus_last,-6.979542329907417,4.979482293128967,-6.979542329907417,-4.979482293128967,-11.959024623036385,-6.979542329907417,False,False,False,4.861915367483296
legal40k_depth12_100M_seed43022,D_0008,empty_full,empty,full,last_event_only,1.8497114181518555,0.5472774505615234,1.8497114181518555,-0.5472774505615234,1.302433967590332,-0.5472774505615234,False,True,False,4.861915367483296
legal40k_depth12_100M_seed43022,D_0008,empty_full,empty,full,no_context,-0.15697574615478516,-0.15697574615478516,-0.15697574615478516,0.15697574615478516,0.0,-0.15697574615478516,False,False,True,4.861915367483296
legal40k_depth12_100M_seed43022,D_0009,open_closed,open,closed,explicit_final_state,3.677284359931946,-4.19261572510004,3.677284359931946,4.19261572510004,7.869900085031986,3.677284359931946,True,False,False,4.846875
legal40k_depth12_100M_seed43022,D_0009,open_closed,open,closed,full_v3,-4.113350786268711,3.624869354069233,-4.113350786268711,-3.624869354069233,-7.738220140337944,-4.113350786268711,False,False,False,4.846875
legal40k_depth12_100M_seed43022,D_0009,open_closed,open,closed,initial_plus_last,-4.132670260965824,3.6046265959739685,-4.132670260965824,-3.6046265959739685,-7.737296856939793,-4.132670260965824,False,False,False,4.846875
legal40k_depth12_100M_seed43022,D_0009,open_closed,open,closed,last_event_only,-1.147343635559082,-2.173582077026367,-1.147343635559082,2.173582077026367,1.0262384414672852,-1.147343635559082,False,False,True,4.846875
legal40k_depth12_100M_seed43022,D_0009,open_closed,open,closed,no_context,-0.44132423400878906,-0.44132423400878906,-0.44132423400878906,0.44132423400878906,0.0,-0.44132423400878906,False,False,True,4.846875
legal40k_depth12_100M_seed43022,D_0010,open_closed,open,closed,explicit_final_state,4.455216199159622,-4.301470033824444,4.455216199159622,4.301470033824444,8.756686232984066,4.301470033824444,True,False,False,4.846875
legal40k_depth12_100M_seed43022,D_0010,open_closed,open,closed,full_v3,-4.435692027211189,4.523577529937029,-4.435692027211189,-4.523577529937029,-8.959269557148218,-4.523577529937029,False,False,False,4.846875
legal40k_depth12_100M_seed43022,D_0010,open_closed,open,closed,initial_plus_last,-4.322199918329716,4.4306041821837425,-4.322199918329716,-4.4306041821837425,-8.752804100513458,-4.4306041821837425,False,False,False,4.846875
legal40k_depth12_100M_seed43022,D_0010,open_closed,open,closed,last_event_only,-1.503678321838379,-2.546259045600891,-1.503678321838379,2.546259045600891,1.0425807237625122,-1.503678321838379,False,False,True,4.846875
legal40k_depth12_100M_seed43022,D_0010,open_closed,open,closed,no_context,-0.91015625,-0.91015625,-0.91015625,0.91015625,0.0,-0.91015625,False,False,True,4.846875
legal40k_depth12_100M_seed43022,D_0011,empty_full,empty,full,explicit_final_state,5.9945149421691895,-4.83172419667244,5.9945149421691895,4.83172419667244,10.826239138841629,4.83172419667244,True,False,False,4.861915367483296
legal40k_depth12_100M_seed43022,D_0011,empty_full,empty,full,full_v3,-5.818405300378799,5.972820401191711,-5.818405300378799,-5.972820401191711,-11.79122570157051,-5.972820401191711,False,False,False,4.861915367483296
legal40k_depth12_100M_seed43022,D_0011,empty_full,empty,full,initial_plus_last,-5.460909947752953,5.78154057264328,-5.460909947752953,-5.78154057264328,-11.242450520396233,-5.78154057264328,False,False,False,4.861915367483296
legal40k_depth12_100M_seed43022,D_0011,empty_full,empty,full,last_event_only,3.1512465476989746,1.6619267463684082,3.1512465476989746,-1.6619267463684082,1.4893198013305664,-1.6619267463684082,False,True,False,4.861915367483296
legal40k_depth12_100M_seed43022,D_0011,empty_full,empty,full,no_context,1.4622948169708252,1.4622948169708252,1.4622948169708252,-1.4622948169708252,0.0,-1.4622948169708252,False,True,False,4.861915367483296
legal40k_depth12_100M_seed43022,D_0012,open_closed,open,closed,explicit_final_state,4.455216199159622,-4.301470033824444,4.455216199159622,4.301470033824444,8.756686232984066,4.301470033824444,True,False,False,4.846875
legal40k_depth12_100M_seed43022,D_0012,open_closed,open,closed,full_v3,-4.472465306520462,4.334238216280937,-4.472465306520462,-4.334238216280937,-8.8067035228014,-4.472465306520462,False,False,False,4.846875
legal40k_depth12_100M_seed43022,D_0012,open_closed,open,closed,initial_plus_last,-4.507025606930256,4.241035558283329,-4.507025606930256,-4.241035558283329,-8.748061165213585,-4.507025606930256,False,False,False,4.846875
legal40k_depth12_100M_seed43022,D_0012,open_closed,open,closed,last_event_only,-1.6493025422096252,-2.241837501525879,-1.6493025422096252,2.241837501525879,0.5925349593162537,-1.6493025422096252,False,False,True,4.846875
legal40k_depth12_100M_seed43022,D_0012,open_closed,open,closed,no_context,-0.91015625,-0.91015625,-0.91015625,0.91015625,0.0,-0.91015625,False,False,True,4.846875
legal40k_depth12_100M_seed43022,D_0013,empty_full,empty,full,explicit_final_state,5.983719885349274,-5.713642030954361,5.983719885349274,5.713642030954361,11.697361916303635,5.713642030954361,True,False,False,4.861915367483296
legal40k_depth12_100M_seed43022,D_0013,empty_full,empty,full,full_v3,-6.717225082218647,6.477149188518524,-6.717225082218647,-6.477149188518524,-13.194374270737171,-6.717225082218647,False,False,False,4.861915367483296
legal40k_depth12_100M_seed43022,D_0013,empty_full,empty,full,initial_plus_last,-6.6309511214494705,5.684721648693085,-6.6309511214494705,-5.684721648693085,-12.315672770142555,-6.6309511214494705,False,False,False,4.861915367483296
legal40k_depth12_100M_seed43022,D_0013,empty_full,empty,full,last_event_only,3.5872135162353516,0.23018646240234375,3.5872135162353516,-0.23018646240234375,3.357027053833008,-0.23018646240234375,False,True,False,4.861915367483296
legal40k_depth12_100M_seed43022,D_0013,empty_full,empty,full,no_context,1.23394775390625,1.23394775390625,1.23394775390625,-1.23394775390625,0.0,-1.23394775390625,False,True,False,4.861915367483296
legal40k_depth12_100M_seed43022,D_0014,empty_full,empty,full,explicit_final_state,5.772742211818695,-5.592823088169098,5.772742211818695,5.592823088169098,11.365565299987793,5.592823088169098,True,False,False,4.861915367483296
legal40k_depth12_100M_seed43022,D_0014,empty_full,empty,full,full_v3,-6.343445859849453,5.812821447849274,-6.343445859849453,-5.812821447849274,-12.156267307698727,-6.343445859849453,False,False,False,4.861915367483296
legal40k_depth12_100M_seed43022,D_0014,empty_full,empty,full,initial_plus_last,-6.353676006197929,5.569098472595215,-6.353676006197929,-5.569098472595215,-11.922774478793144,-6.353676006197929,False,False,False,4.861915367483296
legal40k_depth12_100M_seed43022,D_0014,empty_full,empty,full,last_event_only,2.730922222137451,1.1981592178344727,2.730922222137451,-1.1981592178344727,1.5327630043029785,-1.1981592178344727,False,True,False,4.861915367483296
legal40k_depth12_100M_seed43022,D_0014,empty_full,empty,full,no_context,0.40581750869750977,0.40581750869750977,0.40581750869750977,-0.40581750869750977,0.0,-0.40581750869750977,False,True,False,4.861915367483296
legal40k_depth12_100M_seed43022,D_0015,empty_full,empty,full,explicit_final_state,5.772742211818695,-5.592823088169098,5.772742211818695,5.592823088169098,11.365565299987793,5.592823088169098,True,False,False,4.861915367483296
legal40k_depth12_100M_seed43022,D_0015,empty_full,empty,full,full_v3,-6.762280501425266,5.8842644691467285,-6.762280501425266,-5.8842644691467285,-12.646544970571995,-6.762280501425266,False,False,False,4.861915367483296
legal40k_depth12_100M_seed43022,D_0015,empty_full,empty,full,initial_plus_last,-6.7187496572732925,5.582252383232117,-6.7187496572732925,-5.582252383232117,-12.30100204050541,-6.7187496572732925,False,False,False,4.861915367483296
legal40k_depth12_100M_seed43022,D_0015,empty_full,empty,full,last_event_only,2.3708724975585938,1.0546607971191406,2.3708724975585938,-1.0546607971191406,1.3162117004394531,-1.0546607971191406,False,True,False,4.861915367483296
legal40k_depth12_100M_seed43022,D_0015,empty_full,empty,full,no_context,0.40581750869750977,0.40581750869750977,0.40581750869750977,-0.40581750869750977,0.0,-0.40581750869750977,False,True,False,4.861915367483296
legal40k_depth12_100M_seed43022,D_0016,empty_full,empty,full,explicit_final_state,5.9945149421691895,-4.83172419667244,5.9945149421691895,4.83172419667244,10.826239138841629,4.83172419667244,True,False,False,4.861915367483296
legal40k_depth12_100M_seed43022,D_0016,empty_full,empty,full,full_v3,-5.9892550855875015,5.942776262760162,-5.9892550855875015,-5.942776262760162,-11.932031348347664,-5.9892550855875015,False,False,False,4.861915367483296
legal40k_depth12_100M_seed43022,D_0016,empty_full,empty,full,initial_plus_last,-5.730182580649853,5.6946635246276855,-5.730182580649853,-5.6946635246276855,-11.424846105277538,-5.730182580649853,False,False,False,4.861915367483296
legal40k_depth12_100M_seed43022,D_0016,empty_full,empty,full,last_event_only,2.8715405464172363,1.850656509399414,2.8715405464172363,-1.850656509399414,1.0208840370178223,-1.850656509399414,False,True,False,4.861915367483296
legal40k_depth12_100M_seed43022,D_0016,empty_full,empty,full,no_context,1.4622948169708252,1.4622948169708252,1.4622948169708252,-1.4622948169708252,0.0,-1.4622948169708252,False,True,False,4.861915367483296
legal40k_depth12_100M_seed43022,D_0017,open_closed,open,closed,explicit_final_state,3.677284359931946,-4.19261572510004,3.677284359931946,4.19261572510004,7.869900085031986,3.677284359931946,True,False,False,4.846875
legal40k_depth12_100M_seed43022,D_0017,open_closed,open,closed,full_v3,-4.0466726422309875,4.013627253472805,-4.0466726422309875,-4.013627253472805,-8.060299895703793,-4.0466726422309875,False,False,False,4.846875
legal40k_depth12_100M_seed43022,D_0017,open_closed,open,closed,initial_plus_last,-4.161369130015373,3.956734724342823,-4.161369130015373,-3.956734724342823,-8.118103854358196,-4.161369130015373,False,False,False,4.846875
legal40k_depth12_100M_seed43022,D_0017,open_closed,open,closed,last_event_only,-0.6227207183837891,-1.533675193786621,-0.6227207183837891,1.533675193786621,0.910954475402832,-0.6227207183837891,False,False,True,4.846875
legal40k_depth12_100M_seed43022,D_0017,open_closed,open,closed,no_context,-0.44132423400878906,-0.44132423400878906,-0.44132423400878906,0.44132423400878906,0.0,-0.44132423400878906,False,False,True,4.846875
legal40k_depth12_100M_seed43022,D_0018,open_closed,open,closed,explicit_final_state,3.8609085381031036,-4.54032326489687,3.8609085381031036,4.54032326489687,8.401231802999973,3.8609085381031036,True,False,False,4.846875
legal40k_depth12_100M_seed43022,D_0018,open_closed,open,closed,full_v3,-4.490999050438404,4.365406218916178,-4.490999050438404,-4.365406218916178,-8.856405269354582,-4.490999050438404,False,False,False,4.846875
legal40k_depth12_100M_seed43022,D_0018,open_closed,open,closed,initial_plus_last,-4.414274346083403,4.151891857385635,-4.414274346083403,-4.151891857385635,-8.566166203469038,-4.414274346083403,False,False,False,4.846875
legal40k_depth12_100M_seed43022,D_0018,open_closed,open,closed,last_event_only,-1.9973028898239136,-2.227990210056305,-1.9973028898239136,2.227990210056305,0.23068732023239136,-1.9973028898239136,False,False,True,4.846875
legal40k_depth12_100M_seed43022,D_0018,open_closed,open,closed,no_context,-1.8138513565063477,-1.8138513565063477,-1.8138513565063477,1.8138513565063477,0.0,-1.8138513565063477,False,False,True,4.846875
legal40k_depth12_100M_seed43022,D_0019,open_closed,open,closed,explicit_final_state,3.677284359931946,-4.19261572510004,3.677284359931946,4.19261572510004,7.869900085031986,3.677284359931946,True,False,False,4.846875
legal40k_depth12_100M_seed43022,D_0019,open_closed,open,closed,full_v3,-3.8003082647919655,3.9829560592770576,-3.8003082647919655,-3.9829560592770576,-7.783264324069023,-3.9829560592770576,False,False,False,4.846875
legal40k_depth12_100M_seed43022,D_0019,open_closed,open,closed,initial_plus_last,-4.040115587413311,3.8113783821463585,-4.040115587413311,-3.8113783821463585,-7.8514939695596695,-4.040115587413311,False,False,False,4.846875
legal40k_depth12_100M_seed43022,D_0019,open_closed,open,closed,last_event_only,-0.6486921310424805,-1.366812825202942,-0.6486921310424805,1.366812825202942,0.7181206941604614,-0.6486921310424805,False,False,True,4.846875
legal40k_depth12_100M_seed43022,D_0019,open_closed,open,closed,no_context,-0.44132423400878906,-0.44132423400878906,-0.44132423400878906,0.44132423400878906,0.0,-0.44132423400878906,False,False,True,4.846875
legal40k_depth12_100M_seed43022,D_0020,open_closed,open,closed,explicit_final_state,4.455216199159622,-4.301470033824444,4.455216199159622,4.301470033824444,8.756686232984066,4.301470033824444,True,False,False,4.846875
legal40k_depth12_100M_seed43022,D_0020,open_closed,open,closed,full_v3,-4.535231746733189,4.735316175967455,-4.535231746733189,-4.735316175967455,-9.270547922700644,-4.735316175967455,False,False,False,4.846875
legal40k_depth12_100M_seed43022,D_0020,open_closed,open,closed,initial_plus_last,-4.514620900154114,4.558395378291607,-4.514620900154114,-4.558395378291607,-9.07301627844572,-4.558395378291607,False,False,False,4.846875
legal40k_depth12_100M_seed43022,D_0020,open_closed,open,closed,last_event_only,-1.2873735427856445,-1.8163424730300903,-1.2873735427856445,1.8163424730300903,0.5289689302444458,-1.2873735427856445,False,False,True,4.846875
legal40k_depth12_100M_seed43022,D_0020,open_closed,open,closed,no_context,-0.91015625,-0.91015625,-0.91015625,0.91015625,0.0,-0.91015625,False,False,True,4.846875
legal40k_depth12_100M_seed43022,D_0021,open_closed,open,closed,explicit_final_state,3.611775480210781,-3.905389852821827,3.611775480210781,3.905389852821827,7.517165333032608,3.611775480210781,True,False,False,4.846875
legal40k_depth12_100M_seed43022,D_0021,open_closed,open,closed,full_v3,-3.842937394976616,3.5042123198509216,-3.842937394976616,-3.5042123198509216,-7.3471497148275375,-3.842937394976616,False,False,False,4.846875
legal40k_depth12_100M_seed43022,D_0021,open_closed,open,closed,initial_plus_last,-4.029472321271896,3.4407167807221413,-4.029472321271896,-3.4407167807221413,-7.470189101994038,-4.029472321271896,False,False,False,4.846875
legal40k_depth12_100M_seed43022,D_0021,open_closed,open,closed,last_event_only,-1.3748931884765625,-1.7855833768844604,-1.3748931884765625,1.7855833768844604,0.41069018840789795,-1.3748931884765625,False,False,True,4.846875
legal40k_depth12_100M_seed43022,D_0021,open_closed,open,closed,no_context,-0.41376984119415283,-0.41376984119415283,-0.41376984119415283,0.41376984119415283,0.0,-0.41376984119415283,False,False,True,4.846875
legal40k_depth12_100M_seed43022,D_0022,open_closed,open,closed,explicit_final_state,3.8609085381031036,-4.54032326489687,3.8609085381031036,4.54032326489687,8.401231802999973,3.8609085381031036,True,False,False,4.846875
legal40k_depth12_100M_seed43022,D_0022,open_closed,open,closed,full_v3,-4.5258276127278805,4.183417558670044,-4.5258276127278805,-4.183417558670044,-8.709245171397924,-4.5258276127278805,False,False,False,4.846875
legal40k_depth12_100M_seed43022,D_0022,open_closed,open,closed,initial_plus_last,-4.469602461904287,4.116764985024929,-4.469602461904287,-4.116764985024929,-8.586367446929216,-4.469602461904287,False,False,False,4.846875
legal40k_depth12_100M_seed43022,D_0022,open_closed,open,closed,last_event_only,-1.363311767578125,-1.7845839262008667,-1.363311767578125,1.7845839262008667,0.4212721586227417,-1.363311767578125,False,False,True,4.846875
legal40k_depth12_100M_seed43022,D_0022,open_closed,open,closed,no_context,-1.8138513565063477,-1.8138513565063477,-1.8138513565063477,1.8138513565063477,0.0,-1.8138513565063477,False,False,True,4.846875
legal40k_depth12_100M_seed43022,D_0023,open_closed,open,closed,explicit_final_state,3.677284359931946,-4.19261572510004,3.677284359931946,4.19261572510004,7.869900085031986,3.677284359931946,True,False,False,4.846875
legal40k_depth12_100M_seed43022,D_0023,open_closed,open,closed,full_v3,-4.020848214626312,3.8264531269669533,-4.020848214626312,-3.8264531269669533,-7.8473013415932655,-4.020848214626312,False,False,False,4.846875
legal40k_depth12_100M_seed43022,D_0023,open_closed,open,closed,initial_plus_last,-4.1562644764781,3.800721138715744,-4.1562644764781,-3.800721138715744,-7.956985615193844,-4.1562644764781,False,False,False,4.846875
legal40k_depth12_100M_seed43022,D_0023,open_closed,open,closed,last_event_only,-0.975061297416687,-1.4932185411453247,-0.975061297416687,1.4932185411453247,0.5181572437286377,-0.975061297416687,False,False,True,4.846875
legal40k_depth12_100M_seed43022,D_0023,open_closed,open,closed,no_context,-0.44132423400878906,-0.44132423400878906,-0.44132423400878906,0.44132423400878906,0.0,-0.44132423400878906,False,False,True,4.846875
legal40k_depth12_100M_seed43022,D_0024,empty_full,empty,full,explicit_final_state,5.373451054096222,-5.815200015902519,5.373451054096222,5.815200015902519,11.188651069998741,5.373451054096222,True,False,False,4.861915367483296
legal40k_depth12_100M_seed43022,D_0024,empty_full,empty,full,full_v3,-6.965752989053726,5.579917669296265,-6.965752989053726,-5.579917669296265,-12.54567065834999,-6.965752989053726,False,False,False,4.861915367483296
legal40k_depth12_100M_seed43022,D_0024,empty_full,empty,full,initial_plus_last,-6.83200428634882,5.177544057369232,-6.83200428634882,-5.177544057369232,-12.009548343718052,-6.83200428634882,False,False,False,4.861915367483296
legal40k_depth12_100M_seed43022,D_0024,empty_full,empty,full,last_event_only,2.502450466156006,0.33481931686401367,2.502450466156006,-0.33481931686401367,2.167631149291992,-0.33481931686401367,False,True,False,4.861915367483296
legal40k_depth12_100M_seed43022,D_0024,empty_full,empty,full,no_context,-0.15697574615478516,-0.15697574615478516,-0.15697574615478516,0.15697574615478516,0.0,-0.15697574615478516,False,False,True,4.861915367483296
legal40k_depth12_100M_seed43022,D_0025,empty_full,empty,full,explicit_final_state,5.983719885349274,-5.713642030954361,5.983719885349274,5.713642030954361,11.697361916303635,5.713642030954361,True,False,False,4.861915367483296
legal40k_depth12_100M_seed43022,D_0025,empty_full,empty,full,full_v3,-6.782479096204042,6.355613589286804,-6.782479096204042,-6.355613589286804,-13.138092685490847,-6.782479096204042,False,False,False,4.861915367483296
legal40k_depth12_100M_seed43022,D_0025,empty_full,empty,full,initial_plus_last,-6.709031254053116,5.835981845855713,-6.709031254053116,-5.835981845855713,-12.545013099908829,-6.709031254053116,False,False,False,4.861915367483296
legal40k_depth12_100M_seed43022,D_0025,empty_full,empty,full,last_event_only,3.449641227722168,0.8827176094055176,3.449641227722168,-0.8827176094055176,2.5669236183166504,-0.8827176094055176,False,True,False,4.861915367483296
legal40k_depth12_100M_seed43022,D_0025,empty_full,empty,full,no_context,1.23394775390625,1.23394775390625,1.23394775390625,-1.23394775390625,0.0,-1.23394775390625,False,True,False,4.861915367483296
legal40k_depth12_100M_seed43022,D_0026,open_closed,open,closed,explicit_final_state,3.8609085381031036,-4.54032326489687,3.8609085381031036,4.54032326489687,8.401231802999973,3.8609085381031036,True,False,False,4.846875
legal40k_depth12_100M_seed43022,D_0026,open_closed,open,closed,full_v3,-4.450048312544823,4.3698845356702805,-4.450048312544823,-4.3698845356702805,-8.819932848215103,-4.450048312544823,False,False,False,4.846875
legal40k_depth12_100M_seed43022,D_0026,open_closed,open,closed,initial_plus_last,-4.481676995754242,4.043976902961731,-4.481676995754242,-4.043976902961731,-8.525653898715973,-4.481676995754242,False,False,False,4.846875
legal40k_depth12_100M_seed43022,D_0026,open_closed,open,closed,last_event_only,-1.6283340454101562,-1.9787988662719727,-1.6283340454101562,1.9787988662719727,0.3504648208618164,-1.6283340454101562,False,False,True,4.846875
legal40k_depth12_100M_seed43022,D_0026,open_closed,open,closed,no_context,-1.8138513565063477,-1.8138513565063477,-1.8138513565063477,1.8138513565063477,0.0,-1.8138513565063477,False,False,True,4.846875
legal40k_depth12_100M_seed43022,D_0027,open_closed,open,closed,explicit_final_state,4.455216199159622,-4.301470033824444,4.455216199159622,4.301470033824444,8.756686232984066,4.301470033824444,True,False,False,4.846875
legal40k_depth12_100M_seed43022,D_0027,open_closed,open,closed,full_v3,-4.184437870979309,4.835677906870842,-4.184437870979309,-4.835677906870842,-9.020115777850151,-4.835677906870842,False,False,False,4.846875
legal40k_depth12_100M_seed43022,D_0027,open_closed,open,closed,initial_plus_last,-4.280114218592644,4.542459599673748,-4.280114218592644,-4.542459599673748,-8.822573818266392,-4.542459599673748,False,False,False,4.846875
legal40k_depth12_100M_seed43022,D_0027,open_closed,open,closed,last_event_only,-1.0647162199020386,-1.9723406434059143,-1.0647162199020386,1.9723406434059143,0.9076244235038757,-1.0647162199020386,False,False,True,4.846875
legal40k_depth12_100M_seed43022,D_0027,open_closed,open,closed,no_context,-0.91015625,-0.91015625,-0.91015625,0.91015625,0.0,-0.91015625,False,False,True,4.846875
legal40k_depth12_100M_seed43022,D_0028,empty_full,empty,full,explicit_final_state,5.772742211818695,-5.592823088169098,5.772742211818695,5.592823088169098,11.365565299987793,5.592823088169098,True,False,False,4.861915367483296
legal40k_depth12_100M_seed43022,D_0028,empty_full,empty,full,full_v3,-6.697402209043503,5.977817893028259,-6.697402209043503,-5.977817893028259,-12.675220102071762,-6.697402209043503,False,False,False,4.861915367483296
legal40k_depth12_100M_seed43022,D_0028,empty_full,empty,full,initial_plus_last,-6.584222041070461,5.650739431381226,-6.584222041070461,-5.650739431381226,-12.234961472451687,-6.584222041070461,False,False,False,4.861915367483296
legal40k_depth12_100M_seed43022,D_0028,empty_full,empty,full,last_event_only,3.31264066696167,2.3683886528015137,3.31264066696167,-2.3683886528015137,0.9442520141601562,-2.3683886528015137,False,True,False,4.861915367483296
legal40k_depth12_100M_seed43022,D_0028,empty_full,empty,full,no_context,0.40581750869750977,0.40581750869750977,0.40581750869750977,-0.40581750869750977,0.0,-0.40581750869750977,False,True,False,4.861915367483296
legal40k_depth12_100M_seed43022,D_0029,empty_full,empty,full,explicit_final_state,5.772742211818695,-5.592823088169098,5.772742211818695,5.592823088169098,11.365565299987793,5.592823088169098,True,False,False,4.861915367483296
legal40k_depth12_100M_seed43022,D_0029,empty_full,empty,full,full_v3,-6.699516214430332,5.880922794342041,-6.699516214430332,-5.880922794342041,-12.580439008772373,-6.699516214430332,False,False,False,4.861915367483296
legal40k_depth12_100M_seed43022,D_0029,empty_full,empty,full,initial_plus_last,-6.474680840969086,5.618725001811981,-6.474680840969086,-5.618725001811981,-12.093405842781067,-6.474680840969086,False,False,False,4.861915367483296
legal40k_depth12_100M_seed43022,D_0029,empty_full,empty,full,last_event_only,2.7739009857177734,1.0068092346191406,2.7739009857177734,-1.0068092346191406,1.7670917510986328,-1.0068092346191406,False,True,False,4.861915367483296
legal40k_depth12_100M_seed43022,D_0029,empty_full,empty,full,no_context,0.40581750869750977,0.40581750869750977,0.40581750869750977,-0.40581750869750977,0.0,-0.40581750869750977,False,True,False,4.861915367483296
legal40k_depth12_100M_seed43022,D_0030,empty_full,empty,full,explicit_final_state,5.9945149421691895,-4.83172419667244,5.9945149421691895,4.83172419667244,10.826239138841629,4.83172419667244,True,False,False,4.861915367483296
legal40k_depth12_100M_seed43022,D_0030,empty_full,empty,full,full_v3,-5.579176053404808,6.258012771606445,-5.579176053404808,-6.258012771606445,-11.837188825011253,-6.258012771606445,False,False,False,4.861915367483296
legal40k_depth12_100M_seed43022,D_0030,empty_full,empty,full,initial_plus_last,-5.3764801770448685,5.971970736980438,-5.3764801770448685,-5.971970736980438,-11.348450914025307,-5.971970736980438,False,False,False,4.861915367483296
legal40k_depth12_100M_seed43022,D_0030,empty_full,empty,full,last_event_only,3.1997365951538086,1.9467954635620117,3.1997365951538086,-1.9467954635620117,1.2529411315917969,-1.9467954635620117,False,True,False,4.861915367483296
legal40k_depth12_100M_seed43022,D_0030,empty_full,empty,full,no_context,1.4622948169708252,1.4622948169708252,1.4622948169708252,-1.4622948169708252,0.0,-1.4622948169708252,False,True,False,4.861915367483296
legal40k_depth12_100M_seed43022,D_0031,open_closed,open,closed,explicit_final_state,3.8609085381031036,-4.54032326489687,3.8609085381031036,4.54032326489687,8.401231802999973,3.8609085381031036,True,False,False,4.846875
legal40k_depth12_100M_seed43022,D_0031,open_closed,open,closed,full_v3,-4.524876527488232,4.326084937900305,-4.524876527488232,-4.326084937900305,-8.850961465388536,-4.524876527488232,False,False,False,4.846875
legal40k_depth12_100M_seed43022,D_0031,open_closed,open,closed,initial_plus_last,-4.4774177968502045,4.247669968754053,-4.4774177968502045,-4.247669968754053,-8.725087765604258,-4.4774177968502045,False,False,False,4.846875
legal40k_depth12_100M_seed43022,D_0031,open_closed,open,closed,last_event_only,-1.843719482421875,-2.4386767745018005,-1.843719482421875,2.4386767745018005,0.5949572920799255,-1.843719482421875,False,False,True,4.846875
legal40k_depth12_100M_seed43022,D_0031,open_closed,open,closed,no_context,-1.8138513565063477,-1.8138513565063477,-1.8138513565063477,1.8138513565063477,0.0,-1.8138513565063477,False,False,True,4.846875
legal40k_depth12_100M_seed43022,D_0032,empty_full,empty,full,explicit_final_state,6.186573565006256,-5.165551275014877,6.186573565006256,5.165551275014877,11.352124840021133,5.165551275014877,True,False,False,4.861915367483296
legal40k_depth12_100M_seed43022,D_0032,empty_full,empty,full,full_v3,-6.894263610243797,6.1294955015182495,-6.894263610243797,-6.1294955015182495,-13.023759111762047,-6.894263610243797,False,False,False,4.861915367483296
legal40k_depth12_100M_seed43022,D_0032,empty_full,empty,full,initial_plus_last,-6.506497487425804,5.753620803356171,-6.506497487425804,-5.753620803356171,-12.260118290781975,-6.506497487425804,False,False,False,4.861915367483296
legal40k_depth12_100M_seed43022,D_0032,empty_full,empty,full,last_event_only,3.0195541381835938,1.4905858039855957,3.0195541381835938,-1.4905858039855957,1.528968334197998,-1.4905858039855957,False,True,False,4.861915367483296
legal40k_depth12_100M_seed43022,D_0032,empty_full,empty,full,no_context,2.055750846862793,2.055750846862793,2.055750846862793,-2.055750846862793,0.0,-2.055750846862793,False,True,False,4.861915367483296
legal40k_depth12_100M_seed43022,D_0033,empty_full,empty,full,explicit_final_state,5.983719885349274,-5.713642030954361,5.983719885349274,5.713642030954361,11.697361916303635,5.713642030954361,True,False,False,4.861915367483296
legal40k_depth12_100M_seed43022,D_0033,empty_full,empty,full,full_v3,-6.49090663343668,6.458868384361267,-6.49090663343668,-6.458868384361267,-12.949775017797947,-6.49090663343668,False,False,False,4.861915367483296
legal40k_depth12_100M_seed43022,D_0033,empty_full,empty,full,initial_plus_last,-6.474855527281761,5.83060097694397,-6.474855527281761,-5.83060097694397,-12.305456504225731,-6.474855527281761,False,False,False,4.861915367483296
legal40k_depth12_100M_seed43022,D_0033,empty_full,empty,full,last_event_only,3.372982978820801,0.46677494049072266,3.372982978820801,-0.46677494049072266,2.906208038330078,-0.46677494049072266,False,True,False,4.861915367483296
legal40k_depth12_100M_seed43022,D_0033,empty_full,empty,full,no_context,1.23394775390625,1.23394775390625,1.23394775390625,-1.23394775390625,0.0,-1.23394775390625,False,True,False,4.861915367483296
legal40k_depth12_100M_seed43022,D_0034,open_closed,open,closed,explicit_final_state,3.8609085381031036,-4.54032326489687,3.8609085381031036,4.54032326489687,8.401231802999973,3.8609085381031036,True,False,False,4.846875
legal40k_depth12_100M_seed43022,D_0034,open_closed,open,closed,full_v3,-4.5014342069625854,4.339435804635286,-4.5014342069625854,-4.339435804635286,-8.840870011597872,-4.5014342069625854,False,False,False,4.846875
legal40k_depth12_100M_seed43022,D_0034,open_closed,open,closed,initial_plus_last,-4.562610577791929,4.1035544984042645,-4.562610577791929,-4.1035544984042645,-8.666165076196194,-4.562610577791929,False,False,False,4.846875
legal40k_depth12_100M_seed43022,D_0034,open_closed,open,closed,last_event_only,-1.882157325744629,-2.0489253997802734,-1.882157325744629,2.0489253997802734,0.16676807403564453,-1.882157325744629,False,False,True,4.846875
legal40k_depth12_100M_seed43022,D_0034,open_closed,open,closed,no_context,-1.8138513565063477,-1.8138513565063477,-1.8138513565063477,1.8138513565063477,0.0,-1.8138513565063477,False,False,True,4.846875
legal40k_depth12_100M_seed43022,D_0035,empty_full,empty,full,explicit_final_state,5.772742211818695,-5.592823088169098,5.772742211818695,5.592823088169098,11.365565299987793,5.592823088169098,True,False,False,4.861915367483296
legal40k_depth12_100M_seed43022,D_0035,empty_full,empty,full,full_v3,-6.91561009734869,5.892698764801025,-6.91561009734869,-5.892698764801025,-12.808308862149715,-6.91561009734869,False,False,False,4.861915367483296
legal40k_depth12_100M_seed43022,D_0035,empty_full,empty,full,initial_plus_last,-6.602819383144379,5.517830431461334,-6.602819383144379,-5.517830431461334,-12.120649814605713,-6.602819383144379,False,False,False,4.861915367483296
legal40k_depth12_100M_seed43022,D_0035,empty_full,empty,full,last_event_only,2.625025749206543,1.2959632873535156,2.625025749206543,-1.2959632873535156,1.3290624618530273,-1.2959632873535156,False,True,False,4.861915367483296
legal40k_depth12_100M_seed43022,D_0035,empty_full,empty,full,no_context,0.40581750869750977,0.40581750869750977,0.40581750869750977,-0.40581750869750977,0.0,-0.40581750869750977,False,True,False,4.861915367483296
legal40k_depth12_100M_seed43022,D_0036,empty_full,empty,full,explicit_final_state,6.186573565006256,-5.165551275014877,6.186573565006256,5.165551275014877,11.352124840021133,5.165551275014877,True,False,False,4.861915367483296
legal40k_depth12_100M_seed43022,D_0036,empty_full,empty,full,full_v3,-6.611932881176472,6.1564047038555145,-6.611932881176472,-6.1564047038555145,-12.768337585031986,-6.611932881176472,False,False,False,4.861915367483296
legal40k_depth12_100M_seed43022,D_0036,empty_full,empty,full,initial_plus_last,-6.21036047488451,5.784745454788208,-6.21036047488451,-5.784745454788208,-11.995105929672718,-6.21036047488451,False,False,False,4.861915367483296
legal40k_depth12_100M_seed43022,D_0036,empty_full,empty,full,last_event_only,3.512375831604004,1.1845450401306152,3.512375831604004,-1.1845450401306152,2.3278307914733887,-1.1845450401306152,False,True,False,4.861915367483296
legal40k_depth12_100M_seed43022,D_0036,empty_full,empty,full,no_context,2.055750846862793,2.055750846862793,2.055750846862793,-2.055750846862793,0.0,-2.055750846862793,False,True,False,4.861915367483296
legal40k_depth12_100M_seed43022,D_0037,empty_full,empty,full,explicit_final_state,6.186573565006256,-5.165551275014877,6.186573565006256,5.165551275014877,11.352124840021133,5.165551275014877,True,False,False,4.861915367483296
legal40k_depth12_100M_seed43022,D_0037,empty_full,empty,full,full_v3,-6.65082361549139,6.35107558965683,-6.65082361549139,-6.35107558965683,-13.00189920514822,-6.65082361549139,False,False,False,4.861915367483296
legal40k_depth12_100M_seed43022,D_0037,empty_full,empty,full,initial_plus_last,-6.191003896296024,5.892411231994629,-6.191003896296024,-5.892411231994629,-12.083415128290653,-6.191003896296024,False,False,False,4.861915367483296
legal40k_depth12_100M_seed43022,D_0037,empty_full,empty,full,last_event_only,3.6008057594299316,1.4874820709228516,3.6008057594299316,-1.4874820709228516,2.11332368850708,-1.4874820709228516,False,True,False,4.861915367483296
legal40k_depth12_100M_seed43022,D_0037,empty_full,empty,full,no_context,2.055750846862793,2.055750846862793,2.055750846862793,-2.055750846862793,0.0,-2.055750846862793,False,True,False,4.861915367483296
legal40k_depth12_100M_seed43022,D_0038,empty_full,empty,full,explicit_final_state,5.373451054096222,-5.815200015902519,5.373451054096222,5.815200015902519,11.188651069998741,5.373451054096222,True,False,False,4.861915367483296
legal40k_depth12_100M_seed43022,D_0038,empty_full,empty,full,full_v3,-6.862767040729523,5.628096580505371,-6.862767040729523,-5.628096580505371,-12.490863621234894,-6.862767040729523,False,False,False,4.861915367483296
legal40k_depth12_100M_seed43022,D_0038,empty_full,empty,full,initial_plus_last,-6.816853083670139,5.205051004886627,-6.816853083670139,-5.205051004886627,-12.021904088556767,-6.816853083670139,False,False,False,4.861915367483296
legal40k_depth12_100M_seed43022,D_0038,empty_full,empty,full,last_event_only,1.8561382293701172,0.42634105682373047,1.8561382293701172,-0.42634105682373047,1.4297971725463867,-0.42634105682373047,False,True,False,4.861915367483296
legal40k_depth12_100M_seed43022,D_0038,empty_full,empty,full,no_context,-0.15697574615478516,-0.15697574615478516,-0.15697574615478516,0.15697574615478516,0.0,-0.15697574615478516,False,False,True,4.861915367483296
legal40k_depth12_100M_seed43022,D_0039,empty_full,empty,full,explicit_final_state,6.186573565006256,-5.165551275014877,6.186573565006256,5.165551275014877,11.352124840021133,5.165551275014877,True,False,False,4.861915367483296
legal40k_depth12_100M_seed43022,D_0039,empty_full,empty,full,full_v3,-6.401737198233604,6.060391902923584,-6.401737198233604,-6.060391902923584,-12.462129101157188,-6.401737198233604,False,False,False,4.861915367483296
legal40k_depth12_100M_seed43022,D_0039,empty_full,empty,full,initial_plus_last,-6.200638838112354,5.754564166069031,-6.200638838112354,-5.754564166069031,-11.955203004181385,-6.200638838112354,False,False,False,4.861915367483296
legal40k_depth12_100M_seed43022,D_0039,empty_full,empty,full,last_event_only,3.2793540954589844,1.6499652862548828,3.2793540954589844,-1.6499652862548828,1.6293888092041016,-1.6499652862548828,False,True,False,4.861915367483296
legal40k_depth12_100M_seed43022,D_0039,empty_full,empty,full,no_context,2.055750846862793,2.055750846862793,2.055750846862793,-2.055750846862793,0.0,-2.055750846862793,False,True,False,4.861915367483296
legal40k_depth12_100M_seed43022,D_0040,open_closed,open,closed,explicit_final_state,3.8609085381031036,-4.54032326489687,3.8609085381031036,4.54032326489687,8.401231802999973,3.8609085381031036,True,False,False,4.846875
legal40k_depth12_100M_seed43022,D_0040,open_closed,open,closed,full_v3,-4.683478236198425,4.047281987965107,-4.683478236198425,-4.047281987965107,-8.730760224163532,-4.683478236198425,False,False,False,4.846875
legal40k_depth12_100M_seed43022,D_0040,open_closed,open,closed,initial_plus_last,-4.557274736464024,3.987036608159542,-4.557274736464024,-3.987036608159542,-8.544311344623566,-4.557274736464024,False,False,False,4.846875
legal40k_depth12_100M_seed43022,D_0040,open_closed,open,closed,last_event_only,-1.6503963470458984,-2.388452410697937,-1.6503963470458984,2.388452410697937,0.7380560636520386,-1.6503963470458984,False,False,True,4.846875
legal40k_depth12_100M_seed43022,D_0040,open_closed,open,closed,no_context,-1.8138513565063477,-1.8138513565063477,-1.8138513565063477,1.8138513565063477,0.0,-1.8138513565063477,False,False,True,4.846875
legal40k_depth12_100M_seed43022,D_0041,empty_full,empty,full,explicit_final_state,5.772742211818695,-5.592823088169098,5.772742211818695,5.592823088169098,11.365565299987793,5.592823088169098,True,False,False,4.861915367483296
legal40k_depth12_100M_seed43022,D_0041,empty_full,empty,full,full_v3,-6.775627441704273,5.84957480430603,-6.775627441704273,-5.84957480430603,-12.625202246010303,-6.775627441704273,False,False,False,4.861915367483296
legal40k_depth12_100M_seed43022,D_0041,empty_full,empty,full,initial_plus_last,-6.587945103645325,5.51471620798111,-6.587945103645325,-5.51471620798111,-12.102661311626434,-6.587945103645325,False,False,False,4.861915367483296
legal40k_depth12_100M_seed43022,D_0041,empty_full,empty,full,last_event_only,2.359189033508301,1.2580795288085938,2.359189033508301,-1.2580795288085938,1.101109504699707,-1.2580795288085938,False,True,False,4.861915367483296
legal40k_depth12_100M_seed43022,D_0041,empty_full,empty,full,no_context,0.40581750869750977,0.40581750869750977,0.40581750869750977,-0.40581750869750977,0.0,-0.40581750869750977,False,True,False,4.861915367483296
legal40k_depth12_100M_seed43022,D_0042,empty_full,empty,full,explicit_final_state,6.186573565006256,-5.165551275014877,6.186573565006256,5.165551275014877,11.352124840021133,5.165551275014877,True,False,False,4.861915367483296
legal40k_depth12_100M_seed43022,D_0042,empty_full,empty,full,full_v3,-6.648413434624672,6.3086815774440765,-6.648413434624672,-6.3086815774440765,-12.957095012068748,-6.648413434624672,False,False,False,4.861915367483296
legal40k_depth12_100M_seed43022,D_0042,empty_full,empty,full,initial_plus_last,-6.25430004298687,5.7641361951828,-6.25430004298687,-5.7641361951828,-12.01843623816967,-6.25430004298687,False,False,False,4.861915367483296
legal40k_depth12_100M_seed43022,D_0042,empty_full,empty,full,last_event_only,3.632669448852539,1.1101255416870117,3.632669448852539,-1.1101255416870117,2.5225439071655273,-1.1101255416870117,False,True,False,4.861915367483296
legal40k_depth12_100M_seed43022,D_0042,empty_full,empty,full,no_context,2.055750846862793,2.055750846862793,2.055750846862793,-2.055750846862793,0.0,-2.055750846862793,False,True,False,4.861915367483296
legal40k_depth12_100M_seed43022,D_0043,empty_full,empty,full,explicit_final_state,5.772742211818695,-5.592823088169098,5.772742211818695,5.592823088169098,11.365565299987793,5.592823088169098,True,False,False,4.861915367483296
legal40k_depth12_100M_seed43022,D_0043,empty_full,empty,full,full_v3,-6.380404680967331,6.379391252994537,-6.380404680967331,-6.379391252994537,-12.759795933961868,-6.380404680967331,False,False,False,4.861915367483296
legal40k_depth12_100M_seed43022,D_0043,empty_full,empty,full,initial_plus_last,-6.2349406480789185,5.8669692277908325,-6.2349406480789185,-5.8669692277908325,-12.101909875869751,-6.2349406480789185,False,False,False,4.861915367483296
legal40k_depth12_100M_seed43022,D_0043,empty_full,empty,full,last_event_only,2.984588146209717,1.4544010162353516,2.984588146209717,-1.4544010162353516,1.5301871299743652,-1.4544010162353516,False,True,False,4.861915367483296
legal40k_depth12_100M_seed43022,D_0043,empty_full,empty,full,no_context,0.40581750869750977,0.40581750869750977,0.40581750869750977,-0.40581750869750977,0.0,-0.40581750869750977,False,True,False,4.861915367483296
legal40k_depth12_100M_seed43022,D_0044,empty_full,empty,full,explicit_final_state,5.373451054096222,-5.815200015902519,5.373451054096222,5.815200015902519,11.188651069998741,5.373451054096222,True,False,False,4.861915367483296
legal40k_depth12_100M_seed43022,D_0044,empty_full,empty,full,full_v3,-6.779760502278805,5.650054097175598,-6.779760502278805,-5.650054097175598,-12.429814599454403,-6.779760502278805,False,False,False,4.861915367483296
legal40k_depth12_100M_seed43022,D_0044,empty_full,empty,full,initial_plus_last,-6.752993993461132,5.209316432476044,-6.752993993461132,-5.209316432476044,-11.962310425937176,-6.752993993461132,False,False,False,4.861915367483296
legal40k_depth12_100M_seed43022,D_0044,empty_full,empty,full,last_event_only,2.0722098350524902,0.29692697525024414,2.0722098350524902,-0.29692697525024414,1.775282859802246,-0.29692697525024414,False,True,False,4.861915367483296
legal40k_depth12_100M_seed43022,D_0044,empty_full,empty,full,no_context,-0.15697574615478516,-0.15697574615478516,-0.15697574615478516,0.15697574615478516,0.0,-0.15697574615478516,False,False,True,4.861915367483296
legal40k_depth12_100M_seed43022,D_0045,open_closed,open,closed,explicit_final_state,4.495999291539192,-4.434163086116314,4.495999291539192,4.434163086116314,8.930162377655506,4.434163086116314,True,False,False,4.846875
legal40k_depth12_100M_seed43022,D_0045,open_closed,open,closed,full_v3,-4.233713876456022,5.145712785422802,-4.233713876456022,-5.145712785422802,-9.379426661878824,-5.145712785422802,False,False,False,4.846875
legal40k_depth12_100M_seed43022,D_0045,open_closed,open,closed,initial_plus_last,-4.243276692926884,4.853952549397945,-4.243276692926884,-4.853952549397945,-9.097229242324829,-4.853952549397945,False,False,False,4.846875
legal40k_depth12_100M_seed43022,D_0045,open_closed,open,closed,last_event_only,-1.8915204405784607,-2.2383068799972534,-1.8915204405784607,2.2383068799972534,0.3467864394187927,-1.8915204405784607,False,False,True,4.846875
legal40k_depth12_100M_seed43022,D_0045,open_closed,open,closed,no_context,-1.3587369918823242,-1.3587369918823242,-1.3587369918823242,1.3587369918823242,0.0,-1.3587369918823242,False,False,True,4.846875
legal40k_depth12_100M_seed43022,D_0046,open_closed,open,closed,explicit_final_state,4.495999291539192,-4.434163086116314,4.495999291539192,4.434163086116314,8.930162377655506,4.434163086116314,True,False,False,4.846875
legal40k_depth12_100M_seed43022,D_0046,open_closed,open,closed,full_v3,-4.31638902798295,4.891091287136078,-4.31638902798295,-4.891091287136078,-9.207480315119028,-4.891091287136078,False,False,False,4.846875
legal40k_depth12_100M_seed43022,D_0046,open_closed,open,closed,initial_plus_last,-4.217383451759815,4.703375641256571,-4.217383451759815,-4.703375641256571,-8.920759093016386,-4.703375641256571,False,False,False,4.846875
legal40k_depth12_100M_seed43022,D_0046,open_closed,open,closed,last_event_only,-1.8075066208839417,-2.4748725295066833,-1.8075066208839417,2.4748725295066833,0.6673659086227417,-1.8075066208839417,False,False,True,4.846875
legal40k_depth12_100M_seed43022,D_0046,open_closed,open,closed,no_context,-1.3587369918823242,-1.3587369918823242,-1.3587369918823242,1.3587369918823242,0.0,-1.3587369918823242,False,False,True,4.846875
legal40k_depth12_100M_seed43022,D_0047,empty_full,empty,full,explicit_final_state,5.9945149421691895,-4.83172419667244,5.9945149421691895,4.83172419667244,10.826239138841629,4.83172419667244,True,False,False,4.861915367483296
legal40k_depth12_100M_seed43022,D_0047,empty_full,empty,full,full_v3,-5.969688527286053,5.9323917627334595,-5.969688527286053,-5.9323917627334595,-11.902080290019512,-5.969688527286053,False,False,False,4.861915367483296
legal40k_depth12_100M_seed43022,D_0047,empty_full,empty,full,initial_plus_last,-5.541797652840614,5.65144145488739,-5.541797652840614,-5.65144145488739,-11.193239107728004,-5.65144145488739,False,False,False,4.861915367483296
legal40k_depth12_100M_seed43022,D_0047,empty_full,empty,full,last_event_only,2.848581314086914,2.050783157348633,2.848581314086914,-2.050783157348633,0.7977981567382812,-2.050783157348633,False,True,False,4.861915367483296
legal40k_depth12_100M_seed43022,D_0047,empty_full,empty,full,no_context,1.4622948169708252,1.4622948169708252,1.4622948169708252,-1.4622948169708252,0.0,-1.4622948169708252,False,True,False,4.861915367483296
legal40k_depth12_100M_seed43022,D_0048,open_closed,open,closed,explicit_final_state,4.455216199159622,-4.301470033824444,4.455216199159622,4.301470033824444,8.756686232984066,4.301470033824444,True,False,False,4.846875
legal40k_depth12_100M_seed43022,D_0048,open_closed,open,closed,full_v3,-4.3928307592868805,4.440020628273487,-4.3928307592868805,-4.440020628273487,-8.832851387560368,-4.440020628273487,False,False,False,4.846875
legal40k_depth12_100M_seed43022,D_0048,open_closed,open,closed,initial_plus_last,-4.31820697337389,4.378424547612667,-4.31820697337389,-4.378424547612667,-8.696631520986557,-4.378424547612667,False,False,False,4.846875
legal40k_depth12_100M_seed43022,D_0048,open_closed,open,closed,last_event_only,-1.100998878479004,-2.6845837235450745,-1.100998878479004,2.6845837235450745,1.5835848450660706,-1.100998878479004,False,False,True,4.846875
legal40k_depth12_100M_seed43022,D_0048,open_closed,open,closed,no_context,-0.91015625,-0.91015625,-0.91015625,0.91015625,0.0,-0.91015625,False,False,True,4.846875
legal40k_depth12_100M_seed43022,D_0049,empty_full,empty,full,explicit_final_state,5.772742211818695,-5.592823088169098,5.772742211818695,5.592823088169098,11.365565299987793,5.592823088169098,True,False,False,4.861915367483296
legal40k_depth12_100M_seed43022,D_0049,empty_full,empty,full,full_v3,-6.753833197057247,6.003781497478485,-6.753833197057247,-6.003781497478485,-12.757614694535732,-6.753833197057247,False,False,False,4.861915367483296
legal40k_depth12_100M_seed43022,D_0049,empty_full,empty,full,initial_plus_last,-6.669605657458305,5.666365742683411,-6.669605657458305,-5.666365742683411,-12.335971400141716,-6.669605657458305,False,False,False,4.861915367483296
legal40k_depth12_100M_seed43022,D_0049,empty_full,empty,full,last_event_only,2.623745918273926,0.9880456924438477,2.623745918273926,-0.9880456924438477,1.6357002258300781,-0.9880456924438477,False,True,False,4.861915367483296
legal40k_depth12_100M_seed43022,D_0049,empty_full,empty,full,no_context,0.40581750869750977,0.40581750869750977,0.40581750869750977,-0.40581750869750977,0.0,-0.40581750869750977,False,True,False,4.861915367483296
legal40k_depth12_100M_seed43022,D_0050,empty_full,empty,full,explicit_final_state,5.373451054096222,-5.815200015902519,5.373451054096222,5.815200015902519,11.188651069998741,5.373451054096222,True,False,False,4.861915367483296
legal40k_depth12_100M_seed43022,D_0050,empty_full,empty,full,full_v3,-7.208605404943228,5.569397807121277,-7.208605404943228,-5.569397807121277,-12.778003212064505,-7.208605404943228,False,False,False,4.861915367483296
legal40k_depth12_100M_seed43022,D_0050,empty_full,empty,full,initial_plus_last,-7.033352546393871,5.143056571483612,-7.033352546393871,-5.143056571483612,-12.176409117877483,-7.033352546393871,False,False,False,4.861915367483296
legal40k_depth12_100M_seed43022,D_0050,empty_full,empty,full,last_event_only,2.285642623901367,-0.05645942687988281,2.285642623901367,0.05645942687988281,2.34210205078125,0.05645942687988281,True,False,False,4.861915367483296
legal40k_depth12_100M_seed43022,D_0050,empty_full,empty,full,no_context,-0.15697574615478516,-0.15697574615478516,-0.15697574615478516,0.15697574615478516,0.0,-0.15697574615478516,False,False,True,4.861915367483296
legal40k_depth12_100M_seed43022,D_0051,empty_full,empty,full,explicit_final_state,5.9945149421691895,-4.83172419667244,5.9945149421691895,4.83172419667244,10.826239138841629,4.83172419667244,True,False,False,4.861915367483296
legal40k_depth12_100M_seed43022,D_0051,empty_full,empty,full,full_v3,-6.026632361114025,6.0529667139053345,-6.026632361114025,-6.0529667139053345,-12.07959907501936,-6.0529667139053345,False,False,False,4.861915367483296
legal40k_depth12_100M_seed43022,D_0051,empty_full,empty,full,initial_plus_last,-5.697322875261307,5.836443722248077,-5.697322875261307,-5.836443722248077,-11.533766597509384,-5.836443722248077,False,False,False,4.861915367483296
legal40k_depth12_100M_seed43022,D_0051,empty_full,empty,full,last_event_only,3.068364143371582,1.6971163749694824,3.068364143371582,-1.6971163749694824,1.3712477684020996,-1.6971163749694824,False,True,False,4.861915367483296
legal40k_depth12_100M_seed43022,D_0051,empty_full,empty,full,no_context,1.4622948169708252,1.4622948169708252,1.4622948169708252,-1.4622948169708252,0.0,-1.4622948169708252,False,True,False,4.861915367483296
legal40k_depth12_100M_seed43022,D_0052,open_closed,open,closed,explicit_final_state,3.611775480210781,-3.905389852821827,3.611775480210781,3.905389852821827,7.517165333032608,3.611775480210781,True,False,False,4.846875
legal40k_depth12_100M_seed43022,D_0052,open_closed,open,closed,full_v3,-3.8603783324360847,3.980389416217804,-3.8603783324360847,-3.980389416217804,-7.840767748653889,-3.980389416217804,False,False,False,4.846875
legal40k_depth12_100M_seed43022,D_0052,open_closed,open,closed,initial_plus_last,-3.8765382021665573,3.8219737634062767,-3.8765382021665573,-3.8219737634062767,-7.698511965572834,-3.8765382021665573,False,False,False,4.846875
legal40k_depth12_100M_seed43022,D_0052,open_closed,open,closed,last_event_only,-1.0954123735427856,-1.4398565292358398,-1.0954123735427856,1.4398565292358398,0.3444441556930542,-1.0954123735427856,False,False,True,4.846875
legal40k_depth12_100M_seed43022,D_0052,open_closed,open,closed,no_context,-0.41376984119415283,-0.41376984119415283,-0.41376984119415283,0.41376984119415283,0.0,-0.41376984119415283,False,False,True,4.846875
legal40k_depth12_100M_seed43022,D_0053,open_closed,open,closed,explicit_final_state,3.677284359931946,-4.19261572510004,3.677284359931946,4.19261572510004,7.869900085031986,3.677284359931946,True,False,False,4.846875
legal40k_depth12_100M_seed43022,D_0053,open_closed,open,closed,full_v3,-4.2571860030293465,3.7295550778508186,-4.2571860030293465,-3.7295550778508186,-7.986741080880165,-4.2571860030293465,False,False,False,4.846875
legal40k_depth12_100M_seed43022,D_0053,open_closed,open,closed,initial_plus_last,-4.389819875359535,3.70038902759552,-4.389819875359535,-3.70038902759552,-8.090208902955055,-4.389819875359535,False,False,False,4.846875
legal40k_depth12_100M_seed43022,D_0053,open_closed,open,closed,last_event_only,-0.8731623888015747,-1.604929804801941,-0.8731623888015747,1.604929804801941,0.7317674160003662,-0.8731623888015747,False,False,True,4.846875
legal40k_depth12_100M_seed43022,D_0053,open_closed,open,closed,no_context,-0.44132423400878906,-0.44132423400878906,-0.44132423400878906,0.44132423400878906,0.0,-0.44132423400878906,False,False,True,4.846875
legal40k_depth12_100M_seed43022,D_0054,open_closed,open,closed,explicit_final_state,4.495999291539192,-4.434163086116314,4.495999291539192,4.434163086116314,8.930162377655506,4.434163086116314,True,False,False,4.846875
legal40k_depth12_100M_seed43022,D_0054,open_closed,open,closed,full_v3,-4.258784115314484,4.9018561989068985,-4.258784115314484,-4.9018561989068985,-9.160640314221382,-4.9018561989068985,False,False,False,4.846875
legal40k_depth12_100M_seed43022,D_0054,open_closed,open,closed,initial_plus_last,-4.183513484895229,4.688088372349739,-4.183513484895229,-4.688088372349739,-8.871601857244968,-4.688088372349739,False,False,False,4.846875
legal40k_depth12_100M_seed43022,D_0054,open_closed,open,closed,last_event_only,-1.4205636978149414,-2.695659637451172,-1.4205636978149414,2.695659637451172,1.2750959396362305,-1.4205636978149414,False,False,True,4.846875
legal40k_depth12_100M_seed43022,D_0054,open_closed,open,closed,no_context,-1.3587369918823242,-1.3587369918823242,-1.3587369918823242,1.3587369918823242,0.0,-1.3587369918823242,False,False,True,4.846875
legal40k_depth12_100M_seed43022,D_0055,open_closed,open,closed,explicit_final_state,4.455216199159622,-4.301470033824444,4.455216199159622,4.301470033824444,8.756686232984066,4.301470033824444,True,False,False,4.846875
legal40k_depth12_100M_seed43022,D_0055,open_closed,open,closed,full_v3,-4.447367586195469,4.8273689560592175,-4.447367586195469,-4.8273689560592175,-9.274736542254686,-4.8273689560592175,False,False,False,4.846875
legal40k_depth12_100M_seed43022,D_0055,open_closed,open,closed,initial_plus_last,-4.366236791014671,4.604362539947033,-4.366236791014671,-4.604362539947033,-8.970599330961704,-4.604362539947033,False,False,False,4.846875
legal40k_depth12_100M_seed43022,D_0055,open_closed,open,closed,last_event_only,-1.3634319305419922,-1.9110201597213745,-1.3634319305419922,1.9110201597213745,0.5475882291793823,-1.3634319305419922,False,False,True,4.846875
legal40k_depth12_100M_seed43022,D_0055,open_closed,open,closed,no_context,-0.91015625,-0.91015625,-0.91015625,0.91015625,0.0,-0.91015625,False,False,True,4.846875
legal40k_depth12_100M_seed43022,D_0056,empty_full,empty,full,explicit_final_state,6.186573565006256,-5.165551275014877,6.186573565006256,5.165551275014877,11.352124840021133,5.165551275014877,True,False,False,4.861915367483296
legal40k_depth12_100M_seed43022,D_0056,empty_full,empty,full,full_v3,-6.817617312073708,6.429053753614426,-6.817617312073708,-6.429053753614426,-13.246671065688133,-6.817617312073708,False,False,False,4.861915367483296
legal40k_depth12_100M_seed43022,D_0056,empty_full,empty,full,initial_plus_last,-6.3106930032372475,5.9259843826293945,-6.3106930032372475,-5.9259843826293945,-12.236677385866642,-6.3106930032372475,False,False,False,4.861915367483296
legal40k_depth12_100M_seed43022,D_0056,empty_full,empty,full,last_event_only,3.2356081008911133,2.0307655334472656,3.2356081008911133,-2.0307655334472656,1.2048425674438477,-2.0307655334472656,False,True,False,4.861915367483296
legal40k_depth12_100M_seed43022,D_0056,empty_full,empty,full,no_context,2.055750846862793,2.055750846862793,2.055750846862793,-2.055750846862793,0.0,-2.055750846862793,False,True,False,4.861915367483296
legal40k_depth12_100M_seed43022,D_0057,empty_full,empty,full,explicit_final_state,5.373451054096222,-5.815200015902519,5.373451054096222,5.815200015902519,11.188651069998741,5.373451054096222,True,False,False,4.861915367483296
legal40k_depth12_100M_seed43022,D_0057,empty_full,empty,full,full_v3,-7.0615599900484085,5.587087631225586,-7.0615599900484085,-5.587087631225586,-12.648647621273994,-7.0615599900484085,False,False,False,4.861915367483296
legal40k_depth12_100M_seed43022,D_0057,empty_full,empty,full,initial_plus_last,-6.851795047521591,5.147664308547974,-6.851795047521591,-5.147664308547974,-11.999459356069565,-6.851795047521591,False,False,False,4.861915367483296
legal40k_depth12_100M_seed43022,D_0057,empty_full,empty,full,last_event_only,2.2801733016967773,-0.09886932373046875,2.2801733016967773,0.09886932373046875,2.379042625427246,0.09886932373046875,True,False,False,4.861915367483296
legal40k_depth12_100M_seed43022,D_0057,empty_full,empty,full,no_context,-0.15697574615478516,-0.15697574615478516,-0.15697574615478516,0.15697574615478516,0.0,-0.15697574615478516,False,False,True,4.861915367483296
legal40k_depth12_100M_seed43022,D_0058,open_closed,open,closed,explicit_final_state,4.455216199159622,-4.301470033824444,4.455216199159622,4.301470033824444,8.756686232984066,4.301470033824444,True,False,False,4.846875
legal40k_depth12_100M_seed43022,D_0058,open_closed,open,closed,full_v3,-4.398841880261898,4.943838227540255,-4.398841880261898,-4.943838227540255,-9.342680107802153,-4.943838227540255,False,False,False,4.846875
legal40k_depth12_100M_seed43022,D_0058,open_closed,open,closed,initial_plus_last,-4.4651176407933235,4.609177697449923,-4.4651176407933235,-4.609177697449923,-9.074295338243246,-4.609177697449923,False,False,False,4.846875
legal40k_depth12_100M_seed43022,D_0058,open_closed,open,closed,last_event_only,-1.3302592039108276,-1.6849344968795776,-1.3302592039108276,1.6849344968795776,0.35467529296875,-1.3302592039108276,False,False,True,4.846875
legal40k_depth12_100M_seed43022,D_0058,open_closed,open,closed,no_context,-0.91015625,-0.91015625,-0.91015625,0.91015625,0.0,-0.91015625,False,False,True,4.846875
legal40k_depth12_100M_seed43022,D_0059,open_closed,open,closed,explicit_final_state,3.611775480210781,-3.905389852821827,3.611775480210781,3.905389852821827,7.517165333032608,3.611775480210781,True,False,False,4.846875
legal40k_depth12_100M_seed43022,D_0059,open_closed,open,closed,full_v3,-3.73433505743742,4.150070913136005,-3.73433505743742,-4.150070913136005,-7.884405970573425,-4.150070913136005,False,False,False,4.846875
legal40k_depth12_100M_seed43022,D_0059,open_closed,open,closed,initial_plus_last,-3.829510658979416,4.005669705569744,-3.829510658979416,-4.005669705569744,-7.83518036454916,-4.005669705569744,False,False,False,4.846875
legal40k_depth12_100M_seed43022,D_0059,open_closed,open,closed,last_event_only,-0.6979608535766602,-1.345780372619629,-0.6979608535766602,1.345780372619629,0.6478195190429688,-0.6979608535766602,False,False,True,4.846875
legal40k_depth12_100M_seed43022,D_0059,open_closed,open,closed,no_context,-0.41376984119415283,-0.41376984119415283,-0.41376984119415283,0.41376984119415283,0.0,-0.41376984119415283,False,False,True,4.846875
legal40k_depth12_100M_seed43022,D_0060,empty_full,empty,full,explicit_final_state,5.9945149421691895,-4.83172419667244,5.9945149421691895,4.83172419667244,10.826239138841629,4.83172419667244,True,False,False,4.861915367483296
legal40k_depth12_100M_seed43022,D_0060,empty_full,empty,full,full_v3,-5.654556192457676,6.4592031836509705,-5.654556192457676,-6.4592031836509705,-12.113759376108646,-6.4592031836509705,False,False,False,4.861915367483296
legal40k_depth12_100M_seed43022,D_0060,empty_full,empty,full,initial_plus_last,-5.319083392620087,6.000142812728882,-5.319083392620087,-6.000142812728882,-11.319226205348969,-6.000142812728882,False,False,False,4.861915367483296
legal40k_depth12_100M_seed43022,D_0060,empty_full,empty,full,last_event_only,3.5619983673095703,2.4549641609191895,3.5619983673095703,-2.4549641609191895,1.1070342063903809,-2.4549641609191895,False,True,False,4.861915367483296
legal40k_depth12_100M_seed43022,D_0060,empty_full,empty,full,no_context,1.4622948169708252,1.4622948169708252,1.4622948169708252,-1.4622948169708252,0.0,-1.4622948169708252,False,True,False,4.861915367483296
legal40k_depth12_100M_seed43022,D_0061,open_closed,open,closed,explicit_final_state,3.611775480210781,-3.905389852821827,3.611775480210781,3.905389852821827,7.517165333032608,3.611775480210781,True,False,False,4.846875
legal40k_depth12_100M_seed43022,D_0061,open_closed,open,closed,full_v3,-4.028977319598198,3.736078344285488,-4.028977319598198,-3.736078344285488,-7.765055663883686,-4.028977319598198,False,False,False,4.846875
legal40k_depth12_100M_seed43022,D_0061,open_closed,open,closed,initial_plus_last,-4.124112010002136,3.6594162732362747,-4.124112010002136,-3.6594162732362747,-7.783528283238411,-4.124112010002136,False,False,False,4.846875
legal40k_depth12_100M_seed43022,D_0061,open_closed,open,closed,last_event_only,-0.9110164642333984,-1.523979127407074,-0.9110164642333984,1.523979127407074,0.6129626631736755,-0.9110164642333984,False,False,True,4.846875
legal40k_depth12_100M_seed43022,D_0061,open_closed,open,closed,no_context,-0.41376984119415283,-0.41376984119415283,-0.41376984119415283,0.41376984119415283,0.0,-0.41376984119415283,False,False,True,4.846875
legal40k_depth12_100M_seed43022,D_0062,open_closed,open,closed,explicit_final_state,3.8609085381031036,-4.54032326489687,3.8609085381031036,4.54032326489687,8.401231802999973,3.8609085381031036,True,False,False,4.846875
legal40k_depth12_100M_seed43022,D_0062,open_closed,open,closed,full_v3,-4.52050207182765,4.040907841175795,-4.52050207182765,-4.040907841175795,-8.561409913003445,-4.52050207182765,False,False,False,4.846875
legal40k_depth12_100M_seed43022,D_0062,open_closed,open,closed,initial_plus_last,-4.520036686211824,3.90828225761652,-4.520036686211824,-3.90828225761652,-8.428318943828344,-4.520036686211824,False,False,False,4.846875
legal40k_depth12_100M_seed43022,D_0062,open_closed,open,closed,last_event_only,-1.537053108215332,-1.942967414855957,-1.537053108215332,1.942967414855957,0.405914306640625,-1.537053108215332,False,False,True,4.846875
legal40k_depth12_100M_seed43022,D_0062,open_closed,open,closed,no_context,-1.8138513565063477,-1.8138513565063477,-1.8138513565063477,1.8138513565063477,0.0,-1.8138513565063477,False,False,True,4.846875
legal40k_depth12_100M_seed43022,D_0063,empty_full,empty,full,explicit_final_state,5.772742211818695,-5.592823088169098,5.772742211818695,5.592823088169098,11.365565299987793,5.592823088169098,True,False,False,4.861915367483296
legal40k_depth12_100M_seed43022,D_0063,empty_full,empty,full,full_v3,-6.943023689091206,5.751991868019104,-6.943023689091206,-5.751991868019104,-12.69501555711031,-6.943023689091206,False,False,False,4.861915367483296
legal40k_depth12_100M_seed43022,D_0063,empty_full,empty,full,initial_plus_last,-6.847893573343754,5.471087217330933,-6.847893573343754,-5.471087217330933,-12.318980790674686,-6.847893573343754,False,False,False,4.861915367483296
legal40k_depth12_100M_seed43022,D_0063,empty_full,empty,full,last_event_only,2.395677089691162,1.4863576889038086,2.395677089691162,-1.4863576889038086,0.9093194007873535,-1.4863576889038086,False,True,False,4.861915367483296
legal40k_depth12_100M_seed43022,D_0063,empty_full,empty,full,no_context,0.40581750869750977,0.40581750869750977,0.40581750869750977,-0.40581750869750977,0.0,-0.40581750869750977,False,True,False,4.861915367483296
legal40k_depth12_100M_seed43022,D_0064,empty_full,empty,full,explicit_final_state,6.186573565006256,-5.165551275014877,6.186573565006256,5.165551275014877,11.352124840021133,5.165551275014877,True,False,False,4.861915367483296
legal40k_depth12_100M_seed43022,D_0064,empty_full,empty,full,full_v3,-6.453980661928654,6.359885901212692,-6.453980661928654,-6.359885901212692,-12.813866563141346,-6.453980661928654,False,False,False,4.861915367483296
legal40k_depth12_100M_seed43022,D_0064,empty_full,empty,full,initial_plus_last,-6.236387453973293,5.914815366268158,-6.236387453973293,-5.914815366268158,-12.151202820241451,-6.236387453973293,False,False,False,4.861915367483296
legal40k_depth12_100M_seed43022,D_0064,empty_full,empty,full,last_event_only,3.4708046913146973,1.3932600021362305,3.4708046913146973,-1.3932600021362305,2.077544689178467,-1.3932600021362305,False,True,False,4.861915367483296
legal40k_depth12_100M_seed43022,D_0064,empty_full,empty,full,no_context,2.055750846862793,2.055750846862793,2.055750846862793,-2.055750846862793,0.0,-2.055750846862793,False,True,False,4.861915367483296
legal40k_depth12_100M_seed43022,D_0065,open_closed,open,closed,explicit_final_state,3.611775480210781,-3.905389852821827,3.611775480210781,3.905389852821827,7.517165333032608,3.611775480210781,True,False,False,4.846875
legal40k_depth12_100M_seed43022,D_0065,open_closed,open,closed,full_v3,-3.787406049668789,3.6218270361423492,-3.787406049668789,-3.6218270361423492,-7.409233085811138,-3.787406049668789,False,False,False,4.846875
legal40k_depth12_100M_seed43022,D_0065,open_closed,open,closed,initial_plus_last,-3.88660054653883,3.62377842515707,-3.88660054653883,-3.62377842515707,-7.5103789716959,-3.88660054653883,False,False,False,4.846875
legal40k_depth12_100M_seed43022,D_0065,open_closed,open,closed,last_event_only,-0.4119911193847656,-1.6641921997070312,-0.4119911193847656,1.6641921997070312,1.2522010803222656,-0.4119911193847656,False,False,True,4.846875
legal40k_depth12_100M_seed43022,D_0065,open_closed,open,closed,no_context,-0.41376984119415283,-0.41376984119415283,-0.41376984119415283,0.41376984119415283,0.0,-0.41376984119415283,False,False,True,4.846875
legal40k_depth12_100M_seed43022,D_0066,empty_full,empty,full,explicit_final_state,5.373451054096222,-5.815200015902519,5.373451054096222,5.815200015902519,11.188651069998741,5.373451054096222,True,False,False,4.861915367483296
legal40k_depth12_100M_seed43022,D_0066,empty_full,empty,full,full_v3,-6.772396720945835,5.37739622592926,-6.772396720945835,-5.37739622592926,-12.149792946875095,-6.772396720945835,False,False,False,4.861915367483296
legal40k_depth12_100M_seed43022,D_0066,empty_full,empty,full,initial_plus_last,-6.816220551729202,5.068233668804169,-6.816220551729202,-5.068233668804169,-11.884454220533371,-6.816220551729202,False,False,False,4.861915367483296
legal40k_depth12_100M_seed43022,D_0066,empty_full,empty,full,last_event_only,2.235537528991699,0.5844221115112305,2.235537528991699,-0.5844221115112305,1.6511154174804688,-0.5844221115112305,False,True,False,4.861915367483296
legal40k_depth12_100M_seed43022,D_0066,empty_full,empty,full,no_context,-0.15697574615478516,-0.15697574615478516,-0.15697574615478516,0.15697574615478516,0.0,-0.15697574615478516,False,False,True,4.861915367483296
legal40k_depth12_100M_seed43022,D_0067,empty_full,empty,full,explicit_final_state,5.983719885349274,-5.713642030954361,5.983719885349274,5.713642030954361,11.697361916303635,5.713642030954361,True,False,False,4.861915367483296
legal40k_depth12_100M_seed43022,D_0067,empty_full,empty,full,full_v3,-6.851573012769222,6.401364684104919,-6.851573012769222,-6.401364684104919,-13.252937696874142,-6.851573012769222,False,False,False,4.861915367483296
legal40k_depth12_100M_seed43022,D_0067,empty_full,empty,full,initial_plus_last,-6.788175560534,5.760136961936951,-6.788175560534,-5.760136961936951,-12.548312522470951,-6.788175560534,False,False,False,4.861915367483296
legal40k_depth12_100M_seed43022,D_0067,empty_full,empty,full,last_event_only,3.2255749702453613,0.3289222717285156,3.2255749702453613,-0.3289222717285156,2.8966526985168457,-0.3289222717285156,False,True,False,4.861915367483296
legal40k_depth12_100M_seed43022,D_0067,empty_full,empty,full,no_context,1.23394775390625,1.23394775390625,1.23394775390625,-1.23394775390625,0.0,-1.23394775390625,False,True,False,4.861915367483296
legal40k_depth12_100M_seed43022,D_0068,open_closed,open,closed,explicit_final_state,4.495999291539192,-4.434163086116314,4.495999291539192,4.434163086116314,8.930162377655506,4.434163086116314,True,False,False,4.846875
legal40k_depth12_100M_seed43022,D_0068,open_closed,open,closed,full_v3,-4.2304208390414715,5.158390957862139,-4.2304208390414715,-5.158390957862139,-9.38881179690361,-5.158390957862139,False,False,False,4.846875
legal40k_depth12_100M_seed43022,D_0068,open_closed,open,closed,initial_plus_last,-4.237567692995071,4.860860101878643,-4.237567692995071,-4.860860101878643,-9.098427794873714,-4.860860101878643,False,False,False,4.846875
legal40k_depth12_100M_seed43022,D_0068,open_closed,open,closed,last_event_only,-1.075501561164856,-1.7884101867675781,-1.075501561164856,1.7884101867675781,0.7129086256027222,-1.075501561164856,False,False,True,4.846875
legal40k_depth12_100M_seed43022,D_0068,open_closed,open,closed,no_context,-1.3587369918823242,-1.3587369918823242,-1.3587369918823242,1.3587369918823242,0.0,-1.3587369918823242,False,False,True,4.846875
legal40k_depth12_100M_seed43022,D_0069,open_closed,open,closed,explicit_final_state,4.455216199159622,-4.301470033824444,4.455216199159622,4.301470033824444,8.756686232984066,4.301470033824444,True,False,False,4.846875
legal40k_depth12_100M_seed43022,D_0069,open_closed,open,closed,full_v3,-4.418203175067902,4.694547470659018,-4.418203175067902,-4.694547470659018,-9.11275064572692,-4.694547470659018,False,False,False,4.846875
legal40k_depth12_100M_seed43022,D_0069,open_closed,open,closed,initial_plus_last,-4.407988682389259,4.531231749802828,-4.407988682389259,-4.531231749802828,-8.939220432192087,-4.531231749802828,False,False,False,4.846875
legal40k_depth12_100M_seed43022,D_0069,open_closed,open,closed,last_event_only,-0.8416337966918945,-1.7586498260498047,-0.8416337966918945,1.7586498260498047,0.9170160293579102,-0.8416337966918945,False,False,True,4.846875
legal40k_depth12_100M_seed43022,D_0069,open_closed,open,closed,no_context,-0.91015625,-0.91015625,-0.91015625,0.91015625,0.0,-0.91015625,False,False,True,4.846875
legal40k_depth12_100M_seed43022,D_0070,open_closed,open,closed,explicit_final_state,3.677284359931946,-4.19261572510004,3.677284359931946,4.19261572510004,7.869900085031986,3.677284359931946,True,False,False,4.846875
legal40k_depth12_100M_seed43022,D_0070,open_closed,open,closed,full_v3,-4.100642219185829,3.4423475116491318,-4.100642219185829,-3.4423475116491318,-7.542989730834961,-4.100642219185829,False,False,False,4.846875
legal40k_depth12_100M_seed43022,D_0070,open_closed,open,closed,initial_plus_last,-4.296523243188858,3.445221036672592,-4.296523243188858,-3.445221036672592,-7.74174427986145,-4.296523243188858,False,False,False,4.846875
legal40k_depth12_100M_seed43022,D_0070,open_closed,open,closed,last_event_only,-1.2822457551956177,-1.7774667143821716,-1.2822457551956177,1.7774667143821716,0.49522095918655396,-1.2822457551956177,False,False,True,4.846875
legal40k_depth12_100M_seed43022,D_0070,open_closed,open,closed,no_context,-0.44132423400878906,-0.44132423400878906,-0.44132423400878906,0.44132423400878906,0.0,-0.44132423400878906,False,False,True,4.846875
legal40k_depth12_100M_seed43022,D_0071,open_closed,open,closed,explicit_final_state,3.611775480210781,-3.905389852821827,3.611775480210781,3.905389852821827,7.517165333032608,3.611775480210781,True,False,False,4.846875
legal40k_depth12_100M_seed43022,D_0071,open_closed,open,closed,full_v3,-3.9225454851984978,3.867793947458267,-3.9225454851984978,-3.867793947458267,-7.790339432656765,-3.9225454851984978,False,False,False,4.846875
legal40k_depth12_100M_seed43022,D_0071,open_closed,open,closed,initial_plus_last,-4.0400067791342735,3.713788077235222,-4.0400067791342735,-3.713788077235222,-7.753794856369495,-4.0400067791342735,False,False,False,4.846875
legal40k_depth12_100M_seed43022,D_0071,open_closed,open,closed,last_event_only,-0.9922007322311401,-1.2874776124954224,-0.9922007322311401,1.2874776124954224,0.2952768802642822,-0.9922007322311401,False,False,True,4.846875
legal40k_depth12_100M_seed43022,D_0071,open_closed,open,closed,no_context,-0.41376984119415283,-0.41376984119415283,-0.41376984119415283,0.41376984119415283,0.0,-0.41376984119415283,False,False,True,4.846875
legal40k_depth12_100M_seed43022,D_0072,open_closed,open,closed,explicit_final_state,4.455216199159622,-4.301470033824444,4.455216199159622,4.301470033824444,8.756686232984066,4.301470033824444,True,False,False,4.846875
legal40k_depth12_100M_seed43022,D_0072,open_closed,open,closed,full_v3,-4.373913571238518,4.73615537583828,-4.373913571238518,-4.73615537583828,-9.110068947076797,-4.73615537583828,False,False,False,4.846875
legal40k_depth12_100M_seed43022,D_0072,open_closed,open,closed,initial_plus_last,-4.323425188660622,4.628979582339525,-4.323425188660622,-4.628979582339525,-8.952404771000147,-4.628979582339525,False,False,False,4.846875
legal40k_depth12_100M_seed43022,D_0072,open_closed,open,closed,last_event_only,-1.4627999663352966,-2.0618391633033752,-1.4627999663352966,2.0618391633033752,0.5990391969680786,-1.4627999663352966,False,False,True,4.846875
legal40k_depth12_100M_seed43022,D_0072,open_closed,open,closed,no_context,-0.91015625,-0.91015625,-0.91015625,0.91015625,0.0,-0.91015625,False,False,True,4.846875
legal40k_depth12_100M_seed43022,D_0073,open_closed,open,closed,explicit_final_state,4.455216199159622,-4.301470033824444,4.455216199159622,4.301470033824444,8.756686232984066,4.301470033824444,True,False,False,4.846875
legal40k_depth12_100M_seed43022,D_0073,open_closed,open,closed,full_v3,-4.455535128712654,4.597101226449013,-4.455535128712654,-4.597101226449013,-9.052636355161667,-4.597101226449013,False,False,False,4.846875
legal40k_depth12_100M_seed43022,D_0073,open_closed,open,closed,initial_plus_last,-4.459484294056892,4.393985919654369,-4.459484294056892,-4.393985919654369,-8.853470213711262,-4.459484294056892,False,False,False,4.846875
legal40k_depth12_100M_seed43022,D_0073,open_closed,open,closed,last_event_only,-1.1494215726852417,-2.0245609283447266,-1.1494215726852417,2.0245609283447266,0.8751393556594849,-1.1494215726852417,False,False,True,4.846875
legal40k_depth12_100M_seed43022,D_0073,open_closed,open,closed,no_context,-0.91015625,-0.91015625,-0.91015625,0.91015625,0.0,-0.91015625,False,False,True,4.846875
legal40k_depth12_100M_seed43022,D_0074,empty_full,empty,full,explicit_final_state,5.772742211818695,-5.592823088169098,5.772742211818695,5.592823088169098,11.365565299987793,5.592823088169098,True,False,False,4.861915367483296
legal40k_depth12_100M_seed43022,D_0074,empty_full,empty,full,full_v3,-6.881249435245991,6.087015271186829,-6.881249435245991,-6.087015271186829,-12.96826470643282,-6.881249435245991,False,False,False,4.861915367483296
legal40k_depth12_100M_seed43022,D_0074,empty_full,empty,full,initial_plus_last,-6.629448935389519,5.685008883476257,-6.629448935389519,-5.685008883476257,-12.314457818865776,-6.629448935389519,False,False,False,4.861915367483296
legal40k_depth12_100M_seed43022,D_0074,empty_full,empty,full,last_event_only,2.8207826614379883,1.7757868766784668,2.8207826614379883,-1.7757868766784668,1.0449957847595215,-1.7757868766784668,False,True,False,4.861915367483296
legal40k_depth12_100M_seed43022,D_0074,empty_full,empty,full,no_context,0.40581750869750977,0.40581750869750977,0.40581750869750977,-0.40581750869750977,0.0,-0.40581750869750977,False,True,False,4.861915367483296
legal40k_depth12_100M_seed43022,D_0075,open_closed,open,closed,explicit_final_state,4.455216199159622,-4.301470033824444,4.455216199159622,4.301470033824444,8.756686232984066,4.301470033824444,True,False,False,4.846875
legal40k_depth12_100M_seed43022,D_0075,open_closed,open,closed,full_v3,-4.44488151371479,4.9194305799901485,-4.44488151371479,-4.9194305799901485,-9.364312093704939,-4.9194305799901485,False,False,False,4.846875
legal40k_depth12_100M_seed43022,D_0075,open_closed,open,closed,initial_plus_last,-4.445997394621372,4.514967709779739,-4.445997394621372,-4.514967709779739,-8.960965104401112,-4.514967709779739,False,False,False,4.846875
legal40k_depth12_100M_seed43022,D_0075,open_closed,open,closed,last_event_only,-1.0659435987472534,-1.9270048141479492,-1.0659435987472534,1.9270048141479492,0.8610612154006958,-1.0659435987472534,False,False,True,4.846875
legal40k_depth12_100M_seed43022,D_0075,open_closed,open,closed,no_context,-0.91015625,-0.91015625,-0.91015625,0.91015625,0.0,-0.91015625,False,False,True,4.846875
legal40k_depth12_100M_seed43022,D_0076,empty_full,empty,full,explicit_final_state,5.772742211818695,-5.592823088169098,5.772742211818695,5.592823088169098,11.365565299987793,5.592823088169098,True,False,False,4.861915367483296
legal40k_depth12_100M_seed43022,D_0076,empty_full,empty,full,full_v3,-7.038708180189133,5.710946559906006,-7.038708180189133,-5.710946559906006,-12.749654740095139,-7.038708180189133,False,False,False,4.861915367483296
legal40k_depth12_100M_seed43022,D_0076,empty_full,empty,full,initial_plus_last,-6.768693886697292,5.415398061275482,-6.768693886697292,-5.415398061275482,-12.184091947972775,-6.768693886697292,False,False,False,4.861915367483296
legal40k_depth12_100M_seed43022,D_0076,empty_full,empty,full,last_event_only,2.334796905517578,1.0159473419189453,2.334796905517578,-1.0159473419189453,1.3188495635986328,-1.0159473419189453,False,True,False,4.861915367483296
legal40k_depth12_100M_seed43022,D_0076,empty_full,empty,full,no_context,0.40581750869750977,0.40581750869750977,0.40581750869750977,-0.40581750869750977,0.0,-0.40581750869750977,False,True,False,4.861915367483296
legal40k_depth12_100M_seed43022,D_0077,open_closed,open,closed,explicit_final_state,3.677284359931946,-4.19261572510004,3.677284359931946,4.19261572510004,7.869900085031986,3.677284359931946,True,False,False,4.846875
legal40k_depth12_100M_seed43022,D_0077,open_closed,open,closed,full_v3,-4.0311401933431625,3.952475495636463,-4.0311401933431625,-3.952475495636463,-7.983615688979626,-4.0311401933431625,False,False,False,4.846875
legal40k_depth12_100M_seed43022,D_0077,open_closed,open,closed,initial_plus_last,-4.2518550008535385,3.7979030832648277,-4.2518550008535385,-3.7979030832648277,-8.049758084118366,-4.2518550008535385,False,False,False,4.846875
legal40k_depth12_100M_seed43022,D_0077,open_closed,open,closed,last_event_only,-0.8298683166503906,-1.2556228637695312,-0.8298683166503906,1.2556228637695312,0.4257545471191406,-0.8298683166503906,False,False,True,4.846875
legal40k_depth12_100M_seed43022,D_0077,open_closed,open,closed,no_context,-0.44132423400878906,-0.44132423400878906,-0.44132423400878906,0.44132423400878906,0.0,-0.44132423400878906,False,False,True,4.846875
legal40k_depth12_100M_seed43022,D_0078,empty_full,empty,full,explicit_final_state,5.373451054096222,-5.815200015902519,5.373451054096222,5.815200015902519,11.188651069998741,5.373451054096222,True,False,False,4.861915367483296
legal40k_depth12_100M_seed43022,D_0078,empty_full,empty,full,full_v3,-6.9957567155361176,5.380702018737793,-6.9957567155361176,-5.380702018737793,-12.37645873427391,-6.9957567155361176,False,False,False,4.861915367483296
legal40k_depth12_100M_seed43022,D_0078,empty_full,empty,full,initial_plus_last,-6.882926493883133,5.028469204902649,-6.882926493883133,-5.028469204902649,-11.911395698785782,-6.882926493883133,False,False,False,4.861915367483296
legal40k_depth12_100M_seed43022,D_0078,empty_full,empty,full,last_event_only,2.4289588928222656,-0.06949424743652344,2.4289588928222656,0.06949424743652344,2.498453140258789,0.06949424743652344,True,False,False,4.861915367483296
legal40k_depth12_100M_seed43022,D_0078,empty_full,empty,full,no_context,-0.15697574615478516,-0.15697574615478516,-0.15697574615478516,0.15697574615478516,0.0,-0.15697574615478516,False,False,True,4.861915367483296
legal40k_depth12_100M_seed43022,D_0079,empty_full,empty,full,explicit_final_state,5.373451054096222,-5.815200015902519,5.373451054096222,5.815200015902519,11.188651069998741,5.373451054096222,True,False,False,4.861915367483296
legal40k_depth12_100M_seed43022,D_0079,empty_full,empty,full,full_v3,-7.304157204926014,5.498116374015808,-7.304157204926014,-5.498116374015808,-12.802273578941822,-7.304157204926014,False,False,False,4.861915367483296
legal40k_depth12_100M_seed43022,D_0079,empty_full,empty,full,initial_plus_last,-6.982958301901817,5.017560601234436,-6.982958301901817,-5.017560601234436,-12.000518903136253,-6.982958301901817,False,False,False,4.861915367483296
legal40k_depth12_100M_seed43022,D_0079,empty_full,empty,full,last_event_only,2.2338643074035645,0.3411264419555664,2.2338643074035645,-0.3411264419555664,1.892737865447998,-0.3411264419555664,False,True,False,4.861915367483296
legal40k_depth12_100M_seed43022,D_0079,empty_full,empty,full,no_context,-0.15697574615478516,-0.15697574615478516,-0.15697574615478516,0.15697574615478516,0.0,-0.15697574615478516,False,False,True,4.861915367483296
legal40k_depth12_100M_seed43022,D_0080,empty_full,empty,full,explicit_final_state,6.186573565006256,-5.165551275014877,6.186573565006256,5.165551275014877,11.352124840021133,5.165551275014877,True,False,False,4.861915367483296
legal40k_depth12_100M_seed43022,D_0080,empty_full,empty,full,full_v3,-6.720365613698959,6.295782119035721,-6.720365613698959,-6.295782119035721,-13.01614773273468,-6.720365613698959,False,False,False,4.861915367483296
legal40k_depth12_100M_seed43022,D_0080,empty_full,empty,full,initial_plus_last,-6.3662299662828445,5.8833776116371155,-6.3662299662828445,-5.8833776116371155,-12.24960757791996,-6.3662299662828445,False,False,False,4.861915367483296
legal40k_depth12_100M_seed43022,D_0080,empty_full,empty,full,last_event_only,3.703751564025879,1.9840030670166016,3.703751564025879,-1.9840030670166016,1.7197484970092773,-1.9840030670166016,False,True,False,4.861915367483296
legal40k_depth12_100M_seed43022,D_0080,empty_full,empty,full,no_context,2.055750846862793,2.055750846862793,2.055750846862793,-2.055750846862793,0.0,-2.055750846862793,False,True,False,4.861915367483296
legal40k_depth12_100M_seed43022,D_0081,open_closed,open,closed,explicit_final_state,3.677284359931946,-4.19261572510004,3.677284359931946,4.19261572510004,7.869900085031986,3.677284359931946,True,False,False,4.846875
legal40k_depth12_100M_seed43022,D_0081,open_closed,open,closed,full_v3,-4.162406198680401,3.8337679505348206,-4.162406198680401,-3.8337679505348206,-7.996174149215221,-4.162406198680401,False,False,False,4.846875
legal40k_depth12_100M_seed43022,D_0081,open_closed,open,closed,initial_plus_last,-4.294352643191814,3.7451657876372337,-4.294352643191814,-3.7451657876372337,-8.039518430829048,-4.294352643191814,False,False,False,4.846875
legal40k_depth12_100M_seed43022,D_0081,open_closed,open,closed,last_event_only,-0.792852520942688,-1.2964953184127808,-0.792852520942688,1.2964953184127808,0.5036427974700928,-0.792852520942688,False,False,True,4.846875
legal40k_depth12_100M_seed43022,D_0081,open_closed,open,closed,no_context,-0.44132423400878906,-0.44132423400878906,-0.44132423400878906,0.44132423400878906,0.0,-0.44132423400878906,False,False,True,4.846875
legal40k_depth12_100M_seed43022,D_0082,empty_full,empty,full,explicit_final_state,5.373451054096222,-5.815200015902519,5.373451054096222,5.815200015902519,11.188651069998741,5.373451054096222,True,False,False,4.861915367483296
legal40k_depth12_100M_seed43022,D_0082,empty_full,empty,full,full_v3,-7.277154054492712,5.297227740287781,-7.277154054492712,-5.297227740287781,-12.574381794780493,-7.277154054492712,False,False,False,4.861915367483296
legal40k_depth12_100M_seed43022,D_0082,empty_full,empty,full,initial_plus_last,-7.234031394124031,4.947283983230591,-7.234031394124031,-4.947283983230591,-12.181315377354622,-7.234031394124031,False,False,False,4.861915367483296
legal40k_depth12_100M_seed43022,D_0082,empty_full,empty,full,last_event_only,1.7993507385253906,0.5587329864501953,1.7993507385253906,-0.5587329864501953,1.2406177520751953,-0.5587329864501953,False,True,False,4.861915367483296
legal40k_depth12_100M_seed43022,D_0082,empty_full,empty,full,no_context,-0.15697574615478516,-0.15697574615478516,-0.15697574615478516,0.15697574615478516,0.0,-0.15697574615478516,False,False,True,4.861915367483296
legal40k_depth12_100M_seed43022,D_0083,open_closed,open,closed,explicit_final_state,4.455216199159622,-4.301470033824444,4.455216199159622,4.301470033824444,8.756686232984066,4.301470033824444,True,False,False,4.846875
legal40k_depth12_100M_seed43022,D_0083,open_closed,open,closed,full_v3,-4.613183796405792,4.492469824850559,-4.613183796405792,-4.492469824850559,-9.105653621256351,-4.613183796405792,False,False,False,4.846875
legal40k_depth12_100M_seed43022,D_0083,open_closed,open,closed,initial_plus_last,-4.480393275618553,4.40282266959548,-4.480393275618553,-4.40282266959548,-8.883215945214033,-4.480393275618553,False,False,False,4.846875
legal40k_depth12_100M_seed43022,D_0083,open_closed,open,closed,last_event_only,-1.0051697492599487,-2.608111321926117,-1.0051697492599487,2.608111321926117,1.6029415726661682,-1.0051697492599487,False,False,True,4.846875
legal40k_depth12_100M_seed43022,D_0083,open_closed,open,closed,no_context,-0.91015625,-0.91015625,-0.91015625,0.91015625,0.0,-0.91015625,False,False,True,4.846875
legal40k_depth12_100M_seed43022,D_0084,open_closed,open,closed,explicit_final_state,3.8609085381031036,-4.54032326489687,3.8609085381031036,4.54032326489687,8.401231802999973,3.8609085381031036,True,False,False,4.846875
legal40k_depth12_100M_seed43022,D_0084,open_closed,open,closed,full_v3,-4.515513181686401,4.017648778855801,-4.515513181686401,-4.017648778855801,-8.533161960542202,-4.515513181686401,False,False,False,4.846875
legal40k_depth12_100M_seed43022,D_0084,open_closed,open,closed,initial_plus_last,-4.364853136241436,4.014043867588043,-4.364853136241436,-4.014043867588043,-8.37889700382948,-4.364853136241436,False,False,False,4.846875
legal40k_depth12_100M_seed43022,D_0084,open_closed,open,closed,last_event_only,-1.879486083984375,-2.313620686531067,-1.879486083984375,2.313620686531067,0.4341346025466919,-1.879486083984375,False,False,True,4.846875
legal40k_depth12_100M_seed43022,D_0084,open_closed,open,closed,no_context,-1.8138513565063477,-1.8138513565063477,-1.8138513565063477,1.8138513565063477,0.0,-1.8138513565063477,False,False,True,4.846875
legal40k_depth12_100M_seed43022,D_0085,open_closed,open,closed,explicit_final_state,3.611775480210781,-3.905389852821827,3.611775480210781,3.905389852821827,7.517165333032608,3.611775480210781,True,False,False,4.846875
legal40k_depth12_100M_seed43022,D_0085,open_closed,open,closed,full_v3,-3.5928344279527664,4.026444472372532,-3.5928344279527664,-4.026444472372532,-7.619278900325298,-4.026444472372532,False,False,False,4.846875
legal40k_depth12_100M_seed43022,D_0085,open_closed,open,closed,initial_plus_last,-3.8140059038996696,3.79613970965147,-3.8140059038996696,-3.79613970965147,-7.61014561355114,-3.8140059038996696,False,False,False,4.846875
legal40k_depth12_100M_seed43022,D_0085,open_closed,open,closed,last_event_only,-0.902161717414856,-1.3855199813842773,-0.902161717414856,1.3855199813842773,0.4833582639694214,-0.902161717414856,False,False,True,4.846875
legal40k_depth12_100M_seed43022,D_0085,open_closed,open,closed,no_context,-0.41376984119415283,-0.41376984119415283,-0.41376984119415283,0.41376984119415283,0.0,-0.41376984119415283,False,False,True,4.846875
legal40k_depth12_100M_seed43022,D_0086,open_closed,open,closed,explicit_final_state,3.611775480210781,-3.905389852821827,3.611775480210781,3.905389852821827,7.517165333032608,3.611775480210781,True,False,False,4.846875
legal40k_depth12_100M_seed43022,D_0086,open_closed,open,closed,full_v3,-3.8417530581355095,3.950858123600483,-3.8417530581355095,-3.950858123600483,-7.792611181735992,-3.950858123600483,False,False,False,4.846875
legal40k_depth12_100M_seed43022,D_0086,open_closed,open,closed,initial_plus_last,-4.0065948739647865,3.7641925364732742,-4.0065948739647865,-3.7641925364732742,-7.770787410438061,-4.0065948739647865,False,False,False,4.846875
legal40k_depth12_100M_seed43022,D_0086,open_closed,open,closed,last_event_only,-1.0765905380249023,-1.3731622695922852,-1.0765905380249023,1.3731622695922852,0.2965717315673828,-1.0765905380249023,False,False,True,4.846875
legal40k_depth12_100M_seed43022,D_0086,open_closed,open,closed,no_context,-0.41376984119415283,-0.41376984119415283,-0.41376984119415283,0.41376984119415283,0.0,-0.41376984119415283,False,False,True,4.846875
legal40k_depth12_100M_seed43022,D_0087,open_closed,open,closed,explicit_final_state,4.495999291539192,-4.434163086116314,4.495999291539192,4.434163086116314,8.930162377655506,4.434163086116314,True,False,False,4.846875
legal40k_depth12_100M_seed43022,D_0087,open_closed,open,closed,full_v3,-4.034461736679077,5.2910460866987705,-4.034461736679077,-5.2910460866987705,-9.325507823377848,-5.2910460866987705,False,False,False,4.846875
legal40k_depth12_100M_seed43022,D_0087,open_closed,open,closed,initial_plus_last,-4.153312608599663,4.819538213312626,-4.153312608599663,-4.819538213312626,-8.972850821912289,-4.819538213312626,False,False,False,4.846875
legal40k_depth12_100M_seed43022,D_0087,open_closed,open,closed,last_event_only,-1.3314162492752075,-1.9512577056884766,-1.3314162492752075,1.9512577056884766,0.619841456413269,-1.3314162492752075,False,False,True,4.846875
legal40k_depth12_100M_seed43022,D_0087,open_closed,open,closed,no_context,-1.3587369918823242,-1.3587369918823242,-1.3587369918823242,1.3587369918823242,0.0,-1.3587369918823242,False,False,True,4.846875
legal40k_depth12_100M_seed43022,D_0088,empty_full,empty,full,explicit_final_state,5.373451054096222,-5.815200015902519,5.373451054096222,5.815200015902519,11.188651069998741,5.373451054096222,True,False,False,4.861915367483296
legal40k_depth12_100M_seed43022,D_0088,empty_full,empty,full,full_v3,-7.26739227026701,5.428831219673157,-7.26739227026701,-5.428831219673157,-12.696223489940166,-7.26739227026701,False,False,False,4.861915367483296
legal40k_depth12_100M_seed43022,D_0088,empty_full,empty,full,initial_plus_last,-7.170498624444008,5.0477073192596436,-7.170498624444008,-5.0477073192596436,-12.218205943703651,-7.170498624444008,False,False,False,4.861915367483296
legal40k_depth12_100M_seed43022,D_0088,empty_full,empty,full,last_event_only,1.875152587890625,0.24016666412353516,1.875152587890625,-0.24016666412353516,1.6349859237670898,-0.24016666412353516,False,True,False,4.861915367483296
legal40k_depth12_100M_seed43022,D_0088,empty_full,empty,full,no_context,-0.15697574615478516,-0.15697574615478516,-0.15697574615478516,0.15697574615478516,0.0,-0.15697574615478516,False,False,True,4.861915367483296
legal40k_depth12_100M_seed43022,D_0089,open_closed,open,closed,explicit_final_state,3.611775480210781,-3.905389852821827,3.611775480210781,3.905389852821827,7.517165333032608,3.611775480210781,True,False,False,4.846875
legal40k_depth12_100M_seed43022,D_0089,open_closed,open,closed,full_v3,-3.842090643942356,3.835563726723194,-3.842090643942356,-3.835563726723194,-7.67765437066555,-3.842090643942356,False,False,False,4.846875
legal40k_depth12_100M_seed43022,D_0089,open_closed,open,closed,initial_plus_last,-3.9739615991711617,3.73557285964489,-3.9739615991711617,-3.73557285964489,-7.7095344588160515,-3.9739615991711617,False,False,False,4.846875
legal40k_depth12_100M_seed43022,D_0089,open_closed,open,closed,last_event_only,-0.4456052780151367,-1.1457910537719727,-0.4456052780151367,1.1457910537719727,0.7001857757568359,-0.4456052780151367,False,False,True,4.846875
legal40k_depth12_100M_seed43022,D_0089,open_closed,open,closed,no_context,-0.41376984119415283,-0.41376984119415283,-0.41376984119415283,0.41376984119415283,0.0,-0.41376984119415283,False,False,True,4.846875
legal40k_depth12_100M_seed43022,D_0090,open_closed,open,closed,explicit_final_state,3.611775480210781,-3.905389852821827,3.611775480210781,3.905389852821827,7.517165333032608,3.611775480210781,True,False,False,4.846875
legal40k_depth12_100M_seed43022,D_0090,open_closed,open,closed,full_v3,-3.8068122416734695,3.998701326549053,-3.8068122416734695,-3.998701326549053,-7.805513568222523,-3.998701326549053,False,False,False,4.846875
legal40k_depth12_100M_seed43022,D_0090,open_closed,open,closed,initial_plus_last,-3.897816441953182,3.9028787314891815,-3.897816441953182,-3.9028787314891815,-7.800695173442364,-3.9028787314891815,False,False,False,4.846875
legal40k_depth12_100M_seed43022,D_0090,open_closed,open,closed,last_event_only,-0.8851128816604614,-1.544230341911316,-0.8851128816604614,1.544230341911316,0.6591174602508545,-0.8851128816604614,False,False,True,4.846875
legal40k_depth12_100M_seed43022,D_0090,open_closed,open,closed,no_context,-0.41376984119415283,-0.41376984119415283,-0.41376984119415283,0.41376984119415283,0.0,-0.41376984119415283,False,False,True,4.846875
legal40k_depth12_100M_seed43022,D_0091,open_closed,open,closed,explicit_final_state,3.611775480210781,-3.905389852821827,3.611775480210781,3.905389852821827,7.517165333032608,3.611775480210781,True,False,False,4.846875
legal40k_depth12_100M_seed43022,D_0091,open_closed,open,closed,full_v3,-3.8005322739481926,4.012937352061272,-3.8005322739481926,-4.012937352061272,-7.813469626009464,-4.012937352061272,False,False,False,4.846875
legal40k_depth12_100M_seed43022,D_0091,open_closed,open,closed,initial_plus_last,-3.9431601092219353,3.6915845200419426,-3.9431601092219353,-3.6915845200419426,-7.634744629263878,-3.9431601092219353,False,False,False,4.846875
legal40k_depth12_100M_seed43022,D_0091,open_closed,open,closed,last_event_only,-1.0234375,-1.4544420838356018,-1.0234375,1.4544420838356018,0.4310045838356018,-1.0234375,False,False,True,4.846875
legal40k_depth12_100M_seed43022,D_0091,open_closed,open,closed,no_context,-0.41376984119415283,-0.41376984119415283,-0.41376984119415283,0.41376984119415283,0.0,-0.41376984119415283,False,False,True,4.846875
legal40k_depth12_100M_seed43022,D_0092,empty_full,empty,full,explicit_final_state,5.983719885349274,-5.713642030954361,5.983719885349274,5.713642030954361,11.697361916303635,5.713642030954361,True,False,False,4.861915367483296
legal40k_depth12_100M_seed43022,D_0092,empty_full,empty,full,full_v3,-6.451511345803738,6.79121258854866,-6.451511345803738,-6.79121258854866,-13.242723934352398,-6.79121258854866,False,False,False,4.861915367483296
legal40k_depth12_100M_seed43022,D_0092,empty_full,empty,full,initial_plus_last,-6.393961980938911,5.993340313434601,-6.393961980938911,-5.993340313434601,-12.387302294373512,-6.393961980938911,False,False,False,4.861915367483296
legal40k_depth12_100M_seed43022,D_0092,empty_full,empty,full,last_event_only,3.437086582183838,0.8118009567260742,3.437086582183838,-0.8118009567260742,2.6252856254577637,-0.8118009567260742,False,True,False,4.861915367483296
legal40k_depth12_100M_seed43022,D_0092,empty_full,empty,full,no_context,1.23394775390625,1.23394775390625,1.23394775390625,-1.23394775390625,0.0,-1.23394775390625,False,True,False,4.861915367483296
legal40k_depth12_100M_seed43022,D_0093,open_closed,open,closed,explicit_final_state,4.495999291539192,-4.434163086116314,4.495999291539192,4.434163086116314,8.930162377655506,4.434163086116314,True,False,False,4.846875
legal40k_depth12_100M_seed43022,D_0093,open_closed,open,closed,full_v3,-4.276268947869539,5.013781424611807,-4.276268947869539,-5.013781424611807,-9.290050372481346,-5.013781424611807,False,False,False,4.846875
legal40k_depth12_100M_seed43022,D_0093,open_closed,open,closed,initial_plus_last,-4.330278158187866,4.678687050938606,-4.330278158187866,-4.678687050938606,-9.008965209126472,-4.678687050938606,False,False,False,4.846875
legal40k_depth12_100M_seed43022,D_0093,open_closed,open,closed,last_event_only,-1.2672500610351562,-1.9158774614334106,-1.2672500610351562,1.9158774614334106,0.6486274003982544,-1.2672500610351562,False,False,True,4.846875
legal40k_depth12_100M_seed43022,D_0093,open_closed,open,closed,no_context,-1.3587369918823242,-1.3587369918823242,-1.3587369918823242,1.3587369918823242,0.0,-1.3587369918823242,False,False,True,4.846875
legal40k_depth12_100M_seed43022,D_0094,empty_full,empty,full,explicit_final_state,5.983719885349274,-5.713642030954361,5.983719885349274,5.713642030954361,11.697361916303635,5.713642030954361,True,False,False,4.861915367483296
legal40k_depth12_100M_seed43022,D_0094,empty_full,empty,full,full_v3,-6.738520786166191,6.26643043756485,-6.738520786166191,-6.26643043756485,-13.004951223731041,-6.738520786166191,False,False,False,4.861915367483296
legal40k_depth12_100M_seed43022,D_0094,empty_full,empty,full,initial_plus_last,-6.6111156567931175,5.715258419513702,-6.6111156567931175,-5.715258419513702,-12.32637407630682,-6.6111156567931175,False,False,False,4.861915367483296
legal40k_depth12_100M_seed43022,D_0094,empty_full,empty,full,last_event_only,3.327056884765625,0.2019662857055664,3.327056884765625,-0.2019662857055664,3.1250905990600586,-0.2019662857055664,False,True,False,4.861915367483296
legal40k_depth12_100M_seed43022,D_0094,empty_full,empty,full,no_context,1.23394775390625,1.23394775390625,1.23394775390625,-1.23394775390625,0.0,-1.23394775390625,False,True,False,4.861915367483296
legal40k_depth12_100M_seed43022,D_0095,open_closed,open,closed,explicit_final_state,3.8609085381031036,-4.54032326489687,3.8609085381031036,4.54032326489687,8.401231802999973,3.8609085381031036,True,False,False,4.846875
legal40k_depth12_100M_seed43022,D_0095,open_closed,open,closed,full_v3,-4.4770963825285435,4.033990696072578,-4.4770963825285435,-4.033990696072578,-8.511087078601122,-4.4770963825285435,False,False,False,4.846875
legal40k_depth12_100M_seed43022,D_0095,open_closed,open,closed,initial_plus_last,-4.3765304163098335,4.0240678191185,-4.3765304163098335,-4.0240678191185,-8.400598235428333,-4.3765304163098335,False,False,False,4.846875
legal40k_depth12_100M_seed43022,D_0095,open_closed,open,closed,last_event_only,-1.6031428575515747,-2.5811291933059692,-1.6031428575515747,2.5811291933059692,0.9779863357543945,-1.6031428575515747,False,False,True,4.846875
legal40k_depth12_100M_seed43022,D_0095,open_closed,open,closed,no_context,-1.8138513565063477,-1.8138513565063477,-1.8138513565063477,1.8138513565063477,0.0,-1.8138513565063477,False,False,True,4.846875
legal40k_depth12_100M_seed43022,D_0096,open_closed,open,closed,explicit_final_state,4.495999291539192,-4.434163086116314,4.495999291539192,4.434163086116314,8.930162377655506,4.434163086116314,True,False,False,4.846875
legal40k_depth12_100M_seed43022,D_0096,open_closed,open,closed,full_v3,-4.260002978146076,5.245531864464283,-4.260002978146076,-5.245531864464283,-9.50553484261036,-5.245531864464283,False,False,False,4.846875
legal40k_depth12_100M_seed43022,D_0096,open_closed,open,closed,initial_plus_last,-4.253146156668663,4.944953087717295,-4.253146156668663,-4.944953087717295,-9.198099244385958,-4.944953087717295,False,False,False,4.846875
legal40k_depth12_100M_seed43022,D_0096,open_closed,open,closed,last_event_only,-1.5048131942749023,-2.1596908569335938,-1.5048131942749023,2.1596908569335938,0.6548776626586914,-1.5048131942749023,False,False,True,4.846875
legal40k_depth12_100M_seed43022,D_0096,open_closed,open,closed,no_context,-1.3587369918823242,-1.3587369918823242,-1.3587369918823242,1.3587369918823242,0.0,-1.3587369918823242,False,False,True,4.846875
legal40k_depth12_100M_seed43022,D_0097,empty_full,empty,full,explicit_final_state,5.772742211818695,-5.592823088169098,5.772742211818695,5.592823088169098,11.365565299987793,5.592823088169098,True,False,False,4.861915367483296
legal40k_depth12_100M_seed43022,D_0097,empty_full,empty,full,full_v3,-6.642720125615597,6.09665060043335,-6.642720125615597,-6.09665060043335,-12.739370726048946,-6.642720125615597,False,False,False,4.861915367483296
legal40k_depth12_100M_seed43022,D_0097,empty_full,empty,full,initial_plus_last,-6.492654055356979,5.612517774105072,-6.492654055356979,-5.612517774105072,-12.105171829462051,-6.492654055356979,False,False,False,4.861915367483296
legal40k_depth12_100M_seed43022,D_0097,empty_full,empty,full,last_event_only,2.9887423515319824,0.8969650268554688,2.9887423515319824,-0.8969650268554688,2.0917773246765137,-0.8969650268554688,False,True,False,4.861915367483296
legal40k_depth12_100M_seed43022,D_0097,empty_full,empty,full,no_context,0.40581750869750977,0.40581750869750977,0.40581750869750977,-0.40581750869750977,0.0,-0.40581750869750977,False,True,False,4.861915367483296
legal40k_depth12_100M_seed43022,D_0098,empty_full,empty,full,explicit_final_state,5.9945149421691895,-4.83172419667244,5.9945149421691895,4.83172419667244,10.826239138841629,4.83172419667244,True,False,False,4.861915367483296
legal40k_depth12_100M_seed43022,D_0098,empty_full,empty,full,full_v3,-5.76069812476635,5.932798087596893,-5.76069812476635,-5.932798087596893,-11.693496212363243,-5.932798087596893,False,False,False,4.861915367483296
legal40k_depth12_100M_seed43022,D_0098,empty_full,empty,full,initial_plus_last,-5.456318750977516,5.737788617610931,-5.456318750977516,-5.737788617610931,-11.194107368588448,-5.737788617610931,False,False,False,4.861915367483296
legal40k_depth12_100M_seed43022,D_0098,empty_full,empty,full,last_event_only,3.3829965591430664,1.656750202178955,3.3829965591430664,-1.656750202178955,1.7262463569641113,-1.656750202178955,False,True,False,4.861915367483296
legal40k_depth12_100M_seed43022,D_0098,empty_full,empty,full,no_context,1.4622948169708252,1.4622948169708252,1.4622948169708252,-1.4622948169708252,0.0,-1.4622948169708252,False,True,False,4.861915367483296
legal40k_depth12_100M_seed43022,D_0099,empty_full,empty,full,explicit_final_state,5.772742211818695,-5.592823088169098,5.772742211818695,5.592823088169098,11.365565299987793,5.592823088169098,True,False,False,4.861915367483296
legal40k_depth12_100M_seed43022,D_0099,empty_full,empty,full,full_v3,-6.3563258945941925,6.132485866546631,-6.3563258945941925,-6.132485866546631,-12.488811761140823,-6.3563258945941925,False,False,False,4.861915367483296
legal40k_depth12_100M_seed43022,D_0099,empty_full,empty,full,initial_plus_last,-6.327438205480576,5.783121228218079,-6.327438205480576,-5.783121228218079,-12.110559433698654,-6.327438205480576,False,False,False,4.861915367483296
legal40k_depth12_100M_seed43022,D_0099,empty_full,empty,full,last_event_only,2.620481014251709,1.0848031044006348,2.620481014251709,-1.0848031044006348,1.5356779098510742,-1.0848031044006348,False,True,False,4.861915367483296
legal40k_depth12_100M_seed43022,D_0099,empty_full,empty,full,no_context,0.40581750869750977,0.40581750869750977,0.40581750869750977,-0.40581750869750977,0.0,-0.40581750869750977,False,True,False,4.861915367483296
legal40k_depth12_100M_seed43022,D_0100,empty_full,empty,full,explicit_final_state,5.983719885349274,-5.713642030954361,5.983719885349274,5.713642030954361,11.697361916303635,5.713642030954361,True,False,False,4.861915367483296
legal40k_depth12_100M_seed43022,D_0100,empty_full,empty,full,full_v3,-6.9928740337491035,6.303473174571991,-6.9928740337491035,-6.303473174571991,-13.296347208321095,-6.9928740337491035,False,False,False,4.861915367483296
legal40k_depth12_100M_seed43022,D_0100,empty_full,empty,full,initial_plus_last,-6.72802646458149,5.679495453834534,-6.72802646458149,-5.679495453834534,-12.407521918416023,-6.72802646458149,False,False,False,4.861915367483296
legal40k_depth12_100M_seed43022,D_0100,empty_full,empty,full,last_event_only,3.30271577835083,0.5827670097351074,3.30271577835083,-0.5827670097351074,2.7199487686157227,-0.5827670097351074,False,True,False,4.861915367483296
legal40k_depth12_100M_seed43022,D_0100,empty_full,empty,full,no_context,1.23394775390625,1.23394775390625,1.23394775390625,-1.23394775390625,0.0,-1.23394775390625,False,True,False,4.861915367483296
