frame_id,base_id,condition,family,object,alt_a,alt_b,delta1,delta2,interaction,min_signed_margin,crossed_success,same_a_bias,same_b_bias
IF_00001,BASE_0001,no_context,empty_full,glass,empty,full,-0.35724449157714844,-0.35724449157714844,0.0,-0.35724449157714844,False,False,True
IF_00002,BASE_0001,explicit_final,empty_full,glass,empty,full,-0.20606231689453125,-0.17798900604248047,-0.02807331085205078,-0.20606231689453125,False,False,True
IF_00003,BASE_0001,last_event,empty_full,glass,empty,full,-0.2879033088684082,-0.2727680206298828,-0.01513528823852539,-0.2879033088684082,False,False,True
IF_00004,BASE_0001,consistent_prior,empty_full,glass,empty,full,-0.12399721145629883,-0.21714210510253906,0.09314489364624023,-0.12399721145629883,False,False,True
IF_00005,BASE_0001,distractor_event,empty_full,glass,empty,full,-0.36295223236083984,-0.36295032501220703,-1.9073486328125e-06,-0.36295223236083984,False,False,True
IF_00006,BASE_0001,contradict_bare,empty_full,glass,empty,full,-0.30080127716064453,-0.2612190246582031,-0.039582252502441406,-0.30080127716064453,False,False,True
IF_00007,BASE_0001,contradict_temporal,empty_full,glass,empty,full,-0.06637144088745117,-0.21648311614990234,0.15011167526245117,-0.06637144088745117,False,False,True
IF_00008,BASE_0001,contradict_reinforced,empty_full,glass,empty,full,-0.4263181686401367,-0.2029714584350586,-0.22334671020507812,-0.4263181686401367,False,False,True
IF_00009,BASE_0001,explicit_override,empty_full,glass,empty,full,-0.2319631576538086,-0.18646621704101562,-0.04549694061279297,-0.2319631576538086,False,False,True
IF_00010,BASE_0001,reported_event,empty_full,glass,empty,full,-0.23215103149414062,-0.2334909439086914,0.0013399124145507812,-0.23215103149414062,False,False,True
IF_00011,BASE_0002,no_context,empty_full,glass,empty,full,-0.35724449157714844,-0.35724449157714844,0.0,-0.35724449157714844,False,False,True
IF_00012,BASE_0002,explicit_final,empty_full,glass,empty,full,-0.20606231689453125,-0.17798900604248047,-0.02807331085205078,-0.20606231689453125,False,False,True
IF_00013,BASE_0002,last_event,empty_full,glass,empty,full,-0.23523902893066406,-0.2673225402832031,0.03208351135253906,-0.23523902893066406,False,False,True
IF_00014,BASE_0002,consistent_prior,empty_full,glass,empty,full,-0.14786148071289062,-0.26509666442871094,0.11723518371582031,-0.14786148071289062,False,False,True
IF_00015,BASE_0002,distractor_event,empty_full,glass,empty,full,-0.34322071075439453,-0.3606386184692383,0.01741790771484375,-0.34322071075439453,False,False,True
IF_00016,BASE_0002,contradict_bare,empty_full,glass,empty,full,-0.2713046073913574,-0.24436664581298828,-0.02693796157836914,-0.2713046073913574,False,False,True
IF_00017,BASE_0002,contradict_temporal,empty_full,glass,empty,full,-0.07567119598388672,-0.2522916793823242,0.1766204833984375,-0.07567119598388672,False,False,True
IF_00018,BASE_0002,contradict_reinforced,empty_full,glass,empty,full,-0.4420452117919922,-0.22734832763671875,-0.21469688415527344,-0.4420452117919922,False,False,True
IF_00019,BASE_0002,explicit_override,empty_full,glass,empty,full,-0.2319631576538086,-0.18646621704101562,-0.04549694061279297,-0.2319631576538086,False,False,True
IF_00020,BASE_0002,reported_event,empty_full,glass,empty,full,-0.23854732513427734,-0.2905588150024414,0.05201148986816406,-0.23854732513427734,False,False,True
IF_00021,BASE_0003,no_context,empty_full,glass,empty,full,-0.35724449157714844,-0.35724449157714844,0.0,-0.35724449157714844,False,False,True
IF_00022,BASE_0003,explicit_final,empty_full,glass,empty,full,-0.20606231689453125,-0.17798900604248047,-0.02807331085205078,-0.20606231689453125,False,False,True
IF_00023,BASE_0003,last_event,empty_full,glass,empty,full,-0.2516050338745117,-0.31815242767333984,0.06654739379882812,-0.2516050338745117,False,False,True
IF_00024,BASE_0003,consistent_prior,empty_full,glass,empty,full,-0.14751291275024414,-0.28466796875,0.13715505599975586,-0.14751291275024414,False,False,True
IF_00025,BASE_0003,distractor_event,empty_full,glass,empty,full,-0.3802456855773926,-0.40987586975097656,0.029630184173583984,-0.3802456855773926,False,False,True
IF_00026,BASE_0003,contradict_bare,empty_full,glass,empty,full,-0.28665590286254883,-0.2568225860595703,-0.029833316802978516,-0.28665590286254883,False,False,True
IF_00027,BASE_0003,contradict_temporal,empty_full,glass,empty,full,-0.09345626831054688,-0.2768583297729492,0.18340206146240234,-0.09345626831054688,False,False,True
IF_00028,BASE_0003,contradict_reinforced,empty_full,glass,empty,full,-0.4482426643371582,-0.2449812889099121,-0.2032613754272461,-0.4482426643371582,False,False,True
IF_00029,BASE_0003,explicit_override,empty_full,glass,empty,full,-0.2319631576538086,-0.18646621704101562,-0.04549694061279297,-0.2319631576538086,False,False,True
IF_00030,BASE_0003,reported_event,empty_full,glass,empty,full,-0.22228336334228516,-0.24584579467773438,0.02356243133544922,-0.22228336334228516,False,False,True
IF_00031,BASE_0004,no_context,empty_full,glass,empty,full,-0.35724449157714844,-0.35724449157714844,0.0,-0.35724449157714844,False,False,True
IF_00032,BASE_0004,explicit_final,empty_full,glass,empty,full,-0.20606231689453125,-0.17798900604248047,-0.02807331085205078,-0.20606231689453125,False,False,True
IF_00033,BASE_0004,last_event,empty_full,glass,empty,full,-0.23298215866088867,-0.3424253463745117,0.10944318771362305,-0.23298215866088867,False,False,True
IF_00034,BASE_0004,consistent_prior,empty_full,glass,empty,full,-0.15495061874389648,-0.30937862396240234,0.15442800521850586,-0.15495061874389648,False,False,True
IF_00035,BASE_0004,distractor_event,empty_full,glass,empty,full,-0.417816162109375,-0.4688262939453125,0.0510101318359375,-0.417816162109375,False,False,True
IF_00036,BASE_0004,contradict_bare,empty_full,glass,empty,full,-0.30820226669311523,-0.2662954330444336,-0.04190683364868164,-0.30820226669311523,False,False,True
IF_00037,BASE_0004,contradict_temporal,empty_full,glass,empty,full,-0.0823221206665039,-0.2717576026916504,0.18943548202514648,-0.0823221206665039,False,False,True
IF_00038,BASE_0004,contradict_reinforced,empty_full,glass,empty,full,-0.43898868560791016,-0.23817920684814453,-0.20080947875976562,-0.43898868560791016,False,False,True
IF_00039,BASE_0004,explicit_override,empty_full,glass,empty,full,-0.2319631576538086,-0.18646621704101562,-0.04549694061279297,-0.2319631576538086,False,False,True
IF_00040,BASE_0004,reported_event,empty_full,glass,empty,full,-0.2572336196899414,-0.28429746627807617,0.027063846588134766,-0.2572336196899414,False,False,True
IF_00041,BASE_0005,no_context,empty_full,glass,empty,full,-0.35724449157714844,-0.35724449157714844,0.0,-0.35724449157714844,False,False,True
IF_00042,BASE_0005,explicit_final,empty_full,glass,empty,full,-0.20606231689453125,-0.17798900604248047,-0.02807331085205078,-0.20606231689453125,False,False,True
IF_00043,BASE_0005,last_event,empty_full,glass,empty,full,-0.21768856048583984,-0.2872047424316406,0.06951618194580078,-0.21768856048583984,False,False,True
IF_00044,BASE_0005,consistent_prior,empty_full,glass,empty,full,-0.13951921463012695,-0.28029823303222656,0.1407790184020996,-0.13951921463012695,False,False,True
IF_00045,BASE_0005,distractor_event,empty_full,glass,empty,full,-0.3476228713989258,-0.36807918548583984,0.020456314086914062,-0.3476228713989258,False,False,True
IF_00046,BASE_0005,contradict_bare,empty_full,glass,empty,full,-0.2549009323120117,-0.2600579261779785,0.005156993865966797,-0.2549009323120117,False,False,True
IF_00047,BASE_0005,contradict_temporal,empty_full,glass,empty,full,-0.10106229782104492,-0.28840065002441406,0.18733835220336914,-0.10106229782104492,False,False,True
IF_00048,BASE_0005,contradict_reinforced,empty_full,glass,empty,full,-0.44890308380126953,-0.2567744255065918,-0.19212865829467773,-0.44890308380126953,False,False,True
IF_00049,BASE_0005,explicit_override,empty_full,glass,empty,full,-0.2319631576538086,-0.18646621704101562,-0.04549694061279297,-0.2319631576538086,False,False,True
IF_00050,BASE_0005,reported_event,empty_full,glass,empty,full,-0.24514102935791016,-0.31207847595214844,0.06693744659423828,-0.24514102935791016,False,False,True
IF_00051,BASE_0006,no_context,empty_full,glass,empty,full,-0.35724449157714844,-0.35724449157714844,0.0,-0.35724449157714844,False,False,True
IF_00052,BASE_0006,explicit_final,empty_full,glass,empty,full,-0.20606231689453125,-0.17798900604248047,-0.02807331085205078,-0.20606231689453125,False,False,True
IF_00053,BASE_0006,last_event,empty_full,glass,empty,full,-0.30376195907592773,-0.3838930130004883,0.08013105392456055,-0.30376195907592773,False,False,True
IF_00054,BASE_0006,consistent_prior,empty_full,glass,empty,full,-0.1728963851928711,-0.31167030334472656,0.13877391815185547,-0.1728963851928711,False,False,True
IF_00055,BASE_0006,distractor_event,empty_full,glass,empty,full,-0.4189767837524414,-0.45976972579956055,0.04079294204711914,-0.4189767837524414,False,False,True
IF_00056,BASE_0006,contradict_bare,empty_full,glass,empty,full,-0.3210744857788086,-0.3265361785888672,0.005461692810058594,-0.3210744857788086,False,False,True
IF_00057,BASE_0006,contradict_temporal,empty_full,glass,empty,full,-0.0965108871459961,-0.2884984016418457,0.1919875144958496,-0.0965108871459961,False,False,True
IF_00058,BASE_0006,contradict_reinforced,empty_full,glass,empty,full,-0.43746185302734375,-0.24580001831054688,-0.19166183471679688,-0.43746185302734375,False,False,True
IF_00059,BASE_0006,explicit_override,empty_full,glass,empty,full,-0.2319631576538086,-0.18646621704101562,-0.04549694061279297,-0.2319631576538086,False,False,True
IF_00060,BASE_0006,reported_event,empty_full,glass,empty,full,-0.27446794509887695,-0.31884288787841797,0.044374942779541016,-0.27446794509887695,False,False,True
IF_00061,BASE_0007,no_context,empty_full,glass,empty,full,-0.35724449157714844,-0.35724449157714844,0.0,-0.35724449157714844,False,False,True
IF_00062,BASE_0007,explicit_final,empty_full,glass,empty,full,-0.20606231689453125,-0.17798900604248047,-0.02807331085205078,-0.20606231689453125,False,False,True
IF_00063,BASE_0007,last_event,empty_full,glass,empty,full,-0.2404642105102539,-0.30091333389282227,0.06044912338256836,-0.2404642105102539,False,False,True
IF_00064,BASE_0007,consistent_prior,empty_full,glass,empty,full,-0.14573240280151367,-0.2686586380004883,0.12292623519897461,-0.14573240280151367,False,False,True
IF_00065,BASE_0007,distractor_event,empty_full,glass,empty,full,-0.336794376373291,-0.3422670364379883,0.005472660064697266,-0.336794376373291,False,False,True
IF_00066,BASE_0007,contradict_bare,empty_full,glass,empty,full,-0.2752532958984375,-0.19135475158691406,-0.08389854431152344,-0.2752532958984375,False,False,True
IF_00067,BASE_0007,contradict_temporal,empty_full,glass,empty,full,-0.08933448791503906,-0.2665443420410156,0.17720985412597656,-0.08933448791503906,False,False,True
IF_00068,BASE_0007,contradict_reinforced,empty_full,glass,empty,full,-0.4455137252807617,-0.2304821014404297,-0.21503162384033203,-0.4455137252807617,False,False,True
IF_00069,BASE_0007,explicit_override,empty_full,glass,empty,full,-0.2319631576538086,-0.18646621704101562,-0.04549694061279297,-0.2319631576538086,False,False,True
IF_00070,BASE_0007,reported_event,empty_full,glass,empty,full,-0.24028301239013672,-0.26851606369018555,0.028233051300048828,-0.24028301239013672,False,False,True
IF_00071,BASE_0008,no_context,empty_full,glass,empty,full,-0.35724449157714844,-0.35724449157714844,0.0,-0.35724449157714844,False,False,True
IF_00072,BASE_0008,explicit_final,empty_full,glass,empty,full,-0.20606231689453125,-0.17798900604248047,-0.02807331085205078,-0.20606231689453125,False,False,True
IF_00073,BASE_0008,last_event,empty_full,glass,empty,full,-0.24060630798339844,-0.2730832099914551,0.03247690200805664,-0.24060630798339844,False,False,True
IF_00074,BASE_0008,consistent_prior,empty_full,glass,empty,full,-0.14336395263671875,-0.26639461517333984,0.1230306625366211,-0.14336395263671875,False,False,True
IF_00075,BASE_0008,distractor_event,empty_full,glass,empty,full,-0.37081146240234375,-0.3799247741699219,0.009113311767578125,-0.37081146240234375,False,False,True
IF_00076,BASE_0008,contradict_bare,empty_full,glass,empty,full,-0.2824420928955078,-0.2591061592102051,-0.023335933685302734,-0.2824420928955078,False,False,True
IF_00077,BASE_0008,contradict_temporal,empty_full,glass,empty,full,-0.0987710952758789,-0.2790961265563965,0.18032503128051758,-0.0987710952758789,False,False,True
IF_00078,BASE_0008,contradict_reinforced,empty_full,glass,empty,full,-0.44635725021362305,-0.26021766662597656,-0.18613958358764648,-0.44635725021362305,False,False,True
IF_00079,BASE_0008,explicit_override,empty_full,glass,empty,full,-0.2319631576538086,-0.18646621704101562,-0.04549694061279297,-0.2319631576538086,False,False,True
IF_00080,BASE_0008,reported_event,empty_full,glass,empty,full,-0.24648237228393555,-0.2900829315185547,0.04360055923461914,-0.24648237228393555,False,False,True
IF_00081,BASE_0009,no_context,empty_full,glass,empty,full,-0.35724449157714844,-0.35724449157714844,0.0,-0.35724449157714844,False,False,True
IF_00082,BASE_0009,explicit_final,empty_full,glass,empty,full,-0.20606231689453125,-0.17798900604248047,-0.02807331085205078,-0.20606231689453125,False,False,True
IF_00083,BASE_0009,last_event,empty_full,glass,empty,full,-0.24379825592041016,-0.30051422119140625,0.056715965270996094,-0.24379825592041016,False,False,True
IF_00084,BASE_0009,consistent_prior,empty_full,glass,empty,full,-0.14697742462158203,-0.2753167152404785,0.12833929061889648,-0.14697742462158203,False,False,True
IF_00085,BASE_0009,distractor_event,empty_full,glass,empty,full,-0.3572998046875,-0.3533611297607422,-0.0039386749267578125,-0.3572998046875,False,False,True
IF_00086,BASE_0009,contradict_bare,empty_full,glass,empty,full,-0.27045440673828125,-0.20623397827148438,-0.06422042846679688,-0.27045440673828125,False,False,True
IF_00087,BASE_0009,contradict_temporal,empty_full,glass,empty,full,-0.10077714920043945,-0.2697467803955078,0.16896963119506836,-0.10077714920043945,False,False,True
IF_00088,BASE_0009,contradict_reinforced,empty_full,glass,empty,full,-0.457000732421875,-0.2449359893798828,-0.2120647430419922,-0.457000732421875,False,False,True
IF_00089,BASE_0009,explicit_override,empty_full,glass,empty,full,-0.2319631576538086,-0.18646621704101562,-0.04549694061279297,-0.2319631576538086,False,False,True
IF_00090,BASE_0009,reported_event,empty_full,glass,empty,full,-0.2605886459350586,-0.26885414123535156,0.008265495300292969,-0.2605886459350586,False,False,True
IF_00091,BASE_0010,no_context,empty_full,glass,empty,full,-0.35724449157714844,-0.35724449157714844,0.0,-0.35724449157714844,False,False,True
IF_00092,BASE_0010,explicit_final,empty_full,glass,empty,full,-0.20606231689453125,-0.17798900604248047,-0.02807331085205078,-0.20606231689453125,False,False,True
IF_00093,BASE_0010,last_event,empty_full,glass,empty,full,-0.1994633674621582,-0.27628326416015625,0.07681989669799805,-0.1994633674621582,False,False,True
IF_00094,BASE_0010,consistent_prior,empty_full,glass,empty,full,-0.1296219825744629,-0.26534032821655273,0.13571834564208984,-0.1296219825744629,False,False,True
IF_00095,BASE_0010,distractor_event,empty_full,glass,empty,full,-0.3384075164794922,-0.35522937774658203,0.016821861267089844,-0.3384075164794922,False,False,True
IF_00096,BASE_0010,contradict_bare,empty_full,glass,empty,full,-0.23474979400634766,-0.21425533294677734,-0.020494461059570312,-0.23474979400634766,False,False,True
IF_00097,BASE_0010,contradict_temporal,empty_full,glass,empty,full,-0.0751657485961914,-0.2562704086303711,0.1811046600341797,-0.0751657485961914,False,False,True
IF_00098,BASE_0010,contradict_reinforced,empty_full,glass,empty,full,-0.4350705146789551,-0.2185983657836914,-0.21647214889526367,-0.4350705146789551,False,False,True
IF_00099,BASE_0010,explicit_override,empty_full,glass,empty,full,-0.2319631576538086,-0.18646621704101562,-0.04549694061279297,-0.2319631576538086,False,False,True
IF_00100,BASE_0010,reported_event,empty_full,glass,empty,full,-0.18732786178588867,-0.2220592498779297,0.034731388092041016,-0.18732786178588867,False,False,True
IF_00101,BASE_0011,no_context,empty_full,cup,empty,full,-0.20804214477539062,-0.20804214477539062,0.0,-0.20804214477539062,False,False,True
IF_00102,BASE_0011,explicit_final,empty_full,cup,empty,full,-0.07944202423095703,-0.0797262191772461,0.0002841949462890625,-0.07944202423095703,False,False,True
IF_00103,BASE_0011,last_event,empty_full,cup,empty,full,-0.2570972442626953,-0.2510342597961426,-0.006062984466552734,-0.2570972442626953,False,False,True
IF_00104,BASE_0011,consistent_prior,empty_full,cup,empty,full,-0.10927629470825195,-0.20593547821044922,0.09665918350219727,-0.10927629470825195,False,False,True
IF_00105,BASE_0011,distractor_event,empty_full,cup,empty,full,-0.27481842041015625,-0.31365108489990234,0.038832664489746094,-0.27481842041015625,False,False,True
IF_00106,BASE_0011,contradict_bare,empty_full,cup,empty,full,-0.29847192764282227,-0.1496438980102539,-0.14882802963256836,-0.29847192764282227,False,False,True
IF_00107,BASE_0011,contradict_temporal,empty_full,cup,empty,full,-0.07382869720458984,-0.18836307525634766,0.11453437805175781,-0.07382869720458984,False,False,True
IF_00108,BASE_0011,contradict_reinforced,empty_full,cup,empty,full,-0.38351964950561523,-0.14417314529418945,-0.23934650421142578,-0.38351964950561523,False,False,True
IF_00109,BASE_0011,explicit_override,empty_full,cup,empty,full,-0.130615234375,-0.10186004638671875,-0.02875518798828125,-0.130615234375,False,False,True
IF_00110,BASE_0011,reported_event,empty_full,cup,empty,full,-0.18401813507080078,-0.2615203857421875,0.07750225067138672,-0.18401813507080078,False,False,True
IF_00111,BASE_0012,no_context,empty_full,cup,empty,full,-0.20804214477539062,-0.20804214477539062,0.0,-0.20804214477539062,False,False,True
IF_00112,BASE_0012,explicit_final,empty_full,cup,empty,full,-0.07944202423095703,-0.0797262191772461,0.0002841949462890625,-0.07944202423095703,False,False,True
IF_00113,BASE_0012,last_event,empty_full,cup,empty,full,-0.18181133270263672,-0.18739986419677734,0.005588531494140625,-0.18181133270263672,False,False,True
IF_00114,BASE_0012,consistent_prior,empty_full,cup,empty,full,-0.1180415153503418,-0.21965599060058594,0.10161447525024414,-0.1180415153503418,False,False,True
IF_00115,BASE_0012,distractor_event,empty_full,cup,empty,full,-0.2700233459472656,-0.283843994140625,0.013820648193359375,-0.2700233459472656,False,False,True
IF_00116,BASE_0012,contradict_bare,empty_full,cup,empty,full,-0.24989795684814453,-0.10994434356689453,-0.13995361328125,-0.24989795684814453,False,False,True
IF_00117,BASE_0012,contradict_temporal,empty_full,cup,empty,full,-0.05239582061767578,-0.18058109283447266,0.12818527221679688,-0.05239582061767578,False,False,True
IF_00118,BASE_0012,contradict_reinforced,empty_full,cup,empty,full,-0.38123512268066406,-0.14165496826171875,-0.2395801544189453,-0.38123512268066406,False,False,True
IF_00119,BASE_0012,explicit_override,empty_full,cup,empty,full,-0.130615234375,-0.10186004638671875,-0.02875518798828125,-0.130615234375,False,False,True
IF_00120,BASE_0012,reported_event,empty_full,cup,empty,full,-0.12620925903320312,-0.19897747039794922,0.0727682113647461,-0.12620925903320312,False,False,True
IF_00121,BASE_0013,no_context,empty_full,cup,empty,full,-0.20804214477539062,-0.20804214477539062,0.0,-0.20804214477539062,False,False,True
IF_00122,BASE_0013,explicit_final,empty_full,cup,empty,full,-0.07944202423095703,-0.0797262191772461,0.0002841949462890625,-0.07944202423095703,False,False,True
IF_00123,BASE_0013,last_event,empty_full,cup,empty,full,-0.20941638946533203,-0.2576475143432617,0.04823112487792969,-0.20941638946533203,False,False,True
IF_00124,BASE_0013,consistent_prior,empty_full,cup,empty,full,-0.1301565170288086,-0.2612419128417969,0.13108539581298828,-0.1301565170288086,False,False,True
IF_00125,BASE_0013,distractor_event,empty_full,cup,empty,full,-0.29747581481933594,-0.3403491973876953,0.042873382568359375,-0.29747581481933594,False,False,True
IF_00126,BASE_0013,contradict_bare,empty_full,cup,empty,full,-0.2779407501220703,-0.13819456100463867,-0.13974618911743164,-0.2779407501220703,False,False,True
IF_00127,BASE_0013,contradict_temporal,empty_full,cup,empty,full,-0.09068965911865234,-0.23351240158081055,0.1428227424621582,-0.09068965911865234,False,False,True
IF_00128,BASE_0013,contradict_reinforced,empty_full,cup,empty,full,-0.4038715362548828,-0.18007421493530273,-0.22379732131958008,-0.4038715362548828,False,False,True
IF_00129,BASE_0013,explicit_override,empty_full,cup,empty,full,-0.130615234375,-0.10186004638671875,-0.02875518798828125,-0.130615234375,False,False,True
IF_00130,BASE_0013,reported_event,empty_full,cup,empty,full,-0.1572246551513672,-0.23218441009521484,0.07495975494384766,-0.1572246551513672,False,False,True
IF_00131,BASE_0014,no_context,empty_full,cup,empty,full,-0.20804214477539062,-0.20804214477539062,0.0,-0.20804214477539062,False,False,True
IF_00132,BASE_0014,explicit_final,empty_full,cup,empty,full,-0.07944202423095703,-0.0797262191772461,0.0002841949462890625,-0.07944202423095703,False,False,True
IF_00133,BASE_0014,last_event,empty_full,cup,empty,full,-0.21582698822021484,-0.30392932891845703,0.08810234069824219,-0.21582698822021484,False,False,True
IF_00134,BASE_0014,consistent_prior,empty_full,cup,empty,full,-0.1433238983154297,-0.2981595993041992,0.15483570098876953,-0.1433238983154297,False,False,True
IF_00135,BASE_0014,distractor_event,empty_full,cup,empty,full,-0.3126215934753418,-0.3799858093261719,0.06736421585083008,-0.3126215934753418,False,False,True
IF_00136,BASE_0014,contradict_bare,empty_full,cup,empty,full,-0.3150815963745117,-0.1615467071533203,-0.1535348892211914,-0.3150815963745117,False,False,True
IF_00137,BASE_0014,contradict_temporal,empty_full,cup,empty,full,-0.09126424789428711,-0.2430582046508789,0.1517939567565918,-0.09126424789428711,False,False,True
IF_00138,BASE_0014,contradict_reinforced,empty_full,cup,empty,full,-0.40299415588378906,-0.18121576309204102,-0.22177839279174805,-0.40299415588378906,False,False,True
IF_00139,BASE_0014,explicit_override,empty_full,cup,empty,full,-0.130615234375,-0.10186004638671875,-0.02875518798828125,-0.130615234375,False,False,True
IF_00140,BASE_0014,reported_event,empty_full,cup,empty,full,-0.21439456939697266,-0.3036513328552246,0.08925676345825195,-0.21439456939697266,False,False,True
IF_00141,BASE_0015,no_context,empty_full,cup,empty,full,-0.20804214477539062,-0.20804214477539062,0.0,-0.20804214477539062,False,False,True
IF_00142,BASE_0015,explicit_final,empty_full,cup,empty,full,-0.07944202423095703,-0.0797262191772461,0.0002841949462890625,-0.07944202423095703,False,False,True
IF_00143,BASE_0015,last_event,empty_full,cup,empty,full,-0.16704463958740234,-0.22048091888427734,0.053436279296875,-0.16704463958740234,False,False,True
IF_00144,BASE_0015,consistent_prior,empty_full,cup,empty,full,-0.11370086669921875,-0.23781442642211914,0.12411355972290039,-0.11370086669921875,False,False,True
IF_00145,BASE_0015,distractor_event,empty_full,cup,empty,full,-0.26929664611816406,-0.31998443603515625,0.05068778991699219,-0.26929664611816406,False,False,True
IF_00146,BASE_0015,contradict_bare,empty_full,cup,empty,full,-0.2369699478149414,-0.13690471649169922,-0.10006523132324219,-0.2369699478149414,False,False,True
IF_00147,BASE_0015,contradict_temporal,empty_full,cup,empty,full,-0.08326244354248047,-0.2245163917541504,0.14125394821166992,-0.08326244354248047,False,False,True
IF_00148,BASE_0015,contradict_reinforced,empty_full,cup,empty,full,-0.39154863357543945,-0.18083953857421875,-0.2107090950012207,-0.39154863357543945,False,False,True
IF_00149,BASE_0015,explicit_override,empty_full,cup,empty,full,-0.130615234375,-0.10186004638671875,-0.02875518798828125,-0.130615234375,False,False,True
IF_00150,BASE_0015,reported_event,empty_full,cup,empty,full,-0.13184261322021484,-0.22494173049926758,0.09309911727905273,-0.13184261322021484,False,False,True
IF_00151,BASE_0016,no_context,empty_full,cup,empty,full,-0.20804214477539062,-0.20804214477539062,0.0,-0.20804214477539062,False,False,True
IF_00152,BASE_0016,explicit_final,empty_full,cup,empty,full,-0.07944202423095703,-0.0797262191772461,0.0002841949462890625,-0.07944202423095703,False,False,True
IF_00153,BASE_0016,last_event,empty_full,cup,empty,full,-0.26526880264282227,-0.3139677047729492,0.04869890213012695,-0.26526880264282227,False,False,True
IF_00154,BASE_0016,consistent_prior,empty_full,cup,empty,full,-0.15442943572998047,-0.29467153549194336,0.1402420997619629,-0.15442943572998047,False,False,True
IF_00155,BASE_0016,distractor_event,empty_full,cup,empty,full,-0.3262310028076172,-0.3812990188598633,0.055068016052246094,-0.3262310028076172,False,False,True
IF_00156,BASE_0016,contradict_bare,empty_full,cup,empty,full,-0.3210163116455078,-0.20958995819091797,-0.11142635345458984,-0.3210163116455078,False,False,True
IF_00157,BASE_0016,contradict_temporal,empty_full,cup,empty,full,-0.09486675262451172,-0.2446918487548828,0.1498250961303711,-0.09486675262451172,False,False,True
IF_00158,BASE_0016,contradict_reinforced,empty_full,cup,empty,full,-0.39746665954589844,-0.17802095413208008,-0.21944570541381836,-0.39746665954589844,False,False,True
IF_00159,BASE_0016,explicit_override,empty_full,cup,empty,full,-0.130615234375,-0.10186004638671875,-0.02875518798828125,-0.130615234375,False,False,True
IF_00160,BASE_0016,reported_event,empty_full,cup,empty,full,-0.19319629669189453,-0.30069541931152344,0.1074991226196289,-0.19319629669189453,False,False,True
IF_00161,BASE_0017,no_context,empty_full,cup,empty,full,-0.20804214477539062,-0.20804214477539062,0.0,-0.20804214477539062,False,False,True
IF_00162,BASE_0017,explicit_final,empty_full,cup,empty,full,-0.07944202423095703,-0.0797262191772461,0.0002841949462890625,-0.07944202423095703,False,False,True
IF_00163,BASE_0017,last_event,empty_full,cup,empty,full,-0.19710254669189453,-0.23623275756835938,0.039130210876464844,-0.19710254669189453,False,False,True
IF_00164,BASE_0017,consistent_prior,empty_full,cup,empty,full,-0.12327909469604492,-0.23762989044189453,0.11435079574584961,-0.12327909469604492,False,False,True
IF_00165,BASE_0017,distractor_event,empty_full,cup,empty,full,-0.268460750579834,-0.29048585891723633,0.022025108337402344,-0.268460750579834,False,False,True
IF_00166,BASE_0017,contradict_bare,empty_full,cup,empty,full,-0.26387929916381836,-0.06954765319824219,-0.19433164596557617,-0.26387929916381836,False,False,True
IF_00167,BASE_0017,contradict_temporal,empty_full,cup,empty,full,-0.0795736312866211,-0.21755743026733398,0.1379837989807129,-0.0795736312866211,False,False,True
IF_00168,BASE_0017,contradict_reinforced,empty_full,cup,empty,full,-0.3963050842285156,-0.15960931777954102,-0.2366957664489746,-0.3963050842285156,False,False,True
IF_00169,BASE_0017,explicit_override,empty_full,cup,empty,full,-0.130615234375,-0.10186004638671875,-0.02875518798828125,-0.130615234375,False,False,True
IF_00170,BASE_0017,reported_event,empty_full,cup,empty,full,-0.18168354034423828,-0.2605314254760742,0.07884788513183594,-0.18168354034423828,False,False,True
IF_00171,BASE_0018,no_context,empty_full,cup,empty,full,-0.20804214477539062,-0.20804214477539062,0.0,-0.20804214477539062,False,False,True
IF_00172,BASE_0018,explicit_final,empty_full,cup,empty,full,-0.07944202423095703,-0.0797262191772461,0.0002841949462890625,-0.07944202423095703,False,False,True
IF_00173,BASE_0018,last_event,empty_full,cup,empty,full,-0.19358587265014648,-0.2103896141052246,0.016803741455078125,-0.19358587265014648,False,False,True
IF_00174,BASE_0018,consistent_prior,empty_full,cup,empty,full,-0.11795806884765625,-0.22128009796142578,0.10332202911376953,-0.11795806884765625,False,False,True
IF_00175,BASE_0018,distractor_event,empty_full,cup,empty,full,-0.2801699638366699,-0.32167577743530273,0.04150581359863281,-0.2801699638366699,False,False,True
IF_00176,BASE_0018,contradict_bare,empty_full,cup,empty,full,-0.26369476318359375,-0.13159704208374023,-0.13209772109985352,-0.26369476318359375,False,False,True
IF_00177,BASE_0018,contradict_temporal,empty_full,cup,empty,full,-0.08283805847167969,-0.2078390121459961,0.1250009536743164,-0.08283805847167969,False,False,True
IF_00178,BASE_0018,contradict_reinforced,empty_full,cup,empty,full,-0.3874397277832031,-0.17489957809448242,-0.2125401496887207,-0.3874397277832031,False,False,True
IF_00179,BASE_0018,explicit_override,empty_full,cup,empty,full,-0.130615234375,-0.10186004638671875,-0.02875518798828125,-0.130615234375,False,False,True
IF_00180,BASE_0018,reported_event,empty_full,cup,empty,full,-0.15042400360107422,-0.22097110748291016,0.07054710388183594,-0.15042400360107422,False,False,True
IF_00181,BASE_0019,no_context,empty_full,cup,empty,full,-0.20804214477539062,-0.20804214477539062,0.0,-0.20804214477539062,False,False,True
IF_00182,BASE_0019,explicit_final,empty_full,cup,empty,full,-0.07944202423095703,-0.0797262191772461,0.0002841949462890625,-0.07944202423095703,False,False,True
IF_00183,BASE_0019,last_event,empty_full,cup,empty,full,-0.1920909881591797,-0.21791648864746094,0.02582550048828125,-0.1920909881591797,False,False,True
IF_00184,BASE_0019,consistent_prior,empty_full,cup,empty,full,-0.12152290344238281,-0.23797893524169922,0.1164560317993164,-0.12152290344238281,False,False,True
IF_00185,BASE_0019,distractor_event,empty_full,cup,empty,full,-0.29598379135131836,-0.31504344940185547,0.01905965805053711,-0.29598379135131836,False,False,True
IF_00186,BASE_0019,contradict_bare,empty_full,cup,empty,full,-0.25238609313964844,-0.07222652435302734,-0.1801595687866211,-0.25238609313964844,False,False,True
IF_00187,BASE_0019,contradict_temporal,empty_full,cup,empty,full,-0.08379173278808594,-0.21022701263427734,0.1264352798461914,-0.08379173278808594,False,False,True
IF_00188,BASE_0019,contradict_reinforced,empty_full,cup,empty,full,-0.4029722213745117,-0.16796112060546875,-0.23501110076904297,-0.4029722213745117,False,False,True
IF_00189,BASE_0019,explicit_override,empty_full,cup,empty,full,-0.130615234375,-0.10186004638671875,-0.02875518798828125,-0.130615234375,False,False,True
IF_00190,BASE_0019,reported_event,empty_full,cup,empty,full,-0.18605518341064453,-0.23665428161621094,0.050599098205566406,-0.18605518341064453,False,False,True
IF_00191,BASE_0020,no_context,empty_full,cup,empty,full,-0.20804214477539062,-0.20804214477539062,0.0,-0.20804214477539062,False,False,True
IF_00192,BASE_0020,explicit_final,empty_full,cup,empty,full,-0.07944202423095703,-0.0797262191772461,0.0002841949462890625,-0.07944202423095703,False,False,True
IF_00193,BASE_0020,last_event,empty_full,cup,empty,full,-0.13961219787597656,-0.1728982925415039,0.033286094665527344,-0.13961219787597656,False,False,True
IF_00194,BASE_0020,consistent_prior,empty_full,cup,empty,full,-0.10007190704345703,-0.21760177612304688,0.11752986907958984,-0.10007190704345703,False,False,True
IF_00195,BASE_0020,distractor_event,empty_full,cup,empty,full,-0.23345661163330078,-0.27005577087402344,0.036599159240722656,-0.23345661163330078,False,False,True
IF_00196,BASE_0020,contradict_bare,empty_full,cup,empty,full,-0.21019744873046875,-0.07972335815429688,-0.13047409057617188,-0.21019744873046875,False,False,True
IF_00197,BASE_0020,contradict_temporal,empty_full,cup,empty,full,-0.05026102066040039,-0.18352413177490234,0.13326311111450195,-0.05026102066040039,False,False,True
IF_00198,BASE_0020,contradict_reinforced,empty_full,cup,empty,full,-0.375093936920166,-0.13617753982543945,-0.23891639709472656,-0.375093936920166,False,False,True
IF_00199,BASE_0020,explicit_override,empty_full,cup,empty,full,-0.130615234375,-0.10186004638671875,-0.02875518798828125,-0.130615234375,False,False,True
IF_00200,BASE_0020,reported_event,empty_full,cup,empty,full,-0.13080120086669922,-0.20716571807861328,0.07636451721191406,-0.13080120086669922,False,False,True
IF_00201,BASE_0021,no_context,empty_full,bottle,empty,full,-0.11236858367919922,-0.11236858367919922,0.0,-0.11236858367919922,False,False,True
IF_00202,BASE_0021,explicit_final,empty_full,bottle,empty,full,-0.016655921936035156,-0.023347854614257812,0.006691932678222656,-0.016655921936035156,False,False,True
IF_00203,BASE_0021,last_event,empty_full,bottle,empty,full,-0.15629816055297852,-0.1467294692993164,-0.00956869125366211,-0.15629816055297852,False,False,True
IF_00204,BASE_0021,consistent_prior,empty_full,bottle,empty,full,-0.03651142120361328,-0.15636157989501953,0.11985015869140625,-0.03651142120361328,False,False,True
IF_00205,BASE_0021,distractor_event,empty_full,bottle,empty,full,-0.21147727966308594,-0.25756263732910156,0.046085357666015625,-0.21147727966308594,False,False,True
IF_00206,BASE_0021,contradict_bare,empty_full,bottle,empty,full,-0.23071002960205078,-0.06943321228027344,-0.16127681732177734,-0.23071002960205078,False,False,True
IF_00207,BASE_0021,contradict_temporal,empty_full,bottle,empty,full,0.03358936309814453,-0.1423473358154297,0.17593669891357422,0.03358936309814453,True,False,False
IF_00208,BASE_0021,contradict_reinforced,empty_full,bottle,empty,full,-0.30467891693115234,-0.048317909240722656,-0.2563610076904297,-0.30467891693115234,False,False,True
IF_00209,BASE_0021,explicit_override,empty_full,bottle,empty,full,-0.11493873596191406,-0.088623046875,-0.026315689086914062,-0.11493873596191406,False,False,True
IF_00210,BASE_0021,reported_event,empty_full,bottle,empty,full,-0.08148384094238281,-0.22052431106567383,0.13904047012329102,-0.08148384094238281,False,False,True
IF_00211,BASE_0022,no_context,empty_full,bottle,empty,full,-0.11236858367919922,-0.11236858367919922,0.0,-0.11236858367919922,False,False,True
IF_00212,BASE_0022,explicit_final,empty_full,bottle,empty,full,-0.016655921936035156,-0.023347854614257812,0.006691932678222656,-0.016655921936035156,False,False,True
IF_00213,BASE_0022,last_event,empty_full,bottle,empty,full,-0.10394096374511719,-0.11524009704589844,0.01129913330078125,-0.10394096374511719,False,False,True
IF_00214,BASE_0022,consistent_prior,empty_full,bottle,empty,full,-0.05554819107055664,-0.18515443801879883,0.1296062469482422,-0.05554819107055664,False,False,True
IF_00215,BASE_0022,distractor_event,empty_full,bottle,empty,full,-0.19448232650756836,-0.2434244155883789,0.04894208908081055,-0.19448232650756836,False,False,True
IF_00216,BASE_0022,contradict_bare,empty_full,bottle,empty,full,-0.2020416259765625,-0.04689311981201172,-0.15514850616455078,-0.2020416259765625,False,False,True
IF_00217,BASE_0022,contradict_temporal,empty_full,bottle,empty,full,0.03310346603393555,-0.1636638641357422,0.19676733016967773,0.03310346603393555,True,False,False
IF_00218,BASE_0022,contradict_reinforced,empty_full,bottle,empty,full,-0.3169708251953125,-0.06236743927001953,-0.25460338592529297,-0.3169708251953125,False,False,True
IF_00219,BASE_0022,explicit_override,empty_full,bottle,empty,full,-0.11493873596191406,-0.088623046875,-0.026315689086914062,-0.11493873596191406,False,False,True
IF_00220,BASE_0022,reported_event,empty_full,bottle,empty,full,-0.0406341552734375,-0.20444154739379883,0.16380739212036133,-0.0406341552734375,False,False,True
IF_00221,BASE_0023,no_context,empty_full,bottle,empty,full,-0.11236858367919922,-0.11236858367919922,0.0,-0.11236858367919922,False,False,True
IF_00222,BASE_0023,explicit_final,empty_full,bottle,empty,full,-0.016655921936035156,-0.023347854614257812,0.006691932678222656,-0.016655921936035156,False,False,True
IF_00223,BASE_0023,last_event,empty_full,bottle,empty,full,-0.1096048355102539,-0.16106176376342773,0.05145692825317383,-0.1096048355102539,False,False,True
IF_00224,BASE_0023,consistent_prior,empty_full,bottle,empty,full,-0.04906892776489258,-0.20271873474121094,0.15364980697631836,-0.04906892776489258,False,False,True
IF_00225,BASE_0023,distractor_event,empty_full,bottle,empty,full,-0.24693679809570312,-0.3195481300354004,0.07261133193969727,-0.24693679809570312,False,False,True
IF_00226,BASE_0023,contradict_bare,empty_full,bottle,empty,full,-0.20429515838623047,-0.042919158935546875,-0.1613759994506836,-0.20429515838623047,False,False,True
IF_00227,BASE_0023,contradict_temporal,empty_full,bottle,empty,full,0.02053356170654297,-0.18185997009277344,0.2023935317993164,0.02053356170654297,True,False,False
IF_00228,BASE_0023,contradict_reinforced,empty_full,bottle,empty,full,-0.3149547576904297,-0.07912015914916992,-0.23583459854125977,-0.3149547576904297,False,False,True
IF_00229,BASE_0023,explicit_override,empty_full,bottle,empty,full,-0.11493873596191406,-0.088623046875,-0.026315689086914062,-0.11493873596191406,False,False,True
IF_00230,BASE_0023,reported_event,empty_full,bottle,empty,full,-0.037473201751708984,-0.21293067932128906,0.17545747756958008,-0.037473201751708984,False,False,True
IF_00231,BASE_0024,no_context,empty_full,bottle,empty,full,-0.11236858367919922,-0.11236858367919922,0.0,-0.11236858367919922,False,False,True
IF_00232,BASE_0024,explicit_final,empty_full,bottle,empty,full,-0.016655921936035156,-0.023347854614257812,0.006691932678222656,-0.016655921936035156,False,False,True
IF_00233,BASE_0024,last_event,empty_full,bottle,empty,full,-0.10695409774780273,-0.20131731033325195,0.09436321258544922,-0.10695409774780273,False,False,True
IF_00234,BASE_0024,consistent_prior,empty_full,bottle,empty,full,-0.059678077697753906,-0.2286834716796875,0.1690053939819336,-0.059678077697753906,False,False,True
IF_00235,BASE_0024,distractor_event,empty_full,bottle,empty,full,-0.2664947509765625,-0.3614797592163086,0.0949850082397461,-0.2664947509765625,False,False,True
IF_00236,BASE_0024,contradict_bare,empty_full,bottle,empty,full,-0.23931360244750977,-0.07531261444091797,-0.1640009880065918,-0.23931360244750977,False,False,True
IF_00237,BASE_0024,contradict_temporal,empty_full,bottle,empty,full,0.02796459197998047,-0.1849217414855957,0.21288633346557617,0.02796459197998047,True,False,False
IF_00238,BASE_0024,contradict_reinforced,empty_full,bottle,empty,full,-0.31028223037719727,-0.07158899307250977,-0.2386932373046875,-0.31028223037719727,False,False,True
IF_00239,BASE_0024,explicit_override,empty_full,bottle,empty,full,-0.11493873596191406,-0.088623046875,-0.026315689086914062,-0.11493873596191406,False,False,True
IF_00240,BASE_0024,reported_event,empty_full,bottle,empty,full,-0.07123422622680664,-0.24279022216796875,0.1715559959411621,-0.07123422622680664,False,False,True
IF_00241,BASE_0025,no_context,empty_full,bottle,empty,full,-0.11236858367919922,-0.11236858367919922,0.0,-0.11236858367919922,False,False,True
IF_00242,BASE_0025,explicit_final,empty_full,bottle,empty,full,-0.016655921936035156,-0.023347854614257812,0.006691932678222656,-0.016655921936035156,False,False,True
IF_00243,BASE_0025,last_event,empty_full,bottle,empty,full,-0.09060859680175781,-0.1366100311279297,0.046001434326171875,-0.09060859680175781,False,False,True
IF_00244,BASE_0025,consistent_prior,empty_full,bottle,empty,full,-0.04790210723876953,-0.1966843605041504,0.14878225326538086,-0.04790210723876953,False,False,True
IF_00245,BASE_0025,distractor_event,empty_full,bottle,empty,full,-0.18653154373168945,-0.2534613609313965,0.06692981719970703,-0.18653154373168945,False,False,True
IF_00246,BASE_0025,contradict_bare,empty_full,bottle,empty,full,-0.18602466583251953,-0.06313610076904297,-0.12288856506347656,-0.18602466583251953,False,False,True
IF_00247,BASE_0025,contradict_temporal,empty_full,bottle,empty,full,0.010977745056152344,-0.18878459930419922,0.19976234436035156,0.010977745056152344,True,False,False
IF_00248,BASE_0025,contradict_reinforced,empty_full,bottle,empty,full,-0.3199348449707031,-0.09099149703979492,-0.2289433479309082,-0.3199348449707031,False,False,True
IF_00249,BASE_0025,explicit_override,empty_full,bottle,empty,full,-0.11493873596191406,-0.088623046875,-0.026315689086914062,-0.11493873596191406,False,False,True
IF_00250,BASE_0025,reported_event,empty_full,bottle,empty,full,-0.04680681228637695,-0.21978473663330078,0.17297792434692383,-0.04680681228637695,False,False,True
IF_00251,BASE_0026,no_context,empty_full,bottle,empty,full,-0.11236858367919922,-0.11236858367919922,0.0,-0.11236858367919922,False,False,True
IF_00252,BASE_0026,explicit_final,empty_full,bottle,empty,full,-0.016655921936035156,-0.023347854614257812,0.006691932678222656,-0.016655921936035156,False,False,True
IF_00253,BASE_0026,last_event,empty_full,bottle,empty,full,-0.15713119506835938,-0.20958757400512695,0.05245637893676758,-0.15713119506835938,False,False,True
IF_00254,BASE_0026,consistent_prior,empty_full,bottle,empty,full,-0.07220935821533203,-0.23057270050048828,0.15836334228515625,-0.07220935821533203,False,False,True
IF_00255,BASE_0026,distractor_event,empty_full,bottle,empty,full,-0.2329568862915039,-0.31072092056274414,0.07776403427124023,-0.2329568862915039,False,False,True
IF_00256,BASE_0026,contradict_bare,empty_full,bottle,empty,full,-0.23982810974121094,-0.11371564865112305,-0.1261124610900879,-0.23982810974121094,False,False,True
IF_00257,BASE_0026,contradict_temporal,empty_full,bottle,empty,full,0.02307271957397461,-0.1865406036376953,0.20961332321166992,0.02307271957397461,True,False,False
IF_00258,BASE_0026,contradict_reinforced,empty_full,bottle,empty,full,-0.30858802795410156,-0.06292963027954102,-0.24565839767456055,-0.30858802795410156,False,False,True
IF_00259,BASE_0026,explicit_override,empty_full,bottle,empty,full,-0.11493873596191406,-0.088623046875,-0.026315689086914062,-0.11493873596191406,False,False,True
IF_00260,BASE_0026,reported_event,empty_full,bottle,empty,full,-0.11359214782714844,-0.28740787506103516,0.17381572723388672,-0.11359214782714844,False,False,True
IF_00261,BASE_0027,no_context,empty_full,bottle,empty,full,-0.11236858367919922,-0.11236858367919922,0.0,-0.11236858367919922,False,False,True
IF_00262,BASE_0027,explicit_final,empty_full,bottle,empty,full,-0.016655921936035156,-0.023347854614257812,0.006691932678222656,-0.016655921936035156,False,False,True
IF_00263,BASE_0027,last_event,empty_full,bottle,empty,full,-0.11049699783325195,-0.15471220016479492,0.04421520233154297,-0.11049699783325195,False,False,True
IF_00264,BASE_0027,consistent_prior,empty_full,bottle,empty,full,-0.05408143997192383,-0.1896495819091797,0.13556814193725586,-0.05408143997192383,False,False,True
IF_00265,BASE_0027,distractor_event,empty_full,bottle,empty,full,-0.24497079849243164,-0.2993316650390625,0.05436086654663086,-0.24497079849243164,False,False,True
IF_00266,BASE_0027,contradict_bare,empty_full,bottle,empty,full,-0.20751619338989258,-0.007599353790283203,-0.19991683959960938,-0.20751619338989258,False,False,True
IF_00267,BASE_0027,contradict_temporal,empty_full,bottle,empty,full,0.02206563949584961,-0.1786179542541504,0.20068359375,0.02206563949584961,True,False,False
IF_00268,BASE_0027,contradict_reinforced,empty_full,bottle,empty,full,-0.31621885299682617,-0.06278562545776367,-0.2534332275390625,-0.31621885299682617,False,False,True
IF_00269,BASE_0027,explicit_override,empty_full,bottle,empty,full,-0.11493873596191406,-0.088623046875,-0.026315689086914062,-0.11493873596191406,False,False,True
IF_00270,BASE_0027,reported_event,empty_full,bottle,empty,full,-0.08182621002197266,-0.2400956153869629,0.15826940536499023,-0.08182621002197266,False,False,True
IF_00271,BASE_0028,no_context,empty_full,bottle,empty,full,-0.11236858367919922,-0.11236858367919922,0.0,-0.11236858367919922,False,False,True
IF_00272,BASE_0028,explicit_final,empty_full,bottle,empty,full,-0.016655921936035156,-0.023347854614257812,0.006691932678222656,-0.016655921936035156,False,False,True
IF_00273,BASE_0028,last_event,empty_full,bottle,empty,full,-0.11403465270996094,-0.12711286544799805,0.01307821273803711,-0.11403465270996094,False,False,True
IF_00274,BASE_0028,consistent_prior,empty_full,bottle,empty,full,-0.05329275131225586,-0.18840408325195312,0.13511133193969727,-0.05329275131225586,False,False,True
IF_00275,BASE_0028,distractor_event,empty_full,bottle,empty,full,-0.19788169860839844,-0.2565793991088867,0.05869770050048828,-0.19788169860839844,False,False,True
IF_00276,BASE_0028,contradict_bare,empty_full,bottle,empty,full,-0.20546245574951172,-0.0612797737121582,-0.14418268203735352,-0.20546245574951172,False,False,True
IF_00277,BASE_0028,contradict_temporal,empty_full,bottle,empty,full,0.014124870300292969,-0.1770191192626953,0.19114398956298828,0.014124870300292969,True,False,False
IF_00278,BASE_0028,contradict_reinforced,empty_full,bottle,empty,full,-0.31685972213745117,-0.09220600128173828,-0.2246537208557129,-0.31685972213745117,False,False,True
IF_00279,BASE_0028,explicit_override,empty_full,bottle,empty,full,-0.11493873596191406,-0.088623046875,-0.026315689086914062,-0.11493873596191406,False,False,True
IF_00280,BASE_0028,reported_event,empty_full,bottle,empty,full,-0.04164266586303711,-0.19000959396362305,0.14836692810058594,-0.04164266586303711,False,False,True
IF_00281,BASE_0029,no_context,empty_full,bottle,empty,full,-0.11236858367919922,-0.11236858367919922,0.0,-0.11236858367919922,False,False,True
IF_00282,BASE_0029,explicit_final,empty_full,bottle,empty,full,-0.016655921936035156,-0.023347854614257812,0.006691932678222656,-0.016655921936035156,False,False,True
IF_00283,BASE_0029,last_event,empty_full,bottle,empty,full,-0.11241531372070312,-0.144378662109375,0.031963348388671875,-0.11241531372070312,False,False,True
IF_00284,BASE_0029,consistent_prior,empty_full,bottle,empty,full,-0.05162525177001953,-0.18851757049560547,0.13689231872558594,-0.05162525177001953,False,False,True
IF_00285,BASE_0029,distractor_event,empty_full,bottle,empty,full,-0.21324491500854492,-0.2573089599609375,0.04406404495239258,-0.21324491500854492,False,False,True
IF_00286,BASE_0029,contradict_bare,empty_full,bottle,empty,full,-0.19305133819580078,-0.01605367660522461,-0.17699766159057617,-0.19305133819580078,False,False,True
IF_00287,BASE_0029,contradict_temporal,empty_full,bottle,empty,full,0.015557289123535156,-0.1753396987915039,0.19089698791503906,0.015557289123535156,True,False,False
IF_00288,BASE_0029,contradict_reinforced,empty_full,bottle,empty,full,-0.3228015899658203,-0.07430124282836914,-0.24850034713745117,-0.3228015899658203,False,False,True
IF_00289,BASE_0029,explicit_override,empty_full,bottle,empty,full,-0.11493873596191406,-0.088623046875,-0.026315689086914062,-0.11493873596191406,False,False,True
IF_00290,BASE_0029,reported_event,empty_full,bottle,empty,full,-0.062148094177246094,-0.1788334846496582,0.11668539047241211,-0.062148094177246094,False,False,True
IF_00291,BASE_0030,no_context,empty_full,bottle,empty,full,-0.11236858367919922,-0.11236858367919922,0.0,-0.11236858367919922,False,False,True
IF_00292,BASE_0030,explicit_final,empty_full,bottle,empty,full,-0.016655921936035156,-0.023347854614257812,0.006691932678222656,-0.016655921936035156,False,False,True
IF_00293,BASE_0030,last_event,empty_full,bottle,empty,full,-0.07126617431640625,-0.11230182647705078,0.04103565216064453,-0.07126617431640625,False,False,True
IF_00294,BASE_0030,consistent_prior,empty_full,bottle,empty,full,-0.03545951843261719,-0.1828451156616211,0.1473855972290039,-0.03545951843261719,False,False,True
IF_00295,BASE_0030,distractor_event,empty_full,bottle,empty,full,-0.15608882904052734,-0.21789932250976562,0.06181049346923828,-0.15608882904052734,False,False,True
IF_00296,BASE_0030,contradict_bare,empty_full,bottle,empty,full,-0.16810226440429688,-0.029194355010986328,-0.13890790939331055,-0.16810226440429688,False,False,True
IF_00297,BASE_0030,contradict_temporal,empty_full,bottle,empty,full,0.04216480255126953,-0.1608409881591797,0.20300579071044922,0.04216480255126953,True,False,False
IF_00298,BASE_0030,contradict_reinforced,empty_full,bottle,empty,full,-0.3071870803833008,-0.05632925033569336,-0.2508578300476074,-0.3071870803833008,False,False,True
IF_00299,BASE_0030,explicit_override,empty_full,bottle,empty,full,-0.11493873596191406,-0.088623046875,-0.026315689086914062,-0.11493873596191406,False,False,True
IF_00300,BASE_0030,reported_event,empty_full,bottle,empty,full,-0.016431808471679688,-0.17167901992797852,0.15524721145629883,-0.016431808471679688,False,False,True
IF_00301,BASE_0031,no_context,open_closed,box,open,closed,-1.4478545188903809,-1.4478545188903809,0.0,-1.4478545188903809,False,False,True
IF_00302,BASE_0031,explicit_final,open_closed,box,open,closed,-1.2891058921813965,-1.258141040802002,-0.03096485137939453,-1.2891058921813965,False,False,True
IF_00303,BASE_0031,last_event,open_closed,box,open,closed,-1.4888954162597656,-1.4664249420166016,-0.022470474243164062,-1.4888954162597656,False,False,True
IF_00304,BASE_0031,consistent_prior,open_closed,box,open,closed,-1.520209789276123,-1.4934349060058594,-0.026774883270263672,-1.520209789276123,False,False,True
IF_00305,BASE_0031,distractor_event,open_closed,box,open,closed,-1.481013298034668,-1.4698009490966797,-0.011212348937988281,-1.481013298034668,False,False,True
IF_00306,BASE_0031,contradict_bare,open_closed,box,open,closed,-1.482633113861084,-1.4913349151611328,0.008701801300048828,-1.482633113861084,False,False,True
IF_00307,BASE_0031,contradict_temporal,open_closed,box,open,closed,-1.505983829498291,-1.5103797912597656,0.004395961761474609,-1.505983829498291,False,False,True
IF_00308,BASE_0031,contradict_reinforced,open_closed,box,open,closed,-1.295241355895996,-1.3215022087097168,0.026260852813720703,-1.295241355895996,False,False,True
IF_00309,BASE_0031,explicit_override,open_closed,box,open,closed,-1.347343921661377,-1.3194689750671387,-0.02787494659423828,-1.347343921661377,False,False,True
IF_00310,BASE_0031,reported_event,open_closed,box,open,closed,-1.1196651458740234,-1.1364030838012695,0.016737937927246094,-1.1196651458740234,False,False,True
IF_00311,BASE_0032,no_context,open_closed,box,open,closed,-1.4478545188903809,-1.4478545188903809,0.0,-1.4478545188903809,False,False,True
IF_00312,BASE_0032,explicit_final,open_closed,box,open,closed,-1.2891058921813965,-1.258141040802002,-0.03096485137939453,-1.2891058921813965,False,False,True
IF_00313,BASE_0032,last_event,open_closed,box,open,closed,-1.4912595748901367,-1.475245475769043,-0.01601409912109375,-1.4912595748901367,False,False,True
IF_00314,BASE_0032,consistent_prior,open_closed,box,open,closed,-1.5244255065917969,-1.488321304321289,-0.03610420227050781,-1.5244255065917969,False,False,True
IF_00315,BASE_0032,distractor_event,open_closed,box,open,closed,-1.507861614227295,-1.488321304321289,-0.01954030990600586,-1.507861614227295,False,False,True
IF_00316,BASE_0032,contradict_bare,open_closed,box,open,closed,-1.4872450828552246,-1.4977383613586426,0.010493278503417969,-1.4872450828552246,False,False,True
IF_00317,BASE_0032,contradict_temporal,open_closed,box,open,closed,-1.5092253684997559,-1.516493797302246,0.007268428802490234,-1.5092253684997559,False,False,True
IF_00318,BASE_0032,contradict_reinforced,open_closed,box,open,closed,-1.2863984107971191,-1.3216357231140137,0.03523731231689453,-1.2863984107971191,False,False,True
IF_00319,BASE_0032,explicit_override,open_closed,box,open,closed,-1.347343921661377,-1.3194689750671387,-0.02787494659423828,-1.347343921661377,False,False,True
IF_00320,BASE_0032,reported_event,open_closed,box,open,closed,-1.2243070602416992,-1.2277045249938965,0.0033974647521972656,-1.2243070602416992,False,False,True
IF_00321,BASE_0033,no_context,open_closed,box,open,closed,-1.4478545188903809,-1.4478545188903809,0.0,-1.4478545188903809,False,False,True
IF_00322,BASE_0033,explicit_final,open_closed,box,open,closed,-1.2891058921813965,-1.258141040802002,-0.03096485137939453,-1.2891058921813965,False,False,True
IF_00323,BASE_0033,last_event,open_closed,box,open,closed,-1.4642257690429688,-1.449103832244873,-0.015121936798095703,-1.4642257690429688,False,False,True
IF_00324,BASE_0033,consistent_prior,open_closed,box,open,closed,-1.5685906410217285,-1.5365242958068848,-0.03206634521484375,-1.5685906410217285,False,False,True
IF_00325,BASE_0033,distractor_event,open_closed,box,open,closed,-1.5180201530456543,-1.501420021057129,-0.01660013198852539,-1.5180201530456543,False,False,True
IF_00326,BASE_0033,contradict_bare,open_closed,box,open,closed,-1.4932141304016113,-1.4950447082519531,0.0018305778503417969,-1.4932141304016113,False,False,True
IF_00327,BASE_0033,contradict_temporal,open_closed,box,open,closed,-1.5589909553527832,-1.5502204895019531,-0.008770465850830078,-1.5589909553527832,False,False,True
IF_00328,BASE_0033,contradict_reinforced,open_closed,box,open,closed,-1.3216276168823242,-1.3359909057617188,0.014363288879394531,-1.3216276168823242,False,False,True
IF_00329,BASE_0033,explicit_override,open_closed,box,open,closed,-1.347343921661377,-1.3194689750671387,-0.02787494659423828,-1.347343921661377,False,False,True
IF_00330,BASE_0033,reported_event,open_closed,box,open,closed,-1.1992545127868652,-1.2143073081970215,0.01505279541015625,-1.1992545127868652,False,False,True
IF_00331,BASE_0034,no_context,open_closed,box,open,closed,-1.4478545188903809,-1.4478545188903809,0.0,-1.4478545188903809,False,False,True
IF_00332,BASE_0034,explicit_final,open_closed,box,open,closed,-1.2891058921813965,-1.258141040802002,-0.03096485137939453,-1.2891058921813965,False,False,True
IF_00333,BASE_0034,last_event,open_closed,box,open,closed,-1.4640817642211914,-1.4502663612365723,-0.01381540298461914,-1.4640817642211914,False,False,True
IF_00334,BASE_0034,consistent_prior,open_closed,box,open,closed,-1.5682344436645508,-1.507002830505371,-0.06123161315917969,-1.5682344436645508,False,False,True
IF_00335,BASE_0034,distractor_event,open_closed,box,open,closed,-1.5628576278686523,-1.5426015853881836,-0.02025604248046875,-1.5628576278686523,False,False,True
IF_00336,BASE_0034,contradict_bare,open_closed,box,open,closed,-1.497817039489746,-1.4931111335754395,-0.004705905914306641,-1.497817039489746,False,False,True
IF_00337,BASE_0034,contradict_temporal,open_closed,box,open,closed,-1.5548062324523926,-1.522850513458252,-0.031955718994140625,-1.5548062324523926,False,False,True
IF_00338,BASE_0034,contradict_reinforced,open_closed,box,open,closed,-1.33717679977417,-1.3346643447875977,-0.0025124549865722656,-1.33717679977417,False,False,True
IF_00339,BASE_0034,explicit_override,open_closed,box,open,closed,-1.347343921661377,-1.3194689750671387,-0.02787494659423828,-1.347343921661377,False,False,True
IF_00340,BASE_0034,reported_event,open_closed,box,open,closed,-1.218276023864746,-1.2217631340026855,0.003487110137939453,-1.218276023864746,False,False,True
IF_00341,BASE_0035,no_context,open_closed,box,open,closed,-1.4478545188903809,-1.4478545188903809,0.0,-1.4478545188903809,False,False,True
IF_00342,BASE_0035,explicit_final,open_closed,box,open,closed,-1.2891058921813965,-1.258141040802002,-0.03096485137939453,-1.2891058921813965,False,False,True
IF_00343,BASE_0035,last_event,open_closed,box,open,closed,-1.4891819953918457,-1.4753317832946777,-0.013850212097167969,-1.4891819953918457,False,False,True
IF_00344,BASE_0035,consistent_prior,open_closed,box,open,closed,-1.5253381729125977,-1.4958539009094238,-0.029484272003173828,-1.5253381729125977,False,False,True
IF_00345,BASE_0035,distractor_event,open_closed,box,open,closed,-1.5455641746520996,-1.5295438766479492,-0.01602029800415039,-1.5455641746520996,False,False,True
IF_00346,BASE_0035,contradict_bare,open_closed,box,open,closed,-1.4905152320861816,-1.497765064239502,0.0072498321533203125,-1.4905152320861816,False,False,True
IF_00347,BASE_0035,contradict_temporal,open_closed,box,open,closed,-1.5367441177368164,-1.5382137298583984,0.0014696121215820312,-1.5367441177368164,False,False,True
IF_00348,BASE_0035,contradict_reinforced,open_closed,box,open,closed,-1.2933454513549805,-1.3209915161132812,0.02764606475830078,-1.2933454513549805,False,False,True
IF_00349,BASE_0035,explicit_override,open_closed,box,open,closed,-1.347343921661377,-1.3194689750671387,-0.02787494659423828,-1.347343921661377,False,False,True
IF_00350,BASE_0035,reported_event,open_closed,box,open,closed,-1.226424217224121,-1.2334299087524414,0.0070056915283203125,-1.226424217224121,False,False,True
IF_00351,BASE_0036,no_context,open_closed,box,open,closed,-1.4478545188903809,-1.4478545188903809,0.0,-1.4478545188903809,False,False,True
IF_00352,BASE_0036,explicit_final,open_closed,box,open,closed,-1.2891058921813965,-1.258141040802002,-0.03096485137939453,-1.2891058921813965,False,False,True
IF_00353,BASE_0036,last_event,open_closed,box,open,closed,-1.5208015441894531,-1.5003762245178223,-0.02042531967163086,-1.5208015441894531,False,False,True
IF_00354,BASE_0036,consistent_prior,open_closed,box,open,closed,-1.6136956214904785,-1.5672369003295898,-0.04645872116088867,-1.6136956214904785,False,False,True
IF_00355,BASE_0036,distractor_event,open_closed,box,open,closed,-1.5167946815490723,-1.5051918029785156,-0.01160287857055664,-1.5167946815490723,False,False,True
IF_00356,BASE_0036,contradict_bare,open_closed,box,open,closed,-1.5603079795837402,-1.5569491386413574,-0.0033588409423828125,-1.5603079795837402,False,False,True
IF_00357,BASE_0036,contradict_temporal,open_closed,box,open,closed,-1.6022467613220215,-1.5842480659484863,-0.017998695373535156,-1.6022467613220215,False,False,True
IF_00358,BASE_0036,contradict_reinforced,open_closed,box,open,closed,-1.3868803977966309,-1.3953914642333984,0.008511066436767578,-1.3868803977966309,False,False,True
IF_00359,BASE_0036,explicit_override,open_closed,box,open,closed,-1.347343921661377,-1.3194689750671387,-0.02787494659423828,-1.347343921661377,False,False,True
IF_00360,BASE_0036,reported_event,open_closed,box,open,closed,-1.285736083984375,-1.2649283409118652,-0.020807743072509766,-1.285736083984375,False,False,True
IF_00361,BASE_0037,no_context,open_closed,box,open,closed,-1.4478545188903809,-1.4478545188903809,0.0,-1.4478545188903809,False,False,True
IF_00362,BASE_0037,explicit_final,open_closed,box,open,closed,-1.2891058921813965,-1.258141040802002,-0.03096485137939453,-1.2891058921813965,False,False,True
IF_00363,BASE_0037,last_event,open_closed,box,open,closed,-1.4869656562805176,-1.4770159721374512,-0.009949684143066406,-1.4869656562805176,False,False,True
IF_00364,BASE_0037,consistent_prior,open_closed,box,open,closed,-1.56904935836792,-1.5289263725280762,-0.04012298583984375,-1.56904935836792,False,False,True
IF_00365,BASE_0037,distractor_event,open_closed,box,open,closed,-1.5548057556152344,-1.5480704307556152,-0.006735324859619141,-1.5548057556152344,False,False,True
IF_00366,BASE_0037,contradict_bare,open_closed,box,open,closed,-1.4495105743408203,-1.4590530395507812,0.009542465209960938,-1.4495105743408203,False,False,True
IF_00367,BASE_0037,contradict_temporal,open_closed,box,open,closed,-1.5599241256713867,-1.5524730682373047,-0.007451057434082031,-1.5599241256713867,False,False,True
IF_00368,BASE_0037,contradict_reinforced,open_closed,box,open,closed,-1.3179054260253906,-1.3390955924987793,0.021190166473388672,-1.3179054260253906,False,False,True
IF_00369,BASE_0037,explicit_override,open_closed,box,open,closed,-1.347343921661377,-1.3194689750671387,-0.02787494659423828,-1.347343921661377,False,False,True
IF_00370,BASE_0037,reported_event,open_closed,box,open,closed,-1.2016305923461914,-1.2121930122375488,0.010562419891357422,-1.2016305923461914,False,False,True
IF_00371,BASE_0038,no_context,open_closed,box,open,closed,-1.4478545188903809,-1.4478545188903809,0.0,-1.4478545188903809,False,False,True
IF_00372,BASE_0038,explicit_final,open_closed,box,open,closed,-1.2891058921813965,-1.258141040802002,-0.03096485137939453,-1.2891058921813965,False,False,True
IF_00373,BASE_0038,last_event,open_closed,box,open,closed,-1.469696044921875,-1.460568904876709,-0.009127140045166016,-1.469696044921875,False,False,True
IF_00374,BASE_0038,consistent_prior,open_closed,box,open,closed,-1.5284757614135742,-1.5067362785339355,-0.021739482879638672,-1.5284757614135742,False,False,True
IF_00375,BASE_0038,distractor_event,open_closed,box,open,closed,-1.5592589378356934,-1.5412263870239258,-0.018032550811767578,-1.5592589378356934,False,False,True
IF_00376,BASE_0038,contradict_bare,open_closed,box,open,closed,-1.4697494506835938,-1.4807443618774414,0.010994911193847656,-1.4697494506835938,False,False,True
IF_00377,BASE_0038,contradict_temporal,open_closed,box,open,closed,-1.5332798957824707,-1.5409421920776367,0.007662296295166016,-1.5332798957824707,False,False,True
IF_00378,BASE_0038,contradict_reinforced,open_closed,box,open,closed,-1.2949728965759277,-1.3273253440856934,0.032352447509765625,-1.2949728965759277,False,False,True
IF_00379,BASE_0038,explicit_override,open_closed,box,open,closed,-1.347343921661377,-1.3194689750671387,-0.02787494659423828,-1.347343921661377,False,False,True
IF_00380,BASE_0038,reported_event,open_closed,box,open,closed,-1.1741795539855957,-1.1800575256347656,0.005877971649169922,-1.1741795539855957,False,False,True
IF_00381,BASE_0039,no_context,open_closed,box,open,closed,-1.4478545188903809,-1.4478545188903809,0.0,-1.4478545188903809,False,False,True
IF_00382,BASE_0039,explicit_final,open_closed,box,open,closed,-1.2891058921813965,-1.258141040802002,-0.03096485137939453,-1.2891058921813965,False,False,True
IF_00383,BASE_0039,last_event,open_closed,box,open,closed,-1.43656587600708,-1.4347867965698242,-0.0017790794372558594,-1.43656587600708,False,False,True
IF_00384,BASE_0039,consistent_prior,open_closed,box,open,closed,-1.572835922241211,-1.5248403549194336,-0.047995567321777344,-1.572835922241211,False,False,True
IF_00385,BASE_0039,distractor_event,open_closed,box,open,closed,-1.4818706512451172,-1.4628443717956543,-0.01902627944946289,-1.4818706512451172,False,False,True
IF_00386,BASE_0039,contradict_bare,open_closed,box,open,closed,-1.4506378173828125,-1.4472250938415527,-0.0034127235412597656,-1.4506378173828125,False,False,True
IF_00387,BASE_0039,contradict_temporal,open_closed,box,open,closed,-1.5560178756713867,-1.539238452911377,-0.016779422760009766,-1.5560178756713867,False,False,True
IF_00388,BASE_0039,contradict_reinforced,open_closed,box,open,closed,-1.322150707244873,-1.3350534439086914,0.01290273666381836,-1.322150707244873,False,False,True
IF_00389,BASE_0039,explicit_override,open_closed,box,open,closed,-1.347343921661377,-1.3194689750671387,-0.02787494659423828,-1.347343921661377,False,False,True
IF_00390,BASE_0039,reported_event,open_closed,box,open,closed,-1.2260313034057617,-1.2239909172058105,-0.002040386199951172,-1.2260313034057617,False,False,True
IF_00391,BASE_0040,no_context,open_closed,box,open,closed,-1.4478545188903809,-1.4478545188903809,0.0,-1.4478545188903809,False,False,True
IF_00392,BASE_0040,explicit_final,open_closed,box,open,closed,-1.2891058921813965,-1.258141040802002,-0.03096485137939453,-1.2891058921813965,False,False,True
IF_00393,BASE_0040,last_event,open_closed,box,open,closed,-1.503756046295166,-1.501948356628418,-0.0018076896667480469,-1.503756046295166,False,False,True
IF_00394,BASE_0040,consistent_prior,open_closed,box,open,closed,-1.542405605316162,-1.515425682067871,-0.026979923248291016,-1.542405605316162,False,False,True
IF_00395,BASE_0040,distractor_event,open_closed,box,open,closed,-1.50825834274292,-1.494307041168213,-0.013951301574707031,-1.50825834274292,False,False,True
IF_00396,BASE_0040,contradict_bare,open_closed,box,open,closed,-1.4939208030700684,-1.5104494094848633,0.016528606414794922,-1.4939208030700684,False,False,True
IF_00397,BASE_0040,contradict_temporal,open_closed,box,open,closed,-1.5412654876708984,-1.5555062294006348,0.014240741729736328,-1.5412654876708984,False,False,True
IF_00398,BASE_0040,contradict_reinforced,open_closed,box,open,closed,-1.2950267791748047,-1.3382487297058105,0.04322195053100586,-1.2950267791748047,False,False,True
IF_00399,BASE_0040,explicit_override,open_closed,box,open,closed,-1.347343921661377,-1.3194689750671387,-0.02787494659423828,-1.347343921661377,False,False,True
IF_00400,BASE_0040,reported_event,open_closed,box,open,closed,-1.2542643547058105,-1.2622594833374023,0.007995128631591797,-1.2542643547058105,False,False,True
IF_00401,BASE_0041,no_context,open_closed,bag,open,closed,-1.3930306434631348,-1.3930306434631348,0.0,-1.3930306434631348,False,False,True
IF_00402,BASE_0041,explicit_final,open_closed,bag,open,closed,-1.2479677200317383,-1.2131223678588867,-0.03484535217285156,-1.2479677200317383,False,False,True
IF_00403,BASE_0041,last_event,open_closed,bag,open,closed,-1.4760236740112305,-1.4500699043273926,-0.02595376968383789,-1.4760236740112305,False,False,True
IF_00404,BASE_0041,consistent_prior,open_closed,bag,open,closed,-1.4109034538269043,-1.3822531700134277,-0.028650283813476562,-1.4109034538269043,False,False,True
IF_00405,BASE_0041,distractor_event,open_closed,bag,open,closed,-1.4077768325805664,-1.4029865264892578,-0.004790306091308594,-1.4077768325805664,False,False,True
IF_00406,BASE_0041,contradict_bare,open_closed,bag,open,closed,-1.3817381858825684,-1.3979697227478027,0.016231536865234375,-1.3817381858825684,False,False,True
IF_00407,BASE_0041,contradict_temporal,open_closed,bag,open,closed,-1.4002203941345215,-1.411447525024414,0.011227130889892578,-1.4002203941345215,False,False,True
IF_00408,BASE_0041,contradict_reinforced,open_closed,bag,open,closed,-1.1684918403625488,-1.2119669914245605,0.04347515106201172,-1.1684918403625488,False,False,True
IF_00409,BASE_0041,explicit_override,open_closed,bag,open,closed,-1.2892413139343262,-1.2614731788635254,-0.02776813507080078,-1.2892413139343262,False,False,True
IF_00410,BASE_0041,reported_event,open_closed,bag,open,closed,-1.039747714996338,-1.0619382858276367,0.022190570831298828,-1.039747714996338,False,False,True
IF_00411,BASE_0042,no_context,open_closed,bag,open,closed,-1.3930306434631348,-1.3930306434631348,0.0,-1.3930306434631348,False,False,True
IF_00412,BASE_0042,explicit_final,open_closed,bag,open,closed,-1.2479677200317383,-1.2131223678588867,-0.03484535217285156,-1.2479677200317383,False,False,True
IF_00413,BASE_0042,last_event,open_closed,bag,open,closed,-1.4799461364746094,-1.45896577835083,-0.020980358123779297,-1.4799461364746094,False,False,True
IF_00414,BASE_0042,consistent_prior,open_closed,bag,open,closed,-1.4123072624206543,-1.3685150146484375,-0.0437922477722168,-1.4123072624206543,False,False,True
IF_00415,BASE_0042,distractor_event,open_closed,bag,open,closed,-1.4450364112854004,-1.4334378242492676,-0.011598587036132812,-1.4450364112854004,False,False,True
IF_00416,BASE_0042,contradict_bare,open_closed,bag,open,closed,-1.3872060775756836,-1.401993751525879,0.014787673950195312,-1.3872060775756836,False,False,True
IF_00417,BASE_0042,contradict_temporal,open_closed,bag,open,closed,-1.3976984024047852,-1.406576156616211,0.008877754211425781,-1.3976984024047852,False,False,True
IF_00418,BASE_0042,contradict_reinforced,open_closed,bag,open,closed,-1.1592507362365723,-1.2071828842163086,0.04793214797973633,-1.1592507362365723,False,False,True
IF_00419,BASE_0042,explicit_override,open_closed,bag,open,closed,-1.2892413139343262,-1.2614731788635254,-0.02776813507080078,-1.2892413139343262,False,False,True
IF_00420,BASE_0042,reported_event,open_closed,bag,open,closed,-1.143765926361084,-1.146505355834961,0.002739429473876953,-1.143765926361084,False,False,True
IF_00421,BASE_0043,no_context,open_closed,bag,open,closed,-1.3930306434631348,-1.3930306434631348,0.0,-1.3930306434631348,False,False,True
IF_00422,BASE_0043,explicit_final,open_closed,bag,open,closed,-1.2479677200317383,-1.2131223678588867,-0.03484535217285156,-1.2479677200317383,False,False,True
IF_00423,BASE_0043,last_event,open_closed,bag,open,closed,-1.445408821105957,-1.4281425476074219,-0.017266273498535156,-1.445408821105957,False,False,True
IF_00424,BASE_0043,consistent_prior,open_closed,bag,open,closed,-1.4644007682800293,-1.4263596534729004,-0.038041114807128906,-1.4644007682800293,False,False,True
IF_00425,BASE_0043,distractor_event,open_closed,bag,open,closed,-1.4136743545532227,-1.4038949012756348,-0.00977945327758789,-1.4136743545532227,False,False,True
IF_00426,BASE_0043,contradict_bare,open_closed,bag,open,closed,-1.405855655670166,-1.4094247817993164,0.0035691261291503906,-1.405855655670166,False,False,True
IF_00427,BASE_0043,contradict_temporal,open_closed,bag,open,closed,-1.4586753845214844,-1.4499258995056152,-0.00874948501586914,-1.4586753845214844,False,False,True
IF_00428,BASE_0043,contradict_reinforced,open_closed,bag,open,closed,-1.2009696960449219,-1.2282052040100098,0.02723550796508789,-1.2009696960449219,False,False,True
IF_00429,BASE_0043,explicit_override,open_closed,bag,open,closed,-1.2892413139343262,-1.2614731788635254,-0.02776813507080078,-1.2892413139343262,False,False,True
IF_00430,BASE_0043,reported_event,open_closed,bag,open,closed,-1.1428532600402832,-1.1430854797363281,0.00023221969604492188,-1.1428532600402832,False,False,True
IF_00431,BASE_0044,no_context,open_closed,bag,open,closed,-1.3930306434631348,-1.3930306434631348,0.0,-1.3930306434631348,False,False,True
IF_00432,BASE_0044,explicit_final,open_closed,bag,open,closed,-1.2479677200317383,-1.2131223678588867,-0.03484535217285156,-1.2479677200317383,False,False,True
IF_00433,BASE_0044,last_event,open_closed,bag,open,closed,-1.4530320167541504,-1.4378442764282227,-0.015187740325927734,-1.4530320167541504,False,False,True
IF_00434,BASE_0044,consistent_prior,open_closed,bag,open,closed,-1.478938102722168,-1.416083812713623,-0.06285429000854492,-1.478938102722168,False,False,True
IF_00435,BASE_0044,distractor_event,open_closed,bag,open,closed,-1.4445033073425293,-1.430180549621582,-0.014322757720947266,-1.4445033073425293,False,False,True
IF_00436,BASE_0044,contradict_bare,open_closed,bag,open,closed,-1.4106030464172363,-1.4076218605041504,-0.0029811859130859375,-1.4106030464172363,False,False,True
IF_00437,BASE_0044,contradict_temporal,open_closed,bag,open,closed,-1.460442066192627,-1.4318218231201172,-0.028620243072509766,-1.460442066192627,False,False,True
IF_00438,BASE_0044,contradict_reinforced,open_closed,bag,open,closed,-1.2213125228881836,-1.2355327606201172,0.014220237731933594,-1.2213125228881836,False,False,True
IF_00439,BASE_0044,explicit_override,open_closed,bag,open,closed,-1.2892413139343262,-1.2614731788635254,-0.02776813507080078,-1.2892413139343262,False,False,True
IF_00440,BASE_0044,reported_event,open_closed,bag,open,closed,-1.1553359031677246,-1.158022403717041,0.0026865005493164062,-1.1553359031677246,False,False,True
IF_00441,BASE_0045,no_context,open_closed,bag,open,closed,-1.3930306434631348,-1.3930306434631348,0.0,-1.3930306434631348,False,False,True
IF_00442,BASE_0045,explicit_final,open_closed,bag,open,closed,-1.2479677200317383,-1.2131223678588867,-0.03484535217285156,-1.2479677200317383,False,False,True
IF_00443,BASE_0045,last_event,open_closed,bag,open,closed,-1.463822841644287,-1.4452300071716309,-0.01859283447265625,-1.463822841644287,False,False,True
IF_00444,BASE_0045,consistent_prior,open_closed,bag,open,closed,-1.4106993675231934,-1.3743820190429688,-0.03631734848022461,-1.4106993675231934,False,False,True
IF_00445,BASE_0045,distractor_event,open_closed,bag,open,closed,-1.4768238067626953,-1.4652838706970215,-0.011539936065673828,-1.4768238067626953,False,False,True
IF_00446,BASE_0045,contradict_bare,open_closed,bag,open,closed,-1.382458209991455,-1.3939542770385742,0.01149606704711914,-1.382458209991455,False,False,True
IF_00447,BASE_0045,contradict_temporal,open_closed,bag,open,closed,-1.4243855476379395,-1.4274506568908691,0.0030651092529296875,-1.4243855476379395,False,False,True
IF_00448,BASE_0045,contradict_reinforced,open_closed,bag,open,closed,-1.1650958061218262,-1.2035455703735352,0.038449764251708984,-1.1650958061218262,False,False,True
IF_00449,BASE_0045,explicit_override,open_closed,bag,open,closed,-1.2892413139343262,-1.2614731788635254,-0.02776813507080078,-1.2892413139343262,False,False,True
IF_00450,BASE_0045,reported_event,open_closed,bag,open,closed,-1.0998315811157227,-1.1030073165893555,0.0031757354736328125,-1.0998315811157227,False,False,True
IF_00451,BASE_0046,no_context,open_closed,bag,open,closed,-1.3930306434631348,-1.3930306434631348,0.0,-1.3930306434631348,False,False,True
IF_00452,BASE_0046,explicit_final,open_closed,bag,open,closed,-1.2479677200317383,-1.2131223678588867,-0.03484535217285156,-1.2479677200317383,False,False,True
IF_00453,BASE_0046,last_event,open_closed,bag,open,closed,-1.5156888961791992,-1.4902067184448242,-0.025482177734375,-1.5156888961791992,False,False,True
IF_00454,BASE_0046,consistent_prior,open_closed,bag,open,closed,-1.517371654510498,-1.4633407592773438,-0.0540308952331543,-1.517371654510498,False,False,True
IF_00455,BASE_0046,distractor_event,open_closed,bag,open,closed,-1.455510139465332,-1.4465346336364746,-0.008975505828857422,-1.455510139465332,False,False,True
IF_00456,BASE_0046,contradict_bare,open_closed,bag,open,closed,-1.4738597869873047,-1.4733142852783203,-0.000545501708984375,-1.4738597869873047,False,False,True
IF_00457,BASE_0046,contradict_temporal,open_closed,bag,open,closed,-1.5082297325134277,-1.4911894798278809,-0.017040252685546875,-1.5082297325134277,False,False,True
IF_00458,BASE_0046,contradict_reinforced,open_closed,bag,open,closed,-1.2668194770812988,-1.289844036102295,0.023024559020996094,-1.2668194770812988,False,False,True
IF_00459,BASE_0046,explicit_override,open_closed,bag,open,closed,-1.2892413139343262,-1.2614731788635254,-0.02776813507080078,-1.2892413139343262,False,False,True
IF_00460,BASE_0046,reported_event,open_closed,bag,open,closed,-1.254171371459961,-1.231485366821289,-0.022686004638671875,-1.254171371459961,False,False,True
IF_00461,BASE_0047,no_context,open_closed,bag,open,closed,-1.3930306434631348,-1.3930306434631348,0.0,-1.3930306434631348,False,False,True
IF_00462,BASE_0047,explicit_final,open_closed,bag,open,closed,-1.2479677200317383,-1.2131223678588867,-0.03484535217285156,-1.2479677200317383,False,False,True
IF_00463,BASE_0047,last_event,open_closed,bag,open,closed,-1.4492807388305664,-1.4402384757995605,-0.00904226303100586,-1.4492807388305664,False,False,True
IF_00464,BASE_0047,consistent_prior,open_closed,bag,open,closed,-1.4538273811340332,-1.4084382057189941,-0.04538917541503906,-1.4538273811340332,False,False,True
IF_00465,BASE_0047,distractor_event,open_closed,bag,open,closed,-1.3909492492675781,-1.389596939086914,-0.0013523101806640625,-1.3909492492675781,False,False,True
IF_00466,BASE_0047,contradict_bare,open_closed,bag,open,closed,-1.346437931060791,-1.358159065246582,0.011721134185791016,-1.346437931060791,False,False,True
IF_00467,BASE_0047,contradict_temporal,open_closed,bag,open,closed,-1.44962739944458,-1.4428801536560059,-0.006747245788574219,-1.44962739944458,False,False,True
IF_00468,BASE_0047,contradict_reinforced,open_closed,bag,open,closed,-1.189040184020996,-1.224867343902588,0.0358271598815918,-1.189040184020996,False,False,True
IF_00469,BASE_0047,explicit_override,open_closed,bag,open,closed,-1.2892413139343262,-1.2614731788635254,-0.02776813507080078,-1.2892413139343262,False,False,True
IF_00470,BASE_0047,reported_event,open_closed,bag,open,closed,-1.143643856048584,-1.1412830352783203,-0.002360820770263672,-1.143643856048584,False,False,True
IF_00471,BASE_0048,no_context,open_closed,bag,open,closed,-1.3930306434631348,-1.3930306434631348,0.0,-1.3930306434631348,False,False,True
IF_00472,BASE_0048,explicit_final,open_closed,bag,open,closed,-1.2479677200317383,-1.2131223678588867,-0.03484535217285156,-1.2479677200317383,False,False,True
IF_00473,BASE_0048,last_event,open_closed,bag,open,closed,-1.4566974639892578,-1.4422059059143066,-0.014491558074951172,-1.4566974639892578,False,False,True
IF_00474,BASE_0048,consistent_prior,open_closed,bag,open,closed,-1.4216275215148926,-1.393467903137207,-0.028159618377685547,-1.4216275215148926,False,False,True
IF_00475,BASE_0048,distractor_event,open_closed,bag,open,closed,-1.4285526275634766,-1.416043758392334,-0.012508869171142578,-1.4285526275634766,False,False,True
IF_00476,BASE_0048,contradict_bare,open_closed,bag,open,closed,-1.3803892135620117,-1.3943676948547363,0.01397848129272461,-1.3803892135620117,False,False,True
IF_00477,BASE_0048,contradict_temporal,open_closed,bag,open,closed,-1.4227447509765625,-1.4328727722167969,0.010128021240234375,-1.4227447509765625,False,False,True
IF_00478,BASE_0048,contradict_reinforced,open_closed,bag,open,closed,-1.170760154724121,-1.2144403457641602,0.04368019104003906,-1.170760154724121,False,False,True
IF_00479,BASE_0048,explicit_override,open_closed,bag,open,closed,-1.2892413139343262,-1.2614731788635254,-0.02776813507080078,-1.2892413139343262,False,False,True
IF_00480,BASE_0048,reported_event,open_closed,bag,open,closed,-1.0480384826660156,-1.0589699745178223,0.01093149185180664,-1.0480384826660156,False,False,True
IF_00481,BASE_0049,no_context,open_closed,bag,open,closed,-1.3930306434631348,-1.3930306434631348,0.0,-1.3930306434631348,False,False,True
IF_00482,BASE_0049,explicit_final,open_closed,bag,open,closed,-1.2479677200317383,-1.2131223678588867,-0.03484535217285156,-1.2479677200317383,False,False,True
IF_00483,BASE_0049,last_event,open_closed,bag,open,closed,-1.4087367057800293,-1.4038772583007812,-0.004859447479248047,-1.4087367057800293,False,False,True
IF_00484,BASE_0049,consistent_prior,open_closed,bag,open,closed,-1.4628653526306152,-1.41029691696167,-0.05256843566894531,-1.4628653526306152,False,False,True
IF_00485,BASE_0049,distractor_event,open_closed,bag,open,closed,-1.4502692222595215,-1.4346323013305664,-0.015636920928955078,-1.4502692222595215,False,False,True
IF_00486,BASE_0049,contradict_bare,open_closed,bag,open,closed,-1.3507180213928223,-1.3490395545959473,-0.001678466796875,-1.3507180213928223,False,False,True
IF_00487,BASE_0049,contradict_temporal,open_closed,bag,open,closed,-1.4524827003479004,-1.4328651428222656,-0.019617557525634766,-1.4524827003479004,False,False,True
IF_00488,BASE_0049,contradict_reinforced,open_closed,bag,open,closed,-1.197251796722412,-1.221999168395996,0.024747371673583984,-1.197251796722412,False,False,True
IF_00489,BASE_0049,explicit_override,open_closed,bag,open,closed,-1.2892413139343262,-1.2614731788635254,-0.02776813507080078,-1.2892413139343262,False,False,True
IF_00490,BASE_0049,reported_event,open_closed,bag,open,closed,-1.0681705474853516,-1.074141025543213,0.005970478057861328,-1.0681705474853516,False,False,True
IF_00491,BASE_0050,no_context,open_closed,bag,open,closed,-1.3930306434631348,-1.3930306434631348,0.0,-1.3930306434631348,False,False,True
IF_00492,BASE_0050,explicit_final,open_closed,bag,open,closed,-1.2479677200317383,-1.2131223678588867,-0.03484535217285156,-1.2479677200317383,False,False,True
IF_00493,BASE_0050,last_event,open_closed,bag,open,closed,-1.494809627532959,-1.4908056259155273,-0.004004001617431641,-1.494809627532959,False,False,True
IF_00494,BASE_0050,consistent_prior,open_closed,bag,open,closed,-1.433570384979248,-1.3994770050048828,-0.034093379974365234,-1.433570384979248,False,False,True
IF_00495,BASE_0050,distractor_event,open_closed,bag,open,closed,-1.4074501991271973,-1.4026365280151367,-0.004813671112060547,-1.4074501991271973,False,False,True
IF_00496,BASE_0050,contradict_bare,open_closed,bag,open,closed,-1.4007225036621094,-1.4217286109924316,0.021006107330322266,-1.4007225036621094,False,False,True
IF_00497,BASE_0050,contradict_temporal,open_closed,bag,open,closed,-1.4266376495361328,-1.4424386024475098,0.015800952911376953,-1.4266376495361328,False,False,True
IF_00498,BASE_0050,contradict_reinforced,open_closed,bag,open,closed,-1.1665458679199219,-1.2211508750915527,0.05460500717163086,-1.1665458679199219,False,False,True
IF_00499,BASE_0050,explicit_override,open_closed,bag,open,closed,-1.2892413139343262,-1.2614731788635254,-0.02776813507080078,-1.2892413139343262,False,False,True
IF_00500,BASE_0050,reported_event,open_closed,bag,open,closed,-1.1008076667785645,-1.116373062133789,0.01556539535522461,-1.1008076667785645,False,False,True
IF_00501,BASE_0051,no_context,open_closed,window,open,closed,-1.4319558143615723,-1.4319558143615723,0.0,-1.4319558143615723,False,False,True
IF_00502,BASE_0051,explicit_final,open_closed,window,open,closed,-1.1772418022155762,-1.1605439186096191,-0.01669788360595703,-1.1772418022155762,False,False,True
IF_00503,BASE_0051,last_event,open_closed,window,open,closed,-1.434065341949463,-1.4097113609313965,-0.024353981018066406,-1.434065341949463,False,False,True
IF_00504,BASE_0051,consistent_prior,open_closed,window,open,closed,-1.3772826194763184,-1.3510737419128418,-0.026208877563476562,-1.3772826194763184,False,False,True
IF_00505,BASE_0051,distractor_event,open_closed,window,open,closed,-1.5057544708251953,-1.4957847595214844,-0.009969711303710938,-1.5057544708251953,False,False,True
IF_00506,BASE_0051,contradict_bare,open_closed,window,open,closed,-1.3119287490844727,-1.3154897689819336,0.0035610198974609375,-1.3119287490844727,False,False,True
IF_00507,BASE_0051,contradict_temporal,open_closed,window,open,closed,-1.3643770217895508,-1.3713417053222656,0.006964683532714844,-1.3643770217895508,False,False,True
IF_00508,BASE_0051,contradict_reinforced,open_closed,window,open,closed,-1.1300554275512695,-1.1642823219299316,0.03422689437866211,-1.1300554275512695,False,False,True
IF_00509,BASE_0051,explicit_override,open_closed,window,open,closed,-1.227750301361084,-1.2221055030822754,-0.005644798278808594,-1.227750301361084,False,False,True
IF_00510,BASE_0051,reported_event,open_closed,window,open,closed,-0.9744992256164551,-0.9885735511779785,0.014074325561523438,-0.9744992256164551,False,False,True
IF_00511,BASE_0052,no_context,open_closed,window,open,closed,-1.4319558143615723,-1.4319558143615723,0.0,-1.4319558143615723,False,False,True
IF_00512,BASE_0052,explicit_final,open_closed,window,open,closed,-1.1772418022155762,-1.1605439186096191,-0.01669788360595703,-1.1772418022155762,False,False,True
IF_00513,BASE_0052,last_event,open_closed,window,open,closed,-1.4520888328552246,-1.4267568588256836,-0.025331974029541016,-1.4520888328552246,False,False,True
IF_00514,BASE_0052,consistent_prior,open_closed,window,open,closed,-1.387864112854004,-1.3477516174316406,-0.04011249542236328,-1.387864112854004,False,False,True
IF_00515,BASE_0052,distractor_event,open_closed,window,open,closed,-1.474332332611084,-1.4601655006408691,-0.014166831970214844,-1.474332332611084,False,False,True
IF_00516,BASE_0052,contradict_bare,open_closed,window,open,closed,-1.3208537101745605,-1.3241186141967773,0.003264904022216797,-1.3208537101745605,False,False,True
IF_00517,BASE_0052,contradict_temporal,open_closed,window,open,closed,-1.3680839538574219,-1.378584384918213,0.010500431060791016,-1.3680839538574219,False,False,True
IF_00518,BASE_0052,contradict_reinforced,open_closed,window,open,closed,-1.1246261596679688,-1.1654982566833496,0.04087209701538086,-1.1246261596679688,False,False,True
IF_00519,BASE_0052,explicit_override,open_closed,window,open,closed,-1.227750301361084,-1.2221055030822754,-0.005644798278808594,-1.227750301361084,False,False,True
IF_00520,BASE_0052,reported_event,open_closed,window,open,closed,-1.0220866203308105,-1.0278549194335938,0.005768299102783203,-1.0220866203308105,False,False,True
IF_00521,BASE_0053,no_context,open_closed,window,open,closed,-1.4319558143615723,-1.4319558143615723,0.0,-1.4319558143615723,False,False,True
IF_00522,BASE_0053,explicit_final,open_closed,window,open,closed,-1.1772418022155762,-1.1605439186096191,-0.01669788360595703,-1.1772418022155762,False,False,True
IF_00523,BASE_0053,last_event,open_closed,window,open,closed,-1.439894676208496,-1.420705795288086,-0.019188880920410156,-1.439894676208496,False,False,True
IF_00524,BASE_0053,consistent_prior,open_closed,window,open,closed,-1.4407362937927246,-1.408869743347168,-0.03186655044555664,-1.4407362937927246,False,False,True
IF_00525,BASE_0053,distractor_event,open_closed,window,open,closed,-1.5224289894104004,-1.5075759887695312,-0.01485300064086914,-1.5224289894104004,False,False,True
IF_00526,BASE_0053,contradict_bare,open_closed,window,open,closed,-1.3448724746704102,-1.3394804000854492,-0.0053920745849609375,-1.3448724746704102,False,False,True
IF_00527,BASE_0053,contradict_temporal,open_closed,window,open,closed,-1.4373927116394043,-1.4338793754577637,-0.003513336181640625,-1.4373927116394043,False,False,True
IF_00528,BASE_0053,contradict_reinforced,open_closed,window,open,closed,-1.1690092086791992,-1.1936635971069336,0.024654388427734375,-1.1690092086791992,False,False,True
IF_00529,BASE_0053,explicit_override,open_closed,window,open,closed,-1.227750301361084,-1.2221055030822754,-0.005644798278808594,-1.227750301361084,False,False,True
IF_00530,BASE_0053,reported_event,open_closed,window,open,closed,-1.074617862701416,-1.0835633277893066,0.008945465087890625,-1.074617862701416,False,False,True
IF_00531,BASE_0054,no_context,open_closed,window,open,closed,-1.4319558143615723,-1.4319558143615723,0.0,-1.4319558143615723,False,False,True
IF_00532,BASE_0054,explicit_final,open_closed,window,open,closed,-1.1772418022155762,-1.1605439186096191,-0.01669788360595703,-1.1772418022155762,False,False,True
IF_00533,BASE_0054,last_event,open_closed,window,open,closed,-1.484081745147705,-1.461252212524414,-0.022829532623291016,-1.484081745147705,False,False,True
IF_00534,BASE_0054,consistent_prior,open_closed,window,open,closed,-1.4769153594970703,-1.4220600128173828,-0.0548553466796875,-1.4769153594970703,False,False,True
IF_00535,BASE_0054,distractor_event,open_closed,window,open,closed,-1.547593593597412,-1.530360221862793,-0.01723337173461914,-1.547593593597412,False,False,True
IF_00536,BASE_0054,contradict_bare,open_closed,window,open,closed,-1.3909530639648438,-1.3778958320617676,-0.013057231903076172,-1.3909530639648438,False,False,True
IF_00537,BASE_0054,contradict_temporal,open_closed,window,open,closed,-1.4690251350402832,-1.4453048706054688,-0.023720264434814453,-1.4690251350402832,False,False,True
IF_00538,BASE_0054,contradict_reinforced,open_closed,window,open,closed,-1.209221363067627,-1.2186808586120605,0.009459495544433594,-1.209221363067627,False,False,True
IF_00539,BASE_0054,explicit_override,open_closed,window,open,closed,-1.227750301361084,-1.2221055030822754,-0.005644798278808594,-1.227750301361084,False,False,True
IF_00540,BASE_0054,reported_event,open_closed,window,open,closed,-1.1970725059509277,-1.1886796951293945,-0.008392810821533203,-1.1970725059509277,False,False,True
IF_00541,BASE_0055,no_context,open_closed,window,open,closed,-1.4319558143615723,-1.4319558143615723,0.0,-1.4319558143615723,False,False,True
IF_00542,BASE_0055,explicit_final,open_closed,window,open,closed,-1.1772418022155762,-1.1605439186096191,-0.01669788360595703,-1.1772418022155762,False,False,True
IF_00543,BASE_0055,last_event,open_closed,window,open,closed,-1.427375316619873,-1.4119091033935547,-0.01546621322631836,-1.427375316619873,False,False,True
IF_00544,BASE_0055,consistent_prior,open_closed,window,open,closed,-1.3784689903259277,-1.3469586372375488,-0.031510353088378906,-1.3784689903259277,False,False,True
IF_00545,BASE_0055,distractor_event,open_closed,window,open,closed,-1.5139994621276855,-1.502915382385254,-0.01108407974243164,-1.5139994621276855,False,False,True
IF_00546,BASE_0055,contradict_bare,open_closed,window,open,closed,-1.3104610443115234,-1.3120684623718262,0.0016074180603027344,-1.3104610443115234,False,False,True
IF_00547,BASE_0055,contradict_temporal,open_closed,window,open,closed,-1.3908681869506836,-1.3959732055664062,0.005105018615722656,-1.3908681869506836,False,False,True
IF_00548,BASE_0055,contradict_reinforced,open_closed,window,open,closed,-1.1213665008544922,-1.154989242553711,0.03362274169921875,-1.1213665008544922,False,False,True
IF_00549,BASE_0055,explicit_override,open_closed,window,open,closed,-1.227750301361084,-1.2221055030822754,-0.005644798278808594,-1.227750301361084,False,False,True
IF_00550,BASE_0055,reported_event,open_closed,window,open,closed,-1.096266269683838,-1.100447177886963,0.004180908203125,-1.096266269683838,False,False,True
IF_00551,BASE_0056,no_context,open_closed,window,open,closed,-1.4319558143615723,-1.4319558143615723,0.0,-1.4319558143615723,False,False,True
IF_00552,BASE_0056,explicit_final,open_closed,window,open,closed,-1.1772418022155762,-1.1605439186096191,-0.01669788360595703,-1.1772418022155762,False,False,True
IF_00553,BASE_0056,last_event,open_closed,window,open,closed,-1.5165767669677734,-1.489091396331787,-0.027485370635986328,-1.5165767669677734,False,False,True
IF_00554,BASE_0056,consistent_prior,open_closed,window,open,closed,-1.5068931579589844,-1.4596495628356934,-0.047243595123291016,-1.5068931579589844,False,False,True
IF_00555,BASE_0056,distractor_event,open_closed,window,open,closed,-1.5483484268188477,-1.5381498336791992,-0.010198593139648438,-1.5483484268188477,False,False,True
IF_00556,BASE_0056,contradict_bare,open_closed,window,open,closed,-1.432661533355713,-1.426809310913086,-0.005852222442626953,-1.432661533355713,False,False,True
IF_00557,BASE_0056,contradict_temporal,open_closed,window,open,closed,-1.4955415725708008,-1.4816207885742188,-0.013920783996582031,-1.4955415725708008,False,False,True
IF_00558,BASE_0056,contradict_reinforced,open_closed,window,open,closed,-1.2405948638916016,-1.258786678314209,0.018191814422607422,-1.2405948638916016,False,False,True
IF_00559,BASE_0056,explicit_override,open_closed,window,open,closed,-1.227750301361084,-1.2221055030822754,-0.005644798278808594,-1.227750301361084,False,False,True
IF_00560,BASE_0056,reported_event,open_closed,window,open,closed,-1.1993837356567383,-1.1750874519348145,-0.024296283721923828,-1.1993837356567383,False,False,True
IF_00561,BASE_0057,no_context,open_closed,window,open,closed,-1.4319558143615723,-1.4319558143615723,0.0,-1.4319558143615723,False,False,True
IF_00562,BASE_0057,explicit_final,open_closed,window,open,closed,-1.1772418022155762,-1.1605439186096191,-0.01669788360595703,-1.1772418022155762,False,False,True
IF_00563,BASE_0057,last_event,open_closed,window,open,closed,-1.4701905250549316,-1.453099250793457,-0.01709127426147461,-1.4701905250549316,False,False,True
IF_00564,BASE_0057,consistent_prior,open_closed,window,open,closed,-1.4488439559936523,-1.4090652465820312,-0.039778709411621094,-1.4488439559936523,False,False,True
IF_00565,BASE_0057,distractor_event,open_closed,window,open,closed,-1.542050838470459,-1.5364389419555664,-0.005611896514892578,-1.542050838470459,False,False,True
IF_00566,BASE_0057,contradict_bare,open_closed,window,open,closed,-1.3221845626831055,-1.317535400390625,-0.004649162292480469,-1.3221845626831055,False,False,True
IF_00567,BASE_0057,contradict_temporal,open_closed,window,open,closed,-1.446272850036621,-1.4418959617614746,-0.004376888275146484,-1.446272850036621,False,False,True
IF_00568,BASE_0057,contradict_reinforced,open_closed,window,open,closed,-1.174384593963623,-1.20308256149292,0.028697967529296875,-1.174384593963623,False,False,True
IF_00569,BASE_0057,explicit_override,open_closed,window,open,closed,-1.227750301361084,-1.2221055030822754,-0.005644798278808594,-1.227750301361084,False,False,True
IF_00570,BASE_0057,reported_event,open_closed,window,open,closed,-1.1587481498718262,-1.154970645904541,-0.0037775039672851562,-1.1587481498718262,False,False,True
IF_00571,BASE_0058,no_context,open_closed,window,open,closed,-1.4319558143615723,-1.4319558143615723,0.0,-1.4319558143615723,False,False,True
IF_00572,BASE_0058,explicit_final,open_closed,window,open,closed,-1.1772418022155762,-1.1605439186096191,-0.01669788360595703,-1.1772418022155762,False,False,True
IF_00573,BASE_0058,last_event,open_closed,window,open,closed,-1.43880033493042,-1.4244074821472168,-0.014392852783203125,-1.43880033493042,False,False,True
IF_00574,BASE_0058,consistent_prior,open_closed,window,open,closed,-1.397346019744873,-1.371537208557129,-0.02580881118774414,-1.397346019744873,False,False,True
IF_00575,BASE_0058,distractor_event,open_closed,window,open,closed,-1.498054027557373,-1.4854583740234375,-0.012595653533935547,-1.498054027557373,False,False,True
IF_00576,BASE_0058,contradict_bare,open_closed,window,open,closed,-1.3352775573730469,-1.3394479751586914,0.004170417785644531,-1.3352775573730469,False,False,True
IF_00577,BASE_0058,contradict_temporal,open_closed,window,open,closed,-1.397160530090332,-1.4077696800231934,0.010609149932861328,-1.397160530090332,False,False,True
IF_00578,BASE_0058,contradict_reinforced,open_closed,window,open,closed,-1.1379117965698242,-1.1766753196716309,0.03876352310180664,-1.1379117965698242,False,False,True
IF_00579,BASE_0058,explicit_override,open_closed,window,open,closed,-1.227750301361084,-1.2221055030822754,-0.005644798278808594,-1.227750301361084,False,False,True
IF_00580,BASE_0058,reported_event,open_closed,window,open,closed,-1.0197257995605469,-1.0279006958007812,0.008174896240234375,-1.0197257995605469,False,False,True
IF_00581,BASE_0059,no_context,open_closed,window,open,closed,-1.4319558143615723,-1.4319558143615723,0.0,-1.4319558143615723,False,False,True
IF_00582,BASE_0059,explicit_final,open_closed,window,open,closed,-1.1772418022155762,-1.1605439186096191,-0.01669788360595703,-1.1772418022155762,False,False,True
IF_00583,BASE_0059,last_event,open_closed,window,open,closed,-1.408583641052246,-1.398660659790039,-0.009922981262207031,-1.408583641052246,False,False,True
IF_00584,BASE_0059,consistent_prior,open_closed,window,open,closed,-1.4394497871398926,-1.3935861587524414,-0.04586362838745117,-1.4394497871398926,False,False,True
IF_00585,BASE_0059,distractor_event,open_closed,window,open,closed,-1.5254435539245605,-1.5007033348083496,-0.024740219116210938,-1.5254435539245605,False,False,True
IF_00586,BASE_0059,contradict_bare,open_closed,window,open,closed,-1.3032617568969727,-1.2895731925964355,-0.01368856430053711,-1.3032617568969727,False,False,True
IF_00587,BASE_0059,contradict_temporal,open_closed,window,open,closed,-1.4304699897766113,-1.4163808822631836,-0.014089107513427734,-1.4304699897766113,False,False,True
IF_00588,BASE_0059,contradict_reinforced,open_closed,window,open,closed,-1.1631550788879395,-1.1815991401672363,0.018444061279296875,-1.1631550788879395,False,False,True
IF_00589,BASE_0059,explicit_override,open_closed,window,open,closed,-1.227750301361084,-1.2221055030822754,-0.005644798278808594,-1.227750301361084,False,False,True
IF_00590,BASE_0059,reported_event,open_closed,window,open,closed,-1.021672248840332,-1.0284733772277832,0.006801128387451172,-1.021672248840332,False,False,True
IF_00591,BASE_0060,no_context,open_closed,window,open,closed,-1.4319558143615723,-1.4319558143615723,0.0,-1.4319558143615723,False,False,True
IF_00592,BASE_0060,explicit_final,open_closed,window,open,closed,-1.1772418022155762,-1.1605439186096191,-0.01669788360595703,-1.1772418022155762,False,False,True
IF_00593,BASE_0060,last_event,open_closed,window,open,closed,-1.5019006729125977,-1.4888896942138672,-0.013010978698730469,-1.5019006729125977,False,False,True
IF_00594,BASE_0060,consistent_prior,open_closed,window,open,closed,-1.4327735900878906,-1.3990111351013184,-0.033762454986572266,-1.4327735900878906,False,False,True
IF_00595,BASE_0060,distractor_event,open_closed,window,open,closed,-1.5397038459777832,-1.5286493301391602,-0.011054515838623047,-1.5397038459777832,False,False,True
IF_00596,BASE_0060,contradict_bare,open_closed,window,open,closed,-1.361943244934082,-1.36915922164917,0.007215976715087891,-1.361943244934082,False,False,True
IF_00597,BASE_0060,contradict_temporal,open_closed,window,open,closed,-1.4141831398010254,-1.4296555519104004,0.015472412109375,-1.4141831398010254,False,False,True
IF_00598,BASE_0060,contradict_reinforced,open_closed,window,open,closed,-1.1467313766479492,-1.192136287689209,0.045404911041259766,-1.1467313766479492,False,False,True
IF_00599,BASE_0060,explicit_override,open_closed,window,open,closed,-1.227750301361084,-1.2221055030822754,-0.005644798278808594,-1.227750301361084,False,False,True
IF_00600,BASE_0060,reported_event,open_closed,window,open,closed,-1.173220157623291,-1.1770844459533691,0.003864288330078125,-1.173220157623291,False,False,True
IF_00601,BASE_0061,no_context,open_closed,door,open,closed,-1.4837074279785156,-1.4837074279785156,0.0,-1.4837074279785156,False,False,True
IF_00602,BASE_0061,explicit_final,open_closed,door,open,closed,-1.3496313095092773,-1.3022494316101074,-0.04738187789916992,-1.3496313095092773,False,False,True
IF_00603,BASE_0061,last_event,open_closed,door,open,closed,-1.426185131072998,-1.434476375579834,0.008291244506835938,-1.426185131072998,False,False,True
IF_00604,BASE_0061,consistent_prior,open_closed,door,open,closed,-1.4159765243530273,-1.3987789154052734,-0.017197608947753906,-1.4159765243530273,False,False,True
IF_00605,BASE_0061,distractor_event,open_closed,door,open,closed,-1.4784564971923828,-1.4870786666870117,0.008622169494628906,-1.4784564971923828,False,False,True
IF_00606,BASE_0061,contradict_bare,open_closed,door,open,closed,-1.3479852676391602,-1.388807773590088,0.040822505950927734,-1.3479852676391602,False,False,True
IF_00607,BASE_0061,contradict_temporal,open_closed,door,open,closed,-1.393122673034668,-1.4182419776916504,0.025119304656982422,-1.393122673034668,False,False,True
IF_00608,BASE_0061,contradict_reinforced,open_closed,door,open,closed,-1.16249418258667,-1.2034049034118652,0.04091072082519531,-1.16249418258667,False,False,True
IF_00609,BASE_0061,explicit_override,open_closed,door,open,closed,-1.310063362121582,-1.293586254119873,-0.016477108001708984,-1.310063362121582,False,False,True
IF_00610,BASE_0061,reported_event,open_closed,door,open,closed,-1.1104302406311035,-1.1401329040527344,0.02970266342163086,-1.1104302406311035,False,False,True
IF_00611,BASE_0062,no_context,open_closed,door,open,closed,-1.4837074279785156,-1.4837074279785156,0.0,-1.4837074279785156,False,False,True
IF_00612,BASE_0062,explicit_final,open_closed,door,open,closed,-1.3496313095092773,-1.3022494316101074,-0.04738187789916992,-1.3496313095092773,False,False,True
IF_00613,BASE_0062,last_event,open_closed,door,open,closed,-1.4201860427856445,-1.4334287643432617,0.013242721557617188,-1.4201860427856445,False,False,True
IF_00614,BASE_0062,consistent_prior,open_closed,door,open,closed,-1.4089488983154297,-1.3857526779174805,-0.02319622039794922,-1.4089488983154297,False,False,True
IF_00615,BASE_0062,distractor_event,open_closed,door,open,closed,-1.5442790985107422,-1.546823501586914,0.002544403076171875,-1.5442790985107422,False,False,True
IF_00616,BASE_0062,contradict_bare,open_closed,door,open,closed,-1.3377947807312012,-1.3802294731140137,0.0424346923828125,-1.3377947807312012,False,False,True
IF_00617,BASE_0062,contradict_temporal,open_closed,door,open,closed,-1.3783621788024902,-1.4091496467590332,0.03078746795654297,-1.3783621788024902,False,False,True
IF_00618,BASE_0062,contradict_reinforced,open_closed,door,open,closed,-1.150477409362793,-1.1991419792175293,0.04866456985473633,-1.150477409362793,False,False,True
IF_00619,BASE_0062,explicit_override,open_closed,door,open,closed,-1.310063362121582,-1.293586254119873,-0.016477108001708984,-1.310063362121582,False,False,True
IF_00620,BASE_0062,reported_event,open_closed,door,open,closed,-1.1321306228637695,-1.1569957733154297,0.024865150451660156,-1.1321306228637695,False,False,True
IF_00621,BASE_0063,no_context,open_closed,door,open,closed,-1.4837074279785156,-1.4837074279785156,0.0,-1.4837074279785156,False,False,True
IF_00622,BASE_0063,explicit_final,open_closed,door,open,closed,-1.3496313095092773,-1.3022494316101074,-0.04738187789916992,-1.3496313095092773,False,False,True
IF_00623,BASE_0063,last_event,open_closed,door,open,closed,-1.4130187034606934,-1.4276432991027832,0.014624595642089844,-1.4130187034606934,False,False,True
IF_00624,BASE_0063,consistent_prior,open_closed,door,open,closed,-1.463900089263916,-1.4459619522094727,-0.01793813705444336,-1.463900089263916,False,False,True
IF_00625,BASE_0063,distractor_event,open_closed,door,open,closed,-1.5290169715881348,-1.5319633483886719,0.0029463768005371094,-1.5290169715881348,False,False,True
IF_00626,BASE_0063,contradict_bare,open_closed,door,open,closed,-1.3716325759887695,-1.4035449028015137,0.03191232681274414,-1.3716325759887695,False,False,True
IF_00627,BASE_0063,contradict_temporal,open_closed,door,open,closed,-1.4548768997192383,-1.4680676460266113,0.013190746307373047,-1.4548768997192383,False,False,True
IF_00628,BASE_0063,contradict_reinforced,open_closed,door,open,closed,-1.1927719116210938,-1.2238121032714844,0.031040191650390625,-1.1927719116210938,False,False,True
IF_00629,BASE_0063,explicit_override,open_closed,door,open,closed,-1.310063362121582,-1.293586254119873,-0.016477108001708984,-1.310063362121582,False,False,True
IF_00630,BASE_0063,reported_event,open_closed,door,open,closed,-1.1841545104980469,-1.207411289215088,0.023256778717041016,-1.1841545104980469,False,False,True
IF_00631,BASE_0064,no_context,open_closed,door,open,closed,-1.4837074279785156,-1.4837074279785156,0.0,-1.4837074279785156,False,False,True
IF_00632,BASE_0064,explicit_final,open_closed,door,open,closed,-1.3496313095092773,-1.3022494316101074,-0.04738187789916992,-1.3496313095092773,False,False,True
IF_00633,BASE_0064,last_event,open_closed,door,open,closed,-1.4570989608764648,-1.4660964012145996,0.008997440338134766,-1.4570989608764648,False,False,True
IF_00634,BASE_0064,consistent_prior,open_closed,door,open,closed,-1.4961533546447754,-1.4537444114685059,-0.04240894317626953,-1.4961533546447754,False,False,True
IF_00635,BASE_0064,distractor_event,open_closed,door,open,closed,-1.5235404968261719,-1.5246315002441406,0.00109100341796875,-1.5235404968261719,False,False,True
IF_00636,BASE_0064,contradict_bare,open_closed,door,open,closed,-1.4096980094909668,-1.4333534240722656,0.023655414581298828,-1.4096980094909668,False,False,True
IF_00637,BASE_0064,contradict_temporal,open_closed,door,open,closed,-1.482323169708252,-1.4751362800598145,-0.0071868896484375,-1.482323169708252,False,False,True
IF_00638,BASE_0064,contradict_reinforced,open_closed,door,open,closed,-1.223494529724121,-1.2411623001098633,0.017667770385742188,-1.223494529724121,False,False,True
IF_00639,BASE_0064,explicit_override,open_closed,door,open,closed,-1.310063362121582,-1.293586254119873,-0.016477108001708984,-1.310063362121582,False,False,True
IF_00640,BASE_0064,reported_event,open_closed,door,open,closed,-1.160719871520996,-1.1849431991577148,0.02422332763671875,-1.160719871520996,False,False,True
IF_00641,BASE_0065,no_context,open_closed,door,open,closed,-1.4837074279785156,-1.4837074279785156,0.0,-1.4837074279785156,False,False,True
IF_00642,BASE_0065,explicit_final,open_closed,door,open,closed,-1.3496313095092773,-1.3022494316101074,-0.04738187789916992,-1.3496313095092773,False,False,True
IF_00643,BASE_0065,last_event,open_closed,door,open,closed,-1.4042692184448242,-1.4218273162841797,0.01755809783935547,-1.4042692184448242,False,False,True
IF_00644,BASE_0065,consistent_prior,open_closed,door,open,closed,-1.3992900848388672,-1.382918357849121,-0.016371726989746094,-1.3992900848388672,False,False,True
IF_00645,BASE_0065,distractor_event,open_closed,door,open,closed,-1.4583148956298828,-1.4662256240844727,0.007910728454589844,-1.4583148956298828,False,False,True
IF_00646,BASE_0065,contradict_bare,open_closed,door,open,closed,-1.3254003524780273,-1.3665213584899902,0.04112100601196289,-1.3254003524780273,False,False,True
IF_00647,BASE_0065,contradict_temporal,open_closed,door,open,closed,-1.4090638160705566,-1.4316024780273438,0.02253866195678711,-1.4090638160705566,False,False,True
IF_00648,BASE_0065,contradict_reinforced,open_closed,door,open,closed,-1.1478404998779297,-1.1882634162902832,0.040422916412353516,-1.1478404998779297,False,False,True
IF_00649,BASE_0065,explicit_override,open_closed,door,open,closed,-1.310063362121582,-1.293586254119873,-0.016477108001708984,-1.310063362121582,False,False,True
IF_00650,BASE_0065,reported_event,open_closed,door,open,closed,-1.1237568855285645,-1.1515421867370605,0.027785301208496094,-1.1237568855285645,False,False,True
IF_00651,BASE_0066,no_context,open_closed,door,open,closed,-1.4837074279785156,-1.4837074279785156,0.0,-1.4837074279785156,False,False,True
IF_00652,BASE_0066,explicit_final,open_closed,door,open,closed,-1.3496313095092773,-1.3022494316101074,-0.04738187789916992,-1.3496313095092773,False,False,True
IF_00653,BASE_0066,last_event,open_closed,door,open,closed,-1.4991931915283203,-1.5055880546569824,0.006394863128662109,-1.4991931915283203,False,False,True
IF_00654,BASE_0066,consistent_prior,open_closed,door,open,closed,-1.5308113098144531,-1.4936256408691406,-0.0371856689453125,-1.5308113098144531,False,False,True
IF_00655,BASE_0066,distractor_event,open_closed,door,open,closed,-1.535181999206543,-1.5454630851745605,0.010281085968017578,-1.535181999206543,False,False,True
IF_00656,BASE_0066,contradict_bare,open_closed,door,open,closed,-1.4599566459655762,-1.490264892578125,0.030308246612548828,-1.4599566459655762,False,False,True
IF_00657,BASE_0066,contradict_temporal,open_closed,door,open,closed,-1.518294334411621,-1.5217723846435547,0.0034780502319335938,-1.518294334411621,False,False,True
IF_00658,BASE_0066,contradict_reinforced,open_closed,door,open,closed,-1.2687735557556152,-1.2949228286743164,0.026149272918701172,-1.2687735557556152,False,False,True
IF_00659,BASE_0066,explicit_override,open_closed,door,open,closed,-1.310063362121582,-1.293586254119873,-0.016477108001708984,-1.310063362121582,False,False,True
IF_00660,BASE_0066,reported_event,open_closed,door,open,closed,-1.2010622024536133,-1.2130045890808105,0.011942386627197266,-1.2010622024536133,False,False,True
IF_00661,BASE_0067,no_context,open_closed,door,open,closed,-1.4837074279785156,-1.4837074279785156,0.0,-1.4837074279785156,False,False,True
IF_00662,BASE_0067,explicit_final,open_closed,door,open,closed,-1.3496313095092773,-1.3022494316101074,-0.04738187789916992,-1.3496313095092773,False,False,True
IF_00663,BASE_0067,last_event,open_closed,door,open,closed,-1.435011863708496,-1.4465808868408203,0.011569023132324219,-1.435011863708496,False,False,True
IF_00664,BASE_0067,consistent_prior,open_closed,door,open,closed,-1.4594411849975586,-1.433213233947754,-0.026227951049804688,-1.4594411849975586,False,False,True
IF_00665,BASE_0067,distractor_event,open_closed,door,open,closed,-1.5130596160888672,-1.519728183746338,0.006668567657470703,-1.5130596160888672,False,False,True
IF_00666,BASE_0067,contradict_bare,open_closed,door,open,closed,-1.3378243446350098,-1.3700165748596191,0.032192230224609375,-1.3378243446350098,False,False,True
IF_00667,BASE_0067,contradict_temporal,open_closed,door,open,closed,-1.452970027923584,-1.4627976417541504,0.009827613830566406,-1.452970027923584,False,False,True
IF_00668,BASE_0067,contradict_reinforced,open_closed,door,open,closed,-1.1890807151794434,-1.2245054244995117,0.03542470932006836,-1.1890807151794434,False,False,True
IF_00669,BASE_0067,explicit_override,open_closed,door,open,closed,-1.310063362121582,-1.293586254119873,-0.016477108001708984,-1.310063362121582,False,False,True
IF_00670,BASE_0067,reported_event,open_closed,door,open,closed,-1.0985345840454102,-1.1241569519042969,0.02562236785888672,-1.0985345840454102,False,False,True
IF_00671,BASE_0068,no_context,open_closed,door,open,closed,-1.4837074279785156,-1.4837074279785156,0.0,-1.4837074279785156,False,False,True
IF_00672,BASE_0068,explicit_final,open_closed,door,open,closed,-1.3496313095092773,-1.3022494316101074,-0.04738187789916992,-1.3496313095092773,False,False,True
IF_00673,BASE_0068,last_event,open_closed,door,open,closed,-1.4066805839538574,-1.4242939949035645,0.01761341094970703,-1.4066805839538574,False,False,True
IF_00674,BASE_0068,consistent_prior,open_closed,door,open,closed,-1.4213671684265137,-1.4066972732543945,-0.01466989517211914,-1.4213671684265137,False,False,True
IF_00675,BASE_0068,distractor_event,open_closed,door,open,closed,-1.5533251762390137,-1.555063247680664,0.0017380714416503906,-1.5533251762390137,False,False,True
IF_00676,BASE_0068,contradict_bare,open_closed,door,open,closed,-1.3472347259521484,-1.3875536918640137,0.040318965911865234,-1.3472347259521484,False,False,True
IF_00677,BASE_0068,contradict_temporal,open_closed,door,open,closed,-1.4113364219665527,-1.4381599426269531,0.02682352066040039,-1.4113364219665527,False,False,True
IF_00678,BASE_0068,contradict_reinforced,open_closed,door,open,closed,-1.1591548919677734,-1.2021708488464355,0.04301595687866211,-1.1591548919677734,False,False,True
IF_00679,BASE_0068,explicit_override,open_closed,door,open,closed,-1.310063362121582,-1.293586254119873,-0.016477108001708984,-1.310063362121582,False,False,True
IF_00680,BASE_0068,reported_event,open_closed,door,open,closed,-1.1070880889892578,-1.1264863014221191,0.019398212432861328,-1.1070880889892578,False,False,True
IF_00681,BASE_0069,no_context,open_closed,door,open,closed,-1.4837074279785156,-1.4837074279785156,0.0,-1.4837074279785156,False,False,True
IF_00682,BASE_0069,explicit_final,open_closed,door,open,closed,-1.3496313095092773,-1.3022494316101074,-0.04738187789916992,-1.3496313095092773,False,False,True
IF_00683,BASE_0069,last_event,open_closed,door,open,closed,-1.3879666328430176,-1.3986883163452148,0.010721683502197266,-1.3879666328430176,False,False,True
IF_00684,BASE_0069,consistent_prior,open_closed,door,open,closed,-1.4439010620117188,-1.415870189666748,-0.028030872344970703,-1.4439010620117188,False,False,True
IF_00685,BASE_0069,distractor_event,open_closed,door,open,closed,-1.5133004188537598,-1.5097160339355469,-0.0035843849182128906,-1.5133004188537598,False,False,True
IF_00686,BASE_0069,contradict_bare,open_closed,door,open,closed,-1.3162126541137695,-1.3414931297302246,0.025280475616455078,-1.3162126541137695,False,False,True
IF_00687,BASE_0069,contradict_temporal,open_closed,door,open,closed,-1.4453835487365723,-1.4437360763549805,-0.0016474723815917969,-1.4453835487365723,False,False,True
IF_00688,BASE_0069,contradict_reinforced,open_closed,door,open,closed,-1.1758995056152344,-1.201798915863037,0.025899410247802734,-1.1758995056152344,False,False,True
IF_00689,BASE_0069,explicit_override,open_closed,door,open,closed,-1.310063362121582,-1.293586254119873,-0.016477108001708984,-1.310063362121582,False,False,True
IF_00690,BASE_0069,reported_event,open_closed,door,open,closed,-1.0364246368408203,-1.0608716011047363,0.024446964263916016,-1.0364246368408203,False,False,True
IF_00691,BASE_0070,no_context,open_closed,door,open,closed,-1.4837074279785156,-1.4837074279785156,0.0,-1.4837074279785156,False,False,True
IF_00692,BASE_0070,explicit_final,open_closed,door,open,closed,-1.3496313095092773,-1.3022494316101074,-0.04738187789916992,-1.3496313095092773,False,False,True
IF_00693,BASE_0070,last_event,open_closed,door,open,closed,-1.4539780616760254,-1.4765825271606445,0.02260446548461914,-1.4539780616760254,False,False,True
IF_00694,BASE_0070,consistent_prior,open_closed,door,open,closed,-1.4425430297851562,-1.4253172874450684,-0.01722574234008789,-1.4425430297851562,False,False,True
IF_00695,BASE_0070,distractor_event,open_closed,door,open,closed,-1.5291547775268555,-1.5347785949707031,0.005623817443847656,-1.5291547775268555,False,False,True
IF_00696,BASE_0070,contradict_bare,open_closed,door,open,closed,-1.3704833984375,-1.4151740074157715,0.044690608978271484,-1.3704833984375,False,False,True
IF_00697,BASE_0070,contradict_temporal,open_closed,door,open,closed,-1.4157357215881348,-1.4499640464782715,0.03422832489013672,-1.4157357215881348,False,False,True
IF_00698,BASE_0070,contradict_reinforced,open_closed,door,open,closed,-1.1654400825500488,-1.2176713943481445,0.0522313117980957,-1.1654400825500488,False,False,True
IF_00699,BASE_0070,explicit_override,open_closed,door,open,closed,-1.310063362121582,-1.293586254119873,-0.016477108001708984,-1.310063362121582,False,False,True
IF_00700,BASE_0070,reported_event,open_closed,door,open,closed,-1.07759428024292,-1.1122636795043945,0.03466939926147461,-1.07759428024292,False,False,True
IF_00701,BASE_0071,no_context,open_closed,drawer,open,closed,-1.2843165397644043,-1.2843165397644043,0.0,-1.2843165397644043,False,False,True
IF_00702,BASE_0071,explicit_final,open_closed,drawer,open,closed,-1.1489710807800293,-1.1067571640014648,-0.04221391677856445,-1.1489710807800293,False,False,True
IF_00703,BASE_0071,last_event,open_closed,drawer,open,closed,-1.421511173248291,-1.3828349113464355,-0.03867626190185547,-1.421511173248291,False,False,True
IF_00704,BASE_0071,consistent_prior,open_closed,drawer,open,closed,-1.4053030014038086,-1.382068157196045,-0.023234844207763672,-1.4053030014038086,False,False,True
IF_00705,BASE_0071,distractor_event,open_closed,drawer,open,closed,-1.4421486854553223,-1.4261088371276855,-0.01603984832763672,-1.4421486854553223,False,False,True
IF_00706,BASE_0071,contradict_bare,open_closed,drawer,open,closed,-1.3202252388000488,-1.3141274452209473,-0.0060977935791015625,-1.3202252388000488,False,False,True
IF_00707,BASE_0071,contradict_temporal,open_closed,drawer,open,closed,-1.4249777793884277,-1.413003921508789,-0.011973857879638672,-1.4249777793884277,False,False,True
IF_00708,BASE_0071,contradict_reinforced,open_closed,drawer,open,closed,-1.2545585632324219,-1.266186237335205,0.011627674102783203,-1.2545585632324219,False,False,True
IF_00709,BASE_0071,explicit_override,open_closed,drawer,open,closed,-1.2689709663391113,-1.2221026420593262,-0.046868324279785156,-1.2689709663391113,False,False,True
IF_00710,BASE_0071,reported_event,open_closed,drawer,open,closed,-0.9828200340270996,-0.9941673278808594,0.011347293853759766,-0.9828200340270996,False,False,True
IF_00711,BASE_0072,no_context,open_closed,drawer,open,closed,-1.2843165397644043,-1.2843165397644043,0.0,-1.2843165397644043,False,False,True
IF_00712,BASE_0072,explicit_final,open_closed,drawer,open,closed,-1.1489710807800293,-1.1067571640014648,-0.04221391677856445,-1.1489710807800293,False,False,True
IF_00713,BASE_0072,last_event,open_closed,drawer,open,closed,-1.4489555358886719,-1.4044146537780762,-0.0445408821105957,-1.4489555358886719,False,False,True
IF_00714,BASE_0072,consistent_prior,open_closed,drawer,open,closed,-1.4173893928527832,-1.3789968490600586,-0.03839254379272461,-1.4173893928527832,False,False,True
IF_00715,BASE_0072,distractor_event,open_closed,drawer,open,closed,-1.4355974197387695,-1.4146385192871094,-0.020958900451660156,-1.4355974197387695,False,False,True
IF_00716,BASE_0072,contradict_bare,open_closed,drawer,open,closed,-1.3403363227844238,-1.3300299644470215,-0.010306358337402344,-1.3403363227844238,False,False,True
IF_00717,BASE_0072,contradict_temporal,open_closed,drawer,open,closed,-1.4321503639221191,-1.4167232513427734,-0.015427112579345703,-1.4321503639221191,False,False,True
IF_00718,BASE_0072,contradict_reinforced,open_closed,drawer,open,closed,-1.2549705505371094,-1.2691755294799805,0.014204978942871094,-1.2549705505371094,False,False,True
IF_00719,BASE_0072,explicit_override,open_closed,drawer,open,closed,-1.2689709663391113,-1.2221026420593262,-0.046868324279785156,-1.2689709663391113,False,False,True
IF_00720,BASE_0072,reported_event,open_closed,drawer,open,closed,-1.081343173980713,-1.06793212890625,-0.01341104507446289,-1.081343173980713,False,False,True
IF_00721,BASE_0073,no_context,open_closed,drawer,open,closed,-1.2843165397644043,-1.2843165397644043,0.0,-1.2843165397644043,False,False,True
IF_00722,BASE_0073,explicit_final,open_closed,drawer,open,closed,-1.1489710807800293,-1.1067571640014648,-0.04221391677856445,-1.1489710807800293,False,False,True
IF_00723,BASE_0073,last_event,open_closed,drawer,open,closed,-1.428055763244629,-1.394005298614502,-0.03405046463012695,-1.428055763244629,False,False,True
IF_00724,BASE_0073,consistent_prior,open_closed,drawer,open,closed,-1.484511375427246,-1.4493675231933594,-0.03514385223388672,-1.484511375427246,False,False,True
IF_00725,BASE_0073,distractor_event,open_closed,drawer,open,closed,-1.4924306869506836,-1.4734206199645996,-0.019010066986083984,-1.4924306869506836,False,False,True
IF_00726,BASE_0073,contradict_bare,open_closed,drawer,open,closed,-1.3727269172668457,-1.3553094863891602,-0.017417430877685547,-1.3727269172668457,False,False,True
IF_00727,BASE_0073,contradict_temporal,open_closed,drawer,open,closed,-1.508777141571045,-1.4791908264160156,-0.029586315155029297,-1.508777141571045,False,False,True
IF_00728,BASE_0073,contradict_reinforced,open_closed,drawer,open,closed,-1.3094415664672852,-1.306595802307129,-0.00284576416015625,-1.3094415664672852,False,False,True
IF_00729,BASE_0073,explicit_override,open_closed,drawer,open,closed,-1.2689709663391113,-1.2221026420593262,-0.046868324279785156,-1.2689709663391113,False,False,True
IF_00730,BASE_0073,reported_event,open_closed,drawer,open,closed,-1.0956411361694336,-1.1014866828918457,0.005845546722412109,-1.0956411361694336,False,False,True
IF_00731,BASE_0074,no_context,open_closed,drawer,open,closed,-1.2843165397644043,-1.2843165397644043,0.0,-1.2843165397644043,False,False,True
IF_00732,BASE_0074,explicit_final,open_closed,drawer,open,closed,-1.1489710807800293,-1.1067571640014648,-0.04221391677856445,-1.1489710807800293,False,False,True
IF_00733,BASE_0074,last_event,open_closed,drawer,open,closed,-1.4484434127807617,-1.411938190460205,-0.03650522232055664,-1.4484434127807617,False,False,True
IF_00734,BASE_0074,consistent_prior,open_closed,drawer,open,closed,-1.4941611289978027,-1.426839828491211,-0.0673213005065918,-1.4941611289978027,False,False,True
IF_00735,BASE_0074,distractor_event,open_closed,drawer,open,closed,-1.4816970825195312,-1.451608657836914,-0.030088424682617188,-1.4816970825195312,False,False,True
IF_00736,BASE_0074,contradict_bare,open_closed,drawer,open,closed,-1.395246982574463,-1.3683357238769531,-0.026911258697509766,-1.395246982574463,False,False,True
IF_00737,BASE_0074,contradict_temporal,open_closed,drawer,open,closed,-1.511392593383789,-1.4544177055358887,-0.05697488784790039,-1.511392593383789,False,False,True
IF_00738,BASE_0074,contradict_reinforced,open_closed,drawer,open,closed,-1.3245768547058105,-1.2978968620300293,-0.02667999267578125,-1.3245768547058105,False,False,True
IF_00739,BASE_0074,explicit_override,open_closed,drawer,open,closed,-1.2689709663391113,-1.2221026420593262,-0.046868324279785156,-1.2689709663391113,False,False,True
IF_00740,BASE_0074,reported_event,open_closed,drawer,open,closed,-1.1355257034301758,-1.1234040260314941,-0.01212167739868164,-1.1355257034301758,False,False,True
IF_00741,BASE_0075,no_context,open_closed,drawer,open,closed,-1.2843165397644043,-1.2843165397644043,0.0,-1.2843165397644043,False,False,True
IF_00742,BASE_0075,explicit_final,open_closed,drawer,open,closed,-1.1489710807800293,-1.1067571640014648,-0.04221391677856445,-1.1489710807800293,False,False,True
IF_00743,BASE_0075,last_event,open_closed,drawer,open,closed,-1.440351963043213,-1.4050297737121582,-0.03532218933105469,-1.440351963043213,False,False,True
IF_00744,BASE_0075,consistent_prior,open_closed,drawer,open,closed,-1.4285831451416016,-1.3974056243896484,-0.031177520751953125,-1.4285831451416016,False,False,True
IF_00745,BASE_0075,distractor_event,open_closed,drawer,open,closed,-1.4699997901916504,-1.451272964477539,-0.018726825714111328,-1.4699997901916504,False,False,True
IF_00746,BASE_0075,contradict_bare,open_closed,drawer,open,closed,-1.3326172828674316,-1.323427677154541,-0.009189605712890625,-1.3326172828674316,False,False,True
IF_00747,BASE_0075,contradict_temporal,open_closed,drawer,open,closed,-1.4726972579956055,-1.4542293548583984,-0.01846790313720703,-1.4726972579956055,False,False,True
IF_00748,BASE_0075,contradict_reinforced,open_closed,drawer,open,closed,-1.2712616920471191,-1.2809181213378906,0.009656429290771484,-1.2712616920471191,False,False,True
IF_00749,BASE_0075,explicit_override,open_closed,drawer,open,closed,-1.2689709663391113,-1.2221026420593262,-0.046868324279785156,-1.2689709663391113,False,False,True
IF_00750,BASE_0075,reported_event,open_closed,drawer,open,closed,-1.0181384086608887,-1.0209331512451172,0.0027947425842285156,-1.0181384086608887,False,False,True
IF_00751,BASE_0076,no_context,open_closed,drawer,open,closed,-1.2843165397644043,-1.2843165397644043,0.0,-1.2843165397644043,False,False,True
IF_00752,BASE_0076,explicit_final,open_closed,drawer,open,closed,-1.1489710807800293,-1.1067571640014648,-0.04221391677856445,-1.1489710807800293,False,False,True
IF_00753,BASE_0076,last_event,open_closed,drawer,open,closed,-1.473069667816162,-1.4302330017089844,-0.042836666107177734,-1.473069667816162,False,False,True
IF_00754,BASE_0076,consistent_prior,open_closed,drawer,open,closed,-1.5156660079956055,-1.4617829322814941,-0.05388307571411133,-1.5156660079956055,False,False,True
IF_00755,BASE_0076,distractor_event,open_closed,drawer,open,closed,-1.4747648239135742,-1.4585165977478027,-0.016248226165771484,-1.4747648239135742,False,False,True
IF_00756,BASE_0076,contradict_bare,open_closed,drawer,open,closed,-1.42210054397583,-1.4051189422607422,-0.01698160171508789,-1.42210054397583,False,False,True
IF_00757,BASE_0076,contradict_temporal,open_closed,drawer,open,closed,-1.536870002746582,-1.4956841468811035,-0.041185855865478516,-1.536870002746582,False,False,True
IF_00758,BASE_0076,contradict_reinforced,open_closed,drawer,open,closed,-1.353062629699707,-1.3405766487121582,-0.012485980987548828,-1.353062629699707,False,False,True
IF_00759,BASE_0076,explicit_override,open_closed,drawer,open,closed,-1.2689709663391113,-1.2221026420593262,-0.046868324279785156,-1.2689709663391113,False,False,True
IF_00760,BASE_0076,reported_event,open_closed,drawer,open,closed,-1.1773653030395508,-1.1565933227539062,-0.02077198028564453,-1.1773653030395508,False,False,True
IF_00761,BASE_0077,no_context,open_closed,drawer,open,closed,-1.2843165397644043,-1.2843165397644043,0.0,-1.2843165397644043,False,False,True
IF_00762,BASE_0077,explicit_final,open_closed,drawer,open,closed,-1.1489710807800293,-1.1067571640014648,-0.04221391677856445,-1.1489710807800293,False,False,True
IF_00763,BASE_0077,last_event,open_closed,drawer,open,closed,-1.4410181045532227,-1.406097412109375,-0.034920692443847656,-1.4410181045532227,False,False,True
IF_00764,BASE_0077,consistent_prior,open_closed,drawer,open,closed,-1.4713020324707031,-1.4277939796447754,-0.043508052825927734,-1.4713020324707031,False,False,True
IF_00765,BASE_0077,distractor_event,open_closed,drawer,open,closed,-1.484809398651123,-1.4687261581420898,-0.016083240509033203,-1.484809398651123,False,False,True
IF_00766,BASE_0077,contradict_bare,open_closed,drawer,open,closed,-1.3391337394714355,-1.3240509033203125,-0.015082836151123047,-1.3391337394714355,False,False,True
IF_00767,BASE_0077,contradict_temporal,open_closed,drawer,open,closed,-1.4947175979614258,-1.463437557220459,-0.0312800407409668,-1.4947175979614258,False,False,True
IF_00768,BASE_0077,contradict_reinforced,open_closed,drawer,open,closed,-1.2938580513000488,-1.2932853698730469,-0.0005726814270019531,-1.2938580513000488,False,False,True
IF_00769,BASE_0077,explicit_override,open_closed,drawer,open,closed,-1.2689709663391113,-1.2221026420593262,-0.046868324279785156,-1.2689709663391113,False,False,True
IF_00770,BASE_0077,reported_event,open_closed,drawer,open,closed,-1.1286015510559082,-1.1113576889038086,-0.01724386215209961,-1.1286015510559082,False,False,True
IF_00771,BASE_0078,no_context,open_closed,drawer,open,closed,-1.2843165397644043,-1.2843165397644043,0.0,-1.2843165397644043,False,False,True
IF_00772,BASE_0078,explicit_final,open_closed,drawer,open,closed,-1.1489710807800293,-1.1067571640014648,-0.04221391677856445,-1.1489710807800293,False,False,True
IF_00773,BASE_0078,last_event,open_closed,drawer,open,closed,-1.4366402626037598,-1.4071097373962402,-0.02953052520751953,-1.4366402626037598,False,False,True
IF_00774,BASE_0078,consistent_prior,open_closed,drawer,open,closed,-1.4383277893066406,-1.414529800415039,-0.023797988891601562,-1.4383277893066406,False,False,True
IF_00775,BASE_0078,distractor_event,open_closed,drawer,open,closed,-1.4393115043640137,-1.418349266052246,-0.020962238311767578,-1.4393115043640137,False,False,True
IF_00776,BASE_0078,contradict_bare,open_closed,drawer,open,closed,-1.348924160003662,-1.3404912948608398,-0.008432865142822266,-1.348924160003662,False,False,True
IF_00777,BASE_0078,contradict_temporal,open_closed,drawer,open,closed,-1.4657721519470215,-1.4558258056640625,-0.009946346282958984,-1.4657721519470215,False,False,True
IF_00778,BASE_0078,contradict_reinforced,open_closed,drawer,open,closed,-1.273801326751709,-1.2896127700805664,0.015811443328857422,-1.273801326751709,False,False,True
IF_00779,BASE_0078,explicit_override,open_closed,drawer,open,closed,-1.2689709663391113,-1.2221026420593262,-0.046868324279785156,-1.2689709663391113,False,False,True
IF_00780,BASE_0078,reported_event,open_closed,drawer,open,closed,-1.027083396911621,-1.0359129905700684,0.008829593658447266,-1.027083396911621,False,False,True
IF_00781,BASE_0079,no_context,open_closed,drawer,open,closed,-1.2843165397644043,-1.2843165397644043,0.0,-1.2843165397644043,False,False,True
IF_00782,BASE_0079,explicit_final,open_closed,drawer,open,closed,-1.1489710807800293,-1.1067571640014648,-0.04221391677856445,-1.1489710807800293,False,False,True
IF_00783,BASE_0079,last_event,open_closed,drawer,open,closed,-1.397049903869629,-1.3641562461853027,-0.03289365768432617,-1.397049903869629,False,False,True
IF_00784,BASE_0079,consistent_prior,open_closed,drawer,open,closed,-1.486297607421875,-1.4314045906066895,-0.05489301681518555,-1.486297607421875,False,False,True
IF_00785,BASE_0079,distractor_event,open_closed,drawer,open,closed,-1.4957561492919922,-1.46528959274292,-0.030466556549072266,-1.4957561492919922,False,False,True
IF_00786,BASE_0079,contradict_bare,open_closed,drawer,open,closed,-1.32548189163208,-1.297111988067627,-0.028369903564453125,-1.32548189163208,False,False,True
IF_00787,BASE_0079,contradict_temporal,open_closed,drawer,open,closed,-1.4986815452575684,-1.4533591270446777,-0.045322418212890625,-1.4986815452575684,False,False,True
IF_00788,BASE_0079,contradict_reinforced,open_closed,drawer,open,closed,-1.302025318145752,-1.2896194458007812,-0.012405872344970703,-1.302025318145752,False,False,True
IF_00789,BASE_0079,explicit_override,open_closed,drawer,open,closed,-1.2689709663391113,-1.2221026420593262,-0.046868324279785156,-1.2689709663391113,False,False,True
IF_00790,BASE_0079,reported_event,open_closed,drawer,open,closed,-1.121561050415039,-1.1041183471679688,-0.017442703247070312,-1.121561050415039,False,False,True
IF_00791,BASE_0080,no_context,open_closed,drawer,open,closed,-1.2843165397644043,-1.2843165397644043,0.0,-1.2843165397644043,False,False,True
IF_00792,BASE_0080,explicit_final,open_closed,drawer,open,closed,-1.1489710807800293,-1.1067571640014648,-0.04221391677856445,-1.1489710807800293,False,False,True
IF_00793,BASE_0080,last_event,open_closed,drawer,open,closed,-1.4781928062438965,-1.4518837928771973,-0.02630901336669922,-1.4781928062438965,False,False,True
IF_00794,BASE_0080,consistent_prior,open_closed,drawer,open,closed,-1.4529247283935547,-1.4208369255065918,-0.03208780288696289,-1.4529247283935547,False,False,True
IF_00795,BASE_0080,distractor_event,open_closed,drawer,open,closed,-1.4643163681030273,-1.4468741416931152,-0.01744222640991211,-1.4643163681030273,False,False,True
IF_00796,BASE_0080,contradict_bare,open_closed,drawer,open,closed,-1.3737850189208984,-1.3679161071777344,-0.0058689117431640625,-1.3737850189208984,False,False,True
IF_00797,BASE_0080,contradict_temporal,open_closed,drawer,open,closed,-1.4689912796020508,-1.4609718322753906,-0.008019447326660156,-1.4689912796020508,False,False,True
IF_00798,BASE_0080,contradict_reinforced,open_closed,drawer,open,closed,-1.2761435508728027,-1.295403003692627,0.01925945281982422,-1.2761435508728027,False,False,True
IF_00799,BASE_0080,explicit_override,open_closed,drawer,open,closed,-1.2689709663391113,-1.2221026420593262,-0.046868324279785156,-1.2689709663391113,False,False,True
IF_00800,BASE_0080,reported_event,open_closed,drawer,open,closed,-1.1492500305175781,-1.1460652351379395,-0.003184795379638672,-1.1492500305175781,False,False,True
