frame_id,base_id,condition,family,object,alt_a,alt_b,delta1,delta2,interaction,min_signed_margin,crossed_success,same_a_bias,same_b_bias
IF_00001,BASE_0001,no_context,empty_full,glass,empty,full,1.23394775390625,1.23394775390625,0.0,-1.23394775390625,False,True,False
IF_00002,BASE_0001,explicit_final,empty_full,glass,empty,full,5.901261270046234,-8.330787336453795,14.23204860650003,5.901261270046234,True,False,False
IF_00003,BASE_0001,last_event,empty_full,glass,empty,full,3.5683298110961914,0.6127238273620605,2.955605983734131,-0.6127238273620605,False,True,False
IF_00004,BASE_0001,consistent_prior,empty_full,glass,empty,full,5.967295527458191,-7.002288054674864,12.969583582133055,5.967295527458191,True,False,False
IF_00005,BASE_0001,distractor_event,empty_full,glass,empty,full,1.8205780982971191,0.981144905090332,0.8394331932067871,-0.981144905090332,False,True,False
IF_00006,BASE_0001,contradict_bare,empty_full,glass,empty,full,-6.474321238696575,5.788237035274506,-12.26255827397108,-6.474321238696575,False,False,False
IF_00007,BASE_0001,contradict_temporal,empty_full,glass,empty,full,-6.4696033373475075,5.997048914432526,-12.466652251780033,-6.4696033373475075,False,False,False
IF_00008,BASE_0001,contradict_reinforced,empty_full,glass,empty,full,-5.709153406322002,5.726414799690247,-11.435568206012249,-5.726414799690247,False,False,False
IF_00009,BASE_0001,explicit_override,empty_full,glass,empty,full,0.8095178604125977,-2.3335562646389008,3.1430741250514984,0.8095178604125977,True,False,False
IF_00010,BASE_0001,reported_event,empty_full,glass,empty,full,3.67275333404541,3.187518835067749,0.48523449897766113,-3.187518835067749,False,True,False
IF_00011,BASE_0002,no_context,empty_full,glass,empty,full,1.23394775390625,1.23394775390625,0.0,-1.23394775390625,False,True,False
IF_00012,BASE_0002,explicit_final,empty_full,glass,empty,full,5.901261270046234,-8.330787336453795,14.23204860650003,5.901261270046234,True,False,False
IF_00013,BASE_0002,last_event,empty_full,glass,empty,full,2.7822957038879395,0.7986974716186523,1.983598232269287,-0.7986974716186523,False,True,False
IF_00014,BASE_0002,consistent_prior,empty_full,glass,empty,full,5.91599515080452,-7.301586885005236,13.217582035809755,5.91599515080452,True,False,False
IF_00015,BASE_0002,distractor_event,empty_full,glass,empty,full,1.4483060836791992,0.5520753860473633,0.8962306976318359,-0.5520753860473633,False,True,False
IF_00016,BASE_0002,contradict_bare,empty_full,glass,empty,full,-6.94749940559268,5.714561700820923,-12.662061106413603,-6.94749940559268,False,False,False
IF_00017,BASE_0002,contradict_temporal,empty_full,glass,empty,full,-6.830320566892624,5.957551538944244,-12.787872105836868,-6.830320566892624,False,False,False
IF_00018,BASE_0002,contradict_reinforced,empty_full,glass,empty,full,-6.331696651875973,5.745617985725403,-12.077314637601376,-6.331696651875973,False,False,False
IF_00019,BASE_0002,explicit_override,empty_full,glass,empty,full,0.8095178604125977,-2.3335562646389008,3.1430741250514984,0.8095178604125977,True,False,False
IF_00020,BASE_0002,reported_event,empty_full,glass,empty,full,3.24868106842041,2.444149971008301,0.8045310974121094,-2.444149971008301,False,True,False
IF_00021,BASE_0003,no_context,empty_full,glass,empty,full,1.23394775390625,1.23394775390625,0.0,-1.23394775390625,False,True,False
IF_00022,BASE_0003,explicit_final,empty_full,glass,empty,full,5.901261270046234,-8.330787336453795,14.23204860650003,5.901261270046234,True,False,False
IF_00023,BASE_0003,last_event,empty_full,glass,empty,full,3.1603732109069824,0.42237281799316406,2.7380003929138184,-0.42237281799316406,False,True,False
IF_00024,BASE_0003,consistent_prior,empty_full,glass,empty,full,5.841381669044495,-7.252352815121412,13.093734484165907,5.841381669044495,True,False,False
IF_00025,BASE_0003,distractor_event,empty_full,glass,empty,full,1.5637621879577637,1.0369086265563965,0.5268535614013672,-1.0369086265563965,False,True,False
IF_00026,BASE_0003,contradict_bare,empty_full,glass,empty,full,-6.874497525393963,5.554392695426941,-12.428890220820904,-6.874497525393963,False,False,False
IF_00027,BASE_0003,contradict_temporal,empty_full,glass,empty,full,-6.7779014855623245,5.7331990003585815,-12.511100485920906,-6.7779014855623245,False,False,False
IF_00028,BASE_0003,contradict_reinforced,empty_full,glass,empty,full,-6.304306119680405,5.490860462188721,-11.795166581869125,-6.304306119680405,False,False,False
IF_00029,BASE_0003,explicit_override,empty_full,glass,empty,full,0.8095178604125977,-2.3335562646389008,3.1430741250514984,0.8095178604125977,True,False,False
IF_00030,BASE_0003,reported_event,empty_full,glass,empty,full,3.1995272636413574,2.4581637382507324,0.741363525390625,-2.4581637382507324,False,True,False
IF_00031,BASE_0004,no_context,empty_full,glass,empty,full,1.23394775390625,1.23394775390625,0.0,-1.23394775390625,False,True,False
IF_00032,BASE_0004,explicit_final,empty_full,glass,empty,full,5.901261270046234,-8.330787336453795,14.23204860650003,5.901261270046234,True,False,False
IF_00033,BASE_0004,last_event,empty_full,glass,empty,full,3.327056884765625,0.2019662857055664,3.1250905990600586,-0.2019662857055664,False,True,False
IF_00034,BASE_0004,consistent_prior,empty_full,glass,empty,full,5.90824693441391,-7.183500085026026,13.091747019439936,5.90824693441391,True,False,False
IF_00035,BASE_0004,distractor_event,empty_full,glass,empty,full,2.1044020652770996,1.0252008438110352,1.0792012214660645,-1.0252008438110352,False,True,False
IF_00036,BASE_0004,contradict_bare,empty_full,glass,empty,full,-6.6111156567931175,5.715258419513702,-12.32637407630682,-6.6111156567931175,False,False,False
IF_00037,BASE_0004,contradict_temporal,empty_full,glass,empty,full,-6.64113911986351,5.831490695476532,-12.472629815340042,-6.64113911986351,False,False,False
IF_00038,BASE_0004,contradict_reinforced,empty_full,glass,empty,full,-5.990214444696903,5.543480813503265,-11.533695258200169,-5.990214444696903,False,False,False
IF_00039,BASE_0004,explicit_override,empty_full,glass,empty,full,0.8095178604125977,-2.3335562646389008,3.1430741250514984,0.8095178604125977,True,False,False
IF_00040,BASE_0004,reported_event,empty_full,glass,empty,full,3.6759839057922363,2.5374622344970703,1.138521671295166,-2.5374622344970703,False,True,False
IF_00041,BASE_0005,no_context,empty_full,glass,empty,full,1.23394775390625,1.23394775390625,0.0,-1.23394775390625,False,True,False
IF_00042,BASE_0005,explicit_final,empty_full,glass,empty,full,5.901261270046234,-8.330787336453795,14.23204860650003,5.901261270046234,True,False,False
IF_00043,BASE_0005,last_event,empty_full,glass,empty,full,2.903007745742798,0.9438247680664062,1.9591829776763916,-0.9438247680664062,False,True,False
IF_00044,BASE_0005,consistent_prior,empty_full,glass,empty,full,5.924041718244553,-7.114053938537836,13.038095656782389,5.924041718244553,True,False,False
IF_00045,BASE_0005,distractor_event,empty_full,glass,empty,full,0.9934873580932617,0.3923521041870117,0.60113525390625,-0.3923521041870117,False,True,False
IF_00046,BASE_0005,contradict_bare,empty_full,glass,empty,full,-6.720702208578587,5.642625510692596,-12.363327719271183,-6.720702208578587,False,False,False
IF_00047,BASE_0005,contradict_temporal,empty_full,glass,empty,full,-6.622673958539963,5.805500507354736,-12.428174465894699,-6.622673958539963,False,False,False
IF_00048,BASE_0005,contradict_reinforced,empty_full,glass,empty,full,-6.16355612128973,5.565788507461548,-11.729344628751278,-6.16355612128973,False,False,False
IF_00049,BASE_0005,explicit_override,empty_full,glass,empty,full,0.8095178604125977,-2.3335562646389008,3.1430741250514984,0.8095178604125977,True,False,False
IF_00050,BASE_0005,reported_event,empty_full,glass,empty,full,3.0235238075256348,2.681887626647949,0.34163618087768555,-2.681887626647949,False,True,False
IF_00051,BASE_0006,no_context,empty_full,glass,empty,full,1.23394775390625,1.23394775390625,0.0,-1.23394775390625,False,True,False
IF_00052,BASE_0006,explicit_final,empty_full,glass,empty,full,5.901261270046234,-8.330787336453795,14.23204860650003,5.901261270046234,True,False,False
IF_00053,BASE_0006,last_event,empty_full,glass,empty,full,3.372982978820801,0.46677494049072266,2.906208038330078,-0.46677494049072266,False,True,False
IF_00054,BASE_0006,consistent_prior,empty_full,glass,empty,full,6.165469020605087,-7.159988436847925,13.325457457453012,6.165469020605087,True,False,False
IF_00055,BASE_0006,distractor_event,empty_full,glass,empty,full,2.0756263732910156,1.0695199966430664,1.0061063766479492,-1.0695199966430664,False,True,False
IF_00056,BASE_0006,contradict_bare,empty_full,glass,empty,full,-6.474855527281761,5.83060097694397,-12.305456504225731,-6.474855527281761,False,False,False
IF_00057,BASE_0006,contradict_temporal,empty_full,glass,empty,full,-6.582100838422775,5.970475792884827,-12.552576631307602,-6.582100838422775,False,False,False
IF_00058,BASE_0006,contradict_reinforced,empty_full,glass,empty,full,-5.962070614099503,5.692150831222534,-11.654221445322037,-5.962070614099503,False,False,False
IF_00059,BASE_0006,explicit_override,empty_full,glass,empty,full,0.8095178604125977,-2.3335562646389008,3.1430741250514984,0.8095178604125977,True,False,False
IF_00060,BASE_0006,reported_event,empty_full,glass,empty,full,3.5634427070617676,2.3330583572387695,1.230384349822998,-2.3330583572387695,False,True,False
IF_00061,BASE_0007,no_context,empty_full,glass,empty,full,1.23394775390625,1.23394775390625,0.0,-1.23394775390625,False,True,False
IF_00062,BASE_0007,explicit_final,empty_full,glass,empty,full,5.901261270046234,-8.330787336453795,14.23204860650003,5.901261270046234,True,False,False
IF_00063,BASE_0007,last_event,empty_full,glass,empty,full,3.5872135162353516,0.23018646240234375,3.357027053833008,-0.23018646240234375,False,True,False
IF_00064,BASE_0007,consistent_prior,empty_full,glass,empty,full,6.0057660937309265,-7.185088254511356,13.190854348242283,6.0057660937309265,True,False,False
IF_00065,BASE_0007,distractor_event,empty_full,glass,empty,full,2.1796560287475586,1.050549030303955,1.1291069984436035,-1.050549030303955,False,True,False
IF_00066,BASE_0007,contradict_bare,empty_full,glass,empty,full,-6.6309511214494705,5.684721648693085,-12.315672770142555,-6.6309511214494705,False,False,False
IF_00067,BASE_0007,contradict_temporal,empty_full,glass,empty,full,-6.659680433571339,5.9110119342803955,-12.570692367851734,-6.659680433571339,False,False,False
IF_00068,BASE_0007,contradict_reinforced,empty_full,glass,empty,full,-6.022452235221863,5.615106999874115,-11.637559235095978,-6.022452235221863,False,False,False
IF_00069,BASE_0007,explicit_override,empty_full,glass,empty,full,0.8095178604125977,-2.3335562646389008,3.1430741250514984,0.8095178604125977,True,False,False
IF_00070,BASE_0007,reported_event,empty_full,glass,empty,full,3.5270206928253174,2.4116320610046387,1.1153886318206787,-2.4116320610046387,False,True,False
IF_00071,BASE_0008,no_context,empty_full,glass,empty,full,1.23394775390625,1.23394775390625,0.0,-1.23394775390625,False,True,False
IF_00072,BASE_0008,explicit_final,empty_full,glass,empty,full,5.901261270046234,-8.330787336453795,14.23204860650003,5.901261270046234,True,False,False
IF_00073,BASE_0008,last_event,empty_full,glass,empty,full,3.3401150703430176,0.3850727081298828,2.9550423622131348,-0.3850727081298828,False,True,False
IF_00074,BASE_0008,consistent_prior,empty_full,glass,empty,full,5.8764628469944,-7.161108959466219,13.037571806460619,5.8764628469944,True,False,False
IF_00075,BASE_0008,distractor_event,empty_full,glass,empty,full,1.6628813743591309,0.6052188873291016,1.0576624870300293,-0.6052188873291016,False,True,False
IF_00076,BASE_0008,contradict_bare,empty_full,glass,empty,full,-6.565907388925552,5.6949397921562195,-12.260847181081772,-6.565907388925552,False,False,False
IF_00077,BASE_0008,contradict_temporal,empty_full,glass,empty,full,-6.664266616106033,5.726038813591003,-12.390305429697037,-6.664266616106033,False,False,False
IF_00078,BASE_0008,contradict_reinforced,empty_full,glass,empty,full,-6.0889274179935455,5.499088406562805,-11.58801582455635,-6.0889274179935455,False,False,False
IF_00079,BASE_0008,explicit_override,empty_full,glass,empty,full,0.8095178604125977,-2.3335562646389008,3.1430741250514984,0.8095178604125977,True,False,False
IF_00080,BASE_0008,reported_event,empty_full,glass,empty,full,3.2758588790893555,2.0750784873962402,1.2007803916931152,-2.0750784873962402,False,True,False
IF_00081,BASE_0009,no_context,empty_full,glass,empty,full,1.23394775390625,1.23394775390625,0.0,-1.23394775390625,False,True,False
IF_00082,BASE_0009,explicit_final,empty_full,glass,empty,full,5.901261270046234,-8.330787336453795,14.23204860650003,5.901261270046234,True,False,False
IF_00083,BASE_0009,last_event,empty_full,glass,empty,full,3.30271577835083,0.5827670097351074,2.7199487686157227,-0.5827670097351074,False,True,False
IF_00084,BASE_0009,consistent_prior,empty_full,glass,empty,full,5.915655463933945,-7.140367589890957,13.056023053824902,5.915655463933945,True,False,False
IF_00085,BASE_0009,distractor_event,empty_full,glass,empty,full,1.6647062301635742,0.8399124145507812,0.824793815612793,-0.8399124145507812,False,True,False
IF_00086,BASE_0009,contradict_bare,empty_full,glass,empty,full,-6.72802646458149,5.679495453834534,-12.407521918416023,-6.72802646458149,False,False,False
IF_00087,BASE_0009,contradict_temporal,empty_full,glass,empty,full,-6.653840094804764,5.902516961097717,-12.556357055902481,-6.653840094804764,False,False,False
IF_00088,BASE_0009,contradict_reinforced,empty_full,glass,empty,full,-6.065083660185337,5.643224120140076,-11.708307780325413,-6.065083660185337,False,False,False
IF_00089,BASE_0009,explicit_override,empty_full,glass,empty,full,0.8095178604125977,-2.3335562646389008,3.1430741250514984,0.8095178604125977,True,False,False
IF_00090,BASE_0009,reported_event,empty_full,glass,empty,full,3.4016151428222656,2.9552836418151855,0.4463315010070801,-2.9552836418151855,False,True,False
IF_00091,BASE_0010,no_context,empty_full,glass,empty,full,1.23394775390625,1.23394775390625,0.0,-1.23394775390625,False,True,False
IF_00092,BASE_0010,explicit_final,empty_full,glass,empty,full,5.901261270046234,-8.330787336453795,14.23204860650003,5.901261270046234,True,False,False
IF_00093,BASE_0010,last_event,empty_full,glass,empty,full,2.835206985473633,0.5907278060913086,2.244479179382324,-0.5907278060913086,False,True,False
IF_00094,BASE_0010,consistent_prior,empty_full,glass,empty,full,5.950061529874802,-7.238827764987946,13.188889294862747,5.950061529874802,True,False,False
IF_00095,BASE_0010,distractor_event,empty_full,glass,empty,full,1.7405643463134766,1.0590825080871582,0.6814818382263184,-1.0590825080871582,False,True,False
IF_00096,BASE_0010,contradict_bare,empty_full,glass,empty,full,-6.854730501770973,5.71522980928421,-12.569960311055183,-6.854730501770973,False,False,False
IF_00097,BASE_0010,contradict_temporal,empty_full,glass,empty,full,-6.730364948511124,5.872849941253662,-12.603214889764786,-6.730364948511124,False,False,False
IF_00098,BASE_0010,contradict_reinforced,empty_full,glass,empty,full,-6.222653493285179,5.63286554813385,-11.85551904141903,-6.222653493285179,False,False,False
IF_00099,BASE_0010,explicit_override,empty_full,glass,empty,full,0.8095178604125977,-2.3335562646389008,3.1430741250514984,0.8095178604125977,True,False,False
IF_00100,BASE_0010,reported_event,empty_full,glass,empty,full,3.2638938426971436,3.219747543334961,0.04414629936218262,-3.219747543334961,False,True,False
IF_00101,BASE_0011,no_context,empty_full,cup,empty,full,-0.15697574615478516,-0.15697574615478516,0.0,-0.15697574615478516,False,False,True
IF_00102,BASE_0011,explicit_final,empty_full,cup,empty,full,5.054652214050293,-8.2289471141994,13.283599328249693,5.054652214050293,True,False,False
IF_00103,BASE_0011,last_event,empty_full,cup,empty,full,2.502450466156006,0.33481931686401367,2.167631149291992,-0.33481931686401367,False,True,False
IF_00104,BASE_0011,consistent_prior,empty_full,cup,empty,full,5.162793755531311,-7.107769574970007,12.270563330501318,5.162793755531311,True,False,False
IF_00105,BASE_0011,distractor_event,empty_full,cup,empty,full,1.3038873672485352,0.6499300003051758,0.6539573669433594,-0.6499300003051758,False,True,False
IF_00106,BASE_0011,contradict_bare,empty_full,cup,empty,full,-6.83200428634882,5.177544057369232,-12.009548343718052,-6.83200428634882,False,False,False
IF_00107,BASE_0011,contradict_temporal,empty_full,cup,empty,full,-6.856048159301281,5.326956212520599,-12.18300437182188,-6.856048159301281,False,False,False
IF_00108,BASE_0011,contradict_reinforced,empty_full,cup,empty,full,-5.930733501911163,5.213603734970093,-11.144337236881256,-5.930733501911163,False,False,False
IF_00109,BASE_0011,explicit_override,empty_full,cup,empty,full,0.020050048828125,-2.2174710631370544,2.2375211119651794,0.020050048828125,True,False,False
IF_00110,BASE_0011,reported_event,empty_full,cup,empty,full,3.3634066581726074,2.9472198486328125,0.4161868095397949,-2.9472198486328125,False,True,False
IF_00111,BASE_0012,no_context,empty_full,cup,empty,full,-0.15697574615478516,-0.15697574615478516,0.0,-0.15697574615478516,False,False,True
IF_00112,BASE_0012,explicit_final,empty_full,cup,empty,full,5.054652214050293,-8.2289471141994,13.283599328249693,5.054652214050293,True,False,False
IF_00113,BASE_0012,last_event,empty_full,cup,empty,full,1.7993507385253906,0.5587329864501953,1.2406177520751953,-0.5587329864501953,False,True,False
IF_00114,BASE_0012,consistent_prior,empty_full,cup,empty,full,5.0557069182395935,-7.329448252916336,12.38515517115593,5.0557069182395935,True,False,False
IF_00115,BASE_0012,distractor_event,empty_full,cup,empty,full,0.7470927238464355,0.14409923553466797,0.6029934883117676,-0.14409923553466797,False,True,False
IF_00116,BASE_0012,contradict_bare,empty_full,cup,empty,full,-7.234031394124031,4.947283983230591,-12.181315377354622,-7.234031394124031,False,False,False
IF_00117,BASE_0012,contradict_temporal,empty_full,cup,empty,full,-7.122226610779762,5.214582145214081,-12.336808755993843,-7.122226610779762,False,False,False
IF_00118,BASE_0012,contradict_reinforced,empty_full,cup,empty,full,-6.508066818118095,5.1547757387161255,-11.66284255683422,-6.508066818118095,False,False,False
IF_00119,BASE_0012,explicit_override,empty_full,cup,empty,full,0.020050048828125,-2.2174710631370544,2.2375211119651794,0.020050048828125,True,False,False
IF_00120,BASE_0012,reported_event,empty_full,cup,empty,full,2.935544490814209,2.163835048675537,0.7717094421386719,-2.163835048675537,False,True,False
IF_00121,BASE_0013,no_context,empty_full,cup,empty,full,-0.15697574615478516,-0.15697574615478516,0.0,-0.15697574615478516,False,False,True
IF_00122,BASE_0013,explicit_final,empty_full,cup,empty,full,5.054652214050293,-8.2289471141994,13.283599328249693,5.054652214050293,True,False,False
IF_00123,BASE_0013,last_event,empty_full,cup,empty,full,1.7368578910827637,0.09322357177734375,1.64363431930542,-0.09322357177734375,False,True,False
IF_00124,BASE_0013,consistent_prior,empty_full,cup,empty,full,5.005927205085754,-7.249461218714714,12.255388423800468,5.005927205085754,True,False,False
IF_00125,BASE_0013,distractor_event,empty_full,cup,empty,full,0.5662069320678711,0.17450761795043945,0.39169931411743164,-0.17450761795043945,False,True,False
IF_00126,BASE_0013,contradict_bare,empty_full,cup,empty,full,-7.099147014319897,4.851741909980774,-11.95088892430067,-7.099147014319897,False,False,False
IF_00127,BASE_0013,contradict_temporal,empty_full,cup,empty,full,-7.082608722150326,5.0509122014045715,-12.133520923554897,-7.082608722150326,False,False,False
IF_00128,BASE_0013,contradict_reinforced,empty_full,cup,empty,full,-6.504993982613087,4.956006646156311,-11.461000628769398,-6.504993982613087,False,False,False
IF_00129,BASE_0013,explicit_override,empty_full,cup,empty,full,0.020050048828125,-2.2174710631370544,2.2375211119651794,0.020050048828125,True,False,False
IF_00130,BASE_0013,reported_event,empty_full,cup,empty,full,2.7473511695861816,2.328512191772461,0.4188389778137207,-2.328512191772461,False,True,False
IF_00131,BASE_0014,no_context,empty_full,cup,empty,full,-0.15697574615478516,-0.15697574615478516,0.0,-0.15697574615478516,False,False,True
IF_00132,BASE_0014,explicit_final,empty_full,cup,empty,full,5.054652214050293,-8.2289471141994,13.283599328249693,5.054652214050293,True,False,False
IF_00133,BASE_0014,last_event,empty_full,cup,empty,full,2.2801733016967773,-0.09886932373046875,2.379042625427246,0.09886932373046875,True,False,False
IF_00134,BASE_0014,consistent_prior,empty_full,cup,empty,full,5.154078245162964,-7.218107435852289,12.372185681015253,5.154078245162964,True,False,False
IF_00135,BASE_0014,distractor_event,empty_full,cup,empty,full,1.1546359062194824,0.4519939422607422,0.7026419639587402,-0.4519939422607422,False,True,False
IF_00136,BASE_0014,contradict_bare,empty_full,cup,empty,full,-6.851795047521591,5.147664308547974,-11.999459356069565,-6.851795047521591,False,False,False
IF_00137,BASE_0014,contradict_temporal,empty_full,cup,empty,full,-6.928184650838375,5.24145245552063,-12.169637106359005,-6.928184650838375,False,False,False
IF_00138,BASE_0014,contradict_reinforced,empty_full,cup,empty,full,-6.167062655091286,5.101645648479462,-11.268708303570747,-6.167062655091286,False,False,False
IF_00139,BASE_0014,explicit_override,empty_full,cup,empty,full,0.020050048828125,-2.2174710631370544,2.2375211119651794,0.020050048828125,True,False,False
IF_00140,BASE_0014,reported_event,empty_full,cup,empty,full,3.114851951599121,2.359816551208496,0.755035400390625,-2.359816551208496,False,True,False
IF_00141,BASE_0015,no_context,empty_full,cup,empty,full,-0.15697574615478516,-0.15697574615478516,0.0,-0.15697574615478516,False,False,True
IF_00142,BASE_0015,explicit_final,empty_full,cup,empty,full,5.054652214050293,-8.2289471141994,13.283599328249693,5.054652214050293,True,False,False
IF_00143,BASE_0015,last_event,empty_full,cup,empty,full,1.8497114181518555,0.5472774505615234,1.302433967590332,-0.5472774505615234,False,True,False
IF_00144,BASE_0015,consistent_prior,empty_full,cup,empty,full,5.120172560214996,-7.144784994423389,12.264957554638386,5.120172560214996,True,False,False
IF_00145,BASE_0015,distractor_event,empty_full,cup,empty,full,0.9389896392822266,0.47359180450439453,0.46539783477783203,-0.47359180450439453,False,True,False
IF_00146,BASE_0015,contradict_bare,empty_full,cup,empty,full,-6.979542329907417,4.979482293128967,-11.959024623036385,-6.979542329907417,False,False,False
IF_00147,BASE_0015,contradict_temporal,empty_full,cup,empty,full,-6.946691490709782,5.146323084831238,-12.09301457554102,-6.946691490709782,False,False,False
IF_00148,BASE_0015,contradict_reinforced,empty_full,cup,empty,full,-6.333807252347469,5.037571668624878,-11.371378920972347,-6.333807252347469,False,False,False
IF_00149,BASE_0015,explicit_override,empty_full,cup,empty,full,0.020050048828125,-2.2174710631370544,2.2375211119651794,0.020050048828125,True,False,False
IF_00150,BASE_0015,reported_event,empty_full,cup,empty,full,2.768105983734131,2.490633010864258,0.27747297286987305,-2.490633010864258,False,True,False
IF_00151,BASE_0016,no_context,empty_full,cup,empty,full,-0.15697574615478516,-0.15697574615478516,0.0,-0.15697574615478516,False,False,True
IF_00152,BASE_0016,explicit_final,empty_full,cup,empty,full,5.054652214050293,-8.2289471141994,13.283599328249693,5.054652214050293,True,False,False
IF_00153,BASE_0016,last_event,empty_full,cup,empty,full,2.0722098350524902,0.29692697525024414,1.775282859802246,-0.29692697525024414,False,True,False
IF_00154,BASE_0016,consistent_prior,empty_full,cup,empty,full,5.334396243095398,-7.1857933811843395,12.520189624279737,5.334396243095398,True,False,False
IF_00155,BASE_0016,distractor_event,empty_full,cup,empty,full,1.1969952583312988,0.45594215393066406,0.7410531044006348,-0.45594215393066406,False,True,False
IF_00156,BASE_0016,contradict_bare,empty_full,cup,empty,full,-6.752993993461132,5.209316432476044,-11.962310425937176,-6.752993993461132,False,False,False
IF_00157,BASE_0016,contradict_temporal,empty_full,cup,empty,full,-6.910048797726631,5.329834580421448,-12.239883378148079,-6.910048797726631,False,False,False
IF_00158,BASE_0016,contradict_reinforced,empty_full,cup,empty,full,-6.132224142551422,5.237533330917358,-11.36975747346878,-6.132224142551422,False,False,False
IF_00159,BASE_0016,explicit_override,empty_full,cup,empty,full,0.020050048828125,-2.2174710631370544,2.2375211119651794,0.020050048828125,True,False,False
IF_00160,BASE_0016,reported_event,empty_full,cup,empty,full,3.032351493835449,2.334664821624756,0.6976866722106934,-2.334664821624756,False,True,False
IF_00161,BASE_0017,no_context,empty_full,cup,empty,full,-0.15697574615478516,-0.15697574615478516,0.0,-0.15697574615478516,False,False,True
IF_00162,BASE_0017,explicit_final,empty_full,cup,empty,full,5.054652214050293,-8.2289471141994,13.283599328249693,5.054652214050293,True,False,False
IF_00163,BASE_0017,last_event,empty_full,cup,empty,full,2.6523637771606445,-0.1647796630859375,2.817143440246582,0.1647796630859375,True,False,False
IF_00164,BASE_0017,consistent_prior,empty_full,cup,empty,full,5.180858612060547,-7.251084305346012,12.431942917406559,5.180858612060547,True,False,False
IF_00165,BASE_0017,distractor_event,empty_full,cup,empty,full,1.5423774719238281,0.7277383804321289,0.8146390914916992,-0.7277383804321289,False,True,False
IF_00166,BASE_0017,contradict_bare,empty_full,cup,empty,full,-6.9183104410767555,5.034301280975342,-11.952611722052097,-6.9183104410767555,False,False,False
IF_00167,BASE_0017,contradict_temporal,empty_full,cup,empty,full,-7.009565778076649,5.230382740497589,-12.239948518574238,-7.009565778076649,False,False,False
IF_00168,BASE_0017,contradict_reinforced,empty_full,cup,empty,full,-6.250105708837509,5.102470636367798,-11.352576345205307,-6.250105708837509,False,False,False
IF_00169,BASE_0017,explicit_override,empty_full,cup,empty,full,0.020050048828125,-2.2174710631370544,2.2375211119651794,0.020050048828125,True,False,False
IF_00170,BASE_0017,reported_event,empty_full,cup,empty,full,3.1815757751464844,2.2487034797668457,0.9328722953796387,-2.2487034797668457,False,True,False
IF_00171,BASE_0018,no_context,empty_full,cup,empty,full,-0.15697574615478516,-0.15697574615478516,0.0,-0.15697574615478516,False,False,True
IF_00172,BASE_0018,explicit_final,empty_full,cup,empty,full,5.054652214050293,-8.2289471141994,13.283599328249693,5.054652214050293,True,False,False
IF_00173,BASE_0018,last_event,empty_full,cup,empty,full,2.4289588928222656,-0.06949424743652344,2.498453140258789,0.06949424743652344,True,False,False
IF_00174,BASE_0018,consistent_prior,empty_full,cup,empty,full,5.047958433628082,-7.192666240036488,12.24062467366457,5.047958433628082,True,False,False
IF_00175,BASE_0018,distractor_event,empty_full,cup,empty,full,1.1299395561218262,0.3505115509033203,0.7794280052185059,-0.3505115509033203,False,True,False
IF_00176,BASE_0018,contradict_bare,empty_full,cup,empty,full,-6.882926493883133,5.028469204902649,-11.911395698785782,-6.882926493883133,False,False,False
IF_00177,BASE_0018,contradict_temporal,empty_full,cup,empty,full,-6.995326712727547,5.058175325393677,-12.053502038121223,-6.995326712727547,False,False,False
IF_00178,BASE_0018,contradict_reinforced,empty_full,cup,empty,full,-6.263638086616993,4.990000784397125,-11.253638871014118,-6.263638086616993,False,False,False
IF_00179,BASE_0018,explicit_override,empty_full,cup,empty,full,0.020050048828125,-2.2174710631370544,2.2375211119651794,0.020050048828125,True,False,False
IF_00180,BASE_0018,reported_event,empty_full,cup,empty,full,2.597498893737793,1.6607284545898438,0.9367704391479492,-1.6607284545898438,False,True,False
IF_00181,BASE_0019,no_context,empty_full,cup,empty,full,-0.15697574615478516,-0.15697574615478516,0.0,-0.15697574615478516,False,False,True
IF_00182,BASE_0019,explicit_final,empty_full,cup,empty,full,5.054652214050293,-8.2289471141994,13.283599328249693,5.054652214050293,True,False,False
IF_00183,BASE_0019,last_event,empty_full,cup,empty,full,2.2338643074035645,0.3411264419555664,1.892737865447998,-0.3411264419555664,False,True,False
IF_00184,BASE_0019,consistent_prior,empty_full,cup,empty,full,5.0848468542099,-7.196625869721174,12.281472723931074,5.0848468542099,True,False,False
IF_00185,BASE_0019,distractor_event,empty_full,cup,empty,full,1.2100858688354492,0.6204948425292969,0.5895910263061523,-0.6204948425292969,False,True,False
IF_00186,BASE_0019,contradict_bare,empty_full,cup,empty,full,-6.982958301901817,5.017560601234436,-12.000518903136253,-6.982958301901817,False,False,False
IF_00187,BASE_0019,contradict_temporal,empty_full,cup,empty,full,-6.9757703095674515,5.252223610877991,-12.227993920445442,-6.9757703095674515,False,False,False
IF_00188,BASE_0019,contradict_reinforced,empty_full,cup,empty,full,-6.23284674435854,5.143459737300873,-11.376306481659412,-6.23284674435854,False,False,False
IF_00189,BASE_0019,explicit_override,empty_full,cup,empty,full,0.020050048828125,-2.2174710631370544,2.2375211119651794,0.020050048828125,True,False,False
IF_00190,BASE_0019,reported_event,empty_full,cup,empty,full,3.1219778060913086,2.853832244873047,0.2681455612182617,-2.853832244873047,False,True,False
IF_00191,BASE_0020,no_context,empty_full,cup,empty,full,-0.15697574615478516,-0.15697574615478516,0.0,-0.15697574615478516,False,False,True
IF_00192,BASE_0020,explicit_final,empty_full,cup,empty,full,5.054652214050293,-8.2289471141994,13.283599328249693,5.054652214050293,True,False,False
IF_00193,BASE_0020,last_event,empty_full,cup,empty,full,1.875152587890625,0.24016666412353516,1.6349859237670898,-0.24016666412353516,False,True,False
IF_00194,BASE_0020,consistent_prior,empty_full,cup,empty,full,5.1240576803684235,-7.280150394886732,12.404208075255156,5.1240576803684235,True,False,False
IF_00195,BASE_0020,distractor_event,empty_full,cup,empty,full,1.3208990097045898,0.8980512619018555,0.4228477478027344,-0.8980512619018555,False,True,False
IF_00196,BASE_0020,contradict_bare,empty_full,cup,empty,full,-7.170498624444008,5.0477073192596436,-12.218205943703651,-7.170498624444008,False,False,False
IF_00197,BASE_0020,contradict_temporal,empty_full,cup,empty,full,-7.049551352858543,5.192515313625336,-12.242066666483879,-7.049551352858543,False,False,False
IF_00198,BASE_0020,contradict_reinforced,empty_full,cup,empty,full,-6.386300042271614,5.0949866771698,-11.481286719441414,-6.386300042271614,False,False,False
IF_00199,BASE_0020,explicit_override,empty_full,cup,empty,full,0.020050048828125,-2.2174710631370544,2.2375211119651794,0.020050048828125,True,False,False
IF_00200,BASE_0020,reported_event,empty_full,cup,empty,full,2.946237087249756,3.237525224685669,-0.2912881374359131,-3.237525224685669,False,True,False
IF_00201,BASE_0021,no_context,empty_full,bottle,empty,full,0.40581750869750977,0.40581750869750977,0.0,-0.40581750869750977,False,True,False
IF_00202,BASE_0021,explicit_final,empty_full,bottle,empty,full,5.409024238586426,-8.392543602734804,13.80156784132123,5.409024238586426,True,False,False
IF_00203,BASE_0021,last_event,empty_full,bottle,empty,full,2.767359733581543,1.3969898223876953,1.3703699111938477,-1.3969898223876953,False,True,False
IF_00204,BASE_0021,consistent_prior,empty_full,bottle,empty,full,5.47502338886261,-6.824451379477978,12.299474768340588,5.47502338886261,True,False,False
IF_00205,BASE_0021,distractor_event,empty_full,bottle,empty,full,1.6106514930725098,1.045628547668457,0.5650229454040527,-1.045628547668457,False,True,False
IF_00206,BASE_0021,contradict_bare,empty_full,bottle,empty,full,-6.373982399702072,5.67849600315094,-12.052478402853012,-6.373982399702072,False,False,False
IF_00207,BASE_0021,contradict_temporal,empty_full,bottle,empty,full,-6.446177266538143,5.811607182025909,-12.257784448564053,-6.446177266538143,False,False,False
IF_00208,BASE_0021,contradict_reinforced,empty_full,bottle,empty,full,-5.822086542844772,5.6647762060165405,-11.486862748861313,-5.822086542844772,False,False,False
IF_00209,BASE_0021,explicit_override,empty_full,bottle,empty,full,1.1910020112991333,-2.468293160200119,3.6592951714992523,1.1910020112991333,True,False,False
IF_00210,BASE_0021,reported_event,empty_full,bottle,empty,full,3.5269322395324707,3.3774843215942383,0.14944791793823242,-3.3774843215942383,False,True,False
IF_00211,BASE_0022,no_context,empty_full,bottle,empty,full,0.40581750869750977,0.40581750869750977,0.0,-0.40581750869750977,False,True,False
IF_00212,BASE_0022,explicit_final,empty_full,bottle,empty,full,5.409024238586426,-8.392543602734804,13.80156784132123,5.409024238586426,True,False,False
IF_00213,BASE_0022,last_event,empty_full,bottle,empty,full,2.395677089691162,1.4863576889038086,0.9093194007873535,-1.4863576889038086,False,True,False
IF_00214,BASE_0022,consistent_prior,empty_full,bottle,empty,full,5.395725786685944,-7.119272220879793,12.514998007565737,5.395725786685944,True,False,False
IF_00215,BASE_0022,distractor_event,empty_full,bottle,empty,full,1.396594524383545,0.7232556343078613,0.6733388900756836,-0.7232556343078613,False,True,False
IF_00216,BASE_0022,contradict_bare,empty_full,bottle,empty,full,-6.847893573343754,5.471087217330933,-12.318980790674686,-6.847893573343754,False,False,False
IF_00217,BASE_0022,contradict_temporal,empty_full,bottle,empty,full,-6.741576410830021,5.744220972061157,-12.485797382891178,-6.741576410830021,False,False,False
IF_00218,BASE_0022,contradict_reinforced,empty_full,bottle,empty,full,-6.387758366763592,5.660171866416931,-12.047930233180523,-6.387758366763592,False,False,False
IF_00219,BASE_0022,explicit_override,empty_full,bottle,empty,full,1.1910020112991333,-2.468293160200119,3.6592951714992523,1.1910020112991333,True,False,False
IF_00220,BASE_0022,reported_event,empty_full,bottle,empty,full,3.290652275085449,2.690858840942383,0.5997934341430664,-2.690858840942383,False,True,False
IF_00221,BASE_0023,no_context,empty_full,bottle,empty,full,0.40581750869750977,0.40581750869750977,0.0,-0.40581750869750977,False,True,False
IF_00222,BASE_0023,explicit_final,empty_full,bottle,empty,full,5.409024238586426,-8.392543602734804,13.80156784132123,5.409024238586426,True,False,False
IF_00223,BASE_0023,last_event,empty_full,bottle,empty,full,2.334796905517578,1.0159473419189453,1.3188495635986328,-1.0159473419189453,False,True,False
IF_00224,BASE_0023,consistent_prior,empty_full,bottle,empty,full,5.357097566127777,-7.061981167644262,12.41907873377204,5.357097566127777,True,False,False
IF_00225,BASE_0023,distractor_event,empty_full,bottle,empty,full,1.385209083557129,0.9922723770141602,0.39293670654296875,-0.9922723770141602,False,True,False
IF_00226,BASE_0023,contradict_bare,empty_full,bottle,empty,full,-6.768693886697292,5.415398061275482,-12.184091947972775,-6.768693886697292,False,False,False
IF_00227,BASE_0023,contradict_temporal,empty_full,bottle,empty,full,-6.725623868405819,5.5824220180511475,-12.308045886456966,-6.725623868405819,False,False,False
IF_00228,BASE_0023,contradict_reinforced,empty_full,bottle,empty,full,-6.4277143850922585,5.466278493404388,-11.893992878496647,-6.4277143850922585,False,False,False
IF_00229,BASE_0023,explicit_override,empty_full,bottle,empty,full,1.1910020112991333,-2.468293160200119,3.6592951714992523,1.1910020112991333,True,False,False
IF_00230,BASE_0023,reported_event,empty_full,bottle,empty,full,3.0880227088928223,2.6541976928710938,0.4338250160217285,-2.6541976928710938,False,True,False
IF_00231,BASE_0024,no_context,empty_full,bottle,empty,full,0.40581750869750977,0.40581750869750977,0.0,-0.40581750869750977,False,True,False
IF_00232,BASE_0024,explicit_final,empty_full,bottle,empty,full,5.409024238586426,-8.392543602734804,13.80156784132123,5.409024238586426,True,False,False
IF_00233,BASE_0024,last_event,empty_full,bottle,empty,full,2.7739009857177734,1.0068092346191406,1.7670917510986328,-1.0068092346191406,False,True,False
IF_00234,BASE_0024,consistent_prior,empty_full,bottle,empty,full,5.4273728132247925,-7.00386244058609,12.431235253810883,5.4273728132247925,True,False,False
IF_00235,BASE_0024,distractor_event,empty_full,bottle,empty,full,2.009359359741211,1.3141756057739258,0.6951837539672852,-1.3141756057739258,False,True,False
IF_00236,BASE_0024,contradict_bare,empty_full,bottle,empty,full,-6.474680840969086,5.618725001811981,-12.093405842781067,-6.474680840969086,False,False,False
IF_00237,BASE_0024,contradict_temporal,empty_full,bottle,empty,full,-6.570157878100872,5.677290558815002,-12.247448436915874,-6.570157878100872,False,False,False
IF_00238,BASE_0024,contradict_reinforced,empty_full,bottle,empty,full,-6.063870668411255,5.535950303077698,-11.599820971488953,-6.063870668411255,False,False,False
IF_00239,BASE_0024,explicit_override,empty_full,bottle,empty,full,1.1910020112991333,-2.468293160200119,3.6592951714992523,1.1910020112991333,True,False,False
IF_00240,BASE_0024,reported_event,empty_full,bottle,empty,full,3.783506393432617,3.248688220977783,0.534818172454834,-3.248688220977783,False,True,False
IF_00241,BASE_0025,no_context,empty_full,bottle,empty,full,0.40581750869750977,0.40581750869750977,0.0,-0.40581750869750977,False,True,False
IF_00242,BASE_0025,explicit_final,empty_full,bottle,empty,full,5.409024238586426,-8.392543602734804,13.80156784132123,5.409024238586426,True,False,False
IF_00243,BASE_0025,last_event,empty_full,bottle,empty,full,2.359189033508301,1.2580795288085938,1.101109504699707,-1.2580795288085938,False,True,False
IF_00244,BASE_0025,consistent_prior,empty_full,bottle,empty,full,5.45974063873291,-6.925978891551495,12.385719530284405,5.45974063873291,True,False,False
IF_00245,BASE_0025,distractor_event,empty_full,bottle,empty,full,1.631190299987793,1.1767144203186035,0.45447587966918945,-1.1767144203186035,False,True,False
IF_00246,BASE_0025,contradict_bare,empty_full,bottle,empty,full,-6.587945103645325,5.51471620798111,-12.102661311626434,-6.587945103645325,False,False,False
IF_00247,BASE_0025,contradict_temporal,empty_full,bottle,empty,full,-6.513284645974636,5.651752769947052,-12.165037415921688,-6.513284645974636,False,False,False
IF_00248,BASE_0025,contradict_reinforced,empty_full,bottle,empty,full,-6.194857634603977,5.521362543106079,-11.716220177710056,-6.194857634603977,False,False,False
IF_00249,BASE_0025,explicit_override,empty_full,bottle,empty,full,1.1910020112991333,-2.468293160200119,3.6592951714992523,1.1910020112991333,True,False,False
IF_00250,BASE_0025,reported_event,empty_full,bottle,empty,full,3.0557608604431152,2.780355453491211,0.2754054069519043,-2.780355453491211,False,True,False
IF_00251,BASE_0026,no_context,empty_full,bottle,empty,full,0.40581750869750977,0.40581750869750977,0.0,-0.40581750869750977,False,True,False
IF_00252,BASE_0026,explicit_final,empty_full,bottle,empty,full,5.409024238586426,-8.392543602734804,13.80156784132123,5.409024238586426,True,False,False
IF_00253,BASE_0026,last_event,empty_full,bottle,empty,full,2.620481014251709,1.0848031044006348,1.5356779098510742,-1.0848031044006348,False,True,False
IF_00254,BASE_0026,consistent_prior,empty_full,bottle,empty,full,5.6968594789505005,-6.932785864919424,12.629645343869925,5.6968594789505005,True,False,False
IF_00255,BASE_0026,distractor_event,empty_full,bottle,empty,full,1.835287094116211,1.1088824272155762,0.7264046669006348,-1.1088824272155762,False,True,False
IF_00256,BASE_0026,contradict_bare,empty_full,bottle,empty,full,-6.327438205480576,5.783121228218079,-12.110559433698654,-6.327438205480576,False,False,False
IF_00257,BASE_0026,contradict_temporal,empty_full,bottle,empty,full,-6.453641846776009,5.88083028793335,-12.334472134709358,-6.453641846776009,False,False,False
IF_00258,BASE_0026,contradict_reinforced,empty_full,bottle,empty,full,-6.022812023758888,5.750922977924347,-11.773735001683235,-6.022812023758888,False,False,False
IF_00259,BASE_0026,explicit_override,empty_full,bottle,empty,full,1.1910020112991333,-2.468293160200119,3.6592951714992523,1.1910020112991333,True,False,False
IF_00260,BASE_0026,reported_event,empty_full,bottle,empty,full,3.189997673034668,2.5257840156555176,0.6642136573791504,-2.5257840156555176,False,True,False
IF_00261,BASE_0027,no_context,empty_full,bottle,empty,full,0.40581750869750977,0.40581750869750977,0.0,-0.40581750869750977,False,True,False
IF_00262,BASE_0027,explicit_final,empty_full,bottle,empty,full,5.409024238586426,-8.392543602734804,13.80156784132123,5.409024238586426,True,False,False
IF_00263,BASE_0027,last_event,empty_full,bottle,empty,full,2.9887423515319824,0.8969650268554688,2.0917773246765137,-0.8969650268554688,False,True,False
IF_00264,BASE_0027,consistent_prior,empty_full,bottle,empty,full,5.534079283475876,-7.015896774828434,12.54997605830431,5.534079283475876,True,False,False
IF_00265,BASE_0027,distractor_event,empty_full,bottle,empty,full,1.96075439453125,1.267911434173584,0.692842960357666,-1.267911434173584,False,True,False
IF_00266,BASE_0027,contradict_bare,empty_full,bottle,empty,full,-6.492654055356979,5.612517774105072,-12.105171829462051,-6.492654055356979,False,False,False
IF_00267,BASE_0027,contradict_temporal,empty_full,bottle,empty,full,-6.5702943578362465,5.779552578926086,-12.349846936762333,-6.5702943578362465,False,False,False
IF_00268,BASE_0027,contradict_reinforced,empty_full,bottle,empty,full,-6.152033716440201,5.627743244171143,-11.779776960611343,-6.152033716440201,False,False,False
IF_00269,BASE_0027,explicit_override,empty_full,bottle,empty,full,1.1910020112991333,-2.468293160200119,3.6592951714992523,1.1910020112991333,True,False,False
IF_00270,BASE_0027,reported_event,empty_full,bottle,empty,full,3.4698920249938965,2.8915114402770996,0.5783805847167969,-2.8915114402770996,False,True,False
IF_00271,BASE_0028,no_context,empty_full,bottle,empty,full,0.40581750869750977,0.40581750869750977,0.0,-0.40581750869750977,False,True,False
IF_00272,BASE_0028,explicit_final,empty_full,bottle,empty,full,5.409024238586426,-8.392543602734804,13.80156784132123,5.409024238586426,True,False,False
IF_00273,BASE_0028,last_event,empty_full,bottle,empty,full,2.7174644470214844,0.934992790222168,1.7824716567993164,-0.934992790222168,False,True,False
IF_00274,BASE_0028,consistent_prior,empty_full,bottle,empty,full,5.366556882858276,-6.958027649670839,12.324584532529116,5.366556882858276,True,False,False
IF_00275,BASE_0028,distractor_event,empty_full,bottle,empty,full,1.8042116165161133,1.0986499786376953,0.705561637878418,-1.0986499786376953,False,True,False
IF_00276,BASE_0028,contradict_bare,empty_full,bottle,empty,full,-6.478567734360695,5.5635241866111755,-12.04209192097187,-6.478567734360695,False,False,False
IF_00277,BASE_0028,contradict_temporal,empty_full,bottle,empty,full,-6.575502470135689,5.5723536014556885,-12.147856071591377,-6.575502470135689,False,False,False
IF_00278,BASE_0028,contradict_reinforced,empty_full,bottle,empty,full,-6.154701992869377,5.5000399351119995,-11.654741927981377,-6.154701992869377,False,False,False
IF_00279,BASE_0028,explicit_override,empty_full,bottle,empty,full,1.1910020112991333,-2.468293160200119,3.6592951714992523,1.1910020112991333,True,False,False
IF_00280,BASE_0028,reported_event,empty_full,bottle,empty,full,3.2751455307006836,2.4401779174804688,0.8349676132202148,-2.4401779174804688,False,True,False
IF_00281,BASE_0029,no_context,empty_full,bottle,empty,full,0.40581750869750977,0.40581750869750977,0.0,-0.40581750869750977,False,True,False
IF_00282,BASE_0029,explicit_final,empty_full,bottle,empty,full,5.409024238586426,-8.392543602734804,13.80156784132123,5.409024238586426,True,False,False
IF_00283,BASE_0029,last_event,empty_full,bottle,empty,full,2.625025749206543,1.2959632873535156,1.3290624618530273,-1.2959632873535156,False,True,False
IF_00284,BASE_0029,consistent_prior,empty_full,bottle,empty,full,5.411296486854553,-6.971340000629425,12.382636487483978,5.411296486854553,True,False,False
IF_00285,BASE_0029,distractor_event,empty_full,bottle,empty,full,1.6002769470214844,1.0643410682678223,0.5359358787536621,-1.0643410682678223,False,True,False
IF_00286,BASE_0029,contradict_bare,empty_full,bottle,empty,full,-6.602819383144379,5.517830431461334,-12.120649814605713,-6.602819383144379,False,False,False
IF_00287,BASE_0029,contradict_temporal,empty_full,bottle,empty,full,-6.589491695165634,5.731062829494476,-12.32055452466011,-6.589491695165634,False,False,False
IF_00288,BASE_0029,contradict_reinforced,empty_full,bottle,empty,full,-6.151111461222172,5.599672734737396,-11.750784195959568,-6.151111461222172,False,False,False
IF_00289,BASE_0029,explicit_override,empty_full,bottle,empty,full,1.1910020112991333,-2.468293160200119,3.6592951714992523,1.1910020112991333,True,False,False
IF_00290,BASE_0029,reported_event,empty_full,bottle,empty,full,3.427793025970459,3.2090630531311035,0.21872997283935547,-3.2090630531311035,False,True,False
IF_00291,BASE_0030,no_context,empty_full,bottle,empty,full,0.40581750869750977,0.40581750869750977,0.0,-0.40581750869750977,False,True,False
IF_00292,BASE_0030,explicit_final,empty_full,bottle,empty,full,5.409024238586426,-8.392543602734804,13.80156784132123,5.409024238586426,True,False,False
IF_00293,BASE_0030,last_event,empty_full,bottle,empty,full,2.3708724975585938,1.0546607971191406,1.3162117004394531,-1.0546607971191406,False,True,False
IF_00294,BASE_0030,consistent_prior,empty_full,bottle,empty,full,5.457160830497742,-7.032713878899813,12.489874709397554,5.457160830497742,True,False,False
IF_00295,BASE_0030,distractor_event,empty_full,bottle,empty,full,1.7677907943725586,1.3202548027038574,0.44753599166870117,-1.3202548027038574,False,True,False
IF_00296,BASE_0030,contradict_bare,empty_full,bottle,empty,full,-6.7187496572732925,5.582252383232117,-12.30100204050541,-6.7187496572732925,False,False,False
IF_00297,BASE_0030,contradict_temporal,empty_full,bottle,empty,full,-6.607753738760948,5.713279485702515,-12.321033224463463,-6.607753738760948,False,False,False
IF_00298,BASE_0030,contradict_reinforced,empty_full,bottle,empty,full,-6.230187609791756,5.598607420921326,-11.828795030713081,-6.230187609791756,False,False,False
IF_00299,BASE_0030,explicit_override,empty_full,bottle,empty,full,1.1910020112991333,-2.468293160200119,3.6592951714992523,1.1910020112991333,True,False,False
IF_00300,BASE_0030,reported_event,empty_full,bottle,empty,full,3.313857078552246,3.4481008052825928,-0.13424372673034668,-3.4481008052825928,False,True,False
IF_00301,BASE_0031,no_context,open_closed,box,open,closed,-1.3587369918823242,-1.3587369918823242,0.0,-1.3587369918823242,False,False,True
IF_00302,BASE_0031,explicit_final,open_closed,box,open,closed,5.364376982674003,-5.118087891489267,10.48246487416327,5.118087891489267,True,False,False
IF_00303,BASE_0031,last_event,open_closed,box,open,closed,-1.3314162492752075,-1.9512577056884766,0.619841456413269,-1.3314162492752075,False,False,True
IF_00304,BASE_0031,consistent_prior,open_closed,box,open,closed,4.954820808023214,-4.466139908879995,9.42096071690321,4.466139908879995,True,False,False
IF_00305,BASE_0031,distractor_event,open_closed,box,open,closed,-0.8663644790649414,-1.274100422859192,0.4077359437942505,-0.8663644790649414,False,False,True
IF_00306,BASE_0031,contradict_bare,open_closed,box,open,closed,-4.153312608599663,4.819538213312626,-8.972850821912289,-4.819538213312626,False,False,False
IF_00307,BASE_0031,contradict_temporal,open_closed,box,open,closed,-4.287205561995506,4.887145087122917,-9.174350649118423,-4.887145087122917,False,False,False
IF_00308,BASE_0031,contradict_reinforced,open_closed,box,open,closed,-4.584221851080656,3.7591000124812126,-8.343321863561869,-4.584221851080656,False,False,False
IF_00309,BASE_0031,explicit_override,open_closed,box,open,closed,0.2432117462158203,-1.8162604421377182,2.0594721883535385,0.2432117462158203,True,False,False
IF_00310,BASE_0031,reported_event,open_closed,box,open,closed,-1.4166221618652344,-1.9895247220993042,0.5729025602340698,-1.4166221618652344,False,False,True
IF_00311,BASE_0032,no_context,open_closed,box,open,closed,-1.3587369918823242,-1.3587369918823242,0.0,-1.3587369918823242,False,False,True
IF_00312,BASE_0032,explicit_final,open_closed,box,open,closed,5.364376982674003,-5.118087891489267,10.48246487416327,5.118087891489267,True,False,False
IF_00313,BASE_0032,last_event,open_closed,box,open,closed,-1.075501561164856,-1.7884101867675781,0.7129086256027222,-1.075501561164856,False,False,True
IF_00314,BASE_0032,consistent_prior,open_closed,box,open,closed,4.888520427048206,-4.578579902648926,9.467100329697132,4.578579902648926,True,False,False
IF_00315,BASE_0032,distractor_event,open_closed,box,open,closed,-1.1900931596755981,-1.6734399795532227,0.4833468198776245,-1.1900931596755981,False,False,True
IF_00316,BASE_0032,contradict_bare,open_closed,box,open,closed,-4.237567692995071,4.860860101878643,-9.098427794873714,-4.860860101878643,False,False,False
IF_00317,BASE_0032,contradict_temporal,open_closed,box,open,closed,-4.4030037969350815,4.77428711950779,-9.177290916442871,-4.77428711950779,False,False,False
IF_00318,BASE_0032,contradict_reinforced,open_closed,box,open,closed,-4.742059882730246,3.7631797567009926,-8.505239639431238,-4.742059882730246,False,False,False
IF_00319,BASE_0032,explicit_override,open_closed,box,open,closed,0.2432117462158203,-1.8162604421377182,2.0594721883535385,0.2432117462158203,True,False,False
IF_00320,BASE_0032,reported_event,open_closed,box,open,closed,-1.4603729844093323,-2.1668549180030823,0.70648193359375,-1.4603729844093323,False,False,True
IF_00321,BASE_0033,no_context,open_closed,box,open,closed,-1.3587369918823242,-1.3587369918823242,0.0,-1.3587369918823242,False,False,True
IF_00322,BASE_0033,explicit_final,open_closed,box,open,closed,5.364376982674003,-5.118087891489267,10.48246487416327,5.118087891489267,True,False,False
IF_00323,BASE_0033,last_event,open_closed,box,open,closed,-1.5048131942749023,-2.1596908569335938,0.6548776626586914,-1.5048131942749023,False,False,True
IF_00324,BASE_0033,consistent_prior,open_closed,box,open,closed,5.061642415821552,-4.467677343636751,9.529319759458303,4.467677343636751,True,False,False
IF_00325,BASE_0033,distractor_event,open_closed,box,open,closed,-1.0686702728271484,-1.2418593168258667,0.17318904399871826,-1.0686702728271484,False,False,True
IF_00326,BASE_0033,contradict_bare,open_closed,box,open,closed,-4.253146156668663,4.944953087717295,-9.198099244385958,-4.944953087717295,False,False,False
IF_00327,BASE_0033,contradict_temporal,open_closed,box,open,closed,-4.332215312868357,4.905149586498737,-9.237364899367094,-4.905149586498737,False,False,False
IF_00328,BASE_0033,contradict_reinforced,open_closed,box,open,closed,-4.622097082436085,3.8388844057917595,-8.460981488227844,-4.622097082436085,False,False,False
IF_00329,BASE_0033,explicit_override,open_closed,box,open,closed,0.2432117462158203,-1.8162604421377182,2.0594721883535385,0.2432117462158203,True,False,False
IF_00330,BASE_0033,reported_event,open_closed,box,open,closed,-1.4950389862060547,-2.011922001838684,0.5168830156326294,-1.4950389862060547,False,False,True
IF_00331,BASE_0034,no_context,open_closed,box,open,closed,-1.3587369918823242,-1.3587369918823242,0.0,-1.3587369918823242,False,False,True
IF_00332,BASE_0034,explicit_final,open_closed,box,open,closed,5.364376982674003,-5.118087891489267,10.48246487416327,5.118087891489267,True,False,False
IF_00333,BASE_0034,last_event,open_closed,box,open,closed,-1.5453872680664062,-2.5904359221458435,1.0450486540794373,-1.5453872680664062,False,False,True
IF_00334,BASE_0034,consistent_prior,open_closed,box,open,closed,4.905964765697718,-4.549729365855455,9.455694131553173,4.549729365855455,True,False,False
IF_00335,BASE_0034,distractor_event,open_closed,box,open,closed,-1.5486383438110352,-1.9186820983886719,0.3700437545776367,-1.5486383438110352,False,False,True
IF_00336,BASE_0034,contradict_bare,open_closed,box,open,closed,-4.385726884007454,4.673560243099928,-9.059287127107382,-4.673560243099928,False,False,False
IF_00337,BASE_0034,contradict_temporal,open_closed,box,open,closed,-4.411073669791222,4.752425335347652,-9.163499005138874,-4.752425335347652,False,False,False
IF_00338,BASE_0034,contradict_reinforced,open_closed,box,open,closed,-4.679098308086395,3.6550683230161667,-8.334166631102562,-4.679098308086395,False,False,False
IF_00339,BASE_0034,explicit_override,open_closed,box,open,closed,0.2432117462158203,-1.8162604421377182,2.0594721883535385,0.2432117462158203,True,False,False
IF_00340,BASE_0034,reported_event,open_closed,box,open,closed,-1.1987468004226685,-2.083582043647766,0.8848352432250977,-1.1987468004226685,False,False,True
IF_00341,BASE_0035,no_context,open_closed,box,open,closed,-1.3587369918823242,-1.3587369918823242,0.0,-1.3587369918823242,False,False,True
IF_00342,BASE_0035,explicit_final,open_closed,box,open,closed,5.364376982674003,-5.118087891489267,10.48246487416327,5.118087891489267,True,False,False
IF_00343,BASE_0035,last_event,open_closed,box,open,closed,-1.6864137649536133,-2.0975732803344727,0.4111595153808594,-1.6864137649536133,False,False,True
IF_00344,BASE_0035,consistent_prior,open_closed,box,open,closed,4.892622973769903,-4.530672948807478,9.423295922577381,4.530672948807478,True,False,False
IF_00345,BASE_0035,distractor_event,open_closed,box,open,closed,-1.6491374969482422,-1.7920637130737305,0.14292621612548828,-1.6491374969482422,False,False,True
IF_00346,BASE_0035,contradict_bare,open_closed,box,open,closed,-4.42599031329155,4.749046329408884,-9.175036642700434,-4.749046329408884,False,False,False
IF_00347,BASE_0035,contradict_temporal,open_closed,box,open,closed,-4.462861970067024,4.78026770055294,-9.243129670619965,-4.78026770055294,False,False,False
IF_00348,BASE_0035,contradict_reinforced,open_closed,box,open,closed,-4.722815554589033,3.7421940863132477,-8.46500964090228,-4.722815554589033,False,False,False
IF_00349,BASE_0035,explicit_override,open_closed,box,open,closed,0.2432117462158203,-1.8162604421377182,2.0594721883535385,0.2432117462158203,True,False,False
IF_00350,BASE_0035,reported_event,open_closed,box,open,closed,-1.5428400039672852,-1.9380989074707031,0.39525890350341797,-1.5428400039672852,False,False,True
IF_00351,BASE_0036,no_context,open_closed,box,open,closed,-1.3587369918823242,-1.3587369918823242,0.0,-1.3587369918823242,False,False,True
IF_00352,BASE_0036,explicit_final,open_closed,box,open,closed,5.364376982674003,-5.118087891489267,10.48246487416327,5.118087891489267,True,False,False
IF_00353,BASE_0036,last_event,open_closed,box,open,closed,-1.8075066208839417,-2.4748725295066833,0.6673659086227417,-1.8075066208839417,False,False,True
IF_00354,BASE_0036,consistent_prior,open_closed,box,open,closed,4.8541286662220955,-4.591814897954464,9.44594356417656,4.591814897954464,True,False,False
IF_00355,BASE_0036,distractor_event,open_closed,box,open,closed,-1.2594404220581055,-1.7037725448608398,0.4443321228027344,-1.2594404220581055,False,False,True
IF_00356,BASE_0036,contradict_bare,open_closed,box,open,closed,-4.217383451759815,4.703375641256571,-8.920759093016386,-4.703375641256571,False,False,False
IF_00357,BASE_0036,contradict_temporal,open_closed,box,open,closed,-4.395855139940977,4.726186975836754,-9.122042115777731,-4.726186975836754,False,False,False
IF_00358,BASE_0036,contradict_reinforced,open_closed,box,open,closed,-4.66829976439476,3.67206197232008,-8.34036173671484,-4.66829976439476,False,False,False
IF_00359,BASE_0036,explicit_override,open_closed,box,open,closed,0.2432117462158203,-1.8162604421377182,2.0594721883535385,0.2432117462158203,True,False,False
IF_00360,BASE_0036,reported_event,open_closed,box,open,closed,-1.815657615661621,-2.6716461777687073,0.8559885621070862,-1.815657615661621,False,False,True
IF_00361,BASE_0037,no_context,open_closed,box,open,closed,-1.3587369918823242,-1.3587369918823242,0.0,-1.3587369918823242,False,False,True
IF_00362,BASE_0037,explicit_final,open_closed,box,open,closed,5.364376982674003,-5.118087891489267,10.48246487416327,5.118087891489267,True,False,False
IF_00363,BASE_0037,last_event,open_closed,box,open,closed,-1.6390618681907654,-2.8240098357200623,1.1849479675292969,-1.6390618681907654,False,False,True
IF_00364,BASE_0037,consistent_prior,open_closed,box,open,closed,5.0362852439284325,-4.5094758458435535,9.545761089771986,4.5094758458435535,True,False,False
IF_00365,BASE_0037,distractor_event,open_closed,box,open,closed,-1.4914857149124146,-1.9346150159835815,0.443129301071167,-1.4914857149124146,False,False,True
IF_00366,BASE_0037,contradict_bare,open_closed,box,open,closed,-4.192813046276569,4.817675773054361,-9.01048881933093,-4.817675773054361,False,False,False
IF_00367,BASE_0037,contradict_temporal,open_closed,box,open,closed,-4.343559417873621,4.8911276534199715,-9.234687071293592,-4.8911276534199715,False,False,False
IF_00368,BASE_0037,contradict_reinforced,open_closed,box,open,closed,-4.613077029585838,3.793429382145405,-8.406506411731243,-4.613077029585838,False,False,False
IF_00369,BASE_0037,explicit_override,open_closed,box,open,closed,0.2432117462158203,-1.8162604421377182,2.0594721883535385,0.2432117462158203,True,False,False
IF_00370,BASE_0037,reported_event,open_closed,box,open,closed,-1.6060066223144531,-2.5870591402053833,0.9810525178909302,-1.6060066223144531,False,False,True
IF_00371,BASE_0038,no_context,open_closed,box,open,closed,-1.3587369918823242,-1.3587369918823242,0.0,-1.3587369918823242,False,False,True
IF_00372,BASE_0038,explicit_final,open_closed,box,open,closed,5.364376982674003,-5.118087891489267,10.48246487416327,5.118087891489267,True,False,False
IF_00373,BASE_0038,last_event,open_closed,box,open,closed,-1.4205636978149414,-2.695659637451172,1.2750959396362305,-1.4205636978149414,False,False,True
IF_00374,BASE_0038,consistent_prior,open_closed,box,open,closed,4.909034587442875,-4.497098810970783,9.406133398413658,4.497098810970783,True,False,False
IF_00375,BASE_0038,distractor_event,open_closed,box,open,closed,-1.3348369598388672,-1.8127813339233398,0.47794437408447266,-1.3348369598388672,False,False,True
IF_00376,BASE_0038,contradict_bare,open_closed,box,open,closed,-4.183513484895229,4.688088372349739,-8.871601857244968,-4.688088372349739,False,False,False
IF_00377,BASE_0038,contradict_temporal,open_closed,box,open,closed,-4.32377141341567,4.754325736314058,-9.078097149729729,-4.754325736314058,False,False,False
IF_00378,BASE_0038,contradict_reinforced,open_closed,box,open,closed,-4.629728451371193,3.6972303614020348,-8.326958812773228,-4.629728451371193,False,False,False
IF_00379,BASE_0038,explicit_override,open_closed,box,open,closed,0.2432117462158203,-1.8162604421377182,2.0594721883535385,0.2432117462158203,True,False,False
IF_00380,BASE_0038,reported_event,open_closed,box,open,closed,-0.950068473815918,-1.8726473450660706,0.9225788712501526,-0.950068473815918,False,False,True
IF_00381,BASE_0039,no_context,open_closed,box,open,closed,-1.3587369918823242,-1.3587369918823242,0.0,-1.3587369918823242,False,False,True
IF_00382,BASE_0039,explicit_final,open_closed,box,open,closed,5.364376982674003,-5.118087891489267,10.48246487416327,5.118087891489267,True,False,False
IF_00383,BASE_0039,last_event,open_closed,box,open,closed,-1.3977755308151245,-1.9930849075317383,0.5953093767166138,-1.3977755308151245,False,False,True
IF_00384,BASE_0039,consistent_prior,open_closed,box,open,closed,4.937695670872927,-4.529795575886965,9.467491246759892,4.529795575886965,True,False,False
IF_00385,BASE_0039,distractor_event,open_closed,box,open,closed,-1.524849772453308,-1.871805191040039,0.34695541858673096,-1.524849772453308,False,False,True
IF_00386,BASE_0039,contradict_bare,open_closed,box,open,closed,-4.3059225007891655,4.755136474967003,-9.061058975756168,-4.755136474967003,False,False,False
IF_00387,BASE_0039,contradict_temporal,open_closed,box,open,closed,-4.416286680847406,4.790261093527079,-9.206547774374485,-4.790261093527079,False,False,False
IF_00388,BASE_0039,contradict_reinforced,open_closed,box,open,closed,-4.659142579883337,3.718541108071804,-8.377683687955141,-4.659142579883337,False,False,False
IF_00389,BASE_0039,explicit_override,open_closed,box,open,closed,0.2432117462158203,-1.8162604421377182,2.0594721883535385,0.2432117462158203,True,False,False
IF_00390,BASE_0039,reported_event,open_closed,box,open,closed,-1.640738606452942,-2.085938334465027,0.44519972801208496,-1.640738606452942,False,False,True
IF_00391,BASE_0040,no_context,open_closed,box,open,closed,-1.3587369918823242,-1.3587369918823242,0.0,-1.3587369918823242,False,False,True
IF_00392,BASE_0040,explicit_final,open_closed,box,open,closed,5.364376982674003,-5.118087891489267,10.48246487416327,5.118087891489267,True,False,False
IF_00393,BASE_0040,last_event,open_closed,box,open,closed,-1.7345753908157349,-2.3250255584716797,0.5904501676559448,-1.7345753908157349,False,False,True
IF_00394,BASE_0040,consistent_prior,open_closed,box,open,closed,4.922427281737328,-4.599592301994562,9.52201958373189,4.599592301994562,True,False,False
IF_00395,BASE_0040,distractor_event,open_closed,box,open,closed,-1.3601981401443481,-1.6237468719482422,0.26354873180389404,-1.3601981401443481,False,False,True
IF_00396,BASE_0040,contradict_bare,open_closed,box,open,closed,-4.4169139303267,4.763117749243975,-9.180031679570675,-4.763117749243975,False,False,False
IF_00397,BASE_0040,contradict_temporal,open_closed,box,open,closed,-4.48850455135107,4.810278661549091,-9.298783212900162,-4.810278661549091,False,False,False
IF_00398,BASE_0040,contradict_reinforced,open_closed,box,open,closed,-4.769608277827501,3.7943801060318947,-8.563988383859396,-4.769608277827501,False,False,False
IF_00399,BASE_0040,explicit_override,open_closed,box,open,closed,0.2432117462158203,-1.8162604421377182,2.0594721883535385,0.2432117462158203,True,False,False
IF_00400,BASE_0040,reported_event,open_closed,box,open,closed,-1.6809730529785156,-2.175824224948883,0.49485117197036743,-1.6809730529785156,False,False,True
IF_00401,BASE_0041,no_context,open_closed,bag,open,closed,-1.8138513565063477,-1.8138513565063477,0.0,-1.8138513565063477,False,False,True
IF_00402,BASE_0041,explicit_final,open_closed,bag,open,closed,4.75300120562315,-5.19010903313756,9.94311023876071,4.75300120562315,True,False,False
IF_00403,BASE_0041,last_event,open_closed,bag,open,closed,-1.5264445543289185,-1.8968954682350159,0.3704509139060974,-1.5264445543289185,False,False,True
IF_00404,BASE_0041,consistent_prior,open_closed,bag,open,closed,4.172782078385353,-4.5518521554768085,8.724634233862162,4.172782078385353,True,False,False
IF_00405,BASE_0041,distractor_event,open_closed,bag,open,closed,-1.6298950910568237,-1.843550682067871,0.21365559101104736,-1.6298950910568237,False,False,True
IF_00406,BASE_0041,contradict_bare,open_closed,bag,open,closed,-4.329627901315689,4.158119201660156,-8.487747102975845,-4.329627901315689,False,False,False
IF_00407,BASE_0041,contradict_temporal,open_closed,bag,open,closed,-4.542755134403706,4.206172000616789,-8.748927135020494,-4.542755134403706,False,False,False
IF_00408,BASE_0041,contradict_reinforced,open_closed,bag,open,closed,-4.6419622004032135,2.5013809353113174,-7.143343135714531,-4.6419622004032135,False,False,False
IF_00409,BASE_0041,explicit_override,open_closed,bag,open,closed,-0.4544248580932617,-1.9460754990577698,1.491650640964508,-0.4544248580932617,False,False,True
IF_00410,BASE_0041,reported_event,open_closed,bag,open,closed,-1.8547029495239258,-2.3844603300094604,0.5297573804855347,-1.8547029495239258,False,False,True
IF_00411,BASE_0042,no_context,open_closed,bag,open,closed,-1.8138513565063477,-1.8138513565063477,0.0,-1.8138513565063477,False,False,True
IF_00412,BASE_0042,explicit_final,open_closed,bag,open,closed,4.75300120562315,-5.19010903313756,9.94311023876071,4.75300120562315,True,False,False
IF_00413,BASE_0042,last_event,open_closed,bag,open,closed,-1.363311767578125,-1.7845839262008667,0.4212721586227417,-1.363311767578125,False,False,True
IF_00414,BASE_0042,consistent_prior,open_closed,bag,open,closed,4.031248852610588,-4.742252290248871,8.773501142859459,4.031248852610588,True,False,False
IF_00415,BASE_0042,distractor_event,open_closed,bag,open,closed,-1.6334333419799805,-1.9332152605056763,0.2997819185256958,-1.6334333419799805,False,False,True
IF_00416,BASE_0042,contradict_bare,open_closed,bag,open,closed,-4.469602461904287,4.116764985024929,-8.586367446929216,-4.469602461904287,False,False,False
IF_00417,BASE_0042,contradict_temporal,open_closed,bag,open,closed,-4.728252485394478,3.9949276000261307,-8.723180085420609,-4.728252485394478,False,False,False
IF_00418,BASE_0042,contradict_reinforced,open_closed,bag,open,closed,-4.875173486769199,2.4295426309108734,-7.304716117680073,-4.875173486769199,False,False,False
IF_00419,BASE_0042,explicit_override,open_closed,bag,open,closed,-0.4544248580932617,-1.9460754990577698,1.491650640964508,-0.4544248580932617,False,False,True
IF_00420,BASE_0042,reported_event,open_closed,bag,open,closed,-1.840582013130188,-2.27733713388443,0.43675512075424194,-1.840582013130188,False,False,True
IF_00421,BASE_0043,no_context,open_closed,bag,open,closed,-1.8138513565063477,-1.8138513565063477,0.0,-1.8138513565063477,False,False,True
IF_00422,BASE_0043,explicit_final,open_closed,bag,open,closed,4.75300120562315,-5.19010903313756,9.94311023876071,4.75300120562315,True,False,False
IF_00423,BASE_0043,last_event,open_closed,bag,open,closed,-1.644740104675293,-2.2118730545043945,0.5671329498291016,-1.644740104675293,False,False,True
IF_00424,BASE_0043,consistent_prior,open_closed,bag,open,closed,4.290338583290577,-4.607241578400135,8.897580161690712,4.290338583290577,True,False,False
IF_00425,BASE_0043,distractor_event,open_closed,bag,open,closed,-1.2276639938354492,-1.325776219367981,0.09811222553253174,-1.2276639938354492,False,False,True
IF_00426,BASE_0043,contradict_bare,open_closed,bag,open,closed,-4.452504254877567,4.3408058770000935,-8.79331013187766,-4.452504254877567,False,False,False
IF_00427,BASE_0043,contradict_temporal,open_closed,bag,open,closed,-4.6234835386276245,4.2388533018529415,-8.862336840480566,-4.6234835386276245,False,False,False
IF_00428,BASE_0043,contradict_reinforced,open_closed,bag,open,closed,-4.7371885403990746,2.62115478515625,-7.3583433255553246,-4.7371885403990746,False,False,False
IF_00429,BASE_0043,explicit_override,open_closed,bag,open,closed,-0.4544248580932617,-1.9460754990577698,1.491650640964508,-0.4544248580932617,False,False,True
IF_00430,BASE_0043,reported_event,open_closed,bag,open,closed,-1.6459093689918518,-2.0050469636917114,0.3591375946998596,-1.6459093689918518,False,False,True
IF_00431,BASE_0044,no_context,open_closed,bag,open,closed,-1.8138513565063477,-1.8138513565063477,0.0,-1.8138513565063477,False,False,True
IF_00432,BASE_0044,explicit_final,open_closed,bag,open,closed,4.75300120562315,-5.19010903313756,9.94311023876071,4.75300120562315,True,False,False
IF_00433,BASE_0044,last_event,open_closed,bag,open,closed,-1.6503963470458984,-2.388452410697937,0.7380560636520386,-1.6503963470458984,False,False,True
IF_00434,BASE_0044,consistent_prior,open_closed,bag,open,closed,4.128144346177578,-4.642975777387619,8.771120123565197,4.128144346177578,True,False,False
IF_00435,BASE_0044,distractor_event,open_closed,bag,open,closed,-1.2938309907913208,-1.6039810180664062,0.31015002727508545,-1.2938309907913208,False,False,True
IF_00436,BASE_0044,contradict_bare,open_closed,bag,open,closed,-4.557274736464024,3.987036608159542,-8.544311344623566,-4.557274736464024,False,False,False
IF_00437,BASE_0044,contradict_temporal,open_closed,bag,open,closed,-4.647589445114136,4.051869265735149,-8.699458710849285,-4.647589445114136,False,False,False
IF_00438,BASE_0044,contradict_reinforced,open_closed,bag,open,closed,-4.737237095832825,2.3970833718776703,-7.134320467710495,-4.737237095832825,False,False,False
IF_00439,BASE_0044,explicit_override,open_closed,bag,open,closed,-0.4544248580932617,-1.9460754990577698,1.491650640964508,-0.4544248580932617,False,False,True
IF_00440,BASE_0044,reported_event,open_closed,bag,open,closed,-1.3489494323730469,-2.089223861694336,0.7402744293212891,-1.3489494323730469,False,False,True
IF_00441,BASE_0045,no_context,open_closed,bag,open,closed,-1.8138513565063477,-1.8138513565063477,0.0,-1.8138513565063477,False,False,True
IF_00442,BASE_0045,explicit_final,open_closed,bag,open,closed,4.75300120562315,-5.19010903313756,9.94311023876071,4.75300120562315,True,False,False
IF_00443,BASE_0045,last_event,open_closed,bag,open,closed,-1.8451536893844604,-2.139637053012848,0.29448336362838745,-1.8451536893844604,False,False,True
IF_00444,BASE_0045,consistent_prior,open_closed,bag,open,closed,4.0763330310583115,-4.680653613060713,8.756986644119024,4.0763330310583115,True,False,False
IF_00445,BASE_0045,distractor_event,open_closed,bag,open,closed,-2.006766200065613,-2.0305739641189575,0.023807764053344727,-2.006766200065613,False,False,True
IF_00446,BASE_0045,contradict_bare,open_closed,bag,open,closed,-4.595216516405344,4.0807837918400764,-8.67600030824542,-4.595216516405344,False,False,False
IF_00447,BASE_0045,contradict_temporal,open_closed,bag,open,closed,-4.749108370393515,4.041312251240015,-8.79042062163353,-4.749108370393515,False,False,False
IF_00448,BASE_0045,contradict_reinforced,open_closed,bag,open,closed,-4.835182368755341,2.429037943482399,-7.26422031223774,-4.835182368755341,False,False,False
IF_00449,BASE_0045,explicit_override,open_closed,bag,open,closed,-0.4544248580932617,-1.9460754990577698,1.491650640964508,-0.4544248580932617,False,False,True
IF_00450,BASE_0045,reported_event,open_closed,bag,open,closed,-1.8036470413208008,-2.135225296020508,0.33157825469970703,-1.8036470413208008,False,False,True
IF_00451,BASE_0046,no_context,open_closed,bag,open,closed,-1.8138513565063477,-1.8138513565063477,0.0,-1.8138513565063477,False,False,True
IF_00452,BASE_0046,explicit_final,open_closed,bag,open,closed,4.75300120562315,-5.19010903313756,9.94311023876071,4.75300120562315,True,False,False
IF_00453,BASE_0046,last_event,open_closed,bag,open,closed,-1.879486083984375,-2.313620686531067,0.4341346025466919,-1.879486083984375,False,False,True
IF_00454,BASE_0046,consistent_prior,open_closed,bag,open,closed,4.056214176118374,-4.701685685664415,8.75789986178279,4.056214176118374,True,False,False
IF_00455,BASE_0046,distractor_event,open_closed,bag,open,closed,-2.0481185913085938,-2.312703251838684,0.26458466053009033,-2.0481185913085938,False,False,True
IF_00456,BASE_0046,contradict_bare,open_closed,bag,open,closed,-4.364853136241436,4.014043867588043,-8.37889700382948,-4.364853136241436,False,False,False
IF_00457,BASE_0046,contradict_temporal,open_closed,bag,open,closed,-4.666893199086189,4.008346438407898,-8.675239637494087,-4.666893199086189,False,False,False
IF_00458,BASE_0046,contradict_reinforced,open_closed,bag,open,closed,-4.753348361700773,2.415523588657379,-7.168871950358152,-4.753348361700773,False,False,False
IF_00459,BASE_0046,explicit_override,open_closed,bag,open,closed,-0.4544248580932617,-1.9460754990577698,1.491650640964508,-0.4544248580932617,False,False,True
IF_00460,BASE_0046,reported_event,open_closed,bag,open,closed,-1.8846217393875122,-2.543456107378006,0.6588343679904938,-1.8846217393875122,False,False,True
IF_00461,BASE_0047,no_context,open_closed,bag,open,closed,-1.8138513565063477,-1.8138513565063477,0.0,-1.8138513565063477,False,False,True
IF_00462,BASE_0047,explicit_final,open_closed,bag,open,closed,4.75300120562315,-5.19010903313756,9.94311023876071,4.75300120562315,True,False,False
IF_00463,BASE_0047,last_event,open_closed,bag,open,closed,-1.9092806577682495,-2.6923789978027344,0.7830983400344849,-1.9092806577682495,False,False,True
IF_00464,BASE_0047,consistent_prior,open_closed,bag,open,closed,4.266341369599104,-4.621796432882547,8.888137802481651,4.266341369599104,True,False,False
IF_00465,BASE_0047,distractor_event,open_closed,bag,open,closed,-1.3440170288085938,-1.6269903182983398,0.2829732894897461,-1.3440170288085938,False,False,True
IF_00466,BASE_0047,contradict_bare,open_closed,bag,open,closed,-4.385297603905201,4.176513575017452,-8.561811178922653,-4.385297603905201,False,False,False
IF_00467,BASE_0047,contradict_temporal,open_closed,bag,open,closed,-4.611884333193302,4.228042643517256,-8.839926976710558,-4.611884333193302,False,False,False
IF_00468,BASE_0047,contradict_reinforced,open_closed,bag,open,closed,-4.706513363867998,2.580947905778885,-7.287461269646883,-4.706513363867998,False,False,False
IF_00469,BASE_0047,explicit_override,open_closed,bag,open,closed,-0.4544248580932617,-1.9460754990577698,1.491650640964508,-0.4544248580932617,False,False,True
IF_00470,BASE_0047,reported_event,open_closed,bag,open,closed,-1.9554959535598755,-2.5389126539230347,0.5834167003631592,-1.9554959535598755,False,False,True
IF_00471,BASE_0048,no_context,open_closed,bag,open,closed,-1.8138513565063477,-1.8138513565063477,0.0,-1.8138513565063477,False,False,True
IF_00472,BASE_0048,explicit_final,open_closed,bag,open,closed,4.75300120562315,-5.19010903313756,9.94311023876071,4.75300120562315,True,False,False
IF_00473,BASE_0048,last_event,open_closed,bag,open,closed,-1.6031428575515747,-2.5811291933059692,0.9779863357543945,-1.6031428575515747,False,False,True
IF_00474,BASE_0048,consistent_prior,open_closed,bag,open,closed,4.126197934150696,-4.611222084611654,8.73742001876235,4.126197934150696,True,False,False
IF_00475,BASE_0048,distractor_event,open_closed,bag,open,closed,-1.196578025817871,-1.5638447999954224,0.36726677417755127,-1.196578025817871,False,False,True
IF_00476,BASE_0048,contradict_bare,open_closed,bag,open,closed,-4.3765304163098335,4.0240678191185,-8.400598235428333,-4.3765304163098335,False,False,False
IF_00477,BASE_0048,contradict_temporal,open_closed,bag,open,closed,-4.611860241740942,4.06575795263052,-8.677618194371462,-4.611860241740942,False,False,False
IF_00478,BASE_0048,contradict_reinforced,open_closed,bag,open,closed,-4.726964171975851,2.465012475848198,-7.191976647824049,-4.726964171975851,False,False,False
IF_00479,BASE_0048,explicit_override,open_closed,bag,open,closed,-0.4544248580932617,-1.9460754990577698,1.491650640964508,-0.4544248580932617,False,False,True
IF_00480,BASE_0048,reported_event,open_closed,bag,open,closed,-1.0492591857910156,-1.7862147688865662,0.7369555830955505,-1.0492591857910156,False,False,True
IF_00481,BASE_0049,no_context,open_closed,bag,open,closed,-1.8138513565063477,-1.8138513565063477,0.0,-1.8138513565063477,False,False,True
IF_00482,BASE_0049,explicit_final,open_closed,bag,open,closed,4.75300120562315,-5.19010903313756,9.94311023876071,4.75300120562315,True,False,False
IF_00483,BASE_0049,last_event,open_closed,bag,open,closed,-1.6283340454101562,-1.9787988662719727,0.3504648208618164,-1.6283340454101562,False,False,True
IF_00484,BASE_0049,consistent_prior,open_closed,bag,open,closed,4.078748673200607,-4.6564457304775715,8.735194403678179,4.078748673200607,True,False,False
IF_00485,BASE_0049,distractor_event,open_closed,bag,open,closed,-1.6165046691894531,-1.8090953826904297,0.19259071350097656,-1.6165046691894531,False,False,True
IF_00486,BASE_0049,contradict_bare,open_closed,bag,open,closed,-4.481676995754242,4.043976902961731,-8.525653898715973,-4.481676995754242,False,False,False
IF_00487,BASE_0049,contradict_temporal,open_closed,bag,open,closed,-4.685676623135805,4.019656237214804,-8.705332860350609,-4.685676623135805,False,False,False
IF_00488,BASE_0049,contradict_reinforced,open_closed,bag,open,closed,-4.746125940233469,2.3782292157411575,-7.1243551559746265,-4.746125940233469,False,False,False
IF_00489,BASE_0049,explicit_override,open_closed,bag,open,closed,-0.4544248580932617,-1.9460754990577698,1.491650640964508,-0.4544248580932617,False,False,True
IF_00490,BASE_0049,reported_event,open_closed,bag,open,closed,-2.1934319138526917,-2.6182097792625427,0.4247778654098511,-2.1934319138526917,False,False,True
IF_00491,BASE_0050,no_context,open_closed,bag,open,closed,-1.8138513565063477,-1.8138513565063477,0.0,-1.8138513565063477,False,False,True
IF_00492,BASE_0050,explicit_final,open_closed,bag,open,closed,4.75300120562315,-5.19010903313756,9.94311023876071,4.75300120562315,True,False,False
IF_00493,BASE_0050,last_event,open_closed,bag,open,closed,-1.9933576583862305,-2.4330109357833862,0.43965327739715576,-1.9933576583862305,False,False,True
IF_00494,BASE_0050,consistent_prior,open_closed,bag,open,closed,4.079916916787624,-4.768399007618427,8.848315924406052,4.079916916787624,True,False,False
IF_00495,BASE_0050,distractor_event,open_closed,bag,open,closed,-1.9473686218261719,-2.1535415649414062,0.20617294311523438,-1.9473686218261719,False,False,True
IF_00496,BASE_0050,contradict_bare,open_closed,bag,open,closed,-4.624957915395498,4.054348737001419,-8.679306652396917,-4.624957915395498,False,False,False
IF_00497,BASE_0050,contradict_temporal,open_closed,bag,open,closed,-4.798902712762356,4.046402156352997,-8.845304869115353,-4.798902712762356,False,False,False
IF_00498,BASE_0050,contradict_reinforced,open_closed,bag,open,closed,-4.893015027046204,2.472199499607086,-7.36521452665329,-4.893015027046204,False,False,False
IF_00499,BASE_0050,explicit_override,open_closed,bag,open,closed,-0.4544248580932617,-1.9460754990577698,1.491650640964508,-0.4544248580932617,False,False,True
IF_00500,BASE_0050,reported_event,open_closed,bag,open,closed,-1.9252623319625854,-2.403838276863098,0.4785759449005127,-1.9252623319625854,False,False,True
IF_00501,BASE_0051,no_context,open_closed,window,open,closed,-0.44132423400878906,-0.44132423400878906,0.0,-0.44132423400878906,False,False,True
IF_00502,BASE_0051,explicit_final,open_closed,window,open,closed,4.654157616198063,-4.9632070325315,9.617364648729563,4.654157616198063,True,False,False
IF_00503,BASE_0051,last_event,open_closed,window,open,closed,-0.6486921310424805,-1.366812825202942,0.7181206941604614,-0.6486921310424805,False,False,True
IF_00504,BASE_0051,consistent_prior,open_closed,window,open,closed,4.115016900002956,-3.9909955635666847,8.106012463569641,3.9909955635666847,True,False,False
IF_00505,BASE_0051,distractor_event,open_closed,window,open,closed,-0.6847524642944336,-1.160084843635559,0.4753323793411255,-0.6847524642944336,False,False,True
IF_00506,BASE_0051,contradict_bare,open_closed,window,open,closed,-4.040115587413311,3.8113783821463585,-7.8514939695596695,-4.040115587413311,False,False,False
IF_00507,BASE_0051,contradict_temporal,open_closed,window,open,closed,-4.096776016056538,3.908505618572235,-8.005281634628773,-4.096776016056538,False,False,False
IF_00508,BASE_0051,contradict_reinforced,open_closed,window,open,closed,-4.136839099228382,2.730691894888878,-6.86753099411726,-4.136839099228382,False,False,False
IF_00509,BASE_0051,explicit_override,open_closed,window,open,closed,-0.3157462477684021,-1.4249467551708221,1.10920050740242,-0.3157462477684021,False,False,True
IF_00510,BASE_0051,reported_event,open_closed,window,open,closed,-0.4689207077026367,-1.384917140007019,0.9159964323043823,-0.4689207077026367,False,False,True
IF_00511,BASE_0052,no_context,open_closed,window,open,closed,-0.44132423400878906,-0.44132423400878906,0.0,-0.44132423400878906,False,False,True
IF_00512,BASE_0052,explicit_final,open_closed,window,open,closed,4.654157616198063,-4.9632070325315,9.617364648729563,4.654157616198063,True,False,False
IF_00513,BASE_0052,last_event,open_closed,window,open,closed,-0.3405858278274536,-1.2190752029418945,0.8784893751144409,-0.3405858278274536,False,False,True
IF_00514,BASE_0052,consistent_prior,open_closed,window,open,closed,3.9761601760983467,-4.183687098324299,8.159847274422646,3.9761601760983467,True,False,False
IF_00515,BASE_0052,distractor_event,open_closed,window,open,closed,-1.0256959199905396,-1.7848967909812927,0.7592008709907532,-1.0256959199905396,False,False,True
IF_00516,BASE_0052,contradict_bare,open_closed,window,open,closed,-4.210185065865517,3.7428216859698296,-7.953006751835346,-4.210185065865517,False,False,False
IF_00517,BASE_0052,contradict_temporal,open_closed,window,open,closed,-4.295860260725021,3.6804132387042046,-7.976273499429226,-4.295860260725021,False,False,False
IF_00518,BASE_0052,contradict_reinforced,open_closed,window,open,closed,-4.363356821238995,2.600072979927063,-6.963429801166058,-4.363356821238995,False,False,False
IF_00519,BASE_0052,explicit_override,open_closed,window,open,closed,-0.3157462477684021,-1.4249467551708221,1.10920050740242,-0.3157462477684021,False,False,True
IF_00520,BASE_0052,reported_event,open_closed,window,open,closed,-0.28809452056884766,-1.578800082206726,1.2907055616378784,-0.28809452056884766,False,False,True
IF_00521,BASE_0053,no_context,open_closed,window,open,closed,-0.44132423400878906,-0.44132423400878906,0.0,-0.44132423400878906,False,False,True
IF_00522,BASE_0053,explicit_final,open_closed,window,open,closed,4.654157616198063,-4.9632070325315,9.617364648729563,4.654157616198063,True,False,False
IF_00523,BASE_0053,last_event,open_closed,window,open,closed,-0.6227207183837891,-1.533675193786621,0.910954475402832,-0.6227207183837891,False,False,True
IF_00524,BASE_0053,consistent_prior,open_closed,window,open,closed,4.197568088769913,-4.027423143386841,8.224991232156754,4.027423143386841,True,False,False
IF_00525,BASE_0053,distractor_event,open_closed,window,open,closed,-1.0993623733520508,-1.3311176300048828,0.23175525665283203,-1.0993623733520508,False,False,True
IF_00526,BASE_0053,contradict_bare,open_closed,window,open,closed,-4.161369130015373,3.956734724342823,-8.118103854358196,-4.161369130015373,False,False,False
IF_00527,BASE_0053,contradict_temporal,open_closed,window,open,closed,-4.188381314277649,3.923364743590355,-8.111746057868004,-4.188381314277649,False,False,False
IF_00528,BASE_0053,contradict_reinforced,open_closed,window,open,closed,-4.207106493413448,2.74790658056736,-6.955013073980808,-4.207106493413448,False,False,False
IF_00529,BASE_0053,explicit_override,open_closed,window,open,closed,-0.3157462477684021,-1.4249467551708221,1.10920050740242,-0.3157462477684021,False,False,True
IF_00530,BASE_0053,reported_event,open_closed,window,open,closed,-0.2717304229736328,-0.9782581329345703,0.7065277099609375,-0.2717304229736328,False,False,True
IF_00531,BASE_0054,no_context,open_closed,window,open,closed,-0.44132423400878906,-0.44132423400878906,0.0,-0.44132423400878906,False,False,True
IF_00532,BASE_0054,explicit_final,open_closed,window,open,closed,4.654157616198063,-4.9632070325315,9.617364648729563,4.654157616198063,True,False,False
IF_00533,BASE_0054,last_event,open_closed,window,open,closed,-0.6829215288162231,-1.8239241242408752,1.141002595424652,-0.6829215288162231,False,False,True
IF_00534,BASE_0054,consistent_prior,open_closed,window,open,closed,4.094473749399185,-4.094561398029327,8.189035147428513,4.094473749399185,True,False,False
IF_00535,BASE_0054,distractor_event,open_closed,window,open,closed,-0.6906423568725586,-1.2083150148391724,0.5176726579666138,-0.6906423568725586,False,False,True
IF_00536,BASE_0054,contradict_bare,open_closed,window,open,closed,-4.251717418432236,3.7551068514585495,-8.006824269890785,-4.251717418432236,False,False,False
IF_00537,BASE_0054,contradict_temporal,open_closed,window,open,closed,-4.224566228687763,3.8273944184184074,-8.05196064710617,-4.224566228687763,False,False,False
IF_00538,BASE_0054,contradict_reinforced,open_closed,window,open,closed,-4.228515759110451,2.6176921129226685,-6.846207872033119,-4.228515759110451,False,False,False
IF_00539,BASE_0054,explicit_override,open_closed,window,open,closed,-0.3157462477684021,-1.4249467551708221,1.10920050740242,-0.3157462477684021,False,False,True
IF_00540,BASE_0054,reported_event,open_closed,window,open,closed,-0.2837200164794922,-1.3890675902366638,1.1053475737571716,-0.2837200164794922,False,False,True
IF_00541,BASE_0055,no_context,open_closed,window,open,closed,-0.44132423400878906,-0.44132423400878906,0.0,-0.44132423400878906,False,False,True
IF_00542,BASE_0055,explicit_final,open_closed,window,open,closed,4.654157616198063,-4.9632070325315,9.617364648729563,4.654157616198063,True,False,False
IF_00543,BASE_0055,last_event,open_closed,window,open,closed,-0.792852520942688,-1.2964953184127808,0.5036427974700928,-0.792852520942688,False,False,True
IF_00544,BASE_0055,consistent_prior,open_closed,window,open,closed,4.000374063849449,-4.071291007101536,8.071665070950985,4.000374063849449,True,False,False
IF_00545,BASE_0055,distractor_event,open_closed,window,open,closed,-1.1371078491210938,-1.428919792175293,0.2918119430541992,-1.1371078491210938,False,False,True
IF_00546,BASE_0055,contradict_bare,open_closed,window,open,closed,-4.294352643191814,3.7451657876372337,-8.039518430829048,-4.294352643191814,False,False,False
IF_00547,BASE_0055,contradict_temporal,open_closed,window,open,closed,-4.281706027686596,3.7475013956427574,-8.029207423329353,-4.281706027686596,False,False,False
IF_00548,BASE_0055,contradict_reinforced,open_closed,window,open,closed,-4.2864064052701,2.614019423723221,-6.9004258289933205,-4.2864064052701,False,False,False
IF_00549,BASE_0055,explicit_override,open_closed,window,open,closed,-0.3157462477684021,-1.4249467551708221,1.10920050740242,-0.3157462477684021,False,False,True
IF_00550,BASE_0055,reported_event,open_closed,window,open,closed,-0.6216163635253906,-1.1502695679664612,0.5286532044410706,-0.6216163635253906,False,False,True
IF_00551,BASE_0056,no_context,open_closed,window,open,closed,-0.44132423400878906,-0.44132423400878906,0.0,-0.44132423400878906,False,False,True
IF_00552,BASE_0056,explicit_final,open_closed,window,open,closed,4.654157616198063,-4.9632070325315,9.617364648729563,4.654157616198063,True,False,False
IF_00553,BASE_0056,last_event,open_closed,window,open,closed,-1.147343635559082,-2.173582077026367,1.0262384414672852,-1.147343635559082,False,False,True
IF_00554,BASE_0056,consistent_prior,open_closed,window,open,closed,3.9638156443834305,-4.152970232069492,8.116785876452923,3.9638156443834305,True,False,False
IF_00555,BASE_0056,distractor_event,open_closed,window,open,closed,-1.3477611541748047,-1.9359902739524841,0.5882291197776794,-1.3477611541748047,False,False,True
IF_00556,BASE_0056,contradict_bare,open_closed,window,open,closed,-4.132670260965824,3.6046265959739685,-7.737296856939793,-4.132670260965824,False,False,False
IF_00557,BASE_0056,contradict_temporal,open_closed,window,open,closed,-4.262720964848995,3.6595153883099556,-7.922236353158951,-4.262720964848995,False,False,False
IF_00558,BASE_0056,contradict_reinforced,open_closed,window,open,closed,-4.259747497737408,2.514783948659897,-6.7745314463973045,-4.259747497737408,False,False,False
IF_00559,BASE_0056,explicit_override,open_closed,window,open,closed,-0.3157462477684021,-1.4249467551708221,1.10920050740242,-0.3157462477684021,False,False,True
IF_00560,BASE_0056,reported_event,open_closed,window,open,closed,-0.8882066011428833,-1.9701977968215942,1.081991195678711,-0.8882066011428833,False,False,True
IF_00561,BASE_0057,no_context,open_closed,window,open,closed,-0.44132423400878906,-0.44132423400878906,0.0,-0.44132423400878906,False,False,True
IF_00562,BASE_0057,explicit_final,open_closed,window,open,closed,4.654157616198063,-4.9632070325315,9.617364648729563,4.654157616198063,True,False,False
IF_00563,BASE_0057,last_event,open_closed,window,open,closed,-0.8212900161743164,-2.47254079580307,1.6512507796287537,-0.8212900161743164,False,False,True
IF_00564,BASE_0057,consistent_prior,open_closed,window,open,closed,4.172651521861553,-4.056340247392654,8.228991769254208,4.056340247392654,True,False,False
IF_00565,BASE_0057,distractor_event,open_closed,window,open,closed,-1.0630367994308472,-1.8943108916282654,0.8312740921974182,-1.0630367994308472,False,False,True
IF_00566,BASE_0057,contradict_bare,open_closed,window,open,closed,-4.07300391048193,3.8295956179499626,-7.902599528431892,-4.07300391048193,False,False,False
IF_00567,BASE_0057,contradict_temporal,open_closed,window,open,closed,-4.164854072034359,3.874785304069519,-8.039639376103878,-4.164854072034359,False,False,False
IF_00568,BASE_0057,contradict_reinforced,open_closed,window,open,closed,-4.181863062083721,2.66570483148098,-6.847567893564701,-4.181863062083721,False,False,False
IF_00569,BASE_0057,explicit_override,open_closed,window,open,closed,-0.3157462477684021,-1.4249467551708221,1.10920050740242,-0.3157462477684021,False,False,True
IF_00570,BASE_0057,reported_event,open_closed,window,open,closed,-0.6023740768432617,-1.7909775376319885,1.1886034607887268,-0.6023740768432617,False,False,True
IF_00571,BASE_0058,no_context,open_closed,window,open,closed,-0.44132423400878906,-0.44132423400878906,0.0,-0.44132423400878906,False,False,True
IF_00572,BASE_0058,explicit_final,open_closed,window,open,closed,4.654157616198063,-4.9632070325315,9.617364648729563,4.654157616198063,True,False,False
IF_00573,BASE_0058,last_event,open_closed,window,open,closed,-0.60411536693573,-2.1454724073410034,1.5413570404052734,-0.60411536693573,False,False,True
IF_00574,BASE_0058,consistent_prior,open_closed,window,open,closed,4.03174964338541,-4.076125234365463,8.107874877750874,4.03174964338541,True,False,False
IF_00575,BASE_0058,distractor_event,open_closed,window,open,closed,-0.5312767028808594,-1.2742441892623901,0.7429674863815308,-0.5312767028808594,False,False,True
IF_00576,BASE_0058,contradict_bare,open_closed,window,open,closed,-4.150314524769783,3.606603652238846,-7.756918177008629,-4.150314524769783,False,False,False
IF_00577,BASE_0058,contradict_temporal,open_closed,window,open,closed,-4.184433110058308,3.6945181265473366,-7.878951236605644,-4.184433110058308,False,False,False
IF_00578,BASE_0058,contradict_reinforced,open_closed,window,open,closed,-4.221492938697338,2.6077862232923508,-6.829279161989689,-4.221492938697338,False,False,False
IF_00579,BASE_0058,explicit_override,open_closed,window,open,closed,-0.3157462477684021,-1.4249467551708221,1.10920050740242,-0.3157462477684021,False,False,True
IF_00580,BASE_0058,reported_event,open_closed,window,open,closed,-0.01763629913330078,-1.5880556106567383,1.5704193115234375,-0.01763629913330078,False,False,True
IF_00581,BASE_0059,no_context,open_closed,window,open,closed,-0.44132423400878906,-0.44132423400878906,0.0,-0.44132423400878906,False,False,True
IF_00582,BASE_0059,explicit_final,open_closed,window,open,closed,4.654157616198063,-4.9632070325315,9.617364648729563,4.654157616198063,True,False,False
IF_00583,BASE_0059,last_event,open_closed,window,open,closed,-0.6976137161254883,-1.4443607926368713,0.7467470765113831,-0.6976137161254883,False,False,True
IF_00584,BASE_0059,consistent_prior,open_closed,window,open,closed,4.060852140188217,-4.063368700444698,8.124220840632915,4.060852140188217,True,False,False
IF_00585,BASE_0059,distractor_event,open_closed,window,open,closed,-1.227204442024231,-1.6204585433006287,0.3932541012763977,-1.227204442024231,False,False,True
IF_00586,BASE_0059,contradict_bare,open_closed,window,open,closed,-4.180654518306255,3.715557985007763,-7.896212503314018,-4.180654518306255,False,False,False
IF_00587,BASE_0059,contradict_temporal,open_closed,window,open,closed,-4.237130083143711,3.756047174334526,-7.993177257478237,-4.237130083143711,False,False,False
IF_00588,BASE_0059,contradict_reinforced,open_closed,window,open,closed,-4.231612995266914,2.614485651254654,-6.846098646521568,-4.231612995266914,False,False,False
IF_00589,BASE_0059,explicit_override,open_closed,window,open,closed,-0.3157462477684021,-1.4249467551708221,1.10920050740242,-0.3157462477684021,False,False,True
IF_00590,BASE_0059,reported_event,open_closed,window,open,closed,-0.9067659378051758,-1.6719589829444885,0.7651930451393127,-0.9067659378051758,False,False,True
IF_00591,BASE_0060,no_context,open_closed,window,open,closed,-0.44132423400878906,-0.44132423400878906,0.0,-0.44132423400878906,False,False,True
IF_00592,BASE_0060,explicit_final,open_closed,window,open,closed,4.654157616198063,-4.9632070325315,9.617364648729563,4.654157616198063,True,False,False
IF_00593,BASE_0060,last_event,open_closed,window,open,closed,-0.8731623888015747,-1.604929804801941,0.7317674160003662,-0.8731623888015747,False,False,True
IF_00594,BASE_0060,consistent_prior,open_closed,window,open,closed,3.996754750609398,-4.199520826339722,8.19627557694912,3.996754750609398,True,False,False
IF_00595,BASE_0060,distractor_event,open_closed,window,open,closed,-0.9541969299316406,-1.3704338073730469,0.41623687744140625,-0.9541969299316406,False,False,True
IF_00596,BASE_0060,contradict_bare,open_closed,window,open,closed,-4.389819875359535,3.70038902759552,-8.090208902955055,-4.389819875359535,False,False,False
IF_00597,BASE_0060,contradict_temporal,open_closed,window,open,closed,-4.39027900993824,3.7394704818725586,-8.129749491810799,-4.39027900993824,False,False,False
IF_00598,BASE_0060,contradict_reinforced,open_closed,window,open,closed,-4.402087360620499,2.6321659982204437,-7.034253358840942,-4.402087360620499,False,False,False
IF_00599,BASE_0060,explicit_override,open_closed,window,open,closed,-0.3157462477684021,-1.4249467551708221,1.10920050740242,-0.3157462477684021,False,False,True
IF_00600,BASE_0060,reported_event,open_closed,window,open,closed,-0.7682560682296753,-1.4785603880882263,0.710304319858551,-0.7682560682296753,False,False,True
IF_00601,BASE_0061,no_context,open_closed,door,open,closed,-0.41376984119415283,-0.41376984119415283,0.0,-0.41376984119415283,False,False,True
IF_00602,BASE_0061,explicit_final,open_closed,door,open,closed,4.61949273571372,-4.452354606240988,9.071847341954708,4.452354606240988,True,False,False
IF_00603,BASE_0061,last_event,open_closed,door,open,closed,-0.902161717414856,-1.3855199813842773,0.4833582639694214,-0.902161717414856,False,False,True
IF_00604,BASE_0061,consistent_prior,open_closed,door,open,closed,4.012189865112305,-3.777284659445286,7.7894745245575905,3.777284659445286,True,False,False
IF_00605,BASE_0061,distractor_event,open_closed,door,open,closed,-0.9915370941162109,-1.4815607070922852,0.4900236129760742,-0.9915370941162109,False,False,True
IF_00606,BASE_0061,contradict_bare,open_closed,door,open,closed,-3.8140059038996696,3.79613970965147,-7.61014561355114,-3.8140059038996696,False,False,False
IF_00607,BASE_0061,contradict_temporal,open_closed,door,open,closed,-3.8589877784252167,3.9199068024754524,-7.778894580900669,-3.9199068024754524,False,False,False
IF_00608,BASE_0061,contradict_reinforced,open_closed,door,open,closed,-3.871560998260975,2.750923126935959,-6.622484125196934,-3.871560998260975,False,False,False
IF_00609,BASE_0061,explicit_override,open_closed,door,open,closed,-0.4837808609008789,-1.1268672943115234,0.6430864334106445,-0.4837808609008789,False,False,True
IF_00610,BASE_0061,reported_event,open_closed,door,open,closed,-0.9136829376220703,-1.506450593471527,0.5927676558494568,-0.9136829376220703,False,False,True
IF_00611,BASE_0062,no_context,open_closed,door,open,closed,-0.41376984119415283,-0.41376984119415283,0.0,-0.41376984119415283,False,False,True
IF_00612,BASE_0062,explicit_final,open_closed,door,open,closed,4.61949273571372,-4.452354606240988,9.071847341954708,4.452354606240988,True,False,False
IF_00613,BASE_0062,last_event,open_closed,door,open,closed,-0.4456052780151367,-1.1457910537719727,0.7001857757568359,-0.4456052780151367,False,False,True
IF_00614,BASE_0062,consistent_prior,open_closed,door,open,closed,3.8861760944128036,-3.962721049785614,7.848897144198418,3.8861760944128036,True,False,False
IF_00615,BASE_0062,distractor_event,open_closed,door,open,closed,-1.2824573516845703,-2.0239847898483276,0.7415274381637573,-1.2824573516845703,False,False,True
IF_00616,BASE_0062,contradict_bare,open_closed,door,open,closed,-3.9739615991711617,3.73557285964489,-7.7095344588160515,-3.9739615991711617,False,False,False
IF_00617,BASE_0062,contradict_temporal,open_closed,door,open,closed,-4.065989479422569,3.7021969705820084,-7.768186450004578,-4.065989479422569,False,False,False
IF_00618,BASE_0062,contradict_reinforced,open_closed,door,open,closed,-4.09063807874918,2.6429747939109802,-6.73361287266016,-4.09063807874918,False,False,False
IF_00619,BASE_0062,explicit_override,open_closed,door,open,closed,-0.4837808609008789,-1.1268672943115234,0.6430864334106445,-0.4837808609008789,False,False,True
IF_00620,BASE_0062,reported_event,open_closed,door,open,closed,-0.8020153045654297,-1.540010392665863,0.7379950881004333,-0.8020153045654297,False,False,True
IF_00621,BASE_0063,no_context,open_closed,door,open,closed,-0.41376984119415283,-0.41376984119415283,0.0,-0.41376984119415283,False,False,True
IF_00622,BASE_0063,explicit_final,open_closed,door,open,closed,4.61949273571372,-4.452354606240988,9.071847341954708,4.452354606240988,True,False,False
IF_00623,BASE_0063,last_event,open_closed,door,open,closed,-0.6979608535766602,-1.345780372619629,0.6478195190429688,-0.6979608535766602,False,False,True
IF_00624,BASE_0063,consistent_prior,open_closed,door,open,closed,4.1754132732748985,-3.7457228675484657,7.921136140823364,3.7457228675484657,True,False,False
IF_00625,BASE_0063,distractor_event,open_closed,door,open,closed,-0.6287258863449097,-0.910873293876648,0.2821474075317383,-0.6287258863449097,False,False,True
IF_00626,BASE_0063,contradict_bare,open_closed,door,open,closed,-3.829510658979416,4.005669705569744,-7.83518036454916,-4.005669705569744,False,False,False
IF_00627,BASE_0063,contradict_temporal,open_closed,door,open,closed,-3.8655539080500603,4.010419897735119,-7.875973805785179,-4.010419897735119,False,False,False
IF_00628,BASE_0063,contradict_reinforced,open_closed,door,open,closed,-3.884347952902317,2.860313341021538,-6.744661293923855,-3.884347952902317,False,False,False
IF_00629,BASE_0063,explicit_override,open_closed,door,open,closed,-0.4837808609008789,-1.1268672943115234,0.6430864334106445,-0.4837808609008789,False,False,True
IF_00630,BASE_0063,reported_event,open_closed,door,open,closed,-0.5467472076416016,-0.9507265090942383,0.4039793014526367,-0.5467472076416016,False,False,True
IF_00631,BASE_0064,no_context,open_closed,door,open,closed,-0.41376984119415283,-0.41376984119415283,0.0,-0.41376984119415283,False,False,True
IF_00632,BASE_0064,explicit_final,open_closed,door,open,closed,4.61949273571372,-4.452354606240988,9.071847341954708,4.452354606240988,True,False,False
IF_00633,BASE_0064,last_event,open_closed,door,open,closed,-0.7456225156784058,-1.6045693159103394,0.8589468002319336,-0.7456225156784058,False,False,True
IF_00634,BASE_0064,consistent_prior,open_closed,door,open,closed,4.039452739059925,-3.8396110907197,7.879063829779625,3.8396110907197,True,False,False
IF_00635,BASE_0064,distractor_event,open_closed,door,open,closed,-0.8162097930908203,-1.3028221130371094,0.48661231994628906,-0.8162097930908203,False,False,True
IF_00636,BASE_0064,contradict_bare,open_closed,door,open,closed,-3.9744689911603928,3.7406882494688034,-7.715157240629196,-3.9744689911603928,False,False,False
IF_00637,BASE_0064,contradict_temporal,open_closed,door,open,closed,-3.9513425081968307,3.882416807115078,-7.833759315311909,-3.9513425081968307,False,False,False
IF_00638,BASE_0064,contradict_reinforced,open_closed,door,open,closed,-3.934600666165352,2.686876207590103,-6.621476873755455,-3.934600666165352,False,False,False
IF_00639,BASE_0064,explicit_override,open_closed,door,open,closed,-0.4837808609008789,-1.1268672943115234,0.6430864334106445,-0.4837808609008789,False,False,True
IF_00640,BASE_0064,reported_event,open_closed,door,open,closed,-0.4465761184692383,-1.3690472841262817,0.9224711656570435,-0.4465761184692383,False,False,True
IF_00641,BASE_0065,no_context,open_closed,door,open,closed,-0.41376984119415283,-0.41376984119415283,0.0,-0.41376984119415283,False,False,True
IF_00642,BASE_0065,explicit_final,open_closed,door,open,closed,4.61949273571372,-4.452354606240988,9.071847341954708,4.452354606240988,True,False,False
IF_00643,BASE_0065,last_event,open_closed,door,open,closed,-0.9922007322311401,-1.2874776124954224,0.2952768802642822,-0.9922007322311401,False,False,True
IF_00644,BASE_0065,consistent_prior,open_closed,door,open,closed,3.931848555803299,-3.8357296735048294,7.767578229308128,3.8357296735048294,True,False,False
IF_00645,BASE_0065,distractor_event,open_closed,door,open,closed,-1.207703709602356,-1.496316909790039,0.2886132001876831,-1.207703709602356,False,False,True
IF_00646,BASE_0065,contradict_bare,open_closed,door,open,closed,-4.0400067791342735,3.713788077235222,-7.753794856369495,-4.0400067791342735,False,False,False
IF_00647,BASE_0065,contradict_temporal,open_closed,door,open,closed,-4.0361345782876015,3.7802429795265198,-7.816377557814121,-4.0361345782876015,False,False,False
IF_00648,BASE_0065,contradict_reinforced,open_closed,door,open,closed,-4.003813832998276,2.6874637752771378,-6.6912776082754135,-4.003813832998276,False,False,False
IF_00649,BASE_0065,explicit_override,open_closed,door,open,closed,-0.4837808609008789,-1.1268672943115234,0.6430864334106445,-0.4837808609008789,False,False,True
IF_00650,BASE_0065,reported_event,open_closed,door,open,closed,-0.9090671539306641,-1.2894574403762817,0.3803902864456177,-0.9090671539306641,False,False,True
IF_00651,BASE_0066,no_context,open_closed,door,open,closed,-0.41376984119415283,-0.41376984119415283,0.0,-0.41376984119415283,False,False,True
IF_00652,BASE_0066,explicit_final,open_closed,door,open,closed,4.61949273571372,-4.452354606240988,9.071847341954708,4.452354606240988,True,False,False
IF_00653,BASE_0066,last_event,open_closed,door,open,closed,-1.1077394485473633,-1.7436151504516602,0.6358757019042969,-1.1077394485473633,False,False,True
IF_00654,BASE_0066,consistent_prior,open_closed,door,open,closed,3.936210796236992,-3.8481282889842987,7.784339085221291,3.8481282889842987,True,False,False
IF_00655,BASE_0066,distractor_event,open_closed,door,open,closed,-0.9266825914382935,-1.4824352860450745,0.555752694606781,-0.9266825914382935,False,False,True
IF_00656,BASE_0066,contradict_bare,open_closed,door,open,closed,-3.7939557284116745,3.67111486941576,-7.4650705978274345,-3.7939557284116745,False,False,False
IF_00657,BASE_0066,contradict_temporal,open_closed,door,open,closed,-3.925458677113056,3.778068594634533,-7.703527271747589,-3.925458677113056,False,False,False
IF_00658,BASE_0066,contradict_reinforced,open_closed,door,open,closed,-3.9139298275113106,2.655258223414421,-6.569188050925732,-3.9139298275113106,False,False,False
IF_00659,BASE_0066,explicit_override,open_closed,door,open,closed,-0.4837808609008789,-1.1268672943115234,0.6430864334106445,-0.4837808609008789,False,False,True
IF_00660,BASE_0066,reported_event,open_closed,door,open,closed,-1.1229619979858398,-2.0436335504055023,0.9206715524196625,-1.1229619979858398,False,False,True
IF_00661,BASE_0067,no_context,open_closed,door,open,closed,-0.41376984119415283,-0.41376984119415283,0.0,-0.41376984119415283,False,False,True
IF_00662,BASE_0067,explicit_final,open_closed,door,open,closed,4.61949273571372,-4.452354606240988,9.071847341954708,4.452354606240988,True,False,False
IF_00663,BASE_0067,last_event,open_closed,door,open,closed,-0.958715558052063,-2.0092572569847107,1.0505416989326477,-0.958715558052063,False,False,True
IF_00664,BASE_0067,consistent_prior,open_closed,door,open,closed,4.124751873314381,-3.7661332562565804,7.890885129570961,3.7661332562565804,True,False,False
IF_00665,BASE_0067,distractor_event,open_closed,door,open,closed,-1.1959867477416992,-1.790262222290039,0.5942754745483398,-1.1959867477416992,False,False,True
IF_00666,BASE_0067,contradict_bare,open_closed,door,open,closed,-3.757713206112385,3.869448632001877,-7.627161838114262,-3.869448632001877,False,False,False
IF_00667,BASE_0067,contradict_temporal,open_closed,door,open,closed,-3.8580187559127808,3.9653599113225937,-7.8233786672353745,-3.9653599113225937,False,False,False
IF_00668,BASE_0067,contradict_reinforced,open_closed,door,open,closed,-3.861216515302658,2.794248640537262,-6.65546515583992,-3.861216515302658,False,False,False
IF_00669,BASE_0067,explicit_override,open_closed,door,open,closed,-0.4837808609008789,-1.1268672943115234,0.6430864334106445,-0.4837808609008789,False,False,True
IF_00670,BASE_0067,reported_event,open_closed,door,open,closed,-0.9625968933105469,-1.8475446105003357,0.8849477171897888,-0.9625968933105469,False,False,True
IF_00671,BASE_0068,no_context,open_closed,door,open,closed,-0.41376984119415283,-0.41376984119415283,0.0,-0.41376984119415283,False,False,True
IF_00672,BASE_0068,explicit_final,open_closed,door,open,closed,4.61949273571372,-4.452354606240988,9.071847341954708,4.452354606240988,True,False,False
IF_00673,BASE_0068,last_event,open_closed,door,open,closed,-0.4119911193847656,-1.6641921997070312,1.2522010803222656,-0.4119911193847656,False,False,True
IF_00674,BASE_0068,consistent_prior,open_closed,door,open,closed,3.954872138798237,-3.8314418494701385,7.786313988268375,3.8314418494701385,True,False,False
IF_00675,BASE_0068,distractor_event,open_closed,door,open,closed,-0.8734540939331055,-1.6834030151367188,0.8099489212036133,-0.8734540939331055,False,False,True
IF_00676,BASE_0068,contradict_bare,open_closed,door,open,closed,-3.88660054653883,3.62377842515707,-7.5103789716959,-3.88660054653883,False,False,False
IF_00677,BASE_0068,contradict_temporal,open_closed,door,open,closed,-3.9146613627672195,3.7449617609381676,-7.659623123705387,-3.9146613627672195,False,False,False
IF_00678,BASE_0068,contradict_reinforced,open_closed,door,open,closed,-3.902868330478668,2.7068634182214737,-6.609731748700142,-3.902868330478668,False,False,False
IF_00679,BASE_0068,explicit_override,open_closed,door,open,closed,-0.4837808609008789,-1.1268672943115234,0.6430864334106445,-0.4837808609008789,False,False,True
IF_00680,BASE_0068,reported_event,open_closed,door,open,closed,-0.20767593383789062,-1.2240963578224182,1.0164204239845276,-0.20767593383789062,False,False,True
IF_00681,BASE_0069,no_context,open_closed,door,open,closed,-0.41376984119415283,-0.41376984119415283,0.0,-0.41376984119415283,False,False,True
IF_00682,BASE_0069,explicit_final,open_closed,door,open,closed,4.61949273571372,-4.452354606240988,9.071847341954708,4.452354606240988,True,False,False
IF_00683,BASE_0069,last_event,open_closed,door,open,closed,-1.0234375,-1.4544420838356018,0.4310045838356018,-1.0234375,False,False,True
IF_00684,BASE_0069,consistent_prior,open_closed,door,open,closed,3.956411510705948,-3.8318281397223473,7.788239650428295,3.8318281397223473,True,False,False
IF_00685,BASE_0069,distractor_event,open_closed,door,open,closed,-1.3101377487182617,-1.6334028244018555,0.32326507568359375,-1.3101377487182617,False,False,True
IF_00686,BASE_0069,contradict_bare,open_closed,door,open,closed,-3.9431601092219353,3.6915845200419426,-7.634744629263878,-3.9431601092219353,False,False,False
IF_00687,BASE_0069,contradict_temporal,open_closed,door,open,closed,-3.998111814260483,3.7641383185982704,-7.762250132858753,-3.998111814260483,False,False,False
IF_00688,BASE_0069,contradict_reinforced,open_closed,door,open,closed,-3.9606065079569817,2.652016580104828,-6.6126230880618095,-3.9606065079569817,False,False,False
IF_00689,BASE_0069,explicit_override,open_closed,door,open,closed,-0.4837808609008789,-1.1268672943115234,0.6430864334106445,-0.4837808609008789,False,False,True
IF_00690,BASE_0069,reported_event,open_closed,door,open,closed,-1.341873049736023,-1.8222865462303162,0.4804134964942932,-1.341873049736023,False,False,True
IF_00691,BASE_0070,no_context,open_closed,door,open,closed,-0.41376984119415283,-0.41376984119415283,0.0,-0.41376984119415283,False,False,True
IF_00692,BASE_0070,explicit_final,open_closed,door,open,closed,4.61949273571372,-4.452354606240988,9.071847341954708,4.452354606240988,True,False,False
IF_00693,BASE_0070,last_event,open_closed,door,open,closed,-0.9110164642333984,-1.523979127407074,0.6129626631736755,-0.9110164642333984,False,False,True
IF_00694,BASE_0070,consistent_prior,open_closed,door,open,closed,3.9074876829981804,-3.967020258307457,7.874507941305637,3.9074876829981804,True,False,False
IF_00695,BASE_0070,distractor_event,open_closed,door,open,closed,-1.4201706647872925,-1.754818081855774,0.33464741706848145,-1.4201706647872925,False,False,True
IF_00696,BASE_0070,contradict_bare,open_closed,door,open,closed,-4.124112010002136,3.6594162732362747,-7.783528283238411,-4.124112010002136,False,False,False
IF_00697,BASE_0070,contradict_temporal,open_closed,door,open,closed,-4.137002795934677,3.7448644191026688,-7.881867215037346,-4.137002795934677,False,False,False
IF_00698,BASE_0070,contradict_reinforced,open_closed,door,open,closed,-4.107975147664547,2.673706069588661,-6.781681217253208,-4.107975147664547,False,False,False
IF_00699,BASE_0070,explicit_override,open_closed,door,open,closed,-0.4837808609008789,-1.1268672943115234,0.6430864334106445,-0.4837808609008789,False,False,True
IF_00700,BASE_0070,reported_event,open_closed,door,open,closed,-0.9178180694580078,-1.5448569059371948,0.627038836479187,-0.9178180694580078,False,False,True
IF_00701,BASE_0071,no_context,open_closed,drawer,open,closed,-0.91015625,-0.91015625,0.0,-0.91015625,False,False,True
IF_00702,BASE_0071,explicit_final,open_closed,drawer,open,closed,5.221589282155037,-5.12704461812973,10.348633900284767,5.12704461812973,True,False,False
IF_00703,BASE_0071,last_event,open_closed,drawer,open,closed,-1.0647162199020386,-1.9723406434059143,0.9076244235038757,-1.0647162199020386,False,False,True
IF_00704,BASE_0071,consistent_prior,open_closed,drawer,open,closed,4.751335170120001,-4.527677588164806,9.279012758284807,4.527677588164806,True,False,False
IF_00705,BASE_0071,distractor_event,open_closed,drawer,open,closed,-1.3767671585083008,-1.8746327757835388,0.49786561727523804,-1.3767671585083008,False,False,True
IF_00706,BASE_0071,contradict_bare,open_closed,drawer,open,closed,-4.280114218592644,4.542459599673748,-8.822573818266392,-4.542459599673748,False,False,False
IF_00707,BASE_0071,contradict_temporal,open_closed,drawer,open,closed,-4.407998152077198,4.645105205476284,-9.053103357553482,-4.645105205476284,False,False,False
IF_00708,BASE_0071,contradict_reinforced,open_closed,drawer,open,closed,-4.49524138122797,3.105904534459114,-7.601145915687084,-4.49524138122797,False,False,False
IF_00709,BASE_0071,explicit_override,open_closed,drawer,open,closed,-0.5774134993553162,-1.9380302280187607,1.3606167286634445,-0.5774134993553162,False,False,True
IF_00710,BASE_0071,reported_event,open_closed,drawer,open,closed,-0.6965912580490112,-1.5854310989379883,0.888839840888977,-0.6965912580490112,False,False,True
IF_00711,BASE_0072,no_context,open_closed,drawer,open,closed,-0.91015625,-0.91015625,0.0,-0.91015625,False,False,True
IF_00712,BASE_0072,explicit_final,open_closed,drawer,open,closed,5.221589282155037,-5.12704461812973,10.348633900284767,5.12704461812973,True,False,False
IF_00713,BASE_0072,last_event,open_closed,drawer,open,closed,-0.8416337966918945,-1.7586498260498047,0.9170160293579102,-0.8416337966918945,False,False,True
IF_00714,BASE_0072,consistent_prior,open_closed,drawer,open,closed,4.647663280367851,-4.6770897433161736,9.324753023684025,4.647663280367851,True,False,False
IF_00715,BASE_0072,distractor_event,open_closed,drawer,open,closed,-1.4198226928710938,-2.0939483046531677,0.674125611782074,-1.4198226928710938,False,False,True
IF_00716,BASE_0072,contradict_bare,open_closed,drawer,open,closed,-4.407988682389259,4.531231749802828,-8.939220432192087,-4.531231749802828,False,False,False
IF_00717,BASE_0072,contradict_temporal,open_closed,drawer,open,closed,-4.55242158100009,4.522373370826244,-9.074794951826334,-4.55242158100009,False,False,False
IF_00718,BASE_0072,contradict_reinforced,open_closed,drawer,open,closed,-4.678200922906399,3.103826552629471,-7.78202747553587,-4.678200922906399,False,False,False
IF_00719,BASE_0072,explicit_override,open_closed,drawer,open,closed,-0.5774134993553162,-1.9380302280187607,1.3606167286634445,-0.5774134993553162,False,False,True
IF_00720,BASE_0072,reported_event,open_closed,drawer,open,closed,-0.9285993576049805,-1.8165998458862305,0.88800048828125,-0.9285993576049805,False,False,True
IF_00721,BASE_0073,no_context,open_closed,drawer,open,closed,-0.91015625,-0.91015625,0.0,-0.91015625,False,False,True
IF_00722,BASE_0073,explicit_final,open_closed,drawer,open,closed,5.221589282155037,-5.12704461812973,10.348633900284767,5.12704461812973,True,False,False
IF_00723,BASE_0073,last_event,open_closed,drawer,open,closed,-1.2168550491333008,-2.0523205995559692,0.8354655504226685,-1.2168550491333008,False,False,True
IF_00724,BASE_0073,consistent_prior,open_closed,drawer,open,closed,4.853233303874731,-4.562133893370628,9.41536719724536,4.562133893370628,True,False,False
IF_00725,BASE_0073,distractor_event,open_closed,drawer,open,closed,-1.2368324995040894,-1.4945869445800781,0.25775444507598877,-1.2368324995040894,False,False,True
IF_00726,BASE_0073,contradict_bare,open_closed,drawer,open,closed,-4.365616604685783,4.790833622217178,-9.156450226902962,-4.790833622217178,False,False,False
IF_00727,BASE_0073,contradict_temporal,open_closed,drawer,open,closed,-4.467855490744114,4.71907727047801,-9.186932761222124,-4.71907727047801,False,False,False
IF_00728,BASE_0073,contradict_reinforced,open_closed,drawer,open,closed,-4.5827798172831535,3.2334433794021606,-7.816223196685314,-4.5827798172831535,False,False,False
IF_00729,BASE_0073,explicit_override,open_closed,drawer,open,closed,-0.5774134993553162,-1.9380302280187607,1.3606167286634445,-0.5774134993553162,False,False,True
IF_00730,BASE_0073,reported_event,open_closed,drawer,open,closed,-0.9951914548873901,-1.5762720704078674,0.5810806155204773,-0.9951914548873901,False,False,True
IF_00731,BASE_0074,no_context,open_closed,drawer,open,closed,-0.91015625,-0.91015625,0.0,-0.91015625,False,False,True
IF_00732,BASE_0074,explicit_final,open_closed,drawer,open,closed,5.221589282155037,-5.12704461812973,10.348633900284767,5.12704461812973,True,False,False
IF_00733,BASE_0074,last_event,open_closed,drawer,open,closed,-1.0051697492599487,-2.608111321926117,1.6029415726661682,-1.0051697492599487,False,False,True
IF_00734,BASE_0074,consistent_prior,open_closed,drawer,open,closed,4.641635071486235,-4.6333627589046955,9.27499783039093,4.6333627589046955,True,False,False
IF_00735,BASE_0074,distractor_event,open_closed,drawer,open,closed,-1.5182210206985474,-2.106296420097351,0.5880753993988037,-1.5182210206985474,False,False,True
IF_00736,BASE_0074,contradict_bare,open_closed,drawer,open,closed,-4.480393275618553,4.40282266959548,-8.883215945214033,-4.480393275618553,False,False,False
IF_00737,BASE_0074,contradict_temporal,open_closed,drawer,open,closed,-4.519500896334648,4.464744366705418,-8.984245263040066,-4.519500896334648,False,False,False
IF_00738,BASE_0074,contradict_reinforced,open_closed,drawer,open,closed,-4.590918332338333,2.9202280789613724,-7.5111464112997055,-4.590918332338333,False,False,False
IF_00739,BASE_0074,explicit_override,open_closed,drawer,open,closed,-0.5774134993553162,-1.9380302280187607,1.3606167286634445,-0.5774134993553162,False,False,True
IF_00740,BASE_0074,reported_event,open_closed,drawer,open,closed,-0.5502891540527344,-1.8176918625831604,1.267402708530426,-0.5502891540527344,False,False,True
IF_00741,BASE_0075,no_context,open_closed,drawer,open,closed,-0.91015625,-0.91015625,0.0,-0.91015625,False,False,True
IF_00742,BASE_0075,explicit_final,open_closed,drawer,open,closed,5.221589282155037,-5.12704461812973,10.348633900284767,5.12704461812973,True,False,False
IF_00743,BASE_0075,last_event,open_closed,drawer,open,closed,-1.2873735427856445,-1.8163424730300903,0.5289689302444458,-1.2873735427856445,False,False,True
IF_00744,BASE_0075,consistent_prior,open_closed,drawer,open,closed,4.674097061157227,-4.604316905140877,9.278413966298103,4.604316905140877,True,False,False
IF_00745,BASE_0075,distractor_event,open_closed,drawer,open,closed,-1.4315136671066284,-1.668808102607727,0.23729443550109863,-1.4315136671066284,False,False,True
IF_00746,BASE_0075,contradict_bare,open_closed,drawer,open,closed,-4.514620900154114,4.558395378291607,-9.07301627844572,-4.558395378291607,False,False,False
IF_00747,BASE_0075,contradict_temporal,open_closed,drawer,open,closed,-4.571386434137821,4.56064311042428,-9.132029544562101,-4.571386434137821,False,False,False
IF_00748,BASE_0075,contradict_reinforced,open_closed,drawer,open,closed,-4.637783885002136,3.126275099813938,-7.764058984816074,-4.637783885002136,False,False,False
IF_00749,BASE_0075,explicit_override,open_closed,drawer,open,closed,-0.5774134993553162,-1.9380302280187607,1.3606167286634445,-0.5774134993553162,False,False,True
IF_00750,BASE_0075,reported_event,open_closed,drawer,open,closed,-0.7184715270996094,-1.2472457885742188,0.5287742614746094,-0.7184715270996094,False,False,True
IF_00751,BASE_0076,no_context,open_closed,drawer,open,closed,-0.91015625,-0.91015625,0.0,-0.91015625,False,False,True
IF_00752,BASE_0076,explicit_final,open_closed,drawer,open,closed,5.221589282155037,-5.12704461812973,10.348633900284767,5.12704461812973,True,False,False
IF_00753,BASE_0076,last_event,open_closed,drawer,open,closed,-1.503678321838379,-2.546259045600891,1.0425807237625122,-1.503678321838379,False,False,True
IF_00754,BASE_0076,consistent_prior,open_closed,drawer,open,closed,4.635247256606817,-4.665180377662182,9.300427634268999,4.635247256606817,True,False,False
IF_00755,BASE_0076,distractor_event,open_closed,drawer,open,closed,-1.1680479049682617,-1.806589961051941,0.6385420560836792,-1.1680479049682617,False,False,True
IF_00756,BASE_0076,contradict_bare,open_closed,drawer,open,closed,-4.322199918329716,4.4306041821837425,-8.752804100513458,-4.4306041821837425,False,False,False
IF_00757,BASE_0076,contradict_temporal,open_closed,drawer,open,closed,-4.506378930062056,4.464733086526394,-8.97111201658845,-4.506378930062056,False,False,False
IF_00758,BASE_0076,contradict_reinforced,open_closed,drawer,open,closed,-4.5750503316521645,2.9282141774892807,-7.503264509141445,-4.5750503316521645,False,False,False
IF_00759,BASE_0076,explicit_override,open_closed,drawer,open,closed,-0.5774134993553162,-1.9380302280187607,1.3606167286634445,-0.5774134993553162,False,False,True
IF_00760,BASE_0076,reported_event,open_closed,drawer,open,closed,-1.086738646030426,-2.2325382232666016,1.1457995772361755,-1.086738646030426,False,False,True
IF_00761,BASE_0077,no_context,open_closed,drawer,open,closed,-0.91015625,-0.91015625,0.0,-0.91015625,False,False,True
IF_00762,BASE_0077,explicit_final,open_closed,drawer,open,closed,5.221589282155037,-5.12704461812973,10.348633900284767,5.12704461812973,True,False,False
IF_00763,BASE_0077,last_event,open_closed,drawer,open,closed,-1.2010077238082886,-2.936700761318207,1.7356930375099182,-1.2010077238082886,False,False,True
IF_00764,BASE_0077,consistent_prior,open_closed,drawer,open,closed,4.828792545944452,-4.584057968109846,9.412850514054298,4.584057968109846,True,False,False
IF_00765,BASE_0077,distractor_event,open_closed,drawer,open,closed,-1.1533174514770508,-1.979031503200531,0.8257140517234802,-1.1533174514770508,False,False,True
IF_00766,BASE_0077,contradict_bare,open_closed,drawer,open,closed,-4.3021583035588264,4.5976267978549,-8.899785101413727,-4.5976267978549,False,False,False
IF_00767,BASE_0077,contradict_temporal,open_closed,drawer,open,closed,-4.453316852450371,4.642638385295868,-9.095955237746239,-4.642638385295868,False,False,False
IF_00768,BASE_0077,contradict_reinforced,open_closed,drawer,open,closed,-4.516669474542141,3.055571436882019,-7.57224091142416,-4.516669474542141,False,False,False
IF_00769,BASE_0077,explicit_override,open_closed,drawer,open,closed,-0.5774134993553162,-1.9380302280187607,1.3606167286634445,-0.5774134993553162,False,False,True
IF_00770,BASE_0077,reported_event,open_closed,drawer,open,closed,-0.9808539152145386,-1.986359715461731,1.0055058002471924,-0.9808539152145386,False,False,True
IF_00771,BASE_0078,no_context,open_closed,drawer,open,closed,-0.91015625,-0.91015625,0.0,-0.91015625,False,False,True
IF_00772,BASE_0078,explicit_final,open_closed,drawer,open,closed,5.221589282155037,-5.12704461812973,10.348633900284767,5.12704461812973,True,False,False
IF_00773,BASE_0078,last_event,open_closed,drawer,open,closed,-1.100998878479004,-2.6845837235450745,1.5835848450660706,-1.100998878479004,False,False,True
IF_00774,BASE_0078,consistent_prior,open_closed,drawer,open,closed,4.675973072648048,-4.5846414268016815,9.26061449944973,4.5846414268016815,True,False,False
IF_00775,BASE_0078,distractor_event,open_closed,drawer,open,closed,-0.8650293350219727,-1.5277271270751953,0.6626977920532227,-0.8650293350219727,False,False,True
IF_00776,BASE_0078,contradict_bare,open_closed,drawer,open,closed,-4.31820697337389,4.378424547612667,-8.696631520986557,-4.378424547612667,False,False,False
IF_00777,BASE_0078,contradict_temporal,open_closed,drawer,open,closed,-4.453578069806099,4.4655912183225155,-8.919169288128614,-4.4655912183225155,False,False,False
IF_00778,BASE_0078,contradict_reinforced,open_closed,drawer,open,closed,-4.5544349774718285,2.98004050552845,-7.5344754830002785,-4.5544349774718285,False,False,False
IF_00779,BASE_0078,explicit_override,open_closed,drawer,open,closed,-0.5774134993553162,-1.9380302280187607,1.3606167286634445,-0.5774134993553162,False,False,True
IF_00780,BASE_0078,reported_event,open_closed,drawer,open,closed,-0.3801307678222656,-1.660790503025055,1.2806597352027893,-0.3801307678222656,False,False,True
IF_00781,BASE_0079,no_context,open_closed,drawer,open,closed,-0.91015625,-0.91015625,0.0,-0.91015625,False,False,True
IF_00782,BASE_0079,explicit_final,open_closed,drawer,open,closed,5.221589282155037,-5.12704461812973,10.348633900284767,5.12704461812973,True,False,False
IF_00783,BASE_0079,last_event,open_closed,drawer,open,closed,-1.0659435987472534,-1.9270048141479492,0.8610612154006958,-1.0659435987472534,False,False,True
IF_00784,BASE_0079,consistent_prior,open_closed,drawer,open,closed,4.705412652343512,-4.634361386299133,9.339774038642645,4.634361386299133,True,False,False
IF_00785,BASE_0079,distractor_event,open_closed,drawer,open,closed,-1.3569526672363281,-1.7525863647460938,0.3956336975097656,-1.3569526672363281,False,False,True
IF_00786,BASE_0079,contradict_bare,open_closed,drawer,open,closed,-4.445997394621372,4.514967709779739,-8.960965104401112,-4.514967709779739,False,False,False
IF_00787,BASE_0079,contradict_temporal,open_closed,drawer,open,closed,-4.5676267221570015,4.560669761151075,-9.128296483308077,-4.5676267221570015,False,False,False
IF_00788,BASE_0079,contradict_reinforced,open_closed,drawer,open,closed,-4.597884029150009,3.0771819204092026,-7.675065949559212,-4.597884029150009,False,False,False
IF_00789,BASE_0079,explicit_override,open_closed,drawer,open,closed,-0.5774134993553162,-1.9380302280187607,1.3606167286634445,-0.5774134993553162,False,False,True
IF_00790,BASE_0079,reported_event,open_closed,drawer,open,closed,-1.001236915588379,-1.591921865940094,0.5906849503517151,-1.001236915588379,False,False,True
IF_00791,BASE_0080,no_context,open_closed,drawer,open,closed,-0.91015625,-0.91015625,0.0,-0.91015625,False,False,True
IF_00792,BASE_0080,explicit_final,open_closed,drawer,open,closed,5.221589282155037,-5.12704461812973,10.348633900284767,5.12704461812973,True,False,False
IF_00793,BASE_0080,last_event,open_closed,drawer,open,closed,-1.34907066822052,-2.04282009601593,0.6937494277954102,-1.34907066822052,False,False,True
IF_00794,BASE_0080,consistent_prior,open_closed,drawer,open,closed,4.6932125352323055,-4.6833972707390785,9.376609805971384,4.6833972707390785,True,False,False
IF_00795,BASE_0080,distractor_event,open_closed,drawer,open,closed,-1.1349116563796997,-1.530447006225586,0.39553534984588623,-1.1349116563796997,False,False,True
IF_00796,BASE_0080,contradict_bare,open_closed,drawer,open,closed,-4.5346784964203835,4.537526026368141,-9.072204522788525,-4.537526026368141,False,False,False
IF_00797,BASE_0080,contradict_temporal,open_closed,drawer,open,closed,-4.608959425240755,4.584558505564928,-9.193517930805683,-4.608959425240755,False,False,False
IF_00798,BASE_0080,contradict_reinforced,open_closed,drawer,open,closed,-4.6773431450128555,3.14075268805027,-7.818095833063126,-4.6773431450128555,False,False,False
IF_00799,BASE_0080,explicit_override,open_closed,drawer,open,closed,-0.5774134993553162,-1.9380302280187607,1.3606167286634445,-0.5774134993553162,False,False,True
IF_00800,BASE_0080,reported_event,open_closed,drawer,open,closed,-1.0990209579467773,-1.6792544722557068,0.5802335143089294,-1.0990209579467773,False,False,True
