arm,checkpoint,probe_id,class_label,subtype,pair_id,distance_bin,intervening_words,nll_present,nll_replaced,antecedent_gain,n_tokens_present,n_tokens_replaced,truncated_present,truncated_replaced
D_V_43022,chck_80M,natural_mention:nr:00000,nonidentical_remention,full_name_to_acronym,natural_distance_pair:0045,10_19,13,3.5496010780334473,3.718921422958374,0.16932034492492676,1,1,False,False
D_V_43022,chck_80M,natural_mention:nr:00001,nonidentical_remention,full_name_to_acronym,natural_distance_pair:0060,00_04,4,5.479369163513184,5.238544464111328,-0.24082469940185547,4,4,False,False
D_V_43022,chck_80M,natural_mention:nr:00002,nonidentical_remention,nonperson_name_to_pronoun,natural_distance_pair:0123,10_19,10,2.6149847507476807,2.5551528930664062,-0.059831857681274414,1,1,False,False
D_V_43022,chck_80M,natural_mention:nr:00003,nonidentical_remention,explicit_appositive_description,natural_distance_pair:0084,00_04,0,4.48536491394043,5.108222007751465,0.6228570938110352,1,1,False,False
D_V_43022,chck_80M,natural_mention:nr:00004,nonidentical_remention,full_name_to_acronym,natural_distance_pair:0046,10_19,13,7.541881084442139,7.434040069580078,-0.10784101486206055,2,2,False,False
D_V_43022,chck_80M,natural_mention:nr:00005,nonidentical_remention,full_name_to_acronym,natural_distance_pair:0056,05_09,6,12.06612777709961,12.147496223449707,0.08136844635009766,1,1,False,False
D_V_43022,chck_80M,natural_mention:nr:00006,nonidentical_remention,explicit_appositive_description,natural_distance_pair:0074,00_04,0,4.757857322692871,4.013943672180176,-0.7439136505126953,1,1,False,False
D_V_43022,chck_80M,natural_mention:nr:00007,nonidentical_remention,person_name_to_pronoun,natural_distance_pair:0089,20_39,21,1.3364381790161133,0.08236583322286606,-1.2540723457932472,1,1,False,False
D_V_43022,chck_80M,natural_mention:nr:00008,nonidentical_remention,nonperson_name_to_pronoun,natural_distance_pair:0119,10_19,16,5.0740251541137695,5.302807807922363,0.22878265380859375,1,1,False,False
D_V_43022,chck_80M,natural_mention:nr:00009,nonidentical_remention,full_name_to_surname_or_final_token,natural_distance_pair:0027,20_39,28,2.2216684818267822,5.0208563804626465,2.7991878986358643,3,3,False,False
D_V_43022,chck_80M,natural_mention:nr:00010,nonidentical_remention,full_name_to_surname_or_final_token,natural_distance_pair:0049,10_19,12,0.020250828936696053,0.6693963408470154,0.6491455119103193,3,3,False,False
D_V_43022,chck_80M,natural_mention:nr:00011,nonidentical_remention,full_name_to_surname_or_final_token,natural_distance_pair:0001,40_79,65,0.06784584373235703,8.171282768249512,8.103436924517155,3,3,False,False
D_V_43022,chck_80M,natural_mention:nr:00012,nonidentical_remention,nonperson_name_to_pronoun,natural_distance_pair:0128,05_09,6,0.7867145538330078,0.5892460942268372,-0.19746845960617065,1,1,False,False
D_V_43022,chck_80M,natural_mention:nr:00013,nonidentical_remention,full_name_to_surname_or_final_token,natural_distance_pair:0053,10_19,10,1.9491225481033325,5.594142913818359,3.645020365715027,3,3,False,False
D_V_43022,chck_80M,natural_mention:nr:00014,nonidentical_remention,full_name_to_acronym,natural_distance_pair:0022,20_39,31,5.242550849914551,5.043468475341797,-0.1990823745727539,4,4,False,False
D_V_43022,chck_80M,natural_mention:nr:00015,nonidentical_remention,full_name_to_surname_or_final_token,natural_distance_pair:0026,20_39,28,8.889666557312012,9.168767929077148,0.2791013717651367,2,2,False,False
D_V_43022,chck_80M,natural_mention:nr:00016,nonidentical_remention,person_name_to_pronoun,natural_distance_pair:0097,10_19,13,2.375617504119873,3.007746934890747,0.632129430770874,1,1,False,False
D_V_43022,chck_80M,natural_mention:nr:00017,nonidentical_remention,full_name_to_surname_or_final_token,natural_distance_pair:0043,10_19,14,11.719614028930664,11.67867374420166,-0.040940284729003906,2,2,False,False
D_V_43022,chck_80M,natural_mention:nr:00018,nonidentical_remention,explicit_appositive_description,natural_distance_pair:0070,00_04,0,4.690042495727539,5.503945827484131,0.8139033317565918,2,2,False,False
D_V_43022,chck_80M,natural_mention:nr:00019,nonidentical_remention,person_name_to_pronoun,natural_distance_pair:0117,05_09,5,0.5362410545349121,0.6403837203979492,0.10414266586303711,1,1,False,False
D_V_43022,chck_80M,natural_mention:nr:00020,nonidentical_remention,full_name_to_acronym,natural_distance_pair:0035,10_19,19,7.817916393280029,7.703141212463379,-0.11477518081665039,2,2,False,False
D_V_43022,chck_80M,natural_mention:nr:00021,nonidentical_remention,full_name_to_surname_or_final_token,natural_distance_pair:0009,40_79,52,7.729551315307617,8.349248886108398,0.6196975708007812,2,2,False,False
D_V_43022,chck_80M,natural_mention:nr:00022,nonidentical_remention,full_name_to_surname_or_final_token,natural_distance_pair:0058,00_04,4,0.5887613296508789,0.7615631222724915,0.17280179262161255,3,3,False,False
D_V_43022,chck_80M,natural_mention:nr:00023,nonidentical_remention,person_name_to_pronoun,natural_distance_pair:0112,05_09,7,0.01906183362007141,0.01996995508670807,0.0009081214666366577,1,1,False,False
D_V_43022,chck_80M,natural_mention:nr:00024,nonidentical_remention,nonperson_name_to_pronoun,natural_distance_pair:0122,10_19,10,0.5980995893478394,0.5309653878211975,-0.06713420152664185,1,1,False,False
D_V_43022,chck_80M,natural_mention:nr:00025,nonidentical_remention,person_name_to_pronoun,natural_distance_pair:0100,10_19,12,0.47063830494880676,0.5337860584259033,0.06314775347709656,1,1,False,False
D_V_43022,chck_80M,natural_mention:nr:00026,nonidentical_remention,full_name_to_acronym,natural_distance_pair:0008,40_79,52,9.746265411376953,9.946244239807129,0.19997882843017578,1,1,False,False
D_V_43022,chck_80M,natural_mention:nr:00027,nonidentical_remention,full_name_to_acronym,natural_distance_pair:0063,00_04,1,5.595298767089844,6.292395114898682,0.6970963478088379,3,3,False,False
D_V_43022,chck_80M,natural_mention:nr:00028,nonidentical_remention,full_name_to_surname_or_final_token,natural_distance_pair:0005,40_79,53,0.278864324092865,8.79868221282959,8.519817888736725,2,2,False,False
D_V_43022,chck_80M,natural_mention:nr:00029,nonidentical_remention,explicit_appositive_description,natural_distance_pair:0079,00_04,0,7.232168197631836,7.524816989898682,0.2926487922668457,3,3,False,False
D_V_43022,chck_80M,natural_mention:nr:00030,nonidentical_remention,person_name_to_pronoun,natural_distance_pair:0099,10_19,12,0.476559042930603,0.3756939172744751,-0.10086512565612793,1,1,False,False
D_V_43022,chck_80M,natural_mention:nr:00031,nonidentical_remention,nonperson_name_to_pronoun,natural_distance_pair:0127,05_09,7,2.899170160293579,3.0081803798675537,0.10901021957397461,1,1,False,False
D_V_43022,chck_80M,natural_mention:nr:00032,nonidentical_remention,full_name_to_acronym,natural_distance_pair:0044,10_19,13,7.169047832489014,6.6658759117126465,-0.5031719207763672,3,3,False,False
D_V_43022,chck_80M,natural_mention:nr:00033,nonidentical_remention,full_name_to_acronym,natural_distance_pair:0051,10_19,11,4.458410739898682,5.537631511688232,1.0792207717895508,2,2,False,False
D_V_43022,chck_80M,natural_mention:nr:00034,nonidentical_remention,full_name_to_surname_or_final_token,natural_distance_pair:0040,10_19,15,3.7584612369537354,4.647465705871582,0.8890044689178467,2,2,False,False
D_V_43022,chck_80M,natural_mention:nr:00035,nonidentical_remention,person_name_to_pronoun,natural_distance_pair:0110,05_09,8,1.340170979499817,1.3918514251708984,0.05168044567108154,1,1,False,False
D_V_43022,chck_80M,natural_mention:nr:00036,nonidentical_remention,full_name_to_acronym,natural_distance_pair:0085,00_04,0,6.505950927734375,6.64455509185791,0.13860416412353516,2,2,False,False
D_V_43022,chck_80M,natural_mention:nr:00037,nonidentical_remention,person_name_to_pronoun,natural_distance_pair:0104,05_09,9,0.5240713357925415,0.6026836037635803,0.07861226797103882,1,1,False,False
D_V_43022,chck_80M,natural_mention:nr:00038,nonidentical_remention,explicit_appositive_description,natural_distance_pair:0072,00_04,0,3.9254355430603027,3.58158540725708,-0.34385013580322266,2,2,False,False
D_V_43022,chck_80M,natural_mention:nr:00039,nonidentical_remention,nonperson_name_to_pronoun,natural_distance_pair:0124,05_09,9,0.10122226923704147,0.16511769592761993,0.06389542669057846,1,1,False,False
D_V_43022,chck_80M,natural_mention:nr:00040,nonidentical_remention,person_name_to_pronoun,natural_distance_pair:0092,10_19,17,0.9666934013366699,0.8455055356025696,-0.12118786573410034,1,1,False,False
D_V_43022,chck_80M,natural_mention:nr:00041,nonidentical_remention,full_name_to_surname_or_final_token,natural_distance_pair:0036,10_19,18,3.063602924346924,8.434496879577637,5.370893955230713,2,2,False,False
D_V_43022,chck_80M,natural_mention:nr:00042,nonidentical_remention,nonperson_name_to_pronoun,natural_distance_pair:0121,10_19,12,0.49381813406944275,0.5093425512313843,0.015524417161941528,1,1,False,False
D_V_43022,chck_80M,natural_mention:nr:00043,nonidentical_remention,full_name_to_acronym,natural_distance_pair:0057,00_04,4,2.6779568195343018,2.259958267211914,-0.4179985523223877,3,3,False,False
D_V_43022,chck_80M,natural_mention:nr:00044,nonidentical_remention,explicit_appositive_description,natural_distance_pair:0080,00_04,0,8.10749626159668,7.399019241333008,-0.7084770202636719,1,1,False,False
D_V_43022,chck_80M,natural_mention:nr:00045,nonidentical_remention,full_name_to_acronym,natural_distance_pair:0064,00_04,1,8.186074256896973,7.750681400299072,-0.4353928565979004,2,2,False,False
D_V_43022,chck_80M,natural_mention:nr:00046,nonidentical_remention,full_name_to_surname_or_final_token,natural_distance_pair:0029,20_39,26,6.877033233642578,7.402438640594482,0.5254054069519043,3,3,False,False
D_V_43022,chck_80M,natural_mention:nr:00047,nonidentical_remention,full_name_to_surname_or_final_token,natural_distance_pair:0014,40_79,42,2.797401189804077,9.034446716308594,6.237045526504517,2,2,False,False
D_V_43022,chck_80M,natural_mention:nr:00048,nonidentical_remention,full_name_to_surname_or_final_token,natural_distance_pair:0010,40_79,48,9.037172317504883,9.374966621398926,0.33779430389404297,2,2,False,False
D_V_43022,chck_80M,natural_mention:nr:00049,nonidentical_remention,explicit_appositive_description,natural_distance_pair:0075,00_04,0,7.101844787597656,7.45607328414917,0.35422849655151367,7,7,False,False
D_V_43022,chck_80M,natural_mention:nr:00050,nonidentical_remention,full_name_to_acronym,natural_distance_pair:0081,00_04,0,4.896504878997803,4.53255558013916,-0.3639492988586426,2,2,False,False
D_V_43022,chck_80M,natural_mention:nr:00051,nonidentical_remention,person_name_to_pronoun,natural_distance_pair:0096,10_19,14,0.4073658883571625,0.01709628850221634,-0.39026959985494614,1,1,False,False
D_V_43022,chck_80M,natural_mention:nr:00052,nonidentical_remention,full_name_to_acronym,natural_distance_pair:0062,00_04,2,5.810429573059082,6.2725372314453125,0.46210765838623047,2,2,False,False
D_V_43022,chck_80M,natural_mention:nr:00053,nonidentical_remention,person_name_to_pronoun,natural_distance_pair:0107,05_09,8,0.21062667667865753,0.16469788551330566,-0.04592879116535187,1,1,False,False
D_V_43022,chck_80M,natural_mention:nr:00054,nonidentical_remention,nonperson_name_to_pronoun,natural_distance_pair:0120,10_19,15,0.4914730489253998,0.31297749280929565,-0.17849555611610413,1,1,False,False
D_V_43022,chck_80M,natural_mention:nr:00055,nonidentical_remention,full_name_to_acronym,natural_distance_pair:0071,00_04,0,1.903080940246582,2.343024730682373,0.439943790435791,2,2,False,False
D_V_43022,chck_80M,natural_mention:nr:00056,nonidentical_remention,person_name_to_pronoun,natural_distance_pair:0093,10_19,16,0.782355785369873,0.8414895534515381,0.05913376808166504,1,1,False,False
D_V_43022,chck_80M,natural_mention:nr:00057,nonidentical_remention,person_name_to_pronoun,natural_distance_pair:0095,10_19,15,0.2199150174856186,0.3082751929759979,0.08836017549037933,1,1,False,False
D_V_43022,chck_80M,natural_mention:nr:00058,nonidentical_remention,full_name_to_surname_or_final_token,natural_distance_pair:0028,20_39,27,3.429797649383545,9.10785961151123,5.6780619621276855,2,2,False,False
D_V_43022,chck_80M,natural_mention:nr:00059,nonidentical_remention,nonperson_name_to_pronoun,natural_distance_pair:0125,05_09,9,0.030330559238791466,0.03687477484345436,0.006544215604662895,1,1,False,False
D_V_43022,chck_80M,natural_mention:nr:00060,nonidentical_remention,explicit_appositive_description,natural_distance_pair:0083,00_04,0,8.148283958435059,7.7360992431640625,-0.4121847152709961,3,3,False,False
D_V_43022,chck_80M,natural_mention:nr:00061,nonidentical_remention,full_name_to_surname_or_final_token,natural_distance_pair:0011,40_79,48,7.236695289611816,8.472685813903809,1.2359905242919922,1,1,False,False
D_V_43022,chck_80M,natural_mention:nr:00062,nonidentical_remention,full_name_to_surname_or_final_token,natural_distance_pair:0003,40_79,57,3.2375800609588623,8.558184623718262,5.320604562759399,5,5,False,False
D_V_43022,chck_80M,natural_mention:nr:00063,nonidentical_remention,full_name_to_acronym,natural_distance_pair:0066,00_04,0,5.239892959594727,5.053746700286865,-0.18614625930786133,2,2,False,False
D_V_43022,chck_80M,natural_mention:nr:00064,nonidentical_remention,full_name_to_surname_or_final_token,natural_distance_pair:0042,10_19,14,1.4905474185943604,9.682319641113281,8.191772222518921,2,2,False,False
D_V_43022,chck_80M,natural_mention:nr:00065,nonidentical_remention,full_name_to_acronym,natural_distance_pair:0065,00_04,1,7.211274147033691,6.845104694366455,-0.36616945266723633,2,2,False,False
D_V_43022,chck_80M,natural_mention:nr:00066,nonidentical_remention,explicit_appositive_description,natural_distance_pair:0078,00_04,0,2.8125603199005127,3.9769418239593506,1.164381504058838,1,1,False,False
D_V_43022,chck_80M,natural_mention:nr:00067,nonidentical_remention,full_name_to_acronym,natural_distance_pair:0076,00_04,0,4.108360290527344,4.293132305145264,0.18477201461791992,2,2,False,False
D_V_43022,chck_80M,natural_mention:nr:00068,nonidentical_remention,explicit_appositive_description,natural_distance_pair:0086,00_04,0,6.560847759246826,6.311897277832031,-0.24895048141479492,7,7,False,False
D_V_43022,chck_80M,natural_mention:nr:00069,nonidentical_remention,person_name_to_pronoun,natural_distance_pair:0111,05_09,8,0.0980382114648819,0.0575307197868824,-0.040507491677999496,1,1,False,False
D_V_43022,chck_80M,natural_mention:nr:00070,nonidentical_remention,full_name_to_acronym,natural_distance_pair:0052,10_19,10,7.267516136169434,7.202906131744385,-0.06461000442504883,2,2,False,False
D_V_43022,chck_80M,natural_mention:nr:00071,nonidentical_remention,person_name_to_pronoun,natural_distance_pair:0108,05_09,8,1.0954668521881104,1.170084834098816,0.07461798191070557,1,1,False,False
D_V_43022,chck_80M,natural_mention:nr:00072,nonidentical_remention,full_name_to_surname_or_final_token,natural_distance_pair:0004,40_79,56,0.5207957029342651,6.05558967590332,5.534793972969055,2,2,False,False
D_V_43022,chck_80M,natural_mention:nr:00073,nonidentical_remention,person_name_to_pronoun,natural_distance_pair:0091,10_19,18,0.14248189330101013,0.26909172534942627,0.12660983204841614,1,1,False,False
D_V_43022,chck_80M,natural_mention:nr:00074,nonidentical_remention,full_name_to_acronym,natural_distance_pair:0047,10_19,12,3.692436456680298,4.221293926239014,0.5288574695587158,3,3,False,False
D_V_43022,chck_80M,natural_mention:nr:00075,nonidentical_remention,nonperson_name_to_pronoun,natural_distance_pair:0126,05_09,7,5.72918176651001,5.529463291168213,-0.19971847534179688,1,1,False,False
D_V_43022,chck_80M,natural_mention:nr:00076,nonidentical_remention,full_name_to_acronym,natural_distance_pair:0069,00_04,0,7.959041595458984,7.897385597229004,-0.06165599822998047,2,2,False,False
D_V_43022,chck_80M,natural_mention:nr:00077,nonidentical_remention,person_name_to_pronoun,natural_distance_pair:0114,05_09,7,1.3402637243270874,1.6255017518997192,0.28523802757263184,1,1,False,False
D_V_43022,chck_80M,natural_mention:nr:00078,nonidentical_remention,person_name_to_pronoun,natural_distance_pair:0087,20_39,33,1.9004526138305664,3.4985334873199463,1.5980808734893799,1,1,False,False
D_V_43022,chck_80M,natural_mention:nr:00079,nonidentical_remention,person_name_to_pronoun,natural_distance_pair:0098,10_19,12,3.091827630996704,3.069706439971924,-0.022121191024780273,1,1,False,False
D_V_43022,chck_80M,natural_mention:nr:00080,nonidentical_remention,nonperson_name_to_pronoun,natural_distance_pair:0118,10_19,19,0.654043972492218,0.6189765334129333,-0.03506743907928467,1,1,False,False
D_V_43022,chck_80M,natural_mention:nr:00081,nonidentical_remention,full_name_to_surname_or_final_token,natural_distance_pair:0025,20_39,28,4.852121829986572,7.956001281738281,3.103879451751709,4,4,False,False
D_V_43022,chck_80M,natural_mention:nr:00082,nonidentical_remention,full_name_to_surname_or_final_token,natural_distance_pair:0050,10_19,11,2.5017471313476562,3.270965576171875,0.7692184448242188,2,2,False,False
D_V_43022,chck_80M,natural_mention:nr:00083,nonidentical_remention,explicit_appositive_description,natural_distance_pair:0067,00_04,0,8.428454399108887,8.45156192779541,0.023107528686523438,6,6,False,False
D_V_43022,chck_80M,natural_mention:nr:00084,nonidentical_remention,full_name_to_surname_or_final_token,natural_distance_pair:0055,05_09,7,10.832847595214844,10.946324348449707,0.11347675323486328,3,3,False,False
D_V_43022,chck_80M,natural_mention:nr:00085,nonidentical_remention,person_name_to_pronoun,natural_distance_pair:0113,05_09,7,0.018219027668237686,0.03587010130286217,0.01765107363462448,1,1,False,False
D_V_43022,chck_80M,natural_mention:nr:00086,nonidentical_remention,person_name_to_pronoun,natural_distance_pair:0088,20_39,21,5.734156608581543,5.5525288581848145,-0.18162775039672852,1,1,False,False
D_V_43022,chck_80M,natural_mention:nr:00087,nonidentical_remention,full_name_to_acronym,natural_distance_pair:0033,20_39,20,10.629415512084961,10.750207901000977,0.12079238891601562,2,2,False,False
D_V_43022,chck_80M,natural_mention:nr:00088,nonidentical_remention,full_name_to_surname_or_final_token,natural_distance_pair:0015,20_39,38,8.584856033325195,10.814617156982422,2.2297611236572266,2,2,False,False
D_V_43022,chck_80M,natural_mention:nr:00089,nonidentical_remention,full_name_to_surname_or_final_token,natural_distance_pair:0000,40_79,74,2.680440902709961,6.838483810424805,4.158042907714844,2,2,False,False
D_V_43022,chck_80M,natural_mention:nr:00090,nonidentical_remention,explicit_appositive_description,natural_distance_pair:0068,00_04,0,7.537765979766846,7.0292487144470215,-0.5085172653198242,3,3,False,False
D_V_43022,chck_80M,natural_mention:nr:00091,nonidentical_remention,full_name_to_acronym,natural_distance_pair:0048,10_19,12,4.193212509155273,4.8136186599731445,0.6204061508178711,2,2,False,False
D_V_43022,chck_80M,natural_mention:nr:00092,nonidentical_remention,full_name_to_acronym,natural_distance_pair:0032,20_39,21,8.001810073852539,7.840695858001709,-0.16111421585083008,2,2,False,False
D_V_43022,chck_80M,natural_mention:nr:00093,nonidentical_remention,person_name_to_pronoun,natural_distance_pair:0103,10_19,10,2.635411262512207,2.168304681777954,-0.46710658073425293,1,1,False,False
D_V_43022,chck_80M,natural_mention:nr:00094,nonidentical_remention,full_name_to_acronym,natural_distance_pair:0024,20_39,29,4.754944324493408,4.526391506195068,-0.22855281829833984,3,3,False,False
D_V_43022,chck_80M,natural_mention:nr:00095,nonidentical_remention,full_name_to_surname_or_final_token,natural_distance_pair:0059,00_04,4,0.6248489618301392,0.546538770198822,-0.07831019163131714,1,1,False,False
D_V_43022,chck_80M,natural_mention:nr:00096,nonidentical_remention,person_name_to_pronoun,natural_distance_pair:0101,10_19,11,4.329523086547852,4.213400363922119,-0.11612272262573242,1,1,False,False
D_V_43022,chck_80M,natural_mention:nr:00097,nonidentical_remention,full_name_to_surname_or_final_token,natural_distance_pair:0007,40_79,52,3.412724256515503,9.194084167480469,5.781359910964966,3,3,False,False
D_V_43022,chck_80M,natural_mention:nr:00098,nonidentical_remention,full_name_to_surname_or_final_token,natural_distance_pair:0023,20_39,30,4.251840591430664,8.656057357788086,4.404216766357422,5,5,False,False
D_V_43022,chck_80M,natural_mention:nr:00099,nonidentical_remention,full_name_to_surname_or_final_token,natural_distance_pair:0054,05_09,9,7.2544121742248535,7.739820957183838,0.4854087829589844,3,3,False,False
D_V_43022,chck_80M,natural_mention:nr:00100,nonidentical_remention,full_name_to_acronym,natural_distance_pair:0020,20_39,31,8.722506523132324,6.82226037979126,-1.9002461433410645,3,3,False,False
D_V_43022,chck_80M,natural_mention:nr:00101,nonidentical_remention,full_name_to_acronym,natural_distance_pair:0037,10_19,17,3.2067325115203857,3.5758001804351807,0.3690676689147949,3,3,False,False
D_V_43022,chck_80M,natural_mention:nr:00102,nonidentical_remention,explicit_appositive_description,natural_distance_pair:0073,00_04,0,6.110753059387207,5.456494331359863,-0.6542587280273438,1,1,False,False
D_V_43022,chck_80M,natural_mention:nr:00103,nonidentical_remention,full_name_to_acronym,natural_distance_pair:0002,40_79,62,6.499139785766602,6.5130534172058105,0.013913631439208984,3,3,False,False
D_V_43022,chck_80M,natural_mention:nr:00104,nonidentical_remention,full_name_to_surname_or_final_token,natural_distance_pair:0018,20_39,35,0.33471864461898804,11.885225296020508,11.55050665140152,2,2,False,False
D_V_43022,chck_80M,natural_mention:nr:00105,nonidentical_remention,full_name_to_surname_or_final_token,natural_distance_pair:0013,40_79,44,5.3060455322265625,7.250514030456543,1.9444684982299805,4,4,False,False
D_V_43022,chck_80M,natural_mention:nr:00106,nonidentical_remention,full_name_to_surname_or_final_token,natural_distance_pair:0006,40_79,53,11.479023933410645,11.441167831420898,-0.037856101989746094,2,2,False,False
D_V_43022,chck_80M,natural_mention:nr:00107,nonidentical_remention,full_name_to_surname_or_final_token,natural_distance_pair:0041,10_19,15,5.954535961151123,8.108654022216797,2.154118061065674,2,2,False,False
D_V_43022,chck_80M,natural_mention:nr:00108,nonidentical_remention,full_name_to_surname_or_final_token,natural_distance_pair:0030,20_39,23,3.75592041015625,10.959774017333984,7.203853607177734,2,2,False,False
D_V_43022,chck_80M,natural_mention:nr:00109,nonidentical_remention,full_name_to_surname_or_final_token,natural_distance_pair:0039,10_19,16,1.0791106224060059,0.358565092086792,-0.7205455303192139,1,1,False,False
D_V_43022,chck_80M,natural_mention:nr:00110,nonidentical_remention,full_name_to_acronym,natural_distance_pair:0021,20_39,31,0.07925716042518616,0.08794320374727249,0.008686043322086334,2,2,False,False
D_V_43022,chck_80M,natural_mention:nr:00111,nonidentical_remention,full_name_to_acronym,natural_distance_pair:0016,20_39,37,5.199080467224121,5.33875846862793,0.1396780014038086,1,1,False,False
D_V_43022,chck_80M,natural_mention:nr:00112,nonidentical_remention,person_name_to_pronoun,natural_distance_pair:0102,10_19,10,0.903033435344696,0.8291243314743042,-0.07390910387039185,1,1,False,False
D_V_43022,chck_80M,natural_mention:nr:00113,nonidentical_remention,full_name_to_surname_or_final_token,natural_distance_pair:0012,40_79,48,4.59461784362793,6.775371551513672,2.180753707885742,3,3,False,False
D_V_43022,chck_80M,natural_mention:nr:00114,nonidentical_remention,person_name_to_pronoun,natural_distance_pair:0090,20_39,21,2.8847861289978027,2.819223165512085,-0.06556296348571777,1,1,False,False
D_V_43022,chck_80M,natural_mention:nr:00115,nonidentical_remention,person_name_to_pronoun,natural_distance_pair:0109,05_09,8,0.7980200052261353,0.3553474545478821,-0.4426725506782532,1,1,False,False
D_V_43022,chck_80M,natural_mention:nr:00116,nonidentical_remention,person_name_to_pronoun,natural_distance_pair:0094,10_19,15,0.5670852065086365,0.08520487695932388,-0.4818803295493126,1,1,False,False
D_V_43022,chck_80M,natural_mention:nr:00117,nonidentical_remention,person_name_to_pronoun,natural_distance_pair:0116,05_09,6,1.9143662452697754,1.7360942363739014,-0.17827200889587402,1,1,False,False
D_V_43022,chck_80M,natural_mention:nr:00118,nonidentical_remention,full_name_to_acronym,natural_distance_pair:0019,20_39,33,7.219895839691162,7.323703765869141,0.10380792617797852,3,3,False,False
D_V_43022,chck_80M,natural_mention:nr:00119,nonidentical_remention,person_name_to_pronoun,natural_distance_pair:0105,05_09,9,0.5488370656967163,0.49445095658302307,-0.05438610911369324,1,1,False,False
D_V_43022,chck_80M,natural_mention:nr:00120,nonidentical_remention,person_name_to_pronoun,natural_distance_pair:0115,05_09,6,1.2418099641799927,1.0649141073226929,-0.1768958568572998,1,1,False,False
D_V_43022,chck_80M,natural_mention:nr:00121,nonidentical_remention,full_name_to_acronym,natural_distance_pair:0061,00_04,2,5.165572166442871,5.334605693817139,0.16903352737426758,4,4,False,False
D_V_43022,chck_80M,natural_mention:nr:00122,nonidentical_remention,explicit_appositive_description,natural_distance_pair:0082,00_04,0,3.3391873836517334,3.4206643104553223,0.08147692680358887,1,1,False,False
D_V_43022,chck_80M,natural_mention:nr:00123,nonidentical_remention,full_name_to_acronym,natural_distance_pair:0017,20_39,36,2.3866207599639893,2.241838216781616,-0.14478254318237305,3,3,False,False
D_V_43022,chck_80M,natural_mention:nr:00124,nonidentical_remention,full_name_to_surname_or_final_token,natural_distance_pair:0034,20_39,20,3.4822824001312256,8.36491870880127,4.882636308670044,2,2,False,False
D_V_43022,chck_80M,natural_mention:nr:00125,nonidentical_remention,explicit_appositive_description,natural_distance_pair:0077,00_04,0,5.56713342666626,6.51912260055542,0.9519891738891602,3,3,False,False
D_V_43022,chck_80M,natural_mention:nr:00126,nonidentical_remention,full_name_to_acronym,natural_distance_pair:0031,20_39,22,8.072622299194336,9.016311645507812,0.9436893463134766,2,2,False,False
D_V_43022,chck_80M,natural_mention:nr:00127,nonidentical_remention,person_name_to_pronoun,natural_distance_pair:0106,05_09,8,0.020758748054504395,0.05761535093188286,0.036856602877378464,1,1,False,False
D_V_43022,chck_80M,natural_mention:nr:00128,nonidentical_remention,full_name_to_surname_or_final_token,natural_distance_pair:0038,10_19,16,5.569223880767822,8.393501281738281,2.824277400970459,2,2,False,False
D_V_43022,chck_80M,natural_mention:vr:00129,verbatim_remention,exact_named_entity,natural_distance_pair:0082,00_04,4,8.663576126098633,8.614019393920898,-0.049556732177734375,2,2,False,False
D_V_43022,chck_80M,natural_mention:vr:00130,verbatim_remention,exact_named_entity,natural_distance_pair:0041,10_19,15,0.1301485151052475,8.271414756774902,8.141266241669655,3,3,False,False
D_V_43022,chck_80M,natural_mention:vr:00131,verbatim_remention,exact_named_entity,natural_distance_pair:0046,10_19,13,0.35767966508865356,8.201140403747559,7.843460738658905,5,5,False,False
D_V_43022,chck_80M,natural_mention:vr:00132,verbatim_remention,exact_named_entity,natural_distance_pair:0080,00_04,3,6.6313629150390625,6.496347904205322,-0.13501501083374023,3,3,False,False
D_V_43022,chck_80M,natural_mention:vr:00133,verbatim_remention,exact_named_entity,natural_distance_pair:0035,10_19,19,4.781607627868652,6.426479339599609,1.644871711730957,1,1,False,False
D_V_43022,chck_80M,natural_mention:vr:00134,verbatim_remention,exact_named_entity,natural_distance_pair:0081,00_04,4,1.7411487102508545,1.8532378673553467,0.11208915710449219,1,1,False,False
D_V_43022,chck_80M,natural_mention:vr:00135,verbatim_remention,exact_named_entity,natural_distance_pair:0026,20_39,28,0.05291878804564476,1.6353822946548462,1.5824635066092014,2,2,False,False
D_V_43022,chck_80M,natural_mention:vr:00136,verbatim_remention,exact_named_entity,natural_distance_pair:0006,40_79,54,9.44573974609375,9.863426208496094,0.41768646240234375,2,2,False,False
D_V_43022,chck_80M,natural_mention:vr:00137,verbatim_remention,exact_named_entity,natural_distance_pair:0100,10_19,12,1.6210631132125854,3.5673460960388184,1.946282982826233,2,2,False,False
D_V_43022,chck_80M,natural_mention:vr:00138,verbatim_remention,exact_named_entity,natural_distance_pair:0111,05_09,8,0.09550079703330994,3.4064559936523438,3.310955196619034,3,3,False,False
D_V_43022,chck_80M,natural_mention:vr:00139,verbatim_remention,exact_named_entity,natural_distance_pair:0015,20_39,38,0.2563338875770569,4.593216419219971,4.336882531642914,3,3,False,False
D_V_43022,chck_80M,natural_mention:vr:00140,verbatim_remention,exact_named_entity,natural_distance_pair:0091,10_19,18,7.760194778442383,10.1883544921875,2.428159713745117,4,4,False,False
D_V_43022,chck_80M,natural_mention:vr:00141,verbatim_remention,exact_named_entity,natural_distance_pair:0022,20_39,31,0.46544888615608215,2.0902962684631348,1.6248473823070526,1,1,False,False
D_V_43022,chck_80M,natural_mention:vr:00142,verbatim_remention,exact_named_entity,natural_distance_pair:0052,10_19,10,0.5259888768196106,0.4627101421356201,-0.06327873468399048,3,3,False,False
D_V_43022,chck_80M,natural_mention:vr:00143,verbatim_remention,exact_named_entity,natural_distance_pair:0062,00_04,3,5.21080207824707,6.818122863769531,1.607320785522461,1,1,False,False
D_V_43022,chck_80M,natural_mention:vr:00144,verbatim_remention,exact_named_entity,natural_distance_pair:0002,40_79,62,5.269843101501465,5.52311897277832,0.25327587127685547,1,1,False,False
D_V_43022,chck_80M,natural_mention:vr:00145,verbatim_remention,exact_named_entity,natural_distance_pair:0031,20_39,22,9.511585235595703,9.624585151672363,0.11299991607666016,1,1,False,False
D_V_43022,chck_80M,natural_mention:vr:00146,verbatim_remention,exact_named_entity,natural_distance_pair:0047,10_19,12,0.28772687911987305,3.814495325088501,3.526768445968628,2,2,False,False
D_V_43022,chck_80M,natural_mention:vr:00147,verbatim_remention,exact_named_entity,natural_distance_pair:0112,05_09,7,6.68868350982666,7.551663398742676,0.8629798889160156,1,1,False,False
D_V_43022,chck_80M,natural_mention:vr:00148,verbatim_remention,exact_named_entity,natural_distance_pair:0109,05_09,8,4.092928409576416,6.908487796783447,2.8155593872070312,3,3,False,False
D_V_43022,chck_80M,natural_mention:vr:00149,verbatim_remention,exact_named_entity,natural_distance_pair:0098,10_19,12,0.9714736938476562,3.1992127895355225,2.227739095687866,3,3,False,False
D_V_43022,chck_80M,natural_mention:vr:00150,verbatim_remention,exact_named_entity,natural_distance_pair:0117,05_09,5,4.063291072845459,2.753911256790161,-1.3093798160552979,3,3,False,False
D_V_43022,chck_80M,natural_mention:vr:00151,verbatim_remention,exact_named_entity,natural_distance_pair:0005,40_79,54,11.99702262878418,12.589335441589355,0.5923128128051758,1,1,False,False
D_V_43022,chck_80M,natural_mention:vr:00152,verbatim_remention,exact_named_entity,natural_distance_pair:0014,40_79,42,0.5351254940032959,8.957630157470703,8.422504663467407,2,2,False,False
D_V_43022,chck_80M,natural_mention:vr:00153,verbatim_remention,exact_named_entity,natural_distance_pair:0102,10_19,10,6.998042106628418,9.207950592041016,2.2099084854125977,2,2,False,False
D_V_43022,chck_80M,natural_mention:vr:00154,verbatim_remention,indefinite_to_definite_nominal,natural_distance_pair:0084,00_04,3,3.132050037384033,4.3850202560424805,1.2529702186584473,1,1,False,False
D_V_43022,chck_80M,natural_mention:vr:00155,verbatim_remention,exact_named_entity,natural_distance_pair:0108,05_09,8,1.7016661167144775,7.819080352783203,6.117414236068726,1,1,False,False
D_V_43022,chck_80M,natural_mention:vr:00156,verbatim_remention,exact_named_entity,natural_distance_pair:0011,40_79,48,1.3196126222610474,1.6856434345245361,0.36603081226348877,1,1,False,False
D_V_43022,chck_80M,natural_mention:vr:00157,verbatim_remention,exact_named_entity,natural_distance_pair:0105,05_09,9,0.5303707122802734,3.8000965118408203,3.269725799560547,2,2,False,False
D_V_43022,chck_80M,natural_mention:vr:00158,verbatim_remention,exact_named_entity,natural_distance_pair:0066,00_04,4,0.38115906715393066,7.503360748291016,7.122201681137085,2,2,False,False
D_V_43022,chck_80M,natural_mention:vr:00159,verbatim_remention,exact_named_entity,natural_distance_pair:0090,20_39,21,13.091268539428711,13.066974639892578,-0.024293899536132812,1,1,False,False
D_V_43022,chck_80M,natural_mention:vr:00160,verbatim_remention,exact_named_entity,natural_distance_pair:0121,10_19,12,0.14744126796722412,9.370641708374023,9.2232004404068,1,1,False,False
D_V_43022,chck_80M,natural_mention:vr:00161,verbatim_remention,indefinite_to_definite_nominal,natural_distance_pair:0074,00_04,4,9.453763961791992,10.147971153259277,0.6942071914672852,1,1,False,False
D_V_43022,chck_80M,natural_mention:vr:00162,verbatim_remention,exact_named_entity,natural_distance_pair:0036,10_19,18,0.31701794266700745,5.828558444976807,5.511540502309799,1,1,False,False
D_V_43022,chck_80M,natural_mention:vr:00163,verbatim_remention,exact_named_entity,natural_distance_pair:0029,20_39,26,9.001035690307617,9.075791358947754,0.07475566864013672,2,2,False,False
D_V_43022,chck_80M,natural_mention:vr:00164,verbatim_remention,exact_named_entity,natural_distance_pair:0057,00_04,4,8.434741020202637,7.339548110961914,-1.0951929092407227,1,1,False,False
D_V_43022,chck_80M,natural_mention:vr:00165,verbatim_remention,exact_named_entity,natural_distance_pair:0107,05_09,8,0.5032776594161987,2.6652157306671143,2.1619380712509155,1,1,False,False
D_V_43022,chck_80M,natural_mention:vr:00166,verbatim_remention,exact_named_entity,natural_distance_pair:0101,10_19,11,10.613993644714355,11.062541961669922,0.4485483169555664,1,1,False,False
D_V_43022,chck_80M,natural_mention:vr:00167,verbatim_remention,exact_named_entity,natural_distance_pair:0037,10_19,17,2.1310629844665527,10.319231033325195,8.188168048858643,3,3,False,False
D_V_43022,chck_80M,natural_mention:vr:00168,verbatim_remention,exact_named_entity,natural_distance_pair:0092,10_19,17,5.234513282775879,3.9566054344177246,-1.2779078483581543,2,2,False,False
D_V_43022,chck_80M,natural_mention:vr:00169,verbatim_remention,exact_named_entity,natural_distance_pair:0104,05_09,9,0.6143896579742432,4.889885902404785,4.275496244430542,2,2,False,False
D_V_43022,chck_80M,natural_mention:vr:00170,verbatim_remention,exact_named_entity,natural_distance_pair:0012,40_79,48,6.627943992614746,8.284645080566406,1.6567010879516602,1,1,False,False
D_V_43022,chck_80M,natural_mention:vr:00171,verbatim_remention,exact_named_entity,natural_distance_pair:0038,10_19,16,5.88095235824585,7.459272861480713,1.5783205032348633,3,3,False,False
D_V_43022,chck_80M,natural_mention:vr:00172,verbatim_remention,exact_named_entity,natural_distance_pair:0053,10_19,10,7.151613235473633,7.812719345092773,0.6611061096191406,1,1,False,False
D_V_43022,chck_80M,natural_mention:vr:00173,verbatim_remention,indefinite_to_definite_nominal,natural_distance_pair:0085,00_04,4,7.430045127868652,10.042768478393555,2.6127233505249023,2,2,False,False
D_V_43022,chck_80M,natural_mention:vr:00174,verbatim_remention,exact_named_entity,natural_distance_pair:0125,05_09,9,0.027024194598197937,2.1962108612060547,2.1691866666078568,4,4,False,False
D_V_43022,chck_80M,natural_mention:vr:00175,verbatim_remention,exact_named_entity,natural_distance_pair:0063,00_04,3,9.736251831054688,9.748414039611816,0.012162208557128906,1,1,False,False
D_V_43022,chck_80M,natural_mention:vr:00176,verbatim_remention,exact_named_entity,natural_distance_pair:0118,10_19,19,0.06496826559305191,2.3020520210266113,2.2370837554335594,2,2,False,False
D_V_43022,chck_80M,natural_mention:vr:00177,verbatim_remention,exact_named_entity,natural_distance_pair:0059,00_04,4,1.0946918725967407,7.804325580596924,6.709633708000183,2,2,False,False
D_V_43022,chck_80M,natural_mention:vr:00178,verbatim_remention,exact_named_entity,natural_distance_pair:0040,10_19,15,2.9663333892822266,8.37327766418457,5.406944274902344,2,2,False,False
D_V_43022,chck_80M,natural_mention:vr:00179,verbatim_remention,exact_named_entity,natural_distance_pair:0094,10_19,15,0.8986459970474243,1.7155038118362427,0.8168578147888184,1,1,False,False
D_V_43022,chck_80M,natural_mention:vr:00180,verbatim_remention,exact_named_entity,natural_distance_pair:0048,10_19,12,10.410638809204102,10.30699634552002,-0.10364246368408203,1,1,False,False
D_V_43022,chck_80M,natural_mention:vr:00181,verbatim_remention,exact_named_entity,natural_distance_pair:0058,00_04,4,1.2115378379821777,7.508137226104736,6.296599388122559,1,1,False,False
D_V_43022,chck_80M,natural_mention:vr:00182,verbatim_remention,exact_named_entity,natural_distance_pair:0033,20_39,20,5.203383922576904,11.314620018005371,6.111236095428467,1,1,False,False
D_V_43022,chck_80M,natural_mention:vr:00183,verbatim_remention,exact_named_entity,natural_distance_pair:0079,00_04,4,10.406837463378906,9.00942611694336,-1.3974113464355469,4,4,False,False
D_V_43022,chck_80M,natural_mention:vr:00184,verbatim_remention,exact_named_entity,natural_distance_pair:0054,05_09,9,4.861416816711426,8.355958938598633,3.494542121887207,1,1,False,False
D_V_43022,chck_80M,natural_mention:vr:00185,verbatim_remention,exact_named_entity,natural_distance_pair:0078,00_04,3,0.3902323246002197,0.07861356437206268,-0.31161876022815704,3,3,False,False
D_V_43022,chck_80M,natural_mention:vr:00186,verbatim_remention,exact_named_entity,natural_distance_pair:0030,20_39,23,16.228656768798828,16.094654083251953,-0.134002685546875,1,1,False,False
D_V_43022,chck_80M,natural_mention:vr:00187,verbatim_remention,exact_named_entity,natural_distance_pair:0126,05_09,7,0.16027119755744934,6.617062568664551,6.456791371107101,5,5,False,False
D_V_43022,chck_80M,natural_mention:vr:00188,verbatim_remention,exact_named_entity,natural_distance_pair:0027,20_39,28,1.9382214546203613,2.9826483726501465,1.0444269180297852,1,1,False,False
D_V_43022,chck_80M,natural_mention:vr:00189,verbatim_remention,exact_named_entity,natural_distance_pair:0069,00_04,4,0.07183980941772461,0.03846199810504913,-0.033377811312675476,2,2,False,False
D_V_43022,chck_80M,natural_mention:vr:00190,verbatim_remention,exact_named_entity,natural_distance_pair:0051,10_19,11,0.4143136739730835,0.06504333764314651,-0.349270336329937,3,3,False,False
D_V_43022,chck_80M,natural_mention:vr:00191,verbatim_remention,exact_named_entity,natural_distance_pair:0042,10_19,14,3.189380407333374,6.446950435638428,3.2575700283050537,3,3,False,False
D_V_43022,chck_80M,natural_mention:vr:00192,verbatim_remention,exact_named_entity,natural_distance_pair:0072,00_04,3,2.914618492126465,3.3955600261688232,0.4809415340423584,3,3,False,False
D_V_43022,chck_80M,natural_mention:vr:00193,verbatim_remention,exact_named_entity,natural_distance_pair:0021,20_39,31,2.647235155105591,2.3606159687042236,-0.2866191864013672,6,6,False,False
D_V_43022,chck_80M,natural_mention:vr:00194,verbatim_remention,exact_named_entity,natural_distance_pair:0068,00_04,3,13.802446365356445,12.990423202514648,-0.8120231628417969,2,2,False,False
D_V_43022,chck_80M,natural_mention:vr:00195,verbatim_remention,exact_named_entity,natural_distance_pair:0028,20_39,27,0.9836207628250122,0.37850144505500793,-0.6051193177700043,1,1,False,False
D_V_43022,chck_80M,natural_mention:vr:00196,verbatim_remention,exact_named_entity,natural_distance_pair:0124,05_09,9,4.981448650360107,2.4006311893463135,-2.580817461013794,3,3,False,False
D_V_43022,chck_80M,natural_mention:vr:00197,verbatim_remention,exact_named_entity,natural_distance_pair:0060,00_04,4,0.6949219107627869,0.7657480239868164,0.07082611322402954,3,3,False,False
D_V_43022,chck_80M,natural_mention:vr:00198,verbatim_remention,exact_named_entity,natural_distance_pair:0049,10_19,12,8.845419883728027,9.234647750854492,0.38922786712646484,2,2,False,False
D_V_43022,chck_80M,natural_mention:vr:00199,verbatim_remention,exact_named_entity,natural_distance_pair:0045,10_19,13,0.045991670340299606,0.042212508618831635,-0.003779161721467972,4,4,False,False
D_V_43022,chck_80M,natural_mention:vr:00200,verbatim_remention,exact_named_entity,natural_distance_pair:0017,20_39,35,6.556887626647949,7.043198585510254,0.4863109588623047,5,5,False,False
D_V_43022,chck_80M,natural_mention:vr:00201,verbatim_remention,exact_named_entity,natural_distance_pair:0010,40_79,48,0.02088262140750885,6.415473937988281,6.394591316580772,1,1,False,False
D_V_43022,chck_80M,natural_mention:vr:00202,verbatim_remention,exact_named_entity,natural_distance_pair:0023,20_39,30,7.282928466796875,7.7631516456604,0.4802231788635254,3,3,False,False
D_V_43022,chck_80M,natural_mention:vr:00203,verbatim_remention,exact_named_entity,natural_distance_pair:0075,00_04,4,6.176399230957031,8.429794311523438,2.2533950805664062,5,5,False,False
D_V_43022,chck_80M,natural_mention:vr:00204,verbatim_remention,exact_named_entity,natural_distance_pair:0087,20_39,33,4.009162902832031,11.080009460449219,7.0708465576171875,1,1,False,False
D_V_43022,chck_80M,natural_mention:vr:00205,verbatim_remention,exact_named_entity,natural_distance_pair:0025,20_39,28,13.46104621887207,12.424623489379883,-1.0364227294921875,2,2,False,False
D_V_43022,chck_80M,natural_mention:vr:00206,verbatim_remention,exact_named_entity,natural_distance_pair:0115,05_09,6,2.588982105255127,3.552119255065918,0.963137149810791,4,4,False,False
D_V_43022,chck_80M,natural_mention:vr:00207,verbatim_remention,exact_named_entity,natural_distance_pair:0065,00_04,3,5.4446516036987305,6.376398086547852,0.9317464828491211,1,1,False,False
D_V_43022,chck_80M,natural_mention:vr:00208,verbatim_remention,exact_named_entity,natural_distance_pair:0113,05_09,7,6.3609232902526855,7.050180435180664,0.6892571449279785,1,1,False,False
D_V_43022,chck_80M,natural_mention:vr:00209,verbatim_remention,exact_named_entity,natural_distance_pair:0119,10_19,16,0.3509250283241272,0.2724253237247467,-0.0784997045993805,1,1,False,False
D_V_43022,chck_80M,natural_mention:vr:00210,verbatim_remention,exact_named_entity,natural_distance_pair:0056,05_09,6,0.097181037068367,4.704699993133545,4.607518956065178,2,2,False,False
D_V_43022,chck_80M,natural_mention:vr:00211,verbatim_remention,exact_named_entity,natural_distance_pair:0016,20_39,37,0.031306296586990356,10.199300765991211,10.16799446940422,3,3,False,False
D_V_43022,chck_80M,natural_mention:vr:00212,verbatim_remention,exact_named_entity,natural_distance_pair:0013,40_79,44,0.05991349741816521,10.718449592590332,10.658536095172167,3,3,False,False
D_V_43022,chck_80M,natural_mention:vr:00213,verbatim_remention,exact_named_entity,natural_distance_pair:0050,10_19,11,5.080382347106934,7.368462085723877,2.2880797386169434,4,4,False,False
D_V_43022,chck_80M,natural_mention:vr:00214,verbatim_remention,exact_named_entity,natural_distance_pair:0043,10_19,14,1.908066749572754,3.3037781715393066,1.3957114219665527,2,2,False,False
D_V_43022,chck_80M,natural_mention:vr:00215,verbatim_remention,exact_named_entity,natural_distance_pair:0020,20_39,31,0.03174271062016487,10.46146011352539,10.429717402905226,2,2,False,False
D_V_43022,chck_80M,natural_mention:vr:00216,verbatim_remention,exact_named_entity,natural_distance_pair:0007,40_79,52,8.808286666870117,10.509035110473633,1.7007484436035156,1,1,False,False
D_V_43022,chck_80M,natural_mention:vr:00217,verbatim_remention,exact_named_entity,natural_distance_pair:0088,20_39,21,2.725160837173462,2.8453516960144043,0.12019085884094238,1,1,False,False
D_V_43022,chck_80M,natural_mention:vr:00218,verbatim_remention,exact_named_entity,natural_distance_pair:0083,00_04,4,1.7457119226455688,11.28967571258545,9.54396378993988,2,2,False,False
D_V_43022,chck_80M,natural_mention:vr:00219,verbatim_remention,exact_named_entity,natural_distance_pair:0096,10_19,14,4.101182460784912,7.322441577911377,3.221259117126465,3,3,False,False
D_V_43022,chck_80M,natural_mention:vr:00220,verbatim_remention,exact_named_entity,natural_distance_pair:0044,10_19,13,3.0777556896209717,2.5363986492156982,-0.5413570404052734,1,1,False,False
D_V_43022,chck_80M,natural_mention:vr:00221,verbatim_remention,exact_named_entity,natural_distance_pair:0000,40_79,71,0.13788369297981262,12.315362930297852,12.177479237318039,2,2,False,False
D_V_43022,chck_80M,natural_mention:vr:00222,verbatim_remention,exact_named_entity,natural_distance_pair:0064,00_04,4,0.32957109808921814,0.5034739375114441,0.17390283942222595,1,1,False,False
D_V_43022,chck_80M,natural_mention:vr:00223,verbatim_remention,exact_named_entity,natural_distance_pair:0093,10_19,16,0.031226947903633118,0.027205457910895348,-0.00402148999273777,3,3,False,False
D_V_43022,chck_80M,natural_mention:vr:00224,verbatim_remention,exact_named_entity,natural_distance_pair:0018,20_39,36,12.802469253540039,14.055392265319824,1.2529230117797852,1,1,False,False
D_V_43022,chck_80M,natural_mention:vr:00225,verbatim_remention,exact_named_entity,natural_distance_pair:0114,05_09,7,5.09771203994751,6.542342185974121,1.4446301460266113,1,1,False,False
D_V_43022,chck_80M,natural_mention:vr:00226,verbatim_remention,exact_named_entity,natural_distance_pair:0009,40_79,51,6.905525207519531,7.288136959075928,0.3826117515563965,1,1,False,False
D_V_43022,chck_80M,natural_mention:vr:00227,verbatim_remention,exact_named_entity,natural_distance_pair:0120,10_19,15,0.07348134368658066,0.09882676601409912,0.025345422327518463,2,2,False,False
D_V_43022,chck_80M,natural_mention:vr:00228,verbatim_remention,exact_named_entity,natural_distance_pair:0024,20_39,29,6.333662033081055,7.780886650085449,1.4472246170043945,4,4,False,False
D_V_43022,chck_80M,natural_mention:vr:00229,verbatim_remention,exact_named_entity,natural_distance_pair:0128,05_09,6,6.222002029418945,6.713232040405273,0.4912300109863281,1,1,False,False
D_V_43022,chck_80M,natural_mention:vr:00230,verbatim_remention,exact_named_entity,natural_distance_pair:0055,05_09,7,1.7433059215545654,10.932743072509766,9.1894371509552,2,2,False,False
D_V_43022,chck_80M,natural_mention:vr:00231,verbatim_remention,indefinite_to_definite_nominal,natural_distance_pair:0086,00_04,4,3.0161972045898438,4.349855422973633,1.333658218383789,1,1,False,False
D_V_43022,chck_80M,natural_mention:vr:00232,verbatim_remention,exact_named_entity,natural_distance_pair:0089,20_39,21,0.11757977306842804,4.852536678314209,4.734956905245781,1,1,False,False
D_V_43022,chck_80M,natural_mention:vr:00233,verbatim_remention,exact_named_entity,natural_distance_pair:0032,20_39,21,2.6300323009490967,3.634967088699341,1.0049347877502441,3,3,False,False
D_V_43022,chck_80M,natural_mention:vr:00234,verbatim_remention,exact_named_entity,natural_distance_pair:0019,20_39,33,0.4635711908340454,5.322347640991211,4.8587764501571655,1,1,False,False
D_V_43022,chck_80M,natural_mention:vr:00235,verbatim_remention,exact_named_entity,natural_distance_pair:0116,05_09,6,0.4770914614200592,4.072229385375977,3.5951379239559174,1,1,False,False
D_V_43022,chck_80M,natural_mention:vr:00236,verbatim_remention,exact_named_entity,natural_distance_pair:0067,00_04,4,4.9200439453125,4.743484973907471,-0.1765589714050293,6,6,False,False
D_V_43022,chck_80M,natural_mention:vr:00237,verbatim_remention,exact_named_entity,natural_distance_pair:0122,10_19,10,2.851449966430664,5.387355327606201,2.535905361175537,1,1,False,False
D_V_43022,chck_80M,natural_mention:vr:00238,verbatim_remention,exact_named_entity,natural_distance_pair:0003,40_79,56,0.1272655576467514,2.0838463306427,1.9565807729959488,1,1,False,False
D_V_43022,chck_80M,natural_mention:vr:00239,verbatim_remention,exact_named_entity,natural_distance_pair:0077,00_04,3,9.694854736328125,8.948036193847656,-0.7468185424804688,2,2,False,False
D_V_43022,chck_80M,natural_mention:vr:00240,verbatim_remention,exact_named_entity,natural_distance_pair:0106,05_09,8,4.547452449798584,3.7459545135498047,-0.8014979362487793,6,6,False,False
D_V_43022,chck_80M,natural_mention:vr:00241,verbatim_remention,exact_named_entity,natural_distance_pair:0039,10_19,16,0.39164426922798157,10.294075012207031,9.90243074297905,1,1,False,False
D_V_43022,chck_80M,natural_mention:vr:00242,verbatim_remention,exact_named_entity,natural_distance_pair:0099,10_19,12,13.242341995239258,13.496469497680664,0.25412750244140625,1,1,False,False
D_V_43022,chck_80M,natural_mention:vr:00243,verbatim_remention,exact_named_entity,natural_distance_pair:0110,05_09,8,1.2104536294937134,8.835014343261719,7.624560713768005,1,1,False,False
D_V_43022,chck_80M,natural_mention:vr:00244,verbatim_remention,exact_named_entity,natural_distance_pair:0070,00_04,3,5.129422664642334,5.35469913482666,0.22527647018432617,2,2,False,False
D_V_43022,chck_80M,natural_mention:vr:00245,verbatim_remention,exact_named_entity,natural_distance_pair:0008,40_79,52,0.028325507417321205,8.203327178955078,8.175001671537757,3,3,False,False
D_V_43022,chck_80M,natural_mention:vr:00246,verbatim_remention,exact_named_entity,natural_distance_pair:0097,10_19,13,0.019118206575512886,11.237687110900879,11.218568904325366,1,1,False,False
D_V_43022,chck_80M,natural_mention:vr:00247,verbatim_remention,exact_named_entity,natural_distance_pair:0061,00_04,3,9.51961898803711,7.869532585144043,-1.6500864028930664,1,1,False,False
D_V_43022,chck_80M,natural_mention:vr:00248,verbatim_remention,exact_named_entity,natural_distance_pair:0103,10_19,10,8.137232780456543,9.637909889221191,1.5006771087646484,1,1,False,False
D_V_43022,chck_80M,natural_mention:vr:00249,verbatim_remention,exact_named_entity,natural_distance_pair:0073,00_04,4,2.5857696533203125,2.9883627891540527,0.40259313583374023,1,1,False,False
D_V_43022,chck_80M,natural_mention:vr:00250,verbatim_remention,exact_named_entity,natural_distance_pair:0095,10_19,15,0.545723557472229,2.9553277492523193,2.4096041917800903,1,1,False,False
D_V_43022,chck_80M,natural_mention:vr:00251,verbatim_remention,exact_named_entity,natural_distance_pair:0071,00_04,4,2.503066062927246,8.245351791381836,5.74228572845459,4,4,False,False
D_V_43022,chck_80M,natural_mention:vr:00252,verbatim_remention,exact_named_entity,natural_distance_pair:0004,40_79,58,0.998115599155426,9.89394760131836,8.895832002162933,1,1,False,False
D_V_43022,chck_80M,natural_mention:vr:00253,verbatim_remention,exact_named_entity,natural_distance_pair:0127,05_09,7,2.946401834487915,4.921748161315918,1.975346326828003,1,1,False,False
D_V_43022,chck_80M,natural_mention:vr:00254,verbatim_remention,exact_named_entity,natural_distance_pair:0123,10_19,10,0.29641035199165344,1.0329067707061768,0.7364964187145233,1,1,False,False
D_V_43022,chck_80M,natural_mention:vr:00255,verbatim_remention,exact_named_entity,natural_distance_pair:0034,20_39,20,2.9318289756774902,8.479621887207031,5.547792911529541,2,2,False,False
D_V_43022,chck_80M,natural_mention:vr:00256,verbatim_remention,exact_named_entity,natural_distance_pair:0076,00_04,3,3.624319076538086,9.347391128540039,5.723072052001953,1,1,False,False
D_V_43022,chck_80M,natural_mention:vr:00257,verbatim_remention,exact_named_entity,natural_distance_pair:0001,40_79,61,11.94693374633789,12.352738380432129,0.4058046340942383,1,1,False,False
D_V_43022,chck_90M,natural_mention:nr:00000,nonidentical_remention,full_name_to_acronym,natural_distance_pair:0045,10_19,13,3.8589706420898438,3.974177598953247,0.11520695686340332,1,1,False,False
D_V_43022,chck_90M,natural_mention:nr:00001,nonidentical_remention,full_name_to_acronym,natural_distance_pair:0060,00_04,4,5.499239921569824,5.22173547744751,-0.27750444412231445,4,4,False,False
D_V_43022,chck_90M,natural_mention:nr:00002,nonidentical_remention,nonperson_name_to_pronoun,natural_distance_pair:0123,10_19,10,2.595951557159424,2.508559465408325,-0.08739209175109863,1,1,False,False
D_V_43022,chck_90M,natural_mention:nr:00003,nonidentical_remention,explicit_appositive_description,natural_distance_pair:0084,00_04,0,4.799698352813721,5.5171799659729,0.7174816131591797,1,1,False,False
D_V_43022,chck_90M,natural_mention:nr:00004,nonidentical_remention,full_name_to_acronym,natural_distance_pair:0046,10_19,13,7.301017761230469,7.256828784942627,-0.0441889762878418,2,2,False,False
D_V_43022,chck_90M,natural_mention:nr:00005,nonidentical_remention,full_name_to_acronym,natural_distance_pair:0056,05_09,6,12.467034339904785,12.685184478759766,0.21815013885498047,1,1,False,False
D_V_43022,chck_90M,natural_mention:nr:00006,nonidentical_remention,explicit_appositive_description,natural_distance_pair:0074,00_04,0,5.317451000213623,4.425328254699707,-0.892122745513916,1,1,False,False
D_V_43022,chck_90M,natural_mention:nr:00007,nonidentical_remention,person_name_to_pronoun,natural_distance_pair:0089,20_39,21,1.233449935913086,0.15668362379074097,-1.076766312122345,1,1,False,False
D_V_43022,chck_90M,natural_mention:nr:00008,nonidentical_remention,nonperson_name_to_pronoun,natural_distance_pair:0119,10_19,16,5.028285026550293,5.26324987411499,0.23496484756469727,1,1,False,False
D_V_43022,chck_90M,natural_mention:nr:00009,nonidentical_remention,full_name_to_surname_or_final_token,natural_distance_pair:0027,20_39,28,1.3392030000686646,2.6184520721435547,1.2792490720748901,3,3,False,False
D_V_43022,chck_90M,natural_mention:nr:00010,nonidentical_remention,full_name_to_surname_or_final_token,natural_distance_pair:0049,10_19,12,0.015484091825783253,0.10611102730035782,0.09062693547457457,3,3,False,False
D_V_43022,chck_90M,natural_mention:nr:00011,nonidentical_remention,full_name_to_surname_or_final_token,natural_distance_pair:0001,40_79,65,0.06678683310747147,8.525379180908203,8.458592347800732,3,3,False,False
D_V_43022,chck_90M,natural_mention:nr:00012,nonidentical_remention,nonperson_name_to_pronoun,natural_distance_pair:0128,05_09,6,0.5774857997894287,0.4379447400569916,-0.13954105973243713,1,1,False,False
D_V_43022,chck_90M,natural_mention:nr:00013,nonidentical_remention,full_name_to_surname_or_final_token,natural_distance_pair:0053,10_19,10,2.1260828971862793,5.473808288574219,3.3477253913879395,3,3,False,False
D_V_43022,chck_90M,natural_mention:nr:00014,nonidentical_remention,full_name_to_acronym,natural_distance_pair:0022,20_39,31,5.409632682800293,5.181870937347412,-0.22776174545288086,4,4,False,False
D_V_43022,chck_90M,natural_mention:nr:00015,nonidentical_remention,full_name_to_surname_or_final_token,natural_distance_pair:0026,20_39,28,9.140954971313477,9.44930362701416,0.3083486557006836,2,2,False,False
D_V_43022,chck_90M,natural_mention:nr:00016,nonidentical_remention,person_name_to_pronoun,natural_distance_pair:0097,10_19,13,2.4940319061279297,2.765812873840332,0.27178096771240234,1,1,False,False
D_V_43022,chck_90M,natural_mention:nr:00017,nonidentical_remention,full_name_to_surname_or_final_token,natural_distance_pair:0043,10_19,14,11.778604507446289,11.833555221557617,0.054950714111328125,2,2,False,False
D_V_43022,chck_90M,natural_mention:nr:00018,nonidentical_remention,explicit_appositive_description,natural_distance_pair:0070,00_04,0,4.371115684509277,5.141256809234619,0.7701411247253418,2,2,False,False
D_V_43022,chck_90M,natural_mention:nr:00019,nonidentical_remention,person_name_to_pronoun,natural_distance_pair:0117,05_09,5,0.36750057339668274,0.46559786796569824,0.0980972945690155,1,1,False,False
D_V_43022,chck_90M,natural_mention:nr:00020,nonidentical_remention,full_name_to_acronym,natural_distance_pair:0035,10_19,19,7.835342884063721,7.731565475463867,-0.10377740859985352,2,2,False,False
D_V_43022,chck_90M,natural_mention:nr:00021,nonidentical_remention,full_name_to_surname_or_final_token,natural_distance_pair:0009,40_79,52,7.613743782043457,8.300837516784668,0.6870937347412109,2,2,False,False
D_V_43022,chck_90M,natural_mention:nr:00022,nonidentical_remention,full_name_to_surname_or_final_token,natural_distance_pair:0058,00_04,4,0.539442241191864,0.8637814521789551,0.32433921098709106,3,3,False,False
D_V_43022,chck_90M,natural_mention:nr:00023,nonidentical_remention,person_name_to_pronoun,natural_distance_pair:0112,05_09,7,0.02306513488292694,0.02415710873901844,0.0010919738560914993,1,1,False,False
D_V_43022,chck_90M,natural_mention:nr:00024,nonidentical_remention,nonperson_name_to_pronoun,natural_distance_pair:0122,10_19,10,0.5284048318862915,0.411489337682724,-0.1169154942035675,1,1,False,False
D_V_43022,chck_90M,natural_mention:nr:00025,nonidentical_remention,person_name_to_pronoun,natural_distance_pair:0100,10_19,12,0.5711797475814819,0.6144974231719971,0.04331767559051514,1,1,False,False
D_V_43022,chck_90M,natural_mention:nr:00026,nonidentical_remention,full_name_to_acronym,natural_distance_pair:0008,40_79,52,9.391451835632324,9.583809852600098,0.19235801696777344,1,1,False,False
D_V_43022,chck_90M,natural_mention:nr:00027,nonidentical_remention,full_name_to_acronym,natural_distance_pair:0063,00_04,1,5.782936096191406,6.2937331199646,0.5107970237731934,3,3,False,False
D_V_43022,chck_90M,natural_mention:nr:00028,nonidentical_remention,full_name_to_surname_or_final_token,natural_distance_pair:0005,40_79,53,0.15039420127868652,8.5374755859375,8.387081384658813,2,2,False,False
D_V_43022,chck_90M,natural_mention:nr:00029,nonidentical_remention,explicit_appositive_description,natural_distance_pair:0079,00_04,0,6.918558120727539,7.164860248565674,0.24630212783813477,3,3,False,False
D_V_43022,chck_90M,natural_mention:nr:00030,nonidentical_remention,person_name_to_pronoun,natural_distance_pair:0099,10_19,12,1.012160062789917,0.7832146286964417,-0.22894543409347534,1,1,False,False
D_V_43022,chck_90M,natural_mention:nr:00031,nonidentical_remention,nonperson_name_to_pronoun,natural_distance_pair:0127,05_09,7,2.5119690895080566,2.537309169769287,0.02534008026123047,1,1,False,False
D_V_43022,chck_90M,natural_mention:nr:00032,nonidentical_remention,full_name_to_acronym,natural_distance_pair:0044,10_19,13,7.167116641998291,6.695120334625244,-0.4719963073730469,3,3,False,False
D_V_43022,chck_90M,natural_mention:nr:00033,nonidentical_remention,full_name_to_acronym,natural_distance_pair:0051,10_19,11,5.778553485870361,6.442148208618164,0.6635947227478027,2,2,False,False
D_V_43022,chck_90M,natural_mention:nr:00034,nonidentical_remention,full_name_to_surname_or_final_token,natural_distance_pair:0040,10_19,15,2.754788875579834,4.018367767333984,1.2635788917541504,2,2,False,False
D_V_43022,chck_90M,natural_mention:nr:00035,nonidentical_remention,person_name_to_pronoun,natural_distance_pair:0110,05_09,8,1.154201626777649,1.221814751625061,0.06761312484741211,1,1,False,False
D_V_43022,chck_90M,natural_mention:nr:00036,nonidentical_remention,full_name_to_acronym,natural_distance_pair:0085,00_04,0,6.438244819641113,6.6934356689453125,0.2551908493041992,2,2,False,False
D_V_43022,chck_90M,natural_mention:nr:00037,nonidentical_remention,person_name_to_pronoun,natural_distance_pair:0104,05_09,9,0.5892664790153503,0.6620251536369324,0.07275867462158203,1,1,False,False
D_V_43022,chck_90M,natural_mention:nr:00038,nonidentical_remention,explicit_appositive_description,natural_distance_pair:0072,00_04,0,4.519369602203369,4.104793548583984,-0.41457605361938477,2,2,False,False
D_V_43022,chck_90M,natural_mention:nr:00039,nonidentical_remention,nonperson_name_to_pronoun,natural_distance_pair:0124,05_09,9,0.07774501293897629,0.12463097274303436,0.046885959804058075,1,1,False,False
D_V_43022,chck_90M,natural_mention:nr:00040,nonidentical_remention,person_name_to_pronoun,natural_distance_pair:0092,10_19,17,1.2208914756774902,1.3583067655563354,0.13741528987884521,1,1,False,False
D_V_43022,chck_90M,natural_mention:nr:00041,nonidentical_remention,full_name_to_surname_or_final_token,natural_distance_pair:0036,10_19,18,2.5318288803100586,8.365304946899414,5.8334760665893555,2,2,False,False
D_V_43022,chck_90M,natural_mention:nr:00042,nonidentical_remention,nonperson_name_to_pronoun,natural_distance_pair:0121,10_19,12,0.4514147639274597,0.4913141429424286,0.03989937901496887,1,1,False,False
D_V_43022,chck_90M,natural_mention:nr:00043,nonidentical_remention,full_name_to_acronym,natural_distance_pair:0057,00_04,4,1.9137269258499146,1.6956157684326172,-0.21811115741729736,3,3,False,False
D_V_43022,chck_90M,natural_mention:nr:00044,nonidentical_remention,explicit_appositive_description,natural_distance_pair:0080,00_04,0,8.865851402282715,8.266624450683594,-0.5992269515991211,1,1,False,False
D_V_43022,chck_90M,natural_mention:nr:00045,nonidentical_remention,full_name_to_acronym,natural_distance_pair:0064,00_04,1,8.050348281860352,7.570375919342041,-0.47997236251831055,2,2,False,False
D_V_43022,chck_90M,natural_mention:nr:00046,nonidentical_remention,full_name_to_surname_or_final_token,natural_distance_pair:0029,20_39,26,6.774955749511719,7.424020290374756,0.6490645408630371,3,3,False,False
D_V_43022,chck_90M,natural_mention:nr:00047,nonidentical_remention,full_name_to_surname_or_final_token,natural_distance_pair:0014,40_79,42,2.6603543758392334,8.908822059631348,6.248467683792114,2,2,False,False
D_V_43022,chck_90M,natural_mention:nr:00048,nonidentical_remention,full_name_to_surname_or_final_token,natural_distance_pair:0010,40_79,48,8.247115135192871,9.219789505004883,0.9726743698120117,2,2,False,False
D_V_43022,chck_90M,natural_mention:nr:00049,nonidentical_remention,explicit_appositive_description,natural_distance_pair:0075,00_04,0,6.965174198150635,7.3423895835876465,0.3772153854370117,7,7,False,False
D_V_43022,chck_90M,natural_mention:nr:00050,nonidentical_remention,full_name_to_acronym,natural_distance_pair:0081,00_04,0,4.998021125793457,4.60769510269165,-0.39032602310180664,2,2,False,False
D_V_43022,chck_90M,natural_mention:nr:00051,nonidentical_remention,person_name_to_pronoun,natural_distance_pair:0096,10_19,14,0.3911861777305603,0.015257315710186958,-0.37592886202037334,1,1,False,False
D_V_43022,chck_90M,natural_mention:nr:00052,nonidentical_remention,full_name_to_acronym,natural_distance_pair:0062,00_04,2,5.853545665740967,6.291806221008301,0.438260555267334,2,2,False,False
D_V_43022,chck_90M,natural_mention:nr:00053,nonidentical_remention,person_name_to_pronoun,natural_distance_pair:0107,05_09,8,0.2600543200969696,0.2111865133047104,-0.048867806792259216,1,1,False,False
D_V_43022,chck_90M,natural_mention:nr:00054,nonidentical_remention,nonperson_name_to_pronoun,natural_distance_pair:0120,10_19,15,0.4169132709503174,0.2662648558616638,-0.15064841508865356,1,1,False,False
D_V_43022,chck_90M,natural_mention:nr:00055,nonidentical_remention,full_name_to_acronym,natural_distance_pair:0071,00_04,0,1.9196529388427734,2.354179859161377,0.4345269203186035,2,2,False,False
D_V_43022,chck_90M,natural_mention:nr:00056,nonidentical_remention,person_name_to_pronoun,natural_distance_pair:0093,10_19,16,0.2566772997379303,0.5213273167610168,0.26465001702308655,1,1,False,False
D_V_43022,chck_90M,natural_mention:nr:00057,nonidentical_remention,person_name_to_pronoun,natural_distance_pair:0095,10_19,15,0.2820758819580078,0.3841235935688019,0.10204771161079407,1,1,False,False
D_V_43022,chck_90M,natural_mention:nr:00058,nonidentical_remention,full_name_to_surname_or_final_token,natural_distance_pair:0028,20_39,27,2.6443114280700684,8.440923690795898,5.79661226272583,2,2,False,False
D_V_43022,chck_90M,natural_mention:nr:00059,nonidentical_remention,nonperson_name_to_pronoun,natural_distance_pair:0125,05_09,9,0.031774651259183884,0.03535334765911102,0.0035786963999271393,1,1,False,False
D_V_43022,chck_90M,natural_mention:nr:00060,nonidentical_remention,explicit_appositive_description,natural_distance_pair:0083,00_04,0,8.119463920593262,7.790116786956787,-0.3293471336364746,3,3,False,False
D_V_43022,chck_90M,natural_mention:nr:00061,nonidentical_remention,full_name_to_surname_or_final_token,natural_distance_pair:0011,40_79,48,7.142294406890869,8.893186569213867,1.750892162322998,1,1,False,False
D_V_43022,chck_90M,natural_mention:nr:00062,nonidentical_remention,full_name_to_surname_or_final_token,natural_distance_pair:0003,40_79,57,2.6694464683532715,8.395086288452148,5.725639820098877,5,5,False,False
D_V_43022,chck_90M,natural_mention:nr:00063,nonidentical_remention,full_name_to_acronym,natural_distance_pair:0066,00_04,0,4.734004974365234,4.877347469329834,0.1433424949645996,2,2,False,False
D_V_43022,chck_90M,natural_mention:nr:00064,nonidentical_remention,full_name_to_surname_or_final_token,natural_distance_pair:0042,10_19,14,1.8758437633514404,9.18794059753418,7.312096834182739,2,2,False,False
D_V_43022,chck_90M,natural_mention:nr:00065,nonidentical_remention,full_name_to_acronym,natural_distance_pair:0065,00_04,1,6.850869178771973,6.471858501434326,-0.3790106773376465,2,2,False,False
D_V_43022,chck_90M,natural_mention:nr:00066,nonidentical_remention,explicit_appositive_description,natural_distance_pair:0078,00_04,0,3.0247323513031006,4.007281303405762,0.9825489521026611,1,1,False,False
D_V_43022,chck_90M,natural_mention:nr:00067,nonidentical_remention,full_name_to_acronym,natural_distance_pair:0076,00_04,0,4.248517990112305,4.405838966369629,0.15732097625732422,2,2,False,False
D_V_43022,chck_90M,natural_mention:nr:00068,nonidentical_remention,explicit_appositive_description,natural_distance_pair:0086,00_04,0,6.496588230133057,6.278708457946777,-0.2178797721862793,7,7,False,False
D_V_43022,chck_90M,natural_mention:nr:00069,nonidentical_remention,person_name_to_pronoun,natural_distance_pair:0111,05_09,8,0.12466958910226822,0.0866389274597168,-0.03803066164255142,1,1,False,False
D_V_43022,chck_90M,natural_mention:nr:00070,nonidentical_remention,full_name_to_acronym,natural_distance_pair:0052,10_19,10,7.265620708465576,7.265243053436279,-0.000377655029296875,2,2,False,False
D_V_43022,chck_90M,natural_mention:nr:00071,nonidentical_remention,person_name_to_pronoun,natural_distance_pair:0108,05_09,8,0.9711878895759583,1.1351070404052734,0.16391915082931519,1,1,False,False
D_V_43022,chck_90M,natural_mention:nr:00072,nonidentical_remention,full_name_to_surname_or_final_token,natural_distance_pair:0004,40_79,56,0.43533363938331604,6.407907485961914,5.972573846578598,2,2,False,False
D_V_43022,chck_90M,natural_mention:nr:00073,nonidentical_remention,person_name_to_pronoun,natural_distance_pair:0091,10_19,18,0.13585948944091797,0.263692170381546,0.12783268094062805,1,1,False,False
D_V_43022,chck_90M,natural_mention:nr:00074,nonidentical_remention,full_name_to_acronym,natural_distance_pair:0047,10_19,12,4.086240291595459,4.447605609893799,0.36136531829833984,3,3,False,False
D_V_43022,chck_90M,natural_mention:nr:00075,nonidentical_remention,nonperson_name_to_pronoun,natural_distance_pair:0126,05_09,7,5.832608222961426,5.737195014953613,-0.0954132080078125,1,1,False,False
D_V_43022,chck_90M,natural_mention:nr:00076,nonidentical_remention,full_name_to_acronym,natural_distance_pair:0069,00_04,0,8.052468299865723,7.950624465942383,-0.10184383392333984,2,2,False,False
D_V_43022,chck_90M,natural_mention:nr:00077,nonidentical_remention,person_name_to_pronoun,natural_distance_pair:0114,05_09,7,1.7260760068893433,2.0486392974853516,0.3225632905960083,1,1,False,False
D_V_43022,chck_90M,natural_mention:nr:00078,nonidentical_remention,person_name_to_pronoun,natural_distance_pair:0087,20_39,33,2.1509616374969482,3.873322010040283,1.722360372543335,1,1,False,False
D_V_43022,chck_90M,natural_mention:nr:00079,nonidentical_remention,person_name_to_pronoun,natural_distance_pair:0098,10_19,12,2.655945301055908,2.6857364177703857,0.02979111671447754,1,1,False,False
D_V_43022,chck_90M,natural_mention:nr:00080,nonidentical_remention,nonperson_name_to_pronoun,natural_distance_pair:0118,10_19,19,0.6225833892822266,0.5892937183380127,-0.03328967094421387,1,1,False,False
D_V_43022,chck_90M,natural_mention:nr:00081,nonidentical_remention,full_name_to_surname_or_final_token,natural_distance_pair:0025,20_39,28,5.2671051025390625,8.312664031982422,3.0455589294433594,4,4,False,False
D_V_43022,chck_90M,natural_mention:nr:00082,nonidentical_remention,full_name_to_surname_or_final_token,natural_distance_pair:0050,10_19,11,4.128610610961914,2.6896541118621826,-1.4389564990997314,2,2,False,False
D_V_43022,chck_90M,natural_mention:nr:00083,nonidentical_remention,explicit_appositive_description,natural_distance_pair:0067,00_04,0,8.485121726989746,8.76021671295166,0.27509498596191406,6,6,False,False
D_V_43022,chck_90M,natural_mention:nr:00084,nonidentical_remention,full_name_to_surname_or_final_token,natural_distance_pair:0055,05_09,7,11.149188041687012,11.208353996276855,0.05916595458984375,3,3,False,False
D_V_43022,chck_90M,natural_mention:nr:00085,nonidentical_remention,person_name_to_pronoun,natural_distance_pair:0113,05_09,7,0.02698424644768238,0.046290073543787,0.019305827096104622,1,1,False,False
D_V_43022,chck_90M,natural_mention:nr:00086,nonidentical_remention,person_name_to_pronoun,natural_distance_pair:0088,20_39,21,5.054440498352051,4.880649566650391,-0.17379093170166016,1,1,False,False
D_V_43022,chck_90M,natural_mention:nr:00087,nonidentical_remention,full_name_to_acronym,natural_distance_pair:0033,20_39,20,10.767963409423828,10.929679870605469,0.16171646118164062,2,2,False,False
D_V_43022,chck_90M,natural_mention:nr:00088,nonidentical_remention,full_name_to_surname_or_final_token,natural_distance_pair:0015,20_39,38,9.492033004760742,11.268047332763672,1.7760143280029297,2,2,False,False
D_V_43022,chck_90M,natural_mention:nr:00089,nonidentical_remention,full_name_to_surname_or_final_token,natural_distance_pair:0000,40_79,74,2.0733537673950195,6.75670051574707,4.683346748352051,2,2,False,False
D_V_43022,chck_90M,natural_mention:nr:00090,nonidentical_remention,explicit_appositive_description,natural_distance_pair:0068,00_04,0,7.446840286254883,6.937541961669922,-0.5092983245849609,3,3,False,False
D_V_43022,chck_90M,natural_mention:nr:00091,nonidentical_remention,full_name_to_acronym,natural_distance_pair:0048,10_19,12,4.674990653991699,5.3619794845581055,0.6869888305664062,2,2,False,False
D_V_43022,chck_90M,natural_mention:nr:00092,nonidentical_remention,full_name_to_acronym,natural_distance_pair:0032,20_39,21,7.867485046386719,7.720328330993652,-0.1471567153930664,2,2,False,False
D_V_43022,chck_90M,natural_mention:nr:00093,nonidentical_remention,person_name_to_pronoun,natural_distance_pair:0103,10_19,10,2.1686196327209473,1.9856781959533691,-0.18294143676757812,1,1,False,False
D_V_43022,chck_90M,natural_mention:nr:00094,nonidentical_remention,full_name_to_acronym,natural_distance_pair:0024,20_39,29,4.462340831756592,4.389328479766846,-0.0730123519897461,3,3,False,False
D_V_43022,chck_90M,natural_mention:nr:00095,nonidentical_remention,full_name_to_surname_or_final_token,natural_distance_pair:0059,00_04,4,0.8655486106872559,0.7741554975509644,-0.0913931131362915,1,1,False,False
D_V_43022,chck_90M,natural_mention:nr:00096,nonidentical_remention,person_name_to_pronoun,natural_distance_pair:0101,10_19,11,4.336703300476074,4.286856174468994,-0.04984712600708008,1,1,False,False
D_V_43022,chck_90M,natural_mention:nr:00097,nonidentical_remention,full_name_to_surname_or_final_token,natural_distance_pair:0007,40_79,52,3.13568377494812,9.047038078308105,5.911354303359985,3,3,False,False
D_V_43022,chck_90M,natural_mention:nr:00098,nonidentical_remention,full_name_to_surname_or_final_token,natural_distance_pair:0023,20_39,30,4.0208539962768555,8.799638748168945,4.77878475189209,5,5,False,False
D_V_43022,chck_90M,natural_mention:nr:00099,nonidentical_remention,full_name_to_surname_or_final_token,natural_distance_pair:0054,05_09,9,6.662818431854248,7.094566345214844,0.4317479133605957,3,3,False,False
D_V_43022,chck_90M,natural_mention:nr:00100,nonidentical_remention,full_name_to_acronym,natural_distance_pair:0020,20_39,31,8.936678886413574,7.251424312591553,-1.6852545738220215,3,3,False,False
D_V_43022,chck_90M,natural_mention:nr:00101,nonidentical_remention,full_name_to_acronym,natural_distance_pair:0037,10_19,17,2.92700457572937,3.2701117992401123,0.3431072235107422,3,3,False,False
D_V_43022,chck_90M,natural_mention:nr:00102,nonidentical_remention,explicit_appositive_description,natural_distance_pair:0073,00_04,0,5.9184722900390625,5.392111778259277,-0.5263605117797852,1,1,False,False
D_V_43022,chck_90M,natural_mention:nr:00103,nonidentical_remention,full_name_to_acronym,natural_distance_pair:0002,40_79,62,6.54297399520874,6.599149227142334,0.05617523193359375,3,3,False,False
D_V_43022,chck_90M,natural_mention:nr:00104,nonidentical_remention,full_name_to_surname_or_final_token,natural_distance_pair:0018,20_39,35,0.2880452871322632,10.96124267578125,10.673197388648987,2,2,False,False
D_V_43022,chck_90M,natural_mention:nr:00105,nonidentical_remention,full_name_to_surname_or_final_token,natural_distance_pair:0013,40_79,44,5.376223087310791,7.478813171386719,2.1025900840759277,4,4,False,False
D_V_43022,chck_90M,natural_mention:nr:00106,nonidentical_remention,full_name_to_surname_or_final_token,natural_distance_pair:0006,40_79,53,11.226604461669922,11.145345687866211,-0.08125877380371094,2,2,False,False
D_V_43022,chck_90M,natural_mention:nr:00107,nonidentical_remention,full_name_to_surname_or_final_token,natural_distance_pair:0041,10_19,15,5.666618347167969,7.944765090942383,2.278146743774414,2,2,False,False
D_V_43022,chck_90M,natural_mention:nr:00108,nonidentical_remention,full_name_to_surname_or_final_token,natural_distance_pair:0030,20_39,23,3.618541717529297,11.155967712402344,7.537425994873047,2,2,False,False
D_V_43022,chck_90M,natural_mention:nr:00109,nonidentical_remention,full_name_to_surname_or_final_token,natural_distance_pair:0039,10_19,16,0.5981214642524719,0.2287108302116394,-0.3694106340408325,1,1,False,False
D_V_43022,chck_90M,natural_mention:nr:00110,nonidentical_remention,full_name_to_acronym,natural_distance_pair:0021,20_39,31,0.05821586772799492,0.06985050439834595,0.011634636670351028,2,2,False,False
D_V_43022,chck_90M,natural_mention:nr:00111,nonidentical_remention,full_name_to_acronym,natural_distance_pair:0016,20_39,37,5.382318496704102,5.600147247314453,0.21782875061035156,1,1,False,False
D_V_43022,chck_90M,natural_mention:nr:00112,nonidentical_remention,person_name_to_pronoun,natural_distance_pair:0102,10_19,10,1.2166752815246582,1.1282566785812378,-0.08841860294342041,1,1,False,False
D_V_43022,chck_90M,natural_mention:nr:00113,nonidentical_remention,full_name_to_surname_or_final_token,natural_distance_pair:0012,40_79,48,4.532087802886963,6.9668450355529785,2.4347572326660156,3,3,False,False
D_V_43022,chck_90M,natural_mention:nr:00114,nonidentical_remention,person_name_to_pronoun,natural_distance_pair:0090,20_39,21,2.920285701751709,2.854809045791626,-0.06547665596008301,1,1,False,False
D_V_43022,chck_90M,natural_mention:nr:00115,nonidentical_remention,person_name_to_pronoun,natural_distance_pair:0109,05_09,8,1.0706329345703125,0.5673263669013977,-0.5033065676689148,1,1,False,False
D_V_43022,chck_90M,natural_mention:nr:00116,nonidentical_remention,person_name_to_pronoun,natural_distance_pair:0094,10_19,15,0.4667990207672119,0.16061706840991974,-0.3061819523572922,1,1,False,False
D_V_43022,chck_90M,natural_mention:nr:00117,nonidentical_remention,person_name_to_pronoun,natural_distance_pair:0116,05_09,6,2.187805652618408,1.9699037075042725,-0.21790194511413574,1,1,False,False
D_V_43022,chck_90M,natural_mention:nr:00118,nonidentical_remention,full_name_to_acronym,natural_distance_pair:0019,20_39,33,7.578652858734131,7.643099308013916,0.06444644927978516,3,3,False,False
D_V_43022,chck_90M,natural_mention:nr:00119,nonidentical_remention,person_name_to_pronoun,natural_distance_pair:0105,05_09,9,0.4408459961414337,0.3951846957206726,-0.04566130042076111,1,1,False,False
D_V_43022,chck_90M,natural_mention:nr:00120,nonidentical_remention,person_name_to_pronoun,natural_distance_pair:0115,05_09,6,1.7855100631713867,1.5625704526901245,-0.2229396104812622,1,1,False,False
D_V_43022,chck_90M,natural_mention:nr:00121,nonidentical_remention,full_name_to_acronym,natural_distance_pair:0061,00_04,2,5.063413143157959,5.276741981506348,0.21332883834838867,4,4,False,False
D_V_43022,chck_90M,natural_mention:nr:00122,nonidentical_remention,explicit_appositive_description,natural_distance_pair:0082,00_04,0,4.431557655334473,4.411572456359863,-0.019985198974609375,1,1,False,False
D_V_43022,chck_90M,natural_mention:nr:00123,nonidentical_remention,full_name_to_acronym,natural_distance_pair:0017,20_39,36,2.8272507190704346,2.5756630897521973,-0.2515876293182373,3,3,False,False
D_V_43022,chck_90M,natural_mention:nr:00124,nonidentical_remention,full_name_to_surname_or_final_token,natural_distance_pair:0034,20_39,20,3.625063896179199,7.945032596588135,4.3199687004089355,2,2,False,False
D_V_43022,chck_90M,natural_mention:nr:00125,nonidentical_remention,explicit_appositive_description,natural_distance_pair:0077,00_04,0,5.40575647354126,6.202001571655273,0.7962450981140137,3,3,False,False
D_V_43022,chck_90M,natural_mention:nr:00126,nonidentical_remention,full_name_to_acronym,natural_distance_pair:0031,20_39,22,8.662168502807617,9.313416481018066,0.6512479782104492,2,2,False,False
D_V_43022,chck_90M,natural_mention:nr:00127,nonidentical_remention,person_name_to_pronoun,natural_distance_pair:0106,05_09,8,0.02846318483352661,0.07216189801692963,0.043698713183403015,1,1,False,False
D_V_43022,chck_90M,natural_mention:nr:00128,nonidentical_remention,full_name_to_surname_or_final_token,natural_distance_pair:0038,10_19,16,4.318526744842529,7.777703285217285,3.459176540374756,2,2,False,False
D_V_43022,chck_90M,natural_mention:vr:00129,verbatim_remention,exact_named_entity,natural_distance_pair:0082,00_04,4,9.004853248596191,8.985038757324219,-0.019814491271972656,2,2,False,False
D_V_43022,chck_90M,natural_mention:vr:00130,verbatim_remention,exact_named_entity,natural_distance_pair:0041,10_19,15,0.14007245004177094,8.758197784423828,8.618125334382057,3,3,False,False
D_V_43022,chck_90M,natural_mention:vr:00131,verbatim_remention,exact_named_entity,natural_distance_pair:0046,10_19,13,0.48204708099365234,8.428271293640137,7.946224212646484,5,5,False,False
D_V_43022,chck_90M,natural_mention:vr:00132,verbatim_remention,exact_named_entity,natural_distance_pair:0080,00_04,3,6.321362018585205,6.155437469482422,-0.1659245491027832,3,3,False,False
D_V_43022,chck_90M,natural_mention:vr:00133,verbatim_remention,exact_named_entity,natural_distance_pair:0035,10_19,19,5.480779647827148,6.9203386306762695,1.439558982849121,1,1,False,False
D_V_43022,chck_90M,natural_mention:vr:00134,verbatim_remention,exact_named_entity,natural_distance_pair:0081,00_04,4,1.1135095357894897,1.260440468788147,0.14693093299865723,1,1,False,False
D_V_43022,chck_90M,natural_mention:vr:00135,verbatim_remention,exact_named_entity,natural_distance_pair:0026,20_39,28,0.033790912479162216,1.589985966682434,1.5561950542032719,2,2,False,False
D_V_43022,chck_90M,natural_mention:vr:00136,verbatim_remention,exact_named_entity,natural_distance_pair:0006,40_79,54,9.728593826293945,10.123790740966797,0.39519691467285156,2,2,False,False
D_V_43022,chck_90M,natural_mention:vr:00137,verbatim_remention,exact_named_entity,natural_distance_pair:0100,10_19,12,1.34652578830719,2.996814727783203,1.6502889394760132,2,2,False,False
D_V_43022,chck_90M,natural_mention:vr:00138,verbatim_remention,exact_named_entity,natural_distance_pair:0111,05_09,8,0.06881041079759598,2.7397401332855225,2.6709297224879265,3,3,False,False
D_V_43022,chck_90M,natural_mention:vr:00139,verbatim_remention,exact_named_entity,natural_distance_pair:0015,20_39,38,0.18593712151050568,4.060205459594727,3.874268338084221,3,3,False,False
D_V_43022,chck_90M,natural_mention:vr:00140,verbatim_remention,exact_named_entity,natural_distance_pair:0091,10_19,18,6.870874881744385,10.180113792419434,3.309238910675049,4,4,False,False
D_V_43022,chck_90M,natural_mention:vr:00141,verbatim_remention,exact_named_entity,natural_distance_pair:0022,20_39,31,0.2728726863861084,1.5015943050384521,1.2287216186523438,1,1,False,False
D_V_43022,chck_90M,natural_mention:vr:00142,verbatim_remention,exact_named_entity,natural_distance_pair:0052,10_19,10,0.3138381242752075,0.29455700516700745,-0.019281119108200073,3,3,False,False
D_V_43022,chck_90M,natural_mention:vr:00143,verbatim_remention,exact_named_entity,natural_distance_pair:0062,00_04,3,4.776961803436279,5.986919403076172,1.2099575996398926,1,1,False,False
D_V_43022,chck_90M,natural_mention:vr:00144,verbatim_remention,exact_named_entity,natural_distance_pair:0002,40_79,62,5.029722690582275,5.304901599884033,0.2751789093017578,1,1,False,False
D_V_43022,chck_90M,natural_mention:vr:00145,verbatim_remention,exact_named_entity,natural_distance_pair:0031,20_39,22,8.958841323852539,9.124247550964355,0.1654062271118164,1,1,False,False
D_V_43022,chck_90M,natural_mention:vr:00146,verbatim_remention,exact_named_entity,natural_distance_pair:0047,10_19,12,0.2595398724079132,1.8738726377487183,1.614332765340805,2,2,False,False
D_V_43022,chck_90M,natural_mention:vr:00147,verbatim_remention,exact_named_entity,natural_distance_pair:0112,05_09,7,6.229203701019287,8.009263038635254,1.7800593376159668,1,1,False,False
D_V_43022,chck_90M,natural_mention:vr:00148,verbatim_remention,exact_named_entity,natural_distance_pair:0109,05_09,8,3.5487518310546875,6.849306583404541,3.3005547523498535,3,3,False,False
D_V_43022,chck_90M,natural_mention:vr:00149,verbatim_remention,exact_named_entity,natural_distance_pair:0098,10_19,12,1.187764048576355,3.3465309143066406,2.1587668657302856,3,3,False,False
D_V_43022,chck_90M,natural_mention:vr:00150,verbatim_remention,exact_named_entity,natural_distance_pair:0117,05_09,5,3.0251376628875732,2.5488898754119873,-0.47624778747558594,3,3,False,False
D_V_43022,chck_90M,natural_mention:vr:00151,verbatim_remention,exact_named_entity,natural_distance_pair:0005,40_79,54,11.90468978881836,12.576123237609863,0.6714334487915039,1,1,False,False
D_V_43022,chck_90M,natural_mention:vr:00152,verbatim_remention,exact_named_entity,natural_distance_pair:0014,40_79,42,1.0231244564056396,9.331067085266113,8.307942628860474,2,2,False,False
D_V_43022,chck_90M,natural_mention:vr:00153,verbatim_remention,exact_named_entity,natural_distance_pair:0102,10_19,10,7.982288360595703,9.474496841430664,1.492208480834961,2,2,False,False
D_V_43022,chck_90M,natural_mention:vr:00154,verbatim_remention,indefinite_to_definite_nominal,natural_distance_pair:0084,00_04,3,2.5587728023529053,3.95515775680542,1.3963849544525146,1,1,False,False
D_V_43022,chck_90M,natural_mention:vr:00155,verbatim_remention,exact_named_entity,natural_distance_pair:0108,05_09,8,1.48985755443573,7.514989376068115,6.025131821632385,1,1,False,False
D_V_43022,chck_90M,natural_mention:vr:00156,verbatim_remention,exact_named_entity,natural_distance_pair:0011,40_79,48,1.3643227815628052,1.501460075378418,0.1371372938156128,1,1,False,False
D_V_43022,chck_90M,natural_mention:vr:00157,verbatim_remention,exact_named_entity,natural_distance_pair:0105,05_09,9,0.8887966871261597,2.966008186340332,2.0772114992141724,2,2,False,False
D_V_43022,chck_90M,natural_mention:vr:00158,verbatim_remention,exact_named_entity,natural_distance_pair:0066,00_04,4,0.3476225733757019,7.209418773651123,6.861796200275421,2,2,False,False
D_V_43022,chck_90M,natural_mention:vr:00159,verbatim_remention,exact_named_entity,natural_distance_pair:0090,20_39,21,12.615942001342773,12.593175888061523,-0.02276611328125,1,1,False,False
D_V_43022,chck_90M,natural_mention:vr:00160,verbatim_remention,exact_named_entity,natural_distance_pair:0121,10_19,12,0.09575475007295609,9.277047157287598,9.181292407214642,1,1,False,False
D_V_43022,chck_90M,natural_mention:vr:00161,verbatim_remention,indefinite_to_definite_nominal,natural_distance_pair:0074,00_04,4,9.465988159179688,10.377809524536133,0.9118213653564453,1,1,False,False
D_V_43022,chck_90M,natural_mention:vr:00162,verbatim_remention,exact_named_entity,natural_distance_pair:0036,10_19,18,0.1574772745370865,5.835151195526123,5.677673920989037,1,1,False,False
D_V_43022,chck_90M,natural_mention:vr:00163,verbatim_remention,exact_named_entity,natural_distance_pair:0029,20_39,26,9.99909496307373,10.204156875610352,0.2050619125366211,2,2,False,False
D_V_43022,chck_90M,natural_mention:vr:00164,verbatim_remention,exact_named_entity,natural_distance_pair:0057,00_04,4,9.029579162597656,7.9663262367248535,-1.0632529258728027,1,1,False,False
D_V_43022,chck_90M,natural_mention:vr:00165,verbatim_remention,exact_named_entity,natural_distance_pair:0107,05_09,8,0.75341796875,2.6724538803100586,1.9190359115600586,1,1,False,False
D_V_43022,chck_90M,natural_mention:vr:00166,verbatim_remention,exact_named_entity,natural_distance_pair:0101,10_19,11,10.190933227539062,10.859278678894043,0.6683454513549805,1,1,False,False
D_V_43022,chck_90M,natural_mention:vr:00167,verbatim_remention,exact_named_entity,natural_distance_pair:0037,10_19,17,1.5243959426879883,10.380434036254883,8.856038093566895,3,3,False,False
D_V_43022,chck_90M,natural_mention:vr:00168,verbatim_remention,exact_named_entity,natural_distance_pair:0092,10_19,17,3.777531623840332,2.3510468006134033,-1.4264848232269287,2,2,False,False
D_V_43022,chck_90M,natural_mention:vr:00169,verbatim_remention,exact_named_entity,natural_distance_pair:0104,05_09,9,1.046511173248291,5.675594329833984,4.629083156585693,2,2,False,False
D_V_43022,chck_90M,natural_mention:vr:00170,verbatim_remention,exact_named_entity,natural_distance_pair:0012,40_79,48,6.398134708404541,8.669910430908203,2.271775722503662,1,1,False,False
D_V_43022,chck_90M,natural_mention:vr:00171,verbatim_remention,exact_named_entity,natural_distance_pair:0038,10_19,16,5.999902248382568,7.6495890617370605,1.6496868133544922,3,3,False,False
D_V_43022,chck_90M,natural_mention:vr:00172,verbatim_remention,exact_named_entity,natural_distance_pair:0053,10_19,10,5.6967878341674805,6.502409934997559,0.8056221008300781,1,1,False,False
D_V_43022,chck_90M,natural_mention:vr:00173,verbatim_remention,indefinite_to_definite_nominal,natural_distance_pair:0085,00_04,4,8.46098518371582,10.744562149047852,2.2835769653320312,2,2,False,False
D_V_43022,chck_90M,natural_mention:vr:00174,verbatim_remention,exact_named_entity,natural_distance_pair:0125,05_09,9,0.022467758506536484,2.216496467590332,2.1940287090837955,4,4,False,False
D_V_43022,chck_90M,natural_mention:vr:00175,verbatim_remention,exact_named_entity,natural_distance_pair:0063,00_04,3,9.729118347167969,9.78919506072998,0.06007671356201172,1,1,False,False
D_V_43022,chck_90M,natural_mention:vr:00176,verbatim_remention,exact_named_entity,natural_distance_pair:0118,10_19,19,0.08103400468826294,2.0114312171936035,1.9303972125053406,2,2,False,False
D_V_43022,chck_90M,natural_mention:vr:00177,verbatim_remention,exact_named_entity,natural_distance_pair:0059,00_04,4,0.9387574791908264,8.166769027709961,7.2280115485191345,2,2,False,False
D_V_43022,chck_90M,natural_mention:vr:00178,verbatim_remention,exact_named_entity,natural_distance_pair:0040,10_19,15,2.452894687652588,7.871058464050293,5.418163776397705,2,2,False,False
D_V_43022,chck_90M,natural_mention:vr:00179,verbatim_remention,exact_named_entity,natural_distance_pair:0094,10_19,15,0.7362720966339111,2.009883403778076,1.273611307144165,1,1,False,False
D_V_43022,chck_90M,natural_mention:vr:00180,verbatim_remention,exact_named_entity,natural_distance_pair:0048,10_19,12,11.298690795898438,11.224987030029297,-0.07370376586914062,1,1,False,False
D_V_43022,chck_90M,natural_mention:vr:00181,verbatim_remention,exact_named_entity,natural_distance_pair:0058,00_04,4,1.7435777187347412,7.275243759155273,5.531666040420532,1,1,False,False
D_V_43022,chck_90M,natural_mention:vr:00182,verbatim_remention,exact_named_entity,natural_distance_pair:0033,20_39,20,4.329151153564453,10.146504402160645,5.817353248596191,1,1,False,False
D_V_43022,chck_90M,natural_mention:vr:00183,verbatim_remention,exact_named_entity,natural_distance_pair:0079,00_04,4,10.34914779663086,9.231403350830078,-1.1177444458007812,4,4,False,False
D_V_43022,chck_90M,natural_mention:vr:00184,verbatim_remention,exact_named_entity,natural_distance_pair:0054,05_09,9,3.8773536682128906,8.318032264709473,4.440678596496582,1,1,False,False
D_V_43022,chck_90M,natural_mention:vr:00185,verbatim_remention,exact_named_entity,natural_distance_pair:0078,00_04,3,0.07482220232486725,0.053861767053604126,-0.020960435271263123,3,3,False,False
D_V_43022,chck_90M,natural_mention:vr:00186,verbatim_remention,exact_named_entity,natural_distance_pair:0030,20_39,23,16.646692276000977,16.52157974243164,-0.12511253356933594,1,1,False,False
D_V_43022,chck_90M,natural_mention:vr:00187,verbatim_remention,exact_named_entity,natural_distance_pair:0126,05_09,7,0.26686951518058777,6.750180244445801,6.483310729265213,5,5,False,False
D_V_43022,chck_90M,natural_mention:vr:00188,verbatim_remention,exact_named_entity,natural_distance_pair:0027,20_39,28,2.0299899578094482,3.0658323764801025,1.0358424186706543,1,1,False,False
D_V_43022,chck_90M,natural_mention:vr:00189,verbatim_remention,exact_named_entity,natural_distance_pair:0069,00_04,4,0.05592655390501022,0.03603847324848175,-0.019888080656528473,2,2,False,False
D_V_43022,chck_90M,natural_mention:vr:00190,verbatim_remention,exact_named_entity,natural_distance_pair:0051,10_19,11,0.21501024067401886,0.06163327768445015,-0.1533769629895687,3,3,False,False
D_V_43022,chck_90M,natural_mention:vr:00191,verbatim_remention,exact_named_entity,natural_distance_pair:0042,10_19,14,2.81939435005188,6.496401309967041,3.677006959915161,3,3,False,False
D_V_43022,chck_90M,natural_mention:vr:00192,verbatim_remention,exact_named_entity,natural_distance_pair:0072,00_04,3,2.8738529682159424,3.4976634979248047,0.6238105297088623,3,3,False,False
D_V_43022,chck_90M,natural_mention:vr:00193,verbatim_remention,exact_named_entity,natural_distance_pair:0021,20_39,31,3.02056884765625,2.6429443359375,-0.37762451171875,6,6,False,False
D_V_43022,chck_90M,natural_mention:vr:00194,verbatim_remention,exact_named_entity,natural_distance_pair:0068,00_04,3,12.97239875793457,12.282459259033203,-0.6899394989013672,2,2,False,False
D_V_43022,chck_90M,natural_mention:vr:00195,verbatim_remention,exact_named_entity,natural_distance_pair:0028,20_39,27,0.42174071073532104,1.00349760055542,0.5817568898200989,1,1,False,False
D_V_43022,chck_90M,natural_mention:vr:00196,verbatim_remention,exact_named_entity,natural_distance_pair:0124,05_09,9,4.591212749481201,2.3834598064422607,-2.2077529430389404,3,3,False,False
D_V_43022,chck_90M,natural_mention:vr:00197,verbatim_remention,exact_named_entity,natural_distance_pair:0060,00_04,4,1.1702975034713745,1.2324633598327637,0.06216585636138916,3,3,False,False
D_V_43022,chck_90M,natural_mention:vr:00198,verbatim_remention,exact_named_entity,natural_distance_pair:0049,10_19,12,8.976903915405273,9.367714881896973,0.3908109664916992,2,2,False,False
D_V_43022,chck_90M,natural_mention:vr:00199,verbatim_remention,exact_named_entity,natural_distance_pair:0045,10_19,13,0.03958410024642944,0.04083315283060074,0.0012490525841712952,4,4,False,False
D_V_43022,chck_90M,natural_mention:vr:00200,verbatim_remention,exact_named_entity,natural_distance_pair:0017,20_39,35,6.35406494140625,7.205780029296875,0.851715087890625,5,5,False,False
D_V_43022,chck_90M,natural_mention:vr:00201,verbatim_remention,exact_named_entity,natural_distance_pair:0010,40_79,48,0.01223970390856266,6.7487993240356445,6.736559620127082,1,1,False,False
D_V_43022,chck_90M,natural_mention:vr:00202,verbatim_remention,exact_named_entity,natural_distance_pair:0023,20_39,30,7.037265777587891,7.837396144866943,0.8001303672790527,3,3,False,False
D_V_43022,chck_90M,natural_mention:vr:00203,verbatim_remention,exact_named_entity,natural_distance_pair:0075,00_04,4,6.388862609863281,8.63461685180664,2.2457542419433594,5,5,False,False
D_V_43022,chck_90M,natural_mention:vr:00204,verbatim_remention,exact_named_entity,natural_distance_pair:0087,20_39,33,4.090071201324463,11.45187759399414,7.361806392669678,1,1,False,False
D_V_43022,chck_90M,natural_mention:vr:00205,verbatim_remention,exact_named_entity,natural_distance_pair:0025,20_39,28,13.983562469482422,12.924474716186523,-1.0590877532958984,2,2,False,False
D_V_43022,chck_90M,natural_mention:vr:00206,verbatim_remention,exact_named_entity,natural_distance_pair:0115,05_09,6,1.7611273527145386,3.594869613647461,1.8337422609329224,4,4,False,False
D_V_43022,chck_90M,natural_mention:vr:00207,verbatim_remention,exact_named_entity,natural_distance_pair:0065,00_04,3,5.572916030883789,6.2342071533203125,0.6612911224365234,1,1,False,False
D_V_43022,chck_90M,natural_mention:vr:00208,verbatim_remention,exact_named_entity,natural_distance_pair:0113,05_09,7,5.920497894287109,6.637356758117676,0.7168588638305664,1,1,False,False
D_V_43022,chck_90M,natural_mention:vr:00209,verbatim_remention,exact_named_entity,natural_distance_pair:0119,10_19,16,0.38745152950286865,0.2925163507461548,-0.09493517875671387,1,1,False,False
D_V_43022,chck_90M,natural_mention:vr:00210,verbatim_remention,exact_named_entity,natural_distance_pair:0056,05_09,6,0.11949388682842255,4.748138427734375,4.6286445409059525,2,2,False,False
D_V_43022,chck_90M,natural_mention:vr:00211,verbatim_remention,exact_named_entity,natural_distance_pair:0016,20_39,37,0.03138427436351776,10.186445236206055,10.155060961842537,3,3,False,False
D_V_43022,chck_90M,natural_mention:vr:00212,verbatim_remention,exact_named_entity,natural_distance_pair:0013,40_79,44,0.04315004125237465,10.41357135772705,10.370421316474676,3,3,False,False
D_V_43022,chck_90M,natural_mention:vr:00213,verbatim_remention,exact_named_entity,natural_distance_pair:0050,10_19,11,5.7305755615234375,8.286036491394043,2.5554609298706055,4,4,False,False
D_V_43022,chck_90M,natural_mention:vr:00214,verbatim_remention,exact_named_entity,natural_distance_pair:0043,10_19,14,3.031414031982422,3.8876562118530273,0.8562421798706055,2,2,False,False
D_V_43022,chck_90M,natural_mention:vr:00215,verbatim_remention,exact_named_entity,natural_distance_pair:0020,20_39,31,0.02803165093064308,10.582393646240234,10.554361995309591,2,2,False,False
D_V_43022,chck_90M,natural_mention:vr:00216,verbatim_remention,exact_named_entity,natural_distance_pair:0007,40_79,52,6.850220680236816,9.87482738494873,3.024606704711914,1,1,False,False
D_V_43022,chck_90M,natural_mention:vr:00217,verbatim_remention,exact_named_entity,natural_distance_pair:0088,20_39,21,2.4421496391296387,3.256608009338379,0.8144583702087402,1,1,False,False
D_V_43022,chck_90M,natural_mention:vr:00218,verbatim_remention,exact_named_entity,natural_distance_pair:0083,00_04,4,1.9950010776519775,10.54294204711914,8.547940969467163,2,2,False,False
D_V_43022,chck_90M,natural_mention:vr:00219,verbatim_remention,exact_named_entity,natural_distance_pair:0096,10_19,14,5.53053092956543,7.818380355834961,2.2878494262695312,3,3,False,False
D_V_43022,chck_90M,natural_mention:vr:00220,verbatim_remention,exact_named_entity,natural_distance_pair:0044,10_19,13,2.7899820804595947,2.1979854106903076,-0.5919966697692871,1,1,False,False
D_V_43022,chck_90M,natural_mention:vr:00221,verbatim_remention,exact_named_entity,natural_distance_pair:0000,40_79,71,0.10052496194839478,12.109716415405273,12.009191453456879,2,2,False,False
D_V_43022,chck_90M,natural_mention:vr:00222,verbatim_remention,exact_named_entity,natural_distance_pair:0064,00_04,4,0.14111025631427765,0.2886141836643219,0.14750392735004425,1,1,False,False
D_V_43022,chck_90M,natural_mention:vr:00223,verbatim_remention,exact_named_entity,natural_distance_pair:0093,10_19,16,0.048150401562452316,0.034556563943624496,-0.01359383761882782,3,3,False,False
D_V_43022,chck_90M,natural_mention:vr:00224,verbatim_remention,exact_named_entity,natural_distance_pair:0018,20_39,36,13.155672073364258,13.983421325683594,0.8277492523193359,1,1,False,False
D_V_43022,chck_90M,natural_mention:vr:00225,verbatim_remention,exact_named_entity,natural_distance_pair:0114,05_09,7,5.20704984664917,6.395689964294434,1.1886401176452637,1,1,False,False
D_V_43022,chck_90M,natural_mention:vr:00226,verbatim_remention,exact_named_entity,natural_distance_pair:0009,40_79,51,7.0233259201049805,7.319349765777588,0.2960238456726074,1,1,False,False
D_V_43022,chck_90M,natural_mention:vr:00227,verbatim_remention,exact_named_entity,natural_distance_pair:0120,10_19,15,0.06696125119924545,0.09040451049804688,0.023443259298801422,2,2,False,False
D_V_43022,chck_90M,natural_mention:vr:00228,verbatim_remention,exact_named_entity,natural_distance_pair:0024,20_39,29,6.015122890472412,7.587188243865967,1.5720653533935547,4,4,False,False
D_V_43022,chck_90M,natural_mention:vr:00229,verbatim_remention,exact_named_entity,natural_distance_pair:0128,05_09,6,6.520810127258301,6.961683750152588,0.4408736228942871,1,1,False,False
D_V_43022,chck_90M,natural_mention:vr:00230,verbatim_remention,exact_named_entity,natural_distance_pair:0055,05_09,7,1.9899849891662598,11.021184921264648,9.031199932098389,2,2,False,False
D_V_43022,chck_90M,natural_mention:vr:00231,verbatim_remention,indefinite_to_definite_nominal,natural_distance_pair:0086,00_04,4,2.3732047080993652,3.6207468509674072,1.247542142868042,1,1,False,False
D_V_43022,chck_90M,natural_mention:vr:00232,verbatim_remention,exact_named_entity,natural_distance_pair:0089,20_39,21,0.07397174835205078,5.0805559158325195,5.006584167480469,1,1,False,False
D_V_43022,chck_90M,natural_mention:vr:00233,verbatim_remention,exact_named_entity,natural_distance_pair:0032,20_39,21,2.0418481826782227,3.4056575298309326,1.36380934715271,3,3,False,False
D_V_43022,chck_90M,natural_mention:vr:00234,verbatim_remention,exact_named_entity,natural_distance_pair:0019,20_39,33,0.5080448389053345,5.412993431091309,4.904948592185974,1,1,False,False
D_V_43022,chck_90M,natural_mention:vr:00235,verbatim_remention,exact_named_entity,natural_distance_pair:0116,05_09,6,0.49031275510787964,3.0400733947753906,2.549760639667511,1,1,False,False
D_V_43022,chck_90M,natural_mention:vr:00236,verbatim_remention,exact_named_entity,natural_distance_pair:0067,00_04,4,4.03326416015625,4.088076591491699,0.05481243133544922,6,6,False,False
D_V_43022,chck_90M,natural_mention:vr:00237,verbatim_remention,exact_named_entity,natural_distance_pair:0122,10_19,10,2.310593605041504,5.5325093269348145,3.2219157218933105,1,1,False,False
D_V_43022,chck_90M,natural_mention:vr:00238,verbatim_remention,exact_named_entity,natural_distance_pair:0003,40_79,56,0.10304861515760422,1.6619943380355835,1.5589457228779793,1,1,False,False
D_V_43022,chck_90M,natural_mention:vr:00239,verbatim_remention,exact_named_entity,natural_distance_pair:0077,00_04,3,9.808164596557617,9.298049926757812,-0.5101146697998047,2,2,False,False
D_V_43022,chck_90M,natural_mention:vr:00240,verbatim_remention,exact_named_entity,natural_distance_pair:0106,05_09,8,4.700371742248535,4.570728778839111,-0.12964296340942383,6,6,False,False
D_V_43022,chck_90M,natural_mention:vr:00241,verbatim_remention,exact_named_entity,natural_distance_pair:0039,10_19,16,0.23460429906845093,9.35843563079834,9.123831331729889,1,1,False,False
D_V_43022,chck_90M,natural_mention:vr:00242,verbatim_remention,exact_named_entity,natural_distance_pair:0099,10_19,12,13.661785125732422,13.959710121154785,0.2979249954223633,1,1,False,False
D_V_43022,chck_90M,natural_mention:vr:00243,verbatim_remention,exact_named_entity,natural_distance_pair:0110,05_09,8,2.6534945964813232,9.221793174743652,6.568298578262329,1,1,False,False
D_V_43022,chck_90M,natural_mention:vr:00244,verbatim_remention,exact_named_entity,natural_distance_pair:0070,00_04,3,5.544681072235107,5.750592231750488,0.20591115951538086,2,2,False,False
D_V_43022,chck_90M,natural_mention:vr:00245,verbatim_remention,exact_named_entity,natural_distance_pair:0008,40_79,52,0.027921753004193306,8.7777681350708,8.749846382066607,3,3,False,False
D_V_43022,chck_90M,natural_mention:vr:00246,verbatim_remention,exact_named_entity,natural_distance_pair:0097,10_19,13,0.011567308567464352,11.936464309692383,11.924897001124918,1,1,False,False
D_V_43022,chck_90M,natural_mention:vr:00247,verbatim_remention,exact_named_entity,natural_distance_pair:0061,00_04,3,8.602458953857422,7.075113296508789,-1.5273456573486328,1,1,False,False
D_V_43022,chck_90M,natural_mention:vr:00248,verbatim_remention,exact_named_entity,natural_distance_pair:0103,10_19,10,7.600949764251709,8.656472206115723,1.0555224418640137,1,1,False,False
D_V_43022,chck_90M,natural_mention:vr:00249,verbatim_remention,exact_named_entity,natural_distance_pair:0073,00_04,4,2.342164993286133,2.9818239212036133,0.6396589279174805,1,1,False,False
D_V_43022,chck_90M,natural_mention:vr:00250,verbatim_remention,exact_named_entity,natural_distance_pair:0095,10_19,15,0.42926058173179626,2.608704090118408,2.179443508386612,1,1,False,False
D_V_43022,chck_90M,natural_mention:vr:00251,verbatim_remention,exact_named_entity,natural_distance_pair:0071,00_04,4,3.9579319953918457,9.626838684082031,5.6689066886901855,4,4,False,False
D_V_43022,chck_90M,natural_mention:vr:00252,verbatim_remention,exact_named_entity,natural_distance_pair:0004,40_79,58,1.070989727973938,10.143335342407227,9.072345614433289,1,1,False,False
D_V_43022,chck_90M,natural_mention:vr:00253,verbatim_remention,exact_named_entity,natural_distance_pair:0127,05_09,7,2.8124823570251465,5.291152000427246,2.4786696434020996,1,1,False,False
D_V_43022,chck_90M,natural_mention:vr:00254,verbatim_remention,exact_named_entity,natural_distance_pair:0123,10_19,10,0.17252181470394135,1.570815086364746,1.3982932716608047,1,1,False,False
D_V_43022,chck_90M,natural_mention:vr:00255,verbatim_remention,exact_named_entity,natural_distance_pair:0034,20_39,20,3.068167209625244,8.637372970581055,5.5692057609558105,2,2,False,False
D_V_43022,chck_90M,natural_mention:vr:00256,verbatim_remention,exact_named_entity,natural_distance_pair:0076,00_04,3,3.6939053535461426,9.098997116088867,5.405091762542725,1,1,False,False
D_V_43022,chck_90M,natural_mention:vr:00257,verbatim_remention,exact_named_entity,natural_distance_pair:0001,40_79,61,11.85421371459961,12.234346389770508,0.38013267517089844,1,1,False,False
D_V_43022,chck_100M,natural_mention:nr:00000,nonidentical_remention,full_name_to_acronym,natural_distance_pair:0045,10_19,13,3.8880372047424316,4.012443542480469,0.12440633773803711,1,1,False,False
D_V_43022,chck_100M,natural_mention:nr:00001,nonidentical_remention,full_name_to_acronym,natural_distance_pair:0060,00_04,4,5.4963531494140625,5.280428409576416,-0.21592473983764648,4,4,False,False
D_V_43022,chck_100M,natural_mention:nr:00002,nonidentical_remention,nonperson_name_to_pronoun,natural_distance_pair:0123,10_19,10,2.5881025791168213,2.5006282329559326,-0.08747434616088867,1,1,False,False
D_V_43022,chck_100M,natural_mention:nr:00003,nonidentical_remention,explicit_appositive_description,natural_distance_pair:0084,00_04,0,4.7219133377075195,5.370351791381836,0.6484384536743164,1,1,False,False
D_V_43022,chck_100M,natural_mention:nr:00004,nonidentical_remention,full_name_to_acronym,natural_distance_pair:0046,10_19,13,7.263547420501709,7.217132568359375,-0.046414852142333984,2,2,False,False
D_V_43022,chck_100M,natural_mention:nr:00005,nonidentical_remention,full_name_to_acronym,natural_distance_pair:0056,05_09,6,12.472221374511719,12.69095230102539,0.21873092651367188,1,1,False,False
D_V_43022,chck_100M,natural_mention:nr:00006,nonidentical_remention,explicit_appositive_description,natural_distance_pair:0074,00_04,0,5.223358631134033,4.364529609680176,-0.8588290214538574,1,1,False,False
D_V_43022,chck_100M,natural_mention:nr:00007,nonidentical_remention,person_name_to_pronoun,natural_distance_pair:0089,20_39,21,1.0255579948425293,0.11995388567447662,-0.9056041091680527,1,1,False,False
D_V_43022,chck_100M,natural_mention:nr:00008,nonidentical_remention,nonperson_name_to_pronoun,natural_distance_pair:0119,10_19,16,5.018198013305664,5.248312950134277,0.23011493682861328,1,1,False,False
D_V_43022,chck_100M,natural_mention:nr:00009,nonidentical_remention,full_name_to_surname_or_final_token,natural_distance_pair:0027,20_39,28,1.1787914037704468,2.5875110626220703,1.4087196588516235,3,3,False,False
D_V_43022,chck_100M,natural_mention:nr:00010,nonidentical_remention,full_name_to_surname_or_final_token,natural_distance_pair:0049,10_19,12,0.0147364167496562,0.12331607192754745,0.10857965517789125,3,3,False,False
D_V_43022,chck_100M,natural_mention:nr:00011,nonidentical_remention,full_name_to_surname_or_final_token,natural_distance_pair:0001,40_79,65,0.06028814986348152,8.613170623779297,8.552882473915815,3,3,False,False
D_V_43022,chck_100M,natural_mention:nr:00012,nonidentical_remention,nonperson_name_to_pronoun,natural_distance_pair:0128,05_09,6,0.5875034928321838,0.435222864151001,-0.15228062868118286,1,1,False,False
D_V_43022,chck_100M,natural_mention:nr:00013,nonidentical_remention,full_name_to_surname_or_final_token,natural_distance_pair:0053,10_19,10,2.025588274002075,5.427308559417725,3.4017202854156494,3,3,False,False
D_V_43022,chck_100M,natural_mention:nr:00014,nonidentical_remention,full_name_to_acronym,natural_distance_pair:0022,20_39,31,5.4150614738464355,5.209401607513428,-0.2056598663330078,4,4,False,False
D_V_43022,chck_100M,natural_mention:nr:00015,nonidentical_remention,full_name_to_surname_or_final_token,natural_distance_pair:0026,20_39,28,9.220355987548828,9.524938583374023,0.3045825958251953,2,2,False,False
D_V_43022,chck_100M,natural_mention:nr:00016,nonidentical_remention,person_name_to_pronoun,natural_distance_pair:0097,10_19,13,2.4296088218688965,2.885568857192993,0.4559600353240967,1,1,False,False
D_V_43022,chck_100M,natural_mention:nr:00017,nonidentical_remention,full_name_to_surname_or_final_token,natural_distance_pair:0043,10_19,14,11.813661575317383,11.817562103271484,0.0039005279541015625,2,2,False,False
D_V_43022,chck_100M,natural_mention:nr:00018,nonidentical_remention,explicit_appositive_description,natural_distance_pair:0070,00_04,0,4.329957485198975,5.0584821701049805,0.7285246849060059,2,2,False,False
D_V_43022,chck_100M,natural_mention:nr:00019,nonidentical_remention,person_name_to_pronoun,natural_distance_pair:0117,05_09,5,0.41848480701446533,0.5113828182220459,0.09289801120758057,1,1,False,False
D_V_43022,chck_100M,natural_mention:nr:00020,nonidentical_remention,full_name_to_acronym,natural_distance_pair:0035,10_19,19,7.780117988586426,7.677937984466553,-0.10218000411987305,2,2,False,False
D_V_43022,chck_100M,natural_mention:nr:00021,nonidentical_remention,full_name_to_surname_or_final_token,natural_distance_pair:0009,40_79,52,7.770669460296631,8.433465957641602,0.6627964973449707,2,2,False,False
D_V_43022,chck_100M,natural_mention:nr:00022,nonidentical_remention,full_name_to_surname_or_final_token,natural_distance_pair:0058,00_04,4,0.34630367159843445,0.6923770308494568,0.34607335925102234,3,3,False,False
D_V_43022,chck_100M,natural_mention:nr:00023,nonidentical_remention,person_name_to_pronoun,natural_distance_pair:0112,05_09,7,0.024050863459706306,0.02508665807545185,0.0010357946157455444,1,1,False,False
D_V_43022,chck_100M,natural_mention:nr:00024,nonidentical_remention,nonperson_name_to_pronoun,natural_distance_pair:0122,10_19,10,0.619268000125885,0.4981643557548523,-0.12110364437103271,1,1,False,False
D_V_43022,chck_100M,natural_mention:nr:00025,nonidentical_remention,person_name_to_pronoun,natural_distance_pair:0100,10_19,12,0.5339012145996094,0.5789746642112732,0.04507344961166382,1,1,False,False
D_V_43022,chck_100M,natural_mention:nr:00026,nonidentical_remention,full_name_to_acronym,natural_distance_pair:0008,40_79,52,9.234251022338867,9.406368255615234,0.1721172332763672,1,1,False,False
D_V_43022,chck_100M,natural_mention:nr:00027,nonidentical_remention,full_name_to_acronym,natural_distance_pair:0063,00_04,1,5.712341785430908,6.2067084312438965,0.4943666458129883,3,3,False,False
D_V_43022,chck_100M,natural_mention:nr:00028,nonidentical_remention,full_name_to_surname_or_final_token,natural_distance_pair:0005,40_79,53,0.1285649985074997,8.968033790588379,8.83946879208088,2,2,False,False
D_V_43022,chck_100M,natural_mention:nr:00029,nonidentical_remention,explicit_appositive_description,natural_distance_pair:0079,00_04,0,6.879484176635742,7.1675639152526855,0.28807973861694336,3,3,False,False
D_V_43022,chck_100M,natural_mention:nr:00030,nonidentical_remention,person_name_to_pronoun,natural_distance_pair:0099,10_19,12,1.0123145580291748,0.7720993757247925,-0.24021518230438232,1,1,False,False
D_V_43022,chck_100M,natural_mention:nr:00031,nonidentical_remention,nonperson_name_to_pronoun,natural_distance_pair:0127,05_09,7,2.460000991821289,2.493687391281128,0.03368639945983887,1,1,False,False
D_V_43022,chck_100M,natural_mention:nr:00032,nonidentical_remention,full_name_to_acronym,natural_distance_pair:0044,10_19,13,7.138719081878662,6.6980509757995605,-0.44066810607910156,3,3,False,False
D_V_43022,chck_100M,natural_mention:nr:00033,nonidentical_remention,full_name_to_acronym,natural_distance_pair:0051,10_19,11,5.655508995056152,6.3326191902160645,0.6771101951599121,2,2,False,False
D_V_43022,chck_100M,natural_mention:nr:00034,nonidentical_remention,full_name_to_surname_or_final_token,natural_distance_pair:0040,10_19,15,2.8323612213134766,4.2249755859375,1.3926143646240234,2,2,False,False
D_V_43022,chck_100M,natural_mention:nr:00035,nonidentical_remention,person_name_to_pronoun,natural_distance_pair:0110,05_09,8,1.344957709312439,1.397197961807251,0.05224025249481201,1,1,False,False
D_V_43022,chck_100M,natural_mention:nr:00036,nonidentical_remention,full_name_to_acronym,natural_distance_pair:0085,00_04,0,6.473143100738525,6.746273040771484,0.273129940032959,2,2,False,False
D_V_43022,chck_100M,natural_mention:nr:00037,nonidentical_remention,person_name_to_pronoun,natural_distance_pair:0104,05_09,9,0.4725371301174164,0.5374674797058105,0.06493034958839417,1,1,False,False
D_V_43022,chck_100M,natural_mention:nr:00038,nonidentical_remention,explicit_appositive_description,natural_distance_pair:0072,00_04,0,4.449690818786621,4.0439372062683105,-0.40575361251831055,2,2,False,False
D_V_43022,chck_100M,natural_mention:nr:00039,nonidentical_remention,nonperson_name_to_pronoun,natural_distance_pair:0124,05_09,9,0.084780253469944,0.13679595291614532,0.052015699446201324,1,1,False,False
D_V_43022,chck_100M,natural_mention:nr:00040,nonidentical_remention,person_name_to_pronoun,natural_distance_pair:0092,10_19,17,1.1574047803878784,1.212644100189209,0.055239319801330566,1,1,False,False
D_V_43022,chck_100M,natural_mention:nr:00041,nonidentical_remention,full_name_to_surname_or_final_token,natural_distance_pair:0036,10_19,18,2.2406768798828125,8.280019760131836,6.039342880249023,2,2,False,False
D_V_43022,chck_100M,natural_mention:nr:00042,nonidentical_remention,nonperson_name_to_pronoun,natural_distance_pair:0121,10_19,12,0.4748077690601349,0.5192756652832031,0.04446789622306824,1,1,False,False
D_V_43022,chck_100M,natural_mention:nr:00043,nonidentical_remention,full_name_to_acronym,natural_distance_pair:0057,00_04,4,1.9368091821670532,1.6880626678466797,-0.24874651432037354,3,3,False,False
D_V_43022,chck_100M,natural_mention:nr:00044,nonidentical_remention,explicit_appositive_description,natural_distance_pair:0080,00_04,0,8.82370662689209,8.204660415649414,-0.6190462112426758,1,1,False,False
D_V_43022,chck_100M,natural_mention:nr:00045,nonidentical_remention,full_name_to_acronym,natural_distance_pair:0064,00_04,1,8.072816848754883,7.605506896972656,-0.46730995178222656,2,2,False,False
D_V_43022,chck_100M,natural_mention:nr:00046,nonidentical_remention,full_name_to_surname_or_final_token,natural_distance_pair:0029,20_39,26,6.698903560638428,7.384927749633789,0.6860241889953613,3,3,False,False
D_V_43022,chck_100M,natural_mention:nr:00047,nonidentical_remention,full_name_to_surname_or_final_token,natural_distance_pair:0014,40_79,42,2.7526159286499023,8.957297325134277,6.204681396484375,2,2,False,False
D_V_43022,chck_100M,natural_mention:nr:00048,nonidentical_remention,full_name_to_surname_or_final_token,natural_distance_pair:0010,40_79,48,8.32231330871582,8.96554946899414,0.6432361602783203,2,2,False,False
D_V_43022,chck_100M,natural_mention:nr:00049,nonidentical_remention,explicit_appositive_description,natural_distance_pair:0075,00_04,0,6.960566520690918,7.3722639083862305,0.4116973876953125,7,7,False,False
D_V_43022,chck_100M,natural_mention:nr:00050,nonidentical_remention,full_name_to_acronym,natural_distance_pair:0081,00_04,0,4.933288097381592,4.576793670654297,-0.3564944267272949,2,2,False,False
D_V_43022,chck_100M,natural_mention:nr:00051,nonidentical_remention,person_name_to_pronoun,natural_distance_pair:0096,10_19,14,0.34838804602622986,0.014122076332569122,-0.33426596969366074,1,1,False,False
D_V_43022,chck_100M,natural_mention:nr:00052,nonidentical_remention,full_name_to_acronym,natural_distance_pair:0062,00_04,2,5.881652355194092,6.34674072265625,0.4650883674621582,2,2,False,False
D_V_43022,chck_100M,natural_mention:nr:00053,nonidentical_remention,person_name_to_pronoun,natural_distance_pair:0107,05_09,8,0.2579018175601959,0.20755939185619354,-0.05034242570400238,1,1,False,False
D_V_43022,chck_100M,natural_mention:nr:00054,nonidentical_remention,nonperson_name_to_pronoun,natural_distance_pair:0120,10_19,15,0.44780412316322327,0.28178516030311584,-0.16601896286010742,1,1,False,False
D_V_43022,chck_100M,natural_mention:nr:00055,nonidentical_remention,full_name_to_acronym,natural_distance_pair:0071,00_04,0,1.848179578781128,2.2978787422180176,0.44969916343688965,2,2,False,False
D_V_43022,chck_100M,natural_mention:nr:00056,nonidentical_remention,person_name_to_pronoun,natural_distance_pair:0093,10_19,16,0.3353720009326935,0.588753879070282,0.2533818781375885,1,1,False,False
D_V_43022,chck_100M,natural_mention:nr:00057,nonidentical_remention,person_name_to_pronoun,natural_distance_pair:0095,10_19,15,0.25082483887672424,0.35454630851745605,0.10372146964073181,1,1,False,False
D_V_43022,chck_100M,natural_mention:nr:00058,nonidentical_remention,full_name_to_surname_or_final_token,natural_distance_pair:0028,20_39,27,2.745455741882324,8.455078125,5.709622383117676,2,2,False,False
D_V_43022,chck_100M,natural_mention:nr:00059,nonidentical_remention,nonperson_name_to_pronoun,natural_distance_pair:0125,05_09,9,0.03129991143941879,0.03607157990336418,0.004771668463945389,1,1,False,False
D_V_43022,chck_100M,natural_mention:nr:00060,nonidentical_remention,explicit_appositive_description,natural_distance_pair:0083,00_04,0,8.135735511779785,7.788036346435547,-0.3476991653442383,3,3,False,False
D_V_43022,chck_100M,natural_mention:nr:00061,nonidentical_remention,full_name_to_surname_or_final_token,natural_distance_pair:0011,40_79,48,7.409080982208252,9.108040809631348,1.6989598274230957,1,1,False,False
D_V_43022,chck_100M,natural_mention:nr:00062,nonidentical_remention,full_name_to_surname_or_final_token,natural_distance_pair:0003,40_79,57,2.489346981048584,8.41167163848877,5.9223246574401855,5,5,False,False
D_V_43022,chck_100M,natural_mention:nr:00063,nonidentical_remention,full_name_to_acronym,natural_distance_pair:0066,00_04,0,4.7496113777160645,4.912688732147217,0.16307735443115234,2,2,False,False
D_V_43022,chck_100M,natural_mention:nr:00064,nonidentical_remention,full_name_to_surname_or_final_token,natural_distance_pair:0042,10_19,14,1.5565470457077026,9.259578704833984,7.703031659126282,2,2,False,False
D_V_43022,chck_100M,natural_mention:nr:00065,nonidentical_remention,full_name_to_acronym,natural_distance_pair:0065,00_04,1,6.833175182342529,6.4597578048706055,-0.37341737747192383,2,2,False,False
D_V_43022,chck_100M,natural_mention:nr:00066,nonidentical_remention,explicit_appositive_description,natural_distance_pair:0078,00_04,0,2.9896976947784424,3.9123668670654297,0.9226691722869873,1,1,False,False
D_V_43022,chck_100M,natural_mention:nr:00067,nonidentical_remention,full_name_to_acronym,natural_distance_pair:0076,00_04,0,4.130661964416504,4.279942512512207,0.14928054809570312,2,2,False,False
D_V_43022,chck_100M,natural_mention:nr:00068,nonidentical_remention,explicit_appositive_description,natural_distance_pair:0086,00_04,0,6.54517126083374,6.308635234832764,-0.23653602600097656,7,7,False,False
D_V_43022,chck_100M,natural_mention:nr:00069,nonidentical_remention,person_name_to_pronoun,natural_distance_pair:0111,05_09,8,0.10924788564443588,0.0777430310845375,-0.031504854559898376,1,1,False,False
D_V_43022,chck_100M,natural_mention:nr:00070,nonidentical_remention,full_name_to_acronym,natural_distance_pair:0052,10_19,10,7.277337074279785,7.260676383972168,-0.016660690307617188,2,2,False,False
D_V_43022,chck_100M,natural_mention:nr:00071,nonidentical_remention,person_name_to_pronoun,natural_distance_pair:0108,05_09,8,0.9794607758522034,1.1328859329223633,0.1534251570701599,1,1,False,False
D_V_43022,chck_100M,natural_mention:nr:00072,nonidentical_remention,full_name_to_surname_or_final_token,natural_distance_pair:0004,40_79,56,0.42842403054237366,6.453011512756348,6.024587482213974,2,2,False,False
D_V_43022,chck_100M,natural_mention:nr:00073,nonidentical_remention,person_name_to_pronoun,natural_distance_pair:0091,10_19,18,0.1182226911187172,0.2396065592765808,0.12138386815786362,1,1,False,False
D_V_43022,chck_100M,natural_mention:nr:00074,nonidentical_remention,full_name_to_acronym,natural_distance_pair:0047,10_19,12,4.19183349609375,4.51082181930542,0.3189883232116699,3,3,False,False
D_V_43022,chck_100M,natural_mention:nr:00075,nonidentical_remention,nonperson_name_to_pronoun,natural_distance_pair:0126,05_09,7,5.796657562255859,5.707599639892578,-0.08905792236328125,1,1,False,False
D_V_43022,chck_100M,natural_mention:nr:00076,nonidentical_remention,full_name_to_acronym,natural_distance_pair:0069,00_04,0,8.011663436889648,7.950245380401611,-0.06141805648803711,2,2,False,False
D_V_43022,chck_100M,natural_mention:nr:00077,nonidentical_remention,person_name_to_pronoun,natural_distance_pair:0114,05_09,7,1.7498223781585693,2.0668320655822754,0.31700968742370605,1,1,False,False
D_V_43022,chck_100M,natural_mention:nr:00078,nonidentical_remention,person_name_to_pronoun,natural_distance_pair:0087,20_39,33,2.0645694732666016,3.7731497287750244,1.7085802555084229,1,1,False,False
D_V_43022,chck_100M,natural_mention:nr:00079,nonidentical_remention,person_name_to_pronoun,natural_distance_pair:0098,10_19,12,2.574486255645752,2.5906386375427246,0.016152381896972656,1,1,False,False
D_V_43022,chck_100M,natural_mention:nr:00080,nonidentical_remention,nonperson_name_to_pronoun,natural_distance_pair:0118,10_19,19,0.6340278387069702,0.6011021733283997,-0.03292566537857056,1,1,False,False
D_V_43022,chck_100M,natural_mention:nr:00081,nonidentical_remention,full_name_to_surname_or_final_token,natural_distance_pair:0025,20_39,28,5.139606952667236,8.417348861694336,3.2777419090270996,4,4,False,False
D_V_43022,chck_100M,natural_mention:nr:00082,nonidentical_remention,full_name_to_surname_or_final_token,natural_distance_pair:0050,10_19,11,4.528806209564209,2.8359193801879883,-1.6928868293762207,2,2,False,False
D_V_43022,chck_100M,natural_mention:nr:00083,nonidentical_remention,explicit_appositive_description,natural_distance_pair:0067,00_04,0,8.439831733703613,8.706239700317383,0.26640796661376953,6,6,False,False
D_V_43022,chck_100M,natural_mention:nr:00084,nonidentical_remention,full_name_to_surname_or_final_token,natural_distance_pair:0055,05_09,7,11.365567207336426,11.403204917907715,0.03763771057128906,3,3,False,False
D_V_43022,chck_100M,natural_mention:nr:00085,nonidentical_remention,person_name_to_pronoun,natural_distance_pair:0113,05_09,7,0.024094851687550545,0.04245106875896454,0.018356217071413994,1,1,False,False
D_V_43022,chck_100M,natural_mention:nr:00086,nonidentical_remention,person_name_to_pronoun,natural_distance_pair:0088,20_39,21,5.207037448883057,5.051279067993164,-0.15575838088989258,1,1,False,False
D_V_43022,chck_100M,natural_mention:nr:00087,nonidentical_remention,full_name_to_acronym,natural_distance_pair:0033,20_39,20,10.916316986083984,11.075132369995117,0.1588153839111328,2,2,False,False
D_V_43022,chck_100M,natural_mention:nr:00088,nonidentical_remention,full_name_to_surname_or_final_token,natural_distance_pair:0015,20_39,38,9.551783561706543,11.336566925048828,1.7847833633422852,2,2,False,False
D_V_43022,chck_100M,natural_mention:nr:00089,nonidentical_remention,full_name_to_surname_or_final_token,natural_distance_pair:0000,40_79,74,1.9292986392974854,6.688725471496582,4.759426832199097,2,2,False,False
D_V_43022,chck_100M,natural_mention:nr:00090,nonidentical_remention,explicit_appositive_description,natural_distance_pair:0068,00_04,0,7.34037971496582,6.871354579925537,-0.4690251350402832,3,3,False,False
D_V_43022,chck_100M,natural_mention:nr:00091,nonidentical_remention,full_name_to_acronym,natural_distance_pair:0048,10_19,12,4.259819030761719,5.019056797027588,0.7592377662658691,2,2,False,False
D_V_43022,chck_100M,natural_mention:nr:00092,nonidentical_remention,full_name_to_acronym,natural_distance_pair:0032,20_39,21,7.911602020263672,7.751672267913818,-0.15992975234985352,2,2,False,False
D_V_43022,chck_100M,natural_mention:nr:00093,nonidentical_remention,person_name_to_pronoun,natural_distance_pair:0103,10_19,10,2.1380176544189453,1.940085768699646,-0.19793188571929932,1,1,False,False
D_V_43022,chck_100M,natural_mention:nr:00094,nonidentical_remention,full_name_to_acronym,natural_distance_pair:0024,20_39,29,4.410600185394287,4.358657360076904,-0.05194282531738281,3,3,False,False
D_V_43022,chck_100M,natural_mention:nr:00095,nonidentical_remention,full_name_to_surname_or_final_token,natural_distance_pair:0059,00_04,4,0.9299681186676025,0.8044527173042297,-0.1255154013633728,1,1,False,False
D_V_43022,chck_100M,natural_mention:nr:00096,nonidentical_remention,person_name_to_pronoun,natural_distance_pair:0101,10_19,11,4.43588924407959,4.3720574378967285,-0.06383180618286133,1,1,False,False
D_V_43022,chck_100M,natural_mention:nr:00097,nonidentical_remention,full_name_to_surname_or_final_token,natural_distance_pair:0007,40_79,52,2.7032883167266846,8.998779296875,6.295490980148315,3,3,False,False
D_V_43022,chck_100M,natural_mention:nr:00098,nonidentical_remention,full_name_to_surname_or_final_token,natural_distance_pair:0023,20_39,30,3.8835983276367188,8.745074272155762,4.861475944519043,5,5,False,False
D_V_43022,chck_100M,natural_mention:nr:00099,nonidentical_remention,full_name_to_surname_or_final_token,natural_distance_pair:0054,05_09,9,6.518137454986572,7.010599613189697,0.492462158203125,3,3,False,False
D_V_43022,chck_100M,natural_mention:nr:00100,nonidentical_remention,full_name_to_acronym,natural_distance_pair:0020,20_39,31,8.971697807312012,7.194265365600586,-1.7774324417114258,3,3,False,False
D_V_43022,chck_100M,natural_mention:nr:00101,nonidentical_remention,full_name_to_acronym,natural_distance_pair:0037,10_19,17,2.9207239151000977,3.2350661754608154,0.3143422603607178,3,3,False,False
D_V_43022,chck_100M,natural_mention:nr:00102,nonidentical_remention,explicit_appositive_description,natural_distance_pair:0073,00_04,0,5.91153621673584,5.419154167175293,-0.4923820495605469,1,1,False,False
D_V_43022,chck_100M,natural_mention:nr:00103,nonidentical_remention,full_name_to_acronym,natural_distance_pair:0002,40_79,62,6.398226261138916,6.44529390335083,0.04706764221191406,3,3,False,False
D_V_43022,chck_100M,natural_mention:nr:00104,nonidentical_remention,full_name_to_surname_or_final_token,natural_distance_pair:0018,20_39,35,0.19605454802513123,11.081920623779297,10.885866075754166,2,2,False,False
D_V_43022,chck_100M,natural_mention:nr:00105,nonidentical_remention,full_name_to_surname_or_final_token,natural_distance_pair:0013,40_79,44,5.313934326171875,7.6231865882873535,2.3092522621154785,4,4,False,False
D_V_43022,chck_100M,natural_mention:nr:00106,nonidentical_remention,full_name_to_surname_or_final_token,natural_distance_pair:0006,40_79,53,11.282617568969727,11.19239616394043,-0.09022140502929688,2,2,False,False
D_V_43022,chck_100M,natural_mention:nr:00107,nonidentical_remention,full_name_to_surname_or_final_token,natural_distance_pair:0041,10_19,15,5.48367166519165,7.914358139038086,2.4306864738464355,2,2,False,False
D_V_43022,chck_100M,natural_mention:nr:00108,nonidentical_remention,full_name_to_surname_or_final_token,natural_distance_pair:0030,20_39,23,3.6074395179748535,11.191361427307129,7.583921909332275,2,2,False,False
D_V_43022,chck_100M,natural_mention:nr:00109,nonidentical_remention,full_name_to_surname_or_final_token,natural_distance_pair:0039,10_19,16,0.534004271030426,0.2148907333612442,-0.3191135376691818,1,1,False,False
D_V_43022,chck_100M,natural_mention:nr:00110,nonidentical_remention,full_name_to_acronym,natural_distance_pair:0021,20_39,31,0.05877552181482315,0.06941142678260803,0.010635904967784882,2,2,False,False
D_V_43022,chck_100M,natural_mention:nr:00111,nonidentical_remention,full_name_to_acronym,natural_distance_pair:0016,20_39,37,5.225793838500977,5.45986270904541,0.2340688705444336,1,1,False,False
D_V_43022,chck_100M,natural_mention:nr:00112,nonidentical_remention,person_name_to_pronoun,natural_distance_pair:0102,10_19,10,1.262099266052246,1.1492438316345215,-0.11285543441772461,1,1,False,False
D_V_43022,chck_100M,natural_mention:nr:00113,nonidentical_remention,full_name_to_surname_or_final_token,natural_distance_pair:0012,40_79,48,4.4521307945251465,6.989406108856201,2.5372753143310547,3,3,False,False
D_V_43022,chck_100M,natural_mention:nr:00114,nonidentical_remention,person_name_to_pronoun,natural_distance_pair:0090,20_39,21,3.031381607055664,2.9676640033721924,-0.06371760368347168,1,1,False,False
D_V_43022,chck_100M,natural_mention:nr:00115,nonidentical_remention,person_name_to_pronoun,natural_distance_pair:0109,05_09,8,1.0685352087020874,0.5734131336212158,-0.4951220750808716,1,1,False,False
D_V_43022,chck_100M,natural_mention:nr:00116,nonidentical_remention,person_name_to_pronoun,natural_distance_pair:0094,10_19,15,0.3882405757904053,0.13364335894584656,-0.2545972168445587,1,1,False,False
D_V_43022,chck_100M,natural_mention:nr:00117,nonidentical_remention,person_name_to_pronoun,natural_distance_pair:0116,05_09,6,2.382288932800293,2.143059253692627,-0.23922967910766602,1,1,False,False
D_V_43022,chck_100M,natural_mention:nr:00118,nonidentical_remention,full_name_to_acronym,natural_distance_pair:0019,20_39,33,7.525928497314453,7.591989040374756,0.06606054306030273,3,3,False,False
D_V_43022,chck_100M,natural_mention:nr:00119,nonidentical_remention,person_name_to_pronoun,natural_distance_pair:0105,05_09,9,0.43368327617645264,0.38448238372802734,-0.04920089244842529,1,1,False,False
D_V_43022,chck_100M,natural_mention:nr:00120,nonidentical_remention,person_name_to_pronoun,natural_distance_pair:0115,05_09,6,1.750727653503418,1.5224246978759766,-0.2283029556274414,1,1,False,False
D_V_43022,chck_100M,natural_mention:nr:00121,nonidentical_remention,full_name_to_acronym,natural_distance_pair:0061,00_04,2,5.055501937866211,5.270871162414551,0.21536922454833984,4,4,False,False
D_V_43022,chck_100M,natural_mention:nr:00122,nonidentical_remention,explicit_appositive_description,natural_distance_pair:0082,00_04,0,4.4097795486450195,4.3388824462890625,-0.07089710235595703,1,1,False,False
D_V_43022,chck_100M,natural_mention:nr:00123,nonidentical_remention,full_name_to_acronym,natural_distance_pair:0017,20_39,36,2.6714601516723633,2.517423391342163,-0.1540367603302002,3,3,False,False
D_V_43022,chck_100M,natural_mention:nr:00124,nonidentical_remention,full_name_to_surname_or_final_token,natural_distance_pair:0034,20_39,20,3.5476789474487305,7.978130340576172,4.430451393127441,2,2,False,False
D_V_43022,chck_100M,natural_mention:nr:00125,nonidentical_remention,explicit_appositive_description,natural_distance_pair:0077,00_04,0,5.309467315673828,6.0994415283203125,0.7899742126464844,3,3,False,False
D_V_43022,chck_100M,natural_mention:nr:00126,nonidentical_remention,full_name_to_acronym,natural_distance_pair:0031,20_39,22,8.436128616333008,9.13057804107666,0.6944494247436523,2,2,False,False
D_V_43022,chck_100M,natural_mention:nr:00127,nonidentical_remention,person_name_to_pronoun,natural_distance_pair:0106,05_09,8,0.024411331862211227,0.05782183259725571,0.03341050073504448,1,1,False,False
D_V_43022,chck_100M,natural_mention:nr:00128,nonidentical_remention,full_name_to_surname_or_final_token,natural_distance_pair:0038,10_19,16,4.253818988800049,7.831607341766357,3.5777883529663086,2,2,False,False
D_V_43022,chck_100M,natural_mention:vr:00129,verbatim_remention,exact_named_entity,natural_distance_pair:0082,00_04,4,8.90555191040039,8.881924629211426,-0.023627281188964844,2,2,False,False
D_V_43022,chck_100M,natural_mention:vr:00130,verbatim_remention,exact_named_entity,natural_distance_pair:0041,10_19,15,0.10846417397260666,9.361310005187988,9.252845831215382,3,3,False,False
D_V_43022,chck_100M,natural_mention:vr:00131,verbatim_remention,exact_named_entity,natural_distance_pair:0046,10_19,13,0.3764680027961731,8.450559616088867,8.074091613292694,5,5,False,False
D_V_43022,chck_100M,natural_mention:vr:00132,verbatim_remention,exact_named_entity,natural_distance_pair:0080,00_04,3,6.222101211547852,6.066083908081055,-0.15601730346679688,3,3,False,False
D_V_43022,chck_100M,natural_mention:vr:00133,verbatim_remention,exact_named_entity,natural_distance_pair:0035,10_19,19,5.560240268707275,7.0107102394104,1.450469970703125,1,1,False,False
D_V_43022,chck_100M,natural_mention:vr:00134,verbatim_remention,exact_named_entity,natural_distance_pair:0081,00_04,4,1.2018885612487793,1.323815107345581,0.12192654609680176,1,1,False,False
D_V_43022,chck_100M,natural_mention:vr:00135,verbatim_remention,exact_named_entity,natural_distance_pair:0026,20_39,28,0.029552895575761795,1.1637544631958008,1.134201567620039,2,2,False,False
D_V_43022,chck_100M,natural_mention:vr:00136,verbatim_remention,exact_named_entity,natural_distance_pair:0006,40_79,54,9.810863494873047,10.238853454589844,0.4279899597167969,2,2,False,False
D_V_43022,chck_100M,natural_mention:vr:00137,verbatim_remention,exact_named_entity,natural_distance_pair:0100,10_19,12,1.3192514181137085,3.2720787525177,1.9528273344039917,2,2,False,False
D_V_43022,chck_100M,natural_mention:vr:00138,verbatim_remention,exact_named_entity,natural_distance_pair:0111,05_09,8,0.05724973604083061,2.201240062713623,2.1439903266727924,3,3,False,False
D_V_43022,chck_100M,natural_mention:vr:00139,verbatim_remention,exact_named_entity,natural_distance_pair:0015,20_39,38,0.14442609250545502,3.8341033458709717,3.6896772533655167,3,3,False,False
D_V_43022,chck_100M,natural_mention:vr:00140,verbatim_remention,exact_named_entity,natural_distance_pair:0091,10_19,18,6.760828018188477,10.16035270690918,3.399524688720703,4,4,False,False
D_V_43022,chck_100M,natural_mention:vr:00141,verbatim_remention,exact_named_entity,natural_distance_pair:0022,20_39,31,0.28995734453201294,1.401355266571045,1.111397922039032,1,1,False,False
D_V_43022,chck_100M,natural_mention:vr:00142,verbatim_remention,exact_named_entity,natural_distance_pair:0052,10_19,10,0.3011970818042755,0.2807480990886688,-0.02044898271560669,3,3,False,False
D_V_43022,chck_100M,natural_mention:vr:00143,verbatim_remention,exact_named_entity,natural_distance_pair:0062,00_04,3,4.884787559509277,6.180005073547363,1.295217514038086,1,1,False,False
D_V_43022,chck_100M,natural_mention:vr:00144,verbatim_remention,exact_named_entity,natural_distance_pair:0002,40_79,62,5.1147308349609375,5.384848594665527,0.27011775970458984,1,1,False,False
D_V_43022,chck_100M,natural_mention:vr:00145,verbatim_remention,exact_named_entity,natural_distance_pair:0031,20_39,22,8.976446151733398,9.032827377319336,0.0563812255859375,1,1,False,False
D_V_43022,chck_100M,natural_mention:vr:00146,verbatim_remention,exact_named_entity,natural_distance_pair:0047,10_19,12,0.2205285131931305,1.7056827545166016,1.485154241323471,2,2,False,False
D_V_43022,chck_100M,natural_mention:vr:00147,verbatim_remention,exact_named_entity,natural_distance_pair:0112,05_09,7,6.175688743591309,7.921477794647217,1.7457890510559082,1,1,False,False
D_V_43022,chck_100M,natural_mention:vr:00148,verbatim_remention,exact_named_entity,natural_distance_pair:0109,05_09,8,3.265174150466919,6.437210559844971,3.1720364093780518,3,3,False,False
D_V_43022,chck_100M,natural_mention:vr:00149,verbatim_remention,exact_named_entity,natural_distance_pair:0098,10_19,12,1.0280356407165527,3.080521821975708,2.0524861812591553,3,3,False,False
D_V_43022,chck_100M,natural_mention:vr:00150,verbatim_remention,exact_named_entity,natural_distance_pair:0117,05_09,5,3.4093310832977295,2.4732534885406494,-0.9360775947570801,3,3,False,False
D_V_43022,chck_100M,natural_mention:vr:00151,verbatim_remention,exact_named_entity,natural_distance_pair:0005,40_79,54,11.957545280456543,12.655407905578613,0.6978626251220703,1,1,False,False
D_V_43022,chck_100M,natural_mention:vr:00152,verbatim_remention,exact_named_entity,natural_distance_pair:0014,40_79,42,0.7483898997306824,9.322772979736328,8.574383080005646,2,2,False,False
D_V_43022,chck_100M,natural_mention:vr:00153,verbatim_remention,exact_named_entity,natural_distance_pair:0102,10_19,10,7.8258490562438965,9.417970657348633,1.5921216011047363,2,2,False,False
D_V_43022,chck_100M,natural_mention:vr:00154,verbatim_remention,indefinite_to_definite_nominal,natural_distance_pair:0084,00_04,3,2.5736546516418457,4.014801025390625,1.4411463737487793,1,1,False,False
D_V_43022,chck_100M,natural_mention:vr:00155,verbatim_remention,exact_named_entity,natural_distance_pair:0108,05_09,8,1.6058340072631836,7.532064437866211,5.926230430603027,1,1,False,False
D_V_43022,chck_100M,natural_mention:vr:00156,verbatim_remention,exact_named_entity,natural_distance_pair:0011,40_79,48,1.3167524337768555,1.4449549913406372,0.12820255756378174,1,1,False,False
D_V_43022,chck_100M,natural_mention:vr:00157,verbatim_remention,exact_named_entity,natural_distance_pair:0105,05_09,9,0.8039332032203674,2.8626537322998047,2.0587205290794373,2,2,False,False
D_V_43022,chck_100M,natural_mention:vr:00158,verbatim_remention,exact_named_entity,natural_distance_pair:0066,00_04,4,0.3200901448726654,7.107622146606445,6.78753200173378,2,2,False,False
D_V_43022,chck_100M,natural_mention:vr:00159,verbatim_remention,exact_named_entity,natural_distance_pair:0090,20_39,21,12.668415069580078,12.635126113891602,-0.03328895568847656,1,1,False,False
D_V_43022,chck_100M,natural_mention:vr:00160,verbatim_remention,exact_named_entity,natural_distance_pair:0121,10_19,12,0.09658990800380707,9.344411849975586,9.247821941971779,1,1,False,False
D_V_43022,chck_100M,natural_mention:vr:00161,verbatim_remention,indefinite_to_definite_nominal,natural_distance_pair:0074,00_04,4,9.503971099853516,10.448748588562012,0.9447774887084961,1,1,False,False
D_V_43022,chck_100M,natural_mention:vr:00162,verbatim_remention,exact_named_entity,natural_distance_pair:0036,10_19,18,0.18086718022823334,5.795212268829346,5.614345088601112,1,1,False,False
D_V_43022,chck_100M,natural_mention:vr:00163,verbatim_remention,exact_named_entity,natural_distance_pair:0029,20_39,26,10.295501708984375,10.40278148651123,0.10727977752685547,2,2,False,False
D_V_43022,chck_100M,natural_mention:vr:00164,verbatim_remention,exact_named_entity,natural_distance_pair:0057,00_04,4,8.884452819824219,7.922008037567139,-0.9624447822570801,1,1,False,False
D_V_43022,chck_100M,natural_mention:vr:00165,verbatim_remention,exact_named_entity,natural_distance_pair:0107,05_09,8,0.7336176037788391,2.6452481746673584,1.9116305708885193,1,1,False,False
D_V_43022,chck_100M,natural_mention:vr:00166,verbatim_remention,exact_named_entity,natural_distance_pair:0101,10_19,11,9.789297103881836,10.530200004577637,0.7409029006958008,1,1,False,False
D_V_43022,chck_100M,natural_mention:vr:00167,verbatim_remention,exact_named_entity,natural_distance_pair:0037,10_19,17,1.5182580947875977,10.383940696716309,8.865682601928711,3,3,False,False
D_V_43022,chck_100M,natural_mention:vr:00168,verbatim_remention,exact_named_entity,natural_distance_pair:0092,10_19,17,4.061652660369873,2.6745760440826416,-1.3870766162872314,2,2,False,False
D_V_43022,chck_100M,natural_mention:vr:00169,verbatim_remention,exact_named_entity,natural_distance_pair:0104,05_09,9,0.9107282161712646,5.774559020996094,4.863830804824829,2,2,False,False
D_V_43022,chck_100M,natural_mention:vr:00170,verbatim_remention,exact_named_entity,natural_distance_pair:0012,40_79,48,6.316609859466553,8.643900871276855,2.3272910118103027,1,1,False,False
D_V_43022,chck_100M,natural_mention:vr:00171,verbatim_remention,exact_named_entity,natural_distance_pair:0038,10_19,16,5.9020256996154785,7.5725555419921875,1.670529842376709,3,3,False,False
D_V_43022,chck_100M,natural_mention:vr:00172,verbatim_remention,exact_named_entity,natural_distance_pair:0053,10_19,10,5.071575164794922,5.9763312339782715,0.9047560691833496,1,1,False,False
D_V_43022,chck_100M,natural_mention:vr:00173,verbatim_remention,indefinite_to_definite_nominal,natural_distance_pair:0085,00_04,4,8.43405532836914,10.805103302001953,2.3710479736328125,2,2,False,False
D_V_43022,chck_100M,natural_mention:vr:00174,verbatim_remention,exact_named_entity,natural_distance_pair:0125,05_09,9,0.02092481590807438,2.202280044555664,2.1813552286475897,4,4,False,False
D_V_43022,chck_100M,natural_mention:vr:00175,verbatim_remention,exact_named_entity,natural_distance_pair:0063,00_04,3,9.843770980834961,9.946590423583984,0.10281944274902344,1,1,False,False
D_V_43022,chck_100M,natural_mention:vr:00176,verbatim_remention,exact_named_entity,natural_distance_pair:0118,10_19,19,0.08063320815563202,1.8060152530670166,1.7253820449113846,2,2,False,False
D_V_43022,chck_100M,natural_mention:vr:00177,verbatim_remention,exact_named_entity,natural_distance_pair:0059,00_04,4,0.9753435850143433,7.728675842285156,6.753332257270813,2,2,False,False
D_V_43022,chck_100M,natural_mention:vr:00178,verbatim_remention,exact_named_entity,natural_distance_pair:0040,10_19,15,2.434307336807251,7.889809608459473,5.455502271652222,2,2,False,False
D_V_43022,chck_100M,natural_mention:vr:00179,verbatim_remention,exact_named_entity,natural_distance_pair:0094,10_19,15,0.622495174407959,1.922872543334961,1.300377368927002,1,1,False,False
D_V_43022,chck_100M,natural_mention:vr:00180,verbatim_remention,exact_named_entity,natural_distance_pair:0048,10_19,12,11.480862617492676,11.412813186645508,-0.06804943084716797,1,1,False,False
D_V_43022,chck_100M,natural_mention:vr:00181,verbatim_remention,exact_named_entity,natural_distance_pair:0058,00_04,4,1.6695185899734497,7.221728801727295,5.552210211753845,1,1,False,False
D_V_43022,chck_100M,natural_mention:vr:00182,verbatim_remention,exact_named_entity,natural_distance_pair:0033,20_39,20,4.610189914703369,10.387377738952637,5.777187824249268,1,1,False,False
D_V_43022,chck_100M,natural_mention:vr:00183,verbatim_remention,exact_named_entity,natural_distance_pair:0079,00_04,4,10.369457244873047,9.26978874206543,-1.0996685028076172,4,4,False,False
D_V_43022,chck_100M,natural_mention:vr:00184,verbatim_remention,exact_named_entity,natural_distance_pair:0054,05_09,9,3.791841745376587,8.391697883605957,4.59985613822937,1,1,False,False
D_V_43022,chck_100M,natural_mention:vr:00185,verbatim_remention,exact_named_entity,natural_distance_pair:0078,00_04,3,0.06794191151857376,0.049848128110170364,-0.018093783408403397,3,3,False,False
D_V_43022,chck_100M,natural_mention:vr:00186,verbatim_remention,exact_named_entity,natural_distance_pair:0030,20_39,23,16.73525619506836,16.600536346435547,-0.1347198486328125,1,1,False,False
D_V_43022,chck_100M,natural_mention:vr:00187,verbatim_remention,exact_named_entity,natural_distance_pair:0126,05_09,7,0.29474401473999023,6.826725006103516,6.531980991363525,5,5,False,False
D_V_43022,chck_100M,natural_mention:vr:00188,verbatim_remention,exact_named_entity,natural_distance_pair:0027,20_39,28,1.9452250003814697,2.983253002166748,1.0380280017852783,1,1,False,False
D_V_43022,chck_100M,natural_mention:vr:00189,verbatim_remention,exact_named_entity,natural_distance_pair:0069,00_04,4,0.0675569623708725,0.04219828546047211,-0.02535867691040039,2,2,False,False
D_V_43022,chck_100M,natural_mention:vr:00190,verbatim_remention,exact_named_entity,natural_distance_pair:0051,10_19,11,0.15265949070453644,0.05277194455265999,-0.09988754615187645,3,3,False,False
D_V_43022,chck_100M,natural_mention:vr:00191,verbatim_remention,exact_named_entity,natural_distance_pair:0042,10_19,14,2.600121259689331,6.443508148193359,3.8433868885040283,3,3,False,False
D_V_43022,chck_100M,natural_mention:vr:00192,verbatim_remention,exact_named_entity,natural_distance_pair:0072,00_04,3,3.0739192962646484,3.701084852218628,0.6271655559539795,3,3,False,False
D_V_43022,chck_100M,natural_mention:vr:00193,verbatim_remention,exact_named_entity,natural_distance_pair:0021,20_39,31,2.5991873741149902,2.2531089782714844,-0.34607839584350586,6,6,False,False
D_V_43022,chck_100M,natural_mention:vr:00194,verbatim_remention,exact_named_entity,natural_distance_pair:0068,00_04,3,13.001777648925781,12.29733657836914,-0.7044410705566406,2,2,False,False
D_V_43022,chck_100M,natural_mention:vr:00195,verbatim_remention,exact_named_entity,natural_distance_pair:0028,20_39,27,0.520142674446106,1.1055203676223755,0.5853776931762695,1,1,False,False
D_V_43022,chck_100M,natural_mention:vr:00196,verbatim_remention,exact_named_entity,natural_distance_pair:0124,05_09,9,4.597843170166016,2.4898507595062256,-2.10799241065979,3,3,False,False
D_V_43022,chck_100M,natural_mention:vr:00197,verbatim_remention,exact_named_entity,natural_distance_pair:0060,00_04,4,0.9395487904548645,1.0170663595199585,0.077517569065094,3,3,False,False
D_V_43022,chck_100M,natural_mention:vr:00198,verbatim_remention,exact_named_entity,natural_distance_pair:0049,10_19,12,9.145593643188477,9.516308784484863,0.3707151412963867,2,2,False,False
D_V_43022,chck_100M,natural_mention:vr:00199,verbatim_remention,exact_named_entity,natural_distance_pair:0045,10_19,13,0.04091605544090271,0.041534118354320526,0.0006180629134178162,4,4,False,False
D_V_43022,chck_100M,natural_mention:vr:00200,verbatim_remention,exact_named_entity,natural_distance_pair:0017,20_39,35,6.3142924308776855,7.2611260414123535,0.946833610534668,5,5,False,False
D_V_43022,chck_100M,natural_mention:vr:00201,verbatim_remention,exact_named_entity,natural_distance_pair:0010,40_79,48,0.013904020190238953,6.554199695587158,6.540295675396919,1,1,False,False
D_V_43022,chck_100M,natural_mention:vr:00202,verbatim_remention,exact_named_entity,natural_distance_pair:0023,20_39,30,7.161950588226318,7.902870178222656,0.7409195899963379,3,3,False,False
D_V_43022,chck_100M,natural_mention:vr:00203,verbatim_remention,exact_named_entity,natural_distance_pair:0075,00_04,4,6.516070365905762,8.741365432739258,2.225295066833496,5,5,False,False
D_V_43022,chck_100M,natural_mention:vr:00204,verbatim_remention,exact_named_entity,natural_distance_pair:0087,20_39,33,4.256443023681641,11.773784637451172,7.517341613769531,1,1,False,False
D_V_43022,chck_100M,natural_mention:vr:00205,verbatim_remention,exact_named_entity,natural_distance_pair:0025,20_39,28,13.882007598876953,12.726083755493164,-1.155923843383789,2,2,False,False
D_V_43022,chck_100M,natural_mention:vr:00206,verbatim_remention,exact_named_entity,natural_distance_pair:0115,05_09,6,1.7161232233047485,3.355663776397705,1.6395405530929565,4,4,False,False
D_V_43022,chck_100M,natural_mention:vr:00207,verbatim_remention,exact_named_entity,natural_distance_pair:0065,00_04,3,5.8274641036987305,6.428979873657227,0.6015157699584961,1,1,False,False
D_V_43022,chck_100M,natural_mention:vr:00208,verbatim_remention,exact_named_entity,natural_distance_pair:0113,05_09,7,5.614504814147949,6.350411415100098,0.7359066009521484,1,1,False,False
D_V_43022,chck_100M,natural_mention:vr:00209,verbatim_remention,exact_named_entity,natural_distance_pair:0119,10_19,16,0.33169570565223694,0.2834530770778656,-0.04824262857437134,1,1,False,False
D_V_43022,chck_100M,natural_mention:vr:00210,verbatim_remention,exact_named_entity,natural_distance_pair:0056,05_09,6,0.11098062247037888,4.616335391998291,4.505354769527912,2,2,False,False
D_V_43022,chck_100M,natural_mention:vr:00211,verbatim_remention,exact_named_entity,natural_distance_pair:0016,20_39,37,0.03055845946073532,9.96731948852539,9.936761029064655,3,3,False,False
D_V_43022,chck_100M,natural_mention:vr:00212,verbatim_remention,exact_named_entity,natural_distance_pair:0013,40_79,44,0.041531771421432495,10.345365524291992,10.30383375287056,3,3,False,False
D_V_43022,chck_100M,natural_mention:vr:00213,verbatim_remention,exact_named_entity,natural_distance_pair:0050,10_19,11,5.573172569274902,8.294708251953125,2.7215356826782227,4,4,False,False
D_V_43022,chck_100M,natural_mention:vr:00214,verbatim_remention,exact_named_entity,natural_distance_pair:0043,10_19,14,2.6397805213928223,3.618572473526001,0.9787919521331787,2,2,False,False
D_V_43022,chck_100M,natural_mention:vr:00215,verbatim_remention,exact_named_entity,natural_distance_pair:0020,20_39,31,0.03173908218741417,10.312448501586914,10.2807094193995,2,2,False,False
D_V_43022,chck_100M,natural_mention:vr:00216,verbatim_remention,exact_named_entity,natural_distance_pair:0007,40_79,52,6.8488593101501465,10.040905952453613,3.192046642303467,1,1,False,False
D_V_43022,chck_100M,natural_mention:vr:00217,verbatim_remention,exact_named_entity,natural_distance_pair:0088,20_39,21,2.5813424587249756,3.2201147079467773,0.6387722492218018,1,1,False,False
D_V_43022,chck_100M,natural_mention:vr:00218,verbatim_remention,exact_named_entity,natural_distance_pair:0083,00_04,4,2.042039394378662,10.926889419555664,8.884850025177002,2,2,False,False
D_V_43022,chck_100M,natural_mention:vr:00219,verbatim_remention,exact_named_entity,natural_distance_pair:0096,10_19,14,5.457145690917969,7.755001068115234,2.2978553771972656,3,3,False,False
D_V_43022,chck_100M,natural_mention:vr:00220,verbatim_remention,exact_named_entity,natural_distance_pair:0044,10_19,13,3.0902538299560547,2.5814764499664307,-0.508777379989624,1,1,False,False
D_V_43022,chck_100M,natural_mention:vr:00221,verbatim_remention,exact_named_entity,natural_distance_pair:0000,40_79,71,0.09462814033031464,12.063716888427734,11.96908874809742,2,2,False,False
D_V_43022,chck_100M,natural_mention:vr:00222,verbatim_remention,exact_named_entity,natural_distance_pair:0064,00_04,4,0.18936119973659515,0.4013761579990387,0.21201495826244354,1,1,False,False
D_V_43022,chck_100M,natural_mention:vr:00223,verbatim_remention,exact_named_entity,natural_distance_pair:0093,10_19,16,0.03764745593070984,0.028574174270033836,-0.009073281660676003,3,3,False,False
D_V_43022,chck_100M,natural_mention:vr:00224,verbatim_remention,exact_named_entity,natural_distance_pair:0018,20_39,36,13.274728775024414,14.032937049865723,0.7582082748413086,1,1,False,False
D_V_43022,chck_100M,natural_mention:vr:00225,verbatim_remention,exact_named_entity,natural_distance_pair:0114,05_09,7,4.788112640380859,6.061165809631348,1.2730531692504883,1,1,False,False
D_V_43022,chck_100M,natural_mention:vr:00226,verbatim_remention,exact_named_entity,natural_distance_pair:0009,40_79,51,7.087287902832031,7.396633625030518,0.30934572219848633,1,1,False,False
D_V_43022,chck_100M,natural_mention:vr:00227,verbatim_remention,exact_named_entity,natural_distance_pair:0120,10_19,15,0.061356071382761,0.08419480174779892,0.022838730365037918,2,2,False,False
D_V_43022,chck_100M,natural_mention:vr:00228,verbatim_remention,exact_named_entity,natural_distance_pair:0024,20_39,29,6.167431354522705,7.620842456817627,1.4534111022949219,4,4,False,False
D_V_43022,chck_100M,natural_mention:vr:00229,verbatim_remention,exact_named_entity,natural_distance_pair:0128,05_09,6,6.592835903167725,7.024796962738037,0.4319610595703125,1,1,False,False
D_V_43022,chck_100M,natural_mention:vr:00230,verbatim_remention,exact_named_entity,natural_distance_pair:0055,05_09,7,2.027825355529785,11.158689498901367,9.130864143371582,2,2,False,False
D_V_43022,chck_100M,natural_mention:vr:00231,verbatim_remention,indefinite_to_definite_nominal,natural_distance_pair:0086,00_04,4,2.5386786460876465,3.780461072921753,1.2417824268341064,1,1,False,False
D_V_43022,chck_100M,natural_mention:vr:00232,verbatim_remention,exact_named_entity,natural_distance_pair:0089,20_39,21,0.07436247915029526,4.9026384353637695,4.828275956213474,1,1,False,False
D_V_43022,chck_100M,natural_mention:vr:00233,verbatim_remention,exact_named_entity,natural_distance_pair:0032,20_39,21,1.9372600317001343,3.349499464035034,1.4122394323349,3,3,False,False
D_V_43022,chck_100M,natural_mention:vr:00234,verbatim_remention,exact_named_entity,natural_distance_pair:0019,20_39,33,0.526928186416626,5.5599446296691895,5.0330164432525635,1,1,False,False
D_V_43022,chck_100M,natural_mention:vr:00235,verbatim_remention,exact_named_entity,natural_distance_pair:0116,05_09,6,0.4100314974784851,2.7247018814086914,2.3146703839302063,1,1,False,False
D_V_43022,chck_100M,natural_mention:vr:00236,verbatim_remention,exact_named_entity,natural_distance_pair:0067,00_04,4,4.185577869415283,4.213728904724121,0.02815103530883789,6,6,False,False
D_V_43022,chck_100M,natural_mention:vr:00237,verbatim_remention,exact_named_entity,natural_distance_pair:0122,10_19,10,2.371608257293701,5.493720054626465,3.1221117973327637,1,1,False,False
D_V_43022,chck_100M,natural_mention:vr:00238,verbatim_remention,exact_named_entity,natural_distance_pair:0003,40_79,56,0.08628413081169128,1.6122583150863647,1.5259741842746735,1,1,False,False
D_V_43022,chck_100M,natural_mention:vr:00239,verbatim_remention,exact_named_entity,natural_distance_pair:0077,00_04,3,9.780805587768555,9.181092262268066,-0.5997133255004883,2,2,False,False
D_V_43022,chck_100M,natural_mention:vr:00240,verbatim_remention,exact_named_entity,natural_distance_pair:0106,05_09,8,4.359543323516846,4.492092609405518,0.13254928588867188,6,6,False,False
D_V_43022,chck_100M,natural_mention:vr:00241,verbatim_remention,exact_named_entity,natural_distance_pair:0039,10_19,16,0.2500337064266205,9.1430082321167,8.892974525690079,1,1,False,False
D_V_43022,chck_100M,natural_mention:vr:00242,verbatim_remention,exact_named_entity,natural_distance_pair:0099,10_19,12,13.9158353805542,14.177362442016602,0.26152706146240234,1,1,False,False
D_V_43022,chck_100M,natural_mention:vr:00243,verbatim_remention,exact_named_entity,natural_distance_pair:0110,05_09,8,3.2182023525238037,9.230281829833984,6.012079477310181,1,1,False,False
D_V_43022,chck_100M,natural_mention:vr:00244,verbatim_remention,exact_named_entity,natural_distance_pair:0070,00_04,3,5.583584785461426,5.7744035720825195,0.19081878662109375,2,2,False,False
D_V_43022,chck_100M,natural_mention:vr:00245,verbatim_remention,exact_named_entity,natural_distance_pair:0008,40_79,52,0.02293006144464016,8.717047691345215,8.694117629900575,3,3,False,False
D_V_43022,chck_100M,natural_mention:vr:00246,verbatim_remention,exact_named_entity,natural_distance_pair:0097,10_19,13,0.013287329114973545,12.121757507324219,12.108470178209245,1,1,False,False
D_V_43022,chck_100M,natural_mention:vr:00247,verbatim_remention,exact_named_entity,natural_distance_pair:0061,00_04,3,8.943336486816406,7.36465311050415,-1.5786833763122559,1,1,False,False
D_V_43022,chck_100M,natural_mention:vr:00248,verbatim_remention,exact_named_entity,natural_distance_pair:0103,10_19,10,7.608177185058594,8.739964485168457,1.1317873001098633,1,1,False,False
D_V_43022,chck_100M,natural_mention:vr:00249,verbatim_remention,exact_named_entity,natural_distance_pair:0073,00_04,4,2.6058566570281982,3.287886619567871,0.6820299625396729,1,1,False,False
D_V_43022,chck_100M,natural_mention:vr:00250,verbatim_remention,exact_named_entity,natural_distance_pair:0095,10_19,15,0.42877137660980225,2.583339214324951,2.154567837715149,1,1,False,False
D_V_43022,chck_100M,natural_mention:vr:00251,verbatim_remention,exact_named_entity,natural_distance_pair:0071,00_04,4,3.4757578372955322,9.461414337158203,5.985656499862671,4,4,False,False
D_V_43022,chck_100M,natural_mention:vr:00252,verbatim_remention,exact_named_entity,natural_distance_pair:0004,40_79,58,1.0745710134506226,9.975221633911133,8.90065062046051,1,1,False,False
D_V_43022,chck_100M,natural_mention:vr:00253,verbatim_remention,exact_named_entity,natural_distance_pair:0127,05_09,7,3.226036548614502,5.274648189544678,2.048611640930176,1,1,False,False
D_V_43022,chck_100M,natural_mention:vr:00254,verbatim_remention,exact_named_entity,natural_distance_pair:0123,10_19,10,0.14619919657707214,1.1268658638000488,0.9806666672229767,1,1,False,False
D_V_43022,chck_100M,natural_mention:vr:00255,verbatim_remention,exact_named_entity,natural_distance_pair:0034,20_39,20,2.964667558670044,8.637048721313477,5.672381162643433,2,2,False,False
D_V_43022,chck_100M,natural_mention:vr:00256,verbatim_remention,exact_named_entity,natural_distance_pair:0076,00_04,3,3.881678581237793,9.132854461669922,5.251175880432129,1,1,False,False
D_V_43022,chck_100M,natural_mention:vr:00257,verbatim_remention,exact_named_entity,natural_distance_pair:0001,40_79,61,11.946962356567383,12.330620765686035,0.38365840911865234,1,1,False,False
D_R_43022,chck_80M,natural_mention:nr:00000,nonidentical_remention,full_name_to_acronym,natural_distance_pair:0045,10_19,13,4.038999557495117,4.070486068725586,0.03148651123046875,1,1,False,False
D_R_43022,chck_80M,natural_mention:nr:00001,nonidentical_remention,full_name_to_acronym,natural_distance_pair:0060,00_04,4,4.573663711547852,4.672715187072754,0.09905147552490234,4,4,False,False
D_R_43022,chck_80M,natural_mention:nr:00002,nonidentical_remention,nonperson_name_to_pronoun,natural_distance_pair:0123,10_19,10,3.040347099304199,3.0003809928894043,-0.03996610641479492,1,1,False,False
D_R_43022,chck_80M,natural_mention:nr:00003,nonidentical_remention,explicit_appositive_description,natural_distance_pair:0084,00_04,0,3.7754311561584473,3.559356451034546,-0.21607470512390137,1,1,False,False
D_R_43022,chck_80M,natural_mention:nr:00004,nonidentical_remention,full_name_to_acronym,natural_distance_pair:0046,10_19,13,7.6204833984375,7.690954685211182,0.07047128677368164,2,2,False,False
D_R_43022,chck_80M,natural_mention:nr:00005,nonidentical_remention,full_name_to_acronym,natural_distance_pair:0056,05_09,6,10.087518692016602,10.205714225769043,0.1181955337524414,1,1,False,False
D_R_43022,chck_80M,natural_mention:nr:00006,nonidentical_remention,explicit_appositive_description,natural_distance_pair:0074,00_04,0,4.813260078430176,4.355868339538574,-0.45739173889160156,1,1,False,False
D_R_43022,chck_80M,natural_mention:nr:00007,nonidentical_remention,person_name_to_pronoun,natural_distance_pair:0089,20_39,21,2.5503933429718018,0.235769122838974,-2.3146242201328278,1,1,False,False
D_R_43022,chck_80M,natural_mention:nr:00008,nonidentical_remention,nonperson_name_to_pronoun,natural_distance_pair:0119,10_19,16,6.796783924102783,6.944894313812256,0.14811038970947266,1,1,False,False
D_R_43022,chck_80M,natural_mention:nr:00009,nonidentical_remention,full_name_to_surname_or_final_token,natural_distance_pair:0027,20_39,28,0.015417945571243763,7.98959493637085,7.974176990799606,3,3,False,False
D_R_43022,chck_80M,natural_mention:nr:00010,nonidentical_remention,full_name_to_surname_or_final_token,natural_distance_pair:0049,10_19,12,0.006666343659162521,0.006504586432129145,-0.0001617572270333767,3,3,False,False
D_R_43022,chck_80M,natural_mention:nr:00011,nonidentical_remention,full_name_to_surname_or_final_token,natural_distance_pair:0001,40_79,65,0.05260182544589043,7.886673450469971,7.83407162502408,3,3,False,False
D_R_43022,chck_80M,natural_mention:nr:00012,nonidentical_remention,nonperson_name_to_pronoun,natural_distance_pair:0128,05_09,6,2.0636651515960693,0.9109786152839661,-1.1526865363121033,1,1,False,False
D_R_43022,chck_80M,natural_mention:nr:00013,nonidentical_remention,full_name_to_surname_or_final_token,natural_distance_pair:0053,10_19,10,3.668018102645874,6.008899688720703,2.340881586074829,3,3,False,False
D_R_43022,chck_80M,natural_mention:nr:00014,nonidentical_remention,full_name_to_acronym,natural_distance_pair:0022,20_39,31,5.249091625213623,4.969288349151611,-0.2798032760620117,4,4,False,False
D_R_43022,chck_80M,natural_mention:nr:00015,nonidentical_remention,full_name_to_surname_or_final_token,natural_distance_pair:0026,20_39,28,8.322608947753906,8.548759460449219,0.2261505126953125,2,2,False,False
D_R_43022,chck_80M,natural_mention:nr:00016,nonidentical_remention,person_name_to_pronoun,natural_distance_pair:0097,10_19,13,2.731116771697998,2.1987552642822266,-0.5323615074157715,1,1,False,False
D_R_43022,chck_80M,natural_mention:nr:00017,nonidentical_remention,full_name_to_surname_or_final_token,natural_distance_pair:0043,10_19,14,9.730598449707031,9.83923625946045,0.10863780975341797,2,2,False,False
D_R_43022,chck_80M,natural_mention:nr:00018,nonidentical_remention,explicit_appositive_description,natural_distance_pair:0070,00_04,0,4.8405070304870605,5.167056083679199,0.32654905319213867,2,2,False,False
D_R_43022,chck_80M,natural_mention:nr:00019,nonidentical_remention,person_name_to_pronoun,natural_distance_pair:0117,05_09,5,1.4729866981506348,1.8806129693984985,0.40762627124786377,1,1,False,False
D_R_43022,chck_80M,natural_mention:nr:00020,nonidentical_remention,full_name_to_acronym,natural_distance_pair:0035,10_19,19,8.832820892333984,8.572868347167969,-0.2599525451660156,2,2,False,False
D_R_43022,chck_80M,natural_mention:nr:00021,nonidentical_remention,full_name_to_surname_or_final_token,natural_distance_pair:0009,40_79,52,11.787484169006348,11.810522079467773,0.02303791046142578,2,2,False,False
D_R_43022,chck_80M,natural_mention:nr:00022,nonidentical_remention,full_name_to_surname_or_final_token,natural_distance_pair:0058,00_04,4,0.17307418584823608,0.2927752733230591,0.119701087474823,3,3,False,False
D_R_43022,chck_80M,natural_mention:nr:00023,nonidentical_remention,person_name_to_pronoun,natural_distance_pair:0112,05_09,7,0.04507320001721382,0.030577553436160088,-0.014495646581053734,1,1,False,False
D_R_43022,chck_80M,natural_mention:nr:00024,nonidentical_remention,nonperson_name_to_pronoun,natural_distance_pair:0122,10_19,10,0.7436772584915161,0.49300146102905273,-0.2506757974624634,1,1,False,False
D_R_43022,chck_80M,natural_mention:nr:00025,nonidentical_remention,person_name_to_pronoun,natural_distance_pair:0100,10_19,12,0.17842790484428406,0.1290096938610077,-0.04941821098327637,1,1,False,False
D_R_43022,chck_80M,natural_mention:nr:00026,nonidentical_remention,full_name_to_acronym,natural_distance_pair:0008,40_79,52,11.162858009338379,11.13453483581543,-0.02832317352294922,1,1,False,False
D_R_43022,chck_80M,natural_mention:nr:00027,nonidentical_remention,full_name_to_acronym,natural_distance_pair:0063,00_04,1,5.9121246337890625,5.874730587005615,-0.037394046783447266,3,3,False,False
D_R_43022,chck_80M,natural_mention:nr:00028,nonidentical_remention,full_name_to_surname_or_final_token,natural_distance_pair:0005,40_79,53,0.08673117309808731,10.89818000793457,10.811448834836483,2,2,False,False
D_R_43022,chck_80M,natural_mention:nr:00029,nonidentical_remention,explicit_appositive_description,natural_distance_pair:0079,00_04,0,7.26572847366333,7.126222133636475,-0.13950634002685547,3,3,False,False
D_R_43022,chck_80M,natural_mention:nr:00030,nonidentical_remention,person_name_to_pronoun,natural_distance_pair:0099,10_19,12,1.1286137104034424,1.0785784721374512,-0.05003523826599121,1,1,False,False
D_R_43022,chck_80M,natural_mention:nr:00031,nonidentical_remention,nonperson_name_to_pronoun,natural_distance_pair:0127,05_09,7,2.468841791152954,2.79849910736084,0.32965731620788574,1,1,False,False
D_R_43022,chck_80M,natural_mention:nr:00032,nonidentical_remention,full_name_to_acronym,natural_distance_pair:0044,10_19,13,7.303367614746094,6.806967258453369,-0.4964003562927246,3,3,False,False
D_R_43022,chck_80M,natural_mention:nr:00033,nonidentical_remention,full_name_to_acronym,natural_distance_pair:0051,10_19,11,6.7510833740234375,6.465551376342773,-0.28553199768066406,2,2,False,False
D_R_43022,chck_80M,natural_mention:nr:00034,nonidentical_remention,full_name_to_surname_or_final_token,natural_distance_pair:0040,10_19,15,1.9998664855957031,1.6640818119049072,-0.3357846736907959,2,2,False,False
D_R_43022,chck_80M,natural_mention:nr:00035,nonidentical_remention,person_name_to_pronoun,natural_distance_pair:0110,05_09,8,1.41679847240448,1.5938588380813599,0.17706036567687988,1,1,False,False
D_R_43022,chck_80M,natural_mention:nr:00036,nonidentical_remention,full_name_to_acronym,natural_distance_pair:0085,00_04,0,5.256048202514648,5.676479339599609,0.42043113708496094,2,2,False,False
D_R_43022,chck_80M,natural_mention:nr:00037,nonidentical_remention,person_name_to_pronoun,natural_distance_pair:0104,05_09,9,0.759556770324707,0.8329005241394043,0.07334375381469727,1,1,False,False
D_R_43022,chck_80M,natural_mention:nr:00038,nonidentical_remention,explicit_appositive_description,natural_distance_pair:0072,00_04,0,4.433933258056641,4.1237921714782715,-0.31014108657836914,2,2,False,False
D_R_43022,chck_80M,natural_mention:nr:00039,nonidentical_remention,nonperson_name_to_pronoun,natural_distance_pair:0124,05_09,9,0.038947030901908875,0.0392744354903698,0.00032740458846092224,1,1,False,False
D_R_43022,chck_80M,natural_mention:nr:00040,nonidentical_remention,person_name_to_pronoun,natural_distance_pair:0092,10_19,17,0.17875206470489502,0.3503839671611786,0.17163190245628357,1,1,False,False
D_R_43022,chck_80M,natural_mention:nr:00041,nonidentical_remention,full_name_to_surname_or_final_token,natural_distance_pair:0036,10_19,18,4.161257743835449,9.589189529418945,5.427931785583496,2,2,False,False
D_R_43022,chck_80M,natural_mention:nr:00042,nonidentical_remention,nonperson_name_to_pronoun,natural_distance_pair:0121,10_19,12,0.5048903226852417,0.3750602602958679,-0.12983006238937378,1,1,False,False
D_R_43022,chck_80M,natural_mention:nr:00043,nonidentical_remention,full_name_to_acronym,natural_distance_pair:0057,00_04,4,0.48098793625831604,0.5272307991981506,0.046242862939834595,3,3,False,False
D_R_43022,chck_80M,natural_mention:nr:00044,nonidentical_remention,explicit_appositive_description,natural_distance_pair:0080,00_04,0,4.476034164428711,4.045381546020508,-0.4306526184082031,1,1,False,False
D_R_43022,chck_80M,natural_mention:nr:00045,nonidentical_remention,full_name_to_acronym,natural_distance_pair:0064,00_04,1,6.050124168395996,6.1390533447265625,0.0889291763305664,2,2,False,False
D_R_43022,chck_80M,natural_mention:nr:00046,nonidentical_remention,full_name_to_surname_or_final_token,natural_distance_pair:0029,20_39,26,6.980226993560791,7.678810119628906,0.6985831260681152,3,3,False,False
D_R_43022,chck_80M,natural_mention:nr:00047,nonidentical_remention,full_name_to_surname_or_final_token,natural_distance_pair:0014,40_79,42,4.359802722930908,7.884166240692139,3.5243635177612305,2,2,False,False
D_R_43022,chck_80M,natural_mention:nr:00048,nonidentical_remention,full_name_to_surname_or_final_token,natural_distance_pair:0010,40_79,48,10.806794166564941,11.213075637817383,0.4062814712524414,2,2,False,False
D_R_43022,chck_80M,natural_mention:nr:00049,nonidentical_remention,explicit_appositive_description,natural_distance_pair:0075,00_04,0,7.522266387939453,7.712499141693115,0.1902327537536621,7,7,False,False
D_R_43022,chck_80M,natural_mention:nr:00050,nonidentical_remention,full_name_to_acronym,natural_distance_pair:0081,00_04,0,4.773926258087158,4.754820346832275,-0.019105911254882812,2,2,False,False
D_R_43022,chck_80M,natural_mention:nr:00051,nonidentical_remention,person_name_to_pronoun,natural_distance_pair:0096,10_19,14,1.0759518146514893,0.029894240200519562,-1.0460575744509697,1,1,False,False
D_R_43022,chck_80M,natural_mention:nr:00052,nonidentical_remention,full_name_to_acronym,natural_distance_pair:0062,00_04,2,5.078164100646973,5.320856094360352,0.2426919937133789,2,2,False,False
D_R_43022,chck_80M,natural_mention:nr:00053,nonidentical_remention,person_name_to_pronoun,natural_distance_pair:0107,05_09,8,0.08327475935220718,0.07984355092048645,-0.0034312084317207336,1,1,False,False
D_R_43022,chck_80M,natural_mention:nr:00054,nonidentical_remention,nonperson_name_to_pronoun,natural_distance_pair:0120,10_19,15,0.37981775403022766,0.4393584728240967,0.05954071879386902,1,1,False,False
D_R_43022,chck_80M,natural_mention:nr:00055,nonidentical_remention,full_name_to_acronym,natural_distance_pair:0071,00_04,0,3.409837245941162,3.598546028137207,0.18870878219604492,2,2,False,False
D_R_43022,chck_80M,natural_mention:nr:00056,nonidentical_remention,person_name_to_pronoun,natural_distance_pair:0093,10_19,16,0.5047411918640137,0.429098516702652,-0.0756426751613617,1,1,False,False
D_R_43022,chck_80M,natural_mention:nr:00057,nonidentical_remention,person_name_to_pronoun,natural_distance_pair:0095,10_19,15,0.5573388934135437,0.5706479549407959,0.013309061527252197,1,1,False,False
D_R_43022,chck_80M,natural_mention:nr:00058,nonidentical_remention,full_name_to_surname_or_final_token,natural_distance_pair:0028,20_39,27,4.545632362365723,9.040475845336914,4.494843482971191,2,2,False,False
D_R_43022,chck_80M,natural_mention:nr:00059,nonidentical_remention,nonperson_name_to_pronoun,natural_distance_pair:0125,05_09,9,0.04231749475002289,0.046670034527778625,0.004352539777755737,1,1,False,False
D_R_43022,chck_80M,natural_mention:nr:00060,nonidentical_remention,explicit_appositive_description,natural_distance_pair:0083,00_04,0,8.385367393493652,8.101058006286621,-0.28430938720703125,3,3,False,False
D_R_43022,chck_80M,natural_mention:nr:00061,nonidentical_remention,full_name_to_surname_or_final_token,natural_distance_pair:0011,40_79,48,9.342158317565918,10.072294235229492,0.7301359176635742,1,1,False,False
D_R_43022,chck_80M,natural_mention:nr:00062,nonidentical_remention,full_name_to_surname_or_final_token,natural_distance_pair:0003,40_79,57,3.171889066696167,6.951574802398682,3.7796857357025146,5,5,False,False
D_R_43022,chck_80M,natural_mention:nr:00063,nonidentical_remention,full_name_to_acronym,natural_distance_pair:0066,00_04,0,6.489588737487793,4.953437328338623,-1.53615140914917,2,2,False,False
D_R_43022,chck_80M,natural_mention:nr:00064,nonidentical_remention,full_name_to_surname_or_final_token,natural_distance_pair:0042,10_19,14,0.2728102505207062,9.171066284179688,8.898256033658981,2,2,False,False
D_R_43022,chck_80M,natural_mention:nr:00065,nonidentical_remention,full_name_to_acronym,natural_distance_pair:0065,00_04,1,7.926136016845703,6.953813076019287,-0.972322940826416,2,2,False,False
D_R_43022,chck_80M,natural_mention:nr:00066,nonidentical_remention,explicit_appositive_description,natural_distance_pair:0078,00_04,0,3.4954397678375244,4.26143741607666,0.7659976482391357,1,1,False,False
D_R_43022,chck_80M,natural_mention:nr:00067,nonidentical_remention,full_name_to_acronym,natural_distance_pair:0076,00_04,0,5.592240810394287,5.507780075073242,-0.08446073532104492,2,2,False,False
D_R_43022,chck_80M,natural_mention:nr:00068,nonidentical_remention,explicit_appositive_description,natural_distance_pair:0086,00_04,0,5.967827796936035,6.066166400909424,0.09833860397338867,7,7,False,False
D_R_43022,chck_80M,natural_mention:nr:00069,nonidentical_remention,person_name_to_pronoun,natural_distance_pair:0111,05_09,8,0.14155209064483643,0.1404225379228592,-0.0011295527219772339,1,1,False,False
D_R_43022,chck_80M,natural_mention:nr:00070,nonidentical_remention,full_name_to_acronym,natural_distance_pair:0052,10_19,10,6.3047895431518555,6.69014835357666,0.3853588104248047,2,2,False,False
D_R_43022,chck_80M,natural_mention:nr:00071,nonidentical_remention,person_name_to_pronoun,natural_distance_pair:0108,05_09,8,0.5047483444213867,0.4089849591255188,-0.09576338529586792,1,1,False,False
D_R_43022,chck_80M,natural_mention:nr:00072,nonidentical_remention,full_name_to_surname_or_final_token,natural_distance_pair:0004,40_79,56,1.8572847843170166,5.202217102050781,3.3449323177337646,2,2,False,False
D_R_43022,chck_80M,natural_mention:nr:00073,nonidentical_remention,person_name_to_pronoun,natural_distance_pair:0091,10_19,18,0.31961047649383545,0.3393997848033905,0.019789308309555054,1,1,False,False
D_R_43022,chck_80M,natural_mention:nr:00074,nonidentical_remention,full_name_to_acronym,natural_distance_pair:0047,10_19,12,4.716430187225342,4.7906060218811035,0.07417583465576172,3,3,False,False
D_R_43022,chck_80M,natural_mention:nr:00075,nonidentical_remention,nonperson_name_to_pronoun,natural_distance_pair:0126,05_09,7,6.4209184646606445,6.4363579750061035,0.015439510345458984,1,1,False,False
D_R_43022,chck_80M,natural_mention:nr:00076,nonidentical_remention,full_name_to_acronym,natural_distance_pair:0069,00_04,0,9.873788833618164,8.596384048461914,-1.27740478515625,2,2,False,False
D_R_43022,chck_80M,natural_mention:nr:00077,nonidentical_remention,person_name_to_pronoun,natural_distance_pair:0114,05_09,7,3.55594539642334,3.6020188331604004,0.04607343673706055,1,1,False,False
D_R_43022,chck_80M,natural_mention:nr:00078,nonidentical_remention,person_name_to_pronoun,natural_distance_pair:0087,20_39,33,2.2280683517456055,3.208927631378174,0.9808592796325684,1,1,False,False
D_R_43022,chck_80M,natural_mention:nr:00079,nonidentical_remention,person_name_to_pronoun,natural_distance_pair:0098,10_19,12,4.215729236602783,3.8705897331237793,-0.3451395034790039,1,1,False,False
D_R_43022,chck_80M,natural_mention:nr:00080,nonidentical_remention,nonperson_name_to_pronoun,natural_distance_pair:0118,10_19,19,1.3440208435058594,1.333162784576416,-0.01085805892944336,1,1,False,False
D_R_43022,chck_80M,natural_mention:nr:00081,nonidentical_remention,full_name_to_surname_or_final_token,natural_distance_pair:0025,20_39,28,3.0754952430725098,7.126941204071045,4.051445960998535,4,4,False,False
D_R_43022,chck_80M,natural_mention:nr:00082,nonidentical_remention,full_name_to_surname_or_final_token,natural_distance_pair:0050,10_19,11,8.209657669067383,6.402151584625244,-1.8075060844421387,2,2,False,False
D_R_43022,chck_80M,natural_mention:nr:00083,nonidentical_remention,explicit_appositive_description,natural_distance_pair:0067,00_04,0,8.544405937194824,8.308370590209961,-0.23603534698486328,6,6,False,False
D_R_43022,chck_80M,natural_mention:nr:00084,nonidentical_remention,full_name_to_surname_or_final_token,natural_distance_pair:0055,05_09,7,6.086110591888428,6.448244571685791,0.3621339797973633,3,3,False,False
D_R_43022,chck_80M,natural_mention:nr:00085,nonidentical_remention,person_name_to_pronoun,natural_distance_pair:0113,05_09,7,0.028209641575813293,0.022404061630368233,-0.005805579945445061,1,1,False,False
D_R_43022,chck_80M,natural_mention:nr:00086,nonidentical_remention,person_name_to_pronoun,natural_distance_pair:0088,20_39,21,5.165607452392578,5.472245216369629,0.3066377639770508,1,1,False,False
D_R_43022,chck_80M,natural_mention:nr:00087,nonidentical_remention,full_name_to_acronym,natural_distance_pair:0033,20_39,20,9.92805290222168,9.903441429138184,-0.024611473083496094,2,2,False,False
D_R_43022,chck_80M,natural_mention:nr:00088,nonidentical_remention,full_name_to_surname_or_final_token,natural_distance_pair:0015,20_39,38,9.61074447631836,10.626852035522461,1.0161075592041016,2,2,False,False
D_R_43022,chck_80M,natural_mention:nr:00089,nonidentical_remention,full_name_to_surname_or_final_token,natural_distance_pair:0000,40_79,74,1.7475003004074097,6.664425849914551,4.916925549507141,2,2,False,False
D_R_43022,chck_80M,natural_mention:nr:00090,nonidentical_remention,explicit_appositive_description,natural_distance_pair:0068,00_04,0,7.843865871429443,7.6830925941467285,-0.16077327728271484,3,3,False,False
D_R_43022,chck_80M,natural_mention:nr:00091,nonidentical_remention,full_name_to_acronym,natural_distance_pair:0048,10_19,12,5.906115531921387,5.596427917480469,-0.30968761444091797,2,2,False,False
D_R_43022,chck_80M,natural_mention:nr:00092,nonidentical_remention,full_name_to_acronym,natural_distance_pair:0032,20_39,21,9.039079666137695,9.0931396484375,0.05405998229980469,2,2,False,False
D_R_43022,chck_80M,natural_mention:nr:00093,nonidentical_remention,person_name_to_pronoun,natural_distance_pair:0103,10_19,10,4.379578590393066,3.6686277389526367,-0.7109508514404297,1,1,False,False
D_R_43022,chck_80M,natural_mention:nr:00094,nonidentical_remention,full_name_to_acronym,natural_distance_pair:0024,20_39,29,4.776238918304443,4.840460777282715,0.06422185897827148,3,3,False,False
D_R_43022,chck_80M,natural_mention:nr:00095,nonidentical_remention,full_name_to_surname_or_final_token,natural_distance_pair:0059,00_04,4,1.0612342357635498,0.4136965572834015,-0.6475376784801483,1,1,False,False
D_R_43022,chck_80M,natural_mention:nr:00096,nonidentical_remention,person_name_to_pronoun,natural_distance_pair:0101,10_19,11,5.816746234893799,5.663091659545898,-0.1536545753479004,1,1,False,False
D_R_43022,chck_80M,natural_mention:nr:00097,nonidentical_remention,full_name_to_surname_or_final_token,natural_distance_pair:0007,40_79,52,3.8202762603759766,8.624107360839844,4.803831100463867,3,3,False,False
D_R_43022,chck_80M,natural_mention:nr:00098,nonidentical_remention,full_name_to_surname_or_final_token,natural_distance_pair:0023,20_39,30,3.118215560913086,9.128286361694336,6.01007080078125,5,5,False,False
D_R_43022,chck_80M,natural_mention:nr:00099,nonidentical_remention,full_name_to_surname_or_final_token,natural_distance_pair:0054,05_09,9,8.422628402709961,6.452937602996826,-1.9696907997131348,3,3,False,False
D_R_43022,chck_80M,natural_mention:nr:00100,nonidentical_remention,full_name_to_acronym,natural_distance_pair:0020,20_39,31,9.021403312683105,7.94304895401001,-1.0783543586730957,3,3,False,False
D_R_43022,chck_80M,natural_mention:nr:00101,nonidentical_remention,full_name_to_acronym,natural_distance_pair:0037,10_19,17,3.1197643280029297,3.618253707885742,0.4984893798828125,3,3,False,False
D_R_43022,chck_80M,natural_mention:nr:00102,nonidentical_remention,explicit_appositive_description,natural_distance_pair:0073,00_04,0,4.797781944274902,4.693403244018555,-0.10437870025634766,1,1,False,False
D_R_43022,chck_80M,natural_mention:nr:00103,nonidentical_remention,full_name_to_acronym,natural_distance_pair:0002,40_79,62,8.346949577331543,8.659626960754395,0.31267738342285156,3,3,False,False
D_R_43022,chck_80M,natural_mention:nr:00104,nonidentical_remention,full_name_to_surname_or_final_token,natural_distance_pair:0018,20_39,35,1.6038341522216797,10.056293487548828,8.452459335327148,2,2,False,False
D_R_43022,chck_80M,natural_mention:nr:00105,nonidentical_remention,full_name_to_surname_or_final_token,natural_distance_pair:0013,40_79,44,8.584616661071777,9.439933776855469,0.8553171157836914,4,4,False,False
D_R_43022,chck_80M,natural_mention:nr:00106,nonidentical_remention,full_name_to_surname_or_final_token,natural_distance_pair:0006,40_79,53,12.09575080871582,12.139729499816895,0.04397869110107422,2,2,False,False
D_R_43022,chck_80M,natural_mention:nr:00107,nonidentical_remention,full_name_to_surname_or_final_token,natural_distance_pair:0041,10_19,15,3.6676900386810303,7.79022741317749,4.12253737449646,2,2,False,False
D_R_43022,chck_80M,natural_mention:nr:00108,nonidentical_remention,full_name_to_surname_or_final_token,natural_distance_pair:0030,20_39,23,3.198482036590576,9.375690460205078,6.177208423614502,2,2,False,False
D_R_43022,chck_80M,natural_mention:nr:00109,nonidentical_remention,full_name_to_surname_or_final_token,natural_distance_pair:0039,10_19,16,0.04228344187140465,0.022888286039233208,-0.01939515583217144,1,1,False,False
D_R_43022,chck_80M,natural_mention:nr:00110,nonidentical_remention,full_name_to_acronym,natural_distance_pair:0021,20_39,31,0.07033950090408325,0.06995220482349396,-0.00038729608058929443,2,2,False,False
D_R_43022,chck_80M,natural_mention:nr:00111,nonidentical_remention,full_name_to_acronym,natural_distance_pair:0016,20_39,37,4.931726455688477,5.95546817779541,1.0237417221069336,1,1,False,False
D_R_43022,chck_80M,natural_mention:nr:00112,nonidentical_remention,person_name_to_pronoun,natural_distance_pair:0102,10_19,10,1.029693603515625,0.9668910503387451,-0.06280255317687988,1,1,False,False
D_R_43022,chck_80M,natural_mention:nr:00113,nonidentical_remention,full_name_to_surname_or_final_token,natural_distance_pair:0012,40_79,48,6.211799621582031,6.76146936416626,0.5496697425842285,3,3,False,False
D_R_43022,chck_80M,natural_mention:nr:00114,nonidentical_remention,person_name_to_pronoun,natural_distance_pair:0090,20_39,21,2.5751452445983887,2.8185484409332275,0.24340319633483887,1,1,False,False
D_R_43022,chck_80M,natural_mention:nr:00115,nonidentical_remention,person_name_to_pronoun,natural_distance_pair:0109,05_09,8,1.2950072288513184,0.40909314155578613,-0.8859140872955322,1,1,False,False
D_R_43022,chck_80M,natural_mention:nr:00116,nonidentical_remention,person_name_to_pronoun,natural_distance_pair:0094,10_19,15,0.8229179978370667,0.065057672560215,-0.7578603252768517,1,1,False,False
D_R_43022,chck_80M,natural_mention:nr:00117,nonidentical_remention,person_name_to_pronoun,natural_distance_pair:0116,05_09,6,1.3448163270950317,0.8144081234931946,-0.5304082036018372,1,1,False,False
D_R_43022,chck_80M,natural_mention:nr:00118,nonidentical_remention,full_name_to_acronym,natural_distance_pair:0019,20_39,33,6.233297348022461,6.204651355743408,-0.028645992279052734,3,3,False,False
D_R_43022,chck_80M,natural_mention:nr:00119,nonidentical_remention,person_name_to_pronoun,natural_distance_pair:0105,05_09,9,0.9456354379653931,0.6544585227966309,-0.2911769151687622,1,1,False,False
D_R_43022,chck_80M,natural_mention:nr:00120,nonidentical_remention,person_name_to_pronoun,natural_distance_pair:0115,05_09,6,1.269700050354004,0.8216708898544312,-0.44802916049957275,1,1,False,False
D_R_43022,chck_80M,natural_mention:nr:00121,nonidentical_remention,full_name_to_acronym,natural_distance_pair:0061,00_04,2,5.066379547119141,5.007542610168457,-0.058836936950683594,4,4,False,False
D_R_43022,chck_80M,natural_mention:nr:00122,nonidentical_remention,explicit_appositive_description,natural_distance_pair:0082,00_04,0,3.625000238418579,3.411863327026367,-0.21313691139221191,1,1,False,False
D_R_43022,chck_80M,natural_mention:nr:00123,nonidentical_remention,full_name_to_acronym,natural_distance_pair:0017,20_39,36,1.7816780805587769,1.9165444374084473,0.1348663568496704,3,3,False,False
D_R_43022,chck_80M,natural_mention:nr:00124,nonidentical_remention,full_name_to_surname_or_final_token,natural_distance_pair:0034,20_39,20,2.0617003440856934,9.505987167358398,7.444286823272705,2,2,False,False
D_R_43022,chck_80M,natural_mention:nr:00125,nonidentical_remention,explicit_appositive_description,natural_distance_pair:0077,00_04,0,6.718423366546631,6.5726637840271,-0.14575958251953125,3,3,False,False
D_R_43022,chck_80M,natural_mention:nr:00126,nonidentical_remention,full_name_to_acronym,natural_distance_pair:0031,20_39,22,7.783239364624023,8.10738754272461,0.32414817810058594,2,2,False,False
D_R_43022,chck_80M,natural_mention:nr:00127,nonidentical_remention,person_name_to_pronoun,natural_distance_pair:0106,05_09,8,0.08104942739009857,0.10556084662675858,0.024511419236660004,1,1,False,False
D_R_43022,chck_80M,natural_mention:nr:00128,nonidentical_remention,full_name_to_surname_or_final_token,natural_distance_pair:0038,10_19,16,5.306013107299805,7.181897163391113,1.8758840560913086,2,2,False,False
D_R_43022,chck_80M,natural_mention:vr:00129,verbatim_remention,exact_named_entity,natural_distance_pair:0082,00_04,4,7.482112884521484,7.465148448944092,-0.016964435577392578,2,2,False,False
D_R_43022,chck_80M,natural_mention:vr:00130,verbatim_remention,exact_named_entity,natural_distance_pair:0041,10_19,15,0.10879135131835938,13.686097145080566,13.577305793762207,3,3,False,False
D_R_43022,chck_80M,natural_mention:vr:00131,verbatim_remention,exact_named_entity,natural_distance_pair:0046,10_19,13,0.07678285986185074,8.393834114074707,8.317051254212856,5,5,False,False
D_R_43022,chck_80M,natural_mention:vr:00132,verbatim_remention,exact_named_entity,natural_distance_pair:0080,00_04,3,5.8131232261657715,5.71295166015625,-0.10017156600952148,3,3,False,False
D_R_43022,chck_80M,natural_mention:vr:00133,verbatim_remention,exact_named_entity,natural_distance_pair:0035,10_19,19,6.607439994812012,7.7359209060668945,1.1284809112548828,1,1,False,False
D_R_43022,chck_80M,natural_mention:vr:00134,verbatim_remention,exact_named_entity,natural_distance_pair:0081,00_04,4,1.6220414638519287,1.471980094909668,-0.15006136894226074,1,1,False,False
D_R_43022,chck_80M,natural_mention:vr:00135,verbatim_remention,exact_named_entity,natural_distance_pair:0026,20_39,28,0.49453699588775635,5.392079830169678,4.897542834281921,2,2,False,False
D_R_43022,chck_80M,natural_mention:vr:00136,verbatim_remention,exact_named_entity,natural_distance_pair:0006,40_79,54,9.028637886047363,9.37183666229248,0.3431987762451172,2,2,False,False
D_R_43022,chck_80M,natural_mention:vr:00137,verbatim_remention,exact_named_entity,natural_distance_pair:0100,10_19,12,1.446455955505371,0.435708224773407,-1.0107477307319641,2,2,False,False
D_R_43022,chck_80M,natural_mention:vr:00138,verbatim_remention,exact_named_entity,natural_distance_pair:0111,05_09,8,1.8706231117248535,2.655485153198242,0.7848620414733887,3,3,False,False
D_R_43022,chck_80M,natural_mention:vr:00139,verbatim_remention,exact_named_entity,natural_distance_pair:0015,20_39,38,1.6865421533584595,5.007450580596924,3.3209084272384644,3,3,False,False
D_R_43022,chck_80M,natural_mention:vr:00140,verbatim_remention,exact_named_entity,natural_distance_pair:0091,10_19,18,4.7533721923828125,11.395586967468262,6.642214775085449,4,4,False,False
D_R_43022,chck_80M,natural_mention:vr:00141,verbatim_remention,exact_named_entity,natural_distance_pair:0022,20_39,31,1.010254144668579,1.6234453916549683,0.6131912469863892,1,1,False,False
D_R_43022,chck_80M,natural_mention:vr:00142,verbatim_remention,exact_named_entity,natural_distance_pair:0052,10_19,10,3.2521393299102783,3.8949944972991943,0.642855167388916,3,3,False,False
D_R_43022,chck_80M,natural_mention:vr:00143,verbatim_remention,exact_named_entity,natural_distance_pair:0062,00_04,3,7.369877338409424,8.232833862304688,0.8629565238952637,1,1,False,False
D_R_43022,chck_80M,natural_mention:vr:00144,verbatim_remention,exact_named_entity,natural_distance_pair:0002,40_79,62,6.389126777648926,7.430186748504639,1.041059970855713,1,1,False,False
D_R_43022,chck_80M,natural_mention:vr:00145,verbatim_remention,exact_named_entity,natural_distance_pair:0031,20_39,22,10.10235595703125,10.340644836425781,0.23828887939453125,1,1,False,False
D_R_43022,chck_80M,natural_mention:vr:00146,verbatim_remention,exact_named_entity,natural_distance_pair:0047,10_19,12,2.612994432449341,4.114860534667969,1.501866102218628,2,2,False,False
D_R_43022,chck_80M,natural_mention:vr:00147,verbatim_remention,exact_named_entity,natural_distance_pair:0112,05_09,7,7.126783847808838,8.0855073928833,0.9587235450744629,1,1,False,False
D_R_43022,chck_80M,natural_mention:vr:00148,verbatim_remention,exact_named_entity,natural_distance_pair:0109,05_09,8,2.6317806243896484,8.892878532409668,6.2610979080200195,3,3,False,False
D_R_43022,chck_80M,natural_mention:vr:00149,verbatim_remention,exact_named_entity,natural_distance_pair:0098,10_19,12,2.3472838401794434,3.2648839950561523,0.917600154876709,3,3,False,False
D_R_43022,chck_80M,natural_mention:vr:00150,verbatim_remention,exact_named_entity,natural_distance_pair:0117,05_09,5,5.465576171875,3.7233097553253174,-1.7422664165496826,3,3,False,False
D_R_43022,chck_80M,natural_mention:vr:00151,verbatim_remention,exact_named_entity,natural_distance_pair:0005,40_79,54,12.980257034301758,12.739713668823242,-0.24054336547851562,1,1,False,False
D_R_43022,chck_80M,natural_mention:vr:00152,verbatim_remention,exact_named_entity,natural_distance_pair:0014,40_79,42,3.021709680557251,7.967067718505859,4.945358037948608,2,2,False,False
D_R_43022,chck_80M,natural_mention:vr:00153,verbatim_remention,exact_named_entity,natural_distance_pair:0102,10_19,10,10.12214469909668,11.308067321777344,1.185922622680664,2,2,False,False
D_R_43022,chck_80M,natural_mention:vr:00154,verbatim_remention,indefinite_to_definite_nominal,natural_distance_pair:0084,00_04,3,2.9316372871398926,4.712667942047119,1.7810306549072266,1,1,False,False
D_R_43022,chck_80M,natural_mention:vr:00155,verbatim_remention,exact_named_entity,natural_distance_pair:0108,05_09,8,0.9264512658119202,5.710126876831055,4.7836756110191345,1,1,False,False
D_R_43022,chck_80M,natural_mention:vr:00156,verbatim_remention,exact_named_entity,natural_distance_pair:0011,40_79,48,1.6524012088775635,2.2620787620544434,0.6096775531768799,1,1,False,False
D_R_43022,chck_80M,natural_mention:vr:00157,verbatim_remention,exact_named_entity,natural_distance_pair:0105,05_09,9,1.6348202228546143,2.0819830894470215,0.4471628665924072,2,2,False,False
D_R_43022,chck_80M,natural_mention:vr:00158,verbatim_remention,exact_named_entity,natural_distance_pair:0066,00_04,4,0.1282726526260376,6.01007604598999,5.881803393363953,2,2,False,False
D_R_43022,chck_80M,natural_mention:vr:00159,verbatim_remention,exact_named_entity,natural_distance_pair:0090,20_39,21,13.28582763671875,12.89909839630127,-0.38672924041748047,1,1,False,False
D_R_43022,chck_80M,natural_mention:vr:00160,verbatim_remention,exact_named_entity,natural_distance_pair:0121,10_19,12,0.04256851598620415,12.435647010803223,12.393078494817019,1,1,False,False
D_R_43022,chck_80M,natural_mention:vr:00161,verbatim_remention,indefinite_to_definite_nominal,natural_distance_pair:0074,00_04,4,9.20838737487793,10.150518417358398,0.9421310424804688,1,1,False,False
D_R_43022,chck_80M,natural_mention:vr:00162,verbatim_remention,exact_named_entity,natural_distance_pair:0036,10_19,18,0.8496930003166199,8.050365447998047,7.200672447681427,1,1,False,False
D_R_43022,chck_80M,natural_mention:vr:00163,verbatim_remention,exact_named_entity,natural_distance_pair:0029,20_39,26,5.818360805511475,7.381149768829346,1.562788963317871,2,2,False,False
D_R_43022,chck_80M,natural_mention:vr:00164,verbatim_remention,exact_named_entity,natural_distance_pair:0057,00_04,4,7.657642364501953,8.46474838256836,0.8071060180664062,1,1,False,False
D_R_43022,chck_80M,natural_mention:vr:00165,verbatim_remention,exact_named_entity,natural_distance_pair:0107,05_09,8,0.14060048758983612,0.5485647916793823,0.4079643040895462,1,1,False,False
D_R_43022,chck_80M,natural_mention:vr:00166,verbatim_remention,exact_named_entity,natural_distance_pair:0101,10_19,11,9.071748733520508,9.685476303100586,0.6137275695800781,1,1,False,False
D_R_43022,chck_80M,natural_mention:vr:00167,verbatim_remention,exact_named_entity,natural_distance_pair:0037,10_19,17,0.14690789580345154,11.033129692077637,10.886221796274185,3,3,False,False
D_R_43022,chck_80M,natural_mention:vr:00168,verbatim_remention,exact_named_entity,natural_distance_pair:0092,10_19,17,5.011478424072266,5.052919387817383,0.04144096374511719,2,2,False,False
D_R_43022,chck_80M,natural_mention:vr:00169,verbatim_remention,exact_named_entity,natural_distance_pair:0104,05_09,9,0.06118127703666687,6.5845770835876465,6.52339580655098,2,2,False,False
D_R_43022,chck_80M,natural_mention:vr:00170,verbatim_remention,exact_named_entity,natural_distance_pair:0012,40_79,48,5.085257530212402,8.458059310913086,3.3728017807006836,1,1,False,False
D_R_43022,chck_80M,natural_mention:vr:00171,verbatim_remention,exact_named_entity,natural_distance_pair:0038,10_19,16,7.250799179077148,8.063267707824707,0.8124685287475586,3,3,False,False
D_R_43022,chck_80M,natural_mention:vr:00172,verbatim_remention,exact_named_entity,natural_distance_pair:0053,10_19,10,9.079768180847168,8.288820266723633,-0.7909479141235352,1,1,False,False
D_R_43022,chck_80M,natural_mention:vr:00173,verbatim_remention,indefinite_to_definite_nominal,natural_distance_pair:0085,00_04,4,5.6086106300354,9.7903470993042,4.181736469268799,2,2,False,False
D_R_43022,chck_80M,natural_mention:vr:00174,verbatim_remention,exact_named_entity,natural_distance_pair:0125,05_09,9,0.03320707753300667,1.5184338092803955,1.4852267317473888,4,4,False,False
D_R_43022,chck_80M,natural_mention:vr:00175,verbatim_remention,exact_named_entity,natural_distance_pair:0063,00_04,3,14.026707649230957,12.063519477844238,-1.9631881713867188,1,1,False,False
D_R_43022,chck_80M,natural_mention:vr:00176,verbatim_remention,exact_named_entity,natural_distance_pair:0118,10_19,19,2.4341630935668945,9.067188262939453,6.633025169372559,2,2,False,False
D_R_43022,chck_80M,natural_mention:vr:00177,verbatim_remention,exact_named_entity,natural_distance_pair:0059,00_04,4,3.5772504806518555,8.821528434753418,5.2442779541015625,2,2,False,False
D_R_43022,chck_80M,natural_mention:vr:00178,verbatim_remention,exact_named_entity,natural_distance_pair:0040,10_19,15,2.5247068405151367,10.194112777709961,7.669405937194824,2,2,False,False
D_R_43022,chck_80M,natural_mention:vr:00179,verbatim_remention,exact_named_entity,natural_distance_pair:0094,10_19,15,0.39229434728622437,2.9535129070281982,2.561218559741974,1,1,False,False
D_R_43022,chck_80M,natural_mention:vr:00180,verbatim_remention,exact_named_entity,natural_distance_pair:0048,10_19,12,10.981538772583008,10.989167213439941,0.007628440856933594,1,1,False,False
D_R_43022,chck_80M,natural_mention:vr:00181,verbatim_remention,exact_named_entity,natural_distance_pair:0058,00_04,4,0.6633306741714478,10.120824813842773,9.457494139671326,1,1,False,False
D_R_43022,chck_80M,natural_mention:vr:00182,verbatim_remention,exact_named_entity,natural_distance_pair:0033,20_39,20,5.840176582336426,11.925677299499512,6.085500717163086,1,1,False,False
D_R_43022,chck_80M,natural_mention:vr:00183,verbatim_remention,exact_named_entity,natural_distance_pair:0079,00_04,4,9.267916679382324,8.66357421875,-0.6043424606323242,4,4,False,False
D_R_43022,chck_80M,natural_mention:vr:00184,verbatim_remention,exact_named_entity,natural_distance_pair:0054,05_09,9,11.223234176635742,12.256916046142578,1.033681869506836,1,1,False,False
D_R_43022,chck_80M,natural_mention:vr:00185,verbatim_remention,exact_named_entity,natural_distance_pair:0078,00_04,3,4.3730854988098145,1.68130624294281,-2.6917792558670044,3,3,False,False
D_R_43022,chck_80M,natural_mention:vr:00186,verbatim_remention,exact_named_entity,natural_distance_pair:0030,20_39,23,16.703319549560547,16.665586471557617,-0.03773307800292969,1,1,False,False
D_R_43022,chck_80M,natural_mention:vr:00187,verbatim_remention,exact_named_entity,natural_distance_pair:0126,05_09,7,0.258360356092453,6.1919965744018555,5.9336362183094025,5,5,False,False
D_R_43022,chck_80M,natural_mention:vr:00188,verbatim_remention,exact_named_entity,natural_distance_pair:0027,20_39,28,5.260299205780029,5.287752151489258,0.027452945709228516,1,1,False,False
D_R_43022,chck_80M,natural_mention:vr:00189,verbatim_remention,exact_named_entity,natural_distance_pair:0069,00_04,4,0.07992188632488251,0.07654640823602676,-0.0033754780888557434,2,2,False,False
D_R_43022,chck_80M,natural_mention:vr:00190,verbatim_remention,exact_named_entity,natural_distance_pair:0051,10_19,11,2.1305902004241943,0.04331276938319206,-2.0872774310410023,3,3,False,False
D_R_43022,chck_80M,natural_mention:vr:00191,verbatim_remention,exact_named_entity,natural_distance_pair:0042,10_19,14,5.442145824432373,6.9114298820495605,1.4692840576171875,3,3,False,False
D_R_43022,chck_80M,natural_mention:vr:00192,verbatim_remention,exact_named_entity,natural_distance_pair:0072,00_04,3,4.54497766494751,4.6704864501953125,0.12550878524780273,3,3,False,False
D_R_43022,chck_80M,natural_mention:vr:00193,verbatim_remention,exact_named_entity,natural_distance_pair:0021,20_39,31,2.248913526535034,2.650874376296997,0.4019608497619629,6,6,False,False
D_R_43022,chck_80M,natural_mention:vr:00194,verbatim_remention,exact_named_entity,natural_distance_pair:0068,00_04,3,12.562772750854492,12.975034713745117,0.412261962890625,2,2,False,False
D_R_43022,chck_80M,natural_mention:vr:00195,verbatim_remention,exact_named_entity,natural_distance_pair:0028,20_39,27,1.2278562784194946,4.820438861846924,3.592582583427429,1,1,False,False
D_R_43022,chck_80M,natural_mention:vr:00196,verbatim_remention,exact_named_entity,natural_distance_pair:0124,05_09,9,2.4912712574005127,0.8670122623443604,-1.6242589950561523,3,3,False,False
D_R_43022,chck_80M,natural_mention:vr:00197,verbatim_remention,exact_named_entity,natural_distance_pair:0060,00_04,4,1.690596103668213,2.1604321002960205,0.4698359966278076,3,3,False,False
D_R_43022,chck_80M,natural_mention:vr:00198,verbatim_remention,exact_named_entity,natural_distance_pair:0049,10_19,12,10.254538536071777,10.135302543640137,-0.11923599243164062,2,2,False,False
D_R_43022,chck_80M,natural_mention:vr:00199,verbatim_remention,exact_named_entity,natural_distance_pair:0045,10_19,13,0.01448085904121399,0.011432087048888206,-0.0030487719923257828,4,4,False,False
D_R_43022,chck_80M,natural_mention:vr:00200,verbatim_remention,exact_named_entity,natural_distance_pair:0017,20_39,35,7.1373090744018555,7.0684967041015625,-0.06881237030029297,5,5,False,False
D_R_43022,chck_80M,natural_mention:vr:00201,verbatim_remention,exact_named_entity,natural_distance_pair:0010,40_79,48,0.02858089655637741,7.337969779968262,7.309388883411884,1,1,False,False
D_R_43022,chck_80M,natural_mention:vr:00202,verbatim_remention,exact_named_entity,natural_distance_pair:0023,20_39,30,7.562326431274414,8.695952415466309,1.1336259841918945,3,3,False,False
D_R_43022,chck_80M,natural_mention:vr:00203,verbatim_remention,exact_named_entity,natural_distance_pair:0075,00_04,4,5.504308700561523,9.52528190612793,4.020973205566406,5,5,False,False
D_R_43022,chck_80M,natural_mention:vr:00204,verbatim_remention,exact_named_entity,natural_distance_pair:0087,20_39,33,10.40574836730957,12.61437702178955,2.2086286544799805,1,1,False,False
D_R_43022,chck_80M,natural_mention:vr:00205,verbatim_remention,exact_named_entity,natural_distance_pair:0025,20_39,28,13.684710502624512,13.460613250732422,-0.22409725189208984,2,2,False,False
D_R_43022,chck_80M,natural_mention:vr:00206,verbatim_remention,exact_named_entity,natural_distance_pair:0115,05_09,6,0.13135328888893127,2.2697649002075195,2.1384116113185883,4,4,False,False
D_R_43022,chck_80M,natural_mention:vr:00207,verbatim_remention,exact_named_entity,natural_distance_pair:0065,00_04,3,5.038311958312988,7.605362892150879,2.5670509338378906,1,1,False,False
D_R_43022,chck_80M,natural_mention:vr:00208,verbatim_remention,exact_named_entity,natural_distance_pair:0113,05_09,7,4.03171443939209,5.30473518371582,1.2730207443237305,1,1,False,False
D_R_43022,chck_80M,natural_mention:vr:00209,verbatim_remention,exact_named_entity,natural_distance_pair:0119,10_19,16,2.490891456604004,1.1355528831481934,-1.3553385734558105,1,1,False,False
D_R_43022,chck_80M,natural_mention:vr:00210,verbatim_remention,exact_named_entity,natural_distance_pair:0056,05_09,6,0.04695718735456467,1.4335018396377563,1.3865446522831917,2,2,False,False
D_R_43022,chck_80M,natural_mention:vr:00211,verbatim_remention,exact_named_entity,natural_distance_pair:0016,20_39,37,0.023749111220240593,14.112309455871582,14.088560344651341,3,3,False,False
D_R_43022,chck_80M,natural_mention:vr:00212,verbatim_remention,exact_named_entity,natural_distance_pair:0013,40_79,44,0.03541189059615135,10.928547859191895,10.893135968595743,3,3,False,False
D_R_43022,chck_80M,natural_mention:vr:00213,verbatim_remention,exact_named_entity,natural_distance_pair:0050,10_19,11,6.5247650146484375,9.494522094726562,2.969757080078125,4,4,False,False
D_R_43022,chck_80M,natural_mention:vr:00214,verbatim_remention,exact_named_entity,natural_distance_pair:0043,10_19,14,2.3402583599090576,5.296510696411133,2.956252336502075,2,2,False,False
D_R_43022,chck_80M,natural_mention:vr:00215,verbatim_remention,exact_named_entity,natural_distance_pair:0020,20_39,31,0.010119829326868057,10.750264167785645,10.740144338458776,2,2,False,False
D_R_43022,chck_80M,natural_mention:vr:00216,verbatim_remention,exact_named_entity,natural_distance_pair:0007,40_79,52,7.677880764007568,8.775629997253418,1.0977492332458496,1,1,False,False
D_R_43022,chck_80M,natural_mention:vr:00217,verbatim_remention,exact_named_entity,natural_distance_pair:0088,20_39,21,4.319489002227783,2.4148383140563965,-1.9046506881713867,1,1,False,False
D_R_43022,chck_80M,natural_mention:vr:00218,verbatim_remention,exact_named_entity,natural_distance_pair:0083,00_04,4,0.34830307960510254,10.996553421020508,10.648250341415405,2,2,False,False
D_R_43022,chck_80M,natural_mention:vr:00219,verbatim_remention,exact_named_entity,natural_distance_pair:0096,10_19,14,7.972047328948975,8.05508804321289,0.08304071426391602,3,3,False,False
D_R_43022,chck_80M,natural_mention:vr:00220,verbatim_remention,exact_named_entity,natural_distance_pair:0044,10_19,13,5.188994407653809,4.931597709655762,-0.2573966979980469,1,1,False,False
D_R_43022,chck_80M,natural_mention:vr:00221,verbatim_remention,exact_named_entity,natural_distance_pair:0000,40_79,71,1.433310866355896,11.076820373535156,9.64350950717926,2,2,False,False
D_R_43022,chck_80M,natural_mention:vr:00222,verbatim_remention,exact_named_entity,natural_distance_pair:0064,00_04,4,1.7035083770751953,1.75984787940979,0.05633950233459473,1,1,False,False
D_R_43022,chck_80M,natural_mention:vr:00223,verbatim_remention,exact_named_entity,natural_distance_pair:0093,10_19,16,0.3215678036212921,0.013575526885688305,-0.3079922767356038,3,3,False,False
D_R_43022,chck_80M,natural_mention:vr:00224,verbatim_remention,exact_named_entity,natural_distance_pair:0018,20_39,36,12.928481101989746,14.334293365478516,1.4058122634887695,1,1,False,False
D_R_43022,chck_80M,natural_mention:vr:00225,verbatim_remention,exact_named_entity,natural_distance_pair:0114,05_09,7,6.598118305206299,8.18041706085205,1.582298755645752,1,1,False,False
D_R_43022,chck_80M,natural_mention:vr:00226,verbatim_remention,exact_named_entity,natural_distance_pair:0009,40_79,51,8.068013191223145,7.692495346069336,-0.3755178451538086,1,1,False,False
D_R_43022,chck_80M,natural_mention:vr:00227,verbatim_remention,exact_named_entity,natural_distance_pair:0120,10_19,15,0.06365984678268433,5.147553443908691,5.083893597126007,2,2,False,False
D_R_43022,chck_80M,natural_mention:vr:00228,verbatim_remention,exact_named_entity,natural_distance_pair:0024,20_39,29,6.3283538818359375,7.386735916137695,1.0583820343017578,4,4,False,False
D_R_43022,chck_80M,natural_mention:vr:00229,verbatim_remention,exact_named_entity,natural_distance_pair:0128,05_09,6,5.8898491859436035,5.950046062469482,0.060196876525878906,1,1,False,False
D_R_43022,chck_80M,natural_mention:vr:00230,verbatim_remention,exact_named_entity,natural_distance_pair:0055,05_09,7,0.4129360616207123,10.13492202758789,9.721985965967178,2,2,False,False
D_R_43022,chck_80M,natural_mention:vr:00231,verbatim_remention,indefinite_to_definite_nominal,natural_distance_pair:0086,00_04,4,4.2297468185424805,5.980283737182617,1.7505369186401367,1,1,False,False
D_R_43022,chck_80M,natural_mention:vr:00232,verbatim_remention,exact_named_entity,natural_distance_pair:0089,20_39,21,1.1406513452529907,5.3203582763671875,4.179706931114197,1,1,False,False
D_R_43022,chck_80M,natural_mention:vr:00233,verbatim_remention,exact_named_entity,natural_distance_pair:0032,20_39,21,2.6602470874786377,4.3119635581970215,1.6517164707183838,3,3,False,False
D_R_43022,chck_80M,natural_mention:vr:00234,verbatim_remention,exact_named_entity,natural_distance_pair:0019,20_39,33,0.10122280567884445,7.649729251861572,7.548506446182728,1,1,False,False
D_R_43022,chck_80M,natural_mention:vr:00235,verbatim_remention,exact_named_entity,natural_distance_pair:0116,05_09,6,2.5922181606292725,5.821347236633301,3.2291290760040283,1,1,False,False
D_R_43022,chck_80M,natural_mention:vr:00236,verbatim_remention,exact_named_entity,natural_distance_pair:0067,00_04,4,3.4798269271850586,4.301392078399658,0.8215651512145996,6,6,False,False
D_R_43022,chck_80M,natural_mention:vr:00237,verbatim_remention,exact_named_entity,natural_distance_pair:0122,10_19,10,1.5445994138717651,5.374929428100586,3.830330014228821,1,1,False,False
D_R_43022,chck_80M,natural_mention:vr:00238,verbatim_remention,exact_named_entity,natural_distance_pair:0003,40_79,56,3.2869739532470703,5.055909156799316,1.768935203552246,1,1,False,False
D_R_43022,chck_80M,natural_mention:vr:00239,verbatim_remention,exact_named_entity,natural_distance_pair:0077,00_04,3,10.460476875305176,7.854210376739502,-2.606266498565674,2,2,False,False
D_R_43022,chck_80M,natural_mention:vr:00240,verbatim_remention,exact_named_entity,natural_distance_pair:0106,05_09,8,7.037336826324463,6.966371059417725,-0.07096576690673828,6,6,False,False
D_R_43022,chck_80M,natural_mention:vr:00241,verbatim_remention,exact_named_entity,natural_distance_pair:0039,10_19,16,1.8839313983917236,5.069971561431885,3.186040163040161,1,1,False,False
D_R_43022,chck_80M,natural_mention:vr:00242,verbatim_remention,exact_named_entity,natural_distance_pair:0099,10_19,12,13.424518585205078,13.780731201171875,0.3562126159667969,1,1,False,False
D_R_43022,chck_80M,natural_mention:vr:00243,verbatim_remention,exact_named_entity,natural_distance_pair:0110,05_09,8,9.06452465057373,9.74557113647461,0.6810464859008789,1,1,False,False
D_R_43022,chck_80M,natural_mention:vr:00244,verbatim_remention,exact_named_entity,natural_distance_pair:0070,00_04,3,5.908195495605469,5.980517387390137,0.07232189178466797,2,2,False,False
D_R_43022,chck_80M,natural_mention:vr:00245,verbatim_remention,exact_named_entity,natural_distance_pair:0008,40_79,52,3.563448667526245,7.009859085083008,3.4464104175567627,3,3,False,False
D_R_43022,chck_80M,natural_mention:vr:00246,verbatim_remention,exact_named_entity,natural_distance_pair:0097,10_19,13,0.005719249602407217,11.918670654296875,11.912951404694468,1,1,False,False
D_R_43022,chck_80M,natural_mention:vr:00247,verbatim_remention,exact_named_entity,natural_distance_pair:0061,00_04,3,8.926534652709961,6.807452201843262,-2.119082450866699,1,1,False,False
D_R_43022,chck_80M,natural_mention:vr:00248,verbatim_remention,exact_named_entity,natural_distance_pair:0103,10_19,10,8.670598030090332,9.10595417022705,0.43535614013671875,1,1,False,False
D_R_43022,chck_80M,natural_mention:vr:00249,verbatim_remention,exact_named_entity,natural_distance_pair:0073,00_04,4,2.7080681324005127,2.806425094604492,0.09835696220397949,1,1,False,False
D_R_43022,chck_80M,natural_mention:vr:00250,verbatim_remention,exact_named_entity,natural_distance_pair:0095,10_19,15,2.5606424808502197,5.332247257232666,2.7716047763824463,1,1,False,False
D_R_43022,chck_80M,natural_mention:vr:00251,verbatim_remention,exact_named_entity,natural_distance_pair:0071,00_04,4,2.3115711212158203,9.678853988647461,7.367282867431641,4,4,False,False
D_R_43022,chck_80M,natural_mention:vr:00252,verbatim_remention,exact_named_entity,natural_distance_pair:0004,40_79,58,0.2752809524536133,9.001522064208984,8.726241111755371,1,1,False,False
D_R_43022,chck_80M,natural_mention:vr:00253,verbatim_remention,exact_named_entity,natural_distance_pair:0127,05_09,7,6.301844596862793,7.238918304443359,0.9370737075805664,1,1,False,False
D_R_43022,chck_80M,natural_mention:vr:00254,verbatim_remention,exact_named_entity,natural_distance_pair:0123,10_19,10,6.566855430603027,7.894120693206787,1.3272652626037598,1,1,False,False
D_R_43022,chck_80M,natural_mention:vr:00255,verbatim_remention,exact_named_entity,natural_distance_pair:0034,20_39,20,8.927891731262207,10.024852752685547,1.0969610214233398,2,2,False,False
D_R_43022,chck_80M,natural_mention:vr:00256,verbatim_remention,exact_named_entity,natural_distance_pair:0076,00_04,3,2.8626482486724854,8.231611251831055,5.368963003158569,1,1,False,False
D_R_43022,chck_80M,natural_mention:vr:00257,verbatim_remention,exact_named_entity,natural_distance_pair:0001,40_79,61,13.25821590423584,13.433484077453613,0.17526817321777344,1,1,False,False
D_R_43022,chck_90M,natural_mention:nr:00000,nonidentical_remention,full_name_to_acronym,natural_distance_pair:0045,10_19,13,3.5206024646759033,3.65140962600708,0.13080716133117676,1,1,False,False
D_R_43022,chck_90M,natural_mention:nr:00001,nonidentical_remention,full_name_to_acronym,natural_distance_pair:0060,00_04,4,4.666896820068359,4.801527976989746,0.13463115692138672,4,4,False,False
D_R_43022,chck_90M,natural_mention:nr:00002,nonidentical_remention,nonperson_name_to_pronoun,natural_distance_pair:0123,10_19,10,2.8060829639434814,2.8320016860961914,0.02591872215270996,1,1,False,False
D_R_43022,chck_90M,natural_mention:nr:00003,nonidentical_remention,explicit_appositive_description,natural_distance_pair:0084,00_04,0,3.952880382537842,3.6243767738342285,-0.3285036087036133,1,1,False,False
D_R_43022,chck_90M,natural_mention:nr:00004,nonidentical_remention,full_name_to_acronym,natural_distance_pair:0046,10_19,13,7.509659767150879,7.578743934631348,0.06908416748046875,2,2,False,False
D_R_43022,chck_90M,natural_mention:nr:00005,nonidentical_remention,full_name_to_acronym,natural_distance_pair:0056,05_09,6,10.76326847076416,10.928434371948242,0.16516590118408203,1,1,False,False
D_R_43022,chck_90M,natural_mention:nr:00006,nonidentical_remention,explicit_appositive_description,natural_distance_pair:0074,00_04,0,5.461822509765625,5.027246475219727,-0.43457603454589844,1,1,False,False
D_R_43022,chck_90M,natural_mention:nr:00007,nonidentical_remention,person_name_to_pronoun,natural_distance_pair:0089,20_39,21,2.8646092414855957,0.38696637749671936,-2.4776428639888763,1,1,False,False
D_R_43022,chck_90M,natural_mention:nr:00008,nonidentical_remention,nonperson_name_to_pronoun,natural_distance_pair:0119,10_19,16,6.446683883666992,6.557474136352539,0.11079025268554688,1,1,False,False
D_R_43022,chck_90M,natural_mention:nr:00009,nonidentical_remention,full_name_to_surname_or_final_token,natural_distance_pair:0027,20_39,28,0.009867415763437748,7.680856227874756,7.670988812111318,3,3,False,False
D_R_43022,chck_90M,natural_mention:nr:00010,nonidentical_remention,full_name_to_surname_or_final_token,natural_distance_pair:0049,10_19,12,0.005258553195744753,0.006664136424660683,0.0014055832289159298,3,3,False,False
D_R_43022,chck_90M,natural_mention:nr:00011,nonidentical_remention,full_name_to_surname_or_final_token,natural_distance_pair:0001,40_79,65,0.03509144484996796,7.912135601043701,7.877044156193733,3,3,False,False
D_R_43022,chck_90M,natural_mention:nr:00012,nonidentical_remention,nonperson_name_to_pronoun,natural_distance_pair:0128,05_09,6,1.7168078422546387,0.6600768566131592,-1.0567309856414795,1,1,False,False
D_R_43022,chck_90M,natural_mention:nr:00013,nonidentical_remention,full_name_to_surname_or_final_token,natural_distance_pair:0053,10_19,10,3.0150983333587646,6.123628616333008,3.108530282974243,3,3,False,False
D_R_43022,chck_90M,natural_mention:nr:00014,nonidentical_remention,full_name_to_acronym,natural_distance_pair:0022,20_39,31,6.031651020050049,5.2462358474731445,-0.7854151725769043,4,4,False,False
D_R_43022,chck_90M,natural_mention:nr:00015,nonidentical_remention,full_name_to_surname_or_final_token,natural_distance_pair:0026,20_39,28,8.166524887084961,8.475430488586426,0.30890560150146484,2,2,False,False
D_R_43022,chck_90M,natural_mention:nr:00016,nonidentical_remention,person_name_to_pronoun,natural_distance_pair:0097,10_19,13,2.8169150352478027,2.4243178367614746,-0.3925971984863281,1,1,False,False
D_R_43022,chck_90M,natural_mention:nr:00017,nonidentical_remention,full_name_to_surname_or_final_token,natural_distance_pair:0043,10_19,14,9.426595687866211,9.975006103515625,0.5484104156494141,2,2,False,False
D_R_43022,chck_90M,natural_mention:nr:00018,nonidentical_remention,explicit_appositive_description,natural_distance_pair:0070,00_04,0,5.218374252319336,5.52742338180542,0.309049129486084,2,2,False,False
D_R_43022,chck_90M,natural_mention:nr:00019,nonidentical_remention,person_name_to_pronoun,natural_distance_pair:0117,05_09,5,1.3188589811325073,1.6495699882507324,0.3307110071182251,1,1,False,False
D_R_43022,chck_90M,natural_mention:nr:00020,nonidentical_remention,full_name_to_acronym,natural_distance_pair:0035,10_19,19,9.081117630004883,8.789478302001953,-0.2916393280029297,2,2,False,False
D_R_43022,chck_90M,natural_mention:nr:00021,nonidentical_remention,full_name_to_surname_or_final_token,natural_distance_pair:0009,40_79,52,10.940051078796387,11.455045700073242,0.5149946212768555,2,2,False,False
D_R_43022,chck_90M,natural_mention:nr:00022,nonidentical_remention,full_name_to_surname_or_final_token,natural_distance_pair:0058,00_04,4,0.26652991771698,0.17426957190036774,-0.09226034581661224,3,3,False,False
D_R_43022,chck_90M,natural_mention:nr:00023,nonidentical_remention,person_name_to_pronoun,natural_distance_pair:0112,05_09,7,0.05508957803249359,0.03663289546966553,-0.018456682562828064,1,1,False,False
D_R_43022,chck_90M,natural_mention:nr:00024,nonidentical_remention,nonperson_name_to_pronoun,natural_distance_pair:0122,10_19,10,0.6019819974899292,0.4107932150363922,-0.191188782453537,1,1,False,False
D_R_43022,chck_90M,natural_mention:nr:00025,nonidentical_remention,person_name_to_pronoun,natural_distance_pair:0100,10_19,12,0.2509133219718933,0.1770610809326172,-0.07385224103927612,1,1,False,False
D_R_43022,chck_90M,natural_mention:nr:00026,nonidentical_remention,full_name_to_acronym,natural_distance_pair:0008,40_79,52,10.830574989318848,10.916997909545898,0.08642292022705078,1,1,False,False
D_R_43022,chck_90M,natural_mention:nr:00027,nonidentical_remention,full_name_to_acronym,natural_distance_pair:0063,00_04,1,5.73992395401001,5.62420129776001,-0.11572265625,3,3,False,False
D_R_43022,chck_90M,natural_mention:nr:00028,nonidentical_remention,full_name_to_surname_or_final_token,natural_distance_pair:0005,40_79,53,0.0545521154999733,10.838325500488281,10.783773384988308,2,2,False,False
D_R_43022,chck_90M,natural_mention:nr:00029,nonidentical_remention,explicit_appositive_description,natural_distance_pair:0079,00_04,0,7.420012950897217,7.3174262046813965,-0.10258674621582031,3,3,False,False
D_R_43022,chck_90M,natural_mention:nr:00030,nonidentical_remention,person_name_to_pronoun,natural_distance_pair:0099,10_19,12,1.6462783813476562,1.5001662969589233,-0.1461120843887329,1,1,False,False
D_R_43022,chck_90M,natural_mention:nr:00031,nonidentical_remention,nonperson_name_to_pronoun,natural_distance_pair:0127,05_09,7,2.637786626815796,2.9788522720336914,0.3410656452178955,1,1,False,False
D_R_43022,chck_90M,natural_mention:nr:00032,nonidentical_remention,full_name_to_acronym,natural_distance_pair:0044,10_19,13,7.215188503265381,6.711244106292725,-0.5039443969726562,3,3,False,False
D_R_43022,chck_90M,natural_mention:nr:00033,nonidentical_remention,full_name_to_acronym,natural_distance_pair:0051,10_19,11,7.66623592376709,6.558084964752197,-1.1081509590148926,2,2,False,False
D_R_43022,chck_90M,natural_mention:nr:00034,nonidentical_remention,full_name_to_surname_or_final_token,natural_distance_pair:0040,10_19,15,2.1274566650390625,1.6855398416519165,-0.441916823387146,2,2,False,False
D_R_43022,chck_90M,natural_mention:nr:00035,nonidentical_remention,person_name_to_pronoun,natural_distance_pair:0110,05_09,8,1.2383108139038086,1.54923677444458,0.3109259605407715,1,1,False,False
D_R_43022,chck_90M,natural_mention:nr:00036,nonidentical_remention,full_name_to_acronym,natural_distance_pair:0085,00_04,0,5.116839408874512,5.426730155944824,0.3098907470703125,2,2,False,False
D_R_43022,chck_90M,natural_mention:nr:00037,nonidentical_remention,person_name_to_pronoun,natural_distance_pair:0104,05_09,9,0.7426703572273254,0.7820205688476562,0.03935021162033081,1,1,False,False
D_R_43022,chck_90M,natural_mention:nr:00038,nonidentical_remention,explicit_appositive_description,natural_distance_pair:0072,00_04,0,4.861729621887207,4.492880344390869,-0.3688492774963379,2,2,False,False
D_R_43022,chck_90M,natural_mention:nr:00039,nonidentical_remention,nonperson_name_to_pronoun,natural_distance_pair:0124,05_09,9,0.039703357964754105,0.03727693855762482,-0.0024264194071292877,1,1,False,False
D_R_43022,chck_90M,natural_mention:nr:00040,nonidentical_remention,person_name_to_pronoun,natural_distance_pair:0092,10_19,17,0.22612857818603516,0.6713955402374268,0.4452669620513916,1,1,False,False
D_R_43022,chck_90M,natural_mention:nr:00041,nonidentical_remention,full_name_to_surname_or_final_token,natural_distance_pair:0036,10_19,18,5.703571796417236,10.015771865844727,4.31220006942749,2,2,False,False
D_R_43022,chck_90M,natural_mention:nr:00042,nonidentical_remention,nonperson_name_to_pronoun,natural_distance_pair:0121,10_19,12,0.4522818922996521,0.3112790584564209,-0.1410028338432312,1,1,False,False
D_R_43022,chck_90M,natural_mention:nr:00043,nonidentical_remention,full_name_to_acronym,natural_distance_pair:0057,00_04,4,0.7960894703865051,0.6303090453147888,-0.1657804250717163,3,3,False,False
D_R_43022,chck_90M,natural_mention:nr:00044,nonidentical_remention,explicit_appositive_description,natural_distance_pair:0080,00_04,0,5.6861114501953125,5.200094699859619,-0.48601675033569336,1,1,False,False
D_R_43022,chck_90M,natural_mention:nr:00045,nonidentical_remention,full_name_to_acronym,natural_distance_pair:0064,00_04,1,5.9096784591674805,5.965261936187744,0.05558347702026367,2,2,False,False
D_R_43022,chck_90M,natural_mention:nr:00046,nonidentical_remention,full_name_to_surname_or_final_token,natural_distance_pair:0029,20_39,26,7.132900238037109,7.74047327041626,0.6075730323791504,3,3,False,False
D_R_43022,chck_90M,natural_mention:nr:00047,nonidentical_remention,full_name_to_surname_or_final_token,natural_distance_pair:0014,40_79,42,4.178120136260986,7.8188910484313965,3.64077091217041,2,2,False,False
D_R_43022,chck_90M,natural_mention:nr:00048,nonidentical_remention,full_name_to_surname_or_final_token,natural_distance_pair:0010,40_79,48,9.750406265258789,10.552797317504883,0.8023910522460938,2,2,False,False
D_R_43022,chck_90M,natural_mention:nr:00049,nonidentical_remention,explicit_appositive_description,natural_distance_pair:0075,00_04,0,7.572394847869873,7.7845048904418945,0.21211004257202148,7,7,False,False
D_R_43022,chck_90M,natural_mention:nr:00050,nonidentical_remention,full_name_to_acronym,natural_distance_pair:0081,00_04,0,4.613664150238037,4.825591087341309,0.21192693710327148,2,2,False,False
D_R_43022,chck_90M,natural_mention:nr:00051,nonidentical_remention,person_name_to_pronoun,natural_distance_pair:0096,10_19,14,1.5629594326019287,0.0557563453912735,-1.5072030872106552,1,1,False,False
D_R_43022,chck_90M,natural_mention:nr:00052,nonidentical_remention,full_name_to_acronym,natural_distance_pair:0062,00_04,2,5.24375057220459,5.4144086837768555,0.17065811157226562,2,2,False,False
D_R_43022,chck_90M,natural_mention:nr:00053,nonidentical_remention,person_name_to_pronoun,natural_distance_pair:0107,05_09,8,0.1543305665254593,0.1551801860332489,0.0008496195077896118,1,1,False,False
D_R_43022,chck_90M,natural_mention:nr:00054,nonidentical_remention,nonperson_name_to_pronoun,natural_distance_pair:0120,10_19,15,0.28616514801979065,0.4223639965057373,0.13619884848594666,1,1,False,False
D_R_43022,chck_90M,natural_mention:nr:00055,nonidentical_remention,full_name_to_acronym,natural_distance_pair:0071,00_04,0,3.2997617721557617,3.4667205810546875,0.16695880889892578,2,2,False,False
D_R_43022,chck_90M,natural_mention:nr:00056,nonidentical_remention,person_name_to_pronoun,natural_distance_pair:0093,10_19,16,0.259927362203598,0.5386709570884705,0.27874359488487244,1,1,False,False
D_R_43022,chck_90M,natural_mention:nr:00057,nonidentical_remention,person_name_to_pronoun,natural_distance_pair:0095,10_19,15,0.6698521971702576,0.6554624438285828,-0.014389753341674805,1,1,False,False
D_R_43022,chck_90M,natural_mention:nr:00058,nonidentical_remention,full_name_to_surname_or_final_token,natural_distance_pair:0028,20_39,27,2.6712229251861572,8.266302108764648,5.595079183578491,2,2,False,False
D_R_43022,chck_90M,natural_mention:nr:00059,nonidentical_remention,nonperson_name_to_pronoun,natural_distance_pair:0125,05_09,9,0.03386002779006958,0.03387650474905968,1.6476958990097046e-05,1,1,False,False
D_R_43022,chck_90M,natural_mention:nr:00060,nonidentical_remention,explicit_appositive_description,natural_distance_pair:0083,00_04,0,8.111454963684082,8.082931518554688,-0.02852344512939453,3,3,False,False
D_R_43022,chck_90M,natural_mention:nr:00061,nonidentical_remention,full_name_to_surname_or_final_token,natural_distance_pair:0011,40_79,48,10.78105640411377,11.500596046447754,0.7195396423339844,1,1,False,False
D_R_43022,chck_90M,natural_mention:nr:00062,nonidentical_remention,full_name_to_surname_or_final_token,natural_distance_pair:0003,40_79,57,3.038588047027588,7.157995700836182,4.119407653808594,5,5,False,False
D_R_43022,chck_90M,natural_mention:nr:00063,nonidentical_remention,full_name_to_acronym,natural_distance_pair:0066,00_04,0,6.356592178344727,4.870434284210205,-1.4861578941345215,2,2,False,False
D_R_43022,chck_90M,natural_mention:nr:00064,nonidentical_remention,full_name_to_surname_or_final_token,natural_distance_pair:0042,10_19,14,0.11243075877428055,9.263542175292969,9.151111416518688,2,2,False,False
D_R_43022,chck_90M,natural_mention:nr:00065,nonidentical_remention,full_name_to_acronym,natural_distance_pair:0065,00_04,1,7.650696754455566,6.631762981414795,-1.0189337730407715,2,2,False,False
D_R_43022,chck_90M,natural_mention:nr:00066,nonidentical_remention,explicit_appositive_description,natural_distance_pair:0078,00_04,0,4.4719929695129395,4.8927507400512695,0.4207577705383301,1,1,False,False
D_R_43022,chck_90M,natural_mention:nr:00067,nonidentical_remention,full_name_to_acronym,natural_distance_pair:0076,00_04,0,5.454108238220215,5.478699207305908,0.02459096908569336,2,2,False,False
D_R_43022,chck_90M,natural_mention:nr:00068,nonidentical_remention,explicit_appositive_description,natural_distance_pair:0086,00_04,0,5.9675679206848145,6.033649921417236,0.06608200073242188,7,7,False,False
D_R_43022,chck_90M,natural_mention:nr:00069,nonidentical_remention,person_name_to_pronoun,natural_distance_pair:0111,05_09,8,0.30405673384666443,0.2954815924167633,-0.008575141429901123,1,1,False,False
D_R_43022,chck_90M,natural_mention:nr:00070,nonidentical_remention,full_name_to_acronym,natural_distance_pair:0052,10_19,10,5.288595199584961,5.852063179016113,0.5634679794311523,2,2,False,False
D_R_43022,chck_90M,natural_mention:nr:00071,nonidentical_remention,person_name_to_pronoun,natural_distance_pair:0108,05_09,8,0.5861440896987915,0.46109557151794434,-0.12504851818084717,1,1,False,False
D_R_43022,chck_90M,natural_mention:nr:00072,nonidentical_remention,full_name_to_surname_or_final_token,natural_distance_pair:0004,40_79,56,1.500577449798584,5.650190353393555,4.149612903594971,2,2,False,False
D_R_43022,chck_90M,natural_mention:nr:00073,nonidentical_remention,person_name_to_pronoun,natural_distance_pair:0091,10_19,18,0.5496947169303894,0.8457980155944824,0.296103298664093,1,1,False,False
D_R_43022,chck_90M,natural_mention:nr:00074,nonidentical_remention,full_name_to_acronym,natural_distance_pair:0047,10_19,12,4.854764938354492,4.9650726318359375,0.11030769348144531,3,3,False,False
D_R_43022,chck_90M,natural_mention:nr:00075,nonidentical_remention,nonperson_name_to_pronoun,natural_distance_pair:0126,05_09,7,5.893148422241211,5.881345272064209,-0.011803150177001953,1,1,False,False
D_R_43022,chck_90M,natural_mention:nr:00076,nonidentical_remention,full_name_to_acronym,natural_distance_pair:0069,00_04,0,9.597736358642578,8.382368087768555,-1.2153682708740234,2,2,False,False
D_R_43022,chck_90M,natural_mention:nr:00077,nonidentical_remention,person_name_to_pronoun,natural_distance_pair:0114,05_09,7,3.6183414459228516,3.627159595489502,0.00881814956665039,1,1,False,False
D_R_43022,chck_90M,natural_mention:nr:00078,nonidentical_remention,person_name_to_pronoun,natural_distance_pair:0087,20_39,33,2.885159492492676,4.7948384284973145,1.9096789360046387,1,1,False,False
D_R_43022,chck_90M,natural_mention:nr:00079,nonidentical_remention,person_name_to_pronoun,natural_distance_pair:0098,10_19,12,3.8074746131896973,3.86997652053833,0.06250190734863281,1,1,False,False
D_R_43022,chck_90M,natural_mention:nr:00080,nonidentical_remention,nonperson_name_to_pronoun,natural_distance_pair:0118,10_19,19,1.2876863479614258,1.2905163764953613,0.002830028533935547,1,1,False,False
D_R_43022,chck_90M,natural_mention:nr:00081,nonidentical_remention,full_name_to_surname_or_final_token,natural_distance_pair:0025,20_39,28,2.7230465412139893,7.171814441680908,4.448767900466919,4,4,False,False
D_R_43022,chck_90M,natural_mention:nr:00082,nonidentical_remention,full_name_to_surname_or_final_token,natural_distance_pair:0050,10_19,11,8.137171745300293,6.2486677169799805,-1.8885040283203125,2,2,False,False
D_R_43022,chck_90M,natural_mention:nr:00083,nonidentical_remention,explicit_appositive_description,natural_distance_pair:0067,00_04,0,8.610259056091309,8.456286430358887,-0.15397262573242188,6,6,False,False
D_R_43022,chck_90M,natural_mention:nr:00084,nonidentical_remention,full_name_to_surname_or_final_token,natural_distance_pair:0055,05_09,7,6.694082736968994,6.95180082321167,0.2577180862426758,3,3,False,False
D_R_43022,chck_90M,natural_mention:nr:00085,nonidentical_remention,person_name_to_pronoun,natural_distance_pair:0113,05_09,7,0.03822501376271248,0.03321424126625061,-0.005010772496461868,1,1,False,False
D_R_43022,chck_90M,natural_mention:nr:00086,nonidentical_remention,person_name_to_pronoun,natural_distance_pair:0088,20_39,21,4.490050792694092,4.837156295776367,0.3471055030822754,1,1,False,False
D_R_43022,chck_90M,natural_mention:nr:00087,nonidentical_remention,full_name_to_acronym,natural_distance_pair:0033,20_39,20,10.125594139099121,10.1583890914917,0.032794952392578125,2,2,False,False
D_R_43022,chck_90M,natural_mention:nr:00088,nonidentical_remention,full_name_to_surname_or_final_token,natural_distance_pair:0015,20_39,38,9.800619125366211,10.691442489624023,0.8908233642578125,2,2,False,False
D_R_43022,chck_90M,natural_mention:nr:00089,nonidentical_remention,full_name_to_surname_or_final_token,natural_distance_pair:0000,40_79,74,2.2130372524261475,6.3008317947387695,4.087794542312622,2,2,False,False
D_R_43022,chck_90M,natural_mention:nr:00090,nonidentical_remention,explicit_appositive_description,natural_distance_pair:0068,00_04,0,7.869848728179932,7.755476474761963,-0.11437225341796875,3,3,False,False
D_R_43022,chck_90M,natural_mention:nr:00091,nonidentical_remention,full_name_to_acronym,natural_distance_pair:0048,10_19,12,5.766219139099121,5.602973461151123,-0.16324567794799805,2,2,False,False
D_R_43022,chck_90M,natural_mention:nr:00092,nonidentical_remention,full_name_to_acronym,natural_distance_pair:0032,20_39,21,9.090737342834473,9.078865051269531,-0.011872291564941406,2,2,False,False
D_R_43022,chck_90M,natural_mention:nr:00093,nonidentical_remention,person_name_to_pronoun,natural_distance_pair:0103,10_19,10,3.959012985229492,3.3067092895507812,-0.6523036956787109,1,1,False,False
D_R_43022,chck_90M,natural_mention:nr:00094,nonidentical_remention,full_name_to_acronym,natural_distance_pair:0024,20_39,29,4.643219470977783,4.637197017669678,-0.006022453308105469,3,3,False,False
D_R_43022,chck_90M,natural_mention:nr:00095,nonidentical_remention,full_name_to_surname_or_final_token,natural_distance_pair:0059,00_04,4,0.6844997406005859,0.2155066281557083,-0.4689931124448776,1,1,False,False
D_R_43022,chck_90M,natural_mention:nr:00096,nonidentical_remention,person_name_to_pronoun,natural_distance_pair:0101,10_19,11,5.95979118347168,5.693073272705078,-0.26671791076660156,1,1,False,False
D_R_43022,chck_90M,natural_mention:nr:00097,nonidentical_remention,full_name_to_surname_or_final_token,natural_distance_pair:0007,40_79,52,2.5018091201782227,8.152381896972656,5.650572776794434,3,3,False,False
D_R_43022,chck_90M,natural_mention:nr:00098,nonidentical_remention,full_name_to_surname_or_final_token,natural_distance_pair:0023,20_39,30,3.1660754680633545,8.954569816589355,5.788494348526001,5,5,False,False
D_R_43022,chck_90M,natural_mention:nr:00099,nonidentical_remention,full_name_to_surname_or_final_token,natural_distance_pair:0054,05_09,9,8.15515422821045,6.3206467628479,-1.8345074653625488,3,3,False,False
D_R_43022,chck_90M,natural_mention:nr:00100,nonidentical_remention,full_name_to_acronym,natural_distance_pair:0020,20_39,31,9.409266471862793,8.250962257385254,-1.158304214477539,3,3,False,False
D_R_43022,chck_90M,natural_mention:nr:00101,nonidentical_remention,full_name_to_acronym,natural_distance_pair:0037,10_19,17,3.158031463623047,3.753525495529175,0.5954940319061279,3,3,False,False
D_R_43022,chck_90M,natural_mention:nr:00102,nonidentical_remention,explicit_appositive_description,natural_distance_pair:0073,00_04,0,4.794767379760742,4.69417142868042,-0.10059595108032227,1,1,False,False
D_R_43022,chck_90M,natural_mention:nr:00103,nonidentical_remention,full_name_to_acronym,natural_distance_pair:0002,40_79,62,9.403633117675781,9.634590148925781,0.23095703125,3,3,False,False
D_R_43022,chck_90M,natural_mention:nr:00104,nonidentical_remention,full_name_to_surname_or_final_token,natural_distance_pair:0018,20_39,35,0.14808151125907898,8.949725151062012,8.801643639802933,2,2,False,False
D_R_43022,chck_90M,natural_mention:nr:00105,nonidentical_remention,full_name_to_surname_or_final_token,natural_distance_pair:0013,40_79,44,8.436840057373047,9.432107925415039,0.9952678680419922,4,4,False,False
D_R_43022,chck_90M,natural_mention:nr:00106,nonidentical_remention,full_name_to_surname_or_final_token,natural_distance_pair:0006,40_79,53,12.173223495483398,12.148365020751953,-0.024858474731445312,2,2,False,False
D_R_43022,chck_90M,natural_mention:nr:00107,nonidentical_remention,full_name_to_surname_or_final_token,natural_distance_pair:0041,10_19,15,4.05621337890625,8.025152206420898,3.9689388275146484,2,2,False,False
D_R_43022,chck_90M,natural_mention:nr:00108,nonidentical_remention,full_name_to_surname_or_final_token,natural_distance_pair:0030,20_39,23,1.573228120803833,9.31857967376709,7.745351552963257,2,2,False,False
D_R_43022,chck_90M,natural_mention:nr:00109,nonidentical_remention,full_name_to_surname_or_final_token,natural_distance_pair:0039,10_19,16,0.029353782534599304,0.014352071098983288,-0.015001711435616016,1,1,False,False
D_R_43022,chck_90M,natural_mention:nr:00110,nonidentical_remention,full_name_to_acronym,natural_distance_pair:0021,20_39,31,0.054429247975349426,0.056635782122612,0.0022065341472625732,2,2,False,False
D_R_43022,chck_90M,natural_mention:nr:00111,nonidentical_remention,full_name_to_acronym,natural_distance_pair:0016,20_39,37,4.828605651855469,5.777163505554199,0.9485578536987305,1,1,False,False
D_R_43022,chck_90M,natural_mention:nr:00112,nonidentical_remention,person_name_to_pronoun,natural_distance_pair:0102,10_19,10,1.6302659511566162,1.4859236478805542,-0.144342303276062,1,1,False,False
D_R_43022,chck_90M,natural_mention:nr:00113,nonidentical_remention,full_name_to_surname_or_final_token,natural_distance_pair:0012,40_79,48,5.896849155426025,6.496129512786865,0.5992803573608398,3,3,False,False
D_R_43022,chck_90M,natural_mention:nr:00114,nonidentical_remention,person_name_to_pronoun,natural_distance_pair:0090,20_39,21,2.9773688316345215,3.0828347206115723,0.10546588897705078,1,1,False,False
D_R_43022,chck_90M,natural_mention:nr:00115,nonidentical_remention,person_name_to_pronoun,natural_distance_pair:0109,05_09,8,1.7395769357681274,0.7306360006332397,-1.0089409351348877,1,1,False,False
D_R_43022,chck_90M,natural_mention:nr:00116,nonidentical_remention,person_name_to_pronoun,natural_distance_pair:0094,10_19,15,0.5662012100219727,0.10919070988893509,-0.45701050013303757,1,1,False,False
D_R_43022,chck_90M,natural_mention:nr:00117,nonidentical_remention,person_name_to_pronoun,natural_distance_pair:0116,05_09,6,1.6786081790924072,1.0569841861724854,-0.6216239929199219,1,1,False,False
D_R_43022,chck_90M,natural_mention:nr:00118,nonidentical_remention,full_name_to_acronym,natural_distance_pair:0019,20_39,33,5.907198429107666,5.957801818847656,0.050603389739990234,3,3,False,False
D_R_43022,chck_90M,natural_mention:nr:00119,nonidentical_remention,person_name_to_pronoun,natural_distance_pair:0105,05_09,9,0.6179569363594055,0.39103105664253235,-0.22692587971687317,1,1,False,False
D_R_43022,chck_90M,natural_mention:nr:00120,nonidentical_remention,person_name_to_pronoun,natural_distance_pair:0115,05_09,6,1.5043350458145142,1.0982410907745361,-0.406093955039978,1,1,False,False
D_R_43022,chck_90M,natural_mention:nr:00121,nonidentical_remention,full_name_to_acronym,natural_distance_pair:0061,00_04,2,5.017669200897217,5.010585784912109,-0.007083415985107422,4,4,False,False
D_R_43022,chck_90M,natural_mention:nr:00122,nonidentical_remention,explicit_appositive_description,natural_distance_pair:0082,00_04,0,3.8487677574157715,3.673513412475586,-0.17525434494018555,1,1,False,False
D_R_43022,chck_90M,natural_mention:nr:00123,nonidentical_remention,full_name_to_acronym,natural_distance_pair:0017,20_39,36,2.2089157104492188,1.9478130340576172,-0.26110267639160156,3,3,False,False
D_R_43022,chck_90M,natural_mention:nr:00124,nonidentical_remention,full_name_to_surname_or_final_token,natural_distance_pair:0034,20_39,20,1.8047325611114502,9.196187973022461,7.391455411911011,2,2,False,False
D_R_43022,chck_90M,natural_mention:nr:00125,nonidentical_remention,explicit_appositive_description,natural_distance_pair:0077,00_04,0,6.706416606903076,6.593029022216797,-0.1133875846862793,3,3,False,False
D_R_43022,chck_90M,natural_mention:nr:00126,nonidentical_remention,full_name_to_acronym,natural_distance_pair:0031,20_39,22,7.755223274230957,8.25875473022461,0.5035314559936523,2,2,False,False
D_R_43022,chck_90M,natural_mention:nr:00127,nonidentical_remention,person_name_to_pronoun,natural_distance_pair:0106,05_09,8,0.0983022078871727,0.11644700169563293,0.018144793808460236,1,1,False,False
D_R_43022,chck_90M,natural_mention:nr:00128,nonidentical_remention,full_name_to_surname_or_final_token,natural_distance_pair:0038,10_19,16,4.780673027038574,7.7213358879089355,2.9406628608703613,2,2,False,False
D_R_43022,chck_90M,natural_mention:vr:00129,verbatim_remention,exact_named_entity,natural_distance_pair:0082,00_04,4,7.8656840324401855,7.849191665649414,-0.016492366790771484,2,2,False,False
D_R_43022,chck_90M,natural_mention:vr:00130,verbatim_remention,exact_named_entity,natural_distance_pair:0041,10_19,15,0.10429457575082779,14.21823787689209,14.113943301141262,3,3,False,False
D_R_43022,chck_90M,natural_mention:vr:00131,verbatim_remention,exact_named_entity,natural_distance_pair:0046,10_19,13,0.1053517609834671,8.376185417175293,8.270833656191826,5,5,False,False
D_R_43022,chck_90M,natural_mention:vr:00132,verbatim_remention,exact_named_entity,natural_distance_pair:0080,00_04,3,5.845134735107422,5.739103317260742,-0.10603141784667969,3,3,False,False
D_R_43022,chck_90M,natural_mention:vr:00133,verbatim_remention,exact_named_entity,natural_distance_pair:0035,10_19,19,7.326469421386719,7.9975104331970215,0.6710410118103027,1,1,False,False
D_R_43022,chck_90M,natural_mention:vr:00134,verbatim_remention,exact_named_entity,natural_distance_pair:0081,00_04,4,0.907393753528595,0.7874017953872681,-0.1199919581413269,1,1,False,False
D_R_43022,chck_90M,natural_mention:vr:00135,verbatim_remention,exact_named_entity,natural_distance_pair:0026,20_39,28,0.35205426812171936,5.030804634094238,4.678750365972519,2,2,False,False
D_R_43022,chck_90M,natural_mention:vr:00136,verbatim_remention,exact_named_entity,natural_distance_pair:0006,40_79,54,9.432632446289062,9.682987213134766,0.2503547668457031,2,2,False,False
D_R_43022,chck_90M,natural_mention:vr:00137,verbatim_remention,exact_named_entity,natural_distance_pair:0100,10_19,12,0.9202757477760315,0.8570380210876465,-0.06323772668838501,2,2,False,False
D_R_43022,chck_90M,natural_mention:vr:00138,verbatim_remention,exact_named_entity,natural_distance_pair:0111,05_09,8,1.9671489000320435,2.140139579772949,0.17299067974090576,3,3,False,False
D_R_43022,chck_90M,natural_mention:vr:00139,verbatim_remention,exact_named_entity,natural_distance_pair:0015,20_39,38,0.6072909235954285,4.025640964508057,3.418350040912628,3,3,False,False
D_R_43022,chck_90M,natural_mention:vr:00140,verbatim_remention,exact_named_entity,natural_distance_pair:0091,10_19,18,5.09066915512085,11.447218894958496,6.3565497398376465,4,4,False,False
D_R_43022,chck_90M,natural_mention:vr:00141,verbatim_remention,exact_named_entity,natural_distance_pair:0022,20_39,31,0.7749409675598145,1.4640244245529175,0.689083456993103,1,1,False,False
D_R_43022,chck_90M,natural_mention:vr:00142,verbatim_remention,exact_named_entity,natural_distance_pair:0052,10_19,10,0.9704998135566711,1.453698754310608,0.48319894075393677,3,3,False,False
D_R_43022,chck_90M,natural_mention:vr:00143,verbatim_remention,exact_named_entity,natural_distance_pair:0062,00_04,3,7.570243835449219,8.300724983215332,0.7304811477661133,1,1,False,False
D_R_43022,chck_90M,natural_mention:vr:00144,verbatim_remention,exact_named_entity,natural_distance_pair:0002,40_79,62,6.006844997406006,7.030758857727051,1.023913860321045,1,1,False,False
D_R_43022,chck_90M,natural_mention:vr:00145,verbatim_remention,exact_named_entity,natural_distance_pair:0031,20_39,22,8.843159675598145,8.986592292785645,0.1434326171875,1,1,False,False
D_R_43022,chck_90M,natural_mention:vr:00146,verbatim_remention,exact_named_entity,natural_distance_pair:0047,10_19,12,0.9043442010879517,2.122612476348877,1.2182682752609253,2,2,False,False
D_R_43022,chck_90M,natural_mention:vr:00147,verbatim_remention,exact_named_entity,natural_distance_pair:0112,05_09,7,7.090372562408447,8.334081649780273,1.2437090873718262,1,1,False,False
D_R_43022,chck_90M,natural_mention:vr:00148,verbatim_remention,exact_named_entity,natural_distance_pair:0109,05_09,8,2.5785582065582275,9.00710678100586,6.428548574447632,3,3,False,False
D_R_43022,chck_90M,natural_mention:vr:00149,verbatim_remention,exact_named_entity,natural_distance_pair:0098,10_19,12,1.957498550415039,3.254336357116699,1.2968378067016602,3,3,False,False
D_R_43022,chck_90M,natural_mention:vr:00150,verbatim_remention,exact_named_entity,natural_distance_pair:0117,05_09,5,5.475919723510742,3.99054217338562,-1.485377550125122,3,3,False,False
D_R_43022,chck_90M,natural_mention:vr:00151,verbatim_remention,exact_named_entity,natural_distance_pair:0005,40_79,54,14.01607894897461,13.721131324768066,-0.29494762420654297,1,1,False,False
D_R_43022,chck_90M,natural_mention:vr:00152,verbatim_remention,exact_named_entity,natural_distance_pair:0014,40_79,42,1.9255272150039673,7.908414840698242,5.982887625694275,2,2,False,False
D_R_43022,chck_90M,natural_mention:vr:00153,verbatim_remention,exact_named_entity,natural_distance_pair:0102,10_19,10,9.450249671936035,10.83106803894043,1.3808183670043945,2,2,False,False
D_R_43022,chck_90M,natural_mention:vr:00154,verbatim_remention,indefinite_to_definite_nominal,natural_distance_pair:0084,00_04,3,2.174485921859741,4.500870704650879,2.3263847827911377,1,1,False,False
D_R_43022,chck_90M,natural_mention:vr:00155,verbatim_remention,exact_named_entity,natural_distance_pair:0108,05_09,8,1.1169562339782715,5.729311943054199,4.612355709075928,1,1,False,False
D_R_43022,chck_90M,natural_mention:vr:00156,verbatim_remention,exact_named_entity,natural_distance_pair:0011,40_79,48,1.907686471939087,2.3661389350891113,0.4584524631500244,1,1,False,False
D_R_43022,chck_90M,natural_mention:vr:00157,verbatim_remention,exact_named_entity,natural_distance_pair:0105,05_09,9,1.3440804481506348,1.89102303981781,0.5469425916671753,2,2,False,False
D_R_43022,chck_90M,natural_mention:vr:00158,verbatim_remention,exact_named_entity,natural_distance_pair:0066,00_04,4,0.1797505021095276,6.357463836669922,6.177713334560394,2,2,False,False
D_R_43022,chck_90M,natural_mention:vr:00159,verbatim_remention,exact_named_entity,natural_distance_pair:0090,20_39,21,13.021684646606445,12.624212265014648,-0.3974723815917969,1,1,False,False
D_R_43022,chck_90M,natural_mention:vr:00160,verbatim_remention,exact_named_entity,natural_distance_pair:0121,10_19,12,0.028378484770655632,12.621718406677246,12.59333992190659,1,1,False,False
D_R_43022,chck_90M,natural_mention:vr:00161,verbatim_remention,indefinite_to_definite_nominal,natural_distance_pair:0074,00_04,4,8.528227806091309,9.609514236450195,1.0812864303588867,1,1,False,False
D_R_43022,chck_90M,natural_mention:vr:00162,verbatim_remention,exact_named_entity,natural_distance_pair:0036,10_19,18,0.46953028440475464,7.26747989654541,6.7979496121406555,1,1,False,False
D_R_43022,chck_90M,natural_mention:vr:00163,verbatim_remention,exact_named_entity,natural_distance_pair:0029,20_39,26,5.882602214813232,7.8729658126831055,1.990363597869873,2,2,False,False
D_R_43022,chck_90M,natural_mention:vr:00164,verbatim_remention,exact_named_entity,natural_distance_pair:0057,00_04,4,6.5075507164001465,7.699920654296875,1.1923699378967285,1,1,False,False
D_R_43022,chck_90M,natural_mention:vr:00165,verbatim_remention,exact_named_entity,natural_distance_pair:0107,05_09,8,0.13085423409938812,0.7561829090118408,0.6253286749124527,1,1,False,False
D_R_43022,chck_90M,natural_mention:vr:00166,verbatim_remention,exact_named_entity,natural_distance_pair:0101,10_19,11,9.144100189208984,9.342036247253418,0.1979360580444336,1,1,False,False
D_R_43022,chck_90M,natural_mention:vr:00167,verbatim_remention,exact_named_entity,natural_distance_pair:0037,10_19,17,0.13474927842617035,11.772064208984375,11.637314930558205,3,3,False,False
D_R_43022,chck_90M,natural_mention:vr:00168,verbatim_remention,exact_named_entity,natural_distance_pair:0092,10_19,17,4.7470574378967285,5.189539909362793,0.44248247146606445,2,2,False,False
D_R_43022,chck_90M,natural_mention:vr:00169,verbatim_remention,exact_named_entity,natural_distance_pair:0104,05_09,9,0.13047143816947937,6.948071479797363,6.817600041627884,2,2,False,False
D_R_43022,chck_90M,natural_mention:vr:00170,verbatim_remention,exact_named_entity,natural_distance_pair:0012,40_79,48,4.540316581726074,8.388871192932129,3.8485546112060547,1,1,False,False
D_R_43022,chck_90M,natural_mention:vr:00171,verbatim_remention,exact_named_entity,natural_distance_pair:0038,10_19,16,7.25982666015625,8.181596755981445,0.9217700958251953,3,3,False,False
D_R_43022,chck_90M,natural_mention:vr:00172,verbatim_remention,exact_named_entity,natural_distance_pair:0053,10_19,10,8.191085815429688,7.193150997161865,-0.9979348182678223,1,1,False,False
D_R_43022,chck_90M,natural_mention:vr:00173,verbatim_remention,indefinite_to_definite_nominal,natural_distance_pair:0085,00_04,4,6.213962078094482,9.682846069335938,3.468883991241455,2,2,False,False
D_R_43022,chck_90M,natural_mention:vr:00174,verbatim_remention,exact_named_entity,natural_distance_pair:0125,05_09,9,0.03121110238134861,1.5989031791687012,1.5676920767873526,4,4,False,False
D_R_43022,chck_90M,natural_mention:vr:00175,verbatim_remention,exact_named_entity,natural_distance_pair:0063,00_04,3,11.826773643493652,10.327054023742676,-1.4997196197509766,1,1,False,False
D_R_43022,chck_90M,natural_mention:vr:00176,verbatim_remention,exact_named_entity,natural_distance_pair:0118,10_19,19,1.3522250652313232,8.615553855895996,7.263328790664673,2,2,False,False
D_R_43022,chck_90M,natural_mention:vr:00177,verbatim_remention,exact_named_entity,natural_distance_pair:0059,00_04,4,2.6821861267089844,8.14975357055664,5.467567443847656,2,2,False,False
D_R_43022,chck_90M,natural_mention:vr:00178,verbatim_remention,exact_named_entity,natural_distance_pair:0040,10_19,15,3.2054600715637207,10.769566535949707,7.564106464385986,2,2,False,False
D_R_43022,chck_90M,natural_mention:vr:00179,verbatim_remention,exact_named_entity,natural_distance_pair:0094,10_19,15,0.2405661642551422,2.647759199142456,2.407193034887314,1,1,False,False
D_R_43022,chck_90M,natural_mention:vr:00180,verbatim_remention,exact_named_entity,natural_distance_pair:0048,10_19,12,9.279847145080566,9.341316223144531,0.061469078063964844,1,1,False,False
D_R_43022,chck_90M,natural_mention:vr:00181,verbatim_remention,exact_named_entity,natural_distance_pair:0058,00_04,4,0.6024235486984253,8.939679145812988,8.337255597114563,1,1,False,False
D_R_43022,chck_90M,natural_mention:vr:00182,verbatim_remention,exact_named_entity,natural_distance_pair:0033,20_39,20,5.381734848022461,11.861991882324219,6.480257034301758,1,1,False,False
D_R_43022,chck_90M,natural_mention:vr:00183,verbatim_remention,exact_named_entity,natural_distance_pair:0079,00_04,4,8.886709213256836,8.538896560668945,-0.3478126525878906,4,4,False,False
D_R_43022,chck_90M,natural_mention:vr:00184,verbatim_remention,exact_named_entity,natural_distance_pair:0054,05_09,9,11.408987045288086,12.938592910766602,1.5296058654785156,1,1,False,False
D_R_43022,chck_90M,natural_mention:vr:00185,verbatim_remention,exact_named_entity,natural_distance_pair:0078,00_04,3,3.570767641067505,0.9395453333854675,-2.6312223076820374,3,3,False,False
D_R_43022,chck_90M,natural_mention:vr:00186,verbatim_remention,exact_named_entity,natural_distance_pair:0030,20_39,23,17.422866821289062,17.274429321289062,-0.1484375,1,1,False,False
D_R_43022,chck_90M,natural_mention:vr:00187,verbatim_remention,exact_named_entity,natural_distance_pair:0126,05_09,7,0.19840674102306366,6.045462608337402,5.847055867314339,5,5,False,False
D_R_43022,chck_90M,natural_mention:vr:00188,verbatim_remention,exact_named_entity,natural_distance_pair:0027,20_39,28,4.52312707901001,4.794722080230713,0.2715950012207031,1,1,False,False
D_R_43022,chck_90M,natural_mention:vr:00189,verbatim_remention,exact_named_entity,natural_distance_pair:0069,00_04,4,0.07329998910427094,0.06331701576709747,-0.009982973337173462,2,2,False,False
D_R_43022,chck_90M,natural_mention:vr:00190,verbatim_remention,exact_named_entity,natural_distance_pair:0051,10_19,11,2.073446035385132,0.04432406648993492,-2.029121968895197,3,3,False,False
D_R_43022,chck_90M,natural_mention:vr:00191,verbatim_remention,exact_named_entity,natural_distance_pair:0042,10_19,14,5.40836763381958,6.811101913452148,1.4027342796325684,3,3,False,False
D_R_43022,chck_90M,natural_mention:vr:00192,verbatim_remention,exact_named_entity,natural_distance_pair:0072,00_04,3,4.98957633972168,4.983667373657227,-0.005908966064453125,3,3,False,False
D_R_43022,chck_90M,natural_mention:vr:00193,verbatim_remention,exact_named_entity,natural_distance_pair:0021,20_39,31,3.040499448776245,3.4303481578826904,0.3898487091064453,6,6,False,False
D_R_43022,chck_90M,natural_mention:vr:00194,verbatim_remention,exact_named_entity,natural_distance_pair:0068,00_04,3,12.911602020263672,12.979621887207031,0.06801986694335938,2,2,False,False
D_R_43022,chck_90M,natural_mention:vr:00195,verbatim_remention,exact_named_entity,natural_distance_pair:0028,20_39,27,0.6286637187004089,7.762452125549316,7.1337884068489075,1,1,False,False
D_R_43022,chck_90M,natural_mention:vr:00196,verbatim_remention,exact_named_entity,natural_distance_pair:0124,05_09,9,2.363137722015381,0.7116579413414001,-1.6514797806739807,3,3,False,False
D_R_43022,chck_90M,natural_mention:vr:00197,verbatim_remention,exact_named_entity,natural_distance_pair:0060,00_04,4,2.022991418838501,2.6536965370178223,0.6307051181793213,3,3,False,False
D_R_43022,chck_90M,natural_mention:vr:00198,verbatim_remention,exact_named_entity,natural_distance_pair:0049,10_19,12,10.048543930053711,9.915474891662598,-0.13306903839111328,2,2,False,False
D_R_43022,chck_90M,natural_mention:vr:00199,verbatim_remention,exact_named_entity,natural_distance_pair:0045,10_19,13,0.013206977397203445,0.010199592448771,-0.0030073849484324455,4,4,False,False
D_R_43022,chck_90M,natural_mention:vr:00200,verbatim_remention,exact_named_entity,natural_distance_pair:0017,20_39,35,7.572197914123535,7.441506385803223,-0.1306915283203125,5,5,False,False
D_R_43022,chck_90M,natural_mention:vr:00201,verbatim_remention,exact_named_entity,natural_distance_pair:0010,40_79,48,0.028138596564531326,7.806325912475586,7.778187315911055,1,1,False,False
D_R_43022,chck_90M,natural_mention:vr:00202,verbatim_remention,exact_named_entity,natural_distance_pair:0023,20_39,30,6.772363185882568,8.503954887390137,1.7315917015075684,3,3,False,False
D_R_43022,chck_90M,natural_mention:vr:00203,verbatim_remention,exact_named_entity,natural_distance_pair:0075,00_04,4,5.020266532897949,9.756928443908691,4.736661911010742,5,5,False,False
D_R_43022,chck_90M,natural_mention:vr:00204,verbatim_remention,exact_named_entity,natural_distance_pair:0087,20_39,33,8.688363075256348,11.980453491210938,3.29209041595459,1,1,False,False
D_R_43022,chck_90M,natural_mention:vr:00205,verbatim_remention,exact_named_entity,natural_distance_pair:0025,20_39,28,14.408210754394531,14.203994750976562,-0.20421600341796875,2,2,False,False
D_R_43022,chck_90M,natural_mention:vr:00206,verbatim_remention,exact_named_entity,natural_distance_pair:0115,05_09,6,0.5022956728935242,2.814363718032837,2.3120680451393127,4,4,False,False
D_R_43022,chck_90M,natural_mention:vr:00207,verbatim_remention,exact_named_entity,natural_distance_pair:0065,00_04,3,5.444061279296875,7.817265033721924,2.373203754425049,1,1,False,False
D_R_43022,chck_90M,natural_mention:vr:00208,verbatim_remention,exact_named_entity,natural_distance_pair:0113,05_09,7,3.8847715854644775,5.460799217224121,1.5760276317596436,1,1,False,False
D_R_43022,chck_90M,natural_mention:vr:00209,verbatim_remention,exact_named_entity,natural_distance_pair:0119,10_19,16,3.097252607345581,1.1501250267028809,-1.9471275806427002,1,1,False,False
D_R_43022,chck_90M,natural_mention:vr:00210,verbatim_remention,exact_named_entity,natural_distance_pair:0056,05_09,6,0.04285324737429619,1.2655298709869385,1.2226766236126423,2,2,False,False
D_R_43022,chck_90M,natural_mention:vr:00211,verbatim_remention,exact_named_entity,natural_distance_pair:0016,20_39,37,0.021313054487109184,13.922356605529785,13.901043551042676,3,3,False,False
D_R_43022,chck_90M,natural_mention:vr:00212,verbatim_remention,exact_named_entity,natural_distance_pair:0013,40_79,44,0.020422568544745445,11.473723411560059,11.453300843015313,3,3,False,False
D_R_43022,chck_90M,natural_mention:vr:00213,verbatim_remention,exact_named_entity,natural_distance_pair:0050,10_19,11,7.652853965759277,10.3790922164917,2.726238250732422,4,4,False,False
D_R_43022,chck_90M,natural_mention:vr:00214,verbatim_remention,exact_named_entity,natural_distance_pair:0043,10_19,14,1.2731587886810303,3.9495601654052734,2.676401376724243,2,2,False,False
D_R_43022,chck_90M,natural_mention:vr:00215,verbatim_remention,exact_named_entity,natural_distance_pair:0020,20_39,31,0.00801118090748787,11.035588264465332,11.027577083557844,2,2,False,False
D_R_43022,chck_90M,natural_mention:vr:00216,verbatim_remention,exact_named_entity,natural_distance_pair:0007,40_79,52,6.7328081130981445,9.093405723571777,2.360597610473633,1,1,False,False
D_R_43022,chck_90M,natural_mention:vr:00217,verbatim_remention,exact_named_entity,natural_distance_pair:0088,20_39,21,4.002910614013672,3.739464282989502,-0.2634463310241699,1,1,False,False
D_R_43022,chck_90M,natural_mention:vr:00218,verbatim_remention,exact_named_entity,natural_distance_pair:0083,00_04,4,0.2660382390022278,10.896034240722656,10.629996001720428,2,2,False,False
D_R_43022,chck_90M,natural_mention:vr:00219,verbatim_remention,exact_named_entity,natural_distance_pair:0096,10_19,14,7.798037052154541,7.936789035797119,0.13875198364257812,3,3,False,False
D_R_43022,chck_90M,natural_mention:vr:00220,verbatim_remention,exact_named_entity,natural_distance_pair:0044,10_19,13,4.422276496887207,4.089963912963867,-0.33231258392333984,1,1,False,False
D_R_43022,chck_90M,natural_mention:vr:00221,verbatim_remention,exact_named_entity,natural_distance_pair:0000,40_79,71,0.41608813405036926,10.501956939697266,10.085868805646896,2,2,False,False
D_R_43022,chck_90M,natural_mention:vr:00222,verbatim_remention,exact_named_entity,natural_distance_pair:0064,00_04,4,1.3488214015960693,1.4298996925354004,0.08107829093933105,1,1,False,False
D_R_43022,chck_90M,natural_mention:vr:00223,verbatim_remention,exact_named_entity,natural_distance_pair:0093,10_19,16,0.19808264076709747,0.013628709129989147,-0.18445393163710833,3,3,False,False
D_R_43022,chck_90M,natural_mention:vr:00224,verbatim_remention,exact_named_entity,natural_distance_pair:0018,20_39,36,12.00709342956543,13.616545677185059,1.609452247619629,1,1,False,False
D_R_43022,chck_90M,natural_mention:vr:00225,verbatim_remention,exact_named_entity,natural_distance_pair:0114,05_09,7,6.11829948425293,7.199830055236816,1.0815305709838867,1,1,False,False
D_R_43022,chck_90M,natural_mention:vr:00226,verbatim_remention,exact_named_entity,natural_distance_pair:0009,40_79,51,7.818238258361816,7.385640621185303,-0.43259763717651367,1,1,False,False
D_R_43022,chck_90M,natural_mention:vr:00227,verbatim_remention,exact_named_entity,natural_distance_pair:0120,10_19,15,0.028572911396622658,4.435768127441406,4.407195216044784,2,2,False,False
D_R_43022,chck_90M,natural_mention:vr:00228,verbatim_remention,exact_named_entity,natural_distance_pair:0024,20_39,29,6.356650352478027,7.389067649841309,1.0324172973632812,4,4,False,False
D_R_43022,chck_90M,natural_mention:vr:00229,verbatim_remention,exact_named_entity,natural_distance_pair:0128,05_09,6,6.277230262756348,6.329791069030762,0.05256080627441406,1,1,False,False
D_R_43022,chck_90M,natural_mention:vr:00230,verbatim_remention,exact_named_entity,natural_distance_pair:0055,05_09,7,0.3751876950263977,10.156525611877441,9.781337916851044,2,2,False,False
D_R_43022,chck_90M,natural_mention:vr:00231,verbatim_remention,indefinite_to_definite_nominal,natural_distance_pair:0086,00_04,4,3.5196738243103027,5.195763111114502,1.6760892868041992,1,1,False,False
D_R_43022,chck_90M,natural_mention:vr:00232,verbatim_remention,exact_named_entity,natural_distance_pair:0089,20_39,21,0.47046154737472534,5.3159637451171875,4.845502197742462,1,1,False,False
D_R_43022,chck_90M,natural_mention:vr:00233,verbatim_remention,exact_named_entity,natural_distance_pair:0032,20_39,21,2.7660610675811768,4.302223205566406,1.5361621379852295,3,3,False,False
D_R_43022,chck_90M,natural_mention:vr:00234,verbatim_remention,exact_named_entity,natural_distance_pair:0019,20_39,33,0.12652140855789185,7.42135763168335,7.294836223125458,1,1,False,False
D_R_43022,chck_90M,natural_mention:vr:00235,verbatim_remention,exact_named_entity,natural_distance_pair:0116,05_09,6,2.4430007934570312,5.006312847137451,2.56331205368042,1,1,False,False
D_R_43022,chck_90M,natural_mention:vr:00236,verbatim_remention,exact_named_entity,natural_distance_pair:0067,00_04,4,3.253026247024536,4.07290506362915,0.8198788166046143,6,6,False,False
D_R_43022,chck_90M,natural_mention:vr:00237,verbatim_remention,exact_named_entity,natural_distance_pair:0122,10_19,10,1.1594022512435913,5.5443925857543945,4.384990334510803,1,1,False,False
D_R_43022,chck_90M,natural_mention:vr:00238,verbatim_remention,exact_named_entity,natural_distance_pair:0003,40_79,56,2.888317108154297,4.730737209320068,1.8424201011657715,1,1,False,False
D_R_43022,chck_90M,natural_mention:vr:00239,verbatim_remention,exact_named_entity,natural_distance_pair:0077,00_04,3,10.793218612670898,9.127375602722168,-1.6658430099487305,2,2,False,False
D_R_43022,chck_90M,natural_mention:vr:00240,verbatim_remention,exact_named_entity,natural_distance_pair:0106,05_09,8,7.024221897125244,6.781583786010742,-0.24263811111450195,6,6,False,False
D_R_43022,chck_90M,natural_mention:vr:00241,verbatim_remention,exact_named_entity,natural_distance_pair:0039,10_19,16,2.7272868156433105,3.998471260070801,1.2711844444274902,1,1,False,False
D_R_43022,chck_90M,natural_mention:vr:00242,verbatim_remention,exact_named_entity,natural_distance_pair:0099,10_19,12,13.309220314025879,13.632950782775879,0.32373046875,1,1,False,False
D_R_43022,chck_90M,natural_mention:vr:00243,verbatim_remention,exact_named_entity,natural_distance_pair:0110,05_09,8,8.951464653015137,9.926620483398438,0.9751558303833008,1,1,False,False
D_R_43022,chck_90M,natural_mention:vr:00244,verbatim_remention,exact_named_entity,natural_distance_pair:0070,00_04,3,5.875087738037109,5.95298433303833,0.0778965950012207,2,2,False,False
D_R_43022,chck_90M,natural_mention:vr:00245,verbatim_remention,exact_named_entity,natural_distance_pair:0008,40_79,52,2.7812812328338623,6.924960613250732,4.14367938041687,3,3,False,False
D_R_43022,chck_90M,natural_mention:vr:00246,verbatim_remention,exact_named_entity,natural_distance_pair:0097,10_19,13,0.007281905505806208,10.866389274597168,10.859107369091362,1,1,False,False
D_R_43022,chck_90M,natural_mention:vr:00247,verbatim_remention,exact_named_entity,natural_distance_pair:0061,00_04,3,8.45502758026123,6.089527606964111,-2.365499973297119,1,1,False,False
D_R_43022,chck_90M,natural_mention:vr:00248,verbatim_remention,exact_named_entity,natural_distance_pair:0103,10_19,10,7.653780937194824,8.79623031616211,1.1424493789672852,1,1,False,False
D_R_43022,chck_90M,natural_mention:vr:00249,verbatim_remention,exact_named_entity,natural_distance_pair:0073,00_04,4,2.775613307952881,2.7828688621520996,0.00725555419921875,1,1,False,False
D_R_43022,chck_90M,natural_mention:vr:00250,verbatim_remention,exact_named_entity,natural_distance_pair:0095,10_19,15,1.4387658834457397,5.242612838745117,3.8038469552993774,1,1,False,False
D_R_43022,chck_90M,natural_mention:vr:00251,verbatim_remention,exact_named_entity,natural_distance_pair:0071,00_04,4,1.984302043914795,9.112691879272461,7.128389835357666,4,4,False,False
D_R_43022,chck_90M,natural_mention:vr:00252,verbatim_remention,exact_named_entity,natural_distance_pair:0004,40_79,58,0.232195645570755,9.687895774841309,9.455700129270554,1,1,False,False
D_R_43022,chck_90M,natural_mention:vr:00253,verbatim_remention,exact_named_entity,natural_distance_pair:0127,05_09,7,5.500039577484131,7.547819137573242,2.0477795600891113,1,1,False,False
D_R_43022,chck_90M,natural_mention:vr:00254,verbatim_remention,exact_named_entity,natural_distance_pair:0123,10_19,10,2.1333274841308594,5.13724946975708,3.0039219856262207,1,1,False,False
D_R_43022,chck_90M,natural_mention:vr:00255,verbatim_remention,exact_named_entity,natural_distance_pair:0034,20_39,20,7.805398464202881,9.379822731018066,1.5744242668151855,2,2,False,False
D_R_43022,chck_90M,natural_mention:vr:00256,verbatim_remention,exact_named_entity,natural_distance_pair:0076,00_04,3,3.916367769241333,7.697254180908203,3.78088641166687,1,1,False,False
D_R_43022,chck_90M,natural_mention:vr:00257,verbatim_remention,exact_named_entity,natural_distance_pair:0001,40_79,61,13.802694320678711,13.911872863769531,0.10917854309082031,1,1,False,False
D_R_43022,chck_100M,natural_mention:nr:00000,nonidentical_remention,full_name_to_acronym,natural_distance_pair:0045,10_19,13,3.775522232055664,3.8824868202209473,0.1069645881652832,1,1,False,False
D_R_43022,chck_100M,natural_mention:nr:00001,nonidentical_remention,full_name_to_acronym,natural_distance_pair:0060,00_04,4,4.808358669281006,4.921192169189453,0.11283349990844727,4,4,False,False
D_R_43022,chck_100M,natural_mention:nr:00002,nonidentical_remention,nonperson_name_to_pronoun,natural_distance_pair:0123,10_19,10,2.872368812561035,2.8829822540283203,0.010613441467285156,1,1,False,False
D_R_43022,chck_100M,natural_mention:nr:00003,nonidentical_remention,explicit_appositive_description,natural_distance_pair:0084,00_04,0,3.780020236968994,3.4704272747039795,-0.30959296226501465,1,1,False,False
D_R_43022,chck_100M,natural_mention:nr:00004,nonidentical_remention,full_name_to_acronym,natural_distance_pair:0046,10_19,13,7.570485591888428,7.641702175140381,0.07121658325195312,2,2,False,False
D_R_43022,chck_100M,natural_mention:nr:00005,nonidentical_remention,full_name_to_acronym,natural_distance_pair:0056,05_09,6,10.837554931640625,10.986681938171387,0.14912700653076172,1,1,False,False
D_R_43022,chck_100M,natural_mention:nr:00006,nonidentical_remention,explicit_appositive_description,natural_distance_pair:0074,00_04,0,5.5152907371521,5.1493730545043945,-0.3659176826477051,1,1,False,False
D_R_43022,chck_100M,natural_mention:nr:00007,nonidentical_remention,person_name_to_pronoun,natural_distance_pair:0089,20_39,21,2.5976500511169434,0.32943296432495117,-2.268217086791992,1,1,False,False
D_R_43022,chck_100M,natural_mention:nr:00008,nonidentical_remention,nonperson_name_to_pronoun,natural_distance_pair:0119,10_19,16,6.480134963989258,6.588106632232666,0.1079716682434082,1,1,False,False
D_R_43022,chck_100M,natural_mention:nr:00009,nonidentical_remention,full_name_to_surname_or_final_token,natural_distance_pair:0027,20_39,28,0.008134315721690655,7.622231960296631,7.61409764457494,3,3,False,False
D_R_43022,chck_100M,natural_mention:nr:00010,nonidentical_remention,full_name_to_surname_or_final_token,natural_distance_pair:0049,10_19,12,0.004970251116901636,0.006530837621539831,0.001560586504638195,3,3,False,False
D_R_43022,chck_100M,natural_mention:nr:00011,nonidentical_remention,full_name_to_surname_or_final_token,natural_distance_pair:0001,40_79,65,0.032936252653598785,7.983537197113037,7.950600944459438,3,3,False,False
D_R_43022,chck_100M,natural_mention:nr:00012,nonidentical_remention,nonperson_name_to_pronoun,natural_distance_pair:0128,05_09,6,1.8698185682296753,0.7023975849151611,-1.1674209833145142,1,1,False,False
D_R_43022,chck_100M,natural_mention:nr:00013,nonidentical_remention,full_name_to_surname_or_final_token,natural_distance_pair:0053,10_19,10,2.783489227294922,5.97427225112915,3.1907830238342285,3,3,False,False
D_R_43022,chck_100M,natural_mention:nr:00014,nonidentical_remention,full_name_to_acronym,natural_distance_pair:0022,20_39,31,6.016610145568848,5.282727241516113,-0.7338829040527344,4,4,False,False
D_R_43022,chck_100M,natural_mention:nr:00015,nonidentical_remention,full_name_to_surname_or_final_token,natural_distance_pair:0026,20_39,28,8.223526954650879,8.530889511108398,0.30736255645751953,2,2,False,False
D_R_43022,chck_100M,natural_mention:nr:00016,nonidentical_remention,person_name_to_pronoun,natural_distance_pair:0097,10_19,13,2.8372092247009277,2.4789559841156006,-0.35825324058532715,1,1,False,False
D_R_43022,chck_100M,natural_mention:nr:00017,nonidentical_remention,full_name_to_surname_or_final_token,natural_distance_pair:0043,10_19,14,9.279296875,9.844091415405273,0.5647945404052734,2,2,False,False
D_R_43022,chck_100M,natural_mention:nr:00018,nonidentical_remention,explicit_appositive_description,natural_distance_pair:0070,00_04,0,5.1890716552734375,5.51475715637207,0.3256855010986328,2,2,False,False
D_R_43022,chck_100M,natural_mention:nr:00019,nonidentical_remention,person_name_to_pronoun,natural_distance_pair:0117,05_09,5,1.4163033962249756,1.7692545652389526,0.35295116901397705,1,1,False,False
D_R_43022,chck_100M,natural_mention:nr:00020,nonidentical_remention,full_name_to_acronym,natural_distance_pair:0035,10_19,19,9.140069961547852,8.85887336730957,-0.28119659423828125,2,2,False,False
D_R_43022,chck_100M,natural_mention:nr:00021,nonidentical_remention,full_name_to_surname_or_final_token,natural_distance_pair:0009,40_79,52,10.751025199890137,11.406961441040039,0.6559362411499023,2,2,False,False
D_R_43022,chck_100M,natural_mention:nr:00022,nonidentical_remention,full_name_to_surname_or_final_token,natural_distance_pair:0058,00_04,4,0.16224698722362518,0.1277603656053543,-0.034486621618270874,3,3,False,False
D_R_43022,chck_100M,natural_mention:nr:00023,nonidentical_remention,person_name_to_pronoun,natural_distance_pair:0112,05_09,7,0.050722505897283554,0.03331640362739563,-0.017406102269887924,1,1,False,False
D_R_43022,chck_100M,natural_mention:nr:00024,nonidentical_remention,nonperson_name_to_pronoun,natural_distance_pair:0122,10_19,10,0.6435154676437378,0.45132875442504883,-0.19218671321868896,1,1,False,False
D_R_43022,chck_100M,natural_mention:nr:00025,nonidentical_remention,person_name_to_pronoun,natural_distance_pair:0100,10_19,12,0.21984221041202545,0.1537579894065857,-0.06608422100543976,1,1,False,False
D_R_43022,chck_100M,natural_mention:nr:00026,nonidentical_remention,full_name_to_acronym,natural_distance_pair:0008,40_79,52,10.896150588989258,10.959620475769043,0.06346988677978516,1,1,False,False
D_R_43022,chck_100M,natural_mention:nr:00027,nonidentical_remention,full_name_to_acronym,natural_distance_pair:0063,00_04,1,5.695915222167969,5.57184362411499,-0.12407159805297852,3,3,False,False
D_R_43022,chck_100M,natural_mention:nr:00028,nonidentical_remention,full_name_to_surname_or_final_token,natural_distance_pair:0005,40_79,53,0.05174212157726288,11.101369857788086,11.049627736210823,2,2,False,False
D_R_43022,chck_100M,natural_mention:nr:00029,nonidentical_remention,explicit_appositive_description,natural_distance_pair:0079,00_04,0,7.3382744789123535,7.235193252563477,-0.10308122634887695,3,3,False,False
D_R_43022,chck_100M,natural_mention:nr:00030,nonidentical_remention,person_name_to_pronoun,natural_distance_pair:0099,10_19,12,1.5256028175354004,1.3786181211471558,-0.14698469638824463,1,1,False,False
D_R_43022,chck_100M,natural_mention:nr:00031,nonidentical_remention,nonperson_name_to_pronoun,natural_distance_pair:0127,05_09,7,2.6819467544555664,3.0477216243743896,0.36577486991882324,1,1,False,False
D_R_43022,chck_100M,natural_mention:nr:00032,nonidentical_remention,full_name_to_acronym,natural_distance_pair:0044,10_19,13,7.287352085113525,6.804534912109375,-0.4828171730041504,3,3,False,False
D_R_43022,chck_100M,natural_mention:nr:00033,nonidentical_remention,full_name_to_acronym,natural_distance_pair:0051,10_19,11,7.482572078704834,6.552607536315918,-0.929964542388916,2,2,False,False
D_R_43022,chck_100M,natural_mention:nr:00034,nonidentical_remention,full_name_to_surname_or_final_token,natural_distance_pair:0040,10_19,15,1.9928160905838013,1.811701774597168,-0.1811143159866333,2,2,False,False
D_R_43022,chck_100M,natural_mention:nr:00035,nonidentical_remention,person_name_to_pronoun,natural_distance_pair:0110,05_09,8,1.3743664026260376,1.701950192451477,0.32758378982543945,1,1,False,False
D_R_43022,chck_100M,natural_mention:nr:00036,nonidentical_remention,full_name_to_acronym,natural_distance_pair:0085,00_04,0,5.155361652374268,5.443117618560791,0.28775596618652344,2,2,False,False
D_R_43022,chck_100M,natural_mention:nr:00037,nonidentical_remention,person_name_to_pronoun,natural_distance_pair:0104,05_09,9,0.5842000842094421,0.6164822578430176,0.03228217363357544,1,1,False,False
D_R_43022,chck_100M,natural_mention:nr:00038,nonidentical_remention,explicit_appositive_description,natural_distance_pair:0072,00_04,0,4.699341773986816,4.3783464431762695,-0.3209953308105469,2,2,False,False
D_R_43022,chck_100M,natural_mention:nr:00039,nonidentical_remention,nonperson_name_to_pronoun,natural_distance_pair:0124,05_09,9,0.050646357238292694,0.04777916893362999,-0.0028671883046627045,1,1,False,False
D_R_43022,chck_100M,natural_mention:nr:00040,nonidentical_remention,person_name_to_pronoun,natural_distance_pair:0092,10_19,17,0.18817558884620667,0.5801552534103394,0.3919796645641327,1,1,False,False
D_R_43022,chck_100M,natural_mention:nr:00041,nonidentical_remention,full_name_to_surname_or_final_token,natural_distance_pair:0036,10_19,18,5.285223007202148,9.862922668457031,4.577699661254883,2,2,False,False
D_R_43022,chck_100M,natural_mention:nr:00042,nonidentical_remention,nonperson_name_to_pronoun,natural_distance_pair:0121,10_19,12,0.5563464164733887,0.3728526830673218,-0.1834937334060669,1,1,False,False
D_R_43022,chck_100M,natural_mention:nr:00043,nonidentical_remention,full_name_to_acronym,natural_distance_pair:0057,00_04,4,0.7031623721122742,0.5606502890586853,-0.14251208305358887,3,3,False,False
D_R_43022,chck_100M,natural_mention:nr:00044,nonidentical_remention,explicit_appositive_description,natural_distance_pair:0080,00_04,0,5.531376838684082,5.037484645843506,-0.49389219284057617,1,1,False,False
D_R_43022,chck_100M,natural_mention:nr:00045,nonidentical_remention,full_name_to_acronym,natural_distance_pair:0064,00_04,1,5.940392017364502,6.023477077484131,0.0830850601196289,2,2,False,False
D_R_43022,chck_100M,natural_mention:nr:00046,nonidentical_remention,full_name_to_surname_or_final_token,natural_distance_pair:0029,20_39,26,7.126272678375244,7.7729058265686035,0.6466331481933594,3,3,False,False
D_R_43022,chck_100M,natural_mention:nr:00047,nonidentical_remention,full_name_to_surname_or_final_token,natural_distance_pair:0014,40_79,42,4.229711532592773,7.736567974090576,3.5068564414978027,2,2,False,False
D_R_43022,chck_100M,natural_mention:nr:00048,nonidentical_remention,full_name_to_surname_or_final_token,natural_distance_pair:0010,40_79,48,9.816009521484375,10.614007949829102,0.7979984283447266,2,2,False,False
D_R_43022,chck_100M,natural_mention:nr:00049,nonidentical_remention,explicit_appositive_description,natural_distance_pair:0075,00_04,0,7.544486045837402,7.762093544006348,0.2176074981689453,7,7,False,False
D_R_43022,chck_100M,natural_mention:nr:00050,nonidentical_remention,full_name_to_acronym,natural_distance_pair:0081,00_04,0,4.634096145629883,4.8526740074157715,0.21857786178588867,2,2,False,False
D_R_43022,chck_100M,natural_mention:nr:00051,nonidentical_remention,person_name_to_pronoun,natural_distance_pair:0096,10_19,14,1.3397631645202637,0.04131244495511055,-1.2984507195651531,1,1,False,False
D_R_43022,chck_100M,natural_mention:nr:00052,nonidentical_remention,full_name_to_acronym,natural_distance_pair:0062,00_04,2,5.273220062255859,5.445793628692627,0.17257356643676758,2,2,False,False
D_R_43022,chck_100M,natural_mention:nr:00053,nonidentical_remention,person_name_to_pronoun,natural_distance_pair:0107,05_09,8,0.14415140450000763,0.14497485756874084,0.0008234530687332153,1,1,False,False
D_R_43022,chck_100M,natural_mention:nr:00054,nonidentical_remention,nonperson_name_to_pronoun,natural_distance_pair:0120,10_19,15,0.35909831523895264,0.5025456547737122,0.14344733953475952,1,1,False,False
D_R_43022,chck_100M,natural_mention:nr:00055,nonidentical_remention,full_name_to_acronym,natural_distance_pair:0071,00_04,0,3.366661548614502,3.5418548583984375,0.17519330978393555,2,2,False,False
D_R_43022,chck_100M,natural_mention:nr:00056,nonidentical_remention,person_name_to_pronoun,natural_distance_pair:0093,10_19,16,0.28832757472991943,0.5598734021186829,0.2715458273887634,1,1,False,False
D_R_43022,chck_100M,natural_mention:nr:00057,nonidentical_remention,person_name_to_pronoun,natural_distance_pair:0095,10_19,15,0.6813466548919678,0.6610936522483826,-0.020253002643585205,1,1,False,False
D_R_43022,chck_100M,natural_mention:nr:00058,nonidentical_remention,full_name_to_surname_or_final_token,natural_distance_pair:0028,20_39,27,2.5281291007995605,8.207206726074219,5.679077625274658,2,2,False,False
D_R_43022,chck_100M,natural_mention:nr:00059,nonidentical_remention,nonperson_name_to_pronoun,natural_distance_pair:0125,05_09,9,0.03795981779694557,0.03742186352610588,-0.0005379542708396912,1,1,False,False
D_R_43022,chck_100M,natural_mention:nr:00060,nonidentical_remention,explicit_appositive_description,natural_distance_pair:0083,00_04,0,8.115821838378906,8.095625877380371,-0.020195960998535156,3,3,False,False
D_R_43022,chck_100M,natural_mention:nr:00061,nonidentical_remention,full_name_to_surname_or_final_token,natural_distance_pair:0011,40_79,48,10.939224243164062,11.551079750061035,0.6118555068969727,1,1,False,False
D_R_43022,chck_100M,natural_mention:nr:00062,nonidentical_remention,full_name_to_surname_or_final_token,natural_distance_pair:0003,40_79,57,3.0298562049865723,7.118714809417725,4.088858604431152,5,5,False,False
D_R_43022,chck_100M,natural_mention:nr:00063,nonidentical_remention,full_name_to_acronym,natural_distance_pair:0066,00_04,0,6.202618598937988,4.894012451171875,-1.3086061477661133,2,2,False,False
D_R_43022,chck_100M,natural_mention:nr:00064,nonidentical_remention,full_name_to_surname_or_final_token,natural_distance_pair:0042,10_19,14,0.11026161164045334,9.260747909545898,9.150486297905445,2,2,False,False
D_R_43022,chck_100M,natural_mention:nr:00065,nonidentical_remention,full_name_to_acronym,natural_distance_pair:0065,00_04,1,7.725672245025635,6.702542781829834,-1.0231294631958008,2,2,False,False
D_R_43022,chck_100M,natural_mention:nr:00066,nonidentical_remention,explicit_appositive_description,natural_distance_pair:0078,00_04,0,4.242156982421875,4.748612880706787,0.5064558982849121,1,1,False,False
D_R_43022,chck_100M,natural_mention:nr:00067,nonidentical_remention,full_name_to_acronym,natural_distance_pair:0076,00_04,0,5.514331340789795,5.572790145874023,0.058458805084228516,2,2,False,False
D_R_43022,chck_100M,natural_mention:nr:00068,nonidentical_remention,explicit_appositive_description,natural_distance_pair:0086,00_04,0,5.974844932556152,6.048252105712891,0.07340717315673828,7,7,False,False
D_R_43022,chck_100M,natural_mention:nr:00069,nonidentical_remention,person_name_to_pronoun,natural_distance_pair:0111,05_09,8,0.24605907499790192,0.24398157000541687,-0.0020775049924850464,1,1,False,False
D_R_43022,chck_100M,natural_mention:nr:00070,nonidentical_remention,full_name_to_acronym,natural_distance_pair:0052,10_19,10,5.700472831726074,6.208649158477783,0.508176326751709,2,2,False,False
D_R_43022,chck_100M,natural_mention:nr:00071,nonidentical_remention,person_name_to_pronoun,natural_distance_pair:0108,05_09,8,0.543211817741394,0.4373452663421631,-0.10586655139923096,1,1,False,False
D_R_43022,chck_100M,natural_mention:nr:00072,nonidentical_remention,full_name_to_surname_or_final_token,natural_distance_pair:0004,40_79,56,1.379669427871704,5.699256896972656,4.319587469100952,2,2,False,False
D_R_43022,chck_100M,natural_mention:nr:00073,nonidentical_remention,person_name_to_pronoun,natural_distance_pair:0091,10_19,18,0.4638076424598694,0.7700637578964233,0.30625611543655396,1,1,False,False
D_R_43022,chck_100M,natural_mention:nr:00074,nonidentical_remention,full_name_to_acronym,natural_distance_pair:0047,10_19,12,4.837841510772705,5.000537395477295,0.16269588470458984,3,3,False,False
D_R_43022,chck_100M,natural_mention:nr:00075,nonidentical_remention,nonperson_name_to_pronoun,natural_distance_pair:0126,05_09,7,5.97788143157959,5.977792263031006,-8.916854858398438e-05,1,1,False,False
D_R_43022,chck_100M,natural_mention:nr:00076,nonidentical_remention,full_name_to_acronym,natural_distance_pair:0069,00_04,0,9.71094799041748,8.460626602172852,-1.250321388244629,2,2,False,False
D_R_43022,chck_100M,natural_mention:nr:00077,nonidentical_remention,person_name_to_pronoun,natural_distance_pair:0114,05_09,7,3.3869147300720215,3.4270224571228027,0.04010772705078125,1,1,False,False
D_R_43022,chck_100M,natural_mention:nr:00078,nonidentical_remention,person_name_to_pronoun,natural_distance_pair:0087,20_39,33,2.739112615585327,4.5691022872924805,1.8299896717071533,1,1,False,False
D_R_43022,chck_100M,natural_mention:nr:00079,nonidentical_remention,person_name_to_pronoun,natural_distance_pair:0098,10_19,12,3.810744047164917,3.763857126235962,-0.04688692092895508,1,1,False,False
D_R_43022,chck_100M,natural_mention:nr:00080,nonidentical_remention,nonperson_name_to_pronoun,natural_distance_pair:0118,10_19,19,1.371086597442627,1.3775014877319336,0.006414890289306641,1,1,False,False
D_R_43022,chck_100M,natural_mention:nr:00081,nonidentical_remention,full_name_to_surname_or_final_token,natural_distance_pair:0025,20_39,28,2.4655299186706543,7.083799362182617,4.618269443511963,4,4,False,False
D_R_43022,chck_100M,natural_mention:nr:00082,nonidentical_remention,full_name_to_surname_or_final_token,natural_distance_pair:0050,10_19,11,8.550487518310547,6.61011266708374,-1.9403748512268066,2,2,False,False
D_R_43022,chck_100M,natural_mention:nr:00083,nonidentical_remention,explicit_appositive_description,natural_distance_pair:0067,00_04,0,8.518882751464844,8.337361335754395,-0.18152141571044922,6,6,False,False
D_R_43022,chck_100M,natural_mention:nr:00084,nonidentical_remention,full_name_to_surname_or_final_token,natural_distance_pair:0055,05_09,7,6.658084869384766,6.8951239585876465,0.23703908920288086,3,3,False,False
D_R_43022,chck_100M,natural_mention:nr:00085,nonidentical_remention,person_name_to_pronoun,natural_distance_pair:0113,05_09,7,0.03585848584771156,0.030328825116157532,-0.005529660731554031,1,1,False,False
D_R_43022,chck_100M,natural_mention:nr:00086,nonidentical_remention,person_name_to_pronoun,natural_distance_pair:0088,20_39,21,4.686985969543457,5.028932571411133,0.3419466018676758,1,1,False,False
D_R_43022,chck_100M,natural_mention:nr:00087,nonidentical_remention,full_name_to_acronym,natural_distance_pair:0033,20_39,20,10.10376262664795,10.142963409423828,0.039200782775878906,2,2,False,False
D_R_43022,chck_100M,natural_mention:nr:00088,nonidentical_remention,full_name_to_surname_or_final_token,natural_distance_pair:0015,20_39,38,10.249347686767578,11.045287132263184,0.7959394454956055,2,2,False,False
D_R_43022,chck_100M,natural_mention:nr:00089,nonidentical_remention,full_name_to_surname_or_final_token,natural_distance_pair:0000,40_79,74,2.169360876083374,6.430235862731934,4.26087498664856,2,2,False,False
D_R_43022,chck_100M,natural_mention:nr:00090,nonidentical_remention,explicit_appositive_description,natural_distance_pair:0068,00_04,0,7.789979934692383,7.666076183319092,-0.12390375137329102,3,3,False,False
D_R_43022,chck_100M,natural_mention:nr:00091,nonidentical_remention,full_name_to_acronym,natural_distance_pair:0048,10_19,12,5.646184921264648,5.539239406585693,-0.10694551467895508,2,2,False,False
D_R_43022,chck_100M,natural_mention:nr:00092,nonidentical_remention,full_name_to_acronym,natural_distance_pair:0032,20_39,21,9.029695510864258,9.036355018615723,0.006659507751464844,2,2,False,False
D_R_43022,chck_100M,natural_mention:nr:00093,nonidentical_remention,person_name_to_pronoun,natural_distance_pair:0103,10_19,10,4.014835834503174,3.4125072956085205,-0.6023285388946533,1,1,False,False
D_R_43022,chck_100M,natural_mention:nr:00094,nonidentical_remention,full_name_to_acronym,natural_distance_pair:0024,20_39,29,4.573669910430908,4.629104137420654,0.055434226989746094,3,3,False,False
D_R_43022,chck_100M,natural_mention:nr:00095,nonidentical_remention,full_name_to_surname_or_final_token,natural_distance_pair:0059,00_04,4,0.8595120310783386,0.2627567946910858,-0.5967552363872528,1,1,False,False
D_R_43022,chck_100M,natural_mention:nr:00096,nonidentical_remention,person_name_to_pronoun,natural_distance_pair:0101,10_19,11,6.026243209838867,5.734879016876221,-0.2913641929626465,1,1,False,False
D_R_43022,chck_100M,natural_mention:nr:00097,nonidentical_remention,full_name_to_surname_or_final_token,natural_distance_pair:0007,40_79,52,2.578350067138672,8.222057342529297,5.643707275390625,3,3,False,False
D_R_43022,chck_100M,natural_mention:nr:00098,nonidentical_remention,full_name_to_surname_or_final_token,natural_distance_pair:0023,20_39,30,3.198928117752075,8.900854110717773,5.701925992965698,5,5,False,False
D_R_43022,chck_100M,natural_mention:nr:00099,nonidentical_remention,full_name_to_surname_or_final_token,natural_distance_pair:0054,05_09,9,8.065241813659668,6.085481643676758,-1.9797601699829102,3,3,False,False
D_R_43022,chck_100M,natural_mention:nr:00100,nonidentical_remention,full_name_to_acronym,natural_distance_pair:0020,20_39,31,9.576321601867676,8.403022766113281,-1.1732988357543945,3,3,False,False
D_R_43022,chck_100M,natural_mention:nr:00101,nonidentical_remention,full_name_to_acronym,natural_distance_pair:0037,10_19,17,3.1578569412231445,3.748472213745117,0.5906152725219727,3,3,False,False
D_R_43022,chck_100M,natural_mention:nr:00102,nonidentical_remention,explicit_appositive_description,natural_distance_pair:0073,00_04,0,4.779412269592285,4.690051555633545,-0.08936071395874023,1,1,False,False
D_R_43022,chck_100M,natural_mention:nr:00103,nonidentical_remention,full_name_to_acronym,natural_distance_pair:0002,40_79,62,9.018391609191895,9.271965980529785,0.2535743713378906,3,3,False,False
D_R_43022,chck_100M,natural_mention:nr:00104,nonidentical_remention,full_name_to_surname_or_final_token,natural_distance_pair:0018,20_39,35,0.20210577547550201,8.90053939819336,8.698433622717857,2,2,False,False
D_R_43022,chck_100M,natural_mention:nr:00105,nonidentical_remention,full_name_to_surname_or_final_token,natural_distance_pair:0013,40_79,44,8.442643165588379,9.444601058959961,1.001957893371582,4,4,False,False
D_R_43022,chck_100M,natural_mention:nr:00106,nonidentical_remention,full_name_to_surname_or_final_token,natural_distance_pair:0006,40_79,53,12.220826148986816,12.206198692321777,-0.014627456665039062,2,2,False,False
D_R_43022,chck_100M,natural_mention:nr:00107,nonidentical_remention,full_name_to_surname_or_final_token,natural_distance_pair:0041,10_19,15,4.074175834655762,8.080379486083984,4.006203651428223,2,2,False,False
D_R_43022,chck_100M,natural_mention:nr:00108,nonidentical_remention,full_name_to_surname_or_final_token,natural_distance_pair:0030,20_39,23,1.4729557037353516,9.419492721557617,7.946537017822266,2,2,False,False
D_R_43022,chck_100M,natural_mention:nr:00109,nonidentical_remention,full_name_to_surname_or_final_token,natural_distance_pair:0039,10_19,16,0.03299650177359581,0.01505066268146038,-0.01794583909213543,1,1,False,False
D_R_43022,chck_100M,natural_mention:nr:00110,nonidentical_remention,full_name_to_acronym,natural_distance_pair:0021,20_39,31,0.05458565056324005,0.0566323846578598,0.002046734094619751,2,2,False,False
D_R_43022,chck_100M,natural_mention:nr:00111,nonidentical_remention,full_name_to_acronym,natural_distance_pair:0016,20_39,37,4.5425262451171875,5.529621124267578,0.9870948791503906,1,1,False,False
D_R_43022,chck_100M,natural_mention:nr:00112,nonidentical_remention,person_name_to_pronoun,natural_distance_pair:0102,10_19,10,1.4594011306762695,1.3528027534484863,-0.1065983772277832,1,1,False,False
D_R_43022,chck_100M,natural_mention:nr:00113,nonidentical_remention,full_name_to_surname_or_final_token,natural_distance_pair:0012,40_79,48,5.7407355308532715,6.413000106811523,0.672264575958252,3,3,False,False
D_R_43022,chck_100M,natural_mention:nr:00114,nonidentical_remention,person_name_to_pronoun,natural_distance_pair:0090,20_39,21,2.945460319519043,3.065218448638916,0.11975812911987305,1,1,False,False
D_R_43022,chck_100M,natural_mention:nr:00115,nonidentical_remention,person_name_to_pronoun,natural_distance_pair:0109,05_09,8,1.6037700176239014,0.6006261110305786,-1.0031439065933228,1,1,False,False
D_R_43022,chck_100M,natural_mention:nr:00116,nonidentical_remention,person_name_to_pronoun,natural_distance_pair:0094,10_19,15,0.45683106780052185,0.08723550289869308,-0.36959556490182877,1,1,False,False
D_R_43022,chck_100M,natural_mention:nr:00117,nonidentical_remention,person_name_to_pronoun,natural_distance_pair:0116,05_09,6,1.6892445087432861,1.0658727884292603,-0.6233717203140259,1,1,False,False
D_R_43022,chck_100M,natural_mention:nr:00118,nonidentical_remention,full_name_to_acronym,natural_distance_pair:0019,20_39,33,6.010576248168945,6.042137622833252,0.03156137466430664,3,3,False,False
D_R_43022,chck_100M,natural_mention:nr:00119,nonidentical_remention,person_name_to_pronoun,natural_distance_pair:0105,05_09,9,0.6087079644203186,0.3886753022670746,-0.22003266215324402,1,1,False,False
D_R_43022,chck_100M,natural_mention:nr:00120,nonidentical_remention,person_name_to_pronoun,natural_distance_pair:0115,05_09,6,1.4517831802368164,0.9737036228179932,-0.47807955741882324,1,1,False,False
D_R_43022,chck_100M,natural_mention:nr:00121,nonidentical_remention,full_name_to_acronym,natural_distance_pair:0061,00_04,2,5.002573490142822,4.994168281555176,-0.008405208587646484,4,4,False,False
D_R_43022,chck_100M,natural_mention:nr:00122,nonidentical_remention,explicit_appositive_description,natural_distance_pair:0082,00_04,0,3.8161332607269287,3.6094367504119873,-0.2066965103149414,1,1,False,False
D_R_43022,chck_100M,natural_mention:nr:00123,nonidentical_remention,full_name_to_acronym,natural_distance_pair:0017,20_39,36,2.0728530883789062,1.823441505432129,-0.24941158294677734,3,3,False,False
D_R_43022,chck_100M,natural_mention:nr:00124,nonidentical_remention,full_name_to_surname_or_final_token,natural_distance_pair:0034,20_39,20,1.5166103839874268,9.269306182861328,7.752695798873901,2,2,False,False
D_R_43022,chck_100M,natural_mention:nr:00125,nonidentical_remention,explicit_appositive_description,natural_distance_pair:0077,00_04,0,6.6011223793029785,6.5254974365234375,-0.07562494277954102,3,3,False,False
D_R_43022,chck_100M,natural_mention:nr:00126,nonidentical_remention,full_name_to_acronym,natural_distance_pair:0031,20_39,22,7.768916130065918,8.267560958862305,0.4986448287963867,2,2,False,False
D_R_43022,chck_100M,natural_mention:nr:00127,nonidentical_remention,person_name_to_pronoun,natural_distance_pair:0106,05_09,8,0.07593778520822525,0.08989440649747849,0.013956621289253235,1,1,False,False
D_R_43022,chck_100M,natural_mention:nr:00128,nonidentical_remention,full_name_to_surname_or_final_token,natural_distance_pair:0038,10_19,16,4.695043087005615,7.640632629394531,2.945589542388916,2,2,False,False
D_R_43022,chck_100M,natural_mention:vr:00129,verbatim_remention,exact_named_entity,natural_distance_pair:0082,00_04,4,7.777432441711426,7.759869575500488,-0.0175628662109375,2,2,False,False
D_R_43022,chck_100M,natural_mention:vr:00130,verbatim_remention,exact_named_entity,natural_distance_pair:0041,10_19,15,0.07624363899230957,14.660500526428223,14.584256887435913,3,3,False,False
D_R_43022,chck_100M,natural_mention:vr:00131,verbatim_remention,exact_named_entity,natural_distance_pair:0046,10_19,13,0.09557057917118073,8.334866523742676,8.239295944571495,5,5,False,False
D_R_43022,chck_100M,natural_mention:vr:00132,verbatim_remention,exact_named_entity,natural_distance_pair:0080,00_04,3,5.915724277496338,5.806327819824219,-0.10939645767211914,3,3,False,False
D_R_43022,chck_100M,natural_mention:vr:00133,verbatim_remention,exact_named_entity,natural_distance_pair:0035,10_19,19,7.1241631507873535,7.840190887451172,0.7160277366638184,1,1,False,False
D_R_43022,chck_100M,natural_mention:vr:00134,verbatim_remention,exact_named_entity,natural_distance_pair:0081,00_04,4,1.2081568241119385,1.069117784500122,-0.1390390396118164,1,1,False,False
D_R_43022,chck_100M,natural_mention:vr:00135,verbatim_remention,exact_named_entity,natural_distance_pair:0026,20_39,28,0.4884074628353119,5.225808620452881,4.737401157617569,2,2,False,False
D_R_43022,chck_100M,natural_mention:vr:00136,verbatim_remention,exact_named_entity,natural_distance_pair:0006,40_79,54,9.568395614624023,9.81507682800293,0.24668121337890625,2,2,False,False
D_R_43022,chck_100M,natural_mention:vr:00137,verbatim_remention,exact_named_entity,natural_distance_pair:0100,10_19,12,0.9804942607879639,0.9657497406005859,-0.01474452018737793,2,2,False,False
D_R_43022,chck_100M,natural_mention:vr:00138,verbatim_remention,exact_named_entity,natural_distance_pair:0111,05_09,8,1.8590139150619507,2.1935839653015137,0.334570050239563,3,3,False,False
D_R_43022,chck_100M,natural_mention:vr:00139,verbatim_remention,exact_named_entity,natural_distance_pair:0015,20_39,38,0.5693864822387695,4.192489147186279,3.6231026649475098,3,3,False,False
D_R_43022,chck_100M,natural_mention:vr:00140,verbatim_remention,exact_named_entity,natural_distance_pair:0091,10_19,18,5.213590145111084,11.440261840820312,6.2266716957092285,4,4,False,False
D_R_43022,chck_100M,natural_mention:vr:00141,verbatim_remention,exact_named_entity,natural_distance_pair:0022,20_39,31,0.8505821228027344,1.4994672536849976,0.6488851308822632,1,1,False,False
D_R_43022,chck_100M,natural_mention:vr:00142,verbatim_remention,exact_named_entity,natural_distance_pair:0052,10_19,10,1.0307888984680176,1.554986596107483,0.5241976976394653,3,3,False,False
D_R_43022,chck_100M,natural_mention:vr:00143,verbatim_remention,exact_named_entity,natural_distance_pair:0062,00_04,3,7.759214878082275,8.515939712524414,0.7567248344421387,1,1,False,False
D_R_43022,chck_100M,natural_mention:vr:00144,verbatim_remention,exact_named_entity,natural_distance_pair:0002,40_79,62,6.1056108474731445,7.033603668212891,0.9279928207397461,1,1,False,False
D_R_43022,chck_100M,natural_mention:vr:00145,verbatim_remention,exact_named_entity,natural_distance_pair:0031,20_39,22,8.999894142150879,9.07480239868164,0.07490825653076172,1,1,False,False
D_R_43022,chck_100M,natural_mention:vr:00146,verbatim_remention,exact_named_entity,natural_distance_pair:0047,10_19,12,0.7997168302536011,2.1981143951416016,1.3983975648880005,2,2,False,False
D_R_43022,chck_100M,natural_mention:vr:00147,verbatim_remention,exact_named_entity,natural_distance_pair:0112,05_09,7,7.197992324829102,8.328547477722168,1.1305551528930664,1,1,False,False
D_R_43022,chck_100M,natural_mention:vr:00148,verbatim_remention,exact_named_entity,natural_distance_pair:0109,05_09,8,2.174929618835449,8.415133476257324,6.240203857421875,3,3,False,False
D_R_43022,chck_100M,natural_mention:vr:00149,verbatim_remention,exact_named_entity,natural_distance_pair:0098,10_19,12,1.856296181678772,3.128281593322754,1.271985411643982,3,3,False,False
D_R_43022,chck_100M,natural_mention:vr:00150,verbatim_remention,exact_named_entity,natural_distance_pair:0117,05_09,5,5.754571437835693,3.9675464630126953,-1.787024974822998,3,3,False,False
D_R_43022,chck_100M,natural_mention:vr:00151,verbatim_remention,exact_named_entity,natural_distance_pair:0005,40_79,54,14.130971908569336,13.831719398498535,-0.2992525100708008,1,1,False,False
D_R_43022,chck_100M,natural_mention:vr:00152,verbatim_remention,exact_named_entity,natural_distance_pair:0014,40_79,42,1.7196934223175049,7.939022064208984,6.2193286418914795,2,2,False,False
D_R_43022,chck_100M,natural_mention:vr:00153,verbatim_remention,exact_named_entity,natural_distance_pair:0102,10_19,10,9.291146278381348,10.846752166748047,1.5556058883666992,2,2,False,False
D_R_43022,chck_100M,natural_mention:vr:00154,verbatim_remention,indefinite_to_definite_nominal,natural_distance_pair:0084,00_04,3,2.153836488723755,4.657943248748779,2.5041067600250244,1,1,False,False
D_R_43022,chck_100M,natural_mention:vr:00155,verbatim_remention,exact_named_entity,natural_distance_pair:0108,05_09,8,0.9395144581794739,5.787497043609619,4.847982585430145,1,1,False,False
D_R_43022,chck_100M,natural_mention:vr:00156,verbatim_remention,exact_named_entity,natural_distance_pair:0011,40_79,48,2.0761284828186035,2.5115363597869873,0.4354078769683838,1,1,False,False
D_R_43022,chck_100M,natural_mention:vr:00157,verbatim_remention,exact_named_entity,natural_distance_pair:0105,05_09,9,1.1118495464324951,1.6898391246795654,0.5779895782470703,2,2,False,False
D_R_43022,chck_100M,natural_mention:vr:00158,verbatim_remention,exact_named_entity,natural_distance_pair:0066,00_04,4,0.1443130522966385,6.204319953918457,6.0600069016218185,2,2,False,False
D_R_43022,chck_100M,natural_mention:vr:00159,verbatim_remention,exact_named_entity,natural_distance_pair:0090,20_39,21,12.858633995056152,12.40514850616455,-0.45348548889160156,1,1,False,False
D_R_43022,chck_100M,natural_mention:vr:00160,verbatim_remention,exact_named_entity,natural_distance_pair:0121,10_19,12,0.03161643072962761,12.414620399475098,12.38300396874547,1,1,False,False
D_R_43022,chck_100M,natural_mention:vr:00161,verbatim_remention,indefinite_to_definite_nominal,natural_distance_pair:0074,00_04,4,8.637771606445312,9.901724815368652,1.2639532089233398,1,1,False,False
D_R_43022,chck_100M,natural_mention:vr:00162,verbatim_remention,exact_named_entity,natural_distance_pair:0036,10_19,18,0.5657609701156616,7.184707164764404,6.618946194648743,1,1,False,False
D_R_43022,chck_100M,natural_mention:vr:00163,verbatim_remention,exact_named_entity,natural_distance_pair:0029,20_39,26,6.020382404327393,7.916654109954834,1.8962717056274414,2,2,False,False
D_R_43022,chck_100M,natural_mention:vr:00164,verbatim_remention,exact_named_entity,natural_distance_pair:0057,00_04,4,6.734226703643799,8.061927795410156,1.3277010917663574,1,1,False,False
D_R_43022,chck_100M,natural_mention:vr:00165,verbatim_remention,exact_named_entity,natural_distance_pair:0107,05_09,8,0.11467687040567398,0.6004908084869385,0.4858139380812645,1,1,False,False
D_R_43022,chck_100M,natural_mention:vr:00166,verbatim_remention,exact_named_entity,natural_distance_pair:0101,10_19,11,9.244255065917969,9.504573822021484,0.2603187561035156,1,1,False,False
D_R_43022,chck_100M,natural_mention:vr:00167,verbatim_remention,exact_named_entity,natural_distance_pair:0037,10_19,17,0.14984892308712006,11.736495971679688,11.586647048592567,3,3,False,False
D_R_43022,chck_100M,natural_mention:vr:00168,verbatim_remention,exact_named_entity,natural_distance_pair:0092,10_19,17,5.030764102935791,5.507382869720459,0.47661876678466797,2,2,False,False
D_R_43022,chck_100M,natural_mention:vr:00169,verbatim_remention,exact_named_entity,natural_distance_pair:0104,05_09,9,0.09060357511043549,6.952827453613281,6.862223878502846,2,2,False,False
D_R_43022,chck_100M,natural_mention:vr:00170,verbatim_remention,exact_named_entity,natural_distance_pair:0012,40_79,48,5.0491719245910645,8.642200469970703,3.5930285453796387,1,1,False,False
D_R_43022,chck_100M,natural_mention:vr:00171,verbatim_remention,exact_named_entity,natural_distance_pair:0038,10_19,16,7.291493892669678,8.188041687011719,0.896547794342041,3,3,False,False
D_R_43022,chck_100M,natural_mention:vr:00172,verbatim_remention,exact_named_entity,natural_distance_pair:0053,10_19,10,8.28958511352539,7.261002540588379,-1.0285825729370117,1,1,False,False
D_R_43022,chck_100M,natural_mention:vr:00173,verbatim_remention,indefinite_to_definite_nominal,natural_distance_pair:0085,00_04,4,6.333891868591309,9.836588859558105,3.502696990966797,2,2,False,False
D_R_43022,chck_100M,natural_mention:vr:00174,verbatim_remention,exact_named_entity,natural_distance_pair:0125,05_09,9,0.026704519987106323,1.5669009685516357,1.5401964485645294,4,4,False,False
D_R_43022,chck_100M,natural_mention:vr:00175,verbatim_remention,exact_named_entity,natural_distance_pair:0063,00_04,3,11.827284812927246,10.458892822265625,-1.368391990661621,1,1,False,False
D_R_43022,chck_100M,natural_mention:vr:00176,verbatim_remention,exact_named_entity,natural_distance_pair:0118,10_19,19,1.4225904941558838,8.364336013793945,6.9417455196380615,2,2,False,False
D_R_43022,chck_100M,natural_mention:vr:00177,verbatim_remention,exact_named_entity,natural_distance_pair:0059,00_04,4,1.9287893772125244,7.968152046203613,6.039362668991089,2,2,False,False
D_R_43022,chck_100M,natural_mention:vr:00178,verbatim_remention,exact_named_entity,natural_distance_pair:0040,10_19,15,3.297311544418335,10.602922439575195,7.30561089515686,2,2,False,False
D_R_43022,chck_100M,natural_mention:vr:00179,verbatim_remention,exact_named_entity,natural_distance_pair:0094,10_19,15,0.26135319471359253,2.5166046619415283,2.255251467227936,1,1,False,False
D_R_43022,chck_100M,natural_mention:vr:00180,verbatim_remention,exact_named_entity,natural_distance_pair:0048,10_19,12,9.667049407958984,9.70555591583252,0.038506507873535156,1,1,False,False
D_R_43022,chck_100M,natural_mention:vr:00181,verbatim_remention,exact_named_entity,natural_distance_pair:0058,00_04,4,0.5496121644973755,9.09371566772461,8.544103503227234,1,1,False,False
D_R_43022,chck_100M,natural_mention:vr:00182,verbatim_remention,exact_named_entity,natural_distance_pair:0033,20_39,20,5.642413139343262,11.804683685302734,6.162270545959473,1,1,False,False
D_R_43022,chck_100M,natural_mention:vr:00183,verbatim_remention,exact_named_entity,natural_distance_pair:0079,00_04,4,8.74708080291748,8.44711971282959,-0.2999610900878906,4,4,False,False
D_R_43022,chck_100M,natural_mention:vr:00184,verbatim_remention,exact_named_entity,natural_distance_pair:0054,05_09,9,11.369833946228027,12.89369010925293,1.5238561630249023,1,1,False,False
D_R_43022,chck_100M,natural_mention:vr:00185,verbatim_remention,exact_named_entity,natural_distance_pair:0078,00_04,3,2.820686101913452,0.2527444362640381,-2.567941665649414,3,3,False,False
D_R_43022,chck_100M,natural_mention:vr:00186,verbatim_remention,exact_named_entity,natural_distance_pair:0030,20_39,23,17.422494888305664,17.264070510864258,-0.15842437744140625,1,1,False,False
D_R_43022,chck_100M,natural_mention:vr:00187,verbatim_remention,exact_named_entity,natural_distance_pair:0126,05_09,7,0.19421622157096863,6.053470611572266,5.859254390001297,5,5,False,False
D_R_43022,chck_100M,natural_mention:vr:00188,verbatim_remention,exact_named_entity,natural_distance_pair:0027,20_39,28,4.480410575866699,4.683614253997803,0.20320367813110352,1,1,False,False
D_R_43022,chck_100M,natural_mention:vr:00189,verbatim_remention,exact_named_entity,natural_distance_pair:0069,00_04,4,0.07870963960886002,0.06887298822402954,-0.009836651384830475,2,2,False,False
D_R_43022,chck_100M,natural_mention:vr:00190,verbatim_remention,exact_named_entity,natural_distance_pair:0051,10_19,11,1.4707573652267456,0.03917909786105156,-1.431578267365694,3,3,False,False
D_R_43022,chck_100M,natural_mention:vr:00191,verbatim_remention,exact_named_entity,natural_distance_pair:0042,10_19,14,5.064316272735596,6.8037428855896,1.739426612854004,3,3,False,False
D_R_43022,chck_100M,natural_mention:vr:00192,verbatim_remention,exact_named_entity,natural_distance_pair:0072,00_04,3,4.919124126434326,4.979912281036377,0.06078815460205078,3,3,False,False
D_R_43022,chck_100M,natural_mention:vr:00193,verbatim_remention,exact_named_entity,natural_distance_pair:0021,20_39,31,2.9160003662109375,3.3481533527374268,0.43215298652648926,6,6,False,False
D_R_43022,chck_100M,natural_mention:vr:00194,verbatim_remention,exact_named_entity,natural_distance_pair:0068,00_04,3,13.625276565551758,13.65342903137207,0.0281524658203125,2,2,False,False
D_R_43022,chck_100M,natural_mention:vr:00195,verbatim_remention,exact_named_entity,natural_distance_pair:0028,20_39,27,0.697037398815155,8.07850456237793,7.381467163562775,1,1,False,False
D_R_43022,chck_100M,natural_mention:vr:00196,verbatim_remention,exact_named_entity,natural_distance_pair:0124,05_09,9,2.2915093898773193,0.7129622101783752,-1.578547179698944,3,3,False,False
D_R_43022,chck_100M,natural_mention:vr:00197,verbatim_remention,exact_named_entity,natural_distance_pair:0060,00_04,4,1.8946622610092163,2.4798600673675537,0.5851978063583374,3,3,False,False
D_R_43022,chck_100M,natural_mention:vr:00198,verbatim_remention,exact_named_entity,natural_distance_pair:0049,10_19,12,10.158949851989746,10.013862609863281,-0.14508724212646484,2,2,False,False
D_R_43022,chck_100M,natural_mention:vr:00199,verbatim_remention,exact_named_entity,natural_distance_pair:0045,10_19,13,0.01447301171720028,0.010959073901176453,-0.0035139378160238266,4,4,False,False
D_R_43022,chck_100M,natural_mention:vr:00200,verbatim_remention,exact_named_entity,natural_distance_pair:0017,20_39,35,7.354376316070557,7.277506351470947,-0.07686996459960938,5,5,False,False
D_R_43022,chck_100M,natural_mention:vr:00201,verbatim_remention,exact_named_entity,natural_distance_pair:0010,40_79,48,0.028918543830513954,7.619619846343994,7.59070130251348,1,1,False,False
D_R_43022,chck_100M,natural_mention:vr:00202,verbatim_remention,exact_named_entity,natural_distance_pair:0023,20_39,30,6.814542293548584,8.50290298461914,1.6883606910705566,3,3,False,False
D_R_43022,chck_100M,natural_mention:vr:00203,verbatim_remention,exact_named_entity,natural_distance_pair:0075,00_04,4,4.950641632080078,9.66974925994873,4.719107627868652,5,5,False,False
D_R_43022,chck_100M,natural_mention:vr:00204,verbatim_remention,exact_named_entity,natural_distance_pair:0087,20_39,33,9.013553619384766,12.213248252868652,3.1996946334838867,1,1,False,False
D_R_43022,chck_100M,natural_mention:vr:00205,verbatim_remention,exact_named_entity,natural_distance_pair:0025,20_39,28,14.280258178710938,14.051778793334961,-0.22847938537597656,2,2,False,False
D_R_43022,chck_100M,natural_mention:vr:00206,verbatim_remention,exact_named_entity,natural_distance_pair:0115,05_09,6,0.34370365738868713,2.51025652885437,2.166552871465683,4,4,False,False
D_R_43022,chck_100M,natural_mention:vr:00207,verbatim_remention,exact_named_entity,natural_distance_pair:0065,00_04,3,5.747913837432861,7.947397708892822,2.199483871459961,1,1,False,False
D_R_43022,chck_100M,natural_mention:vr:00208,verbatim_remention,exact_named_entity,natural_distance_pair:0113,05_09,7,3.712369441986084,5.275991916656494,1.5636224746704102,1,1,False,False
D_R_43022,chck_100M,natural_mention:vr:00209,verbatim_remention,exact_named_entity,natural_distance_pair:0119,10_19,16,3.0511322021484375,1.1851286888122559,-1.8660035133361816,1,1,False,False
D_R_43022,chck_100M,natural_mention:vr:00210,verbatim_remention,exact_named_entity,natural_distance_pair:0056,05_09,6,0.03727974742650986,1.2800191640853882,1.2427394166588783,2,2,False,False
D_R_43022,chck_100M,natural_mention:vr:00211,verbatim_remention,exact_named_entity,natural_distance_pair:0016,20_39,37,0.022209594026207924,13.870716094970703,13.848506500944495,3,3,False,False
D_R_43022,chck_100M,natural_mention:vr:00212,verbatim_remention,exact_named_entity,natural_distance_pair:0013,40_79,44,0.01826116442680359,11.716374397277832,11.698113232851028,3,3,False,False
D_R_43022,chck_100M,natural_mention:vr:00213,verbatim_remention,exact_named_entity,natural_distance_pair:0050,10_19,11,7.357163906097412,10.284481048583984,2.9273171424865723,4,4,False,False
D_R_43022,chck_100M,natural_mention:vr:00214,verbatim_remention,exact_named_entity,natural_distance_pair:0043,10_19,14,1.0019915103912354,3.9060983657836914,2.904106855392456,2,2,False,False
D_R_43022,chck_100M,natural_mention:vr:00215,verbatim_remention,exact_named_entity,natural_distance_pair:0020,20_39,31,0.008186092600226402,10.862255096435547,10.85406900383532,2,2,False,False
D_R_43022,chck_100M,natural_mention:vr:00216,verbatim_remention,exact_named_entity,natural_distance_pair:0007,40_79,52,6.732640743255615,9.212118148803711,2.4794774055480957,1,1,False,False
D_R_43022,chck_100M,natural_mention:vr:00217,verbatim_remention,exact_named_entity,natural_distance_pair:0088,20_39,21,3.9352078437805176,3.6246273517608643,-0.3105804920196533,1,1,False,False
D_R_43022,chck_100M,natural_mention:vr:00218,verbatim_remention,exact_named_entity,natural_distance_pair:0083,00_04,4,0.2574608027935028,11.081720352172852,10.824259549379349,2,2,False,False
D_R_43022,chck_100M,natural_mention:vr:00219,verbatim_remention,exact_named_entity,natural_distance_pair:0096,10_19,14,7.7819504737854,7.87543249130249,0.09348201751708984,3,3,False,False
D_R_43022,chck_100M,natural_mention:vr:00220,verbatim_remention,exact_named_entity,natural_distance_pair:0044,10_19,13,4.584734916687012,4.278626918792725,-0.3061079978942871,1,1,False,False
D_R_43022,chck_100M,natural_mention:vr:00221,verbatim_remention,exact_named_entity,natural_distance_pair:0000,40_79,71,0.4181591868400574,10.553336143493652,10.135176956653595,2,2,False,False
D_R_43022,chck_100M,natural_mention:vr:00222,verbatim_remention,exact_named_entity,natural_distance_pair:0064,00_04,4,1.5880300998687744,1.7545440196990967,0.16651391983032227,1,1,False,False
D_R_43022,chck_100M,natural_mention:vr:00223,verbatim_remention,exact_named_entity,natural_distance_pair:0093,10_19,16,0.16965042054653168,0.012649047188460827,-0.15700137335807085,3,3,False,False
D_R_43022,chck_100M,natural_mention:vr:00224,verbatim_remention,exact_named_entity,natural_distance_pair:0018,20_39,36,11.879416465759277,13.672797203063965,1.7933807373046875,1,1,False,False
D_R_43022,chck_100M,natural_mention:vr:00225,verbatim_remention,exact_named_entity,natural_distance_pair:0114,05_09,7,5.824453353881836,7.074987888336182,1.2505345344543457,1,1,False,False
D_R_43022,chck_100M,natural_mention:vr:00226,verbatim_remention,exact_named_entity,natural_distance_pair:0009,40_79,51,7.876279354095459,7.4689531326293945,-0.40732622146606445,1,1,False,False
D_R_43022,chck_100M,natural_mention:vr:00227,verbatim_remention,exact_named_entity,natural_distance_pair:0120,10_19,15,0.025322820991277695,4.370885848999023,4.345563028007746,2,2,False,False
D_R_43022,chck_100M,natural_mention:vr:00228,verbatim_remention,exact_named_entity,natural_distance_pair:0024,20_39,29,6.421028137207031,7.43595027923584,1.0149221420288086,4,4,False,False
D_R_43022,chck_100M,natural_mention:vr:00229,verbatim_remention,exact_named_entity,natural_distance_pair:0128,05_09,6,6.312519073486328,6.374614715576172,0.06209564208984375,1,1,False,False
D_R_43022,chck_100M,natural_mention:vr:00230,verbatim_remention,exact_named_entity,natural_distance_pair:0055,05_09,7,0.3326013684272766,10.101692199707031,9.769090831279755,2,2,False,False
D_R_43022,chck_100M,natural_mention:vr:00231,verbatim_remention,indefinite_to_definite_nominal,natural_distance_pair:0086,00_04,4,3.629690408706665,5.2280449867248535,1.5983545780181885,1,1,False,False
D_R_43022,chck_100M,natural_mention:vr:00232,verbatim_remention,exact_named_entity,natural_distance_pair:0089,20_39,21,0.38645559549331665,5.134040355682373,4.747584760189056,1,1,False,False
D_R_43022,chck_100M,natural_mention:vr:00233,verbatim_remention,exact_named_entity,natural_distance_pair:0032,20_39,21,2.6812829971313477,4.260440349578857,1.5791573524475098,3,3,False,False
D_R_43022,chck_100M,natural_mention:vr:00234,verbatim_remention,exact_named_entity,natural_distance_pair:0019,20_39,33,0.13278326392173767,7.518975257873535,7.3861919939517975,1,1,False,False
D_R_43022,chck_100M,natural_mention:vr:00235,verbatim_remention,exact_named_entity,natural_distance_pair:0116,05_09,6,2.452176094055176,5.159046173095703,2.7068700790405273,1,1,False,False
D_R_43022,chck_100M,natural_mention:vr:00236,verbatim_remention,exact_named_entity,natural_distance_pair:0067,00_04,4,3.043584108352661,3.828564405441284,0.784980297088623,6,6,False,False
D_R_43022,chck_100M,natural_mention:vr:00237,verbatim_remention,exact_named_entity,natural_distance_pair:0122,10_19,10,1.148427963256836,5.508829116821289,4.360401153564453,1,1,False,False
D_R_43022,chck_100M,natural_mention:vr:00238,verbatim_remention,exact_named_entity,natural_distance_pair:0003,40_79,56,2.8153762817382812,4.693953514099121,1.8785772323608398,1,1,False,False
D_R_43022,chck_100M,natural_mention:vr:00239,verbatim_remention,exact_named_entity,natural_distance_pair:0077,00_04,3,10.772553443908691,9.163142204284668,-1.6094112396240234,2,2,False,False
D_R_43022,chck_100M,natural_mention:vr:00240,verbatim_remention,exact_named_entity,natural_distance_pair:0106,05_09,8,7.081350803375244,6.740135192871094,-0.3412156105041504,6,6,False,False
D_R_43022,chck_100M,natural_mention:vr:00241,verbatim_remention,exact_named_entity,natural_distance_pair:0039,10_19,16,2.471255302429199,3.963432550430298,1.4921772480010986,1,1,False,False
D_R_43022,chck_100M,natural_mention:vr:00242,verbatim_remention,exact_named_entity,natural_distance_pair:0099,10_19,12,13.520349502563477,13.804760932922363,0.2844114303588867,1,1,False,False
D_R_43022,chck_100M,natural_mention:vr:00243,verbatim_remention,exact_named_entity,natural_distance_pair:0110,05_09,8,8.940905570983887,9.997978210449219,1.057072639465332,1,1,False,False
D_R_43022,chck_100M,natural_mention:vr:00244,verbatim_remention,exact_named_entity,natural_distance_pair:0070,00_04,3,5.8155999183654785,5.885354042053223,0.06975412368774414,2,2,False,False
D_R_43022,chck_100M,natural_mention:vr:00245,verbatim_remention,exact_named_entity,natural_distance_pair:0008,40_79,52,2.699789047241211,6.9247589111328125,4.224969863891602,3,3,False,False
D_R_43022,chck_100M,natural_mention:vr:00246,verbatim_remention,exact_named_entity,natural_distance_pair:0097,10_19,13,0.008072134107351303,10.988269805908203,10.980197671800852,1,1,False,False
D_R_43022,chck_100M,natural_mention:vr:00247,verbatim_remention,exact_named_entity,natural_distance_pair:0061,00_04,3,8.523811340332031,6.1397809982299805,-2.384030342102051,1,1,False,False
D_R_43022,chck_100M,natural_mention:vr:00248,verbatim_remention,exact_named_entity,natural_distance_pair:0103,10_19,10,7.747594833374023,8.80137825012207,1.0537834167480469,1,1,False,False
D_R_43022,chck_100M,natural_mention:vr:00249,verbatim_remention,exact_named_entity,natural_distance_pair:0073,00_04,4,2.8016538619995117,2.8363263607025146,0.03467249870300293,1,1,False,False
D_R_43022,chck_100M,natural_mention:vr:00250,verbatim_remention,exact_named_entity,natural_distance_pair:0095,10_19,15,1.1569409370422363,5.022365570068359,3.865424633026123,1,1,False,False
D_R_43022,chck_100M,natural_mention:vr:00251,verbatim_remention,exact_named_entity,natural_distance_pair:0071,00_04,4,2.5280990600585938,9.367231369018555,6.839132308959961,4,4,False,False
D_R_43022,chck_100M,natural_mention:vr:00252,verbatim_remention,exact_named_entity,natural_distance_pair:0004,40_79,58,0.25083020329475403,9.618663787841797,9.367833584547043,1,1,False,False
D_R_43022,chck_100M,natural_mention:vr:00253,verbatim_remention,exact_named_entity,natural_distance_pair:0127,05_09,7,5.638539791107178,7.4482927322387695,1.8097529411315918,1,1,False,False
D_R_43022,chck_100M,natural_mention:vr:00254,verbatim_remention,exact_named_entity,natural_distance_pair:0123,10_19,10,1.9107249975204468,4.603103160858154,2.6923781633377075,1,1,False,False
D_R_43022,chck_100M,natural_mention:vr:00255,verbatim_remention,exact_named_entity,natural_distance_pair:0034,20_39,20,7.3936944007873535,9.245357513427734,1.8516631126403809,2,2,False,False
D_R_43022,chck_100M,natural_mention:vr:00256,verbatim_remention,exact_named_entity,natural_distance_pair:0076,00_04,3,4.029123306274414,7.541952610015869,3.512829303741455,1,1,False,False
D_R_43022,chck_100M,natural_mention:vr:00257,verbatim_remention,exact_named_entity,natural_distance_pair:0001,40_79,61,13.732714653015137,13.846540451049805,0.11382579803466797,1,1,False,False
D_C_43022,chck_80M,natural_mention:nr:00000,nonidentical_remention,full_name_to_acronym,natural_distance_pair:0045,10_19,13,6.576195240020752,6.732616424560547,0.15642118453979492,1,1,False,False
D_C_43022,chck_80M,natural_mention:nr:00001,nonidentical_remention,full_name_to_acronym,natural_distance_pair:0060,00_04,4,5.263815879821777,5.287670135498047,0.02385425567626953,4,4,False,False
D_C_43022,chck_80M,natural_mention:nr:00002,nonidentical_remention,nonperson_name_to_pronoun,natural_distance_pair:0123,10_19,10,3.3116369247436523,3.137223482131958,-0.17441344261169434,1,1,False,False
D_C_43022,chck_80M,natural_mention:nr:00003,nonidentical_remention,explicit_appositive_description,natural_distance_pair:0084,00_04,0,5.423874855041504,6.124776840209961,0.700901985168457,1,1,False,False
D_C_43022,chck_80M,natural_mention:nr:00004,nonidentical_remention,full_name_to_acronym,natural_distance_pair:0046,10_19,13,7.032619953155518,6.940438270568848,-0.09218168258666992,2,2,False,False
D_C_43022,chck_80M,natural_mention:nr:00005,nonidentical_remention,full_name_to_acronym,natural_distance_pair:0056,05_09,6,9.272136688232422,9.597930908203125,0.3257942199707031,1,1,False,False
D_C_43022,chck_80M,natural_mention:nr:00006,nonidentical_remention,explicit_appositive_description,natural_distance_pair:0074,00_04,0,3.958656072616577,3.107125759124756,-0.8515303134918213,1,1,False,False
D_C_43022,chck_80M,natural_mention:nr:00007,nonidentical_remention,person_name_to_pronoun,natural_distance_pair:0089,20_39,21,0.6761165261268616,0.14652594923973083,-0.5295905768871307,1,1,False,False
D_C_43022,chck_80M,natural_mention:nr:00008,nonidentical_remention,nonperson_name_to_pronoun,natural_distance_pair:0119,10_19,16,5.795738220214844,5.578981399536133,-0.21675682067871094,1,1,False,False
D_C_43022,chck_80M,natural_mention:nr:00009,nonidentical_remention,full_name_to_surname_or_final_token,natural_distance_pair:0027,20_39,28,0.7915480732917786,2.539792537689209,1.7482444643974304,3,3,False,False
D_C_43022,chck_80M,natural_mention:nr:00010,nonidentical_remention,full_name_to_surname_or_final_token,natural_distance_pair:0049,10_19,12,0.037261415272951126,0.024898774921894073,-0.012362640351057053,3,3,False,False
D_C_43022,chck_80M,natural_mention:nr:00011,nonidentical_remention,full_name_to_surname_or_final_token,natural_distance_pair:0001,40_79,65,0.0848316177725792,7.46029806137085,7.37546644359827,3,3,False,False
D_C_43022,chck_80M,natural_mention:nr:00012,nonidentical_remention,nonperson_name_to_pronoun,natural_distance_pair:0128,05_09,6,1.017566204071045,0.45907002687454224,-0.5584961771965027,1,1,False,False
D_C_43022,chck_80M,natural_mention:nr:00013,nonidentical_remention,full_name_to_surname_or_final_token,natural_distance_pair:0053,10_19,10,0.8270552158355713,4.802845001220703,3.975789785385132,3,3,False,False
D_C_43022,chck_80M,natural_mention:nr:00014,nonidentical_remention,full_name_to_acronym,natural_distance_pair:0022,20_39,31,4.462788105010986,4.52091646194458,0.05812835693359375,4,4,False,False
D_C_43022,chck_80M,natural_mention:nr:00015,nonidentical_remention,full_name_to_surname_or_final_token,natural_distance_pair:0026,20_39,28,9.074588775634766,9.714337348937988,0.6397485733032227,2,2,False,False
D_C_43022,chck_80M,natural_mention:nr:00016,nonidentical_remention,person_name_to_pronoun,natural_distance_pair:0097,10_19,13,2.594656467437744,2.7652595043182373,0.17060303688049316,1,1,False,False
D_C_43022,chck_80M,natural_mention:nr:00017,nonidentical_remention,full_name_to_surname_or_final_token,natural_distance_pair:0043,10_19,14,7.846683979034424,9.615717887878418,1.7690339088439941,2,2,False,False
D_C_43022,chck_80M,natural_mention:nr:00018,nonidentical_remention,explicit_appositive_description,natural_distance_pair:0070,00_04,0,5.535107612609863,6.594494819641113,1.05938720703125,2,2,False,False
D_C_43022,chck_80M,natural_mention:nr:00019,nonidentical_remention,person_name_to_pronoun,natural_distance_pair:0117,05_09,5,1.8139888048171997,1.8520103693008423,0.03802156448364258,1,1,False,False
D_C_43022,chck_80M,natural_mention:nr:00020,nonidentical_remention,full_name_to_acronym,natural_distance_pair:0035,10_19,19,7.009471893310547,6.985118865966797,-0.02435302734375,2,2,False,False
D_C_43022,chck_80M,natural_mention:nr:00021,nonidentical_remention,full_name_to_surname_or_final_token,natural_distance_pair:0009,40_79,52,9.854796409606934,9.525738716125488,-0.3290576934814453,2,2,False,False
D_C_43022,chck_80M,natural_mention:nr:00022,nonidentical_remention,full_name_to_surname_or_final_token,natural_distance_pair:0058,00_04,4,0.3012056052684784,1.762283444404602,1.4610778391361237,3,3,False,False
D_C_43022,chck_80M,natural_mention:nr:00023,nonidentical_remention,person_name_to_pronoun,natural_distance_pair:0112,05_09,7,0.012819146737456322,0.015141665935516357,0.0023225191980600357,1,1,False,False
D_C_43022,chck_80M,natural_mention:nr:00024,nonidentical_remention,nonperson_name_to_pronoun,natural_distance_pair:0122,10_19,10,0.18984128534793854,0.1804724484682083,-0.009368836879730225,1,1,False,False
D_C_43022,chck_80M,natural_mention:nr:00025,nonidentical_remention,person_name_to_pronoun,natural_distance_pair:0100,10_19,12,0.3395093083381653,0.36560380458831787,0.026094496250152588,1,1,False,False
D_C_43022,chck_80M,natural_mention:nr:00026,nonidentical_remention,full_name_to_acronym,natural_distance_pair:0008,40_79,52,11.158945083618164,10.952301979064941,-0.20664310455322266,1,1,False,False
D_C_43022,chck_80M,natural_mention:nr:00027,nonidentical_remention,full_name_to_acronym,natural_distance_pair:0063,00_04,1,6.399837970733643,6.428400039672852,0.028562068939208984,3,3,False,False
D_C_43022,chck_80M,natural_mention:nr:00028,nonidentical_remention,full_name_to_surname_or_final_token,natural_distance_pair:0005,40_79,53,0.03252647817134857,9.046188354492188,9.013661876320839,2,2,False,False
D_C_43022,chck_80M,natural_mention:nr:00029,nonidentical_remention,explicit_appositive_description,natural_distance_pair:0079,00_04,0,7.799232482910156,7.466780185699463,-0.33245229721069336,3,3,False,False
D_C_43022,chck_80M,natural_mention:nr:00030,nonidentical_remention,person_name_to_pronoun,natural_distance_pair:0099,10_19,12,0.5413581728935242,0.36775127053260803,-0.17360690236091614,1,1,False,False
D_C_43022,chck_80M,natural_mention:nr:00031,nonidentical_remention,nonperson_name_to_pronoun,natural_distance_pair:0127,05_09,7,2.313318967819214,2.5273678302764893,0.2140488624572754,1,1,False,False
D_C_43022,chck_80M,natural_mention:nr:00032,nonidentical_remention,full_name_to_acronym,natural_distance_pair:0044,10_19,13,6.604085445404053,6.944447994232178,0.340362548828125,3,3,False,False
D_C_43022,chck_80M,natural_mention:nr:00033,nonidentical_remention,full_name_to_acronym,natural_distance_pair:0051,10_19,11,3.723778247833252,4.114715099334717,0.39093685150146484,2,2,False,False
D_C_43022,chck_80M,natural_mention:nr:00034,nonidentical_remention,full_name_to_surname_or_final_token,natural_distance_pair:0040,10_19,15,4.06640625,4.404388427734375,0.337982177734375,2,2,False,False
D_C_43022,chck_80M,natural_mention:nr:00035,nonidentical_remention,person_name_to_pronoun,natural_distance_pair:0110,05_09,8,0.38782423734664917,0.19314080476760864,-0.19468343257904053,1,1,False,False
D_C_43022,chck_80M,natural_mention:nr:00036,nonidentical_remention,full_name_to_acronym,natural_distance_pair:0085,00_04,0,6.96357536315918,7.159401893615723,0.19582653045654297,2,2,False,False
D_C_43022,chck_80M,natural_mention:nr:00037,nonidentical_remention,person_name_to_pronoun,natural_distance_pair:0104,05_09,9,0.2487371414899826,0.2745746374130249,0.025837495923042297,1,1,False,False
D_C_43022,chck_80M,natural_mention:nr:00038,nonidentical_remention,explicit_appositive_description,natural_distance_pair:0072,00_04,0,3.5639684200286865,3.4528250694274902,-0.11114335060119629,2,2,False,False
D_C_43022,chck_80M,natural_mention:nr:00039,nonidentical_remention,nonperson_name_to_pronoun,natural_distance_pair:0124,05_09,9,0.03083685226738453,0.037872932851314545,0.0070360805839300156,1,1,False,False
D_C_43022,chck_80M,natural_mention:nr:00040,nonidentical_remention,person_name_to_pronoun,natural_distance_pair:0092,10_19,17,0.9755454063415527,1.1475186347961426,0.17197322845458984,1,1,False,False
D_C_43022,chck_80M,natural_mention:nr:00041,nonidentical_remention,full_name_to_surname_or_final_token,natural_distance_pair:0036,10_19,18,0.42673155665397644,9.193441390991211,8.766709834337234,2,2,False,False
D_C_43022,chck_80M,natural_mention:nr:00042,nonidentical_remention,nonperson_name_to_pronoun,natural_distance_pair:0121,10_19,12,0.19171808660030365,0.20444925129413605,0.012731164693832397,1,1,False,False
D_C_43022,chck_80M,natural_mention:nr:00043,nonidentical_remention,full_name_to_acronym,natural_distance_pair:0057,00_04,4,0.18508024513721466,0.272536963224411,0.08745671808719635,3,3,False,False
D_C_43022,chck_80M,natural_mention:nr:00044,nonidentical_remention,explicit_appositive_description,natural_distance_pair:0080,00_04,0,6.686282157897949,6.876863956451416,0.1905817985534668,1,1,False,False
D_C_43022,chck_80M,natural_mention:nr:00045,nonidentical_remention,full_name_to_acronym,natural_distance_pair:0064,00_04,1,8.536691665649414,7.579500198364258,-0.9571914672851562,2,2,False,False
D_C_43022,chck_80M,natural_mention:nr:00046,nonidentical_remention,full_name_to_surname_or_final_token,natural_distance_pair:0029,20_39,26,5.414173126220703,7.236072540283203,1.8218994140625,3,3,False,False
D_C_43022,chck_80M,natural_mention:nr:00047,nonidentical_remention,full_name_to_surname_or_final_token,natural_distance_pair:0014,40_79,42,7.290684700012207,9.577434539794922,2.286749839782715,2,2,False,False
D_C_43022,chck_80M,natural_mention:nr:00048,nonidentical_remention,full_name_to_surname_or_final_token,natural_distance_pair:0010,40_79,48,9.415060997009277,9.972978591918945,0.557917594909668,2,2,False,False
D_C_43022,chck_80M,natural_mention:nr:00049,nonidentical_remention,explicit_appositive_description,natural_distance_pair:0075,00_04,0,7.56400728225708,7.712482929229736,0.14847564697265625,7,7,False,False
D_C_43022,chck_80M,natural_mention:nr:00050,nonidentical_remention,full_name_to_acronym,natural_distance_pair:0081,00_04,0,6.142947196960449,5.953032493591309,-0.18991470336914062,2,2,False,False
D_C_43022,chck_80M,natural_mention:nr:00051,nonidentical_remention,person_name_to_pronoun,natural_distance_pair:0096,10_19,14,0.10574415326118469,0.026931099593639374,-0.07881305366754532,1,1,False,False
D_C_43022,chck_80M,natural_mention:nr:00052,nonidentical_remention,full_name_to_acronym,natural_distance_pair:0062,00_04,2,6.837250709533691,6.987479209899902,0.15022850036621094,2,2,False,False
D_C_43022,chck_80M,natural_mention:nr:00053,nonidentical_remention,person_name_to_pronoun,natural_distance_pair:0107,05_09,8,0.21492351591587067,0.18802426755428314,-0.026899248361587524,1,1,False,False
D_C_43022,chck_80M,natural_mention:nr:00054,nonidentical_remention,nonperson_name_to_pronoun,natural_distance_pair:0120,10_19,15,0.42593857645988464,0.3181510269641876,-0.10778754949569702,1,1,False,False
D_C_43022,chck_80M,natural_mention:nr:00055,nonidentical_remention,full_name_to_acronym,natural_distance_pair:0071,00_04,0,3.222999095916748,3.863675117492676,0.6406760215759277,2,2,False,False
D_C_43022,chck_80M,natural_mention:nr:00056,nonidentical_remention,person_name_to_pronoun,natural_distance_pair:0093,10_19,16,0.09577587246894836,0.09971664100885391,0.003940768539905548,1,1,False,False
D_C_43022,chck_80M,natural_mention:nr:00057,nonidentical_remention,person_name_to_pronoun,natural_distance_pair:0095,10_19,15,0.4894958734512329,0.4702543318271637,-0.019241541624069214,1,1,False,False
D_C_43022,chck_80M,natural_mention:nr:00058,nonidentical_remention,full_name_to_surname_or_final_token,natural_distance_pair:0028,20_39,27,4.578128337860107,10.335491180419922,5.7573628425598145,2,2,False,False
D_C_43022,chck_80M,natural_mention:nr:00059,nonidentical_remention,nonperson_name_to_pronoun,natural_distance_pair:0125,05_09,9,0.11264065653085709,0.12856145203113556,0.015920795500278473,1,1,False,False
D_C_43022,chck_80M,natural_mention:nr:00060,nonidentical_remention,explicit_appositive_description,natural_distance_pair:0083,00_04,0,8.691878318786621,8.535853385925293,-0.15602493286132812,3,3,False,False
D_C_43022,chck_80M,natural_mention:nr:00061,nonidentical_remention,full_name_to_surname_or_final_token,natural_distance_pair:0011,40_79,48,8.464656829833984,10.146825790405273,1.682168960571289,1,1,False,False
D_C_43022,chck_80M,natural_mention:nr:00062,nonidentical_remention,full_name_to_surname_or_final_token,natural_distance_pair:0003,40_79,57,4.75393533706665,8.34065055847168,3.5867152214050293,5,5,False,False
D_C_43022,chck_80M,natural_mention:nr:00063,nonidentical_remention,full_name_to_acronym,natural_distance_pair:0066,00_04,0,6.1078081130981445,5.883443832397461,-0.2243642807006836,2,2,False,False
D_C_43022,chck_80M,natural_mention:nr:00064,nonidentical_remention,full_name_to_surname_or_final_token,natural_distance_pair:0042,10_19,14,0.24554692208766937,9.047266960144043,8.801720038056374,2,2,False,False
D_C_43022,chck_80M,natural_mention:nr:00065,nonidentical_remention,full_name_to_acronym,natural_distance_pair:0065,00_04,1,7.242922306060791,7.118593215942383,-0.1243290901184082,2,2,False,False
D_C_43022,chck_80M,natural_mention:nr:00066,nonidentical_remention,explicit_appositive_description,natural_distance_pair:0078,00_04,0,5.84172248840332,6.039236068725586,0.19751358032226562,1,1,False,False
D_C_43022,chck_80M,natural_mention:nr:00067,nonidentical_remention,full_name_to_acronym,natural_distance_pair:0076,00_04,0,5.319333076477051,4.795105934143066,-0.5242271423339844,2,2,False,False
D_C_43022,chck_80M,natural_mention:nr:00068,nonidentical_remention,explicit_appositive_description,natural_distance_pair:0086,00_04,0,6.467488765716553,6.469324588775635,0.0018358230590820312,7,7,False,False
D_C_43022,chck_80M,natural_mention:nr:00069,nonidentical_remention,person_name_to_pronoun,natural_distance_pair:0111,05_09,8,0.35240885615348816,0.166812926530838,-0.18559592962265015,1,1,False,False
D_C_43022,chck_80M,natural_mention:nr:00070,nonidentical_remention,full_name_to_acronym,natural_distance_pair:0052,10_19,10,8.015641212463379,7.9266839027404785,-0.08895730972290039,2,2,False,False
D_C_43022,chck_80M,natural_mention:nr:00071,nonidentical_remention,person_name_to_pronoun,natural_distance_pair:0108,05_09,8,0.5719571113586426,0.4883623421192169,-0.08359476923942566,1,1,False,False
D_C_43022,chck_80M,natural_mention:nr:00072,nonidentical_remention,full_name_to_surname_or_final_token,natural_distance_pair:0004,40_79,56,0.4146386981010437,5.804098129272461,5.389459431171417,2,2,False,False
D_C_43022,chck_80M,natural_mention:nr:00073,nonidentical_remention,person_name_to_pronoun,natural_distance_pair:0091,10_19,18,0.07458920776844025,0.09401301294565201,0.01942380517721176,1,1,False,False
D_C_43022,chck_80M,natural_mention:nr:00074,nonidentical_remention,full_name_to_acronym,natural_distance_pair:0047,10_19,12,4.807690143585205,5.246463298797607,0.43877315521240234,3,3,False,False
D_C_43022,chck_80M,natural_mention:nr:00075,nonidentical_remention,nonperson_name_to_pronoun,natural_distance_pair:0126,05_09,7,6.301989555358887,6.359771728515625,0.05778217315673828,1,1,False,False
D_C_43022,chck_80M,natural_mention:nr:00076,nonidentical_remention,full_name_to_acronym,natural_distance_pair:0069,00_04,0,7.156859397888184,7.212994575500488,0.05613517761230469,2,2,False,False
D_C_43022,chck_80M,natural_mention:nr:00077,nonidentical_remention,person_name_to_pronoun,natural_distance_pair:0114,05_09,7,2.238523006439209,2.254931688308716,0.016408681869506836,1,1,False,False
D_C_43022,chck_80M,natural_mention:nr:00078,nonidentical_remention,person_name_to_pronoun,natural_distance_pair:0087,20_39,33,2.296539068222046,5.801026821136475,3.5044877529144287,1,1,False,False
D_C_43022,chck_80M,natural_mention:nr:00079,nonidentical_remention,person_name_to_pronoun,natural_distance_pair:0098,10_19,12,2.000770330429077,1.0991348028182983,-0.9016355276107788,1,1,False,False
D_C_43022,chck_80M,natural_mention:nr:00080,nonidentical_remention,nonperson_name_to_pronoun,natural_distance_pair:0118,10_19,19,0.4692087173461914,0.4457671046257019,-0.023441612720489502,1,1,False,False
D_C_43022,chck_80M,natural_mention:nr:00081,nonidentical_remention,full_name_to_surname_or_final_token,natural_distance_pair:0025,20_39,28,5.65955924987793,8.770757675170898,3.1111984252929688,4,4,False,False
D_C_43022,chck_80M,natural_mention:nr:00082,nonidentical_remention,full_name_to_surname_or_final_token,natural_distance_pair:0050,10_19,11,1.5875275135040283,3.9764668941497803,2.388939380645752,2,2,False,False
D_C_43022,chck_80M,natural_mention:nr:00083,nonidentical_remention,explicit_appositive_description,natural_distance_pair:0067,00_04,0,8.08591365814209,8.42539119720459,0.3394775390625,6,6,False,False
D_C_43022,chck_80M,natural_mention:nr:00084,nonidentical_remention,full_name_to_surname_or_final_token,natural_distance_pair:0055,05_09,7,7.841489315032959,8.316168785095215,0.47467947006225586,3,3,False,False
D_C_43022,chck_80M,natural_mention:nr:00085,nonidentical_remention,person_name_to_pronoun,natural_distance_pair:0113,05_09,7,0.035248514264822006,0.03959806263446808,0.004349548369646072,1,1,False,False
D_C_43022,chck_80M,natural_mention:nr:00086,nonidentical_remention,person_name_to_pronoun,natural_distance_pair:0088,20_39,21,3.248920440673828,3.39316987991333,0.14424943923950195,1,1,False,False
D_C_43022,chck_80M,natural_mention:nr:00087,nonidentical_remention,full_name_to_acronym,natural_distance_pair:0033,20_39,20,11.261131286621094,11.578206062316895,0.3170747756958008,2,2,False,False
D_C_43022,chck_80M,natural_mention:nr:00088,nonidentical_remention,full_name_to_surname_or_final_token,natural_distance_pair:0015,20_39,38,8.457917213439941,10.700763702392578,2.2428464889526367,2,2,False,False
D_C_43022,chck_80M,natural_mention:nr:00089,nonidentical_remention,full_name_to_surname_or_final_token,natural_distance_pair:0000,40_79,74,1.7465996742248535,9.102418899536133,7.355819225311279,2,2,False,False
D_C_43022,chck_80M,natural_mention:nr:00090,nonidentical_remention,explicit_appositive_description,natural_distance_pair:0068,00_04,0,7.956747055053711,7.5562825202941895,-0.4004645347595215,3,3,False,False
D_C_43022,chck_80M,natural_mention:nr:00091,nonidentical_remention,full_name_to_acronym,natural_distance_pair:0048,10_19,12,8.44835090637207,8.31528091430664,-0.1330699920654297,2,2,False,False
D_C_43022,chck_80M,natural_mention:nr:00092,nonidentical_remention,full_name_to_acronym,natural_distance_pair:0032,20_39,21,8.07423210144043,8.101372718811035,0.02714061737060547,2,2,False,False
D_C_43022,chck_80M,natural_mention:nr:00093,nonidentical_remention,person_name_to_pronoun,natural_distance_pair:0103,10_19,10,2.8454558849334717,2.803671360015869,-0.04178452491760254,1,1,False,False
D_C_43022,chck_80M,natural_mention:nr:00094,nonidentical_remention,full_name_to_acronym,natural_distance_pair:0024,20_39,29,5.667879581451416,5.705607891082764,0.037728309631347656,3,3,False,False
D_C_43022,chck_80M,natural_mention:nr:00095,nonidentical_remention,full_name_to_surname_or_final_token,natural_distance_pair:0059,00_04,4,2.9474172592163086,2.219367027282715,-0.7280502319335938,1,1,False,False
D_C_43022,chck_80M,natural_mention:nr:00096,nonidentical_remention,person_name_to_pronoun,natural_distance_pair:0101,10_19,11,4.973239421844482,5.2770795822143555,0.30384016036987305,1,1,False,False
D_C_43022,chck_80M,natural_mention:nr:00097,nonidentical_remention,full_name_to_surname_or_final_token,natural_distance_pair:0007,40_79,52,1.5374151468276978,8.031928062438965,6.494512915611267,3,3,False,False
D_C_43022,chck_80M,natural_mention:nr:00098,nonidentical_remention,full_name_to_surname_or_final_token,natural_distance_pair:0023,20_39,30,5.133069038391113,9.498730659484863,4.36566162109375,5,5,False,False
D_C_43022,chck_80M,natural_mention:nr:00099,nonidentical_remention,full_name_to_surname_or_final_token,natural_distance_pair:0054,05_09,9,5.973363399505615,6.6783127784729,0.7049493789672852,3,3,False,False
D_C_43022,chck_80M,natural_mention:nr:00100,nonidentical_remention,full_name_to_acronym,natural_distance_pair:0020,20_39,31,10.101046562194824,8.650660514831543,-1.4503860473632812,3,3,False,False
D_C_43022,chck_80M,natural_mention:nr:00101,nonidentical_remention,full_name_to_acronym,natural_distance_pair:0037,10_19,17,2.5655548572540283,3.1429340839385986,0.5773792266845703,3,3,False,False
D_C_43022,chck_80M,natural_mention:nr:00102,nonidentical_remention,explicit_appositive_description,natural_distance_pair:0073,00_04,0,5.452492713928223,5.034380912780762,-0.41811180114746094,1,1,False,False
D_C_43022,chck_80M,natural_mention:nr:00103,nonidentical_remention,full_name_to_acronym,natural_distance_pair:0002,40_79,62,6.51631498336792,6.519315719604492,0.0030007362365722656,3,3,False,False
D_C_43022,chck_80M,natural_mention:nr:00104,nonidentical_remention,full_name_to_surname_or_final_token,natural_distance_pair:0018,20_39,35,5.249320030212402,14.819666862487793,9.57034683227539,2,2,False,False
D_C_43022,chck_80M,natural_mention:nr:00105,nonidentical_remention,full_name_to_surname_or_final_token,natural_distance_pair:0013,40_79,44,5.445629119873047,7.6631951332092285,2.2175660133361816,4,4,False,False
D_C_43022,chck_80M,natural_mention:nr:00106,nonidentical_remention,full_name_to_surname_or_final_token,natural_distance_pair:0006,40_79,53,10.135444641113281,10.198945999145508,0.06350135803222656,2,2,False,False
D_C_43022,chck_80M,natural_mention:nr:00107,nonidentical_remention,full_name_to_surname_or_final_token,natural_distance_pair:0041,10_19,15,4.20773458480835,7.449787139892578,3.2420525550842285,2,2,False,False
D_C_43022,chck_80M,natural_mention:nr:00108,nonidentical_remention,full_name_to_surname_or_final_token,natural_distance_pair:0030,20_39,23,1.7992498874664307,9.670295715332031,7.871045827865601,2,2,False,False
D_C_43022,chck_80M,natural_mention:nr:00109,nonidentical_remention,full_name_to_surname_or_final_token,natural_distance_pair:0039,10_19,16,0.048441626131534576,0.061217520385980606,0.01277589425444603,1,1,False,False
D_C_43022,chck_80M,natural_mention:nr:00110,nonidentical_remention,full_name_to_acronym,natural_distance_pair:0021,20_39,31,0.08122700452804565,0.08763973414897919,0.006412729620933533,2,2,False,False
D_C_43022,chck_80M,natural_mention:nr:00111,nonidentical_remention,full_name_to_acronym,natural_distance_pair:0016,20_39,37,5.922217845916748,5.626565456390381,-0.2956523895263672,1,1,False,False
D_C_43022,chck_80M,natural_mention:nr:00112,nonidentical_remention,person_name_to_pronoun,natural_distance_pair:0102,10_19,10,0.30318254232406616,0.4573993682861328,0.15421682596206665,1,1,False,False
D_C_43022,chck_80M,natural_mention:nr:00113,nonidentical_remention,full_name_to_surname_or_final_token,natural_distance_pair:0012,40_79,48,5.374355792999268,6.313426494598389,0.9390707015991211,3,3,False,False
D_C_43022,chck_80M,natural_mention:nr:00114,nonidentical_remention,person_name_to_pronoun,natural_distance_pair:0090,20_39,21,2.1578471660614014,2.2642412185668945,0.10639405250549316,1,1,False,False
D_C_43022,chck_80M,natural_mention:nr:00115,nonidentical_remention,person_name_to_pronoun,natural_distance_pair:0109,05_09,8,0.5787985324859619,0.5253868699073792,-0.053411662578582764,1,1,False,False
D_C_43022,chck_80M,natural_mention:nr:00116,nonidentical_remention,person_name_to_pronoun,natural_distance_pair:0094,10_19,15,2.406888246536255,0.08879537135362625,-2.3180928751826286,1,1,False,False
D_C_43022,chck_80M,natural_mention:nr:00117,nonidentical_remention,person_name_to_pronoun,natural_distance_pair:0116,05_09,6,1.7777152061462402,1.6301085948944092,-0.14760661125183105,1,1,False,False
D_C_43022,chck_80M,natural_mention:nr:00118,nonidentical_remention,full_name_to_acronym,natural_distance_pair:0019,20_39,33,6.7089996337890625,7.0147528648376465,0.305753231048584,3,3,False,False
D_C_43022,chck_80M,natural_mention:nr:00119,nonidentical_remention,person_name_to_pronoun,natural_distance_pair:0105,05_09,9,0.33098044991493225,0.28533491492271423,-0.04564553499221802,1,1,False,False
D_C_43022,chck_80M,natural_mention:nr:00120,nonidentical_remention,person_name_to_pronoun,natural_distance_pair:0115,05_09,6,0.29964083433151245,0.29504743218421936,-0.004593402147293091,1,1,False,False
D_C_43022,chck_80M,natural_mention:nr:00121,nonidentical_remention,full_name_to_acronym,natural_distance_pair:0061,00_04,2,4.407292366027832,4.6837921142578125,0.27649974822998047,4,4,False,False
D_C_43022,chck_80M,natural_mention:nr:00122,nonidentical_remention,explicit_appositive_description,natural_distance_pair:0082,00_04,0,3.8641531467437744,3.9142720699310303,0.05011892318725586,1,1,False,False
D_C_43022,chck_80M,natural_mention:nr:00123,nonidentical_remention,full_name_to_acronym,natural_distance_pair:0017,20_39,36,2.315138578414917,2.4186818599700928,0.10354328155517578,3,3,False,False
D_C_43022,chck_80M,natural_mention:nr:00124,nonidentical_remention,full_name_to_surname_or_final_token,natural_distance_pair:0034,20_39,20,4.951713562011719,10.176166534423828,5.224452972412109,2,2,False,False
D_C_43022,chck_80M,natural_mention:nr:00125,nonidentical_remention,explicit_appositive_description,natural_distance_pair:0077,00_04,0,6.924552917480469,7.145133972167969,0.2205810546875,3,3,False,False
D_C_43022,chck_80M,natural_mention:nr:00126,nonidentical_remention,full_name_to_acronym,natural_distance_pair:0031,20_39,22,8.305017471313477,8.435689926147461,0.13067245483398438,2,2,False,False
D_C_43022,chck_80M,natural_mention:nr:00127,nonidentical_remention,person_name_to_pronoun,natural_distance_pair:0106,05_09,8,0.029160212725400925,0.17269916832447052,0.1435389555990696,1,1,False,False
D_C_43022,chck_80M,natural_mention:nr:00128,nonidentical_remention,full_name_to_surname_or_final_token,natural_distance_pair:0038,10_19,16,2.7060859203338623,7.353967189788818,4.647881269454956,2,2,False,False
D_C_43022,chck_80M,natural_mention:vr:00129,verbatim_remention,exact_named_entity,natural_distance_pair:0082,00_04,4,8.441299438476562,8.438270568847656,-0.00302886962890625,2,2,False,False
D_C_43022,chck_80M,natural_mention:vr:00130,verbatim_remention,exact_named_entity,natural_distance_pair:0041,10_19,15,0.11313845962285995,9.195307731628418,9.082169272005558,3,3,False,False
D_C_43022,chck_80M,natural_mention:vr:00131,verbatim_remention,exact_named_entity,natural_distance_pair:0046,10_19,13,0.5428363680839539,8.019472122192383,7.476635754108429,5,5,False,False
D_C_43022,chck_80M,natural_mention:vr:00132,verbatim_remention,exact_named_entity,natural_distance_pair:0080,00_04,3,6.003457546234131,5.933931827545166,-0.06952571868896484,3,3,False,False
D_C_43022,chck_80M,natural_mention:vr:00133,verbatim_remention,exact_named_entity,natural_distance_pair:0035,10_19,19,7.611594200134277,7.855659484863281,0.2440652847290039,1,1,False,False
D_C_43022,chck_80M,natural_mention:vr:00134,verbatim_remention,exact_named_entity,natural_distance_pair:0081,00_04,4,0.6453797817230225,0.9081606864929199,0.26278090476989746,1,1,False,False
D_C_43022,chck_80M,natural_mention:vr:00135,verbatim_remention,exact_named_entity,natural_distance_pair:0026,20_39,28,0.29792696237564087,1.5525456666946411,1.2546187043190002,2,2,False,False
D_C_43022,chck_80M,natural_mention:vr:00136,verbatim_remention,exact_named_entity,natural_distance_pair:0006,40_79,54,9.996650695800781,10.106949806213379,0.11029911041259766,2,2,False,False
D_C_43022,chck_80M,natural_mention:vr:00137,verbatim_remention,exact_named_entity,natural_distance_pair:0100,10_19,12,1.21779465675354,3.1894867420196533,1.9716920852661133,2,2,False,False
D_C_43022,chck_80M,natural_mention:vr:00138,verbatim_remention,exact_named_entity,natural_distance_pair:0111,05_09,8,0.35165444016456604,2.07794189453125,1.726287454366684,3,3,False,False
D_C_43022,chck_80M,natural_mention:vr:00139,verbatim_remention,exact_named_entity,natural_distance_pair:0015,20_39,38,0.1220073401927948,3.9763805866241455,3.8543732464313507,3,3,False,False
D_C_43022,chck_80M,natural_mention:vr:00140,verbatim_remention,exact_named_entity,natural_distance_pair:0091,10_19,18,9.35919189453125,11.164958953857422,1.8057670593261719,4,4,False,False
D_C_43022,chck_80M,natural_mention:vr:00141,verbatim_remention,exact_named_entity,natural_distance_pair:0022,20_39,31,0.37784627079963684,2.08372163772583,1.7058753669261932,1,1,False,False
D_C_43022,chck_80M,natural_mention:vr:00142,verbatim_remention,exact_named_entity,natural_distance_pair:0052,10_19,10,0.3965405225753784,0.47218501567840576,0.07564449310302734,3,3,False,False
D_C_43022,chck_80M,natural_mention:vr:00143,verbatim_remention,exact_named_entity,natural_distance_pair:0062,00_04,3,6.382011890411377,9.616065979003906,3.2340540885925293,1,1,False,False
D_C_43022,chck_80M,natural_mention:vr:00144,verbatim_remention,exact_named_entity,natural_distance_pair:0002,40_79,62,7.939528942108154,8.530617713928223,0.5910887718200684,1,1,False,False
D_C_43022,chck_80M,natural_mention:vr:00145,verbatim_remention,exact_named_entity,natural_distance_pair:0031,20_39,22,9.106830596923828,9.229482650756836,0.12265205383300781,1,1,False,False
D_C_43022,chck_80M,natural_mention:vr:00146,verbatim_remention,exact_named_entity,natural_distance_pair:0047,10_19,12,1.8046667575836182,9.188879013061523,7.384212255477905,2,2,False,False
D_C_43022,chck_80M,natural_mention:vr:00147,verbatim_remention,exact_named_entity,natural_distance_pair:0112,05_09,7,4.082583427429199,6.296011924743652,2.213428497314453,1,1,False,False
D_C_43022,chck_80M,natural_mention:vr:00148,verbatim_remention,exact_named_entity,natural_distance_pair:0109,05_09,8,2.7873458862304688,5.063992023468018,2.276646137237549,3,3,False,False
D_C_43022,chck_80M,natural_mention:vr:00149,verbatim_remention,exact_named_entity,natural_distance_pair:0098,10_19,12,3.363806962966919,4.044040203094482,0.6802332401275635,3,3,False,False
D_C_43022,chck_80M,natural_mention:vr:00150,verbatim_remention,exact_named_entity,natural_distance_pair:0117,05_09,5,1.7865362167358398,2.264115810394287,0.47757959365844727,3,3,False,False
D_C_43022,chck_80M,natural_mention:vr:00151,verbatim_remention,exact_named_entity,natural_distance_pair:0005,40_79,54,12.54020881652832,12.802197456359863,0.26198863983154297,1,1,False,False
D_C_43022,chck_80M,natural_mention:vr:00152,verbatim_remention,exact_named_entity,natural_distance_pair:0014,40_79,42,3.9370508193969727,9.058417320251465,5.121366500854492,2,2,False,False
D_C_43022,chck_80M,natural_mention:vr:00153,verbatim_remention,exact_named_entity,natural_distance_pair:0102,10_19,10,3.9453766345977783,8.179232597351074,4.233855962753296,2,2,False,False
D_C_43022,chck_80M,natural_mention:vr:00154,verbatim_remention,indefinite_to_definite_nominal,natural_distance_pair:0084,00_04,3,2.071786880493164,4.776615142822266,2.7048282623291016,1,1,False,False
D_C_43022,chck_80M,natural_mention:vr:00155,verbatim_remention,exact_named_entity,natural_distance_pair:0108,05_09,8,1.2179979085922241,6.200668811798096,4.982670903205872,1,1,False,False
D_C_43022,chck_80M,natural_mention:vr:00156,verbatim_remention,exact_named_entity,natural_distance_pair:0011,40_79,48,0.4387761354446411,0.5397535562515259,0.10097742080688477,1,1,False,False
D_C_43022,chck_80M,natural_mention:vr:00157,verbatim_remention,exact_named_entity,natural_distance_pair:0105,05_09,9,2.3394484519958496,5.047661304473877,2.7082128524780273,2,2,False,False
D_C_43022,chck_80M,natural_mention:vr:00158,verbatim_remention,exact_named_entity,natural_distance_pair:0066,00_04,4,0.7455525994300842,6.560039043426514,5.814486443996429,2,2,False,False
D_C_43022,chck_80M,natural_mention:vr:00159,verbatim_remention,exact_named_entity,natural_distance_pair:0090,20_39,21,13.802530288696289,13.765682220458984,-0.03684806823730469,1,1,False,False
D_C_43022,chck_80M,natural_mention:vr:00160,verbatim_remention,exact_named_entity,natural_distance_pair:0121,10_19,12,0.6866520047187805,9.168705940246582,8.482053935527802,1,1,False,False
D_C_43022,chck_80M,natural_mention:vr:00161,verbatim_remention,indefinite_to_definite_nominal,natural_distance_pair:0074,00_04,4,9.67546272277832,9.864360809326172,0.18889808654785156,1,1,False,False
D_C_43022,chck_80M,natural_mention:vr:00162,verbatim_remention,exact_named_entity,natural_distance_pair:0036,10_19,18,0.4941317141056061,5.199653625488281,4.705521911382675,1,1,False,False
D_C_43022,chck_80M,natural_mention:vr:00163,verbatim_remention,exact_named_entity,natural_distance_pair:0029,20_39,26,7.2739715576171875,7.713874340057373,0.43990278244018555,2,2,False,False
D_C_43022,chck_80M,natural_mention:vr:00164,verbatim_remention,exact_named_entity,natural_distance_pair:0057,00_04,4,5.774700164794922,7.27012825012207,1.4954280853271484,1,1,False,False
D_C_43022,chck_80M,natural_mention:vr:00165,verbatim_remention,exact_named_entity,natural_distance_pair:0107,05_09,8,3.146207332611084,5.253579616546631,2.107372283935547,1,1,False,False
D_C_43022,chck_80M,natural_mention:vr:00166,verbatim_remention,exact_named_entity,natural_distance_pair:0101,10_19,11,9.227827072143555,9.890750885009766,0.6629238128662109,1,1,False,False
D_C_43022,chck_80M,natural_mention:vr:00167,verbatim_remention,exact_named_entity,natural_distance_pair:0037,10_19,17,5.188957691192627,10.091817855834961,4.902860164642334,3,3,False,False
D_C_43022,chck_80M,natural_mention:vr:00168,verbatim_remention,exact_named_entity,natural_distance_pair:0092,10_19,17,3.423696994781494,3.775583267211914,0.3518862724304199,2,2,False,False
D_C_43022,chck_80M,natural_mention:vr:00169,verbatim_remention,exact_named_entity,natural_distance_pair:0104,05_09,9,4.8569722175598145,8.88640022277832,4.029428005218506,2,2,False,False
D_C_43022,chck_80M,natural_mention:vr:00170,verbatim_remention,exact_named_entity,natural_distance_pair:0012,40_79,48,4.511113166809082,8.621272087097168,4.110158920288086,1,1,False,False
D_C_43022,chck_80M,natural_mention:vr:00171,verbatim_remention,exact_named_entity,natural_distance_pair:0038,10_19,16,7.486173629760742,7.902950763702393,0.4167771339416504,3,3,False,False
D_C_43022,chck_80M,natural_mention:vr:00172,verbatim_remention,exact_named_entity,natural_distance_pair:0053,10_19,10,3.1669278144836426,2.974621295928955,-0.1923065185546875,1,1,False,False
D_C_43022,chck_80M,natural_mention:vr:00173,verbatim_remention,indefinite_to_definite_nominal,natural_distance_pair:0085,00_04,4,5.256222248077393,8.701948165893555,3.445725917816162,2,2,False,False
D_C_43022,chck_80M,natural_mention:vr:00174,verbatim_remention,exact_named_entity,natural_distance_pair:0125,05_09,9,0.28493186831474304,3.3815529346466064,3.0966210663318634,4,4,False,False
D_C_43022,chck_80M,natural_mention:vr:00175,verbatim_remention,exact_named_entity,natural_distance_pair:0063,00_04,3,8.191254615783691,8.555495262145996,0.3642406463623047,1,1,False,False
D_C_43022,chck_80M,natural_mention:vr:00176,verbatim_remention,exact_named_entity,natural_distance_pair:0118,10_19,19,4.124114036560059,8.541019439697266,4.416905403137207,2,2,False,False
D_C_43022,chck_80M,natural_mention:vr:00177,verbatim_remention,exact_named_entity,natural_distance_pair:0059,00_04,4,6.905372619628906,10.823728561401367,3.918355941772461,2,2,False,False
D_C_43022,chck_80M,natural_mention:vr:00178,verbatim_remention,exact_named_entity,natural_distance_pair:0040,10_19,15,2.5052194595336914,7.333746433258057,4.828526973724365,2,2,False,False
D_C_43022,chck_80M,natural_mention:vr:00179,verbatim_remention,exact_named_entity,natural_distance_pair:0094,10_19,15,1.145710825920105,3.4479427337646484,2.3022319078445435,1,1,False,False
D_C_43022,chck_80M,natural_mention:vr:00180,verbatim_remention,exact_named_entity,natural_distance_pair:0048,10_19,12,9.87297534942627,9.766660690307617,-0.10631465911865234,1,1,False,False
D_C_43022,chck_80M,natural_mention:vr:00181,verbatim_remention,exact_named_entity,natural_distance_pair:0058,00_04,4,2.9177207946777344,8.43117904663086,5.513458251953125,1,1,False,False
D_C_43022,chck_80M,natural_mention:vr:00182,verbatim_remention,exact_named_entity,natural_distance_pair:0033,20_39,20,7.8939032554626465,11.667620658874512,3.7737174034118652,1,1,False,False
D_C_43022,chck_80M,natural_mention:vr:00183,verbatim_remention,exact_named_entity,natural_distance_pair:0079,00_04,4,10.90091323852539,9.345640182495117,-1.5552730560302734,4,4,False,False
D_C_43022,chck_80M,natural_mention:vr:00184,verbatim_remention,exact_named_entity,natural_distance_pair:0054,05_09,9,5.216541290283203,10.550663948059082,5.334122657775879,1,1,False,False
D_C_43022,chck_80M,natural_mention:vr:00185,verbatim_remention,exact_named_entity,natural_distance_pair:0078,00_04,3,0.6612435579299927,0.4313544034957886,-0.2298891544342041,3,3,False,False
D_C_43022,chck_80M,natural_mention:vr:00186,verbatim_remention,exact_named_entity,natural_distance_pair:0030,20_39,23,16.361013412475586,16.405851364135742,0.04483795166015625,1,1,False,False
D_C_43022,chck_80M,natural_mention:vr:00187,verbatim_remention,exact_named_entity,natural_distance_pair:0126,05_09,7,0.7220339775085449,6.949228763580322,6.227194786071777,5,5,False,False
D_C_43022,chck_80M,natural_mention:vr:00188,verbatim_remention,exact_named_entity,natural_distance_pair:0027,20_39,28,6.4060797691345215,7.627780914306641,1.2217011451721191,1,1,False,False
D_C_43022,chck_80M,natural_mention:vr:00189,verbatim_remention,exact_named_entity,natural_distance_pair:0069,00_04,4,0.09600850939750671,0.1127588078379631,0.01675029844045639,2,2,False,False
D_C_43022,chck_80M,natural_mention:vr:00190,verbatim_remention,exact_named_entity,natural_distance_pair:0051,10_19,11,0.6097788214683533,0.5500907897949219,-0.059688031673431396,3,3,False,False
D_C_43022,chck_80M,natural_mention:vr:00191,verbatim_remention,exact_named_entity,natural_distance_pair:0042,10_19,14,5.384531497955322,6.556379795074463,1.1718482971191406,3,3,False,False
D_C_43022,chck_80M,natural_mention:vr:00192,verbatim_remention,exact_named_entity,natural_distance_pair:0072,00_04,3,5.16409158706665,6.001600742340088,0.8375091552734375,3,3,False,False
D_C_43022,chck_80M,natural_mention:vr:00193,verbatim_remention,exact_named_entity,natural_distance_pair:0021,20_39,31,1.9845958948135376,2.673063278198242,0.6884673833847046,6,6,False,False
D_C_43022,chck_80M,natural_mention:vr:00194,verbatim_remention,exact_named_entity,natural_distance_pair:0068,00_04,3,12.851430892944336,12.413434982299805,-0.43799591064453125,2,2,False,False
D_C_43022,chck_80M,natural_mention:vr:00195,verbatim_remention,exact_named_entity,natural_distance_pair:0028,20_39,27,0.10746549069881439,1.9797072410583496,1.8722417503595352,1,1,False,False
D_C_43022,chck_80M,natural_mention:vr:00196,verbatim_remention,exact_named_entity,natural_distance_pair:0124,05_09,9,3.5318241119384766,5.245479583740234,1.7136554718017578,3,3,False,False
D_C_43022,chck_80M,natural_mention:vr:00197,verbatim_remention,exact_named_entity,natural_distance_pair:0060,00_04,4,0.12947213649749756,0.19352774322032928,0.06405560672283173,3,3,False,False
D_C_43022,chck_80M,natural_mention:vr:00198,verbatim_remention,exact_named_entity,natural_distance_pair:0049,10_19,12,8.403017044067383,8.305960655212402,-0.09705638885498047,2,2,False,False
D_C_43022,chck_80M,natural_mention:vr:00199,verbatim_remention,exact_named_entity,natural_distance_pair:0045,10_19,13,0.3337215781211853,0.5032585859298706,0.1695370078086853,4,4,False,False
D_C_43022,chck_80M,natural_mention:vr:00200,verbatim_remention,exact_named_entity,natural_distance_pair:0017,20_39,35,6.269265174865723,6.791955471038818,0.5226902961730957,5,5,False,False
D_C_43022,chck_80M,natural_mention:vr:00201,verbatim_remention,exact_named_entity,natural_distance_pair:0010,40_79,48,0.054921913892030716,6.479480266571045,6.424558352679014,1,1,False,False
D_C_43022,chck_80M,natural_mention:vr:00202,verbatim_remention,exact_named_entity,natural_distance_pair:0023,20_39,30,9.649260520935059,9.932907104492188,0.2836465835571289,3,3,False,False
D_C_43022,chck_80M,natural_mention:vr:00203,verbatim_remention,exact_named_entity,natural_distance_pair:0075,00_04,4,5.444976806640625,8.35021686553955,2.905240058898926,5,5,False,False
D_C_43022,chck_80M,natural_mention:vr:00204,verbatim_remention,exact_named_entity,natural_distance_pair:0087,20_39,33,6.455952167510986,11.958383560180664,5.502431392669678,1,1,False,False
D_C_43022,chck_80M,natural_mention:vr:00205,verbatim_remention,exact_named_entity,natural_distance_pair:0025,20_39,28,11.567615509033203,11.777082443237305,0.20946693420410156,2,2,False,False
D_C_43022,chck_80M,natural_mention:vr:00206,verbatim_remention,exact_named_entity,natural_distance_pair:0115,05_09,6,1.184196949005127,4.822046279907227,3.6378493309020996,4,4,False,False
D_C_43022,chck_80M,natural_mention:vr:00207,verbatim_remention,exact_named_entity,natural_distance_pair:0065,00_04,3,5.68049430847168,5.994586944580078,0.31409263610839844,1,1,False,False
D_C_43022,chck_80M,natural_mention:vr:00208,verbatim_remention,exact_named_entity,natural_distance_pair:0113,05_09,7,4.360445976257324,5.163350582122803,0.8029046058654785,1,1,False,False
D_C_43022,chck_80M,natural_mention:vr:00209,verbatim_remention,exact_named_entity,natural_distance_pair:0119,10_19,16,4.2904510498046875,4.178645133972168,-0.11180591583251953,1,1,False,False
D_C_43022,chck_80M,natural_mention:vr:00210,verbatim_remention,exact_named_entity,natural_distance_pair:0056,05_09,6,0.027149109169840813,0.7979084253311157,0.7707593161612749,2,2,False,False
D_C_43022,chck_80M,natural_mention:vr:00211,verbatim_remention,exact_named_entity,natural_distance_pair:0016,20_39,37,0.1108894944190979,11.786540985107422,11.675651490688324,3,3,False,False
D_C_43022,chck_80M,natural_mention:vr:00212,verbatim_remention,exact_named_entity,natural_distance_pair:0013,40_79,44,0.06273826211690903,11.906417846679688,11.843679584562778,3,3,False,False
D_C_43022,chck_80M,natural_mention:vr:00213,verbatim_remention,exact_named_entity,natural_distance_pair:0050,10_19,11,8.600320816040039,10.10455322265625,1.504232406616211,4,4,False,False
D_C_43022,chck_80M,natural_mention:vr:00214,verbatim_remention,exact_named_entity,natural_distance_pair:0043,10_19,14,1.236188530921936,5.890875339508057,4.654686808586121,2,2,False,False
D_C_43022,chck_80M,natural_mention:vr:00215,verbatim_remention,exact_named_entity,natural_distance_pair:0020,20_39,31,0.15637770295143127,9.290336608886719,9.133958905935287,2,2,False,False
D_C_43022,chck_80M,natural_mention:vr:00216,verbatim_remention,exact_named_entity,natural_distance_pair:0007,40_79,52,6.577953815460205,10.675713539123535,4.09775972366333,1,1,False,False
D_C_43022,chck_80M,natural_mention:vr:00217,verbatim_remention,exact_named_entity,natural_distance_pair:0088,20_39,21,3.8262455463409424,2.7248454093933105,-1.1014001369476318,1,1,False,False
D_C_43022,chck_80M,natural_mention:vr:00218,verbatim_remention,exact_named_entity,natural_distance_pair:0083,00_04,4,1.3844795227050781,12.257586479187012,10.873106956481934,2,2,False,False
D_C_43022,chck_80M,natural_mention:vr:00219,verbatim_remention,exact_named_entity,natural_distance_pair:0096,10_19,14,8.847334861755371,9.219161033630371,0.371826171875,3,3,False,False
D_C_43022,chck_80M,natural_mention:vr:00220,verbatim_remention,exact_named_entity,natural_distance_pair:0044,10_19,13,2.7512364387512207,3.514030933380127,0.7627944946289062,1,1,False,False
D_C_43022,chck_80M,natural_mention:vr:00221,verbatim_remention,exact_named_entity,natural_distance_pair:0000,40_79,71,0.5560908913612366,8.787150382995605,8.231059491634369,2,2,False,False
D_C_43022,chck_80M,natural_mention:vr:00222,verbatim_remention,exact_named_entity,natural_distance_pair:0064,00_04,4,3.504068613052368,5.003214359283447,1.499145746231079,1,1,False,False
D_C_43022,chck_80M,natural_mention:vr:00223,verbatim_remention,exact_named_entity,natural_distance_pair:0093,10_19,16,0.05476181581616402,0.03793329373002052,-0.016828522086143494,3,3,False,False
D_C_43022,chck_80M,natural_mention:vr:00224,verbatim_remention,exact_named_entity,natural_distance_pair:0018,20_39,36,16.606416702270508,17.22885513305664,0.6224384307861328,1,1,False,False
D_C_43022,chck_80M,natural_mention:vr:00225,verbatim_remention,exact_named_entity,natural_distance_pair:0114,05_09,7,9.057926177978516,8.801295280456543,-0.25663089752197266,1,1,False,False
D_C_43022,chck_80M,natural_mention:vr:00226,verbatim_remention,exact_named_entity,natural_distance_pair:0009,40_79,51,6.883458137512207,7.060445785522461,0.1769876480102539,1,1,False,False
D_C_43022,chck_80M,natural_mention:vr:00227,verbatim_remention,exact_named_entity,natural_distance_pair:0120,10_19,15,0.4306980073451996,1.207977056503296,0.7772790491580963,2,2,False,False
D_C_43022,chck_80M,natural_mention:vr:00228,verbatim_remention,exact_named_entity,natural_distance_pair:0024,20_39,29,6.277060508728027,7.68107795715332,1.404017448425293,4,4,False,False
D_C_43022,chck_80M,natural_mention:vr:00229,verbatim_remention,exact_named_entity,natural_distance_pair:0128,05_09,6,8.510684967041016,8.814691543579102,0.30400657653808594,1,1,False,False
D_C_43022,chck_80M,natural_mention:vr:00230,verbatim_remention,exact_named_entity,natural_distance_pair:0055,05_09,7,0.34983372688293457,6.538715362548828,6.1888816356658936,2,2,False,False
D_C_43022,chck_80M,natural_mention:vr:00231,verbatim_remention,indefinite_to_definite_nominal,natural_distance_pair:0086,00_04,4,5.551743030548096,6.288684844970703,0.7369418144226074,1,1,False,False
D_C_43022,chck_80M,natural_mention:vr:00232,verbatim_remention,exact_named_entity,natural_distance_pair:0089,20_39,21,0.17999112606048584,3.257681131362915,3.077690005302429,1,1,False,False
D_C_43022,chck_80M,natural_mention:vr:00233,verbatim_remention,exact_named_entity,natural_distance_pair:0032,20_39,21,3.0697498321533203,4.039913654327393,0.9701638221740723,3,3,False,False
D_C_43022,chck_80M,natural_mention:vr:00234,verbatim_remention,exact_named_entity,natural_distance_pair:0019,20_39,33,0.3127678334712982,8.526764869689941,8.213997036218643,1,1,False,False
D_C_43022,chck_80M,natural_mention:vr:00235,verbatim_remention,exact_named_entity,natural_distance_pair:0116,05_09,6,0.35577183961868286,1.6137254238128662,1.2579535841941833,1,1,False,False
D_C_43022,chck_80M,natural_mention:vr:00236,verbatim_remention,exact_named_entity,natural_distance_pair:0067,00_04,4,3.81729793548584,4.074217319488525,0.25691938400268555,6,6,False,False
D_C_43022,chck_80M,natural_mention:vr:00237,verbatim_remention,exact_named_entity,natural_distance_pair:0122,10_19,10,3.447878837585449,6.8538923263549805,3.4060134887695312,1,1,False,False
D_C_43022,chck_80M,natural_mention:vr:00238,verbatim_remention,exact_named_entity,natural_distance_pair:0003,40_79,56,2.537173271179199,4.413094520568848,1.8759212493896484,1,1,False,False
D_C_43022,chck_80M,natural_mention:vr:00239,verbatim_remention,exact_named_entity,natural_distance_pair:0077,00_04,3,10.351888656616211,10.946520805358887,0.5946321487426758,2,2,False,False
D_C_43022,chck_80M,natural_mention:vr:00240,verbatim_remention,exact_named_entity,natural_distance_pair:0106,05_09,8,3.874077558517456,4.8623046875,0.988227128982544,6,6,False,False
D_C_43022,chck_80M,natural_mention:vr:00241,verbatim_remention,exact_named_entity,natural_distance_pair:0039,10_19,16,1.0108516216278076,3.268209457397461,2.2573578357696533,1,1,False,False
D_C_43022,chck_80M,natural_mention:vr:00242,verbatim_remention,exact_named_entity,natural_distance_pair:0099,10_19,12,14.162632942199707,15.603328704833984,1.4406957626342773,1,1,False,False
D_C_43022,chck_80M,natural_mention:vr:00243,verbatim_remention,exact_named_entity,natural_distance_pair:0110,05_09,8,0.937091588973999,8.198068618774414,7.260977029800415,1,1,False,False
D_C_43022,chck_80M,natural_mention:vr:00244,verbatim_remention,exact_named_entity,natural_distance_pair:0070,00_04,3,4.023855209350586,4.693016529083252,0.669161319732666,2,2,False,False
D_C_43022,chck_80M,natural_mention:vr:00245,verbatim_remention,exact_named_entity,natural_distance_pair:0008,40_79,52,0.05982084199786186,7.308469772338867,7.248648930341005,3,3,False,False
D_C_43022,chck_80M,natural_mention:vr:00246,verbatim_remention,exact_named_entity,natural_distance_pair:0097,10_19,13,0.03388630226254463,8.224357604980469,8.190471302717924,1,1,False,False
D_C_43022,chck_80M,natural_mention:vr:00247,verbatim_remention,exact_named_entity,natural_distance_pair:0061,00_04,3,11.95290756225586,10.813056945800781,-1.1398506164550781,1,1,False,False
D_C_43022,chck_80M,natural_mention:vr:00248,verbatim_remention,exact_named_entity,natural_distance_pair:0103,10_19,10,8.913783073425293,9.55977725982666,0.6459941864013672,1,1,False,False
D_C_43022,chck_80M,natural_mention:vr:00249,verbatim_remention,exact_named_entity,natural_distance_pair:0073,00_04,4,1.5713236331939697,2.533099412918091,0.9617757797241211,1,1,False,False
D_C_43022,chck_80M,natural_mention:vr:00250,verbatim_remention,exact_named_entity,natural_distance_pair:0095,10_19,15,0.7482969760894775,6.367616176605225,5.619319200515747,1,1,False,False
D_C_43022,chck_80M,natural_mention:vr:00251,verbatim_remention,exact_named_entity,natural_distance_pair:0071,00_04,4,2.9138331413269043,8.636896133422852,5.723062992095947,4,4,False,False
D_C_43022,chck_80M,natural_mention:vr:00252,verbatim_remention,exact_named_entity,natural_distance_pair:0004,40_79,58,6.184323310852051,10.135638236999512,3.951314926147461,1,1,False,False
D_C_43022,chck_80M,natural_mention:vr:00253,verbatim_remention,exact_named_entity,natural_distance_pair:0127,05_09,7,2.379784345626831,8.271804809570312,5.8920204639434814,1,1,False,False
D_C_43022,chck_80M,natural_mention:vr:00254,verbatim_remention,exact_named_entity,natural_distance_pair:0123,10_19,10,0.27650606632232666,0.5012861490249634,0.22478008270263672,1,1,False,False
D_C_43022,chck_80M,natural_mention:vr:00255,verbatim_remention,exact_named_entity,natural_distance_pair:0034,20_39,20,10.073639869689941,11.863141059875488,1.7895011901855469,2,2,False,False
D_C_43022,chck_80M,natural_mention:vr:00256,verbatim_remention,exact_named_entity,natural_distance_pair:0076,00_04,3,2.128309726715088,5.6970086097717285,3.5686988830566406,1,1,False,False
D_C_43022,chck_80M,natural_mention:vr:00257,verbatim_remention,exact_named_entity,natural_distance_pair:0001,40_79,61,12.505342483520508,12.735366821289062,0.2300243377685547,1,1,False,False
D_C_43022,chck_90M,natural_mention:nr:00000,nonidentical_remention,full_name_to_acronym,natural_distance_pair:0045,10_19,13,6.021397590637207,6.255313396453857,0.2339158058166504,1,1,False,False
D_C_43022,chck_90M,natural_mention:nr:00001,nonidentical_remention,full_name_to_acronym,natural_distance_pair:0060,00_04,4,5.1855340003967285,5.142164707183838,-0.043369293212890625,4,4,False,False
D_C_43022,chck_90M,natural_mention:nr:00002,nonidentical_remention,nonperson_name_to_pronoun,natural_distance_pair:0123,10_19,10,3.214527130126953,3.093447685241699,-0.1210794448852539,1,1,False,False
D_C_43022,chck_90M,natural_mention:nr:00003,nonidentical_remention,explicit_appositive_description,natural_distance_pair:0084,00_04,0,5.155727386474609,5.983040809631348,0.8273134231567383,1,1,False,False
D_C_43022,chck_90M,natural_mention:nr:00004,nonidentical_remention,full_name_to_acronym,natural_distance_pair:0046,10_19,13,7.182500839233398,6.941382884979248,-0.2411179542541504,2,2,False,False
D_C_43022,chck_90M,natural_mention:nr:00005,nonidentical_remention,full_name_to_acronym,natural_distance_pair:0056,05_09,6,9.80954360961914,9.958727836608887,0.1491842269897461,1,1,False,False
D_C_43022,chck_90M,natural_mention:nr:00006,nonidentical_remention,explicit_appositive_description,natural_distance_pair:0074,00_04,0,3.7950398921966553,2.934755802154541,-0.8602840900421143,1,1,False,False
D_C_43022,chck_90M,natural_mention:nr:00007,nonidentical_remention,person_name_to_pronoun,natural_distance_pair:0089,20_39,21,0.48785972595214844,0.13273108005523682,-0.3551286458969116,1,1,False,False
D_C_43022,chck_90M,natural_mention:nr:00008,nonidentical_remention,nonperson_name_to_pronoun,natural_distance_pair:0119,10_19,16,5.521425247192383,5.276069641113281,-0.24535560607910156,1,1,False,False
D_C_43022,chck_90M,natural_mention:nr:00009,nonidentical_remention,full_name_to_surname_or_final_token,natural_distance_pair:0027,20_39,28,0.20440523326396942,2.280022382736206,2.0756171494722366,3,3,False,False
D_C_43022,chck_90M,natural_mention:nr:00010,nonidentical_remention,full_name_to_surname_or_final_token,natural_distance_pair:0049,10_19,12,0.03189991042017937,0.018519340083003044,-0.013380570337176323,3,3,False,False
D_C_43022,chck_90M,natural_mention:nr:00011,nonidentical_remention,full_name_to_surname_or_final_token,natural_distance_pair:0001,40_79,65,0.07457488775253296,7.599809169769287,7.525234282016754,3,3,False,False
D_C_43022,chck_90M,natural_mention:nr:00012,nonidentical_remention,nonperson_name_to_pronoun,natural_distance_pair:0128,05_09,6,1.151504635810852,0.5576722025871277,-0.5938324332237244,1,1,False,False
D_C_43022,chck_90M,natural_mention:nr:00013,nonidentical_remention,full_name_to_surname_or_final_token,natural_distance_pair:0053,10_19,10,0.8862172961235046,5.3418288230896,4.455611526966095,3,3,False,False
D_C_43022,chck_90M,natural_mention:nr:00014,nonidentical_remention,full_name_to_acronym,natural_distance_pair:0022,20_39,31,4.540275573730469,4.607421875,0.06714630126953125,4,4,False,False
D_C_43022,chck_90M,natural_mention:nr:00015,nonidentical_remention,full_name_to_surname_or_final_token,natural_distance_pair:0026,20_39,28,9.2718505859375,9.945760726928711,0.6739101409912109,2,2,False,False
D_C_43022,chck_90M,natural_mention:nr:00016,nonidentical_remention,person_name_to_pronoun,natural_distance_pair:0097,10_19,13,2.0820400714874268,3.008241891860962,0.9262018203735352,1,1,False,False
D_C_43022,chck_90M,natural_mention:nr:00017,nonidentical_remention,full_name_to_surname_or_final_token,natural_distance_pair:0043,10_19,14,6.492445945739746,9.681678771972656,3.18923282623291,2,2,False,False
D_C_43022,chck_90M,natural_mention:nr:00018,nonidentical_remention,explicit_appositive_description,natural_distance_pair:0070,00_04,0,5.020796775817871,5.961767196655273,0.9409704208374023,2,2,False,False
D_C_43022,chck_90M,natural_mention:nr:00019,nonidentical_remention,person_name_to_pronoun,natural_distance_pair:0117,05_09,5,1.4908154010772705,1.6135165691375732,0.12270116806030273,1,1,False,False
D_C_43022,chck_90M,natural_mention:nr:00020,nonidentical_remention,full_name_to_acronym,natural_distance_pair:0035,10_19,19,7.414050579071045,7.3381242752075195,-0.07592630386352539,2,2,False,False
D_C_43022,chck_90M,natural_mention:nr:00021,nonidentical_remention,full_name_to_surname_or_final_token,natural_distance_pair:0009,40_79,52,9.954568862915039,9.618844985961914,-0.335723876953125,2,2,False,False
D_C_43022,chck_90M,natural_mention:nr:00022,nonidentical_remention,full_name_to_surname_or_final_token,natural_distance_pair:0058,00_04,4,0.2804635465145111,1.747717261314392,1.467253714799881,3,3,False,False
D_C_43022,chck_90M,natural_mention:nr:00023,nonidentical_remention,person_name_to_pronoun,natural_distance_pair:0112,05_09,7,0.01907891035079956,0.02268320322036743,0.003604292869567871,1,1,False,False
D_C_43022,chck_90M,natural_mention:nr:00024,nonidentical_remention,nonperson_name_to_pronoun,natural_distance_pair:0122,10_19,10,0.35555341839790344,0.3294954001903534,-0.02605801820755005,1,1,False,False
D_C_43022,chck_90M,natural_mention:nr:00025,nonidentical_remention,person_name_to_pronoun,natural_distance_pair:0100,10_19,12,0.4507483243942261,0.4018905460834503,-0.04885777831077576,1,1,False,False
D_C_43022,chck_90M,natural_mention:nr:00026,nonidentical_remention,full_name_to_acronym,natural_distance_pair:0008,40_79,52,11.463357925415039,11.286099433898926,-0.17725849151611328,1,1,False,False
D_C_43022,chck_90M,natural_mention:nr:00027,nonidentical_remention,full_name_to_acronym,natural_distance_pair:0063,00_04,1,6.36211633682251,6.413485050201416,0.05136871337890625,3,3,False,False
D_C_43022,chck_90M,natural_mention:nr:00028,nonidentical_remention,full_name_to_surname_or_final_token,natural_distance_pair:0005,40_79,53,0.04222480207681656,9.250476837158203,9.208252035081387,2,2,False,False
D_C_43022,chck_90M,natural_mention:nr:00029,nonidentical_remention,explicit_appositive_description,natural_distance_pair:0079,00_04,0,7.388912200927734,7.035104274749756,-0.3538079261779785,3,3,False,False
D_C_43022,chck_90M,natural_mention:nr:00030,nonidentical_remention,person_name_to_pronoun,natural_distance_pair:0099,10_19,12,0.5482926368713379,0.39048925042152405,-0.15780338644981384,1,1,False,False
D_C_43022,chck_90M,natural_mention:nr:00031,nonidentical_remention,nonperson_name_to_pronoun,natural_distance_pair:0127,05_09,7,2.301412582397461,2.3459982872009277,0.0445857048034668,1,1,False,False
D_C_43022,chck_90M,natural_mention:nr:00032,nonidentical_remention,full_name_to_acronym,natural_distance_pair:0044,10_19,13,6.779697418212891,7.152365207672119,0.3726677894592285,3,3,False,False
D_C_43022,chck_90M,natural_mention:nr:00033,nonidentical_remention,full_name_to_acronym,natural_distance_pair:0051,10_19,11,3.7060678005218506,4.506894588470459,0.8008267879486084,2,2,False,False
D_C_43022,chck_90M,natural_mention:nr:00034,nonidentical_remention,full_name_to_surname_or_final_token,natural_distance_pair:0040,10_19,15,4.218278884887695,3.5958211421966553,-0.62245774269104,2,2,False,False
D_C_43022,chck_90M,natural_mention:nr:00035,nonidentical_remention,person_name_to_pronoun,natural_distance_pair:0110,05_09,8,0.4192803204059601,0.24885797500610352,-0.17042234539985657,1,1,False,False
D_C_43022,chck_90M,natural_mention:nr:00036,nonidentical_remention,full_name_to_acronym,natural_distance_pair:0085,00_04,0,6.880354881286621,7.000346660614014,0.11999177932739258,2,2,False,False
D_C_43022,chck_90M,natural_mention:nr:00037,nonidentical_remention,person_name_to_pronoun,natural_distance_pair:0104,05_09,9,0.22641246020793915,0.24984987080097198,0.023437410593032837,1,1,False,False
D_C_43022,chck_90M,natural_mention:nr:00038,nonidentical_remention,explicit_appositive_description,natural_distance_pair:0072,00_04,0,3.8165173530578613,3.7436647415161133,-0.07285261154174805,2,2,False,False
D_C_43022,chck_90M,natural_mention:nr:00039,nonidentical_remention,nonperson_name_to_pronoun,natural_distance_pair:0124,05_09,9,0.0785510390996933,0.0874076709151268,0.008856631815433502,1,1,False,False
D_C_43022,chck_90M,natural_mention:nr:00040,nonidentical_remention,person_name_to_pronoun,natural_distance_pair:0092,10_19,17,0.905132532119751,1.055100679397583,0.14996814727783203,1,1,False,False
D_C_43022,chck_90M,natural_mention:nr:00041,nonidentical_remention,full_name_to_surname_or_final_token,natural_distance_pair:0036,10_19,18,1.083781123161316,9.653399467468262,8.569618344306946,2,2,False,False
D_C_43022,chck_90M,natural_mention:nr:00042,nonidentical_remention,nonperson_name_to_pronoun,natural_distance_pair:0121,10_19,12,0.3175841271877289,0.3232785165309906,0.005694389343261719,1,1,False,False
D_C_43022,chck_90M,natural_mention:nr:00043,nonidentical_remention,full_name_to_acronym,natural_distance_pair:0057,00_04,4,0.6339613795280457,0.6484405398368835,0.01447916030883789,3,3,False,False
D_C_43022,chck_90M,natural_mention:nr:00044,nonidentical_remention,explicit_appositive_description,natural_distance_pair:0080,00_04,0,6.562016487121582,6.417938232421875,-0.14407825469970703,1,1,False,False
D_C_43022,chck_90M,natural_mention:nr:00045,nonidentical_remention,full_name_to_acronym,natural_distance_pair:0064,00_04,1,8.267339706420898,7.330220699310303,-0.9371190071105957,2,2,False,False
D_C_43022,chck_90M,natural_mention:nr:00046,nonidentical_remention,full_name_to_surname_or_final_token,natural_distance_pair:0029,20_39,26,5.2458930015563965,7.276115417480469,2.0302224159240723,3,3,False,False
D_C_43022,chck_90M,natural_mention:nr:00047,nonidentical_remention,full_name_to_surname_or_final_token,natural_distance_pair:0014,40_79,42,7.539069175720215,9.50698471069336,1.9679155349731445,2,2,False,False
D_C_43022,chck_90M,natural_mention:nr:00048,nonidentical_remention,full_name_to_surname_or_final_token,natural_distance_pair:0010,40_79,48,9.303262710571289,9.803569793701172,0.5003070831298828,2,2,False,False
D_C_43022,chck_90M,natural_mention:nr:00049,nonidentical_remention,explicit_appositive_description,natural_distance_pair:0075,00_04,0,7.496801853179932,7.597278118133545,0.10047626495361328,7,7,False,False
D_C_43022,chck_90M,natural_mention:nr:00050,nonidentical_remention,full_name_to_acronym,natural_distance_pair:0081,00_04,0,5.739276885986328,5.508157730102539,-0.23111915588378906,2,2,False,False
D_C_43022,chck_90M,natural_mention:nr:00051,nonidentical_remention,person_name_to_pronoun,natural_distance_pair:0096,10_19,14,0.12602506577968597,0.03051638789474964,-0.09550867788493633,1,1,False,False
D_C_43022,chck_90M,natural_mention:nr:00052,nonidentical_remention,full_name_to_acronym,natural_distance_pair:0062,00_04,2,6.144625663757324,6.347202777862549,0.2025771141052246,2,2,False,False
D_C_43022,chck_90M,natural_mention:nr:00053,nonidentical_remention,person_name_to_pronoun,natural_distance_pair:0107,05_09,8,0.27523767948150635,0.2392660677433014,-0.035971611738204956,1,1,False,False
D_C_43022,chck_90M,natural_mention:nr:00054,nonidentical_remention,nonperson_name_to_pronoun,natural_distance_pair:0120,10_19,15,0.2509586811065674,0.22198788821697235,-0.028970792889595032,1,1,False,False
D_C_43022,chck_90M,natural_mention:nr:00055,nonidentical_remention,full_name_to_acronym,natural_distance_pair:0071,00_04,0,2.757779121398926,3.6574559211730957,0.8996767997741699,2,2,False,False
D_C_43022,chck_90M,natural_mention:nr:00056,nonidentical_remention,person_name_to_pronoun,natural_distance_pair:0093,10_19,16,0.12423613667488098,0.12440583854913712,0.00016970187425613403,1,1,False,False
D_C_43022,chck_90M,natural_mention:nr:00057,nonidentical_remention,person_name_to_pronoun,natural_distance_pair:0095,10_19,15,0.47921398282051086,0.4690403342247009,-0.010173648595809937,1,1,False,False
D_C_43022,chck_90M,natural_mention:nr:00058,nonidentical_remention,full_name_to_surname_or_final_token,natural_distance_pair:0028,20_39,27,5.133580684661865,10.28179931640625,5.148218631744385,2,2,False,False
D_C_43022,chck_90M,natural_mention:nr:00059,nonidentical_remention,nonperson_name_to_pronoun,natural_distance_pair:0125,05_09,9,0.22596216201782227,0.23028892278671265,0.004326760768890381,1,1,False,False
D_C_43022,chck_90M,natural_mention:nr:00060,nonidentical_remention,explicit_appositive_description,natural_distance_pair:0083,00_04,0,8.37829303741455,8.351212501525879,-0.027080535888671875,3,3,False,False
D_C_43022,chck_90M,natural_mention:nr:00061,nonidentical_remention,full_name_to_surname_or_final_token,natural_distance_pair:0011,40_79,48,9.30223560333252,10.277969360351562,0.975733757019043,1,1,False,False
D_C_43022,chck_90M,natural_mention:nr:00062,nonidentical_remention,full_name_to_surname_or_final_token,natural_distance_pair:0003,40_79,57,5.920629978179932,8.840316772460938,2.919686794281006,5,5,False,False
D_C_43022,chck_90M,natural_mention:nr:00063,nonidentical_remention,full_name_to_acronym,natural_distance_pair:0066,00_04,0,5.6006855964660645,5.670329570770264,0.06964397430419922,2,2,False,False
D_C_43022,chck_90M,natural_mention:nr:00064,nonidentical_remention,full_name_to_surname_or_final_token,natural_distance_pair:0042,10_19,14,0.22329998016357422,9.169404983520508,8.946105003356934,2,2,False,False
D_C_43022,chck_90M,natural_mention:nr:00065,nonidentical_remention,full_name_to_acronym,natural_distance_pair:0065,00_04,1,7.20556640625,7.032535552978516,-0.17303085327148438,2,2,False,False
D_C_43022,chck_90M,natural_mention:nr:00066,nonidentical_remention,explicit_appositive_description,natural_distance_pair:0078,00_04,0,5.940183639526367,6.300683975219727,0.3605003356933594,1,1,False,False
D_C_43022,chck_90M,natural_mention:nr:00067,nonidentical_remention,full_name_to_acronym,natural_distance_pair:0076,00_04,0,5.075272083282471,4.638237953186035,-0.43703413009643555,2,2,False,False
D_C_43022,chck_90M,natural_mention:nr:00068,nonidentical_remention,explicit_appositive_description,natural_distance_pair:0086,00_04,0,6.370883941650391,6.270203590393066,-0.10068035125732422,7,7,False,False
D_C_43022,chck_90M,natural_mention:nr:00069,nonidentical_remention,person_name_to_pronoun,natural_distance_pair:0111,05_09,8,0.46841323375701904,0.25369805097579956,-0.21471518278121948,1,1,False,False
D_C_43022,chck_90M,natural_mention:nr:00070,nonidentical_remention,full_name_to_acronym,natural_distance_pair:0052,10_19,10,8.316232681274414,8.138422966003418,-0.1778097152709961,2,2,False,False
D_C_43022,chck_90M,natural_mention:nr:00071,nonidentical_remention,person_name_to_pronoun,natural_distance_pair:0108,05_09,8,0.6265808939933777,0.4964258074760437,-0.13015508651733398,1,1,False,False
D_C_43022,chck_90M,natural_mention:nr:00072,nonidentical_remention,full_name_to_surname_or_final_token,natural_distance_pair:0004,40_79,56,0.9767109751701355,5.798418998718262,4.821708023548126,2,2,False,False
D_C_43022,chck_90M,natural_mention:nr:00073,nonidentical_remention,person_name_to_pronoun,natural_distance_pair:0091,10_19,18,0.08261556178331375,0.0996679812669754,0.01705241948366165,1,1,False,False
D_C_43022,chck_90M,natural_mention:nr:00074,nonidentical_remention,full_name_to_acronym,natural_distance_pair:0047,10_19,12,4.785289287567139,5.020603179931641,0.23531389236450195,3,3,False,False
D_C_43022,chck_90M,natural_mention:nr:00075,nonidentical_remention,nonperson_name_to_pronoun,natural_distance_pair:0126,05_09,7,6.186154365539551,6.2004547119140625,0.014300346374511719,1,1,False,False
D_C_43022,chck_90M,natural_mention:nr:00076,nonidentical_remention,full_name_to_acronym,natural_distance_pair:0069,00_04,0,7.726782321929932,7.587873458862305,-0.13890886306762695,2,2,False,False
D_C_43022,chck_90M,natural_mention:nr:00077,nonidentical_remention,person_name_to_pronoun,natural_distance_pair:0114,05_09,7,2.4573233127593994,2.308590888977051,-0.14873242378234863,1,1,False,False
D_C_43022,chck_90M,natural_mention:nr:00078,nonidentical_remention,person_name_to_pronoun,natural_distance_pair:0087,20_39,33,2.5685155391693115,5.585354328155518,3.016838788986206,1,1,False,False
D_C_43022,chck_90M,natural_mention:nr:00079,nonidentical_remention,person_name_to_pronoun,natural_distance_pair:0098,10_19,12,2.03491473197937,1.3055698871612549,-0.7293448448181152,1,1,False,False
D_C_43022,chck_90M,natural_mention:nr:00080,nonidentical_remention,nonperson_name_to_pronoun,natural_distance_pair:0118,10_19,19,0.5637211799621582,0.5368795990943909,-0.026841580867767334,1,1,False,False
D_C_43022,chck_90M,natural_mention:nr:00081,nonidentical_remention,full_name_to_surname_or_final_token,natural_distance_pair:0025,20_39,28,6.380415439605713,9.34510612487793,2.964690685272217,4,4,False,False
D_C_43022,chck_90M,natural_mention:nr:00082,nonidentical_remention,full_name_to_surname_or_final_token,natural_distance_pair:0050,10_19,11,1.9801318645477295,4.433595657348633,2.4534637928009033,2,2,False,False
D_C_43022,chck_90M,natural_mention:nr:00083,nonidentical_remention,explicit_appositive_description,natural_distance_pair:0067,00_04,0,7.953178405761719,8.386504173278809,0.43332576751708984,6,6,False,False
D_C_43022,chck_90M,natural_mention:nr:00084,nonidentical_remention,full_name_to_surname_or_final_token,natural_distance_pair:0055,05_09,7,8.171570777893066,8.599844932556152,0.42827415466308594,3,3,False,False
D_C_43022,chck_90M,natural_mention:nr:00085,nonidentical_remention,person_name_to_pronoun,natural_distance_pair:0113,05_09,7,0.03115871734917164,0.03537267819046974,0.004213960841298103,1,1,False,False
D_C_43022,chck_90M,natural_mention:nr:00086,nonidentical_remention,person_name_to_pronoun,natural_distance_pair:0088,20_39,21,3.3978641033172607,3.565114736557007,0.1672506332397461,1,1,False,False
D_C_43022,chck_90M,natural_mention:nr:00087,nonidentical_remention,full_name_to_acronym,natural_distance_pair:0033,20_39,20,11.366498947143555,11.700620651245117,0.3341217041015625,2,2,False,False
D_C_43022,chck_90M,natural_mention:nr:00088,nonidentical_remention,full_name_to_surname_or_final_token,natural_distance_pair:0015,20_39,38,9.484112739562988,11.3819580078125,1.8978452682495117,2,2,False,False
D_C_43022,chck_90M,natural_mention:nr:00089,nonidentical_remention,full_name_to_surname_or_final_token,natural_distance_pair:0000,40_79,74,0.6687056422233582,8.855141639709473,8.186435997486115,2,2,False,False
D_C_43022,chck_90M,natural_mention:nr:00090,nonidentical_remention,explicit_appositive_description,natural_distance_pair:0068,00_04,0,7.948812007904053,7.5730719566345215,-0.37574005126953125,3,3,False,False
D_C_43022,chck_90M,natural_mention:nr:00091,nonidentical_remention,full_name_to_acronym,natural_distance_pair:0048,10_19,12,7.615513801574707,7.612262725830078,-0.0032510757446289062,2,2,False,False
D_C_43022,chck_90M,natural_mention:nr:00092,nonidentical_remention,full_name_to_acronym,natural_distance_pair:0032,20_39,21,8.088226318359375,8.204872131347656,0.11664581298828125,2,2,False,False
D_C_43022,chck_90M,natural_mention:nr:00093,nonidentical_remention,person_name_to_pronoun,natural_distance_pair:0103,10_19,10,2.868236541748047,3.0631825923919678,0.1949460506439209,1,1,False,False
D_C_43022,chck_90M,natural_mention:nr:00094,nonidentical_remention,full_name_to_acronym,natural_distance_pair:0024,20_39,29,5.799946308135986,5.820598125457764,0.020651817321777344,3,3,False,False
D_C_43022,chck_90M,natural_mention:nr:00095,nonidentical_remention,full_name_to_surname_or_final_token,natural_distance_pair:0059,00_04,4,3.002147912979126,2.24411678314209,-0.7580311298370361,1,1,False,False
D_C_43022,chck_90M,natural_mention:nr:00096,nonidentical_remention,person_name_to_pronoun,natural_distance_pair:0101,10_19,11,5.64497184753418,5.852267265319824,0.20729541778564453,1,1,False,False
D_C_43022,chck_90M,natural_mention:nr:00097,nonidentical_remention,full_name_to_surname_or_final_token,natural_distance_pair:0007,40_79,52,1.1290541887283325,8.351283073425293,7.2222288846969604,3,3,False,False
D_C_43022,chck_90M,natural_mention:nr:00098,nonidentical_remention,full_name_to_surname_or_final_token,natural_distance_pair:0023,20_39,30,4.645041465759277,9.828926086425781,5.183884620666504,5,5,False,False
D_C_43022,chck_90M,natural_mention:nr:00099,nonidentical_remention,full_name_to_surname_or_final_token,natural_distance_pair:0054,05_09,9,6.054323673248291,6.605300426483154,0.5509767532348633,3,3,False,False
D_C_43022,chck_90M,natural_mention:nr:00100,nonidentical_remention,full_name_to_acronym,natural_distance_pair:0020,20_39,31,9.914692878723145,8.42313289642334,-1.4915599822998047,3,3,False,False
D_C_43022,chck_90M,natural_mention:nr:00101,nonidentical_remention,full_name_to_acronym,natural_distance_pair:0037,10_19,17,2.2304024696350098,2.8134090900421143,0.5830066204071045,3,3,False,False
D_C_43022,chck_90M,natural_mention:nr:00102,nonidentical_remention,explicit_appositive_description,natural_distance_pair:0073,00_04,0,5.6306562423706055,5.2758965492248535,-0.35475969314575195,1,1,False,False
D_C_43022,chck_90M,natural_mention:nr:00103,nonidentical_remention,full_name_to_acronym,natural_distance_pair:0002,40_79,62,6.440491199493408,6.424652099609375,-0.015839099884033203,3,3,False,False
D_C_43022,chck_90M,natural_mention:nr:00104,nonidentical_remention,full_name_to_surname_or_final_token,natural_distance_pair:0018,20_39,35,4.158796787261963,14.085599899291992,9.92680311203003,2,2,False,False
D_C_43022,chck_90M,natural_mention:nr:00105,nonidentical_remention,full_name_to_surname_or_final_token,natural_distance_pair:0013,40_79,44,6.134232044219971,7.964108467102051,1.82987642288208,4,4,False,False
D_C_43022,chck_90M,natural_mention:nr:00106,nonidentical_remention,full_name_to_surname_or_final_token,natural_distance_pair:0006,40_79,53,10.953493118286133,10.939935684204102,-0.01355743408203125,2,2,False,False
D_C_43022,chck_90M,natural_mention:nr:00107,nonidentical_remention,full_name_to_surname_or_final_token,natural_distance_pair:0041,10_19,15,5.133968353271484,7.6674346923828125,2.533466339111328,2,2,False,False
D_C_43022,chck_90M,natural_mention:nr:00108,nonidentical_remention,full_name_to_surname_or_final_token,natural_distance_pair:0030,20_39,23,1.1406819820404053,10.329950332641602,9.189268350601196,2,2,False,False
D_C_43022,chck_90M,natural_mention:nr:00109,nonidentical_remention,full_name_to_surname_or_final_token,natural_distance_pair:0039,10_19,16,0.05279117077589035,0.07795190066099167,0.02516072988510132,1,1,False,False
D_C_43022,chck_90M,natural_mention:nr:00110,nonidentical_remention,full_name_to_acronym,natural_distance_pair:0021,20_39,31,0.06294714659452438,0.06641373038291931,0.003466583788394928,2,2,False,False
D_C_43022,chck_90M,natural_mention:nr:00111,nonidentical_remention,full_name_to_acronym,natural_distance_pair:0016,20_39,37,5.6463704109191895,5.318469047546387,-0.32790136337280273,1,1,False,False
D_C_43022,chck_90M,natural_mention:nr:00112,nonidentical_remention,person_name_to_pronoun,natural_distance_pair:0102,10_19,10,0.3574027717113495,0.45387300848960876,0.09647023677825928,1,1,False,False
D_C_43022,chck_90M,natural_mention:nr:00113,nonidentical_remention,full_name_to_surname_or_final_token,natural_distance_pair:0012,40_79,48,6.304218292236328,6.945093154907227,0.6408748626708984,3,3,False,False
D_C_43022,chck_90M,natural_mention:nr:00114,nonidentical_remention,person_name_to_pronoun,natural_distance_pair:0090,20_39,21,2.2828025817871094,2.384941577911377,0.10213899612426758,1,1,False,False
D_C_43022,chck_90M,natural_mention:nr:00115,nonidentical_remention,person_name_to_pronoun,natural_distance_pair:0109,05_09,8,0.42216721177101135,0.3306823670864105,-0.09148484468460083,1,1,False,False
D_C_43022,chck_90M,natural_mention:nr:00116,nonidentical_remention,person_name_to_pronoun,natural_distance_pair:0094,10_19,15,1.8427560329437256,0.087173230946064,-1.7555828019976616,1,1,False,False
D_C_43022,chck_90M,natural_mention:nr:00117,nonidentical_remention,person_name_to_pronoun,natural_distance_pair:0116,05_09,6,2.3643627166748047,2.1734373569488525,-0.19092535972595215,1,1,False,False
D_C_43022,chck_90M,natural_mention:nr:00118,nonidentical_remention,full_name_to_acronym,natural_distance_pair:0019,20_39,33,7.177358627319336,7.449460506439209,0.27210187911987305,3,3,False,False
D_C_43022,chck_90M,natural_mention:nr:00119,nonidentical_remention,person_name_to_pronoun,natural_distance_pair:0105,05_09,9,0.3251643478870392,0.2862034738063812,-0.03896087408065796,1,1,False,False
D_C_43022,chck_90M,natural_mention:nr:00120,nonidentical_remention,person_name_to_pronoun,natural_distance_pair:0115,05_09,6,0.2875519096851349,0.28892552852630615,0.0013736188411712646,1,1,False,False
D_C_43022,chck_90M,natural_mention:nr:00121,nonidentical_remention,full_name_to_acronym,natural_distance_pair:0061,00_04,2,4.204345226287842,4.490784645080566,0.2864394187927246,4,4,False,False
D_C_43022,chck_90M,natural_mention:nr:00122,nonidentical_remention,explicit_appositive_description,natural_distance_pair:0082,00_04,0,4.033921241760254,4.159340858459473,0.12541961669921875,1,1,False,False
D_C_43022,chck_90M,natural_mention:nr:00123,nonidentical_remention,full_name_to_acronym,natural_distance_pair:0017,20_39,36,2.2969539165496826,2.471177339553833,0.1742234230041504,3,3,False,False
D_C_43022,chck_90M,natural_mention:nr:00124,nonidentical_remention,full_name_to_surname_or_final_token,natural_distance_pair:0034,20_39,20,5.5920586585998535,10.50198745727539,4.909928798675537,2,2,False,False
D_C_43022,chck_90M,natural_mention:nr:00125,nonidentical_remention,explicit_appositive_description,natural_distance_pair:0077,00_04,0,6.679566860198975,6.850999355316162,0.1714324951171875,3,3,False,False
D_C_43022,chck_90M,natural_mention:nr:00126,nonidentical_remention,full_name_to_acronym,natural_distance_pair:0031,20_39,22,8.070048332214355,8.162862777709961,0.09281444549560547,2,2,False,False
D_C_43022,chck_90M,natural_mention:nr:00127,nonidentical_remention,person_name_to_pronoun,natural_distance_pair:0106,05_09,8,0.020742634311318398,0.10060799866914749,0.0798653643578291,1,1,False,False
D_C_43022,chck_90M,natural_mention:nr:00128,nonidentical_remention,full_name_to_surname_or_final_token,natural_distance_pair:0038,10_19,16,2.995985746383667,7.656675338745117,4.66068959236145,2,2,False,False
D_C_43022,chck_90M,natural_mention:vr:00129,verbatim_remention,exact_named_entity,natural_distance_pair:0082,00_04,4,8.434087753295898,8.443044662475586,0.0089569091796875,2,2,False,False
D_C_43022,chck_90M,natural_mention:vr:00130,verbatim_remention,exact_named_entity,natural_distance_pair:0041,10_19,15,0.08133530616760254,9.988773345947266,9.907438039779663,3,3,False,False
D_C_43022,chck_90M,natural_mention:vr:00131,verbatim_remention,exact_named_entity,natural_distance_pair:0046,10_19,13,0.5524753332138062,8.219193458557129,7.666718125343323,5,5,False,False
D_C_43022,chck_90M,natural_mention:vr:00132,verbatim_remention,exact_named_entity,natural_distance_pair:0080,00_04,3,5.892398357391357,5.8048224449157715,-0.08757591247558594,3,3,False,False
D_C_43022,chck_90M,natural_mention:vr:00133,verbatim_remention,exact_named_entity,natural_distance_pair:0035,10_19,19,8.328839302062988,8.56245231628418,0.2336130142211914,1,1,False,False
D_C_43022,chck_90M,natural_mention:vr:00134,verbatim_remention,exact_named_entity,natural_distance_pair:0081,00_04,4,0.3790489733219147,0.5399332642555237,0.160884290933609,1,1,False,False
D_C_43022,chck_90M,natural_mention:vr:00135,verbatim_remention,exact_named_entity,natural_distance_pair:0026,20_39,28,0.17398077249526978,0.9731532335281372,0.7991724610328674,2,2,False,False
D_C_43022,chck_90M,natural_mention:vr:00136,verbatim_remention,exact_named_entity,natural_distance_pair:0006,40_79,54,10.163721084594727,10.349124908447266,0.18540382385253906,2,2,False,False
D_C_43022,chck_90M,natural_mention:vr:00137,verbatim_remention,exact_named_entity,natural_distance_pair:0100,10_19,12,2.7004780769348145,3.9755756855010986,1.2750976085662842,2,2,False,False
D_C_43022,chck_90M,natural_mention:vr:00138,verbatim_remention,exact_named_entity,natural_distance_pair:0111,05_09,8,0.2188240885734558,1.5362087488174438,1.317384660243988,3,3,False,False
D_C_43022,chck_90M,natural_mention:vr:00139,verbatim_remention,exact_named_entity,natural_distance_pair:0015,20_39,38,0.11675915867090225,4.009466648101807,3.8927074894309044,3,3,False,False
D_C_43022,chck_90M,natural_mention:vr:00140,verbatim_remention,exact_named_entity,natural_distance_pair:0091,10_19,18,8.900247573852539,11.307194709777832,2.406947135925293,4,4,False,False
D_C_43022,chck_90M,natural_mention:vr:00141,verbatim_remention,exact_named_entity,natural_distance_pair:0022,20_39,31,0.238947331905365,1.917601227760315,1.67865389585495,1,1,False,False
D_C_43022,chck_90M,natural_mention:vr:00142,verbatim_remention,exact_named_entity,natural_distance_pair:0052,10_19,10,0.4431324303150177,0.5263170599937439,0.0831846296787262,3,3,False,False
D_C_43022,chck_90M,natural_mention:vr:00143,verbatim_remention,exact_named_entity,natural_distance_pair:0062,00_04,3,6.315570831298828,9.31401252746582,2.998441696166992,1,1,False,False
D_C_43022,chck_90M,natural_mention:vr:00144,verbatim_remention,exact_named_entity,natural_distance_pair:0002,40_79,62,6.795495986938477,7.742599964141846,0.9471039772033691,1,1,False,False
D_C_43022,chck_90M,natural_mention:vr:00145,verbatim_remention,exact_named_entity,natural_distance_pair:0031,20_39,22,9.160446166992188,9.225225448608398,0.06477928161621094,1,1,False,False
D_C_43022,chck_90M,natural_mention:vr:00146,verbatim_remention,exact_named_entity,natural_distance_pair:0047,10_19,12,0.7413762807846069,7.70626163482666,6.964885354042053,2,2,False,False
D_C_43022,chck_90M,natural_mention:vr:00147,verbatim_remention,exact_named_entity,natural_distance_pair:0112,05_09,7,3.7188303470611572,5.913849830627441,2.195019483566284,1,1,False,False
D_C_43022,chck_90M,natural_mention:vr:00148,verbatim_remention,exact_named_entity,natural_distance_pair:0109,05_09,8,3.843892812728882,5.952565670013428,2.108672857284546,3,3,False,False
D_C_43022,chck_90M,natural_mention:vr:00149,verbatim_remention,exact_named_entity,natural_distance_pair:0098,10_19,12,2.9851534366607666,3.6817524433135986,0.696599006652832,3,3,False,False
D_C_43022,chck_90M,natural_mention:vr:00150,verbatim_remention,exact_named_entity,natural_distance_pair:0117,05_09,5,2.138746500015259,1.4809139966964722,-0.6578325033187866,3,3,False,False
D_C_43022,chck_90M,natural_mention:vr:00151,verbatim_remention,exact_named_entity,natural_distance_pair:0005,40_79,54,12.049188613891602,12.339014053344727,0.289825439453125,1,1,False,False
D_C_43022,chck_90M,natural_mention:vr:00152,verbatim_remention,exact_named_entity,natural_distance_pair:0014,40_79,42,3.7388105392456055,9.520845413208008,5.782034873962402,2,2,False,False
D_C_43022,chck_90M,natural_mention:vr:00153,verbatim_remention,exact_named_entity,natural_distance_pair:0102,10_19,10,4.373498439788818,8.456798553466797,4.0833001136779785,2,2,False,False
D_C_43022,chck_90M,natural_mention:vr:00154,verbatim_remention,indefinite_to_definite_nominal,natural_distance_pair:0084,00_04,3,1.8403735160827637,4.063125133514404,2.2227516174316406,1,1,False,False
D_C_43022,chck_90M,natural_mention:vr:00155,verbatim_remention,exact_named_entity,natural_distance_pair:0108,05_09,8,0.6826505064964294,6.059423446655273,5.376772940158844,1,1,False,False
D_C_43022,chck_90M,natural_mention:vr:00156,verbatim_remention,exact_named_entity,natural_distance_pair:0011,40_79,48,0.5537781119346619,0.7071628570556641,0.1533847451210022,1,1,False,False
D_C_43022,chck_90M,natural_mention:vr:00157,verbatim_remention,exact_named_entity,natural_distance_pair:0105,05_09,9,1.9549474716186523,5.103934288024902,3.14898681640625,2,2,False,False
D_C_43022,chck_90M,natural_mention:vr:00158,verbatim_remention,exact_named_entity,natural_distance_pair:0066,00_04,4,0.6444630026817322,6.277767181396484,5.633304178714752,2,2,False,False
D_C_43022,chck_90M,natural_mention:vr:00159,verbatim_remention,exact_named_entity,natural_distance_pair:0090,20_39,21,13.754826545715332,13.723878860473633,-0.03094768524169922,1,1,False,False
D_C_43022,chck_90M,natural_mention:vr:00160,verbatim_remention,exact_named_entity,natural_distance_pair:0121,10_19,12,0.3249863386154175,8.592878341674805,8.267892003059387,1,1,False,False
D_C_43022,chck_90M,natural_mention:vr:00161,verbatim_remention,indefinite_to_definite_nominal,natural_distance_pair:0074,00_04,4,9.014542579650879,9.309130668640137,0.2945880889892578,1,1,False,False
D_C_43022,chck_90M,natural_mention:vr:00162,verbatim_remention,exact_named_entity,natural_distance_pair:0036,10_19,18,0.36273622512817383,5.551916599273682,5.189180374145508,1,1,False,False
D_C_43022,chck_90M,natural_mention:vr:00163,verbatim_remention,exact_named_entity,natural_distance_pair:0029,20_39,26,7.594069004058838,8.138277053833008,0.5442080497741699,2,2,False,False
D_C_43022,chck_90M,natural_mention:vr:00164,verbatim_remention,exact_named_entity,natural_distance_pair:0057,00_04,4,5.1983513832092285,6.766991138458252,1.5686397552490234,1,1,False,False
D_C_43022,chck_90M,natural_mention:vr:00165,verbatim_remention,exact_named_entity,natural_distance_pair:0107,05_09,8,2.0281143188476562,3.7085533142089844,1.6804389953613281,1,1,False,False
D_C_43022,chck_90M,natural_mention:vr:00166,verbatim_remention,exact_named_entity,natural_distance_pair:0101,10_19,11,8.845346450805664,9.414815902709961,0.5694694519042969,1,1,False,False
D_C_43022,chck_90M,natural_mention:vr:00167,verbatim_remention,exact_named_entity,natural_distance_pair:0037,10_19,17,4.199970245361328,10.468485832214355,6.268515586853027,3,3,False,False
D_C_43022,chck_90M,natural_mention:vr:00168,verbatim_remention,exact_named_entity,natural_distance_pair:0092,10_19,17,3.948213577270508,4.283421039581299,0.335207462310791,2,2,False,False
D_C_43022,chck_90M,natural_mention:vr:00169,verbatim_remention,exact_named_entity,natural_distance_pair:0104,05_09,9,4.6695733070373535,9.033991813659668,4.3644185066223145,2,2,False,False
D_C_43022,chck_90M,natural_mention:vr:00170,verbatim_remention,exact_named_entity,natural_distance_pair:0012,40_79,48,3.8724474906921387,8.607839584350586,4.735392093658447,1,1,False,False
D_C_43022,chck_90M,natural_mention:vr:00171,verbatim_remention,exact_named_entity,natural_distance_pair:0038,10_19,16,6.8687005043029785,7.151064395904541,0.2823638916015625,3,3,False,False
D_C_43022,chck_90M,natural_mention:vr:00172,verbatim_remention,exact_named_entity,natural_distance_pair:0053,10_19,10,3.7362351417541504,3.5737318992614746,-0.16250324249267578,1,1,False,False
D_C_43022,chck_90M,natural_mention:vr:00173,verbatim_remention,indefinite_to_definite_nominal,natural_distance_pair:0085,00_04,4,5.584245681762695,8.321972846984863,2.737727165222168,2,2,False,False
D_C_43022,chck_90M,natural_mention:vr:00174,verbatim_remention,exact_named_entity,natural_distance_pair:0125,05_09,9,0.23463064432144165,3.6607930660247803,3.4261624217033386,4,4,False,False
D_C_43022,chck_90M,natural_mention:vr:00175,verbatim_remention,exact_named_entity,natural_distance_pair:0063,00_04,3,8.620503425598145,8.855185508728027,0.2346820831298828,1,1,False,False
D_C_43022,chck_90M,natural_mention:vr:00176,verbatim_remention,exact_named_entity,natural_distance_pair:0118,10_19,19,5.045555591583252,9.911466598510742,4.86591100692749,2,2,False,False
D_C_43022,chck_90M,natural_mention:vr:00177,verbatim_remention,exact_named_entity,natural_distance_pair:0059,00_04,4,7.279952526092529,10.982549667358398,3.702597141265869,2,2,False,False
D_C_43022,chck_90M,natural_mention:vr:00178,verbatim_remention,exact_named_entity,natural_distance_pair:0040,10_19,15,2.6615028381347656,7.4258880615234375,4.764385223388672,2,2,False,False
D_C_43022,chck_90M,natural_mention:vr:00179,verbatim_remention,exact_named_entity,natural_distance_pair:0094,10_19,15,0.7982997894287109,2.730950117111206,1.9326503276824951,1,1,False,False
D_C_43022,chck_90M,natural_mention:vr:00180,verbatim_remention,exact_named_entity,natural_distance_pair:0048,10_19,12,8.581107139587402,8.54072093963623,-0.040386199951171875,1,1,False,False
D_C_43022,chck_90M,natural_mention:vr:00181,verbatim_remention,exact_named_entity,natural_distance_pair:0058,00_04,4,3.2685141563415527,8.180084228515625,4.911570072174072,1,1,False,False
D_C_43022,chck_90M,natural_mention:vr:00182,verbatim_remention,exact_named_entity,natural_distance_pair:0033,20_39,20,7.915167808532715,12.095254898071289,4.180087089538574,1,1,False,False
D_C_43022,chck_90M,natural_mention:vr:00183,verbatim_remention,exact_named_entity,natural_distance_pair:0079,00_04,4,10.638351440429688,9.096502304077148,-1.541849136352539,4,4,False,False
D_C_43022,chck_90M,natural_mention:vr:00184,verbatim_remention,exact_named_entity,natural_distance_pair:0054,05_09,9,3.7785184383392334,10.015748023986816,6.237229585647583,1,1,False,False
D_C_43022,chck_90M,natural_mention:vr:00185,verbatim_remention,exact_named_entity,natural_distance_pair:0078,00_04,3,0.29405680298805237,0.21775443851947784,-0.07630236446857452,3,3,False,False
D_C_43022,chck_90M,natural_mention:vr:00186,verbatim_remention,exact_named_entity,natural_distance_pair:0030,20_39,23,16.76377296447754,16.762821197509766,-0.0009517669677734375,1,1,False,False
D_C_43022,chck_90M,natural_mention:vr:00187,verbatim_remention,exact_named_entity,natural_distance_pair:0126,05_09,7,0.8139750361442566,7.200992584228516,6.387017548084259,5,5,False,False
D_C_43022,chck_90M,natural_mention:vr:00188,verbatim_remention,exact_named_entity,natural_distance_pair:0027,20_39,28,4.973130226135254,6.431294918060303,1.4581646919250488,1,1,False,False
D_C_43022,chck_90M,natural_mention:vr:00189,verbatim_remention,exact_named_entity,natural_distance_pair:0069,00_04,4,0.05630834400653839,0.06546100974082947,0.009152665734291077,2,2,False,False
D_C_43022,chck_90M,natural_mention:vr:00190,verbatim_remention,exact_named_entity,natural_distance_pair:0051,10_19,11,0.474266916513443,0.2603924870491028,-0.2138744294643402,3,3,False,False
D_C_43022,chck_90M,natural_mention:vr:00191,verbatim_remention,exact_named_entity,natural_distance_pair:0042,10_19,14,5.168608665466309,6.545692443847656,1.3770837783813477,3,3,False,False
D_C_43022,chck_90M,natural_mention:vr:00192,verbatim_remention,exact_named_entity,natural_distance_pair:0072,00_04,3,4.370572090148926,5.3702521324157715,0.9996800422668457,3,3,False,False
D_C_43022,chck_90M,natural_mention:vr:00193,verbatim_remention,exact_named_entity,natural_distance_pair:0021,20_39,31,2.2082793712615967,2.893216848373413,0.6849374771118164,6,6,False,False
D_C_43022,chck_90M,natural_mention:vr:00194,verbatim_remention,exact_named_entity,natural_distance_pair:0068,00_04,3,13.143034934997559,12.868948936462402,-0.27408599853515625,2,2,False,False
D_C_43022,chck_90M,natural_mention:vr:00195,verbatim_remention,exact_named_entity,natural_distance_pair:0028,20_39,27,0.05917859077453613,4.855655193328857,4.796476602554321,1,1,False,False
D_C_43022,chck_90M,natural_mention:vr:00196,verbatim_remention,exact_named_entity,natural_distance_pair:0124,05_09,9,2.910858154296875,4.535775661468506,1.6249175071716309,3,3,False,False
D_C_43022,chck_90M,natural_mention:vr:00197,verbatim_remention,exact_named_entity,natural_distance_pair:0060,00_04,4,0.5176424384117126,0.5109400153160095,-0.006702423095703125,3,3,False,False
D_C_43022,chck_90M,natural_mention:vr:00198,verbatim_remention,exact_named_entity,natural_distance_pair:0049,10_19,12,8.691253662109375,8.514065742492676,-0.17718791961669922,2,2,False,False
D_C_43022,chck_90M,natural_mention:vr:00199,verbatim_remention,exact_named_entity,natural_distance_pair:0045,10_19,13,0.3186049163341522,0.45940667390823364,0.14080175757408142,4,4,False,False
D_C_43022,chck_90M,natural_mention:vr:00200,verbatim_remention,exact_named_entity,natural_distance_pair:0017,20_39,35,6.0559983253479,6.44735050201416,0.39135217666625977,5,5,False,False
D_C_43022,chck_90M,natural_mention:vr:00201,verbatim_remention,exact_named_entity,natural_distance_pair:0010,40_79,48,0.057011306285858154,6.8536810874938965,6.796669781208038,1,1,False,False
D_C_43022,chck_90M,natural_mention:vr:00202,verbatim_remention,exact_named_entity,natural_distance_pair:0023,20_39,30,9.836382865905762,10.126197814941406,0.28981494903564453,3,3,False,False
D_C_43022,chck_90M,natural_mention:vr:00203,verbatim_remention,exact_named_entity,natural_distance_pair:0075,00_04,4,4.997651100158691,8.049997329711914,3.0523462295532227,5,5,False,False
D_C_43022,chck_90M,natural_mention:vr:00204,verbatim_remention,exact_named_entity,natural_distance_pair:0087,20_39,33,7.816540241241455,12.177496910095215,4.36095666885376,1,1,False,False
D_C_43022,chck_90M,natural_mention:vr:00205,verbatim_remention,exact_named_entity,natural_distance_pair:0025,20_39,28,11.994102478027344,12.119736671447754,0.12563419342041016,2,2,False,False
D_C_43022,chck_90M,natural_mention:vr:00206,verbatim_remention,exact_named_entity,natural_distance_pair:0115,05_09,6,1.5492968559265137,4.562605857849121,3.0133090019226074,4,4,False,False
D_C_43022,chck_90M,natural_mention:vr:00207,verbatim_remention,exact_named_entity,natural_distance_pair:0065,00_04,3,5.17559814453125,5.771348476409912,0.5957503318786621,1,1,False,False
D_C_43022,chck_90M,natural_mention:vr:00208,verbatim_remention,exact_named_entity,natural_distance_pair:0113,05_09,7,4.463313102722168,5.1901350021362305,0.7268218994140625,1,1,False,False
D_C_43022,chck_90M,natural_mention:vr:00209,verbatim_remention,exact_named_entity,natural_distance_pair:0119,10_19,16,3.075005531311035,2.7850704193115234,-0.2899351119995117,1,1,False,False
D_C_43022,chck_90M,natural_mention:vr:00210,verbatim_remention,exact_named_entity,natural_distance_pair:0056,05_09,6,0.02468239516019821,0.4977838397026062,0.473101444542408,2,2,False,False
D_C_43022,chck_90M,natural_mention:vr:00211,verbatim_remention,exact_named_entity,natural_distance_pair:0016,20_39,37,0.08204849064350128,11.497962951660156,11.415914461016655,3,3,False,False
D_C_43022,chck_90M,natural_mention:vr:00212,verbatim_remention,exact_named_entity,natural_distance_pair:0013,40_79,44,0.03983436897397041,12.695435523986816,12.655601155012846,3,3,False,False
D_C_43022,chck_90M,natural_mention:vr:00213,verbatim_remention,exact_named_entity,natural_distance_pair:0050,10_19,11,9.783467292785645,11.340005874633789,1.5565385818481445,4,4,False,False
D_C_43022,chck_90M,natural_mention:vr:00214,verbatim_remention,exact_named_entity,natural_distance_pair:0043,10_19,14,1.099631667137146,5.000540733337402,3.9009090662002563,2,2,False,False
D_C_43022,chck_90M,natural_mention:vr:00215,verbatim_remention,exact_named_entity,natural_distance_pair:0020,20_39,31,0.10142949968576431,9.5157470703125,9.414317570626736,2,2,False,False
D_C_43022,chck_90M,natural_mention:vr:00216,verbatim_remention,exact_named_entity,natural_distance_pair:0007,40_79,52,7.425717830657959,10.826892852783203,3.401175022125244,1,1,False,False
D_C_43022,chck_90M,natural_mention:vr:00217,verbatim_remention,exact_named_entity,natural_distance_pair:0088,20_39,21,4.15325927734375,3.149451494216919,-1.003807783126831,1,1,False,False
D_C_43022,chck_90M,natural_mention:vr:00218,verbatim_remention,exact_named_entity,natural_distance_pair:0083,00_04,4,1.9172674417495728,12.033732414245605,10.116464972496033,2,2,False,False
D_C_43022,chck_90M,natural_mention:vr:00219,verbatim_remention,exact_named_entity,natural_distance_pair:0096,10_19,14,9.392241477966309,9.660712242126465,0.26847076416015625,3,3,False,False
D_C_43022,chck_90M,natural_mention:vr:00220,verbatim_remention,exact_named_entity,natural_distance_pair:0044,10_19,13,2.3746914863586426,3.0514116287231445,0.676720142364502,1,1,False,False
D_C_43022,chck_90M,natural_mention:vr:00221,verbatim_remention,exact_named_entity,natural_distance_pair:0000,40_79,71,0.22488079965114594,8.635770797729492,8.410889998078346,2,2,False,False
D_C_43022,chck_90M,natural_mention:vr:00222,verbatim_remention,exact_named_entity,natural_distance_pair:0064,00_04,4,2.3805880546569824,4.135124206542969,1.7545361518859863,1,1,False,False
D_C_43022,chck_90M,natural_mention:vr:00223,verbatim_remention,exact_named_entity,natural_distance_pair:0093,10_19,16,0.07122263312339783,0.04059673473238945,-0.030625898391008377,3,3,False,False
D_C_43022,chck_90M,natural_mention:vr:00224,verbatim_remention,exact_named_entity,natural_distance_pair:0018,20_39,36,16.586944580078125,17.18065643310547,0.5937118530273438,1,1,False,False
D_C_43022,chck_90M,natural_mention:vr:00225,verbatim_remention,exact_named_entity,natural_distance_pair:0114,05_09,7,6.862236976623535,6.796576499938965,-0.06566047668457031,1,1,False,False
D_C_43022,chck_90M,natural_mention:vr:00226,verbatim_remention,exact_named_entity,natural_distance_pair:0009,40_79,51,6.9306111335754395,6.986431121826172,0.05581998825073242,1,1,False,False
D_C_43022,chck_90M,natural_mention:vr:00227,verbatim_remention,exact_named_entity,natural_distance_pair:0120,10_19,15,0.31747525930404663,0.9965282678604126,0.679053008556366,2,2,False,False
D_C_43022,chck_90M,natural_mention:vr:00228,verbatim_remention,exact_named_entity,natural_distance_pair:0024,20_39,29,6.336310386657715,7.726470947265625,1.3901605606079102,4,4,False,False
D_C_43022,chck_90M,natural_mention:vr:00229,verbatim_remention,exact_named_entity,natural_distance_pair:0128,05_09,6,8.90234661102295,9.158297538757324,0.255950927734375,1,1,False,False
D_C_43022,chck_90M,natural_mention:vr:00230,verbatim_remention,exact_named_entity,natural_distance_pair:0055,05_09,7,0.35773205757141113,6.67412805557251,6.316395998001099,2,2,False,False
D_C_43022,chck_90M,natural_mention:vr:00231,verbatim_remention,indefinite_to_definite_nominal,natural_distance_pair:0086,00_04,4,5.214475631713867,5.9145941734313965,0.7001185417175293,1,1,False,False
D_C_43022,chck_90M,natural_mention:vr:00232,verbatim_remention,exact_named_entity,natural_distance_pair:0089,20_39,21,0.13275863230228424,3.100249767303467,2.9674911350011826,1,1,False,False
D_C_43022,chck_90M,natural_mention:vr:00233,verbatim_remention,exact_named_entity,natural_distance_pair:0032,20_39,21,2.9599430561065674,3.9362621307373047,0.9763190746307373,3,3,False,False
D_C_43022,chck_90M,natural_mention:vr:00234,verbatim_remention,exact_named_entity,natural_distance_pair:0019,20_39,33,0.4298016428947449,10.082175254821777,9.652373611927032,1,1,False,False
D_C_43022,chck_90M,natural_mention:vr:00235,verbatim_remention,exact_named_entity,natural_distance_pair:0116,05_09,6,0.45121869444847107,1.8438893556594849,1.3926706612110138,1,1,False,False
D_C_43022,chck_90M,natural_mention:vr:00236,verbatim_remention,exact_named_entity,natural_distance_pair:0067,00_04,4,3.4508683681488037,3.7878105640411377,0.336942195892334,6,6,False,False
D_C_43022,chck_90M,natural_mention:vr:00237,verbatim_remention,exact_named_entity,natural_distance_pair:0122,10_19,10,3.625356912612915,6.887888431549072,3.2625315189361572,1,1,False,False
D_C_43022,chck_90M,natural_mention:vr:00238,verbatim_remention,exact_named_entity,natural_distance_pair:0003,40_79,56,1.9651861190795898,4.161105155944824,2.1959190368652344,1,1,False,False
D_C_43022,chck_90M,natural_mention:vr:00239,verbatim_remention,exact_named_entity,natural_distance_pair:0077,00_04,3,11.469654083251953,11.477587699890137,0.007933616638183594,2,2,False,False
D_C_43022,chck_90M,natural_mention:vr:00240,verbatim_remention,exact_named_entity,natural_distance_pair:0106,05_09,8,3.565713882446289,5.221705436706543,1.655991554260254,6,6,False,False
D_C_43022,chck_90M,natural_mention:vr:00241,verbatim_remention,exact_named_entity,natural_distance_pair:0039,10_19,16,0.9620035886764526,2.259507179260254,1.2975035905838013,1,1,False,False
D_C_43022,chck_90M,natural_mention:vr:00242,verbatim_remention,exact_named_entity,natural_distance_pair:0099,10_19,12,14.743545532226562,15.734919548034668,0.9913740158081055,1,1,False,False
D_C_43022,chck_90M,natural_mention:vr:00243,verbatim_remention,exact_named_entity,natural_distance_pair:0110,05_09,8,0.4977523982524872,8.243627548217773,7.745875149965286,1,1,False,False
D_C_43022,chck_90M,natural_mention:vr:00244,verbatim_remention,exact_named_entity,natural_distance_pair:0070,00_04,3,3.8253040313720703,4.48056173324585,0.6552577018737793,2,2,False,False
D_C_43022,chck_90M,natural_mention:vr:00245,verbatim_remention,exact_named_entity,natural_distance_pair:0008,40_79,52,0.045542437583208084,7.323343276977539,7.277800839394331,3,3,False,False
D_C_43022,chck_90M,natural_mention:vr:00246,verbatim_remention,exact_named_entity,natural_distance_pair:0097,10_19,13,0.031111687421798706,8.098438262939453,8.067326575517654,1,1,False,False
D_C_43022,chck_90M,natural_mention:vr:00247,verbatim_remention,exact_named_entity,natural_distance_pair:0061,00_04,3,11.811548233032227,10.429582595825195,-1.3819656372070312,1,1,False,False
D_C_43022,chck_90M,natural_mention:vr:00248,verbatim_remention,exact_named_entity,natural_distance_pair:0103,10_19,10,8.952820777893066,9.475407600402832,0.5225868225097656,1,1,False,False
D_C_43022,chck_90M,natural_mention:vr:00249,verbatim_remention,exact_named_entity,natural_distance_pair:0073,00_04,4,1.7808953523635864,2.4254539012908936,0.6445585489273071,1,1,False,False
D_C_43022,chck_90M,natural_mention:vr:00250,verbatim_remention,exact_named_entity,natural_distance_pair:0095,10_19,15,0.6834914684295654,5.578827857971191,4.895336389541626,1,1,False,False
D_C_43022,chck_90M,natural_mention:vr:00251,verbatim_remention,exact_named_entity,natural_distance_pair:0071,00_04,4,2.8211278915405273,8.899480819702148,6.078352928161621,4,4,False,False
D_C_43022,chck_90M,natural_mention:vr:00252,verbatim_remention,exact_named_entity,natural_distance_pair:0004,40_79,58,6.117928981781006,10.386588096618652,4.2686591148376465,1,1,False,False
D_C_43022,chck_90M,natural_mention:vr:00253,verbatim_remention,exact_named_entity,natural_distance_pair:0127,05_09,7,2.026967763900757,7.549033164978027,5.5220654010772705,1,1,False,False
D_C_43022,chck_90M,natural_mention:vr:00254,verbatim_remention,exact_named_entity,natural_distance_pair:0123,10_19,10,0.13420285284519196,0.33691370487213135,0.2027108520269394,1,1,False,False
D_C_43022,chck_90M,natural_mention:vr:00255,verbatim_remention,exact_named_entity,natural_distance_pair:0034,20_39,20,8.474029541015625,11.331920623779297,2.857891082763672,2,2,False,False
D_C_43022,chck_90M,natural_mention:vr:00256,verbatim_remention,exact_named_entity,natural_distance_pair:0076,00_04,3,1.7600603103637695,5.787938117980957,4.0278778076171875,1,1,False,False
D_C_43022,chck_90M,natural_mention:vr:00257,verbatim_remention,exact_named_entity,natural_distance_pair:0001,40_79,61,13.169417381286621,13.380640983581543,0.21122360229492188,1,1,False,False
D_C_43022,chck_100M,natural_mention:nr:00000,nonidentical_remention,full_name_to_acronym,natural_distance_pair:0045,10_19,13,6.071473598480225,6.297475337982178,0.22600173950195312,1,1,False,False
D_C_43022,chck_100M,natural_mention:nr:00001,nonidentical_remention,full_name_to_acronym,natural_distance_pair:0060,00_04,4,5.176511764526367,5.138695240020752,-0.037816524505615234,4,4,False,False
D_C_43022,chck_100M,natural_mention:nr:00002,nonidentical_remention,nonperson_name_to_pronoun,natural_distance_pair:0123,10_19,10,3.2743425369262695,3.1520309448242188,-0.12231159210205078,1,1,False,False
D_C_43022,chck_100M,natural_mention:nr:00003,nonidentical_remention,explicit_appositive_description,natural_distance_pair:0084,00_04,0,4.943637847900391,5.89223575592041,0.9485979080200195,1,1,False,False
D_C_43022,chck_100M,natural_mention:nr:00004,nonidentical_remention,full_name_to_acronym,natural_distance_pair:0046,10_19,13,7.274451732635498,7.046176910400391,-0.22827482223510742,2,2,False,False
D_C_43022,chck_100M,natural_mention:nr:00005,nonidentical_remention,full_name_to_acronym,natural_distance_pair:0056,05_09,6,10.104963302612305,10.283313751220703,0.17835044860839844,1,1,False,False
D_C_43022,chck_100M,natural_mention:nr:00006,nonidentical_remention,explicit_appositive_description,natural_distance_pair:0074,00_04,0,4.020796298980713,3.215651750564575,-0.8051445484161377,1,1,False,False
D_C_43022,chck_100M,natural_mention:nr:00007,nonidentical_remention,person_name_to_pronoun,natural_distance_pair:0089,20_39,21,0.4936881959438324,0.12846164405345917,-0.36522655189037323,1,1,False,False
D_C_43022,chck_100M,natural_mention:nr:00008,nonidentical_remention,nonperson_name_to_pronoun,natural_distance_pair:0119,10_19,16,5.429797649383545,5.192694664001465,-0.23710298538208008,1,1,False,False
D_C_43022,chck_100M,natural_mention:nr:00009,nonidentical_remention,full_name_to_surname_or_final_token,natural_distance_pair:0027,20_39,28,0.17321109771728516,1.952627182006836,1.7794160842895508,3,3,False,False
D_C_43022,chck_100M,natural_mention:nr:00010,nonidentical_remention,full_name_to_surname_or_final_token,natural_distance_pair:0049,10_19,12,0.032494980841875076,0.01823492720723152,-0.014260053634643555,3,3,False,False
D_C_43022,chck_100M,natural_mention:nr:00011,nonidentical_remention,full_name_to_surname_or_final_token,natural_distance_pair:0001,40_79,65,0.07514393329620361,7.589518070220947,7.514374136924744,3,3,False,False
D_C_43022,chck_100M,natural_mention:nr:00012,nonidentical_remention,nonperson_name_to_pronoun,natural_distance_pair:0128,05_09,6,1.1205766201019287,0.5149306058883667,-0.605646014213562,1,1,False,False
D_C_43022,chck_100M,natural_mention:nr:00013,nonidentical_remention,full_name_to_surname_or_final_token,natural_distance_pair:0053,10_19,10,0.8917872905731201,5.325412750244141,4.4336254596710205,3,3,False,False
D_C_43022,chck_100M,natural_mention:nr:00014,nonidentical_remention,full_name_to_acronym,natural_distance_pair:0022,20_39,31,4.566573143005371,4.619067192077637,0.052494049072265625,4,4,False,False
D_C_43022,chck_100M,natural_mention:nr:00015,nonidentical_remention,full_name_to_surname_or_final_token,natural_distance_pair:0026,20_39,28,9.198587417602539,9.835853576660156,0.6372661590576172,2,2,False,False
D_C_43022,chck_100M,natural_mention:nr:00016,nonidentical_remention,person_name_to_pronoun,natural_distance_pair:0097,10_19,13,1.9790295362472534,2.7572038173675537,0.7781742811203003,1,1,False,False
D_C_43022,chck_100M,natural_mention:nr:00017,nonidentical_remention,full_name_to_surname_or_final_token,natural_distance_pair:0043,10_19,14,7.054418563842773,9.698182106018066,2.643763542175293,2,2,False,False
D_C_43022,chck_100M,natural_mention:nr:00018,nonidentical_remention,explicit_appositive_description,natural_distance_pair:0070,00_04,0,5.067201614379883,5.997410774230957,0.9302091598510742,2,2,False,False
D_C_43022,chck_100M,natural_mention:nr:00019,nonidentical_remention,person_name_to_pronoun,natural_distance_pair:0117,05_09,5,1.3320599794387817,1.4450099468231201,0.11294996738433838,1,1,False,False
D_C_43022,chck_100M,natural_mention:nr:00020,nonidentical_remention,full_name_to_acronym,natural_distance_pair:0035,10_19,19,7.4726481437683105,7.399470329284668,-0.07317781448364258,2,2,False,False
D_C_43022,chck_100M,natural_mention:nr:00021,nonidentical_remention,full_name_to_surname_or_final_token,natural_distance_pair:0009,40_79,52,10.079583168029785,9.70830249786377,-0.3712806701660156,2,2,False,False
D_C_43022,chck_100M,natural_mention:nr:00022,nonidentical_remention,full_name_to_surname_or_final_token,natural_distance_pair:0058,00_04,4,0.2501053214073181,1.8782958984375,1.6281905770301819,3,3,False,False
D_C_43022,chck_100M,natural_mention:nr:00023,nonidentical_remention,person_name_to_pronoun,natural_distance_pair:0112,05_09,7,0.01605088822543621,0.020112738013267517,0.0040618497878313065,1,1,False,False
D_C_43022,chck_100M,natural_mention:nr:00024,nonidentical_remention,nonperson_name_to_pronoun,natural_distance_pair:0122,10_19,10,0.2883925437927246,0.26085802912712097,-0.027534514665603638,1,1,False,False
D_C_43022,chck_100M,natural_mention:nr:00025,nonidentical_remention,person_name_to_pronoun,natural_distance_pair:0100,10_19,12,0.4301954209804535,0.332821249961853,-0.09737417101860046,1,1,False,False
D_C_43022,chck_100M,natural_mention:nr:00026,nonidentical_remention,full_name_to_acronym,natural_distance_pair:0008,40_79,52,11.381706237792969,11.178805351257324,-0.20290088653564453,1,1,False,False
D_C_43022,chck_100M,natural_mention:nr:00027,nonidentical_remention,full_name_to_acronym,natural_distance_pair:0063,00_04,1,6.293407440185547,6.42582893371582,0.13242149353027344,3,3,False,False
D_C_43022,chck_100M,natural_mention:nr:00028,nonidentical_remention,full_name_to_surname_or_final_token,natural_distance_pair:0005,40_79,53,0.0509481355547905,8.93699836730957,8.88605023175478,2,2,False,False
D_C_43022,chck_100M,natural_mention:nr:00029,nonidentical_remention,explicit_appositive_description,natural_distance_pair:0079,00_04,0,7.481542587280273,7.1005377769470215,-0.38100481033325195,3,3,False,False
D_C_43022,chck_100M,natural_mention:nr:00030,nonidentical_remention,person_name_to_pronoun,natural_distance_pair:0099,10_19,12,0.5117148160934448,0.3707031011581421,-0.14101171493530273,1,1,False,False
D_C_43022,chck_100M,natural_mention:nr:00031,nonidentical_remention,nonperson_name_to_pronoun,natural_distance_pair:0127,05_09,7,2.095818519592285,2.1234381198883057,0.027619600296020508,1,1,False,False
D_C_43022,chck_100M,natural_mention:nr:00032,nonidentical_remention,full_name_to_acronym,natural_distance_pair:0044,10_19,13,6.804240703582764,7.074089050292969,0.2698483467102051,3,3,False,False
D_C_43022,chck_100M,natural_mention:nr:00033,nonidentical_remention,full_name_to_acronym,natural_distance_pair:0051,10_19,11,3.88165283203125,4.7535834312438965,0.8719305992126465,2,2,False,False
D_C_43022,chck_100M,natural_mention:nr:00034,nonidentical_remention,full_name_to_surname_or_final_token,natural_distance_pair:0040,10_19,15,4.276673793792725,3.5215811729431152,-0.7550926208496094,2,2,False,False
D_C_43022,chck_100M,natural_mention:nr:00035,nonidentical_remention,person_name_to_pronoun,natural_distance_pair:0110,05_09,8,0.36444973945617676,0.2205643504858017,-0.14388538897037506,1,1,False,False
D_C_43022,chck_100M,natural_mention:nr:00036,nonidentical_remention,full_name_to_acronym,natural_distance_pair:0085,00_04,0,6.858441352844238,6.988119125366211,0.12967777252197266,2,2,False,False
D_C_43022,chck_100M,natural_mention:nr:00037,nonidentical_remention,person_name_to_pronoun,natural_distance_pair:0104,05_09,9,0.24379466474056244,0.2734755575656891,0.029680892825126648,1,1,False,False
D_C_43022,chck_100M,natural_mention:nr:00038,nonidentical_remention,explicit_appositive_description,natural_distance_pair:0072,00_04,0,3.8748064041137695,3.7361702919006348,-0.13863611221313477,2,2,False,False
D_C_43022,chck_100M,natural_mention:nr:00039,nonidentical_remention,nonperson_name_to_pronoun,natural_distance_pair:0124,05_09,9,0.056083813309669495,0.06538289040327072,0.009299077093601227,1,1,False,False
D_C_43022,chck_100M,natural_mention:nr:00040,nonidentical_remention,person_name_to_pronoun,natural_distance_pair:0092,10_19,17,0.9289665818214417,1.0930640697479248,0.16409748792648315,1,1,False,False
D_C_43022,chck_100M,natural_mention:nr:00041,nonidentical_remention,full_name_to_surname_or_final_token,natural_distance_pair:0036,10_19,18,1.3318569660186768,9.736017227172852,8.404160261154175,2,2,False,False
D_C_43022,chck_100M,natural_mention:nr:00042,nonidentical_remention,nonperson_name_to_pronoun,natural_distance_pair:0121,10_19,12,0.2986302673816681,0.30392560362815857,0.0052953362464904785,1,1,False,False
D_C_43022,chck_100M,natural_mention:nr:00043,nonidentical_remention,full_name_to_acronym,natural_distance_pair:0057,00_04,4,0.3885338306427002,0.45557451248168945,0.06704068183898926,3,3,False,False
D_C_43022,chck_100M,natural_mention:nr:00044,nonidentical_remention,explicit_appositive_description,natural_distance_pair:0080,00_04,0,6.404142379760742,6.256023406982422,-0.1481189727783203,1,1,False,False
D_C_43022,chck_100M,natural_mention:nr:00045,nonidentical_remention,full_name_to_acronym,natural_distance_pair:0064,00_04,1,8.294355392456055,7.431080341339111,-0.8632750511169434,2,2,False,False
D_C_43022,chck_100M,natural_mention:nr:00046,nonidentical_remention,full_name_to_surname_or_final_token,natural_distance_pair:0029,20_39,26,5.512935161590576,7.413120269775391,1.9001851081848145,3,3,False,False
D_C_43022,chck_100M,natural_mention:nr:00047,nonidentical_remention,full_name_to_surname_or_final_token,natural_distance_pair:0014,40_79,42,7.661408424377441,9.400433540344238,1.7390251159667969,2,2,False,False
D_C_43022,chck_100M,natural_mention:nr:00048,nonidentical_remention,full_name_to_surname_or_final_token,natural_distance_pair:0010,40_79,48,9.34278392791748,9.831390380859375,0.48860645294189453,2,2,False,False
D_C_43022,chck_100M,natural_mention:nr:00049,nonidentical_remention,explicit_appositive_description,natural_distance_pair:0075,00_04,0,7.5220255851745605,7.618997097015381,0.09697151184082031,7,7,False,False
D_C_43022,chck_100M,natural_mention:nr:00050,nonidentical_remention,full_name_to_acronym,natural_distance_pair:0081,00_04,0,5.653309345245361,5.40274715423584,-0.2505621910095215,2,2,False,False
D_C_43022,chck_100M,natural_mention:nr:00051,nonidentical_remention,person_name_to_pronoun,natural_distance_pair:0096,10_19,14,0.10232646018266678,0.028052709996700287,-0.07427375018596649,1,1,False,False
D_C_43022,chck_100M,natural_mention:nr:00052,nonidentical_remention,full_name_to_acronym,natural_distance_pair:0062,00_04,2,6.237860679626465,6.444138050079346,0.20627737045288086,2,2,False,False
D_C_43022,chck_100M,natural_mention:nr:00053,nonidentical_remention,person_name_to_pronoun,natural_distance_pair:0107,05_09,8,0.22542908787727356,0.19793783128261566,-0.027491256594657898,1,1,False,False
D_C_43022,chck_100M,natural_mention:nr:00054,nonidentical_remention,nonperson_name_to_pronoun,natural_distance_pair:0120,10_19,15,0.23644466698169708,0.2050081044435501,-0.03143656253814697,1,1,False,False
D_C_43022,chck_100M,natural_mention:nr:00055,nonidentical_remention,full_name_to_acronym,natural_distance_pair:0071,00_04,0,2.7775468826293945,3.6167216300964355,0.839174747467041,2,2,False,False
D_C_43022,chck_100M,natural_mention:nr:00056,nonidentical_remention,person_name_to_pronoun,natural_distance_pair:0093,10_19,16,0.1205420196056366,0.12131302058696747,0.0007710009813308716,1,1,False,False
D_C_43022,chck_100M,natural_mention:nr:00057,nonidentical_remention,person_name_to_pronoun,natural_distance_pair:0095,10_19,15,0.4651496708393097,0.4518433213233948,-0.013306349515914917,1,1,False,False
D_C_43022,chck_100M,natural_mention:nr:00058,nonidentical_remention,full_name_to_surname_or_final_token,natural_distance_pair:0028,20_39,27,5.308820724487305,10.178427696228027,4.869606971740723,2,2,False,False
D_C_43022,chck_100M,natural_mention:nr:00059,nonidentical_remention,nonperson_name_to_pronoun,natural_distance_pair:0125,05_09,9,0.19406846165657043,0.19307486712932587,-0.0009935945272445679,1,1,False,False
D_C_43022,chck_100M,natural_mention:nr:00060,nonidentical_remention,explicit_appositive_description,natural_distance_pair:0083,00_04,0,8.456158638000488,8.44015121459961,-0.016007423400878906,3,3,False,False
D_C_43022,chck_100M,natural_mention:nr:00061,nonidentical_remention,full_name_to_surname_or_final_token,natural_distance_pair:0011,40_79,48,9.17625617980957,10.140982627868652,0.964726448059082,1,1,False,False
D_C_43022,chck_100M,natural_mention:nr:00062,nonidentical_remention,full_name_to_surname_or_final_token,natural_distance_pair:0003,40_79,57,5.9186601638793945,8.901481628417969,2.982821464538574,5,5,False,False
D_C_43022,chck_100M,natural_mention:nr:00063,nonidentical_remention,full_name_to_acronym,natural_distance_pair:0066,00_04,0,5.533468246459961,5.5766096115112305,0.04314136505126953,2,2,False,False
D_C_43022,chck_100M,natural_mention:nr:00064,nonidentical_remention,full_name_to_surname_or_final_token,natural_distance_pair:0042,10_19,14,0.22189578413963318,9.236163139343262,9.014267355203629,2,2,False,False
D_C_43022,chck_100M,natural_mention:nr:00065,nonidentical_remention,full_name_to_acronym,natural_distance_pair:0065,00_04,1,7.215478420257568,7.052182197570801,-0.16329622268676758,2,2,False,False
D_C_43022,chck_100M,natural_mention:nr:00066,nonidentical_remention,explicit_appositive_description,natural_distance_pair:0078,00_04,0,5.802501201629639,6.195802688598633,0.39330148696899414,1,1,False,False
D_C_43022,chck_100M,natural_mention:nr:00067,nonidentical_remention,full_name_to_acronym,natural_distance_pair:0076,00_04,0,5.07246732711792,4.618912220001221,-0.4535551071166992,2,2,False,False
D_C_43022,chck_100M,natural_mention:nr:00068,nonidentical_remention,explicit_appositive_description,natural_distance_pair:0086,00_04,0,6.410356044769287,6.276955604553223,-0.13340044021606445,7,7,False,False
D_C_43022,chck_100M,natural_mention:nr:00069,nonidentical_remention,person_name_to_pronoun,natural_distance_pair:0111,05_09,8,0.5201753377914429,0.2903127372264862,-0.22986260056495667,1,1,False,False
D_C_43022,chck_100M,natural_mention:nr:00070,nonidentical_remention,full_name_to_acronym,natural_distance_pair:0052,10_19,10,8.27351188659668,8.077402114868164,-0.19610977172851562,2,2,False,False
D_C_43022,chck_100M,natural_mention:nr:00071,nonidentical_remention,person_name_to_pronoun,natural_distance_pair:0108,05_09,8,0.5408304929733276,0.44543224573135376,-0.09539824724197388,1,1,False,False
D_C_43022,chck_100M,natural_mention:nr:00072,nonidentical_remention,full_name_to_surname_or_final_token,natural_distance_pair:0004,40_79,56,1.122316837310791,5.713091850280762,4.590775012969971,2,2,False,False
D_C_43022,chck_100M,natural_mention:nr:00073,nonidentical_remention,person_name_to_pronoun,natural_distance_pair:0091,10_19,18,0.07707034796476364,0.09121783822774887,0.01414749026298523,1,1,False,False
D_C_43022,chck_100M,natural_mention:nr:00074,nonidentical_remention,full_name_to_acronym,natural_distance_pair:0047,10_19,12,4.519815444946289,4.739650249481201,0.2198348045349121,3,3,False,False
D_C_43022,chck_100M,natural_mention:nr:00075,nonidentical_remention,nonperson_name_to_pronoun,natural_distance_pair:0126,05_09,7,6.20112419128418,6.215450286865234,0.014326095581054688,1,1,False,False
D_C_43022,chck_100M,natural_mention:nr:00076,nonidentical_remention,full_name_to_acronym,natural_distance_pair:0069,00_04,0,7.760016441345215,7.667078018188477,-0.09293842315673828,2,2,False,False
D_C_43022,chck_100M,natural_mention:nr:00077,nonidentical_remention,person_name_to_pronoun,natural_distance_pair:0114,05_09,7,2.254168748855591,2.0763003826141357,-0.17786836624145508,1,1,False,False
D_C_43022,chck_100M,natural_mention:nr:00078,nonidentical_remention,person_name_to_pronoun,natural_distance_pair:0087,20_39,33,2.3993330001831055,5.371326446533203,2.9719934463500977,1,1,False,False
D_C_43022,chck_100M,natural_mention:nr:00079,nonidentical_remention,person_name_to_pronoun,natural_distance_pair:0098,10_19,12,2.1560792922973633,1.2556431293487549,-0.9004361629486084,1,1,False,False
D_C_43022,chck_100M,natural_mention:nr:00080,nonidentical_remention,nonperson_name_to_pronoun,natural_distance_pair:0118,10_19,19,0.5237715244293213,0.497901976108551,-0.025869548320770264,1,1,False,False
D_C_43022,chck_100M,natural_mention:nr:00081,nonidentical_remention,full_name_to_surname_or_final_token,natural_distance_pair:0025,20_39,28,6.522690773010254,9.343484878540039,2.820794105529785,4,4,False,False
D_C_43022,chck_100M,natural_mention:nr:00082,nonidentical_remention,full_name_to_surname_or_final_token,natural_distance_pair:0050,10_19,11,2.3641817569732666,4.460783958435059,2.096602201461792,2,2,False,False
D_C_43022,chck_100M,natural_mention:nr:00083,nonidentical_remention,explicit_appositive_description,natural_distance_pair:0067,00_04,0,7.983164310455322,8.374832153320312,0.39166784286499023,6,6,False,False
D_C_43022,chck_100M,natural_mention:nr:00084,nonidentical_remention,full_name_to_surname_or_final_token,natural_distance_pair:0055,05_09,7,8.169516563415527,8.58443832397461,0.41492176055908203,3,3,False,False
D_C_43022,chck_100M,natural_mention:nr:00085,nonidentical_remention,person_name_to_pronoun,natural_distance_pair:0113,05_09,7,0.030689233914017677,0.034243933856487274,0.003554699942469597,1,1,False,False
D_C_43022,chck_100M,natural_mention:nr:00086,nonidentical_remention,person_name_to_pronoun,natural_distance_pair:0088,20_39,21,3.449188709259033,3.593096971511841,0.14390826225280762,1,1,False,False
D_C_43022,chck_100M,natural_mention:nr:00087,nonidentical_remention,full_name_to_acronym,natural_distance_pair:0033,20_39,20,11.435511589050293,11.77421760559082,0.33870601654052734,2,2,False,False
D_C_43022,chck_100M,natural_mention:nr:00088,nonidentical_remention,full_name_to_surname_or_final_token,natural_distance_pair:0015,20_39,38,9.510848999023438,11.295726776123047,1.7848777770996094,2,2,False,False
D_C_43022,chck_100M,natural_mention:nr:00089,nonidentical_remention,full_name_to_surname_or_final_token,natural_distance_pair:0000,40_79,74,0.9436134099960327,9.009450912475586,8.065837502479553,2,2,False,False
D_C_43022,chck_100M,natural_mention:nr:00090,nonidentical_remention,explicit_appositive_description,natural_distance_pair:0068,00_04,0,7.887110233306885,7.52304220199585,-0.36406803131103516,3,3,False,False
D_C_43022,chck_100M,natural_mention:nr:00091,nonidentical_remention,full_name_to_acronym,natural_distance_pair:0048,10_19,12,7.482371807098389,7.568202018737793,0.0858302116394043,2,2,False,False
D_C_43022,chck_100M,natural_mention:nr:00092,nonidentical_remention,full_name_to_acronym,natural_distance_pair:0032,20_39,21,7.985752582550049,8.113639831542969,0.12788724899291992,2,2,False,False
D_C_43022,chck_100M,natural_mention:nr:00093,nonidentical_remention,person_name_to_pronoun,natural_distance_pair:0103,10_19,10,2.9804773330688477,3.192420721054077,0.2119433879852295,1,1,False,False
D_C_43022,chck_100M,natural_mention:nr:00094,nonidentical_remention,full_name_to_acronym,natural_distance_pair:0024,20_39,29,5.552155017852783,5.5944695472717285,0.04231452941894531,3,3,False,False
D_C_43022,chck_100M,natural_mention:nr:00095,nonidentical_remention,full_name_to_surname_or_final_token,natural_distance_pair:0059,00_04,4,3.0716419219970703,2.293727397918701,-0.7779145240783691,1,1,False,False
D_C_43022,chck_100M,natural_mention:nr:00096,nonidentical_remention,person_name_to_pronoun,natural_distance_pair:0101,10_19,11,5.55057430267334,5.7767181396484375,0.22614383697509766,1,1,False,False
D_C_43022,chck_100M,natural_mention:nr:00097,nonidentical_remention,full_name_to_surname_or_final_token,natural_distance_pair:0007,40_79,52,1.269744634628296,8.317710876464844,7.047966241836548,3,3,False,False
D_C_43022,chck_100M,natural_mention:nr:00098,nonidentical_remention,full_name_to_surname_or_final_token,natural_distance_pair:0023,20_39,30,4.792618751525879,9.775479316711426,4.982860565185547,5,5,False,False
D_C_43022,chck_100M,natural_mention:nr:00099,nonidentical_remention,full_name_to_surname_or_final_token,natural_distance_pair:0054,05_09,9,5.968198776245117,6.495839595794678,0.5276408195495605,3,3,False,False
D_C_43022,chck_100M,natural_mention:nr:00100,nonidentical_remention,full_name_to_acronym,natural_distance_pair:0020,20_39,31,10.099337577819824,8.401017189025879,-1.6983203887939453,3,3,False,False
D_C_43022,chck_100M,natural_mention:nr:00101,nonidentical_remention,full_name_to_acronym,natural_distance_pair:0037,10_19,17,2.3080060482025146,2.9022693634033203,0.5942633152008057,3,3,False,False
D_C_43022,chck_100M,natural_mention:nr:00102,nonidentical_remention,explicit_appositive_description,natural_distance_pair:0073,00_04,0,5.452689170837402,5.10734748840332,-0.34534168243408203,1,1,False,False
D_C_43022,chck_100M,natural_mention:nr:00103,nonidentical_remention,full_name_to_acronym,natural_distance_pair:0002,40_79,62,6.472379684448242,6.469999313354492,-0.00238037109375,3,3,False,False
D_C_43022,chck_100M,natural_mention:nr:00104,nonidentical_remention,full_name_to_surname_or_final_token,natural_distance_pair:0018,20_39,35,4.806960105895996,14.353155136108398,9.546195030212402,2,2,False,False
D_C_43022,chck_100M,natural_mention:nr:00105,nonidentical_remention,full_name_to_surname_or_final_token,natural_distance_pair:0013,40_79,44,6.153571128845215,7.927721977233887,1.7741508483886719,4,4,False,False
D_C_43022,chck_100M,natural_mention:nr:00106,nonidentical_remention,full_name_to_surname_or_final_token,natural_distance_pair:0006,40_79,53,10.924491882324219,10.907341957092285,-0.017149925231933594,2,2,False,False
D_C_43022,chck_100M,natural_mention:nr:00107,nonidentical_remention,full_name_to_surname_or_final_token,natural_distance_pair:0041,10_19,15,5.142590522766113,7.627368927001953,2.48477840423584,2,2,False,False
D_C_43022,chck_100M,natural_mention:nr:00108,nonidentical_remention,full_name_to_surname_or_final_token,natural_distance_pair:0030,20_39,23,1.296994686126709,10.25322151184082,8.956226825714111,2,2,False,False
D_C_43022,chck_100M,natural_mention:nr:00109,nonidentical_remention,full_name_to_surname_or_final_token,natural_distance_pair:0039,10_19,16,0.057726193219423294,0.08042088150978088,0.02269468829035759,1,1,False,False
D_C_43022,chck_100M,natural_mention:nr:00110,nonidentical_remention,full_name_to_acronym,natural_distance_pair:0021,20_39,31,0.06692038476467133,0.07088297605514526,0.003962591290473938,2,2,False,False
D_C_43022,chck_100M,natural_mention:nr:00111,nonidentical_remention,full_name_to_acronym,natural_distance_pair:0016,20_39,37,5.454183578491211,5.1257829666137695,-0.3284006118774414,1,1,False,False
D_C_43022,chck_100M,natural_mention:nr:00112,nonidentical_remention,person_name_to_pronoun,natural_distance_pair:0102,10_19,10,0.32773521542549133,0.42871153354644775,0.10097631812095642,1,1,False,False
D_C_43022,chck_100M,natural_mention:nr:00113,nonidentical_remention,full_name_to_surname_or_final_token,natural_distance_pair:0012,40_79,48,6.309112548828125,6.967596530914307,0.6584839820861816,3,3,False,False
D_C_43022,chck_100M,natural_mention:nr:00114,nonidentical_remention,person_name_to_pronoun,natural_distance_pair:0090,20_39,21,2.1542091369628906,2.258859157562256,0.10465002059936523,1,1,False,False
D_C_43022,chck_100M,natural_mention:nr:00115,nonidentical_remention,person_name_to_pronoun,natural_distance_pair:0109,05_09,8,0.3802393972873688,0.35023078322410583,-0.03000861406326294,1,1,False,False
D_C_43022,chck_100M,natural_mention:nr:00116,nonidentical_remention,person_name_to_pronoun,natural_distance_pair:0094,10_19,15,1.8866958618164062,0.07593037933111191,-1.8107654824852943,1,1,False,False
D_C_43022,chck_100M,natural_mention:nr:00117,nonidentical_remention,person_name_to_pronoun,natural_distance_pair:0116,05_09,6,2.24438214302063,2.054922103881836,-0.18946003913879395,1,1,False,False
D_C_43022,chck_100M,natural_mention:nr:00118,nonidentical_remention,full_name_to_acronym,natural_distance_pair:0019,20_39,33,6.977367877960205,7.319578647613525,0.3422107696533203,3,3,False,False
D_C_43022,chck_100M,natural_mention:nr:00119,nonidentical_remention,person_name_to_pronoun,natural_distance_pair:0105,05_09,9,0.3472575545310974,0.3075867295265198,-0.03967082500457764,1,1,False,False
D_C_43022,chck_100M,natural_mention:nr:00120,nonidentical_remention,person_name_to_pronoun,natural_distance_pair:0115,05_09,6,0.23372116684913635,0.2367338240146637,0.0030126571655273438,1,1,False,False
D_C_43022,chck_100M,natural_mention:nr:00121,nonidentical_remention,full_name_to_acronym,natural_distance_pair:0061,00_04,2,4.20100736618042,4.476413249969482,0.2754058837890625,4,4,False,False
D_C_43022,chck_100M,natural_mention:nr:00122,nonidentical_remention,explicit_appositive_description,natural_distance_pair:0082,00_04,0,3.858696460723877,3.9810869693756104,0.1223905086517334,1,1,False,False
D_C_43022,chck_100M,natural_mention:nr:00123,nonidentical_remention,full_name_to_acronym,natural_distance_pair:0017,20_39,36,2.186292886734009,2.4100916385650635,0.2237987518310547,3,3,False,False
D_C_43022,chck_100M,natural_mention:nr:00124,nonidentical_remention,full_name_to_surname_or_final_token,natural_distance_pair:0034,20_39,20,5.547842025756836,10.370973587036133,4.823131561279297,2,2,False,False
D_C_43022,chck_100M,natural_mention:nr:00125,nonidentical_remention,explicit_appositive_description,natural_distance_pair:0077,00_04,0,6.7273945808410645,6.860389709472656,0.1329951286315918,3,3,False,False
D_C_43022,chck_100M,natural_mention:nr:00126,nonidentical_remention,full_name_to_acronym,natural_distance_pair:0031,20_39,22,8.067575454711914,8.19973373413086,0.1321582794189453,2,2,False,False
D_C_43022,chck_100M,natural_mention:nr:00127,nonidentical_remention,person_name_to_pronoun,natural_distance_pair:0106,05_09,8,0.02007640153169632,0.09749151766300201,0.0774151161313057,1,1,False,False
D_C_43022,chck_100M,natural_mention:nr:00128,nonidentical_remention,full_name_to_surname_or_final_token,natural_distance_pair:0038,10_19,16,3.0803751945495605,7.520383358001709,4.440008163452148,2,2,False,False
D_C_43022,chck_100M,natural_mention:vr:00129,verbatim_remention,exact_named_entity,natural_distance_pair:0082,00_04,4,8.355003356933594,8.36423397064209,0.009230613708496094,2,2,False,False
D_C_43022,chck_100M,natural_mention:vr:00130,verbatim_remention,exact_named_entity,natural_distance_pair:0041,10_19,15,0.07740885764360428,9.719620704650879,9.642211847007275,3,3,False,False
D_C_43022,chck_100M,natural_mention:vr:00131,verbatim_remention,exact_named_entity,natural_distance_pair:0046,10_19,13,0.5199591517448425,8.175878524780273,7.655919373035431,5,5,False,False
D_C_43022,chck_100M,natural_mention:vr:00132,verbatim_remention,exact_named_entity,natural_distance_pair:0080,00_04,3,5.954260349273682,5.865992069244385,-0.08826828002929688,3,3,False,False
D_C_43022,chck_100M,natural_mention:vr:00133,verbatim_remention,exact_named_entity,natural_distance_pair:0035,10_19,19,8.184016227722168,8.426618576049805,0.24260234832763672,1,1,False,False
D_C_43022,chck_100M,natural_mention:vr:00134,verbatim_remention,exact_named_entity,natural_distance_pair:0081,00_04,4,0.438330739736557,0.6157300472259521,0.17739930748939514,1,1,False,False
D_C_43022,chck_100M,natural_mention:vr:00135,verbatim_remention,exact_named_entity,natural_distance_pair:0026,20_39,28,0.3123897910118103,1.5607600212097168,1.2483702301979065,2,2,False,False
D_C_43022,chck_100M,natural_mention:vr:00136,verbatim_remention,exact_named_entity,natural_distance_pair:0006,40_79,54,10.102737426757812,10.30783462524414,0.20509719848632812,2,2,False,False
D_C_43022,chck_100M,natural_mention:vr:00137,verbatim_remention,exact_named_entity,natural_distance_pair:0100,10_19,12,2.900578498840332,3.8682196140289307,0.9676411151885986,2,2,False,False
D_C_43022,chck_100M,natural_mention:vr:00138,verbatim_remention,exact_named_entity,natural_distance_pair:0111,05_09,8,0.25380051136016846,1.5860719680786133,1.3322714567184448,3,3,False,False
D_C_43022,chck_100M,natural_mention:vr:00139,verbatim_remention,exact_named_entity,natural_distance_pair:0015,20_39,38,0.12481064349412918,3.913151979446411,3.788341335952282,3,3,False,False
D_C_43022,chck_100M,natural_mention:vr:00140,verbatim_remention,exact_named_entity,natural_distance_pair:0091,10_19,18,9.218684196472168,11.359663963317871,2.140979766845703,4,4,False,False
D_C_43022,chck_100M,natural_mention:vr:00141,verbatim_remention,exact_named_entity,natural_distance_pair:0022,20_39,31,0.26455819606781006,2.0181403160095215,1.7535821199417114,1,1,False,False
D_C_43022,chck_100M,natural_mention:vr:00142,verbatim_remention,exact_named_entity,natural_distance_pair:0052,10_19,10,0.4682135581970215,0.5781570076942444,0.1099434494972229,3,3,False,False
D_C_43022,chck_100M,natural_mention:vr:00143,verbatim_remention,exact_named_entity,natural_distance_pair:0062,00_04,3,6.100794792175293,9.142784118652344,3.041989326477051,1,1,False,False
D_C_43022,chck_100M,natural_mention:vr:00144,verbatim_remention,exact_named_entity,natural_distance_pair:0002,40_79,62,6.790471076965332,7.7397074699401855,0.9492363929748535,1,1,False,False
D_C_43022,chck_100M,natural_mention:vr:00145,verbatim_remention,exact_named_entity,natural_distance_pair:0031,20_39,22,9.089493751525879,9.190845489501953,0.10135173797607422,1,1,False,False
D_C_43022,chck_100M,natural_mention:vr:00146,verbatim_remention,exact_named_entity,natural_distance_pair:0047,10_19,12,0.9817264080047607,8.142118453979492,7.1603920459747314,2,2,False,False
D_C_43022,chck_100M,natural_mention:vr:00147,verbatim_remention,exact_named_entity,natural_distance_pair:0112,05_09,7,3.8990566730499268,6.092954158782959,2.1938974857330322,1,1,False,False
D_C_43022,chck_100M,natural_mention:vr:00148,verbatim_remention,exact_named_entity,natural_distance_pair:0109,05_09,8,3.8952128887176514,5.878655910491943,1.983443021774292,3,3,False,False
D_C_43022,chck_100M,natural_mention:vr:00149,verbatim_remention,exact_named_entity,natural_distance_pair:0098,10_19,12,2.9400360584259033,3.6028664112091064,0.6628303527832031,3,3,False,False
D_C_43022,chck_100M,natural_mention:vr:00150,verbatim_remention,exact_named_entity,natural_distance_pair:0117,05_09,5,2.0889618396759033,1.3725355863571167,-0.7164262533187866,3,3,False,False
D_C_43022,chck_100M,natural_mention:vr:00151,verbatim_remention,exact_named_entity,natural_distance_pair:0005,40_79,54,12.022187232971191,12.296866416931152,0.27467918395996094,1,1,False,False
D_C_43022,chck_100M,natural_mention:vr:00152,verbatim_remention,exact_named_entity,natural_distance_pair:0014,40_79,42,3.544956684112549,9.401877403259277,5.8569207191467285,2,2,False,False
D_C_43022,chck_100M,natural_mention:vr:00153,verbatim_remention,exact_named_entity,natural_distance_pair:0102,10_19,10,4.330687046051025,8.42959213256836,4.098905086517334,2,2,False,False
D_C_43022,chck_100M,natural_mention:vr:00154,verbatim_remention,indefinite_to_definite_nominal,natural_distance_pair:0084,00_04,3,1.75962495803833,3.9164557456970215,2.1568307876586914,1,1,False,False
D_C_43022,chck_100M,natural_mention:vr:00155,verbatim_remention,exact_named_entity,natural_distance_pair:0108,05_09,8,0.8551361560821533,6.049424171447754,5.194288015365601,1,1,False,False
D_C_43022,chck_100M,natural_mention:vr:00156,verbatim_remention,exact_named_entity,natural_distance_pair:0011,40_79,48,0.5361905694007874,0.6740922331809998,0.1379016637802124,1,1,False,False
D_C_43022,chck_100M,natural_mention:vr:00157,verbatim_remention,exact_named_entity,natural_distance_pair:0105,05_09,9,1.9126042127609253,4.852504730224609,2.939900517463684,2,2,False,False
D_C_43022,chck_100M,natural_mention:vr:00158,verbatim_remention,exact_named_entity,natural_distance_pair:0066,00_04,4,0.6380898952484131,6.269651889801025,5.631561994552612,2,2,False,False
D_C_43022,chck_100M,natural_mention:vr:00159,verbatim_remention,exact_named_entity,natural_distance_pair:0090,20_39,21,13.62593936920166,13.59042739868164,-0.03551197052001953,1,1,False,False
D_C_43022,chck_100M,natural_mention:vr:00160,verbatim_remention,exact_named_entity,natural_distance_pair:0121,10_19,12,0.34408921003341675,8.479545593261719,8.135456383228302,1,1,False,False
D_C_43022,chck_100M,natural_mention:vr:00161,verbatim_remention,indefinite_to_definite_nominal,natural_distance_pair:0074,00_04,4,9.336459159851074,9.611018180847168,0.27455902099609375,1,1,False,False
D_C_43022,chck_100M,natural_mention:vr:00162,verbatim_remention,exact_named_entity,natural_distance_pair:0036,10_19,18,0.3796088397502899,5.5918684005737305,5.2122595608234406,1,1,False,False
D_C_43022,chck_100M,natural_mention:vr:00163,verbatim_remention,exact_named_entity,natural_distance_pair:0029,20_39,26,7.484254837036133,8.134503364562988,0.6502485275268555,2,2,False,False
D_C_43022,chck_100M,natural_mention:vr:00164,verbatim_remention,exact_named_entity,natural_distance_pair:0057,00_04,4,5.3796467781066895,6.840671539306641,1.4610247611999512,1,1,False,False
D_C_43022,chck_100M,natural_mention:vr:00165,verbatim_remention,exact_named_entity,natural_distance_pair:0107,05_09,8,2.286802053451538,4.093823432922363,1.8070213794708252,1,1,False,False
D_C_43022,chck_100M,natural_mention:vr:00166,verbatim_remention,exact_named_entity,natural_distance_pair:0101,10_19,11,8.856181144714355,9.408258438110352,0.5520772933959961,1,1,False,False
D_C_43022,chck_100M,natural_mention:vr:00167,verbatim_remention,exact_named_entity,natural_distance_pair:0037,10_19,17,4.4454145431518555,10.361248016357422,5.915833473205566,3,3,False,False
D_C_43022,chck_100M,natural_mention:vr:00168,verbatim_remention,exact_named_entity,natural_distance_pair:0092,10_19,17,4.433084487915039,4.6878814697265625,0.25479698181152344,2,2,False,False
D_C_43022,chck_100M,natural_mention:vr:00169,verbatim_remention,exact_named_entity,natural_distance_pair:0104,05_09,9,4.2258992195129395,8.832893371582031,4.606994152069092,2,2,False,False
D_C_43022,chck_100M,natural_mention:vr:00170,verbatim_remention,exact_named_entity,natural_distance_pair:0012,40_79,48,4.180971145629883,8.581442832946777,4.4004716873168945,1,1,False,False
D_C_43022,chck_100M,natural_mention:vr:00171,verbatim_remention,exact_named_entity,natural_distance_pair:0038,10_19,16,6.768338680267334,7.086527347564697,0.3181886672973633,3,3,False,False
D_C_43022,chck_100M,natural_mention:vr:00172,verbatim_remention,exact_named_entity,natural_distance_pair:0053,10_19,10,3.6582226753234863,3.5646111965179443,-0.09361147880554199,1,1,False,False
D_C_43022,chck_100M,natural_mention:vr:00173,verbatim_remention,indefinite_to_definite_nominal,natural_distance_pair:0085,00_04,4,5.533916473388672,8.255578994750977,2.7216625213623047,2,2,False,False
D_C_43022,chck_100M,natural_mention:vr:00174,verbatim_remention,exact_named_entity,natural_distance_pair:0125,05_09,9,0.21052014827728271,3.517228603363037,3.3067084550857544,4,4,False,False
D_C_43022,chck_100M,natural_mention:vr:00175,verbatim_remention,exact_named_entity,natural_distance_pair:0063,00_04,3,8.72596263885498,8.89234733581543,0.16638469696044922,1,1,False,False
D_C_43022,chck_100M,natural_mention:vr:00176,verbatim_remention,exact_named_entity,natural_distance_pair:0118,10_19,19,5.063871383666992,9.704248428344727,4.640377044677734,2,2,False,False
D_C_43022,chck_100M,natural_mention:vr:00177,verbatim_remention,exact_named_entity,natural_distance_pair:0059,00_04,4,7.205118656158447,10.941125869750977,3.7360072135925293,2,2,False,False
D_C_43022,chck_100M,natural_mention:vr:00178,verbatim_remention,exact_named_entity,natural_distance_pair:0040,10_19,15,2.545567274093628,7.487120151519775,4.9415528774261475,2,2,False,False
D_C_43022,chck_100M,natural_mention:vr:00179,verbatim_remention,exact_named_entity,natural_distance_pair:0094,10_19,15,0.8213874101638794,2.7442233562469482,1.9228359460830688,1,1,False,False
D_C_43022,chck_100M,natural_mention:vr:00180,verbatim_remention,exact_named_entity,natural_distance_pair:0048,10_19,12,8.31010913848877,8.333487510681152,0.023378372192382812,1,1,False,False
D_C_43022,chck_100M,natural_mention:vr:00181,verbatim_remention,exact_named_entity,natural_distance_pair:0058,00_04,4,3.229600191116333,8.342829704284668,5.113229513168335,1,1,False,False
D_C_43022,chck_100M,natural_mention:vr:00182,verbatim_remention,exact_named_entity,natural_distance_pair:0033,20_39,20,8.144256591796875,12.112019538879395,3.9677629470825195,1,1,False,False
D_C_43022,chck_100M,natural_mention:vr:00183,verbatim_remention,exact_named_entity,natural_distance_pair:0079,00_04,4,10.799617767333984,9.084729194641113,-1.714888572692871,4,4,False,False
D_C_43022,chck_100M,natural_mention:vr:00184,verbatim_remention,exact_named_entity,natural_distance_pair:0054,05_09,9,3.8763928413391113,9.934247016906738,6.057854175567627,1,1,False,False
D_C_43022,chck_100M,natural_mention:vr:00185,verbatim_remention,exact_named_entity,natural_distance_pair:0078,00_04,3,0.3295287787914276,0.22084099054336548,-0.10868778824806213,3,3,False,False
D_C_43022,chck_100M,natural_mention:vr:00186,verbatim_remention,exact_named_entity,natural_distance_pair:0030,20_39,23,16.841476440429688,16.843992233276367,0.0025157928466796875,1,1,False,False
D_C_43022,chck_100M,natural_mention:vr:00187,verbatim_remention,exact_named_entity,natural_distance_pair:0126,05_09,7,0.7216600179672241,7.071642875671387,6.349982857704163,5,5,False,False
D_C_43022,chck_100M,natural_mention:vr:00188,verbatim_remention,exact_named_entity,natural_distance_pair:0027,20_39,28,5.089380741119385,6.480162620544434,1.3907818794250488,1,1,False,False
D_C_43022,chck_100M,natural_mention:vr:00189,verbatim_remention,exact_named_entity,natural_distance_pair:0069,00_04,4,0.05491136014461517,0.06723389029502869,0.012322530150413513,2,2,False,False
D_C_43022,chck_100M,natural_mention:vr:00190,verbatim_remention,exact_named_entity,natural_distance_pair:0051,10_19,11,0.5504046082496643,0.27676698565483093,-0.2736376225948334,3,3,False,False
D_C_43022,chck_100M,natural_mention:vr:00191,verbatim_remention,exact_named_entity,natural_distance_pair:0042,10_19,14,5.019128799438477,6.568858623504639,1.549729824066162,3,3,False,False
D_C_43022,chck_100M,natural_mention:vr:00192,verbatim_remention,exact_named_entity,natural_distance_pair:0072,00_04,3,4.297252178192139,5.418386936187744,1.1211347579956055,3,3,False,False
D_C_43022,chck_100M,natural_mention:vr:00193,verbatim_remention,exact_named_entity,natural_distance_pair:0021,20_39,31,2.0832362174987793,2.755892515182495,0.6726562976837158,6,6,False,False
D_C_43022,chck_100M,natural_mention:vr:00194,verbatim_remention,exact_named_entity,natural_distance_pair:0068,00_04,3,13.134331703186035,12.833640098571777,-0.3006916046142578,2,2,False,False
D_C_43022,chck_100M,natural_mention:vr:00195,verbatim_remention,exact_named_entity,natural_distance_pair:0028,20_39,27,0.05901104956865311,5.012049198150635,4.953038148581982,1,1,False,False
D_C_43022,chck_100M,natural_mention:vr:00196,verbatim_remention,exact_named_entity,natural_distance_pair:0124,05_09,9,2.8399791717529297,4.283812522888184,1.443833351135254,3,3,False,False
D_C_43022,chck_100M,natural_mention:vr:00197,verbatim_remention,exact_named_entity,natural_distance_pair:0060,00_04,4,0.3360321819782257,0.346362441778183,0.010330259799957275,3,3,False,False
D_C_43022,chck_100M,natural_mention:vr:00198,verbatim_remention,exact_named_entity,natural_distance_pair:0049,10_19,12,8.406768798828125,8.2692232131958,-0.13754558563232422,2,2,False,False
D_C_43022,chck_100M,natural_mention:vr:00199,verbatim_remention,exact_named_entity,natural_distance_pair:0045,10_19,13,0.2963244318962097,0.4350913465023041,0.13876691460609436,4,4,False,False
D_C_43022,chck_100M,natural_mention:vr:00200,verbatim_remention,exact_named_entity,natural_distance_pair:0017,20_39,35,6.231903076171875,6.567643165588379,0.3357400894165039,5,5,False,False
D_C_43022,chck_100M,natural_mention:vr:00201,verbatim_remention,exact_named_entity,natural_distance_pair:0010,40_79,48,0.05529646575450897,6.895167827606201,6.839871361851692,1,1,False,False
D_C_43022,chck_100M,natural_mention:vr:00202,verbatim_remention,exact_named_entity,natural_distance_pair:0023,20_39,30,9.887348175048828,10.15324592590332,0.2658977508544922,3,3,False,False
D_C_43022,chck_100M,natural_mention:vr:00203,verbatim_remention,exact_named_entity,natural_distance_pair:0075,00_04,4,5.105365753173828,8.118067741394043,3.012701988220215,5,5,False,False
D_C_43022,chck_100M,natural_mention:vr:00204,verbatim_remention,exact_named_entity,natural_distance_pair:0087,20_39,33,8.250879287719727,12.305153846740723,4.054274559020996,1,1,False,False
D_C_43022,chck_100M,natural_mention:vr:00205,verbatim_remention,exact_named_entity,natural_distance_pair:0025,20_39,28,12.096426010131836,12.22799301147461,0.13156700134277344,2,2,False,False
D_C_43022,chck_100M,natural_mention:vr:00206,verbatim_remention,exact_named_entity,natural_distance_pair:0115,05_09,6,1.6148754358291626,4.39185905456543,2.776983618736267,4,4,False,False
D_C_43022,chck_100M,natural_mention:vr:00207,verbatim_remention,exact_named_entity,natural_distance_pair:0065,00_04,3,4.978667736053467,5.655031204223633,0.676363468170166,1,1,False,False
D_C_43022,chck_100M,natural_mention:vr:00208,verbatim_remention,exact_named_entity,natural_distance_pair:0113,05_09,7,4.579341888427734,5.323542594909668,0.7442007064819336,1,1,False,False
D_C_43022,chck_100M,natural_mention:vr:00209,verbatim_remention,exact_named_entity,natural_distance_pair:0119,10_19,16,3.163364887237549,2.9169819355010986,-0.2463829517364502,1,1,False,False
D_C_43022,chck_100M,natural_mention:vr:00210,verbatim_remention,exact_named_entity,natural_distance_pair:0056,05_09,6,0.024157237261533737,0.4414268434047699,0.41726960614323616,2,2,False,False
D_C_43022,chck_100M,natural_mention:vr:00211,verbatim_remention,exact_named_entity,natural_distance_pair:0016,20_39,37,0.0776081308722496,11.678138732910156,11.600530602037907,3,3,False,False
D_C_43022,chck_100M,natural_mention:vr:00212,verbatim_remention,exact_named_entity,natural_distance_pair:0013,40_79,44,0.04164216294884682,12.595755577087402,12.554113414138556,3,3,False,False
D_C_43022,chck_100M,natural_mention:vr:00213,verbatim_remention,exact_named_entity,natural_distance_pair:0050,10_19,11,9.400979995727539,11.18042278289795,1.7794427871704102,4,4,False,False
D_C_43022,chck_100M,natural_mention:vr:00214,verbatim_remention,exact_named_entity,natural_distance_pair:0043,10_19,14,1.040378212928772,4.905544281005859,3.8651660680770874,2,2,False,False
D_C_43022,chck_100M,natural_mention:vr:00215,verbatim_remention,exact_named_entity,natural_distance_pair:0020,20_39,31,0.09887735545635223,9.76565170288086,9.666774347424507,2,2,False,False
D_C_43022,chck_100M,natural_mention:vr:00216,verbatim_remention,exact_named_entity,natural_distance_pair:0007,40_79,52,7.431520938873291,10.709113121032715,3.277592182159424,1,1,False,False
D_C_43022,chck_100M,natural_mention:vr:00217,verbatim_remention,exact_named_entity,natural_distance_pair:0088,20_39,21,4.2430877685546875,3.05819034576416,-1.1848974227905273,1,1,False,False
D_C_43022,chck_100M,natural_mention:vr:00218,verbatim_remention,exact_named_entity,natural_distance_pair:0083,00_04,4,1.9596835374832153,11.733445167541504,9.773761630058289,2,2,False,False
D_C_43022,chck_100M,natural_mention:vr:00219,verbatim_remention,exact_named_entity,natural_distance_pair:0096,10_19,14,9.2218599319458,9.521707534790039,0.2998476028442383,3,3,False,False
D_C_43022,chck_100M,natural_mention:vr:00220,verbatim_remention,exact_named_entity,natural_distance_pair:0044,10_19,13,2.2488672733306885,2.8662819862365723,0.6174147129058838,1,1,False,False
D_C_43022,chck_100M,natural_mention:vr:00221,verbatim_remention,exact_named_entity,natural_distance_pair:0000,40_79,71,0.2175796777009964,8.62143325805664,8.403853580355644,2,2,False,False
D_C_43022,chck_100M,natural_mention:vr:00222,verbatim_remention,exact_named_entity,natural_distance_pair:0064,00_04,4,2.4548587799072266,4.182488918304443,1.7276301383972168,1,1,False,False
D_C_43022,chck_100M,natural_mention:vr:00223,verbatim_remention,exact_named_entity,natural_distance_pair:0093,10_19,16,0.08078046888113022,0.04069139435887337,-0.04008907452225685,3,3,False,False
D_C_43022,chck_100M,natural_mention:vr:00224,verbatim_remention,exact_named_entity,natural_distance_pair:0018,20_39,36,16.566286087036133,17.098957061767578,0.5326709747314453,1,1,False,False
D_C_43022,chck_100M,natural_mention:vr:00225,verbatim_remention,exact_named_entity,natural_distance_pair:0114,05_09,7,7.114005088806152,7.052382469177246,-0.06162261962890625,1,1,False,False
D_C_43022,chck_100M,natural_mention:vr:00226,verbatim_remention,exact_named_entity,natural_distance_pair:0009,40_79,51,6.936636447906494,7.0174384117126465,0.08080196380615234,1,1,False,False
D_C_43022,chck_100M,natural_mention:vr:00227,verbatim_remention,exact_named_entity,natural_distance_pair:0120,10_19,15,0.31401386857032776,0.8956995010375977,0.5816856324672699,2,2,False,False
D_C_43022,chck_100M,natural_mention:vr:00228,verbatim_remention,exact_named_entity,natural_distance_pair:0024,20_39,29,6.2783098220825195,7.72878885269165,1.4504790306091309,4,4,False,False
D_C_43022,chck_100M,natural_mention:vr:00229,verbatim_remention,exact_named_entity,natural_distance_pair:0128,05_09,6,8.945725440979004,9.194994926452637,0.2492694854736328,1,1,False,False
D_C_43022,chck_100M,natural_mention:vr:00230,verbatim_remention,exact_named_entity,natural_distance_pair:0055,05_09,7,0.41295501589775085,6.630398750305176,6.217443734407425,2,2,False,False
D_C_43022,chck_100M,natural_mention:vr:00231,verbatim_remention,indefinite_to_definite_nominal,natural_distance_pair:0086,00_04,4,5.1367340087890625,5.839190483093262,0.7024564743041992,1,1,False,False
D_C_43022,chck_100M,natural_mention:vr:00232,verbatim_remention,exact_named_entity,natural_distance_pair:0089,20_39,21,0.14229124784469604,3.1948280334472656,3.0525367856025696,1,1,False,False
D_C_43022,chck_100M,natural_mention:vr:00233,verbatim_remention,exact_named_entity,natural_distance_pair:0032,20_39,21,2.9700839519500732,3.969646453857422,0.9995625019073486,3,3,False,False
D_C_43022,chck_100M,natural_mention:vr:00234,verbatim_remention,exact_named_entity,natural_distance_pair:0019,20_39,33,0.4254882037639618,9.916263580322266,9.490775376558304,1,1,False,False
D_C_43022,chck_100M,natural_mention:vr:00235,verbatim_remention,exact_named_entity,natural_distance_pair:0116,05_09,6,0.45110973715782166,1.8620411157608032,1.4109313786029816,1,1,False,False
D_C_43022,chck_100M,natural_mention:vr:00236,verbatim_remention,exact_named_entity,natural_distance_pair:0067,00_04,4,3.6296684741973877,3.986537218093872,0.3568687438964844,6,6,False,False
D_C_43022,chck_100M,natural_mention:vr:00237,verbatim_remention,exact_named_entity,natural_distance_pair:0122,10_19,10,3.6718626022338867,7.024086952209473,3.352224349975586,1,1,False,False
D_C_43022,chck_100M,natural_mention:vr:00238,verbatim_remention,exact_named_entity,natural_distance_pair:0003,40_79,56,1.8249248266220093,4.10609245300293,2.2811676263809204,1,1,False,False
D_C_43022,chck_100M,natural_mention:vr:00239,verbatim_remention,exact_named_entity,natural_distance_pair:0077,00_04,3,11.574841499328613,11.395578384399414,-0.17926311492919922,2,2,False,False
D_C_43022,chck_100M,natural_mention:vr:00240,verbatim_remention,exact_named_entity,natural_distance_pair:0106,05_09,8,3.575777769088745,5.156649112701416,1.580871343612671,6,6,False,False
D_C_43022,chck_100M,natural_mention:vr:00241,verbatim_remention,exact_named_entity,natural_distance_pair:0039,10_19,16,1.043480634689331,2.2746834754943848,1.2312028408050537,1,1,False,False
D_C_43022,chck_100M,natural_mention:vr:00242,verbatim_remention,exact_named_entity,natural_distance_pair:0099,10_19,12,14.957680702209473,15.87902545928955,0.9213447570800781,1,1,False,False
D_C_43022,chck_100M,natural_mention:vr:00243,verbatim_remention,exact_named_entity,natural_distance_pair:0110,05_09,8,0.5981214046478271,8.238082885742188,7.63996148109436,1,1,False,False
D_C_43022,chck_100M,natural_mention:vr:00244,verbatim_remention,exact_named_entity,natural_distance_pair:0070,00_04,3,3.8815622329711914,4.52924919128418,0.6476869583129883,2,2,False,False
D_C_43022,chck_100M,natural_mention:vr:00245,verbatim_remention,exact_named_entity,natural_distance_pair:0008,40_79,52,0.04155099764466286,7.309731960296631,7.268180962651968,3,3,False,False
D_C_43022,chck_100M,natural_mention:vr:00246,verbatim_remention,exact_named_entity,natural_distance_pair:0097,10_19,13,0.029820770025253296,8.221920013427734,8.192099243402481,1,1,False,False
D_C_43022,chck_100M,natural_mention:vr:00247,verbatim_remention,exact_named_entity,natural_distance_pair:0061,00_04,3,11.799249649047852,10.506832122802734,-1.2924175262451172,1,1,False,False
D_C_43022,chck_100M,natural_mention:vr:00248,verbatim_remention,exact_named_entity,natural_distance_pair:0103,10_19,10,8.942216873168945,9.49776840209961,0.5555515289306641,1,1,False,False
D_C_43022,chck_100M,natural_mention:vr:00249,verbatim_remention,exact_named_entity,natural_distance_pair:0073,00_04,4,1.6702390909194946,2.4078621864318848,0.7376230955123901,1,1,False,False
D_C_43022,chck_100M,natural_mention:vr:00250,verbatim_remention,exact_named_entity,natural_distance_pair:0095,10_19,15,0.6668485403060913,5.768975257873535,5.102126717567444,1,1,False,False
D_C_43022,chck_100M,natural_mention:vr:00251,verbatim_remention,exact_named_entity,natural_distance_pair:0071,00_04,4,2.5063695907592773,8.7756929397583,6.269323348999023,4,4,False,False
D_C_43022,chck_100M,natural_mention:vr:00252,verbatim_remention,exact_named_entity,natural_distance_pair:0004,40_79,58,6.269817352294922,10.421503067016602,4.15168571472168,1,1,False,False
D_C_43022,chck_100M,natural_mention:vr:00253,verbatim_remention,exact_named_entity,natural_distance_pair:0127,05_09,7,1.7777090072631836,7.387510776519775,5.609801769256592,1,1,False,False
D_C_43022,chck_100M,natural_mention:vr:00254,verbatim_remention,exact_named_entity,natural_distance_pair:0123,10_19,10,0.12339700013399124,0.3389582931995392,0.21556129306554794,1,1,False,False
D_C_43022,chck_100M,natural_mention:vr:00255,verbatim_remention,exact_named_entity,natural_distance_pair:0034,20_39,20,8.462276458740234,11.344829559326172,2.8825531005859375,2,2,False,False
D_C_43022,chck_100M,natural_mention:vr:00256,verbatim_remention,exact_named_entity,natural_distance_pair:0076,00_04,3,1.8623658418655396,5.704826831817627,3.8424609899520874,1,1,False,False
D_C_43022,chck_100M,natural_mention:vr:00257,verbatim_remention,exact_named_entity,natural_distance_pair:0001,40_79,61,13.044546127319336,13.238371849060059,0.19382572174072266,1,1,False,False
D_C_43122,chck_80M,natural_mention:nr:00000,nonidentical_remention,full_name_to_acronym,natural_distance_pair:0045,10_19,13,3.446866512298584,3.6810786724090576,0.23421216011047363,1,1,False,False
D_C_43122,chck_80M,natural_mention:nr:00001,nonidentical_remention,full_name_to_acronym,natural_distance_pair:0060,00_04,4,5.09799337387085,5.2612810134887695,0.16328763961791992,4,4,False,False
D_C_43122,chck_80M,natural_mention:nr:00002,nonidentical_remention,nonperson_name_to_pronoun,natural_distance_pair:0123,10_19,10,3.451483726501465,3.2193565368652344,-0.23212718963623047,1,1,False,False
D_C_43122,chck_80M,natural_mention:nr:00003,nonidentical_remention,explicit_appositive_description,natural_distance_pair:0084,00_04,0,5.255876541137695,5.4069108963012695,0.15103435516357422,1,1,False,False
D_C_43122,chck_80M,natural_mention:nr:00004,nonidentical_remention,full_name_to_acronym,natural_distance_pair:0046,10_19,13,8.078716278076172,8.06618881225586,-0.0125274658203125,2,2,False,False
D_C_43122,chck_80M,natural_mention:nr:00005,nonidentical_remention,full_name_to_acronym,natural_distance_pair:0056,05_09,6,11.565353393554688,11.816768646240234,0.2514152526855469,1,1,False,False
D_C_43122,chck_80M,natural_mention:nr:00006,nonidentical_remention,explicit_appositive_description,natural_distance_pair:0074,00_04,0,5.515742301940918,4.718414306640625,-0.797327995300293,1,1,False,False
D_C_43122,chck_80M,natural_mention:nr:00007,nonidentical_remention,person_name_to_pronoun,natural_distance_pair:0089,20_39,21,0.7955032587051392,0.26039525866508484,-0.5351080000400543,1,1,False,False
D_C_43122,chck_80M,natural_mention:nr:00008,nonidentical_remention,nonperson_name_to_pronoun,natural_distance_pair:0119,10_19,16,6.866499900817871,6.583290100097656,-0.28320980072021484,1,1,False,False
D_C_43122,chck_80M,natural_mention:nr:00009,nonidentical_remention,full_name_to_surname_or_final_token,natural_distance_pair:0027,20_39,28,0.037844862788915634,0.6981276869773865,0.6602828241884708,3,3,False,False
D_C_43122,chck_80M,natural_mention:nr:00010,nonidentical_remention,full_name_to_surname_or_final_token,natural_distance_pair:0049,10_19,12,0.05185999348759651,0.04372173547744751,-0.008138258010149002,3,3,False,False
D_C_43122,chck_80M,natural_mention:nr:00011,nonidentical_remention,full_name_to_surname_or_final_token,natural_distance_pair:0001,40_79,65,0.28497692942619324,7.301692962646484,7.016716033220291,3,3,False,False
D_C_43122,chck_80M,natural_mention:nr:00012,nonidentical_remention,nonperson_name_to_pronoun,natural_distance_pair:0128,05_09,6,0.42320334911346436,0.5408259630203247,0.11762261390686035,1,1,False,False
D_C_43122,chck_80M,natural_mention:nr:00013,nonidentical_remention,full_name_to_surname_or_final_token,natural_distance_pair:0053,10_19,10,0.7719843983650208,7.032279968261719,6.260295569896698,3,3,False,False
D_C_43122,chck_80M,natural_mention:nr:00014,nonidentical_remention,full_name_to_acronym,natural_distance_pair:0022,20_39,31,4.8703155517578125,4.898221015930176,0.02790546417236328,4,4,False,False
D_C_43122,chck_80M,natural_mention:nr:00015,nonidentical_remention,full_name_to_surname_or_final_token,natural_distance_pair:0026,20_39,28,8.79156494140625,8.952547073364258,0.1609821319580078,2,2,False,False
D_C_43122,chck_80M,natural_mention:nr:00016,nonidentical_remention,person_name_to_pronoun,natural_distance_pair:0097,10_19,13,3.121460199356079,2.0376341342926025,-1.0838260650634766,1,1,False,False
D_C_43122,chck_80M,natural_mention:nr:00017,nonidentical_remention,full_name_to_surname_or_final_token,natural_distance_pair:0043,10_19,14,10.916631698608398,12.294846534729004,1.3782148361206055,2,2,False,False
D_C_43122,chck_80M,natural_mention:nr:00018,nonidentical_remention,explicit_appositive_description,natural_distance_pair:0070,00_04,0,4.763204574584961,4.899476528167725,0.13627195358276367,2,2,False,False
D_C_43122,chck_80M,natural_mention:nr:00019,nonidentical_remention,person_name_to_pronoun,natural_distance_pair:0117,05_09,5,1.1825679540634155,1.1166791915893555,-0.06588876247406006,1,1,False,False
D_C_43122,chck_80M,natural_mention:nr:00020,nonidentical_remention,full_name_to_acronym,natural_distance_pair:0035,10_19,19,8.836313247680664,8.604618072509766,-0.23169517517089844,2,2,False,False
D_C_43122,chck_80M,natural_mention:nr:00021,nonidentical_remention,full_name_to_surname_or_final_token,natural_distance_pair:0009,40_79,52,5.048213958740234,7.866274833679199,2.818060874938965,2,2,False,False
D_C_43122,chck_80M,natural_mention:nr:00022,nonidentical_remention,full_name_to_surname_or_final_token,natural_distance_pair:0058,00_04,4,0.2707301080226898,1.651191234588623,1.3804611265659332,3,3,False,False
D_C_43122,chck_80M,natural_mention:nr:00023,nonidentical_remention,person_name_to_pronoun,natural_distance_pair:0112,05_09,7,0.012457416392862797,0.010076958686113358,-0.0023804577067494392,1,1,False,False
D_C_43122,chck_80M,natural_mention:nr:00024,nonidentical_remention,nonperson_name_to_pronoun,natural_distance_pair:0122,10_19,10,0.21257025003433228,0.31077778339385986,0.09820753335952759,1,1,False,False
D_C_43122,chck_80M,natural_mention:nr:00025,nonidentical_remention,person_name_to_pronoun,natural_distance_pair:0100,10_19,12,0.47264793515205383,0.30241239070892334,-0.1702355444431305,1,1,False,False
D_C_43122,chck_80M,natural_mention:nr:00026,nonidentical_remention,full_name_to_acronym,natural_distance_pair:0008,40_79,52,10.259655952453613,10.447580337524414,0.18792438507080078,1,1,False,False
D_C_43122,chck_80M,natural_mention:nr:00027,nonidentical_remention,full_name_to_acronym,natural_distance_pair:0063,00_04,1,5.246681213378906,6.178886413574219,0.9322052001953125,3,3,False,False
D_C_43122,chck_80M,natural_mention:nr:00028,nonidentical_remention,full_name_to_surname_or_final_token,natural_distance_pair:0005,40_79,53,0.029926471412181854,11.815274238586426,11.785347767174244,2,2,False,False
D_C_43122,chck_80M,natural_mention:nr:00029,nonidentical_remention,explicit_appositive_description,natural_distance_pair:0079,00_04,0,7.517923831939697,7.775022029876709,0.2570981979370117,3,3,False,False
D_C_43122,chck_80M,natural_mention:nr:00030,nonidentical_remention,person_name_to_pronoun,natural_distance_pair:0099,10_19,12,0.1791907399892807,0.21383483707904816,0.034644097089767456,1,1,False,False
D_C_43122,chck_80M,natural_mention:nr:00031,nonidentical_remention,nonperson_name_to_pronoun,natural_distance_pair:0127,05_09,7,1.81005859375,1.9958263635635376,0.1857677698135376,1,1,False,False
D_C_43122,chck_80M,natural_mention:nr:00032,nonidentical_remention,full_name_to_acronym,natural_distance_pair:0044,10_19,13,8.80412483215332,8.583434104919434,-0.22069072723388672,3,3,False,False
D_C_43122,chck_80M,natural_mention:nr:00033,nonidentical_remention,full_name_to_acronym,natural_distance_pair:0051,10_19,11,6.705739974975586,6.255059242248535,-0.4506807327270508,2,2,False,False
D_C_43122,chck_80M,natural_mention:nr:00034,nonidentical_remention,full_name_to_surname_or_final_token,natural_distance_pair:0040,10_19,15,4.420780181884766,3.1866002082824707,-1.234179973602295,2,2,False,False
D_C_43122,chck_80M,natural_mention:nr:00035,nonidentical_remention,person_name_to_pronoun,natural_distance_pair:0110,05_09,8,0.5485853552818298,0.5683143734931946,0.019729018211364746,1,1,False,False
D_C_43122,chck_80M,natural_mention:nr:00036,nonidentical_remention,full_name_to_acronym,natural_distance_pair:0085,00_04,0,6.415772914886475,6.533985137939453,0.11821222305297852,2,2,False,False
D_C_43122,chck_80M,natural_mention:nr:00037,nonidentical_remention,person_name_to_pronoun,natural_distance_pair:0104,05_09,9,0.585421085357666,0.6117557287216187,0.026334643363952637,1,1,False,False
D_C_43122,chck_80M,natural_mention:nr:00038,nonidentical_remention,explicit_appositive_description,natural_distance_pair:0072,00_04,0,4.904974937438965,4.399307727813721,-0.5056672096252441,2,2,False,False
D_C_43122,chck_80M,natural_mention:nr:00039,nonidentical_remention,nonperson_name_to_pronoun,natural_distance_pair:0124,05_09,9,0.014083171263337135,0.02504527010023594,0.010962098836898804,1,1,False,False
D_C_43122,chck_80M,natural_mention:nr:00040,nonidentical_remention,person_name_to_pronoun,natural_distance_pair:0092,10_19,17,0.6033603549003601,0.6594743728637695,0.056114017963409424,1,1,False,False
D_C_43122,chck_80M,natural_mention:nr:00041,nonidentical_remention,full_name_to_surname_or_final_token,natural_distance_pair:0036,10_19,18,4.1558942794799805,11.753533363342285,7.597639083862305,2,2,False,False
D_C_43122,chck_80M,natural_mention:nr:00042,nonidentical_remention,nonperson_name_to_pronoun,natural_distance_pair:0121,10_19,12,0.28203892707824707,0.35841473937034607,0.076375812292099,1,1,False,False
D_C_43122,chck_80M,natural_mention:nr:00043,nonidentical_remention,full_name_to_acronym,natural_distance_pair:0057,00_04,4,3.855086088180542,1.230709195137024,-2.624376893043518,3,3,False,False
D_C_43122,chck_80M,natural_mention:nr:00044,nonidentical_remention,explicit_appositive_description,natural_distance_pair:0080,00_04,0,6.546125888824463,6.306778907775879,-0.23934698104858398,1,1,False,False
D_C_43122,chck_80M,natural_mention:nr:00045,nonidentical_remention,full_name_to_acronym,natural_distance_pair:0064,00_04,1,5.897620677947998,6.01677131652832,0.11915063858032227,2,2,False,False
D_C_43122,chck_80M,natural_mention:nr:00046,nonidentical_remention,full_name_to_surname_or_final_token,natural_distance_pair:0029,20_39,26,2.247669219970703,7.2459869384765625,4.998317718505859,3,3,False,False
D_C_43122,chck_80M,natural_mention:nr:00047,nonidentical_remention,full_name_to_surname_or_final_token,natural_distance_pair:0014,40_79,42,4.286002159118652,11.021537780761719,6.735535621643066,2,2,False,False
D_C_43122,chck_80M,natural_mention:nr:00048,nonidentical_remention,full_name_to_surname_or_final_token,natural_distance_pair:0010,40_79,48,9.157885551452637,10.947458267211914,1.7895727157592773,2,2,False,False
D_C_43122,chck_80M,natural_mention:nr:00049,nonidentical_remention,explicit_appositive_description,natural_distance_pair:0075,00_04,0,7.296306133270264,7.660945415496826,0.3646392822265625,7,7,False,False
D_C_43122,chck_80M,natural_mention:nr:00050,nonidentical_remention,full_name_to_acronym,natural_distance_pair:0081,00_04,0,5.679178237915039,5.723791122436523,0.044612884521484375,2,2,False,False
D_C_43122,chck_80M,natural_mention:nr:00051,nonidentical_remention,person_name_to_pronoun,natural_distance_pair:0096,10_19,14,0.40078291296958923,0.049865830689668655,-0.3509170822799206,1,1,False,False
D_C_43122,chck_80M,natural_mention:nr:00052,nonidentical_remention,full_name_to_acronym,natural_distance_pair:0062,00_04,2,6.772226333618164,6.834341049194336,0.062114715576171875,2,2,False,False
D_C_43122,chck_80M,natural_mention:nr:00053,nonidentical_remention,person_name_to_pronoun,natural_distance_pair:0107,05_09,8,0.07143273204565048,0.06929731369018555,-0.0021354183554649353,1,1,False,False
D_C_43122,chck_80M,natural_mention:nr:00054,nonidentical_remention,nonperson_name_to_pronoun,natural_distance_pair:0120,10_19,15,0.10932750254869461,0.13943347334861755,0.030105970799922943,1,1,False,False
D_C_43122,chck_80M,natural_mention:nr:00055,nonidentical_remention,full_name_to_acronym,natural_distance_pair:0071,00_04,0,4.638381481170654,4.72630500793457,0.08792352676391602,2,2,False,False
D_C_43122,chck_80M,natural_mention:nr:00056,nonidentical_remention,person_name_to_pronoun,natural_distance_pair:0093,10_19,16,0.4185118079185486,0.454928994178772,0.03641718626022339,1,1,False,False
D_C_43122,chck_80M,natural_mention:nr:00057,nonidentical_remention,person_name_to_pronoun,natural_distance_pair:0095,10_19,15,0.13950718939304352,0.11582481861114502,-0.0236823707818985,1,1,False,False
D_C_43122,chck_80M,natural_mention:nr:00058,nonidentical_remention,full_name_to_surname_or_final_token,natural_distance_pair:0028,20_39,27,1.4296449422836304,10.116556167602539,8.686911225318909,2,2,False,False
D_C_43122,chck_80M,natural_mention:nr:00059,nonidentical_remention,nonperson_name_to_pronoun,natural_distance_pair:0125,05_09,9,0.06025867909193039,0.05193128436803818,-0.008327394723892212,1,1,False,False
D_C_43122,chck_80M,natural_mention:nr:00060,nonidentical_remention,explicit_appositive_description,natural_distance_pair:0083,00_04,0,8.078286170959473,8.123818397521973,0.0455322265625,3,3,False,False
D_C_43122,chck_80M,natural_mention:nr:00061,nonidentical_remention,full_name_to_surname_or_final_token,natural_distance_pair:0011,40_79,48,8.472173690795898,9.510294914245605,1.038121223449707,1,1,False,False
D_C_43122,chck_80M,natural_mention:nr:00062,nonidentical_remention,full_name_to_surname_or_final_token,natural_distance_pair:0003,40_79,57,3.1432857513427734,8.364605903625488,5.221320152282715,5,5,False,False
D_C_43122,chck_80M,natural_mention:nr:00063,nonidentical_remention,full_name_to_acronym,natural_distance_pair:0066,00_04,0,6.772197723388672,6.216366767883301,-0.5558309555053711,2,2,False,False
D_C_43122,chck_80M,natural_mention:nr:00064,nonidentical_remention,full_name_to_surname_or_final_token,natural_distance_pair:0042,10_19,14,0.20666971802711487,8.711122512817383,8.504452794790268,2,2,False,False
D_C_43122,chck_80M,natural_mention:nr:00065,nonidentical_remention,full_name_to_acronym,natural_distance_pair:0065,00_04,1,7.479742050170898,6.9336957931518555,-0.546046257019043,2,2,False,False
D_C_43122,chck_80M,natural_mention:nr:00066,nonidentical_remention,explicit_appositive_description,natural_distance_pair:0078,00_04,0,5.28339147567749,5.5704345703125,0.28704309463500977,1,1,False,False
D_C_43122,chck_80M,natural_mention:nr:00067,nonidentical_remention,full_name_to_acronym,natural_distance_pair:0076,00_04,0,4.670994758605957,4.9834418296813965,0.31244707107543945,2,2,False,False
D_C_43122,chck_80M,natural_mention:nr:00068,nonidentical_remention,explicit_appositive_description,natural_distance_pair:0086,00_04,0,7.016605377197266,6.871761798858643,-0.14484357833862305,7,7,False,False
D_C_43122,chck_80M,natural_mention:nr:00069,nonidentical_remention,person_name_to_pronoun,natural_distance_pair:0111,05_09,8,0.5742583870887756,0.6365344524383545,0.06227606534957886,1,1,False,False
D_C_43122,chck_80M,natural_mention:nr:00070,nonidentical_remention,full_name_to_acronym,natural_distance_pair:0052,10_19,10,7.458769798278809,7.198503494262695,-0.2602663040161133,2,2,False,False
D_C_43122,chck_80M,natural_mention:nr:00071,nonidentical_remention,person_name_to_pronoun,natural_distance_pair:0108,05_09,8,0.48669713735580444,0.43219318985939026,-0.054503947496414185,1,1,False,False
D_C_43122,chck_80M,natural_mention:nr:00072,nonidentical_remention,full_name_to_surname_or_final_token,natural_distance_pair:0004,40_79,56,0.9535410404205322,6.8724846839904785,5.918943643569946,2,2,False,False
D_C_43122,chck_80M,natural_mention:nr:00073,nonidentical_remention,person_name_to_pronoun,natural_distance_pair:0091,10_19,18,0.5571411848068237,0.8000998497009277,0.242958664894104,1,1,False,False
D_C_43122,chck_80M,natural_mention:nr:00074,nonidentical_remention,full_name_to_acronym,natural_distance_pair:0047,10_19,12,4.724187850952148,5.830739498138428,1.1065516471862793,3,3,False,False
D_C_43122,chck_80M,natural_mention:nr:00075,nonidentical_remention,nonperson_name_to_pronoun,natural_distance_pair:0126,05_09,7,7.311927318572998,7.401397228240967,0.08946990966796875,1,1,False,False
D_C_43122,chck_80M,natural_mention:nr:00076,nonidentical_remention,full_name_to_acronym,natural_distance_pair:0069,00_04,0,9.847148895263672,9.150583267211914,-0.6965656280517578,2,2,False,False
D_C_43122,chck_80M,natural_mention:nr:00077,nonidentical_remention,person_name_to_pronoun,natural_distance_pair:0114,05_09,7,1.7023454904556274,1.5824811458587646,-0.11986434459686279,1,1,False,False
D_C_43122,chck_80M,natural_mention:nr:00078,nonidentical_remention,person_name_to_pronoun,natural_distance_pair:0087,20_39,33,2.1870100498199463,3.040278673171997,0.8532686233520508,1,1,False,False
D_C_43122,chck_80M,natural_mention:nr:00079,nonidentical_remention,person_name_to_pronoun,natural_distance_pair:0098,10_19,12,3.861485481262207,4.117863178253174,0.2563776969909668,1,1,False,False
D_C_43122,chck_80M,natural_mention:nr:00080,nonidentical_remention,nonperson_name_to_pronoun,natural_distance_pair:0118,10_19,19,0.7968625426292419,0.7850245237350464,-0.011838018894195557,1,1,False,False
D_C_43122,chck_80M,natural_mention:nr:00081,nonidentical_remention,full_name_to_surname_or_final_token,natural_distance_pair:0025,20_39,28,5.325235843658447,8.250563621520996,2.925327777862549,4,4,False,False
D_C_43122,chck_80M,natural_mention:nr:00082,nonidentical_remention,full_name_to_surname_or_final_token,natural_distance_pair:0050,10_19,11,13.173649787902832,10.192448616027832,-2.981201171875,2,2,False,False
D_C_43122,chck_80M,natural_mention:nr:00083,nonidentical_remention,explicit_appositive_description,natural_distance_pair:0067,00_04,0,8.545517921447754,7.634220123291016,-0.9112977981567383,6,6,False,False
D_C_43122,chck_80M,natural_mention:nr:00084,nonidentical_remention,full_name_to_surname_or_final_token,natural_distance_pair:0055,05_09,7,10.496586799621582,10.754792213439941,0.2582054138183594,3,3,False,False
D_C_43122,chck_80M,natural_mention:nr:00085,nonidentical_remention,person_name_to_pronoun,natural_distance_pair:0113,05_09,7,0.02513606660068035,0.020680982619524002,-0.004455083981156349,1,1,False,False
D_C_43122,chck_80M,natural_mention:nr:00086,nonidentical_remention,person_name_to_pronoun,natural_distance_pair:0088,20_39,21,4.944561004638672,4.797900199890137,-0.14666080474853516,1,1,False,False
D_C_43122,chck_80M,natural_mention:nr:00087,nonidentical_remention,full_name_to_acronym,natural_distance_pair:0033,20_39,20,12.628795623779297,12.74493408203125,0.11613845825195312,2,2,False,False
D_C_43122,chck_80M,natural_mention:nr:00088,nonidentical_remention,full_name_to_surname_or_final_token,natural_distance_pair:0015,20_39,38,10.284305572509766,11.25395679473877,0.9696512222290039,2,2,False,False
D_C_43122,chck_80M,natural_mention:nr:00089,nonidentical_remention,full_name_to_surname_or_final_token,natural_distance_pair:0000,40_79,74,0.8648045659065247,6.837270736694336,5.972466170787811,2,2,False,False
D_C_43122,chck_80M,natural_mention:nr:00090,nonidentical_remention,explicit_appositive_description,natural_distance_pair:0068,00_04,0,6.56681489944458,6.535457611083984,-0.0313572883605957,3,3,False,False
D_C_43122,chck_80M,natural_mention:nr:00091,nonidentical_remention,full_name_to_acronym,natural_distance_pair:0048,10_19,12,8.135791778564453,7.650808334350586,-0.4849834442138672,2,2,False,False
D_C_43122,chck_80M,natural_mention:nr:00092,nonidentical_remention,full_name_to_acronym,natural_distance_pair:0032,20_39,21,9.434404373168945,9.566797256469727,0.13239288330078125,2,2,False,False
D_C_43122,chck_80M,natural_mention:nr:00093,nonidentical_remention,person_name_to_pronoun,natural_distance_pair:0103,10_19,10,3.1054275035858154,3.5535812377929688,0.4481537342071533,1,1,False,False
D_C_43122,chck_80M,natural_mention:nr:00094,nonidentical_remention,full_name_to_acronym,natural_distance_pair:0024,20_39,29,5.220510959625244,5.26409387588501,0.043582916259765625,3,3,False,False
D_C_43122,chck_80M,natural_mention:nr:00095,nonidentical_remention,full_name_to_surname_or_final_token,natural_distance_pair:0059,00_04,4,0.9660595655441284,0.7822332978248596,-0.1838262677192688,1,1,False,False
D_C_43122,chck_80M,natural_mention:nr:00096,nonidentical_remention,person_name_to_pronoun,natural_distance_pair:0101,10_19,11,4.846705913543701,4.6800127029418945,-0.16669321060180664,1,1,False,False
D_C_43122,chck_80M,natural_mention:nr:00097,nonidentical_remention,full_name_to_surname_or_final_token,natural_distance_pair:0007,40_79,52,3.1080691814422607,8.65122127532959,5.543152093887329,3,3,False,False
D_C_43122,chck_80M,natural_mention:nr:00098,nonidentical_remention,full_name_to_surname_or_final_token,natural_distance_pair:0023,20_39,30,3.8370277881622314,9.285821914672852,5.44879412651062,5,5,False,False
D_C_43122,chck_80M,natural_mention:nr:00099,nonidentical_remention,full_name_to_surname_or_final_token,natural_distance_pair:0054,05_09,9,6.80893087387085,5.859457492828369,-0.9494733810424805,3,3,False,False
D_C_43122,chck_80M,natural_mention:nr:00100,nonidentical_remention,full_name_to_acronym,natural_distance_pair:0020,20_39,31,9.100177764892578,8.644669532775879,-0.4555082321166992,3,3,False,False
D_C_43122,chck_80M,natural_mention:nr:00101,nonidentical_remention,full_name_to_acronym,natural_distance_pair:0037,10_19,17,3.4798758029937744,3.7695980072021484,0.289722204208374,3,3,False,False
D_C_43122,chck_80M,natural_mention:nr:00102,nonidentical_remention,explicit_appositive_description,natural_distance_pair:0073,00_04,0,5.494565963745117,5.03599214553833,-0.4585738182067871,1,1,False,False
D_C_43122,chck_80M,natural_mention:nr:00103,nonidentical_remention,full_name_to_acronym,natural_distance_pair:0002,40_79,62,7.48836088180542,7.214939117431641,-0.2734217643737793,3,3,False,False
D_C_43122,chck_80M,natural_mention:nr:00104,nonidentical_remention,full_name_to_surname_or_final_token,natural_distance_pair:0018,20_39,35,2.319575786590576,9.92656135559082,7.606985569000244,2,2,False,False
D_C_43122,chck_80M,natural_mention:nr:00105,nonidentical_remention,full_name_to_surname_or_final_token,natural_distance_pair:0013,40_79,44,7.1485466957092285,8.856403350830078,1.7078566551208496,4,4,False,False
D_C_43122,chck_80M,natural_mention:nr:00106,nonidentical_remention,full_name_to_surname_or_final_token,natural_distance_pair:0006,40_79,53,10.06070613861084,10.465386390686035,0.4046802520751953,2,2,False,False
D_C_43122,chck_80M,natural_mention:nr:00107,nonidentical_remention,full_name_to_surname_or_final_token,natural_distance_pair:0041,10_19,15,5.754314422607422,7.967931747436523,2.2136173248291016,2,2,False,False
D_C_43122,chck_80M,natural_mention:nr:00108,nonidentical_remention,full_name_to_surname_or_final_token,natural_distance_pair:0030,20_39,23,0.30008527636528015,10.209851264953613,9.909765988588333,2,2,False,False
D_C_43122,chck_80M,natural_mention:nr:00109,nonidentical_remention,full_name_to_surname_or_final_token,natural_distance_pair:0039,10_19,16,1.088430643081665,0.8679757714271545,-0.2204548716545105,1,1,False,False
D_C_43122,chck_80M,natural_mention:nr:00110,nonidentical_remention,full_name_to_acronym,natural_distance_pair:0021,20_39,31,0.6985161304473877,0.931745707988739,0.23322957754135132,2,2,False,False
D_C_43122,chck_80M,natural_mention:nr:00111,nonidentical_remention,full_name_to_acronym,natural_distance_pair:0016,20_39,37,6.995228290557861,7.405069828033447,0.40984153747558594,1,1,False,False
D_C_43122,chck_80M,natural_mention:nr:00112,nonidentical_remention,person_name_to_pronoun,natural_distance_pair:0102,10_19,10,0.8763636350631714,0.8166353106498718,-0.05972832441329956,1,1,False,False
D_C_43122,chck_80M,natural_mention:nr:00113,nonidentical_remention,full_name_to_surname_or_final_token,natural_distance_pair:0012,40_79,48,4.934690952301025,6.561525821685791,1.6268348693847656,3,3,False,False
D_C_43122,chck_80M,natural_mention:nr:00114,nonidentical_remention,person_name_to_pronoun,natural_distance_pair:0090,20_39,21,2.66361403465271,2.728858470916748,0.06524443626403809,1,1,False,False
D_C_43122,chck_80M,natural_mention:nr:00115,nonidentical_remention,person_name_to_pronoun,natural_distance_pair:0109,05_09,8,0.9356444478034973,0.5356063842773438,-0.40003806352615356,1,1,False,False
D_C_43122,chck_80M,natural_mention:nr:00116,nonidentical_remention,person_name_to_pronoun,natural_distance_pair:0094,10_19,15,1.4746153354644775,0.2835577428340912,-1.1910575926303864,1,1,False,False
D_C_43122,chck_80M,natural_mention:nr:00117,nonidentical_remention,person_name_to_pronoun,natural_distance_pair:0116,05_09,6,0.576492190361023,0.5846856832504272,0.008193492889404297,1,1,False,False
D_C_43122,chck_80M,natural_mention:nr:00118,nonidentical_remention,full_name_to_acronym,natural_distance_pair:0019,20_39,33,7.1176886558532715,7.740650653839111,0.6229619979858398,3,3,False,False
D_C_43122,chck_80M,natural_mention:nr:00119,nonidentical_remention,person_name_to_pronoun,natural_distance_pair:0105,05_09,9,0.46943551301956177,0.4060265123844147,-0.0634090006351471,1,1,False,False
D_C_43122,chck_80M,natural_mention:nr:00120,nonidentical_remention,person_name_to_pronoun,natural_distance_pair:0115,05_09,6,0.8118436336517334,0.6664795875549316,-0.14536404609680176,1,1,False,False
D_C_43122,chck_80M,natural_mention:nr:00121,nonidentical_remention,full_name_to_acronym,natural_distance_pair:0061,00_04,2,5.1826677322387695,5.137458801269531,-0.04520893096923828,4,4,False,False
D_C_43122,chck_80M,natural_mention:nr:00122,nonidentical_remention,explicit_appositive_description,natural_distance_pair:0082,00_04,0,4.5496978759765625,4.199565887451172,-0.3501319885253906,1,1,False,False
D_C_43122,chck_80M,natural_mention:nr:00123,nonidentical_remention,full_name_to_acronym,natural_distance_pair:0017,20_39,36,3.2222092151641846,3.1441776752471924,-0.07803153991699219,3,3,False,False
D_C_43122,chck_80M,natural_mention:nr:00124,nonidentical_remention,full_name_to_surname_or_final_token,natural_distance_pair:0034,20_39,20,5.048234462738037,8.075464248657227,3.0272297859191895,2,2,False,False
D_C_43122,chck_80M,natural_mention:nr:00125,nonidentical_remention,explicit_appositive_description,natural_distance_pair:0077,00_04,0,6.581791400909424,6.724437713623047,0.14264631271362305,3,3,False,False
D_C_43122,chck_80M,natural_mention:nr:00126,nonidentical_remention,full_name_to_acronym,natural_distance_pair:0031,20_39,22,8.787610054016113,8.80076789855957,0.013157844543457031,2,2,False,False
D_C_43122,chck_80M,natural_mention:nr:00127,nonidentical_remention,person_name_to_pronoun,natural_distance_pair:0106,05_09,8,0.034725338220596313,0.09712237864732742,0.06239704042673111,1,1,False,False
D_C_43122,chck_80M,natural_mention:nr:00128,nonidentical_remention,full_name_to_surname_or_final_token,natural_distance_pair:0038,10_19,16,2.89384126663208,8.346755027770996,5.452913761138916,2,2,False,False
D_C_43122,chck_80M,natural_mention:vr:00129,verbatim_remention,exact_named_entity,natural_distance_pair:0082,00_04,4,9.293744087219238,9.2849702835083,-0.0087738037109375,2,2,False,False
D_C_43122,chck_80M,natural_mention:vr:00130,verbatim_remention,exact_named_entity,natural_distance_pair:0041,10_19,15,1.120147705078125,8.494168281555176,7.374020576477051,3,3,False,False
D_C_43122,chck_80M,natural_mention:vr:00131,verbatim_remention,exact_named_entity,natural_distance_pair:0046,10_19,13,0.698830246925354,7.849452018737793,7.150621771812439,5,5,False,False
D_C_43122,chck_80M,natural_mention:vr:00132,verbatim_remention,exact_named_entity,natural_distance_pair:0080,00_04,3,5.937109470367432,5.903766632080078,-0.033342838287353516,3,3,False,False
D_C_43122,chck_80M,natural_mention:vr:00133,verbatim_remention,exact_named_entity,natural_distance_pair:0035,10_19,19,6.211822986602783,7.719566345214844,1.5077433586120605,1,1,False,False
D_C_43122,chck_80M,natural_mention:vr:00134,verbatim_remention,exact_named_entity,natural_distance_pair:0081,00_04,4,0.9433704614639282,1.2850831747055054,0.34171271324157715,1,1,False,False
D_C_43122,chck_80M,natural_mention:vr:00135,verbatim_remention,exact_named_entity,natural_distance_pair:0026,20_39,28,2.08430552482605,6.657192230224609,4.57288670539856,2,2,False,False
D_C_43122,chck_80M,natural_mention:vr:00136,verbatim_remention,exact_named_entity,natural_distance_pair:0006,40_79,54,9.206982612609863,9.472038269042969,0.26505565643310547,2,2,False,False
D_C_43122,chck_80M,natural_mention:vr:00137,verbatim_remention,exact_named_entity,natural_distance_pair:0100,10_19,12,1.3364949226379395,4.644214153289795,3.3077192306518555,2,2,False,False
D_C_43122,chck_80M,natural_mention:vr:00138,verbatim_remention,exact_named_entity,natural_distance_pair:0111,05_09,8,3.5859692096710205,4.848196029663086,1.2622268199920654,3,3,False,False
D_C_43122,chck_80M,natural_mention:vr:00139,verbatim_remention,exact_named_entity,natural_distance_pair:0015,20_39,38,0.0786055251955986,4.102939128875732,4.024333603680134,3,3,False,False
D_C_43122,chck_80M,natural_mention:vr:00140,verbatim_remention,exact_named_entity,natural_distance_pair:0091,10_19,18,9.371856689453125,10.763906478881836,1.392049789428711,4,4,False,False
D_C_43122,chck_80M,natural_mention:vr:00141,verbatim_remention,exact_named_entity,natural_distance_pair:0022,20_39,31,0.10655482858419418,2.9535207748413086,2.8469659462571144,1,1,False,False
D_C_43122,chck_80M,natural_mention:vr:00142,verbatim_remention,exact_named_entity,natural_distance_pair:0052,10_19,10,1.1710498332977295,1.4467085599899292,0.2756587266921997,3,3,False,False
D_C_43122,chck_80M,natural_mention:vr:00143,verbatim_remention,exact_named_entity,natural_distance_pair:0062,00_04,3,6.232006072998047,8.452207565307617,2.2202014923095703,1,1,False,False
D_C_43122,chck_80M,natural_mention:vr:00144,verbatim_remention,exact_named_entity,natural_distance_pair:0002,40_79,62,8.0238037109375,8.858830451965332,0.835026741027832,1,1,False,False
D_C_43122,chck_80M,natural_mention:vr:00145,verbatim_remention,exact_named_entity,natural_distance_pair:0031,20_39,22,13.484136581420898,13.776368141174316,0.29223155975341797,1,1,False,False
D_C_43122,chck_80M,natural_mention:vr:00146,verbatim_remention,exact_named_entity,natural_distance_pair:0047,10_19,12,3.2832906246185303,4.4399638175964355,1.1566731929779053,2,2,False,False
D_C_43122,chck_80M,natural_mention:vr:00147,verbatim_remention,exact_named_entity,natural_distance_pair:0112,05_09,7,3.160421133041382,4.205162048339844,1.044740915298462,1,1,False,False
D_C_43122,chck_80M,natural_mention:vr:00148,verbatim_remention,exact_named_entity,natural_distance_pair:0109,05_09,8,0.35030224919319153,0.8069609999656677,0.4566587507724762,3,3,False,False
D_C_43122,chck_80M,natural_mention:vr:00149,verbatim_remention,exact_named_entity,natural_distance_pair:0098,10_19,12,2.688166856765747,3.396552085876465,0.7083852291107178,3,3,False,False
D_C_43122,chck_80M,natural_mention:vr:00150,verbatim_remention,exact_named_entity,natural_distance_pair:0117,05_09,5,4.507812023162842,3.310075521469116,-1.1977365016937256,3,3,False,False
D_C_43122,chck_80M,natural_mention:vr:00151,verbatim_remention,exact_named_entity,natural_distance_pair:0005,40_79,54,13.061400413513184,13.157390594482422,0.09599018096923828,1,1,False,False
D_C_43122,chck_80M,natural_mention:vr:00152,verbatim_remention,exact_named_entity,natural_distance_pair:0014,40_79,42,1.1938204765319824,8.982799530029297,7.7889790534973145,2,2,False,False
D_C_43122,chck_80M,natural_mention:vr:00153,verbatim_remention,exact_named_entity,natural_distance_pair:0102,10_19,10,8.226083755493164,9.039117813110352,0.8130340576171875,2,2,False,False
D_C_43122,chck_80M,natural_mention:vr:00154,verbatim_remention,indefinite_to_definite_nominal,natural_distance_pair:0084,00_04,3,1.261857271194458,4.04617977142334,2.784322500228882,1,1,False,False
D_C_43122,chck_80M,natural_mention:vr:00155,verbatim_remention,exact_named_entity,natural_distance_pair:0108,05_09,8,0.6284801959991455,5.921083450317383,5.292603254318237,1,1,False,False
D_C_43122,chck_80M,natural_mention:vr:00156,verbatim_remention,exact_named_entity,natural_distance_pair:0011,40_79,48,1.973001480102539,2.0326104164123535,0.05960893630981445,1,1,False,False
D_C_43122,chck_80M,natural_mention:vr:00157,verbatim_remention,exact_named_entity,natural_distance_pair:0105,05_09,9,0.45986807346343994,0.4477795362472534,-0.012088537216186523,2,2,False,False
D_C_43122,chck_80M,natural_mention:vr:00158,verbatim_remention,exact_named_entity,natural_distance_pair:0066,00_04,4,0.7541690468788147,6.747927188873291,5.993758141994476,2,2,False,False
D_C_43122,chck_80M,natural_mention:vr:00159,verbatim_remention,exact_named_entity,natural_distance_pair:0090,20_39,21,15.35073184967041,15.42284870147705,0.07211685180664062,1,1,False,False
D_C_43122,chck_80M,natural_mention:vr:00160,verbatim_remention,exact_named_entity,natural_distance_pair:0121,10_19,12,0.17481809854507446,10.49434757232666,10.319529473781586,1,1,False,False
D_C_43122,chck_80M,natural_mention:vr:00161,verbatim_remention,indefinite_to_definite_nominal,natural_distance_pair:0074,00_04,4,7.914600849151611,8.73855972290039,0.8239588737487793,1,1,False,False
D_C_43122,chck_80M,natural_mention:vr:00162,verbatim_remention,exact_named_entity,natural_distance_pair:0036,10_19,18,0.4453471899032593,3.02687668800354,2.5815294981002808,1,1,False,False
D_C_43122,chck_80M,natural_mention:vr:00163,verbatim_remention,exact_named_entity,natural_distance_pair:0029,20_39,26,9.512832641601562,10.696307182312012,1.1834745407104492,2,2,False,False
D_C_43122,chck_80M,natural_mention:vr:00164,verbatim_remention,exact_named_entity,natural_distance_pair:0057,00_04,4,6.305147171020508,6.804128646850586,0.4989814758300781,1,1,False,False
D_C_43122,chck_80M,natural_mention:vr:00165,verbatim_remention,exact_named_entity,natural_distance_pair:0107,05_09,8,2.1064181327819824,3.2089929580688477,1.1025748252868652,1,1,False,False
D_C_43122,chck_80M,natural_mention:vr:00166,verbatim_remention,exact_named_entity,natural_distance_pair:0101,10_19,11,5.599777698516846,6.170781135559082,0.5710034370422363,1,1,False,False
D_C_43122,chck_80M,natural_mention:vr:00167,verbatim_remention,exact_named_entity,natural_distance_pair:0037,10_19,17,3.203890562057495,9.38238525390625,6.178494691848755,3,3,False,False
D_C_43122,chck_80M,natural_mention:vr:00168,verbatim_remention,exact_named_entity,natural_distance_pair:0092,10_19,17,4.867145538330078,6.164951801300049,1.2978062629699707,2,2,False,False
D_C_43122,chck_80M,natural_mention:vr:00169,verbatim_remention,exact_named_entity,natural_distance_pair:0104,05_09,9,1.5604748725891113,7.260375499725342,5.6999006271362305,2,2,False,False
D_C_43122,chck_80M,natural_mention:vr:00170,verbatim_remention,exact_named_entity,natural_distance_pair:0012,40_79,48,3.8311495780944824,8.149170875549316,4.318021297454834,1,1,False,False
D_C_43122,chck_80M,natural_mention:vr:00171,verbatim_remention,exact_named_entity,natural_distance_pair:0038,10_19,16,6.850414752960205,8.21155071258545,1.3611359596252441,3,3,False,False
D_C_43122,chck_80M,natural_mention:vr:00172,verbatim_remention,exact_named_entity,natural_distance_pair:0053,10_19,10,6.1935930252075195,5.362116813659668,-0.8314762115478516,1,1,False,False
D_C_43122,chck_80M,natural_mention:vr:00173,verbatim_remention,indefinite_to_definite_nominal,natural_distance_pair:0085,00_04,4,7.115747928619385,10.114168167114258,2.998420238494873,2,2,False,False
D_C_43122,chck_80M,natural_mention:vr:00174,verbatim_remention,exact_named_entity,natural_distance_pair:0125,05_09,9,0.2656181752681732,2.481079339981079,2.215461164712906,4,4,False,False
D_C_43122,chck_80M,natural_mention:vr:00175,verbatim_remention,exact_named_entity,natural_distance_pair:0063,00_04,3,9.700273513793945,9.843099594116211,0.14282608032226562,1,1,False,False
D_C_43122,chck_80M,natural_mention:vr:00176,verbatim_remention,exact_named_entity,natural_distance_pair:0118,10_19,19,3.8865227699279785,2.417926549911499,-1.4685962200164795,2,2,False,False
D_C_43122,chck_80M,natural_mention:vr:00177,verbatim_remention,exact_named_entity,natural_distance_pair:0059,00_04,4,8.723516464233398,10.3303861618042,1.6068696975708008,2,2,False,False
D_C_43122,chck_80M,natural_mention:vr:00178,verbatim_remention,exact_named_entity,natural_distance_pair:0040,10_19,15,0.5523319840431213,8.933090209960938,8.380758225917816,2,2,False,False
D_C_43122,chck_80M,natural_mention:vr:00179,verbatim_remention,exact_named_entity,natural_distance_pair:0094,10_19,15,0.9577178955078125,3.8520233631134033,2.894305467605591,1,1,False,False
D_C_43122,chck_80M,natural_mention:vr:00180,verbatim_remention,exact_named_entity,natural_distance_pair:0048,10_19,12,12.009603500366211,12.063009262084961,0.05340576171875,1,1,False,False
D_C_43122,chck_80M,natural_mention:vr:00181,verbatim_remention,exact_named_entity,natural_distance_pair:0058,00_04,4,2.1856322288513184,9.48188591003418,7.296253681182861,1,1,False,False
D_C_43122,chck_80M,natural_mention:vr:00182,verbatim_remention,exact_named_entity,natural_distance_pair:0033,20_39,20,6.120598316192627,13.515950202941895,7.395351886749268,1,1,False,False
D_C_43122,chck_80M,natural_mention:vr:00183,verbatim_remention,exact_named_entity,natural_distance_pair:0079,00_04,4,8.861872673034668,9.50461196899414,0.6427392959594727,4,4,False,False
D_C_43122,chck_80M,natural_mention:vr:00184,verbatim_remention,exact_named_entity,natural_distance_pair:0054,05_09,9,4.829931259155273,8.020868301391602,3.190937042236328,1,1,False,False
D_C_43122,chck_80M,natural_mention:vr:00185,verbatim_remention,exact_named_entity,natural_distance_pair:0078,00_04,3,0.9645319581031799,1.861937403678894,0.8974054455757141,3,3,False,False
D_C_43122,chck_80M,natural_mention:vr:00186,verbatim_remention,exact_named_entity,natural_distance_pair:0030,20_39,23,13.911845207214355,13.594864845275879,-0.31698036193847656,1,1,False,False
D_C_43122,chck_80M,natural_mention:vr:00187,verbatim_remention,exact_named_entity,natural_distance_pair:0126,05_09,7,0.3216012120246887,6.165840148925781,5.8442389369010925,5,5,False,False
D_C_43122,chck_80M,natural_mention:vr:00188,verbatim_remention,exact_named_entity,natural_distance_pair:0027,20_39,28,6.753061294555664,6.867023944854736,0.11396265029907227,1,1,False,False
D_C_43122,chck_80M,natural_mention:vr:00189,verbatim_remention,exact_named_entity,natural_distance_pair:0069,00_04,4,0.07281437516212463,0.07530663162469864,0.002492256462574005,2,2,False,False
D_C_43122,chck_80M,natural_mention:vr:00190,verbatim_remention,exact_named_entity,natural_distance_pair:0051,10_19,11,0.5049571394920349,0.45542144775390625,-0.04953569173812866,3,3,False,False
D_C_43122,chck_80M,natural_mention:vr:00191,verbatim_remention,exact_named_entity,natural_distance_pair:0042,10_19,14,5.350599765777588,6.169312953948975,0.8187131881713867,3,3,False,False
D_C_43122,chck_80M,natural_mention:vr:00192,verbatim_remention,exact_named_entity,natural_distance_pair:0072,00_04,3,7.097520351409912,7.878594875335693,0.7810745239257812,3,3,False,False
D_C_43122,chck_80M,natural_mention:vr:00193,verbatim_remention,exact_named_entity,natural_distance_pair:0021,20_39,31,2.449323892593384,3.066054582595825,0.6167306900024414,6,6,False,False
D_C_43122,chck_80M,natural_mention:vr:00194,verbatim_remention,exact_named_entity,natural_distance_pair:0068,00_04,3,13.825654983520508,13.548398971557617,-0.2772560119628906,2,2,False,False
D_C_43122,chck_80M,natural_mention:vr:00195,verbatim_remention,exact_named_entity,natural_distance_pair:0028,20_39,27,0.15284793078899384,5.037546634674072,4.884698703885078,1,1,False,False
D_C_43122,chck_80M,natural_mention:vr:00196,verbatim_remention,exact_named_entity,natural_distance_pair:0124,05_09,9,4.566593170166016,3.839782953262329,-0.7268102169036865,3,3,False,False
D_C_43122,chck_80M,natural_mention:vr:00197,verbatim_remention,exact_named_entity,natural_distance_pair:0060,00_04,4,4.985979080200195,4.461482524871826,-0.5244965553283691,3,3,False,False
D_C_43122,chck_80M,natural_mention:vr:00198,verbatim_remention,exact_named_entity,natural_distance_pair:0049,10_19,12,11.686060905456543,11.97403621673584,0.2879753112792969,2,2,False,False
D_C_43122,chck_80M,natural_mention:vr:00199,verbatim_remention,exact_named_entity,natural_distance_pair:0045,10_19,13,0.11113633960485458,0.1291395127773285,0.018003173172473907,4,4,False,False
D_C_43122,chck_80M,natural_mention:vr:00200,verbatim_remention,exact_named_entity,natural_distance_pair:0017,20_39,35,7.1211137771606445,7.497273921966553,0.3761601448059082,5,5,False,False
D_C_43122,chck_80M,natural_mention:vr:00201,verbatim_remention,exact_named_entity,natural_distance_pair:0010,40_79,48,0.0937223732471466,4.025997638702393,3.932275265455246,1,1,False,False
D_C_43122,chck_80M,natural_mention:vr:00202,verbatim_remention,exact_named_entity,natural_distance_pair:0023,20_39,30,8.16500186920166,8.789177894592285,0.624176025390625,3,3,False,False
D_C_43122,chck_80M,natural_mention:vr:00203,verbatim_remention,exact_named_entity,natural_distance_pair:0075,00_04,4,7.553009033203125,9.787337303161621,2.234328269958496,5,5,False,False
D_C_43122,chck_80M,natural_mention:vr:00204,verbatim_remention,exact_named_entity,natural_distance_pair:0087,20_39,33,4.648944854736328,13.107513427734375,8.458568572998047,1,1,False,False
D_C_43122,chck_80M,natural_mention:vr:00205,verbatim_remention,exact_named_entity,natural_distance_pair:0025,20_39,28,13.42813777923584,13.675783157348633,0.24764537811279297,2,2,False,False
D_C_43122,chck_80M,natural_mention:vr:00206,verbatim_remention,exact_named_entity,natural_distance_pair:0115,05_09,6,1.1984808444976807,5.995431900024414,4.796951055526733,4,4,False,False
D_C_43122,chck_80M,natural_mention:vr:00207,verbatim_remention,exact_named_entity,natural_distance_pair:0065,00_04,3,5.574916839599609,6.225977420806885,0.6510605812072754,1,1,False,False
D_C_43122,chck_80M,natural_mention:vr:00208,verbatim_remention,exact_named_entity,natural_distance_pair:0113,05_09,7,5.350892543792725,5.865841865539551,0.5149493217468262,1,1,False,False
D_C_43122,chck_80M,natural_mention:vr:00209,verbatim_remention,exact_named_entity,natural_distance_pair:0119,10_19,16,1.9890553951263428,1.5706862211227417,-0.4183691740036011,1,1,False,False
D_C_43122,chck_80M,natural_mention:vr:00210,verbatim_remention,exact_named_entity,natural_distance_pair:0056,05_09,6,0.44318175315856934,3.912407398223877,3.4692256450653076,2,2,False,False
D_C_43122,chck_80M,natural_mention:vr:00211,verbatim_remention,exact_named_entity,natural_distance_pair:0016,20_39,37,0.4912894070148468,10.168888092041016,9.677598685026169,3,3,False,False
D_C_43122,chck_80M,natural_mention:vr:00212,verbatim_remention,exact_named_entity,natural_distance_pair:0013,40_79,44,0.057145554572343826,10.566582679748535,10.509437125176191,3,3,False,False
D_C_43122,chck_80M,natural_mention:vr:00213,verbatim_remention,exact_named_entity,natural_distance_pair:0050,10_19,11,9.446256637573242,11.283740997314453,1.837484359741211,4,4,False,False
D_C_43122,chck_80M,natural_mention:vr:00214,verbatim_remention,exact_named_entity,natural_distance_pair:0043,10_19,14,0.815799355506897,2.0492074489593506,1.2334080934524536,2,2,False,False
D_C_43122,chck_80M,natural_mention:vr:00215,verbatim_remention,exact_named_entity,natural_distance_pair:0020,20_39,31,0.05260876193642616,7.757923126220703,7.705314364284277,2,2,False,False
D_C_43122,chck_80M,natural_mention:vr:00216,verbatim_remention,exact_named_entity,natural_distance_pair:0007,40_79,52,4.627663612365723,8.745027542114258,4.117363929748535,1,1,False,False
D_C_43122,chck_80M,natural_mention:vr:00217,verbatim_remention,exact_named_entity,natural_distance_pair:0088,20_39,21,5.2884521484375,5.057519435882568,-0.23093271255493164,1,1,False,False
D_C_43122,chck_80M,natural_mention:vr:00218,verbatim_remention,exact_named_entity,natural_distance_pair:0083,00_04,4,0.9640681147575378,15.245319366455078,14.28125125169754,2,2,False,False
D_C_43122,chck_80M,natural_mention:vr:00219,verbatim_remention,exact_named_entity,natural_distance_pair:0096,10_19,14,8.090991973876953,8.032916069030762,-0.058075904846191406,3,3,False,False
D_C_43122,chck_80M,natural_mention:vr:00220,verbatim_remention,exact_named_entity,natural_distance_pair:0044,10_19,13,2.392282485961914,2.1620712280273438,-0.2302112579345703,1,1,False,False
D_C_43122,chck_80M,natural_mention:vr:00221,verbatim_remention,exact_named_entity,natural_distance_pair:0000,40_79,71,1.5584988594055176,10.747488975524902,9.188990116119385,2,2,False,False
D_C_43122,chck_80M,natural_mention:vr:00222,verbatim_remention,exact_named_entity,natural_distance_pair:0064,00_04,4,0.5550970435142517,2.996967315673828,2.4418702721595764,1,1,False,False
D_C_43122,chck_80M,natural_mention:vr:00223,verbatim_remention,exact_named_entity,natural_distance_pair:0093,10_19,16,0.3161223232746124,0.16448374092578888,-0.15163858234882355,3,3,False,False
D_C_43122,chck_80M,natural_mention:vr:00224,verbatim_remention,exact_named_entity,natural_distance_pair:0018,20_39,36,15.188615798950195,15.426830291748047,0.23821449279785156,1,1,False,False
D_C_43122,chck_80M,natural_mention:vr:00225,verbatim_remention,exact_named_entity,natural_distance_pair:0114,05_09,7,7.4207000732421875,7.91440486907959,0.49370479583740234,1,1,False,False
D_C_43122,chck_80M,natural_mention:vr:00226,verbatim_remention,exact_named_entity,natural_distance_pair:0009,40_79,51,11.656695365905762,11.474322319030762,-0.182373046875,1,1,False,False
D_C_43122,chck_80M,natural_mention:vr:00227,verbatim_remention,exact_named_entity,natural_distance_pair:0120,10_19,15,0.16044239699840546,0.37630945444107056,0.2158670574426651,2,2,False,False
D_C_43122,chck_80M,natural_mention:vr:00228,verbatim_remention,exact_named_entity,natural_distance_pair:0024,20_39,29,6.299454689025879,7.490555763244629,1.19110107421875,4,4,False,False
D_C_43122,chck_80M,natural_mention:vr:00229,verbatim_remention,exact_named_entity,natural_distance_pair:0128,05_09,6,8.203344345092773,8.397419929504395,0.1940755844116211,1,1,False,False
D_C_43122,chck_80M,natural_mention:vr:00230,verbatim_remention,exact_named_entity,natural_distance_pair:0055,05_09,7,0.429078072309494,9.214137077331543,8.785059005022049,2,2,False,False
D_C_43122,chck_80M,natural_mention:vr:00231,verbatim_remention,indefinite_to_definite_nominal,natural_distance_pair:0086,00_04,4,2.6050007343292236,3.1506733894348145,0.5456726551055908,1,1,False,False
D_C_43122,chck_80M,natural_mention:vr:00232,verbatim_remention,exact_named_entity,natural_distance_pair:0089,20_39,21,0.0736270546913147,6.484671592712402,6.411044538021088,1,1,False,False
D_C_43122,chck_80M,natural_mention:vr:00233,verbatim_remention,exact_named_entity,natural_distance_pair:0032,20_39,21,1.6399704217910767,3.712174654006958,2.0722042322158813,3,3,False,False
D_C_43122,chck_80M,natural_mention:vr:00234,verbatim_remention,exact_named_entity,natural_distance_pair:0019,20_39,33,0.2469196617603302,6.939853668212891,6.69293400645256,1,1,False,False
D_C_43122,chck_80M,natural_mention:vr:00235,verbatim_remention,exact_named_entity,natural_distance_pair:0116,05_09,6,1.4317965507507324,5.936049461364746,4.504252910614014,1,1,False,False
D_C_43122,chck_80M,natural_mention:vr:00236,verbatim_remention,exact_named_entity,natural_distance_pair:0067,00_04,4,4.01431131362915,4.74391508102417,0.7296037673950195,6,6,False,False
D_C_43122,chck_80M,natural_mention:vr:00237,verbatim_remention,exact_named_entity,natural_distance_pair:0122,10_19,10,2.4439358711242676,6.984958171844482,4.541022300720215,1,1,False,False
D_C_43122,chck_80M,natural_mention:vr:00238,verbatim_remention,exact_named_entity,natural_distance_pair:0003,40_79,56,1.012664794921875,4.686775207519531,3.6741104125976562,1,1,False,False
D_C_43122,chck_80M,natural_mention:vr:00239,verbatim_remention,exact_named_entity,natural_distance_pair:0077,00_04,3,8.790534973144531,9.376973152160645,0.5864381790161133,2,2,False,False
D_C_43122,chck_80M,natural_mention:vr:00240,verbatim_remention,exact_named_entity,natural_distance_pair:0106,05_09,8,2.3492133617401123,3.393832206726074,1.044618844985962,6,6,False,False
D_C_43122,chck_80M,natural_mention:vr:00241,verbatim_remention,exact_named_entity,natural_distance_pair:0039,10_19,16,4.659657955169678,5.0245842933654785,0.3649263381958008,1,1,False,False
D_C_43122,chck_80M,natural_mention:vr:00242,verbatim_remention,exact_named_entity,natural_distance_pair:0099,10_19,12,12.401402473449707,12.81991195678711,0.41850948333740234,1,1,False,False
D_C_43122,chck_80M,natural_mention:vr:00243,verbatim_remention,exact_named_entity,natural_distance_pair:0110,05_09,8,0.6529733538627625,8.624642372131348,7.971669018268585,1,1,False,False
D_C_43122,chck_80M,natural_mention:vr:00244,verbatim_remention,exact_named_entity,natural_distance_pair:0070,00_04,3,3.8006985187530518,4.079011917114258,0.27831339836120605,2,2,False,False
D_C_43122,chck_80M,natural_mention:vr:00245,verbatim_remention,exact_named_entity,natural_distance_pair:0008,40_79,52,0.1464356631040573,9.482176780700684,9.335741117596626,3,3,False,False
D_C_43122,chck_80M,natural_mention:vr:00246,verbatim_remention,exact_named_entity,natural_distance_pair:0097,10_19,13,0.13266728818416595,7.4496307373046875,7.3169634491205215,1,1,False,False
D_C_43122,chck_80M,natural_mention:vr:00247,verbatim_remention,exact_named_entity,natural_distance_pair:0061,00_04,3,12.20516586303711,10.688406944274902,-1.516758918762207,1,1,False,False
D_C_43122,chck_80M,natural_mention:vr:00248,verbatim_remention,exact_named_entity,natural_distance_pair:0103,10_19,10,9.100165367126465,11.224873542785645,2.1247081756591797,1,1,False,False
D_C_43122,chck_80M,natural_mention:vr:00249,verbatim_remention,exact_named_entity,natural_distance_pair:0073,00_04,4,2.1187992095947266,2.2143166065216064,0.09551739692687988,1,1,False,False
D_C_43122,chck_80M,natural_mention:vr:00250,verbatim_remention,exact_named_entity,natural_distance_pair:0095,10_19,15,0.37018483877182007,0.6447121500968933,0.27452731132507324,1,1,False,False
D_C_43122,chck_80M,natural_mention:vr:00251,verbatim_remention,exact_named_entity,natural_distance_pair:0071,00_04,4,1.6866027116775513,6.7277398109436035,5.041137099266052,4,4,False,False
D_C_43122,chck_80M,natural_mention:vr:00252,verbatim_remention,exact_named_entity,natural_distance_pair:0004,40_79,58,4.785372734069824,9.63244915008545,4.847076416015625,1,1,False,False
D_C_43122,chck_80M,natural_mention:vr:00253,verbatim_remention,exact_named_entity,natural_distance_pair:0127,05_09,7,0.2489643096923828,5.5089569091796875,5.259992599487305,1,1,False,False
D_C_43122,chck_80M,natural_mention:vr:00254,verbatim_remention,exact_named_entity,natural_distance_pair:0123,10_19,10,0.049806058406829834,0.12645407021045685,0.07664801180362701,1,1,False,False
D_C_43122,chck_80M,natural_mention:vr:00255,verbatim_remention,exact_named_entity,natural_distance_pair:0034,20_39,20,6.34551477432251,10.571502685546875,4.225987911224365,2,2,False,False
D_C_43122,chck_80M,natural_mention:vr:00256,verbatim_remention,exact_named_entity,natural_distance_pair:0076,00_04,3,0.15092670917510986,4.125600814819336,3.974674105644226,1,1,False,False
D_C_43122,chck_80M,natural_mention:vr:00257,verbatim_remention,exact_named_entity,natural_distance_pair:0001,40_79,61,14.053385734558105,14.036428451538086,-0.01695728302001953,1,1,False,False
D_C_43122,chck_90M,natural_mention:nr:00000,nonidentical_remention,full_name_to_acronym,natural_distance_pair:0045,10_19,13,3.4527628421783447,3.7428174018859863,0.2900545597076416,1,1,False,False
D_C_43122,chck_90M,natural_mention:nr:00001,nonidentical_remention,full_name_to_acronym,natural_distance_pair:0060,00_04,4,5.129401206970215,5.285922527313232,0.15652132034301758,4,4,False,False
D_C_43122,chck_90M,natural_mention:nr:00002,nonidentical_remention,nonperson_name_to_pronoun,natural_distance_pair:0123,10_19,10,2.418952465057373,2.3303728103637695,-0.08857965469360352,1,1,False,False
D_C_43122,chck_90M,natural_mention:nr:00003,nonidentical_remention,explicit_appositive_description,natural_distance_pair:0084,00_04,0,5.222224235534668,5.296525955200195,0.07430171966552734,1,1,False,False
D_C_43122,chck_90M,natural_mention:nr:00004,nonidentical_remention,full_name_to_acronym,natural_distance_pair:0046,10_19,13,7.9537353515625,7.932464599609375,-0.021270751953125,2,2,False,False
D_C_43122,chck_90M,natural_mention:nr:00005,nonidentical_remention,full_name_to_acronym,natural_distance_pair:0056,05_09,6,11.973928451538086,12.208063125610352,0.23413467407226562,1,1,False,False
D_C_43122,chck_90M,natural_mention:nr:00006,nonidentical_remention,explicit_appositive_description,natural_distance_pair:0074,00_04,0,5.873172760009766,4.959395885467529,-0.9137768745422363,1,1,False,False
D_C_43122,chck_90M,natural_mention:nr:00007,nonidentical_remention,person_name_to_pronoun,natural_distance_pair:0089,20_39,21,0.7953200936317444,0.19794145226478577,-0.5973786413669586,1,1,False,False
D_C_43122,chck_90M,natural_mention:nr:00008,nonidentical_remention,nonperson_name_to_pronoun,natural_distance_pair:0119,10_19,16,6.161807060241699,5.974982261657715,-0.18682479858398438,1,1,False,False
D_C_43122,chck_90M,natural_mention:nr:00009,nonidentical_remention,full_name_to_surname_or_final_token,natural_distance_pair:0027,20_39,28,0.07067517936229706,1.6235522031784058,1.5528770238161087,3,3,False,False
D_C_43122,chck_90M,natural_mention:nr:00010,nonidentical_remention,full_name_to_surname_or_final_token,natural_distance_pair:0049,10_19,12,0.05596092343330383,0.0350845605134964,-0.020876362919807434,3,3,False,False
D_C_43122,chck_90M,natural_mention:nr:00011,nonidentical_remention,full_name_to_surname_or_final_token,natural_distance_pair:0001,40_79,65,0.1404319852590561,7.333017826080322,7.192585840821266,3,3,False,False
D_C_43122,chck_90M,natural_mention:nr:00012,nonidentical_remention,nonperson_name_to_pronoun,natural_distance_pair:0128,05_09,6,0.4162128269672394,0.47110438346862793,0.05489155650138855,1,1,False,False
D_C_43122,chck_90M,natural_mention:nr:00013,nonidentical_remention,full_name_to_surname_or_final_token,natural_distance_pair:0053,10_19,10,1.0186399221420288,6.493927478790283,5.475287556648254,3,3,False,False
D_C_43122,chck_90M,natural_mention:nr:00014,nonidentical_remention,full_name_to_acronym,natural_distance_pair:0022,20_39,31,4.671686172485352,4.722945690155029,0.051259517669677734,4,4,False,False
D_C_43122,chck_90M,natural_mention:nr:00015,nonidentical_remention,full_name_to_surname_or_final_token,natural_distance_pair:0026,20_39,28,9.00419807434082,9.184531211853027,0.18033313751220703,2,2,False,False
D_C_43122,chck_90M,natural_mention:nr:00016,nonidentical_remention,person_name_to_pronoun,natural_distance_pair:0097,10_19,13,2.789224147796631,2.1463563442230225,-0.6428678035736084,1,1,False,False
D_C_43122,chck_90M,natural_mention:nr:00017,nonidentical_remention,full_name_to_surname_or_final_token,natural_distance_pair:0043,10_19,14,9.678165435791016,11.717558860778809,2.039393424987793,2,2,False,False
D_C_43122,chck_90M,natural_mention:nr:00018,nonidentical_remention,explicit_appositive_description,natural_distance_pair:0070,00_04,0,4.2632317543029785,4.404439449310303,0.14120769500732422,2,2,False,False
D_C_43122,chck_90M,natural_mention:nr:00019,nonidentical_remention,person_name_to_pronoun,natural_distance_pair:0117,05_09,5,1.0755221843719482,1.0785870552062988,0.003064870834350586,1,1,False,False
D_C_43122,chck_90M,natural_mention:nr:00020,nonidentical_remention,full_name_to_acronym,natural_distance_pair:0035,10_19,19,8.918355941772461,8.691728591918945,-0.22662734985351562,2,2,False,False
D_C_43122,chck_90M,natural_mention:nr:00021,nonidentical_remention,full_name_to_surname_or_final_token,natural_distance_pair:0009,40_79,52,4.945734024047852,8.07503890991211,3.129304885864258,2,2,False,False
D_C_43122,chck_90M,natural_mention:nr:00022,nonidentical_remention,full_name_to_surname_or_final_token,natural_distance_pair:0058,00_04,4,0.24986295402050018,1.1722124814987183,0.9223495274782181,3,3,False,False
D_C_43122,chck_90M,natural_mention:nr:00023,nonidentical_remention,person_name_to_pronoun,natural_distance_pair:0112,05_09,7,0.02220342867076397,0.016596002504229546,-0.005607426166534424,1,1,False,False
D_C_43122,chck_90M,natural_mention:nr:00024,nonidentical_remention,nonperson_name_to_pronoun,natural_distance_pair:0122,10_19,10,0.17168933153152466,0.2698844075202942,0.09819507598876953,1,1,False,False
D_C_43122,chck_90M,natural_mention:nr:00025,nonidentical_remention,person_name_to_pronoun,natural_distance_pair:0100,10_19,12,0.7005156874656677,0.4664115309715271,-0.23410415649414062,1,1,False,False
D_C_43122,chck_90M,natural_mention:nr:00026,nonidentical_remention,full_name_to_acronym,natural_distance_pair:0008,40_79,52,9.980091094970703,10.115065574645996,0.13497447967529297,1,1,False,False
D_C_43122,chck_90M,natural_mention:nr:00027,nonidentical_remention,full_name_to_acronym,natural_distance_pair:0063,00_04,1,5.27989387512207,5.999413013458252,0.7195191383361816,3,3,False,False
D_C_43122,chck_90M,natural_mention:nr:00028,nonidentical_remention,full_name_to_surname_or_final_token,natural_distance_pair:0005,40_79,53,0.0235130675137043,12.232794761657715,12.20928169414401,2,2,False,False
D_C_43122,chck_90M,natural_mention:nr:00029,nonidentical_remention,explicit_appositive_description,natural_distance_pair:0079,00_04,0,7.329782009124756,7.518031597137451,0.1882495880126953,3,3,False,False
D_C_43122,chck_90M,natural_mention:nr:00030,nonidentical_remention,person_name_to_pronoun,natural_distance_pair:0099,10_19,12,0.19508372247219086,0.2678106129169464,0.07272689044475555,1,1,False,False
D_C_43122,chck_90M,natural_mention:nr:00031,nonidentical_remention,nonperson_name_to_pronoun,natural_distance_pair:0127,05_09,7,1.283937931060791,1.420734167098999,0.136796236038208,1,1,False,False
D_C_43122,chck_90M,natural_mention:nr:00032,nonidentical_remention,full_name_to_acronym,natural_distance_pair:0044,10_19,13,8.52332592010498,8.147541999816895,-0.37578392028808594,3,3,False,False
D_C_43122,chck_90M,natural_mention:nr:00033,nonidentical_remention,full_name_to_acronym,natural_distance_pair:0051,10_19,11,6.706203937530518,6.431145668029785,-0.2750582695007324,2,2,False,False
D_C_43122,chck_90M,natural_mention:nr:00034,nonidentical_remention,full_name_to_surname_or_final_token,natural_distance_pair:0040,10_19,15,4.190719127655029,2.7246670722961426,-1.4660520553588867,2,2,False,False
D_C_43122,chck_90M,natural_mention:nr:00035,nonidentical_remention,person_name_to_pronoun,natural_distance_pair:0110,05_09,8,0.40524718165397644,0.43605226278305054,0.030805081129074097,1,1,False,False
D_C_43122,chck_90M,natural_mention:nr:00036,nonidentical_remention,full_name_to_acronym,natural_distance_pair:0085,00_04,0,6.412562370300293,6.5084662437438965,0.09590387344360352,2,2,False,False
D_C_43122,chck_90M,natural_mention:nr:00037,nonidentical_remention,person_name_to_pronoun,natural_distance_pair:0104,05_09,9,0.5597305297851562,0.5505979657173157,-0.009132564067840576,1,1,False,False
D_C_43122,chck_90M,natural_mention:nr:00038,nonidentical_remention,explicit_appositive_description,natural_distance_pair:0072,00_04,0,4.654018402099609,4.358548641204834,-0.2954697608947754,2,2,False,False
D_C_43122,chck_90M,natural_mention:nr:00039,nonidentical_remention,nonperson_name_to_pronoun,natural_distance_pair:0124,05_09,9,0.012762535363435745,0.021100329235196114,0.008337793871760368,1,1,False,False
D_C_43122,chck_90M,natural_mention:nr:00040,nonidentical_remention,person_name_to_pronoun,natural_distance_pair:0092,10_19,17,0.40001243352890015,0.4958353340625763,0.09582290053367615,1,1,False,False
D_C_43122,chck_90M,natural_mention:nr:00041,nonidentical_remention,full_name_to_surname_or_final_token,natural_distance_pair:0036,10_19,18,2.9707753658294678,11.289358139038086,8.318582773208618,2,2,False,False
D_C_43122,chck_90M,natural_mention:nr:00042,nonidentical_remention,nonperson_name_to_pronoun,natural_distance_pair:0121,10_19,12,0.27523180842399597,0.31067049503326416,0.03543868660926819,1,1,False,False
D_C_43122,chck_90M,natural_mention:nr:00043,nonidentical_remention,full_name_to_acronym,natural_distance_pair:0057,00_04,4,3.037858009338379,0.7042391896247864,-2.3336188197135925,3,3,False,False
D_C_43122,chck_90M,natural_mention:nr:00044,nonidentical_remention,explicit_appositive_description,natural_distance_pair:0080,00_04,0,6.00214147567749,5.799905776977539,-0.20223569869995117,1,1,False,False
D_C_43122,chck_90M,natural_mention:nr:00045,nonidentical_remention,full_name_to_acronym,natural_distance_pair:0064,00_04,1,5.628700256347656,5.815859794616699,0.18715953826904297,2,2,False,False
D_C_43122,chck_90M,natural_mention:nr:00046,nonidentical_remention,full_name_to_surname_or_final_token,natural_distance_pair:0029,20_39,26,3.22159481048584,7.235384464263916,4.013789653778076,3,3,False,False
D_C_43122,chck_90M,natural_mention:nr:00047,nonidentical_remention,full_name_to_surname_or_final_token,natural_distance_pair:0014,40_79,42,6.773312568664551,11.64465045928955,4.871337890625,2,2,False,False
D_C_43122,chck_90M,natural_mention:nr:00048,nonidentical_remention,full_name_to_surname_or_final_token,natural_distance_pair:0010,40_79,48,8.852391242980957,10.479499816894531,1.6271085739135742,2,2,False,False
D_C_43122,chck_90M,natural_mention:nr:00049,nonidentical_remention,explicit_appositive_description,natural_distance_pair:0075,00_04,0,7.324314117431641,7.724124431610107,0.3998103141784668,7,7,False,False
D_C_43122,chck_90M,natural_mention:nr:00050,nonidentical_remention,full_name_to_acronym,natural_distance_pair:0081,00_04,0,5.494965076446533,5.616837501525879,0.1218724250793457,2,2,False,False
D_C_43122,chck_90M,natural_mention:nr:00051,nonidentical_remention,person_name_to_pronoun,natural_distance_pair:0096,10_19,14,1.0581707954406738,0.05010044947266579,-1.008070345968008,1,1,False,False
D_C_43122,chck_90M,natural_mention:nr:00052,nonidentical_remention,full_name_to_acronym,natural_distance_pair:0062,00_04,2,7.076594352722168,7.153342247009277,0.07674789428710938,2,2,False,False
D_C_43122,chck_90M,natural_mention:nr:00053,nonidentical_remention,person_name_to_pronoun,natural_distance_pair:0107,05_09,8,0.05811386927962303,0.0571746788918972,-0.0009391903877258301,1,1,False,False
D_C_43122,chck_90M,natural_mention:nr:00054,nonidentical_remention,nonperson_name_to_pronoun,natural_distance_pair:0120,10_19,15,0.0862247496843338,0.09934152662754059,0.013116776943206787,1,1,False,False
D_C_43122,chck_90M,natural_mention:nr:00055,nonidentical_remention,full_name_to_acronym,natural_distance_pair:0071,00_04,0,4.522140026092529,4.597260475158691,0.07512044906616211,2,2,False,False
D_C_43122,chck_90M,natural_mention:nr:00056,nonidentical_remention,person_name_to_pronoun,natural_distance_pair:0093,10_19,16,0.5997097492218018,0.575019359588623,-0.02469038963317871,1,1,False,False
D_C_43122,chck_90M,natural_mention:nr:00057,nonidentical_remention,person_name_to_pronoun,natural_distance_pair:0095,10_19,15,0.264894038438797,0.23715002834796906,-0.027744010090827942,1,1,False,False
D_C_43122,chck_90M,natural_mention:nr:00058,nonidentical_remention,full_name_to_surname_or_final_token,natural_distance_pair:0028,20_39,27,1.2041300535202026,9.858976364135742,8.65484631061554,2,2,False,False
D_C_43122,chck_90M,natural_mention:nr:00059,nonidentical_remention,nonperson_name_to_pronoun,natural_distance_pair:0125,05_09,9,0.04561764374375343,0.040116406977176666,-0.005501236766576767,1,1,False,False
D_C_43122,chck_90M,natural_mention:nr:00060,nonidentical_remention,explicit_appositive_description,natural_distance_pair:0083,00_04,0,7.890026092529297,7.979817867279053,0.08979177474975586,3,3,False,False
D_C_43122,chck_90M,natural_mention:nr:00061,nonidentical_remention,full_name_to_surname_or_final_token,natural_distance_pair:0011,40_79,48,7.7024030685424805,9.072032928466797,1.3696298599243164,1,1,False,False
D_C_43122,chck_90M,natural_mention:nr:00062,nonidentical_remention,full_name_to_surname_or_final_token,natural_distance_pair:0003,40_79,57,2.6951916217803955,8.593082427978516,5.89789080619812,5,5,False,False
D_C_43122,chck_90M,natural_mention:nr:00063,nonidentical_remention,full_name_to_acronym,natural_distance_pair:0066,00_04,0,6.613846778869629,5.814510345458984,-0.7993364334106445,2,2,False,False
D_C_43122,chck_90M,natural_mention:nr:00064,nonidentical_remention,full_name_to_surname_or_final_token,natural_distance_pair:0042,10_19,14,0.11198024451732635,8.934774398803711,8.822794154286385,2,2,False,False
D_C_43122,chck_90M,natural_mention:nr:00065,nonidentical_remention,full_name_to_acronym,natural_distance_pair:0065,00_04,1,7.078644752502441,6.573065757751465,-0.5055789947509766,2,2,False,False
D_C_43122,chck_90M,natural_mention:nr:00066,nonidentical_remention,explicit_appositive_description,natural_distance_pair:0078,00_04,0,5.40386962890625,5.6706647872924805,0.26679515838623047,1,1,False,False
D_C_43122,chck_90M,natural_mention:nr:00067,nonidentical_remention,full_name_to_acronym,natural_distance_pair:0076,00_04,0,4.539073467254639,4.82526969909668,0.286196231842041,2,2,False,False
D_C_43122,chck_90M,natural_mention:nr:00068,nonidentical_remention,explicit_appositive_description,natural_distance_pair:0086,00_04,0,6.6691765785217285,6.6179304122924805,-0.05124616622924805,7,7,False,False
D_C_43122,chck_90M,natural_mention:nr:00069,nonidentical_remention,person_name_to_pronoun,natural_distance_pair:0111,05_09,8,0.8183921575546265,0.8199977278709412,0.0016055703163146973,1,1,False,False
D_C_43122,chck_90M,natural_mention:nr:00070,nonidentical_remention,full_name_to_acronym,natural_distance_pair:0052,10_19,10,6.667790412902832,6.4527459144592285,-0.21504449844360352,2,2,False,False
D_C_43122,chck_90M,natural_mention:nr:00071,nonidentical_remention,person_name_to_pronoun,natural_distance_pair:0108,05_09,8,0.5835051536560059,0.432725727558136,-0.15077942609786987,1,1,False,False
D_C_43122,chck_90M,natural_mention:nr:00072,nonidentical_remention,full_name_to_surname_or_final_token,natural_distance_pair:0004,40_79,56,0.9890586733818054,6.655861854553223,5.666803181171417,2,2,False,False
D_C_43122,chck_90M,natural_mention:nr:00073,nonidentical_remention,person_name_to_pronoun,natural_distance_pair:0091,10_19,18,0.5162692070007324,1.2738362550735474,0.7575670480728149,1,1,False,False
D_C_43122,chck_90M,natural_mention:nr:00074,nonidentical_remention,full_name_to_acronym,natural_distance_pair:0047,10_19,12,4.602973937988281,5.408589839935303,0.8056159019470215,3,3,False,False
D_C_43122,chck_90M,natural_mention:nr:00075,nonidentical_remention,nonperson_name_to_pronoun,natural_distance_pair:0126,05_09,7,6.400528430938721,6.540553569793701,0.14002513885498047,1,1,False,False
D_C_43122,chck_90M,natural_mention:nr:00076,nonidentical_remention,full_name_to_acronym,natural_distance_pair:0069,00_04,0,9.466116905212402,8.890035629272461,-0.5760812759399414,2,2,False,False
D_C_43122,chck_90M,natural_mention:nr:00077,nonidentical_remention,person_name_to_pronoun,natural_distance_pair:0114,05_09,7,2.196946620941162,2.0947113037109375,-0.10223531723022461,1,1,False,False
D_C_43122,chck_90M,natural_mention:nr:00078,nonidentical_remention,person_name_to_pronoun,natural_distance_pair:0087,20_39,33,2.562441349029541,3.1218793392181396,0.5594379901885986,1,1,False,False
D_C_43122,chck_90M,natural_mention:nr:00079,nonidentical_remention,person_name_to_pronoun,natural_distance_pair:0098,10_19,12,3.6371448040008545,3.970410108566284,0.3332653045654297,1,1,False,False
D_C_43122,chck_90M,natural_mention:nr:00080,nonidentical_remention,nonperson_name_to_pronoun,natural_distance_pair:0118,10_19,19,0.6415061354637146,0.6073259115219116,-0.03418022394180298,1,1,False,False
D_C_43122,chck_90M,natural_mention:nr:00081,nonidentical_remention,full_name_to_surname_or_final_token,natural_distance_pair:0025,20_39,28,4.64670991897583,8.098403930664062,3.4516940116882324,4,4,False,False
D_C_43122,chck_90M,natural_mention:nr:00082,nonidentical_remention,full_name_to_surname_or_final_token,natural_distance_pair:0050,10_19,11,12.174659729003906,9.923971176147461,-2.2506885528564453,2,2,False,False
D_C_43122,chck_90M,natural_mention:nr:00083,nonidentical_remention,explicit_appositive_description,natural_distance_pair:0067,00_04,0,8.643404960632324,8.003942489624023,-0.6394624710083008,6,6,False,False
D_C_43122,chck_90M,natural_mention:nr:00084,nonidentical_remention,full_name_to_surname_or_final_token,natural_distance_pair:0055,05_09,7,10.579452514648438,10.827380180358887,0.24792766571044922,3,3,False,False
D_C_43122,chck_90M,natural_mention:nr:00085,nonidentical_remention,person_name_to_pronoun,natural_distance_pair:0113,05_09,7,0.024216802790760994,0.021085506305098534,-0.0031312964856624603,1,1,False,False
D_C_43122,chck_90M,natural_mention:nr:00086,nonidentical_remention,person_name_to_pronoun,natural_distance_pair:0088,20_39,21,4.764961242675781,4.6822028160095215,-0.08275842666625977,1,1,False,False
D_C_43122,chck_90M,natural_mention:nr:00087,nonidentical_remention,full_name_to_acronym,natural_distance_pair:0033,20_39,20,12.309642791748047,12.402978897094727,0.09333610534667969,2,2,False,False
D_C_43122,chck_90M,natural_mention:nr:00088,nonidentical_remention,full_name_to_surname_or_final_token,natural_distance_pair:0015,20_39,38,10.298988342285156,11.334754943847656,1.0357666015625,2,2,False,False
D_C_43122,chck_90M,natural_mention:nr:00089,nonidentical_remention,full_name_to_surname_or_final_token,natural_distance_pair:0000,40_79,74,0.9324483275413513,7.005860328674316,6.073412001132965,2,2,False,False
D_C_43122,chck_90M,natural_mention:nr:00090,nonidentical_remention,explicit_appositive_description,natural_distance_pair:0068,00_04,0,6.374488353729248,6.372530460357666,-0.0019578933715820312,3,3,False,False
D_C_43122,chck_90M,natural_mention:nr:00091,nonidentical_remention,full_name_to_acronym,natural_distance_pair:0048,10_19,12,7.484230041503906,7.014510631561279,-0.46971940994262695,2,2,False,False
D_C_43122,chck_90M,natural_mention:nr:00092,nonidentical_remention,full_name_to_acronym,natural_distance_pair:0032,20_39,21,9.17504596710205,9.251227378845215,0.07618141174316406,2,2,False,False
D_C_43122,chck_90M,natural_mention:nr:00093,nonidentical_remention,person_name_to_pronoun,natural_distance_pair:0103,10_19,10,3.0628957748413086,3.3556151390075684,0.29271936416625977,1,1,False,False
D_C_43122,chck_90M,natural_mention:nr:00094,nonidentical_remention,full_name_to_acronym,natural_distance_pair:0024,20_39,29,4.838167190551758,4.8882269859313965,0.05005979537963867,3,3,False,False
D_C_43122,chck_90M,natural_mention:nr:00095,nonidentical_remention,full_name_to_surname_or_final_token,natural_distance_pair:0059,00_04,4,0.963550329208374,0.6960338354110718,-0.26751649379730225,1,1,False,False
D_C_43122,chck_90M,natural_mention:nr:00096,nonidentical_remention,person_name_to_pronoun,natural_distance_pair:0101,10_19,11,5.938615798950195,5.88435697555542,-0.05425882339477539,1,1,False,False
D_C_43122,chck_90M,natural_mention:nr:00097,nonidentical_remention,full_name_to_surname_or_final_token,natural_distance_pair:0007,40_79,52,2.6023080348968506,8.892906188964844,6.290598154067993,3,3,False,False
D_C_43122,chck_90M,natural_mention:nr:00098,nonidentical_remention,full_name_to_surname_or_final_token,natural_distance_pair:0023,20_39,30,3.5456771850585938,9.292413711547852,5.746736526489258,5,5,False,False
D_C_43122,chck_90M,natural_mention:nr:00099,nonidentical_remention,full_name_to_surname_or_final_token,natural_distance_pair:0054,05_09,9,6.04620885848999,4.849624156951904,-1.196584701538086,3,3,False,False
D_C_43122,chck_90M,natural_mention:nr:00100,nonidentical_remention,full_name_to_acronym,natural_distance_pair:0020,20_39,31,8.685250282287598,8.485053062438965,-0.2001972198486328,3,3,False,False
D_C_43122,chck_90M,natural_mention:nr:00101,nonidentical_remention,full_name_to_acronym,natural_distance_pair:0037,10_19,17,3.335664749145508,3.6320321559906006,0.2963674068450928,3,3,False,False
D_C_43122,chck_90M,natural_mention:nr:00102,nonidentical_remention,explicit_appositive_description,natural_distance_pair:0073,00_04,0,4.9335432052612305,4.50616455078125,-0.42737865447998047,1,1,False,False
D_C_43122,chck_90M,natural_mention:nr:00103,nonidentical_remention,full_name_to_acronym,natural_distance_pair:0002,40_79,62,7.19834566116333,6.871707439422607,-0.32663822174072266,3,3,False,False
D_C_43122,chck_90M,natural_mention:nr:00104,nonidentical_remention,full_name_to_surname_or_final_token,natural_distance_pair:0018,20_39,35,2.170361042022705,9.5481595993042,7.377798557281494,2,2,False,False
D_C_43122,chck_90M,natural_mention:nr:00105,nonidentical_remention,full_name_to_surname_or_final_token,natural_distance_pair:0013,40_79,44,7.299992561340332,8.871377944946289,1.571385383605957,4,4,False,False
D_C_43122,chck_90M,natural_mention:nr:00106,nonidentical_remention,full_name_to_surname_or_final_token,natural_distance_pair:0006,40_79,53,9.9787015914917,10.347270965576172,0.36856937408447266,2,2,False,False
D_C_43122,chck_90M,natural_mention:nr:00107,nonidentical_remention,full_name_to_surname_or_final_token,natural_distance_pair:0041,10_19,15,5.237049102783203,7.756735324859619,2.519686222076416,2,2,False,False
D_C_43122,chck_90M,natural_mention:nr:00108,nonidentical_remention,full_name_to_surname_or_final_token,natural_distance_pair:0030,20_39,23,0.15766406059265137,10.151901245117188,9.994237184524536,2,2,False,False
D_C_43122,chck_90M,natural_mention:nr:00109,nonidentical_remention,full_name_to_surname_or_final_token,natural_distance_pair:0039,10_19,16,0.8962315917015076,0.701870322227478,-0.19436126947402954,1,1,False,False
D_C_43122,chck_90M,natural_mention:nr:00110,nonidentical_remention,full_name_to_acronym,natural_distance_pair:0021,20_39,31,0.6175898909568787,0.864626944065094,0.24703705310821533,2,2,False,False
D_C_43122,chck_90M,natural_mention:nr:00111,nonidentical_remention,full_name_to_acronym,natural_distance_pair:0016,20_39,37,6.831186294555664,7.056537628173828,0.22535133361816406,1,1,False,False
D_C_43122,chck_90M,natural_mention:nr:00112,nonidentical_remention,person_name_to_pronoun,natural_distance_pair:0102,10_19,10,1.0996077060699463,0.9651020765304565,-0.13450562953948975,1,1,False,False
D_C_43122,chck_90M,natural_mention:nr:00113,nonidentical_remention,full_name_to_surname_or_final_token,natural_distance_pair:0012,40_79,48,4.947341442108154,6.4458770751953125,1.4985356330871582,3,3,False,False
D_C_43122,chck_90M,natural_mention:nr:00114,nonidentical_remention,person_name_to_pronoun,natural_distance_pair:0090,20_39,21,3.088654041290283,3.117441415786743,0.02878737449645996,1,1,False,False
D_C_43122,chck_90M,natural_mention:nr:00115,nonidentical_remention,person_name_to_pronoun,natural_distance_pair:0109,05_09,8,0.7597479224205017,0.4745396077632904,-0.2852083146572113,1,1,False,False
D_C_43122,chck_90M,natural_mention:nr:00116,nonidentical_remention,person_name_to_pronoun,natural_distance_pair:0094,10_19,15,0.9625483155250549,0.28400278091430664,-0.6785455346107483,1,1,False,False
D_C_43122,chck_90M,natural_mention:nr:00117,nonidentical_remention,person_name_to_pronoun,natural_distance_pair:0116,05_09,6,1.3172333240509033,1.2364318370819092,-0.08080148696899414,1,1,False,False
D_C_43122,chck_90M,natural_mention:nr:00118,nonidentical_remention,full_name_to_acronym,natural_distance_pair:0019,20_39,33,6.9635329246521,7.769088268280029,0.8055553436279297,3,3,False,False
D_C_43122,chck_90M,natural_mention:nr:00119,nonidentical_remention,person_name_to_pronoun,natural_distance_pair:0105,05_09,9,0.495959997177124,0.4136764407157898,-0.08228355646133423,1,1,False,False
D_C_43122,chck_90M,natural_mention:nr:00120,nonidentical_remention,person_name_to_pronoun,natural_distance_pair:0115,05_09,6,0.9742547273635864,0.7802687287330627,-0.19398599863052368,1,1,False,False
D_C_43122,chck_90M,natural_mention:nr:00121,nonidentical_remention,full_name_to_acronym,natural_distance_pair:0061,00_04,2,4.9885149002075195,5.148637771606445,0.16012287139892578,4,4,False,False
D_C_43122,chck_90M,natural_mention:nr:00122,nonidentical_remention,explicit_appositive_description,natural_distance_pair:0082,00_04,0,3.968820571899414,3.5722596645355225,-0.3965609073638916,1,1,False,False
D_C_43122,chck_90M,natural_mention:nr:00123,nonidentical_remention,full_name_to_acronym,natural_distance_pair:0017,20_39,36,2.895872116088867,3.3561904430389404,0.46031832695007324,3,3,False,False
D_C_43122,chck_90M,natural_mention:nr:00124,nonidentical_remention,full_name_to_surname_or_final_token,natural_distance_pair:0034,20_39,20,5.673552513122559,8.252812385559082,2.5792598724365234,2,2,False,False
D_C_43122,chck_90M,natural_mention:nr:00125,nonidentical_remention,explicit_appositive_description,natural_distance_pair:0077,00_04,0,6.660861968994141,6.784162521362305,0.12330055236816406,3,3,False,False
D_C_43122,chck_90M,natural_mention:nr:00126,nonidentical_remention,full_name_to_acronym,natural_distance_pair:0031,20_39,22,8.827435493469238,8.768471717834473,-0.058963775634765625,2,2,False,False
D_C_43122,chck_90M,natural_mention:nr:00127,nonidentical_remention,person_name_to_pronoun,natural_distance_pair:0106,05_09,8,0.02821485698223114,0.0549609549343586,0.026746097952127457,1,1,False,False
D_C_43122,chck_90M,natural_mention:nr:00128,nonidentical_remention,full_name_to_surname_or_final_token,natural_distance_pair:0038,10_19,16,3.248263359069824,9.109419822692871,5.861156463623047,2,2,False,False
D_C_43122,chck_90M,natural_mention:vr:00129,verbatim_remention,exact_named_entity,natural_distance_pair:0082,00_04,4,9.250288009643555,9.25349235534668,0.003204345703125,2,2,False,False
D_C_43122,chck_90M,natural_mention:vr:00130,verbatim_remention,exact_named_entity,natural_distance_pair:0041,10_19,15,0.7964382767677307,8.586418151855469,7.789979875087738,3,3,False,False
D_C_43122,chck_90M,natural_mention:vr:00131,verbatim_remention,exact_named_entity,natural_distance_pair:0046,10_19,13,0.5157793760299683,7.934815883636475,7.419036507606506,5,5,False,False
D_C_43122,chck_90M,natural_mention:vr:00132,verbatim_remention,exact_named_entity,natural_distance_pair:0080,00_04,3,6.007107257843018,5.9704437255859375,-0.03666353225708008,3,3,False,False
D_C_43122,chck_90M,natural_mention:vr:00133,verbatim_remention,exact_named_entity,natural_distance_pair:0035,10_19,19,7.040742874145508,8.419988632202148,1.3792457580566406,1,1,False,False
D_C_43122,chck_90M,natural_mention:vr:00134,verbatim_remention,exact_named_entity,natural_distance_pair:0081,00_04,4,0.8966445922851562,1.101851463317871,0.20520687103271484,1,1,False,False
D_C_43122,chck_90M,natural_mention:vr:00135,verbatim_remention,exact_named_entity,natural_distance_pair:0026,20_39,28,1.2149269580841064,6.252936840057373,5.038009881973267,2,2,False,False
D_C_43122,chck_90M,natural_mention:vr:00136,verbatim_remention,exact_named_entity,natural_distance_pair:0006,40_79,54,9.035423278808594,9.267110824584961,0.2316875457763672,2,2,False,False
D_C_43122,chck_90M,natural_mention:vr:00137,verbatim_remention,exact_named_entity,natural_distance_pair:0100,10_19,12,1.8830039501190186,4.48043155670166,2.5974276065826416,2,2,False,False
D_C_43122,chck_90M,natural_mention:vr:00138,verbatim_remention,exact_named_entity,natural_distance_pair:0111,05_09,8,3.505429267883301,3.9895381927490234,0.48410892486572266,3,3,False,False
D_C_43122,chck_90M,natural_mention:vr:00139,verbatim_remention,exact_named_entity,natural_distance_pair:0015,20_39,38,0.10353497415781021,4.605085849761963,4.501550875604153,3,3,False,False
D_C_43122,chck_90M,natural_mention:vr:00140,verbatim_remention,exact_named_entity,natural_distance_pair:0091,10_19,18,8.534900665283203,11.020561218261719,2.4856605529785156,4,4,False,False
D_C_43122,chck_90M,natural_mention:vr:00141,verbatim_remention,exact_named_entity,natural_distance_pair:0022,20_39,31,0.1279977262020111,3.142662286758423,3.0146645605564117,1,1,False,False
D_C_43122,chck_90M,natural_mention:vr:00142,verbatim_remention,exact_named_entity,natural_distance_pair:0052,10_19,10,0.9766080975532532,1.154906153678894,0.17829805612564087,3,3,False,False
D_C_43122,chck_90M,natural_mention:vr:00143,verbatim_remention,exact_named_entity,natural_distance_pair:0062,00_04,3,6.9427056312561035,8.743948936462402,1.8012433052062988,1,1,False,False
D_C_43122,chck_90M,natural_mention:vr:00144,verbatim_remention,exact_named_entity,natural_distance_pair:0002,40_79,62,8.257761001586914,9.079899787902832,0.822138786315918,1,1,False,False
D_C_43122,chck_90M,natural_mention:vr:00145,verbatim_remention,exact_named_entity,natural_distance_pair:0031,20_39,22,13.354655265808105,13.780280113220215,0.4256248474121094,1,1,False,False
D_C_43122,chck_90M,natural_mention:vr:00146,verbatim_remention,exact_named_entity,natural_distance_pair:0047,10_19,12,3.0233638286590576,5.915970325469971,2.892606496810913,2,2,False,False
D_C_43122,chck_90M,natural_mention:vr:00147,verbatim_remention,exact_named_entity,natural_distance_pair:0112,05_09,7,3.605609893798828,4.609714508056641,1.0041046142578125,1,1,False,False
D_C_43122,chck_90M,natural_mention:vr:00148,verbatim_remention,exact_named_entity,natural_distance_pair:0109,05_09,8,1.0508226156234741,2.033655881881714,0.9828332662582397,3,3,False,False
D_C_43122,chck_90M,natural_mention:vr:00149,verbatim_remention,exact_named_entity,natural_distance_pair:0098,10_19,12,2.6478190422058105,3.50823712348938,0.8604180812835693,3,3,False,False
D_C_43122,chck_90M,natural_mention:vr:00150,verbatim_remention,exact_named_entity,natural_distance_pair:0117,05_09,5,3.333636999130249,2.1906347274780273,-1.1430022716522217,3,3,False,False
D_C_43122,chck_90M,natural_mention:vr:00151,verbatim_remention,exact_named_entity,natural_distance_pair:0005,40_79,54,12.24158000946045,12.251119613647461,0.009539604187011719,1,1,False,False
D_C_43122,chck_90M,natural_mention:vr:00152,verbatim_remention,exact_named_entity,natural_distance_pair:0014,40_79,42,0.7029036283493042,9.267723083496094,8.56481945514679,2,2,False,False
D_C_43122,chck_90M,natural_mention:vr:00153,verbatim_remention,exact_named_entity,natural_distance_pair:0102,10_19,10,8.596832275390625,9.182083129882812,0.5852508544921875,2,2,False,False
D_C_43122,chck_90M,natural_mention:vr:00154,verbatim_remention,indefinite_to_definite_nominal,natural_distance_pair:0084,00_04,3,1.506919026374817,4.001271724700928,2.494352698326111,1,1,False,False
D_C_43122,chck_90M,natural_mention:vr:00155,verbatim_remention,exact_named_entity,natural_distance_pair:0108,05_09,8,0.4767184555530548,5.785899639129639,5.309181183576584,1,1,False,False
D_C_43122,chck_90M,natural_mention:vr:00156,verbatim_remention,exact_named_entity,natural_distance_pair:0011,40_79,48,1.799223780632019,1.8070499897003174,0.00782620906829834,1,1,False,False
D_C_43122,chck_90M,natural_mention:vr:00157,verbatim_remention,exact_named_entity,natural_distance_pair:0105,05_09,9,0.45462822914123535,0.513729989528656,0.059101760387420654,2,2,False,False
D_C_43122,chck_90M,natural_mention:vr:00158,verbatim_remention,exact_named_entity,natural_distance_pair:0066,00_04,4,0.3878331184387207,6.208921432495117,5.8210883140563965,2,2,False,False
D_C_43122,chck_90M,natural_mention:vr:00159,verbatim_remention,exact_named_entity,natural_distance_pair:0090,20_39,21,15.406523704528809,15.468135833740234,0.06161212921142578,1,1,False,False
D_C_43122,chck_90M,natural_mention:vr:00160,verbatim_remention,exact_named_entity,natural_distance_pair:0121,10_19,12,0.11076794564723969,9.926087379455566,9.815319433808327,1,1,False,False
D_C_43122,chck_90M,natural_mention:vr:00161,verbatim_remention,indefinite_to_definite_nominal,natural_distance_pair:0074,00_04,4,7.144758224487305,7.9618072509765625,0.8170490264892578,1,1,False,False
D_C_43122,chck_90M,natural_mention:vr:00162,verbatim_remention,exact_named_entity,natural_distance_pair:0036,10_19,18,0.28385433554649353,2.779240608215332,2.4953862726688385,1,1,False,False
D_C_43122,chck_90M,natural_mention:vr:00163,verbatim_remention,exact_named_entity,natural_distance_pair:0029,20_39,26,10.468588829040527,11.440765380859375,0.9721765518188477,2,2,False,False
D_C_43122,chck_90M,natural_mention:vr:00164,verbatim_remention,exact_named_entity,natural_distance_pair:0057,00_04,4,6.893974304199219,6.965789794921875,0.07181549072265625,1,1,False,False
D_C_43122,chck_90M,natural_mention:vr:00165,verbatim_remention,exact_named_entity,natural_distance_pair:0107,05_09,8,1.6806485652923584,3.2652029991149902,1.5845544338226318,1,1,False,False
D_C_43122,chck_90M,natural_mention:vr:00166,verbatim_remention,exact_named_entity,natural_distance_pair:0101,10_19,11,5.082043647766113,5.288979530334473,0.20693588256835938,1,1,False,False
D_C_43122,chck_90M,natural_mention:vr:00167,verbatim_remention,exact_named_entity,natural_distance_pair:0037,10_19,17,2.6339828968048096,9.500585556030273,6.866602659225464,3,3,False,False
D_C_43122,chck_90M,natural_mention:vr:00168,verbatim_remention,exact_named_entity,natural_distance_pair:0092,10_19,17,4.994582176208496,6.009404182434082,1.014822006225586,2,2,False,False
D_C_43122,chck_90M,natural_mention:vr:00169,verbatim_remention,exact_named_entity,natural_distance_pair:0104,05_09,9,2.401289463043213,7.644009590148926,5.242720127105713,2,2,False,False
D_C_43122,chck_90M,natural_mention:vr:00170,verbatim_remention,exact_named_entity,natural_distance_pair:0012,40_79,48,4.1150665283203125,9.034482955932617,4.919416427612305,1,1,False,False
D_C_43122,chck_90M,natural_mention:vr:00171,verbatim_remention,exact_named_entity,natural_distance_pair:0038,10_19,16,6.454735279083252,7.645816802978516,1.1910815238952637,3,3,False,False
D_C_43122,chck_90M,natural_mention:vr:00172,verbatim_remention,exact_named_entity,natural_distance_pair:0053,10_19,10,5.934787750244141,5.022391319274902,-0.9123964309692383,1,1,False,False
D_C_43122,chck_90M,natural_mention:vr:00173,verbatim_remention,indefinite_to_definite_nominal,natural_distance_pair:0085,00_04,4,7.951732635498047,10.520611763000488,2.5688791275024414,2,2,False,False
D_C_43122,chck_90M,natural_mention:vr:00174,verbatim_remention,exact_named_entity,natural_distance_pair:0125,05_09,9,0.2579615116119385,2.018706798553467,1.7607452869415283,4,4,False,False
D_C_43122,chck_90M,natural_mention:vr:00175,verbatim_remention,exact_named_entity,natural_distance_pair:0063,00_04,3,9.202493667602539,9.360328674316406,0.1578350067138672,1,1,False,False
D_C_43122,chck_90M,natural_mention:vr:00176,verbatim_remention,exact_named_entity,natural_distance_pair:0118,10_19,19,2.560981512069702,2.3301002979278564,-0.2308812141418457,2,2,False,False
D_C_43122,chck_90M,natural_mention:vr:00177,verbatim_remention,exact_named_entity,natural_distance_pair:0059,00_04,4,7.562633514404297,9.365915298461914,1.8032817840576172,2,2,False,False
D_C_43122,chck_90M,natural_mention:vr:00178,verbatim_remention,exact_named_entity,natural_distance_pair:0040,10_19,15,0.6770277619361877,8.844728469848633,8.167700707912445,2,2,False,False
D_C_43122,chck_90M,natural_mention:vr:00179,verbatim_remention,exact_named_entity,natural_distance_pair:0094,10_19,15,0.5501580834388733,3.3172671794891357,2.7671090960502625,1,1,False,False
D_C_43122,chck_90M,natural_mention:vr:00180,verbatim_remention,exact_named_entity,natural_distance_pair:0048,10_19,12,12.017130851745605,12.008289337158203,-0.008841514587402344,1,1,False,False
D_C_43122,chck_90M,natural_mention:vr:00181,verbatim_remention,exact_named_entity,natural_distance_pair:0058,00_04,4,2.1451125144958496,9.49056625366211,7.34545373916626,1,1,False,False
D_C_43122,chck_90M,natural_mention:vr:00182,verbatim_remention,exact_named_entity,natural_distance_pair:0033,20_39,20,5.600095748901367,13.515787124633789,7.915691375732422,1,1,False,False
D_C_43122,chck_90M,natural_mention:vr:00183,verbatim_remention,exact_named_entity,natural_distance_pair:0079,00_04,4,8.970059394836426,8.94144058227539,-0.028618812561035156,4,4,False,False
D_C_43122,chck_90M,natural_mention:vr:00184,verbatim_remention,exact_named_entity,natural_distance_pair:0054,05_09,9,4.45035982131958,8.228697776794434,3.7783379554748535,1,1,False,False
D_C_43122,chck_90M,natural_mention:vr:00185,verbatim_remention,exact_named_entity,natural_distance_pair:0078,00_04,3,0.9521639943122864,1.6811213493347168,0.7289573550224304,3,3,False,False
D_C_43122,chck_90M,natural_mention:vr:00186,verbatim_remention,exact_named_entity,natural_distance_pair:0030,20_39,23,14.172073364257812,13.829630851745605,-0.34244251251220703,1,1,False,False
D_C_43122,chck_90M,natural_mention:vr:00187,verbatim_remention,exact_named_entity,natural_distance_pair:0126,05_09,7,0.290468692779541,6.250762939453125,5.960294246673584,5,5,False,False
D_C_43122,chck_90M,natural_mention:vr:00188,verbatim_remention,exact_named_entity,natural_distance_pair:0027,20_39,28,7.262962341308594,7.338208198547363,0.07524585723876953,1,1,False,False
D_C_43122,chck_90M,natural_mention:vr:00189,verbatim_remention,exact_named_entity,natural_distance_pair:0069,00_04,4,0.08199748396873474,0.09243392199277878,0.010436438024044037,2,2,False,False
D_C_43122,chck_90M,natural_mention:vr:00190,verbatim_remention,exact_named_entity,natural_distance_pair:0051,10_19,11,0.4408644139766693,0.5001468658447266,0.05928245186805725,3,3,False,False
D_C_43122,chck_90M,natural_mention:vr:00191,verbatim_remention,exact_named_entity,natural_distance_pair:0042,10_19,14,5.169011116027832,5.878279209136963,0.7092680931091309,3,3,False,False
D_C_43122,chck_90M,natural_mention:vr:00192,verbatim_remention,exact_named_entity,natural_distance_pair:0072,00_04,3,5.886892318725586,6.728361129760742,0.8414688110351562,3,3,False,False
D_C_43122,chck_90M,natural_mention:vr:00193,verbatim_remention,exact_named_entity,natural_distance_pair:0021,20_39,31,1.568635106086731,1.8028901815414429,0.23425507545471191,6,6,False,False
D_C_43122,chck_90M,natural_mention:vr:00194,verbatim_remention,exact_named_entity,natural_distance_pair:0068,00_04,3,14.431083679199219,14.0943603515625,-0.33672332763671875,2,2,False,False
D_C_43122,chck_90M,natural_mention:vr:00195,verbatim_remention,exact_named_entity,natural_distance_pair:0028,20_39,27,0.09369588643312454,4.403078556060791,4.3093826696276665,1,1,False,False
D_C_43122,chck_90M,natural_mention:vr:00196,verbatim_remention,exact_named_entity,natural_distance_pair:0124,05_09,9,4.219130992889404,3.6331424713134766,-0.5859885215759277,3,3,False,False
D_C_43122,chck_90M,natural_mention:vr:00197,verbatim_remention,exact_named_entity,natural_distance_pair:0060,00_04,4,3.8458454608917236,3.3587124347686768,-0.4871330261230469,3,3,False,False
D_C_43122,chck_90M,natural_mention:vr:00198,verbatim_remention,exact_named_entity,natural_distance_pair:0049,10_19,12,11.744208335876465,11.97530460357666,0.2310962677001953,2,2,False,False
D_C_43122,chck_90M,natural_mention:vr:00199,verbatim_remention,exact_named_entity,natural_distance_pair:0045,10_19,13,0.1387888789176941,0.15939515829086304,0.020606279373168945,4,4,False,False
D_C_43122,chck_90M,natural_mention:vr:00200,verbatim_remention,exact_named_entity,natural_distance_pair:0017,20_39,35,6.6636176109313965,7.356450080871582,0.6928324699401855,5,5,False,False
D_C_43122,chck_90M,natural_mention:vr:00201,verbatim_remention,exact_named_entity,natural_distance_pair:0010,40_79,48,0.09068591147661209,4.433692455291748,4.343006543815136,1,1,False,False
D_C_43122,chck_90M,natural_mention:vr:00202,verbatim_remention,exact_named_entity,natural_distance_pair:0023,20_39,30,8.62634563446045,9.249439239501953,0.6230936050415039,3,3,False,False
D_C_43122,chck_90M,natural_mention:vr:00203,verbatim_remention,exact_named_entity,natural_distance_pair:0075,00_04,4,6.932614803314209,9.967096328735352,3.0344815254211426,5,5,False,False
D_C_43122,chck_90M,natural_mention:vr:00204,verbatim_remention,exact_named_entity,natural_distance_pair:0087,20_39,33,5.637585639953613,13.164632797241211,7.527047157287598,1,1,False,False
D_C_43122,chck_90M,natural_mention:vr:00205,verbatim_remention,exact_named_entity,natural_distance_pair:0025,20_39,28,13.192461013793945,13.386473655700684,0.19401264190673828,2,2,False,False
D_C_43122,chck_90M,natural_mention:vr:00206,verbatim_remention,exact_named_entity,natural_distance_pair:0115,05_09,6,0.8331321477890015,5.131144046783447,4.298011898994446,4,4,False,False
D_C_43122,chck_90M,natural_mention:vr:00207,verbatim_remention,exact_named_entity,natural_distance_pair:0065,00_04,3,4.9589433670043945,5.722268104553223,0.7633247375488281,1,1,False,False
D_C_43122,chck_90M,natural_mention:vr:00208,verbatim_remention,exact_named_entity,natural_distance_pair:0113,05_09,7,5.094659328460693,5.763461112976074,0.6688017845153809,1,1,False,False
D_C_43122,chck_90M,natural_mention:vr:00209,verbatim_remention,exact_named_entity,natural_distance_pair:0119,10_19,16,1.8312404155731201,1.3472806215286255,-0.48395979404449463,1,1,False,False
D_C_43122,chck_90M,natural_mention:vr:00210,verbatim_remention,exact_named_entity,natural_distance_pair:0056,05_09,6,0.43013936281204224,3.4884345531463623,3.05829519033432,2,2,False,False
D_C_43122,chck_90M,natural_mention:vr:00211,verbatim_remention,exact_named_entity,natural_distance_pair:0016,20_39,37,0.4500328302383423,10.179431915283203,9.72939908504486,3,3,False,False
D_C_43122,chck_90M,natural_mention:vr:00212,verbatim_remention,exact_named_entity,natural_distance_pair:0013,40_79,44,0.08171642571687698,10.574569702148438,10.49285327643156,3,3,False,False
D_C_43122,chck_90M,natural_mention:vr:00213,verbatim_remention,exact_named_entity,natural_distance_pair:0050,10_19,11,9.080085754394531,10.971532821655273,1.8914470672607422,4,4,False,False
D_C_43122,chck_90M,natural_mention:vr:00214,verbatim_remention,exact_named_entity,natural_distance_pair:0043,10_19,14,0.6983171701431274,2.0148208141326904,1.316503643989563,2,2,False,False
D_C_43122,chck_90M,natural_mention:vr:00215,verbatim_remention,exact_named_entity,natural_distance_pair:0020,20_39,31,0.052777063101530075,7.866029739379883,7.813252676278353,2,2,False,False
D_C_43122,chck_90M,natural_mention:vr:00216,verbatim_remention,exact_named_entity,natural_distance_pair:0007,40_79,52,2.185880422592163,7.977573871612549,5.791693449020386,1,1,False,False
D_C_43122,chck_90M,natural_mention:vr:00217,verbatim_remention,exact_named_entity,natural_distance_pair:0088,20_39,21,4.52396821975708,4.990236282348633,0.46626806259155273,1,1,False,False
D_C_43122,chck_90M,natural_mention:vr:00218,verbatim_remention,exact_named_entity,natural_distance_pair:0083,00_04,4,1.4934996366500854,14.992100715637207,13.498601078987122,2,2,False,False
D_C_43122,chck_90M,natural_mention:vr:00219,verbatim_remention,exact_named_entity,natural_distance_pair:0096,10_19,14,8.081552505493164,8.015704154968262,-0.06584835052490234,3,3,False,False
D_C_43122,chck_90M,natural_mention:vr:00220,verbatim_remention,exact_named_entity,natural_distance_pair:0044,10_19,13,1.8982245922088623,1.6868208646774292,-0.2114037275314331,1,1,False,False
D_C_43122,chck_90M,natural_mention:vr:00221,verbatim_remention,exact_named_entity,natural_distance_pair:0000,40_79,71,0.9002026319503784,10.277068138122559,9.37686550617218,2,2,False,False
D_C_43122,chck_90M,natural_mention:vr:00222,verbatim_remention,exact_named_entity,natural_distance_pair:0064,00_04,4,0.6655799746513367,3.1272833347320557,2.461703360080719,1,1,False,False
D_C_43122,chck_90M,natural_mention:vr:00223,verbatim_remention,exact_named_entity,natural_distance_pair:0093,10_19,16,0.15498556196689606,0.11005590111017227,-0.044929660856723785,3,3,False,False
D_C_43122,chck_90M,natural_mention:vr:00224,verbatim_remention,exact_named_entity,natural_distance_pair:0018,20_39,36,14.670720100402832,15.032015800476074,0.3612957000732422,1,1,False,False
D_C_43122,chck_90M,natural_mention:vr:00225,verbatim_remention,exact_named_entity,natural_distance_pair:0114,05_09,7,8.191280364990234,8.560380935668945,0.36910057067871094,1,1,False,False
D_C_43122,chck_90M,natural_mention:vr:00226,verbatim_remention,exact_named_entity,natural_distance_pair:0009,40_79,51,11.553240776062012,11.189438819885254,-0.3638019561767578,1,1,False,False
D_C_43122,chck_90M,natural_mention:vr:00227,verbatim_remention,exact_named_entity,natural_distance_pair:0120,10_19,15,0.16779689490795135,0.2781263589859009,0.11032946407794952,2,2,False,False
D_C_43122,chck_90M,natural_mention:vr:00228,verbatim_remention,exact_named_entity,natural_distance_pair:0024,20_39,29,6.442187309265137,7.483154773712158,1.0409674644470215,4,4,False,False
D_C_43122,chck_90M,natural_mention:vr:00229,verbatim_remention,exact_named_entity,natural_distance_pair:0128,05_09,6,8.874815940856934,9.11506175994873,0.24024581909179688,1,1,False,False
D_C_43122,chck_90M,natural_mention:vr:00230,verbatim_remention,exact_named_entity,natural_distance_pair:0055,05_09,7,0.454794704914093,9.797679901123047,9.342885196208954,2,2,False,False
D_C_43122,chck_90M,natural_mention:vr:00231,verbatim_remention,indefinite_to_definite_nominal,natural_distance_pair:0086,00_04,4,3.370136022567749,3.9896700382232666,0.6195340156555176,1,1,False,False
D_C_43122,chck_90M,natural_mention:vr:00232,verbatim_remention,exact_named_entity,natural_distance_pair:0089,20_39,21,0.11691619455814362,6.5975422859191895,6.480626091361046,1,1,False,False
D_C_43122,chck_90M,natural_mention:vr:00233,verbatim_remention,exact_named_entity,natural_distance_pair:0032,20_39,21,1.6083569526672363,3.8668906688690186,2.2585337162017822,3,3,False,False
D_C_43122,chck_90M,natural_mention:vr:00234,verbatim_remention,exact_named_entity,natural_distance_pair:0019,20_39,33,0.19305431842803955,6.619488716125488,6.426434397697449,1,1,False,False
D_C_43122,chck_90M,natural_mention:vr:00235,verbatim_remention,exact_named_entity,natural_distance_pair:0116,05_09,6,1.9622048139572144,7.349813461303711,5.387608647346497,1,1,False,False
D_C_43122,chck_90M,natural_mention:vr:00236,verbatim_remention,exact_named_entity,natural_distance_pair:0067,00_04,4,3.664952039718628,4.343337535858154,0.6783854961395264,6,6,False,False
D_C_43122,chck_90M,natural_mention:vr:00237,verbatim_remention,exact_named_entity,natural_distance_pair:0122,10_19,10,3.345669746398926,7.02128791809082,3.6756181716918945,1,1,False,False
D_C_43122,chck_90M,natural_mention:vr:00238,verbatim_remention,exact_named_entity,natural_distance_pair:0003,40_79,56,1.1650404930114746,4.447848320007324,3.2828078269958496,1,1,False,False
D_C_43122,chck_90M,natural_mention:vr:00239,verbatim_remention,exact_named_entity,natural_distance_pair:0077,00_04,3,7.375765323638916,9.271979331970215,1.8962140083312988,2,2,False,False
D_C_43122,chck_90M,natural_mention:vr:00240,verbatim_remention,exact_named_entity,natural_distance_pair:0106,05_09,8,2.505413293838501,2.926997423171997,0.4215841293334961,6,6,False,False
D_C_43122,chck_90M,natural_mention:vr:00241,verbatim_remention,exact_named_entity,natural_distance_pair:0039,10_19,16,5.049050807952881,5.382131576538086,0.3330807685852051,1,1,False,False
D_C_43122,chck_90M,natural_mention:vr:00242,verbatim_remention,exact_named_entity,natural_distance_pair:0099,10_19,12,12.384922981262207,12.670151710510254,0.2852287292480469,1,1,False,False
D_C_43122,chck_90M,natural_mention:vr:00243,verbatim_remention,exact_named_entity,natural_distance_pair:0110,05_09,8,0.7023658156394958,8.951013565063477,8.24864774942398,1,1,False,False
D_C_43122,chck_90M,natural_mention:vr:00244,verbatim_remention,exact_named_entity,natural_distance_pair:0070,00_04,3,3.4749743938446045,3.62137508392334,0.14640069007873535,2,2,False,False
D_C_43122,chck_90M,natural_mention:vr:00245,verbatim_remention,exact_named_entity,natural_distance_pair:0008,40_79,52,0.07615792751312256,9.157808303833008,9.081650376319885,3,3,False,False
D_C_43122,chck_90M,natural_mention:vr:00246,verbatim_remention,exact_named_entity,natural_distance_pair:0097,10_19,13,0.10100182145833969,8.233083724975586,8.132081903517246,1,1,False,False
D_C_43122,chck_90M,natural_mention:vr:00247,verbatim_remention,exact_named_entity,natural_distance_pair:0061,00_04,3,11.771769523620605,10.53276538848877,-1.239004135131836,1,1,False,False
D_C_43122,chck_90M,natural_mention:vr:00248,verbatim_remention,exact_named_entity,natural_distance_pair:0103,10_19,10,8.61464786529541,10.777642250061035,2.162994384765625,1,1,False,False
D_C_43122,chck_90M,natural_mention:vr:00249,verbatim_remention,exact_named_entity,natural_distance_pair:0073,00_04,4,2.411863088607788,2.4990334510803223,0.08717036247253418,1,1,False,False
D_C_43122,chck_90M,natural_mention:vr:00250,verbatim_remention,exact_named_entity,natural_distance_pair:0095,10_19,15,0.3872239589691162,0.6658389568328857,0.27861499786376953,1,1,False,False
D_C_43122,chck_90M,natural_mention:vr:00251,verbatim_remention,exact_named_entity,natural_distance_pair:0071,00_04,4,2.3156309127807617,7.024852752685547,4.709221839904785,4,4,False,False
D_C_43122,chck_90M,natural_mention:vr:00252,verbatim_remention,exact_named_entity,natural_distance_pair:0004,40_79,58,4.9056501388549805,10.178149223327637,5.272499084472656,1,1,False,False
D_C_43122,chck_90M,natural_mention:vr:00253,verbatim_remention,exact_named_entity,natural_distance_pair:0127,05_09,7,0.3565891683101654,6.004781723022461,5.6481925547122955,1,1,False,False
D_C_43122,chck_90M,natural_mention:vr:00254,verbatim_remention,exact_named_entity,natural_distance_pair:0123,10_19,10,0.056965023279190063,0.15717996656894684,0.10021494328975677,1,1,False,False
D_C_43122,chck_90M,natural_mention:vr:00255,verbatim_remention,exact_named_entity,natural_distance_pair:0034,20_39,20,6.113778114318848,10.25084114074707,4.137063026428223,2,2,False,False
D_C_43122,chck_90M,natural_mention:vr:00256,verbatim_remention,exact_named_entity,natural_distance_pair:0076,00_04,3,0.12133551388978958,3.413271903991699,3.2919363901019096,1,1,False,False
D_C_43122,chck_90M,natural_mention:vr:00257,verbatim_remention,exact_named_entity,natural_distance_pair:0001,40_79,61,14.147062301635742,14.046160697937012,-0.10090160369873047,1,1,False,False
D_C_43122,chck_100M,natural_mention:nr:00000,nonidentical_remention,full_name_to_acronym,natural_distance_pair:0045,10_19,13,3.175896406173706,3.5063629150390625,0.33046650886535645,1,1,False,False
D_C_43122,chck_100M,natural_mention:nr:00001,nonidentical_remention,full_name_to_acronym,natural_distance_pair:0060,00_04,4,5.037520408630371,5.220895290374756,0.18337488174438477,4,4,False,False
D_C_43122,chck_100M,natural_mention:nr:00002,nonidentical_remention,nonperson_name_to_pronoun,natural_distance_pair:0123,10_19,10,2.514249801635742,2.429657459259033,-0.08459234237670898,1,1,False,False
D_C_43122,chck_100M,natural_mention:nr:00003,nonidentical_remention,explicit_appositive_description,natural_distance_pair:0084,00_04,0,5.310860633850098,5.405340194702148,0.09447956085205078,1,1,False,False
D_C_43122,chck_100M,natural_mention:nr:00004,nonidentical_remention,full_name_to_acronym,natural_distance_pair:0046,10_19,13,7.9538726806640625,7.92603874206543,-0.027833938598632812,2,2,False,False
D_C_43122,chck_100M,natural_mention:nr:00005,nonidentical_remention,full_name_to_acronym,natural_distance_pair:0056,05_09,6,12.017659187316895,12.32878303527832,0.3111238479614258,1,1,False,False
D_C_43122,chck_100M,natural_mention:nr:00006,nonidentical_remention,explicit_appositive_description,natural_distance_pair:0074,00_04,0,5.805173873901367,4.909069061279297,-0.8961048126220703,1,1,False,False
D_C_43122,chck_100M,natural_mention:nr:00007,nonidentical_remention,person_name_to_pronoun,natural_distance_pair:0089,20_39,21,0.8869079947471619,0.18702653050422668,-0.6998814642429352,1,1,False,False
D_C_43122,chck_100M,natural_mention:nr:00008,nonidentical_remention,nonperson_name_to_pronoun,natural_distance_pair:0119,10_19,16,6.316939830780029,6.1415696144104,-0.1753702163696289,1,1,False,False
D_C_43122,chck_100M,natural_mention:nr:00009,nonidentical_remention,full_name_to_surname_or_final_token,natural_distance_pair:0027,20_39,28,0.06182580813765526,1.6510968208312988,1.5892710126936436,3,3,False,False
D_C_43122,chck_100M,natural_mention:nr:00010,nonidentical_remention,full_name_to_surname_or_final_token,natural_distance_pair:0049,10_19,12,0.0656270906329155,0.03850932791829109,-0.027117762714624405,3,3,False,False
D_C_43122,chck_100M,natural_mention:nr:00011,nonidentical_remention,full_name_to_surname_or_final_token,natural_distance_pair:0001,40_79,65,0.15703268349170685,7.384028911590576,7.226996228098869,3,3,False,False
D_C_43122,chck_100M,natural_mention:nr:00012,nonidentical_remention,nonperson_name_to_pronoun,natural_distance_pair:0128,05_09,6,0.41631433367729187,0.4783369302749634,0.06202259659767151,1,1,False,False
D_C_43122,chck_100M,natural_mention:nr:00013,nonidentical_remention,full_name_to_surname_or_final_token,natural_distance_pair:0053,10_19,10,1.0435482263565063,6.741098880767822,5.697550654411316,3,3,False,False
D_C_43122,chck_100M,natural_mention:nr:00014,nonidentical_remention,full_name_to_acronym,natural_distance_pair:0022,20_39,31,4.678272247314453,4.716034412384033,0.03776216506958008,4,4,False,False
D_C_43122,chck_100M,natural_mention:nr:00015,nonidentical_remention,full_name_to_surname_or_final_token,natural_distance_pair:0026,20_39,28,8.973395347595215,9.152966499328613,0.17957115173339844,2,2,False,False
D_C_43122,chck_100M,natural_mention:nr:00016,nonidentical_remention,person_name_to_pronoun,natural_distance_pair:0097,10_19,13,2.7390856742858887,1.9086955785751343,-0.8303900957107544,1,1,False,False
D_C_43122,chck_100M,natural_mention:nr:00017,nonidentical_remention,full_name_to_surname_or_final_token,natural_distance_pair:0043,10_19,14,9.503654479980469,11.617591857910156,2.1139373779296875,2,2,False,False
D_C_43122,chck_100M,natural_mention:nr:00018,nonidentical_remention,explicit_appositive_description,natural_distance_pair:0070,00_04,0,4.3590989112854,4.474228382110596,0.11512947082519531,2,2,False,False
D_C_43122,chck_100M,natural_mention:nr:00019,nonidentical_remention,person_name_to_pronoun,natural_distance_pair:0117,05_09,5,1.0892125368118286,1.0993244647979736,0.01011192798614502,1,1,False,False
D_C_43122,chck_100M,natural_mention:nr:00020,nonidentical_remention,full_name_to_acronym,natural_distance_pair:0035,10_19,19,9.010866165161133,8.747220993041992,-0.2636451721191406,2,2,False,False
D_C_43122,chck_100M,natural_mention:nr:00021,nonidentical_remention,full_name_to_surname_or_final_token,natural_distance_pair:0009,40_79,52,4.722768783569336,8.004446029663086,3.28167724609375,2,2,False,False
D_C_43122,chck_100M,natural_mention:nr:00022,nonidentical_remention,full_name_to_surname_or_final_token,natural_distance_pair:0058,00_04,4,0.25683605670928955,1.254210352897644,0.9973742961883545,3,3,False,False
D_C_43122,chck_100M,natural_mention:nr:00023,nonidentical_remention,person_name_to_pronoun,natural_distance_pair:0112,05_09,7,0.02131425403058529,0.01630319282412529,-0.005011061206459999,1,1,False,False
D_C_43122,chck_100M,natural_mention:nr:00024,nonidentical_remention,nonperson_name_to_pronoun,natural_distance_pair:0122,10_19,10,0.15997453033924103,0.25199463963508606,0.09202010929584503,1,1,False,False
D_C_43122,chck_100M,natural_mention:nr:00025,nonidentical_remention,person_name_to_pronoun,natural_distance_pair:0100,10_19,12,0.6456059813499451,0.430029034614563,-0.21557694673538208,1,1,False,False
D_C_43122,chck_100M,natural_mention:nr:00026,nonidentical_remention,full_name_to_acronym,natural_distance_pair:0008,40_79,52,10.007988929748535,10.157158851623535,0.149169921875,1,1,False,False
D_C_43122,chck_100M,natural_mention:nr:00027,nonidentical_remention,full_name_to_acronym,natural_distance_pair:0063,00_04,1,5.331387042999268,6.056093215942383,0.7247061729431152,3,3,False,False
D_C_43122,chck_100M,natural_mention:nr:00028,nonidentical_remention,full_name_to_surname_or_final_token,natural_distance_pair:0005,40_79,53,0.022256284952163696,12.280256271362305,12.257999986410141,2,2,False,False
D_C_43122,chck_100M,natural_mention:nr:00029,nonidentical_remention,explicit_appositive_description,natural_distance_pair:0079,00_04,0,7.339486598968506,7.507144927978516,0.16765832901000977,3,3,False,False
D_C_43122,chck_100M,natural_mention:nr:00030,nonidentical_remention,person_name_to_pronoun,natural_distance_pair:0099,10_19,12,0.21134082973003387,0.28440937399864197,0.0730685442686081,1,1,False,False
D_C_43122,chck_100M,natural_mention:nr:00031,nonidentical_remention,nonperson_name_to_pronoun,natural_distance_pair:0127,05_09,7,1.307637333869934,1.4750579595565796,0.1674206256866455,1,1,False,False
D_C_43122,chck_100M,natural_mention:nr:00032,nonidentical_remention,full_name_to_acronym,natural_distance_pair:0044,10_19,13,8.651156425476074,8.3045015335083,-0.34665489196777344,3,3,False,False
D_C_43122,chck_100M,natural_mention:nr:00033,nonidentical_remention,full_name_to_acronym,natural_distance_pair:0051,10_19,11,6.656360149383545,6.367668151855469,-0.28869199752807617,2,2,False,False
D_C_43122,chck_100M,natural_mention:nr:00034,nonidentical_remention,full_name_to_surname_or_final_token,natural_distance_pair:0040,10_19,15,4.11829948425293,2.6032423973083496,-1.51505708694458,2,2,False,False
D_C_43122,chck_100M,natural_mention:nr:00035,nonidentical_remention,person_name_to_pronoun,natural_distance_pair:0110,05_09,8,0.42107149958610535,0.4567473530769348,0.03567585349082947,1,1,False,False
D_C_43122,chck_100M,natural_mention:nr:00036,nonidentical_remention,full_name_to_acronym,natural_distance_pair:0085,00_04,0,6.392388343811035,6.506606101989746,0.11421775817871094,2,2,False,False
D_C_43122,chck_100M,natural_mention:nr:00037,nonidentical_remention,person_name_to_pronoun,natural_distance_pair:0104,05_09,9,0.5173609256744385,0.5163965821266174,-0.0009643435478210449,1,1,False,False
D_C_43122,chck_100M,natural_mention:nr:00038,nonidentical_remention,explicit_appositive_description,natural_distance_pair:0072,00_04,0,4.563887119293213,4.259576320648193,-0.30431079864501953,2,2,False,False
D_C_43122,chck_100M,natural_mention:nr:00039,nonidentical_remention,nonperson_name_to_pronoun,natural_distance_pair:0124,05_09,9,0.012657072395086288,0.02104850485920906,0.008391432464122772,1,1,False,False
D_C_43122,chck_100M,natural_mention:nr:00040,nonidentical_remention,person_name_to_pronoun,natural_distance_pair:0092,10_19,17,0.4720248579978943,0.5764017701148987,0.1043769121170044,1,1,False,False
D_C_43122,chck_100M,natural_mention:nr:00041,nonidentical_remention,full_name_to_surname_or_final_token,natural_distance_pair:0036,10_19,18,3.0139060020446777,11.253604888916016,8.239698886871338,2,2,False,False
D_C_43122,chck_100M,natural_mention:nr:00042,nonidentical_remention,nonperson_name_to_pronoun,natural_distance_pair:0121,10_19,12,0.24279505014419556,0.28167229890823364,0.038877248764038086,1,1,False,False
D_C_43122,chck_100M,natural_mention:nr:00043,nonidentical_remention,full_name_to_acronym,natural_distance_pair:0057,00_04,4,2.5273654460906982,0.5517256259918213,-1.975639820098877,3,3,False,False
D_C_43122,chck_100M,natural_mention:nr:00044,nonidentical_remention,explicit_appositive_description,natural_distance_pair:0080,00_04,0,6.111762046813965,5.93613862991333,-0.17562341690063477,1,1,False,False
D_C_43122,chck_100M,natural_mention:nr:00045,nonidentical_remention,full_name_to_acronym,natural_distance_pair:0064,00_04,1,5.687356472015381,5.853931903839111,0.16657543182373047,2,2,False,False
D_C_43122,chck_100M,natural_mention:nr:00046,nonidentical_remention,full_name_to_surname_or_final_token,natural_distance_pair:0029,20_39,26,3.0895862579345703,7.172710418701172,4.083124160766602,3,3,False,False
D_C_43122,chck_100M,natural_mention:nr:00047,nonidentical_remention,full_name_to_surname_or_final_token,natural_distance_pair:0014,40_79,42,6.5999884605407715,11.495115280151367,4.895126819610596,2,2,False,False
D_C_43122,chck_100M,natural_mention:nr:00048,nonidentical_remention,full_name_to_surname_or_final_token,natural_distance_pair:0010,40_79,48,8.822935104370117,10.553321838378906,1.730386734008789,2,2,False,False
D_C_43122,chck_100M,natural_mention:nr:00049,nonidentical_remention,explicit_appositive_description,natural_distance_pair:0075,00_04,0,7.254358768463135,7.618014335632324,0.36365556716918945,7,7,False,False
D_C_43122,chck_100M,natural_mention:nr:00050,nonidentical_remention,full_name_to_acronym,natural_distance_pair:0081,00_04,0,5.383048057556152,5.540879726409912,0.15783166885375977,2,2,False,False
D_C_43122,chck_100M,natural_mention:nr:00051,nonidentical_remention,person_name_to_pronoun,natural_distance_pair:0096,10_19,14,1.0480061769485474,0.05170150846242905,-0.9963046684861183,1,1,False,False
D_C_43122,chck_100M,natural_mention:nr:00052,nonidentical_remention,full_name_to_acronym,natural_distance_pair:0062,00_04,2,7.004803657531738,7.098474025726318,0.09367036819458008,2,2,False,False
D_C_43122,chck_100M,natural_mention:nr:00053,nonidentical_remention,person_name_to_pronoun,natural_distance_pair:0107,05_09,8,0.05768534541130066,0.05737157166004181,-0.0003137737512588501,1,1,False,False
D_C_43122,chck_100M,natural_mention:nr:00054,nonidentical_remention,nonperson_name_to_pronoun,natural_distance_pair:0120,10_19,15,0.08427008986473083,0.0945480540394783,0.010277964174747467,1,1,False,False
D_C_43122,chck_100M,natural_mention:nr:00055,nonidentical_remention,full_name_to_acronym,natural_distance_pair:0071,00_04,0,4.586467742919922,4.649594306945801,0.0631265640258789,2,2,False,False
D_C_43122,chck_100M,natural_mention:nr:00056,nonidentical_remention,person_name_to_pronoun,natural_distance_pair:0093,10_19,16,0.659358024597168,0.6432481408119202,-0.016109883785247803,1,1,False,False
D_C_43122,chck_100M,natural_mention:nr:00057,nonidentical_remention,person_name_to_pronoun,natural_distance_pair:0095,10_19,15,0.27992013096809387,0.25002172589302063,-0.029898405075073242,1,1,False,False
D_C_43122,chck_100M,natural_mention:nr:00058,nonidentical_remention,full_name_to_surname_or_final_token,natural_distance_pair:0028,20_39,27,1.1886765956878662,9.83725357055664,8.648576974868774,2,2,False,False
D_C_43122,chck_100M,natural_mention:nr:00059,nonidentical_remention,nonperson_name_to_pronoun,natural_distance_pair:0125,05_09,9,0.04135442152619362,0.03725913539528847,-0.004095286130905151,1,1,False,False
D_C_43122,chck_100M,natural_mention:nr:00060,nonidentical_remention,explicit_appositive_description,natural_distance_pair:0083,00_04,0,7.904104709625244,8.020941734313965,0.1168370246887207,3,3,False,False
D_C_43122,chck_100M,natural_mention:nr:00061,nonidentical_remention,full_name_to_surname_or_final_token,natural_distance_pair:0011,40_79,48,7.652077674865723,8.94222354888916,1.2901458740234375,1,1,False,False
D_C_43122,chck_100M,natural_mention:nr:00062,nonidentical_remention,full_name_to_surname_or_final_token,natural_distance_pair:0003,40_79,57,2.696247100830078,8.698941230773926,6.002694129943848,5,5,False,False
D_C_43122,chck_100M,natural_mention:nr:00063,nonidentical_remention,full_name_to_acronym,natural_distance_pair:0066,00_04,0,6.558910369873047,5.738514423370361,-0.8203959465026855,2,2,False,False
D_C_43122,chck_100M,natural_mention:nr:00064,nonidentical_remention,full_name_to_surname_or_final_token,natural_distance_pair:0042,10_19,14,0.09846274554729462,8.946443557739258,8.847980812191963,2,2,False,False
D_C_43122,chck_100M,natural_mention:nr:00065,nonidentical_remention,full_name_to_acronym,natural_distance_pair:0065,00_04,1,7.219000339508057,6.637602806091309,-0.581397533416748,2,2,False,False
D_C_43122,chck_100M,natural_mention:nr:00066,nonidentical_remention,explicit_appositive_description,natural_distance_pair:0078,00_04,0,5.589081764221191,5.808583736419678,0.21950197219848633,1,1,False,False
D_C_43122,chck_100M,natural_mention:nr:00067,nonidentical_remention,full_name_to_acronym,natural_distance_pair:0076,00_04,0,4.559300422668457,4.818881988525391,0.2595815658569336,2,2,False,False
D_C_43122,chck_100M,natural_mention:nr:00068,nonidentical_remention,explicit_appositive_description,natural_distance_pair:0086,00_04,0,6.737923622131348,6.652637004852295,-0.08528661727905273,7,7,False,False
D_C_43122,chck_100M,natural_mention:nr:00069,nonidentical_remention,person_name_to_pronoun,natural_distance_pair:0111,05_09,8,0.7993037104606628,0.8073039054870605,0.008000195026397705,1,1,False,False
D_C_43122,chck_100M,natural_mention:nr:00070,nonidentical_remention,full_name_to_acronym,natural_distance_pair:0052,10_19,10,6.747018814086914,6.521081924438477,-0.2259368896484375,2,2,False,False
D_C_43122,chck_100M,natural_mention:nr:00071,nonidentical_remention,person_name_to_pronoun,natural_distance_pair:0108,05_09,8,0.5517119765281677,0.4167577624320984,-0.13495421409606934,1,1,False,False
D_C_43122,chck_100M,natural_mention:nr:00072,nonidentical_remention,full_name_to_surname_or_final_token,natural_distance_pair:0004,40_79,56,1.0436630249023438,6.772813320159912,5.729150295257568,2,2,False,False
D_C_43122,chck_100M,natural_mention:nr:00073,nonidentical_remention,person_name_to_pronoun,natural_distance_pair:0091,10_19,18,0.5579438209533691,1.361326813697815,0.8033829927444458,1,1,False,False
D_C_43122,chck_100M,natural_mention:nr:00074,nonidentical_remention,full_name_to_acronym,natural_distance_pair:0047,10_19,12,4.587881088256836,5.506810665130615,0.9189295768737793,3,3,False,False
D_C_43122,chck_100M,natural_mention:nr:00075,nonidentical_remention,nonperson_name_to_pronoun,natural_distance_pair:0126,05_09,7,6.530938148498535,6.702442169189453,0.17150402069091797,1,1,False,False
D_C_43122,chck_100M,natural_mention:nr:00076,nonidentical_remention,full_name_to_acronym,natural_distance_pair:0069,00_04,0,9.351852416992188,8.766019821166992,-0.5858325958251953,2,2,False,False
D_C_43122,chck_100M,natural_mention:nr:00077,nonidentical_remention,person_name_to_pronoun,natural_distance_pair:0114,05_09,7,2.1687211990356445,1.9951417446136475,-0.17357945442199707,1,1,False,False
D_C_43122,chck_100M,natural_mention:nr:00078,nonidentical_remention,person_name_to_pronoun,natural_distance_pair:0087,20_39,33,2.543710708618164,3.114053726196289,0.570343017578125,1,1,False,False
D_C_43122,chck_100M,natural_mention:nr:00079,nonidentical_remention,person_name_to_pronoun,natural_distance_pair:0098,10_19,12,3.5113492012023926,3.8728928565979004,0.3615436553955078,1,1,False,False
D_C_43122,chck_100M,natural_mention:nr:00080,nonidentical_remention,nonperson_name_to_pronoun,natural_distance_pair:0118,10_19,19,0.6632846593856812,0.6301658749580383,-0.03311878442764282,1,1,False,False
D_C_43122,chck_100M,natural_mention:nr:00081,nonidentical_remention,full_name_to_surname_or_final_token,natural_distance_pair:0025,20_39,28,4.584201335906982,8.171942710876465,3.5877413749694824,4,4,False,False
D_C_43122,chck_100M,natural_mention:nr:00082,nonidentical_remention,full_name_to_surname_or_final_token,natural_distance_pair:0050,10_19,11,12.0303316116333,9.718683242797852,-2.311648368835449,2,2,False,False
D_C_43122,chck_100M,natural_mention:nr:00083,nonidentical_remention,explicit_appositive_description,natural_distance_pair:0067,00_04,0,8.538105964660645,7.875022888183594,-0.6630830764770508,6,6,False,False
D_C_43122,chck_100M,natural_mention:nr:00084,nonidentical_remention,full_name_to_surname_or_final_token,natural_distance_pair:0055,05_09,7,10.620818138122559,10.903552055358887,0.2827339172363281,3,3,False,False
D_C_43122,chck_100M,natural_mention:nr:00085,nonidentical_remention,person_name_to_pronoun,natural_distance_pair:0113,05_09,7,0.021883448585867882,0.01904136687517166,-0.0028420817106962204,1,1,False,False
D_C_43122,chck_100M,natural_mention:nr:00086,nonidentical_remention,person_name_to_pronoun,natural_distance_pair:0088,20_39,21,4.675422191619873,4.574797630310059,-0.10062456130981445,1,1,False,False
D_C_43122,chck_100M,natural_mention:nr:00087,nonidentical_remention,full_name_to_acronym,natural_distance_pair:0033,20_39,20,12.290597915649414,12.373713493347168,0.0831155776977539,2,2,False,False
D_C_43122,chck_100M,natural_mention:nr:00088,nonidentical_remention,full_name_to_surname_or_final_token,natural_distance_pair:0015,20_39,38,10.377861976623535,11.424674034118652,1.0468120574951172,2,2,False,False
D_C_43122,chck_100M,natural_mention:nr:00089,nonidentical_remention,full_name_to_surname_or_final_token,natural_distance_pair:0000,40_79,74,0.8317679762840271,6.96255350112915,6.130785524845123,2,2,False,False
D_C_43122,chck_100M,natural_mention:nr:00090,nonidentical_remention,explicit_appositive_description,natural_distance_pair:0068,00_04,0,6.39930534362793,6.382223606109619,-0.017081737518310547,3,3,False,False
D_C_43122,chck_100M,natural_mention:nr:00091,nonidentical_remention,full_name_to_acronym,natural_distance_pair:0048,10_19,12,7.499509334564209,7.048523426055908,-0.4509859085083008,2,2,False,False
D_C_43122,chck_100M,natural_mention:nr:00092,nonidentical_remention,full_name_to_acronym,natural_distance_pair:0032,20_39,21,9.123108863830566,9.214016914367676,0.09090805053710938,2,2,False,False
D_C_43122,chck_100M,natural_mention:nr:00093,nonidentical_remention,person_name_to_pronoun,natural_distance_pair:0103,10_19,10,3.0126137733459473,3.2598440647125244,0.24723029136657715,1,1,False,False
D_C_43122,chck_100M,natural_mention:nr:00094,nonidentical_remention,full_name_to_acronym,natural_distance_pair:0024,20_39,29,4.827702522277832,4.890786647796631,0.06308412551879883,3,3,False,False
D_C_43122,chck_100M,natural_mention:nr:00095,nonidentical_remention,full_name_to_surname_or_final_token,natural_distance_pair:0059,00_04,4,1.043524980545044,0.7681151628494263,-0.2754098176956177,1,1,False,False
D_C_43122,chck_100M,natural_mention:nr:00096,nonidentical_remention,person_name_to_pronoun,natural_distance_pair:0101,10_19,11,6.032179355621338,5.983592987060547,-0.048586368560791016,1,1,False,False
D_C_43122,chck_100M,natural_mention:nr:00097,nonidentical_remention,full_name_to_surname_or_final_token,natural_distance_pair:0007,40_79,52,2.526353120803833,8.784134864807129,6.257781744003296,3,3,False,False
D_C_43122,chck_100M,natural_mention:nr:00098,nonidentical_remention,full_name_to_surname_or_final_token,natural_distance_pair:0023,20_39,30,3.634597063064575,9.327680587768555,5.6930835247039795,5,5,False,False
D_C_43122,chck_100M,natural_mention:nr:00099,nonidentical_remention,full_name_to_surname_or_final_token,natural_distance_pair:0054,05_09,9,6.0387420654296875,4.762478351593018,-1.27626371383667,3,3,False,False
D_C_43122,chck_100M,natural_mention:nr:00100,nonidentical_remention,full_name_to_acronym,natural_distance_pair:0020,20_39,31,8.930623054504395,8.659785270690918,-0.27083778381347656,3,3,False,False
D_C_43122,chck_100M,natural_mention:nr:00101,nonidentical_remention,full_name_to_acronym,natural_distance_pair:0037,10_19,17,3.372802972793579,3.6913490295410156,0.3185460567474365,3,3,False,False
D_C_43122,chck_100M,natural_mention:nr:00102,nonidentical_remention,explicit_appositive_description,natural_distance_pair:0073,00_04,0,5.106143951416016,4.664240837097168,-0.44190311431884766,1,1,False,False
D_C_43122,chck_100M,natural_mention:nr:00103,nonidentical_remention,full_name_to_acronym,natural_distance_pair:0002,40_79,62,7.3287672996521,6.998519420623779,-0.3302478790283203,3,3,False,False
D_C_43122,chck_100M,natural_mention:nr:00104,nonidentical_remention,full_name_to_surname_or_final_token,natural_distance_pair:0018,20_39,35,1.7260891199111938,9.417640686035156,7.691551566123962,2,2,False,False
D_C_43122,chck_100M,natural_mention:nr:00105,nonidentical_remention,full_name_to_surname_or_final_token,natural_distance_pair:0013,40_79,44,7.210837364196777,8.98696231842041,1.7761249542236328,4,4,False,False
D_C_43122,chck_100M,natural_mention:nr:00106,nonidentical_remention,full_name_to_surname_or_final_token,natural_distance_pair:0006,40_79,53,9.766986846923828,10.233561515808105,0.46657466888427734,2,2,False,False
D_C_43122,chck_100M,natural_mention:nr:00107,nonidentical_remention,full_name_to_surname_or_final_token,natural_distance_pair:0041,10_19,15,5.155714988708496,7.861907958984375,2.706192970275879,2,2,False,False
D_C_43122,chck_100M,natural_mention:nr:00108,nonidentical_remention,full_name_to_surname_or_final_token,natural_distance_pair:0030,20_39,23,0.1527491956949234,10.104363441467285,9.951614245772362,2,2,False,False
D_C_43122,chck_100M,natural_mention:nr:00109,nonidentical_remention,full_name_to_surname_or_final_token,natural_distance_pair:0039,10_19,16,0.7335768938064575,0.5716724395751953,-0.1619044542312622,1,1,False,False
D_C_43122,chck_100M,natural_mention:nr:00110,nonidentical_remention,full_name_to_acronym,natural_distance_pair:0021,20_39,31,0.5641553997993469,0.7998128533363342,0.2356574535369873,2,2,False,False
D_C_43122,chck_100M,natural_mention:nr:00111,nonidentical_remention,full_name_to_acronym,natural_distance_pair:0016,20_39,37,6.86311149597168,7.133610725402832,0.27049922943115234,1,1,False,False
D_C_43122,chck_100M,natural_mention:nr:00112,nonidentical_remention,person_name_to_pronoun,natural_distance_pair:0102,10_19,10,0.9881589412689209,0.873828113079071,-0.11433082818984985,1,1,False,False
D_C_43122,chck_100M,natural_mention:nr:00113,nonidentical_remention,full_name_to_surname_or_final_token,natural_distance_pair:0012,40_79,48,4.9954447746276855,6.379502773284912,1.3840579986572266,3,3,False,False
D_C_43122,chck_100M,natural_mention:nr:00114,nonidentical_remention,person_name_to_pronoun,natural_distance_pair:0090,20_39,21,3.0956406593322754,3.146426200866699,0.05078554153442383,1,1,False,False
D_C_43122,chck_100M,natural_mention:nr:00115,nonidentical_remention,person_name_to_pronoun,natural_distance_pair:0109,05_09,8,0.8075932860374451,0.4781881272792816,-0.32940515875816345,1,1,False,False
D_C_43122,chck_100M,natural_mention:nr:00116,nonidentical_remention,person_name_to_pronoun,natural_distance_pair:0094,10_19,15,0.9872833490371704,0.3043331503868103,-0.6829501986503601,1,1,False,False
D_C_43122,chck_100M,natural_mention:nr:00117,nonidentical_remention,person_name_to_pronoun,natural_distance_pair:0116,05_09,6,1.2339856624603271,1.1709967851638794,-0.06298887729644775,1,1,False,False
D_C_43122,chck_100M,natural_mention:nr:00118,nonidentical_remention,full_name_to_acronym,natural_distance_pair:0019,20_39,33,6.923326015472412,7.739172458648682,0.8158464431762695,3,3,False,False
D_C_43122,chck_100M,natural_mention:nr:00119,nonidentical_remention,person_name_to_pronoun,natural_distance_pair:0105,05_09,9,0.3868694007396698,0.31833651661872864,-0.06853288412094116,1,1,False,False
D_C_43122,chck_100M,natural_mention:nr:00120,nonidentical_remention,person_name_to_pronoun,natural_distance_pair:0115,05_09,6,0.9415714740753174,0.7660540342330933,-0.17551743984222412,1,1,False,False
D_C_43122,chck_100M,natural_mention:nr:00121,nonidentical_remention,full_name_to_acronym,natural_distance_pair:0061,00_04,2,4.938191890716553,5.055455207824707,0.1172633171081543,4,4,False,False
D_C_43122,chck_100M,natural_mention:nr:00122,nonidentical_remention,explicit_appositive_description,natural_distance_pair:0082,00_04,0,4.0842390060424805,3.671809196472168,-0.4124298095703125,1,1,False,False
D_C_43122,chck_100M,natural_mention:nr:00123,nonidentical_remention,full_name_to_acronym,natural_distance_pair:0017,20_39,36,3.0300140380859375,3.5479342937469482,0.5179202556610107,3,3,False,False
D_C_43122,chck_100M,natural_mention:nr:00124,nonidentical_remention,full_name_to_surname_or_final_token,natural_distance_pair:0034,20_39,20,5.834467887878418,8.39134407043457,2.5568761825561523,2,2,False,False
D_C_43122,chck_100M,natural_mention:nr:00125,nonidentical_remention,explicit_appositive_description,natural_distance_pair:0077,00_04,0,6.719240665435791,6.818389892578125,0.09914922714233398,3,3,False,False
D_C_43122,chck_100M,natural_mention:nr:00126,nonidentical_remention,full_name_to_acronym,natural_distance_pair:0031,20_39,22,8.928152084350586,8.825873374938965,-0.1022787094116211,2,2,False,False
D_C_43122,chck_100M,natural_mention:nr:00127,nonidentical_remention,person_name_to_pronoun,natural_distance_pair:0106,05_09,8,0.023346537724137306,0.05606228485703468,0.03271574713289738,1,1,False,False
D_C_43122,chck_100M,natural_mention:nr:00128,nonidentical_remention,full_name_to_surname_or_final_token,natural_distance_pair:0038,10_19,16,3.360847234725952,9.139270782470703,5.778423547744751,2,2,False,False
D_C_43122,chck_100M,natural_mention:vr:00129,verbatim_remention,exact_named_entity,natural_distance_pair:0082,00_04,4,9.279498100280762,9.281261444091797,0.0017633438110351562,2,2,False,False
D_C_43122,chck_100M,natural_mention:vr:00130,verbatim_remention,exact_named_entity,natural_distance_pair:0041,10_19,15,0.7250217795372009,8.485015869140625,7.759994089603424,3,3,False,False
D_C_43122,chck_100M,natural_mention:vr:00131,verbatim_remention,exact_named_entity,natural_distance_pair:0046,10_19,13,0.6079682111740112,7.99779748916626,7.3898292779922485,5,5,False,False
D_C_43122,chck_100M,natural_mention:vr:00132,verbatim_remention,exact_named_entity,natural_distance_pair:0080,00_04,3,5.952531337738037,5.915181636810303,-0.037349700927734375,3,3,False,False
D_C_43122,chck_100M,natural_mention:vr:00133,verbatim_remention,exact_named_entity,natural_distance_pair:0035,10_19,19,6.864320755004883,8.289596557617188,1.4252758026123047,1,1,False,False
D_C_43122,chck_100M,natural_mention:vr:00134,verbatim_remention,exact_named_entity,natural_distance_pair:0081,00_04,4,1.0740561485290527,1.292021632194519,0.2179654836654663,1,1,False,False
D_C_43122,chck_100M,natural_mention:vr:00135,verbatim_remention,exact_named_entity,natural_distance_pair:0026,20_39,28,1.4387288093566895,6.304810047149658,4.866081237792969,2,2,False,False
D_C_43122,chck_100M,natural_mention:vr:00136,verbatim_remention,exact_named_entity,natural_distance_pair:0006,40_79,54,8.988079071044922,9.23067569732666,0.24259662628173828,2,2,False,False
D_C_43122,chck_100M,natural_mention:vr:00137,verbatim_remention,exact_named_entity,natural_distance_pair:0100,10_19,12,1.8363227844238281,4.310006141662598,2.4736833572387695,2,2,False,False
D_C_43122,chck_100M,natural_mention:vr:00138,verbatim_remention,exact_named_entity,natural_distance_pair:0111,05_09,8,3.4512298107147217,3.9627275466918945,0.5114977359771729,3,3,False,False
D_C_43122,chck_100M,natural_mention:vr:00139,verbatim_remention,exact_named_entity,natural_distance_pair:0015,20_39,38,0.11031007766723633,4.5468668937683105,4.436556816101074,3,3,False,False
D_C_43122,chck_100M,natural_mention:vr:00140,verbatim_remention,exact_named_entity,natural_distance_pair:0091,10_19,18,8.760862350463867,10.998821258544922,2.2379589080810547,4,4,False,False
D_C_43122,chck_100M,natural_mention:vr:00141,verbatim_remention,exact_named_entity,natural_distance_pair:0022,20_39,31,0.10081721842288971,2.99139404296875,2.8905768245458603,1,1,False,False
D_C_43122,chck_100M,natural_mention:vr:00142,verbatim_remention,exact_named_entity,natural_distance_pair:0052,10_19,10,0.9783003926277161,1.1920970678329468,0.2137966752052307,3,3,False,False
D_C_43122,chck_100M,natural_mention:vr:00143,verbatim_remention,exact_named_entity,natural_distance_pair:0062,00_04,3,7.129946708679199,8.802249908447266,1.6723031997680664,1,1,False,False
D_C_43122,chck_100M,natural_mention:vr:00144,verbatim_remention,exact_named_entity,natural_distance_pair:0002,40_79,62,8.008474349975586,8.822857856750488,0.8143835067749023,1,1,False,False
D_C_43122,chck_100M,natural_mention:vr:00145,verbatim_remention,exact_named_entity,natural_distance_pair:0031,20_39,22,13.500190734863281,13.871807098388672,0.3716163635253906,1,1,False,False
D_C_43122,chck_100M,natural_mention:vr:00146,verbatim_remention,exact_named_entity,natural_distance_pair:0047,10_19,12,2.8547487258911133,5.402707099914551,2.5479583740234375,2,2,False,False
D_C_43122,chck_100M,natural_mention:vr:00147,verbatim_remention,exact_named_entity,natural_distance_pair:0112,05_09,7,3.597855567932129,4.610592842102051,1.0127372741699219,1,1,False,False
D_C_43122,chck_100M,natural_mention:vr:00148,verbatim_remention,exact_named_entity,natural_distance_pair:0109,05_09,8,0.8578985333442688,1.7318000793457031,0.8739015460014343,3,3,False,False
D_C_43122,chck_100M,natural_mention:vr:00149,verbatim_remention,exact_named_entity,natural_distance_pair:0098,10_19,12,2.7398016452789307,3.6891841888427734,0.9493825435638428,3,3,False,False
D_C_43122,chck_100M,natural_mention:vr:00150,verbatim_remention,exact_named_entity,natural_distance_pair:0117,05_09,5,3.6848442554473877,2.556664228439331,-1.1281800270080566,3,3,False,False
D_C_43122,chck_100M,natural_mention:vr:00151,verbatim_remention,exact_named_entity,natural_distance_pair:0005,40_79,54,12.397196769714355,12.403609275817871,0.006412506103515625,1,1,False,False
D_C_43122,chck_100M,natural_mention:vr:00152,verbatim_remention,exact_named_entity,natural_distance_pair:0014,40_79,42,0.7237349152565002,9.101396560668945,8.377661645412445,2,2,False,False
D_C_43122,chck_100M,natural_mention:vr:00153,verbatim_remention,exact_named_entity,natural_distance_pair:0102,10_19,10,8.636797904968262,9.249141693115234,0.6123437881469727,2,2,False,False
D_C_43122,chck_100M,natural_mention:vr:00154,verbatim_remention,indefinite_to_definite_nominal,natural_distance_pair:0084,00_04,3,1.587079405784607,4.060645580291748,2.473566174507141,1,1,False,False
D_C_43122,chck_100M,natural_mention:vr:00155,verbatim_remention,exact_named_entity,natural_distance_pair:0108,05_09,8,0.44602203369140625,5.694764137268066,5.24874210357666,1,1,False,False
D_C_43122,chck_100M,natural_mention:vr:00156,verbatim_remention,exact_named_entity,natural_distance_pair:0011,40_79,48,1.7174996137619019,1.71146559715271,-0.0060340166091918945,1,1,False,False
D_C_43122,chck_100M,natural_mention:vr:00157,verbatim_remention,exact_named_entity,natural_distance_pair:0105,05_09,9,0.446336030960083,0.48150867223739624,0.03517264127731323,2,2,False,False
D_C_43122,chck_100M,natural_mention:vr:00158,verbatim_remention,exact_named_entity,natural_distance_pair:0066,00_04,4,0.39888012409210205,6.294769287109375,5.895889163017273,2,2,False,False
D_C_43122,chck_100M,natural_mention:vr:00159,verbatim_remention,exact_named_entity,natural_distance_pair:0090,20_39,21,15.471781730651855,15.532983779907227,0.061202049255371094,1,1,False,False
D_C_43122,chck_100M,natural_mention:vr:00160,verbatim_remention,exact_named_entity,natural_distance_pair:0121,10_19,12,0.10975198447704315,9.848316192626953,9.73856420814991,1,1,False,False
D_C_43122,chck_100M,natural_mention:vr:00161,verbatim_remention,indefinite_to_definite_nominal,natural_distance_pair:0074,00_04,4,7.186280250549316,7.934408664703369,0.7481284141540527,1,1,False,False
D_C_43122,chck_100M,natural_mention:vr:00162,verbatim_remention,exact_named_entity,natural_distance_pair:0036,10_19,18,0.2654460668563843,2.7789804935455322,2.513534426689148,1,1,False,False
D_C_43122,chck_100M,natural_mention:vr:00163,verbatim_remention,exact_named_entity,natural_distance_pair:0029,20_39,26,10.300372123718262,11.540412902832031,1.2400407791137695,2,2,False,False
D_C_43122,chck_100M,natural_mention:vr:00164,verbatim_remention,exact_named_entity,natural_distance_pair:0057,00_04,4,7.311639785766602,7.001752853393555,-0.3098869323730469,1,1,False,False
D_C_43122,chck_100M,natural_mention:vr:00165,verbatim_remention,exact_named_entity,natural_distance_pair:0107,05_09,8,1.875771403312683,3.5895252227783203,1.7137538194656372,1,1,False,False
D_C_43122,chck_100M,natural_mention:vr:00166,verbatim_remention,exact_named_entity,natural_distance_pair:0101,10_19,11,5.657456874847412,5.679079532623291,0.021622657775878906,1,1,False,False
D_C_43122,chck_100M,natural_mention:vr:00167,verbatim_remention,exact_named_entity,natural_distance_pair:0037,10_19,17,2.558248519897461,9.468476295471191,6.9102277755737305,3,3,False,False
D_C_43122,chck_100M,natural_mention:vr:00168,verbatim_remention,exact_named_entity,natural_distance_pair:0092,10_19,17,4.832777500152588,5.89866828918457,1.0658907890319824,2,2,False,False
D_C_43122,chck_100M,natural_mention:vr:00169,verbatim_remention,exact_named_entity,natural_distance_pair:0104,05_09,9,2.1715784072875977,7.559308052062988,5.387729644775391,2,2,False,False
D_C_43122,chck_100M,natural_mention:vr:00170,verbatim_remention,exact_named_entity,natural_distance_pair:0012,40_79,48,4.170755386352539,9.027200698852539,4.8564453125,1,1,False,False
D_C_43122,chck_100M,natural_mention:vr:00171,verbatim_remention,exact_named_entity,natural_distance_pair:0038,10_19,16,6.077780246734619,7.605335235595703,1.527554988861084,3,3,False,False
D_C_43122,chck_100M,natural_mention:vr:00172,verbatim_remention,exact_named_entity,natural_distance_pair:0053,10_19,10,6.126225471496582,5.284104824066162,-0.8421206474304199,1,1,False,False
D_C_43122,chck_100M,natural_mention:vr:00173,verbatim_remention,indefinite_to_definite_nominal,natural_distance_pair:0085,00_04,4,7.824654579162598,10.399580001831055,2.574925422668457,2,2,False,False
D_C_43122,chck_100M,natural_mention:vr:00174,verbatim_remention,exact_named_entity,natural_distance_pair:0125,05_09,9,0.23854048550128937,2.1124448776245117,1.8739043921232224,4,4,False,False
D_C_43122,chck_100M,natural_mention:vr:00175,verbatim_remention,exact_named_entity,natural_distance_pair:0063,00_04,3,9.071150779724121,9.264470100402832,0.19331932067871094,1,1,False,False
D_C_43122,chck_100M,natural_mention:vr:00176,verbatim_remention,exact_named_entity,natural_distance_pair:0118,10_19,19,2.8072783946990967,2.3722405433654785,-0.43503785133361816,2,2,False,False
D_C_43122,chck_100M,natural_mention:vr:00177,verbatim_remention,exact_named_entity,natural_distance_pair:0059,00_04,4,7.527429103851318,9.337509155273438,1.8100800514221191,2,2,False,False
D_C_43122,chck_100M,natural_mention:vr:00178,verbatim_remention,exact_named_entity,natural_distance_pair:0040,10_19,15,0.66695237159729,8.90385627746582,8.23690390586853,2,2,False,False
D_C_43122,chck_100M,natural_mention:vr:00179,verbatim_remention,exact_named_entity,natural_distance_pair:0094,10_19,15,0.49237820506095886,3.190108060836792,2.697729855775833,1,1,False,False
D_C_43122,chck_100M,natural_mention:vr:00180,verbatim_remention,exact_named_entity,natural_distance_pair:0048,10_19,12,12.16759967803955,12.138739585876465,-0.028860092163085938,1,1,False,False
D_C_43122,chck_100M,natural_mention:vr:00181,verbatim_remention,exact_named_entity,natural_distance_pair:0058,00_04,4,2.282076358795166,9.591280937194824,7.309204578399658,1,1,False,False
D_C_43122,chck_100M,natural_mention:vr:00182,verbatim_remention,exact_named_entity,natural_distance_pair:0033,20_39,20,5.667387008666992,13.576099395751953,7.908712387084961,1,1,False,False
D_C_43122,chck_100M,natural_mention:vr:00183,verbatim_remention,exact_named_entity,natural_distance_pair:0079,00_04,4,8.83802318572998,8.94509506225586,0.1070718765258789,4,4,False,False
D_C_43122,chck_100M,natural_mention:vr:00184,verbatim_remention,exact_named_entity,natural_distance_pair:0054,05_09,9,4.573010444641113,8.1578950881958,3.5848846435546875,1,1,False,False
D_C_43122,chck_100M,natural_mention:vr:00185,verbatim_remention,exact_named_entity,natural_distance_pair:0078,00_04,3,0.9358891844749451,1.7055282592773438,0.7696390748023987,3,3,False,False
D_C_43122,chck_100M,natural_mention:vr:00186,verbatim_remention,exact_named_entity,natural_distance_pair:0030,20_39,23,14.2265043258667,13.890360832214355,-0.33614349365234375,1,1,False,False
D_C_43122,chck_100M,natural_mention:vr:00187,verbatim_remention,exact_named_entity,natural_distance_pair:0126,05_09,7,0.2782522737979889,6.253957271575928,5.975704997777939,5,5,False,False
D_C_43122,chck_100M,natural_mention:vr:00188,verbatim_remention,exact_named_entity,natural_distance_pair:0027,20_39,28,7.516435623168945,7.6494951248168945,0.13305950164794922,1,1,False,False
D_C_43122,chck_100M,natural_mention:vr:00189,verbatim_remention,exact_named_entity,natural_distance_pair:0069,00_04,4,0.08410497009754181,0.09874328225851059,0.01463831216096878,2,2,False,False
D_C_43122,chck_100M,natural_mention:vr:00190,verbatim_remention,exact_named_entity,natural_distance_pair:0051,10_19,11,0.4519611895084381,0.5292409062385559,0.0772797167301178,3,3,False,False
D_C_43122,chck_100M,natural_mention:vr:00191,verbatim_remention,exact_named_entity,natural_distance_pair:0042,10_19,14,5.315057754516602,6.0469489097595215,0.7318911552429199,3,3,False,False
D_C_43122,chck_100M,natural_mention:vr:00192,verbatim_remention,exact_named_entity,natural_distance_pair:0072,00_04,3,5.987069606781006,6.867141246795654,0.8800716400146484,3,3,False,False
D_C_43122,chck_100M,natural_mention:vr:00193,verbatim_remention,exact_named_entity,natural_distance_pair:0021,20_39,31,1.5975970029830933,1.8891849517822266,0.2915879487991333,6,6,False,False
D_C_43122,chck_100M,natural_mention:vr:00194,verbatim_remention,exact_named_entity,natural_distance_pair:0068,00_04,3,14.592256546020508,14.228233337402344,-0.36402320861816406,2,2,False,False
D_C_43122,chck_100M,natural_mention:vr:00195,verbatim_remention,exact_named_entity,natural_distance_pair:0028,20_39,27,0.09665506333112717,4.803262233734131,4.706607170403004,1,1,False,False
D_C_43122,chck_100M,natural_mention:vr:00196,verbatim_remention,exact_named_entity,natural_distance_pair:0124,05_09,9,4.226424694061279,3.629762887954712,-0.5966618061065674,3,3,False,False
D_C_43122,chck_100M,natural_mention:vr:00197,verbatim_remention,exact_named_entity,natural_distance_pair:0060,00_04,4,3.9711687564849854,3.48134446144104,-0.4898242950439453,3,3,False,False
D_C_43122,chck_100M,natural_mention:vr:00198,verbatim_remention,exact_named_entity,natural_distance_pair:0049,10_19,12,11.565146446228027,11.819374084472656,0.2542276382446289,2,2,False,False
D_C_43122,chck_100M,natural_mention:vr:00199,verbatim_remention,exact_named_entity,natural_distance_pair:0045,10_19,13,0.13008663058280945,0.1519378274679184,0.021851196885108948,4,4,False,False
D_C_43122,chck_100M,natural_mention:vr:00200,verbatim_remention,exact_named_entity,natural_distance_pair:0017,20_39,35,6.763317108154297,7.359265327453613,0.5959482192993164,5,5,False,False
D_C_43122,chck_100M,natural_mention:vr:00201,verbatim_remention,exact_named_entity,natural_distance_pair:0010,40_79,48,0.09058225899934769,4.343550205230713,4.252967946231365,1,1,False,False
D_C_43122,chck_100M,natural_mention:vr:00202,verbatim_remention,exact_named_entity,natural_distance_pair:0023,20_39,30,8.365028381347656,9.024436950683594,0.6594085693359375,3,3,False,False
D_C_43122,chck_100M,natural_mention:vr:00203,verbatim_remention,exact_named_entity,natural_distance_pair:0075,00_04,4,6.8426361083984375,10.015559196472168,3.1729230880737305,5,5,False,False
D_C_43122,chck_100M,natural_mention:vr:00204,verbatim_remention,exact_named_entity,natural_distance_pair:0087,20_39,33,5.435922622680664,13.266165733337402,7.830243110656738,1,1,False,False
D_C_43122,chck_100M,natural_mention:vr:00205,verbatim_remention,exact_named_entity,natural_distance_pair:0025,20_39,28,13.412328720092773,13.592822074890137,0.18049335479736328,2,2,False,False
D_C_43122,chck_100M,natural_mention:vr:00206,verbatim_remention,exact_named_entity,natural_distance_pair:0115,05_09,6,0.8509418964385986,5.171621322631836,4.320679426193237,4,4,False,False
D_C_43122,chck_100M,natural_mention:vr:00207,verbatim_remention,exact_named_entity,natural_distance_pair:0065,00_04,3,5.16926383972168,5.879858016967773,0.7105941772460938,1,1,False,False
D_C_43122,chck_100M,natural_mention:vr:00208,verbatim_remention,exact_named_entity,natural_distance_pair:0113,05_09,7,5.342852592468262,5.9595441818237305,0.6166915893554688,1,1,False,False
D_C_43122,chck_100M,natural_mention:vr:00209,verbatim_remention,exact_named_entity,natural_distance_pair:0119,10_19,16,1.7664235830307007,1.304025411605835,-0.4623981714248657,1,1,False,False
D_C_43122,chck_100M,natural_mention:vr:00210,verbatim_remention,exact_named_entity,natural_distance_pair:0056,05_09,6,0.3994385600090027,3.542985439300537,3.1435468792915344,2,2,False,False
D_C_43122,chck_100M,natural_mention:vr:00211,verbatim_remention,exact_named_entity,natural_distance_pair:0016,20_39,37,0.42882370948791504,10.257244110107422,9.828420400619507,3,3,False,False
D_C_43122,chck_100M,natural_mention:vr:00212,verbatim_remention,exact_named_entity,natural_distance_pair:0013,40_79,44,0.06990989297628403,10.357714653015137,10.287804760038853,3,3,False,False
D_C_43122,chck_100M,natural_mention:vr:00213,verbatim_remention,exact_named_entity,natural_distance_pair:0050,10_19,11,9.006636619567871,11.001443862915039,1.994807243347168,4,4,False,False
D_C_43122,chck_100M,natural_mention:vr:00214,verbatim_remention,exact_named_entity,natural_distance_pair:0043,10_19,14,0.759659469127655,2.0267226696014404,1.2670632004737854,2,2,False,False
D_C_43122,chck_100M,natural_mention:vr:00215,verbatim_remention,exact_named_entity,natural_distance_pair:0020,20_39,31,0.04885579273104668,7.977413177490234,7.928557384759188,2,2,False,False
D_C_43122,chck_100M,natural_mention:vr:00216,verbatim_remention,exact_named_entity,natural_distance_pair:0007,40_79,52,2.8432083129882812,8.260178565979004,5.416970252990723,1,1,False,False
D_C_43122,chck_100M,natural_mention:vr:00217,verbatim_remention,exact_named_entity,natural_distance_pair:0088,20_39,21,4.63571310043335,5.290974140167236,0.6552610397338867,1,1,False,False
D_C_43122,chck_100M,natural_mention:vr:00218,verbatim_remention,exact_named_entity,natural_distance_pair:0083,00_04,4,1.4748369455337524,14.689041137695312,13.21420419216156,2,2,False,False
D_C_43122,chck_100M,natural_mention:vr:00219,verbatim_remention,exact_named_entity,natural_distance_pair:0096,10_19,14,8.116655349731445,8.05543041229248,-0.061224937438964844,3,3,False,False
D_C_43122,chck_100M,natural_mention:vr:00220,verbatim_remention,exact_named_entity,natural_distance_pair:0044,10_19,13,1.900130271911621,1.5622156858444214,-0.3379145860671997,1,1,False,False
D_C_43122,chck_100M,natural_mention:vr:00221,verbatim_remention,exact_named_entity,natural_distance_pair:0000,40_79,71,0.7402181625366211,10.274848937988281,9.53463077545166,2,2,False,False
D_C_43122,chck_100M,natural_mention:vr:00222,verbatim_remention,exact_named_entity,natural_distance_pair:0064,00_04,4,0.6481649875640869,3.0480730533599854,2.3999080657958984,1,1,False,False
D_C_43122,chck_100M,natural_mention:vr:00223,verbatim_remention,exact_named_entity,natural_distance_pair:0093,10_19,16,0.15514448285102844,0.10822495818138123,-0.04691952466964722,3,3,False,False
D_C_43122,chck_100M,natural_mention:vr:00224,verbatim_remention,exact_named_entity,natural_distance_pair:0018,20_39,36,14.551692008972168,14.908027648925781,0.3563356399536133,1,1,False,False
D_C_43122,chck_100M,natural_mention:vr:00225,verbatim_remention,exact_named_entity,natural_distance_pair:0114,05_09,7,7.586916923522949,8.068281173706055,0.48136425018310547,1,1,False,False
D_C_43122,chck_100M,natural_mention:vr:00226,verbatim_remention,exact_named_entity,natural_distance_pair:0009,40_79,51,11.67632007598877,11.33948802947998,-0.33683204650878906,1,1,False,False
D_C_43122,chck_100M,natural_mention:vr:00227,verbatim_remention,exact_named_entity,natural_distance_pair:0120,10_19,15,0.15455105900764465,0.2839277982711792,0.12937673926353455,2,2,False,False
D_C_43122,chck_100M,natural_mention:vr:00228,verbatim_remention,exact_named_entity,natural_distance_pair:0024,20_39,29,6.449010848999023,7.486712455749512,1.0377016067504883,4,4,False,False
D_C_43122,chck_100M,natural_mention:vr:00229,verbatim_remention,exact_named_entity,natural_distance_pair:0128,05_09,6,8.72173023223877,8.959220886230469,0.23749065399169922,1,1,False,False
D_C_43122,chck_100M,natural_mention:vr:00230,verbatim_remention,exact_named_entity,natural_distance_pair:0055,05_09,7,0.4354683756828308,9.663497924804688,9.228029549121857,2,2,False,False
D_C_43122,chck_100M,natural_mention:vr:00231,verbatim_remention,indefinite_to_definite_nominal,natural_distance_pair:0086,00_04,4,3.394551992416382,3.9569427967071533,0.5623908042907715,1,1,False,False
D_C_43122,chck_100M,natural_mention:vr:00232,verbatim_remention,exact_named_entity,natural_distance_pair:0089,20_39,21,0.09741084277629852,6.64016580581665,6.542754963040352,1,1,False,False
D_C_43122,chck_100M,natural_mention:vr:00233,verbatim_remention,exact_named_entity,natural_distance_pair:0032,20_39,21,1.5888633728027344,3.930516004562378,2.3416526317596436,3,3,False,False
D_C_43122,chck_100M,natural_mention:vr:00234,verbatim_remention,exact_named_entity,natural_distance_pair:0019,20_39,33,0.18616238236427307,6.482481956481934,6.2963195741176605,1,1,False,False
D_C_43122,chck_100M,natural_mention:vr:00235,verbatim_remention,exact_named_entity,natural_distance_pair:0116,05_09,6,2.0321409702301025,7.239651679992676,5.207510709762573,1,1,False,False
D_C_43122,chck_100M,natural_mention:vr:00236,verbatim_remention,exact_named_entity,natural_distance_pair:0067,00_04,4,3.864161491394043,4.502749919891357,0.6385884284973145,6,6,False,False
D_C_43122,chck_100M,natural_mention:vr:00237,verbatim_remention,exact_named_entity,natural_distance_pair:0122,10_19,10,3.1191182136535645,6.919914722442627,3.8007965087890625,1,1,False,False
D_C_43122,chck_100M,natural_mention:vr:00238,verbatim_remention,exact_named_entity,natural_distance_pair:0003,40_79,56,1.3382564783096313,4.480530738830566,3.142274260520935,1,1,False,False
D_C_43122,chck_100M,natural_mention:vr:00239,verbatim_remention,exact_named_entity,natural_distance_pair:0077,00_04,3,7.861876964569092,9.373445510864258,1.511568546295166,2,2,False,False
D_C_43122,chck_100M,natural_mention:vr:00240,verbatim_remention,exact_named_entity,natural_distance_pair:0106,05_09,8,2.5583999156951904,3.146894693374634,0.5884947776794434,6,6,False,False
D_C_43122,chck_100M,natural_mention:vr:00241,verbatim_remention,exact_named_entity,natural_distance_pair:0039,10_19,16,5.0036492347717285,5.295413970947266,0.2917647361755371,1,1,False,False
D_C_43122,chck_100M,natural_mention:vr:00242,verbatim_remention,exact_named_entity,natural_distance_pair:0099,10_19,12,12.4228515625,12.67843246459961,0.2555809020996094,1,1,False,False
D_C_43122,chck_100M,natural_mention:vr:00243,verbatim_remention,exact_named_entity,natural_distance_pair:0110,05_09,8,0.6333968639373779,8.915064811706543,8.281667947769165,1,1,False,False
D_C_43122,chck_100M,natural_mention:vr:00244,verbatim_remention,exact_named_entity,natural_distance_pair:0070,00_04,3,3.4995241165161133,3.64810848236084,0.14858436584472656,2,2,False,False
D_C_43122,chck_100M,natural_mention:vr:00245,verbatim_remention,exact_named_entity,natural_distance_pair:0008,40_79,52,0.07353588938713074,8.837026596069336,8.763490706682205,3,3,False,False
D_C_43122,chck_100M,natural_mention:vr:00246,verbatim_remention,exact_named_entity,natural_distance_pair:0097,10_19,13,0.09962373971939087,8.217394828796387,8.117771089076996,1,1,False,False
D_C_43122,chck_100M,natural_mention:vr:00247,verbatim_remention,exact_named_entity,natural_distance_pair:0061,00_04,3,11.876941680908203,10.306538581848145,-1.5704030990600586,1,1,False,False
D_C_43122,chck_100M,natural_mention:vr:00248,verbatim_remention,exact_named_entity,natural_distance_pair:0103,10_19,10,8.388442993164062,10.732437133789062,2.343994140625,1,1,False,False
D_C_43122,chck_100M,natural_mention:vr:00249,verbatim_remention,exact_named_entity,natural_distance_pair:0073,00_04,4,2.2608330249786377,2.332132339477539,0.07129931449890137,1,1,False,False
D_C_43122,chck_100M,natural_mention:vr:00250,verbatim_remention,exact_named_entity,natural_distance_pair:0095,10_19,15,0.3536486327648163,0.6359291672706604,0.2822805345058441,1,1,False,False
D_C_43122,chck_100M,natural_mention:vr:00251,verbatim_remention,exact_named_entity,natural_distance_pair:0071,00_04,4,2.082991361618042,6.888988494873047,4.805997133255005,4,4,False,False
D_C_43122,chck_100M,natural_mention:vr:00252,verbatim_remention,exact_named_entity,natural_distance_pair:0004,40_79,58,4.923270225524902,10.272430419921875,5.349160194396973,1,1,False,False
D_C_43122,chck_100M,natural_mention:vr:00253,verbatim_remention,exact_named_entity,natural_distance_pair:0127,05_09,7,0.2829829454421997,5.854159832000732,5.571176886558533,1,1,False,False
D_C_43122,chck_100M,natural_mention:vr:00254,verbatim_remention,exact_named_entity,natural_distance_pair:0123,10_19,10,0.056968629360198975,0.16593840718269348,0.1089697778224945,1,1,False,False
D_C_43122,chck_100M,natural_mention:vr:00255,verbatim_remention,exact_named_entity,natural_distance_pair:0034,20_39,20,6.1864800453186035,10.165631294250488,3.9791512489318848,2,2,False,False
D_C_43122,chck_100M,natural_mention:vr:00256,verbatim_remention,exact_named_entity,natural_distance_pair:0076,00_04,3,0.11993104964494705,3.7931318283081055,3.6732007786631584,1,1,False,False
D_C_43122,chck_100M,natural_mention:vr:00257,verbatim_remention,exact_named_entity,natural_distance_pair:0001,40_79,61,14.259966850280762,14.135843276977539,-0.12412357330322266,1,1,False,False
