arch,arm,checkpoint,seed,role,probe_family,probe_id,effect_no_all_relevant_updates,effect_no_initial_qbox,effect_no_last_relevant_update,entity_type,irrelevant_ops,item_index,margin_full,margin_no_all_relevant_updates,margin_no_initial_qbox,margin_no_last_relevant_update,prefix_words_full,query_box,relevant_updates,reported_numops,stale_idx,total_ops,uid
D,D_R_43222,chck_100M,43222,R,entity_gold_stale_cue_ablation,entityabl:0:regular_2_ops:7,-5.167155981063843,1.3533704578876495,-1.7368719577789307,regular,1,7,6.256902307271957,1.0897463262081146,7.610272765159607,4.520030349493027,89,0,2,2,1,3,regular_2_ops
D,D_R_43222,chck_100M,43222,R,entity_gold_stale_cue_ablation,entityabl:1000:move_contents_3_ops:54,-1.3567509651184082,0.8274812698364258,0.7595562934875488,move_contents,5,54,2.9510068893432617,1.5942559242248535,3.7784881591796875,3.7105631828308105,136,5,3,3,1,8,move_contents_3_ops
D,D_R_43222,chck_100M,43222,R,entity_gold_stale_cue_ablation,entityabl:1001:move_contents_3_ops:56,-10.829646587371826,-1.0695929527282715,-1.7001447677612305,move_contents,5,56,5.428023815155029,-5.401622772216797,4.358430862426758,3.727879047393799,111,2,3,3,1,8,move_contents_3_ops
D,D_R_43222,chck_100M,43222,R,entity_gold_stale_cue_ablation,entityabl:1002:move_contents_3_ops:71,-8.480471849441528,0.6019587516784668,0.7510490417480469,move_contents,5,71,0.20868778228759766,-8.27178406715393,0.8106465339660645,0.9597368240356445,134,5,3,3,1,8,move_contents_3_ops
D,D_R_43222,chck_100M,43222,R,entity_gold_stale_cue_ablation,entityabl:1003:move_contents_3_ops:78,0.7832832336425781,-0.07864570617675781,0.5096359252929688,move_contents,5,78,-0.6267156600952148,0.15656757354736328,-0.7053613662719727,-0.1170797348022461,119,2,3,3,1,8,move_contents_3_ops
D,D_R_43222,chck_100M,43222,R,entity_gold_stale_cue_ablation,entityabl:1004:move_contents_3_ops:91,-1.7887344360351562,0.30115699768066406,-0.6942963600158691,move_contents,5,91,1.628016471862793,-0.16071796417236328,1.929173469543457,0.9337201118469238,124,2,3,3,1,8,move_contents_3_ops
D,D_R_43222,chck_100M,43222,R,entity_gold_stale_cue_ablation,entityabl:1005:move_contents_3_ops:97,-5.151102632284164,11.117949090898037,-0.41909032315015793,move_contents,7,97,-0.953389547765255,-6.104492180049419,10.164559543132782,-1.372479870915413,149,4,2,3,1,9,move_contents_3_ops
D,D_R_43222,chck_100M,43222,R,entity_gold_stale_cue_ablation,entityabl:1006:move_contents_3_ops:108,-2.762637138366699,0.27202701568603516,-2.468322277069092,move_contents,6,108,2.847926139831543,0.08528900146484375,3.119953155517578,0.37960386276245117,143,0,3,3,1,9,move_contents_3_ops
D,D_R_43222,chck_100M,43222,R,entity_gold_stale_cue_ablation,entityabl:1007:move_contents_3_ops:109,-1.0200138092041016,1.970046043395996,-0.5600504875183105,move_contents,7,109,-6.980440139770508,-8.00045394897461,-5.010394096374512,-7.540490627288818,119,4,2,3,1,9,move_contents_3_ops
D,D_R_43222,chck_100M,43222,R,entity_gold_stale_cue_ablation,entityabl:1008:move_contents_3_ops:111,-0.8102035522460938,0.0877385139465332,0.3051142692565918,move_contents,7,111,-3.1976637840270996,-4.007867336273193,-3.1099252700805664,-2.892549514770508,130,0,2,3,1,9,move_contents_3_ops
D,D_R_43222,chck_100M,43222,R,entity_gold_stale_cue_ablation,entityabl:1009:move_contents_3_ops:112,-0.6308951377868652,0.8778142929077148,-0.6170773506164551,move_contents,6,112,-3.977175712585449,-4.6080708503723145,-3.0993614196777344,-4.594253063201904,128,2,3,3,1,9,move_contents_3_ops
D,D_R_43222,chck_100M,43222,R,entity_gold_stale_cue_ablation,entityabl:100:regular_2_ops:234,-0.6576967239379883,1.2506418228149414,0.6563949584960938,regular,9,234,-6.036820411682129,-6.694517135620117,-4.7861785888671875,-5.380425453186035,127,1,2,2,1,11,regular_2_ops
D,D_R_43222,chck_100M,43222,R,entity_gold_stale_cue_ablation,entityabl:1010:move_contents_3_ops:122,-0.688377857208252,0.4552626609802246,-0.38375043869018555,move_contents,6,122,2.2654871940612793,1.5771093368530273,2.720749855041504,1.8817367553710938,149,5,3,3,1,9,move_contents_3_ops
D,D_R_43222,chck_100M,43222,R,entity_gold_stale_cue_ablation,entityabl:1011:move_contents_3_ops:123,-0.41343164443969727,1.2425403594970703,-0.032525062561035156,move_contents,7,123,-2.00717830657959,-2.420609951019287,-0.7646379470825195,-2.039703369140625,127,4,2,3,1,9,move_contents_3_ops
D,D_R_43222,chck_100M,43222,R,entity_gold_stale_cue_ablation,entityabl:1012:move_contents_3_ops:127,-3.7146427631378174,1.1316773891448975,-1.1901452541351318,move_contents,6,127,2.3939602375030518,-1.3206825256347656,3.525637626647949,1.20381498336792,140,1,3,3,1,9,move_contents_3_ops
D,D_R_43222,chck_100M,43222,R,entity_gold_stale_cue_ablation,entityabl:1013:move_contents_3_ops:134,-1.7619566917419434,1.0803275108337402,0.6223244667053223,move_contents,6,134,3.886514186859131,2.1245574951171875,4.966841697692871,4.508838653564453,145,5,3,3,1,9,move_contents_3_ops
D,D_R_43222,chck_100M,43222,R,entity_gold_stale_cue_ablation,entityabl:1014:move_contents_3_ops:140,-7.049672603607178,4.298705577850342,-7.7027268409729,move_contents,7,140,1.980360507965088,-5.06931209564209,6.27906608581543,-5.7223663330078125,122,3,2,3,1,9,move_contents_3_ops
D,D_R_43222,chck_100M,43222,R,entity_gold_stale_cue_ablation,entityabl:1015:move_contents_3_ops:151,-9.164320945739746,2.3446407318115234,-4.297314643859863,move_contents,7,151,2.971935272216797,-6.192385673522949,5.31657600402832,-1.3253793716430664,137,2,3,3,1,10,move_contents_3_ops
D,D_R_43222,chck_100M,43222,R,entity_gold_stale_cue_ablation,entityabl:1016:move_contents_3_ops:153,-5.168709754943848,0.63153076171875,0.8996620178222656,move_contents,7,153,2.4202632904052734,-2.748446464538574,3.0517940521240234,3.319925308227539,136,3,3,3,1,10,move_contents_3_ops
D,D_R_43222,chck_100M,43222,R,entity_gold_stale_cue_ablation,entityabl:1017:move_contents_3_ops:155,-2.974933624267578,0.03687572479248047,-0.05833244323730469,move_contents,7,155,0.2734041213989258,-2.7015295028686523,0.31027984619140625,0.2150716781616211,133,2,3,3,1,10,move_contents_3_ops
D,D_R_43222,chck_100M,43222,R,entity_gold_stale_cue_ablation,entityabl:1018:move_contents_3_ops:157,-2.6181039810180664,-4.467768669128418,0.7524042129516602,move_contents,7,157,-1.2351036071777344,-3.853207588195801,-5.702872276306152,-0.4826993942260742,152,2,3,3,1,10,move_contents_3_ops
D,D_R_43222,chck_100M,43222,R,entity_gold_stale_cue_ablation,entityabl:1019:move_contents_3_ops:158,-7.209434546530247,8.367419123649597,-2.9573988169431686,move_contents,8,158,3.0426312685012817,-4.166803278028965,11.410050392150879,0.0852324515581131,158,4,2,3,1,10,move_contents_3_ops
D,D_R_43222,chck_100M,43222,R,entity_gold_stale_cue_ablation,entityabl:101:regular_2_ops:237,-0.4916038513183594,0.04915428161621094,-0.09431648254394531,regular,9,237,1.070648193359375,0.5790443420410156,1.119802474975586,0.9763317108154297,130,6,2,2,1,11,regular_2_ops
D,D_R_43222,chck_100M,43222,R,entity_gold_stale_cue_ablation,entityabl:1020:move_contents_3_ops:161,-0.036624908447265625,2.219292163848877,-0.5591487884521484,move_contents,8,161,-6.387483596801758,-6.424108505249023,-4.168191432952881,-6.946632385253906,125,4,2,3,1,10,move_contents_3_ops
D,D_R_43222,chck_100M,43222,R,entity_gold_stale_cue_ablation,entityabl:1021:move_contents_3_ops:169,-0.5554800033569336,2.6451311111450195,-1.1051592826843262,move_contents,8,169,3.549027442932129,2.9935474395751953,6.194158554077148,2.4438681602478027,137,2,2,3,1,10,move_contents_3_ops
D,D_R_43222,chck_100M,43222,R,entity_gold_stale_cue_ablation,entityabl:1022:move_contents_3_ops:175,-0.7426776885986328,0.388399600982666,-0.5593166351318359,move_contents,7,175,-1.6952075958251953,-2.437885284423828,-1.3068079948425293,-2.2545242309570312,139,2,3,3,1,10,move_contents_3_ops
D,D_R_43222,chck_100M,43222,R,entity_gold_stale_cue_ablation,entityabl:1023:move_contents_3_ops:181,-7.604551315307617,4.879238128662109,-5.122998237609863,move_contents,8,181,0.48580074310302734,-7.11875057220459,5.365038871765137,-4.637197494506836,131,3,2,3,1,10,move_contents_3_ops
D,D_R_43222,chck_100M,43222,R,entity_gold_stale_cue_ablation,entityabl:1024:move_contents_3_ops:185,-1.5260889530181885,0.45462632179260254,-0.2482771873474121,move_contents,7,185,2.88360333442688,1.3575143814086914,3.3382296562194824,2.6353261470794678,142,4,3,3,1,10,move_contents_3_ops
D,D_R_43222,chck_100M,43222,R,entity_gold_stale_cue_ablation,entityabl:1025:move_contents_3_ops:191,-1.7743492126464844,0.029997825622558594,1.995356559753418,move_contents,8,191,0.40003395080566406,-1.3743152618408203,0.43003177642822266,2.395390510559082,125,0,2,3,1,10,move_contents_3_ops
D,D_R_43222,chck_100M,43222,R,entity_gold_stale_cue_ablation,entityabl:1026:move_contents_3_ops:192,-7.3325958251953125,-0.5204081535339355,-3.5320916175842285,move_contents,7,192,-0.08994388580322266,-7.422539710998535,-0.6103520393371582,-3.622035503387451,146,6,3,3,1,10,move_contents_3_ops
D,D_R_43222,chck_100M,43222,R,entity_gold_stale_cue_ablation,entityabl:1027:move_contents_3_ops:193,0.5993642807006836,0.007805824279785156,-0.27771472930908203,move_contents,7,193,2.5166969299316406,3.116061210632324,2.524502754211426,2.2389822006225586,137,2,3,3,1,10,move_contents_3_ops
D,D_R_43222,chck_100M,43222,R,entity_gold_stale_cue_ablation,entityabl:1028:move_contents_3_ops:197,-0.1988978385925293,0.12249088287353516,-0.12515640258789062,move_contents,8,197,-3.38295841217041,-3.5818562507629395,-3.260467529296875,-3.508114814758301,136,0,2,3,1,10,move_contents_3_ops
D,D_R_43222,chck_100M,43222,R,entity_gold_stale_cue_ablation,entityabl:1029:move_contents_3_ops:205,-5.805288791656494,1.0116534233093262,-1.4952797889709473,move_contents,7,205,2.332653522491455,-3.472635269165039,3.3443069458007812,0.8373737335205078,149,6,3,3,1,10,move_contents_3_ops
D,D_R_43222,chck_100M,43222,R,entity_gold_stale_cue_ablation,entityabl:102:regular_2_ops:238,-0.48363590240478516,0.37438392639160156,-0.41139888763427734,regular,9,238,-1.053314208984375,-1.5369501113891602,-0.6789302825927734,-1.4647130966186523,121,1,2,2,1,11,regular_2_ops
D,D_R_43222,chck_100M,43222,R,entity_gold_stale_cue_ablation,entityabl:1030:move_contents_3_ops:207,-2.164051055908203,0.3975553512573242,-1.9086427688598633,move_contents,7,207,3.1269683837890625,0.9629173278808594,3.5245237350463867,1.2183256149291992,136,2,3,3,1,10,move_contents_3_ops
D,D_R_43222,chck_100M,43222,R,entity_gold_stale_cue_ablation,entityabl:1031:move_contents_3_ops:212,-10.619942903518677,-1.0164282321929932,-7.80200982093811,move_contents,7,212,8.471009492874146,-2.1489334106445312,7.454581260681152,0.6689996719360352,137,2,3,3,1,10,move_contents_3_ops
D,D_R_43222,chck_100M,43222,R,entity_gold_stale_cue_ablation,entityabl:1032:move_contents_3_ops:213,-2.4661035537719727,-2.2815561294555664,-0.4991617202758789,move_contents,7,213,2.1081724166870117,-0.35793113708496094,-0.1733837127685547,1.6090106964111328,142,5,3,3,1,10,move_contents_3_ops
D,D_R_43222,chck_100M,43222,R,entity_gold_stale_cue_ablation,entityabl:1033:move_contents_3_ops:217,-4.900669813156128,0.09234213829040527,-1.1741111278533936,move_contents,7,217,3.0646252632141113,-1.8360445499420166,3.1569674015045166,1.8905141353607178,149,1,3,3,1,10,move_contents_3_ops
D,D_R_43222,chck_100M,43222,R,entity_gold_stale_cue_ablation,entityabl:1034:move_contents_3_ops:225,-4.822591781616211,0.06942367553710938,0.5571193695068359,move_contents,8,225,2.2215185165405273,-2.6010732650756836,2.2909421920776367,2.7786378860473633,148,3,3,3,1,11,move_contents_3_ops
D,D_R_43222,chck_100M,43222,R,entity_gold_stale_cue_ablation,entityabl:1035:move_contents_3_ops:232,-1.458277702331543,0.8594083786010742,-1.296949863433838,move_contents,8,232,-3.5625,-5.020777702331543,-2.703091621398926,-4.859449863433838,143,2,3,3,1,11,move_contents_3_ops
D,D_R_43222,chck_100M,43222,R,entity_gold_stale_cue_ablation,entityabl:1036:move_contents_3_ops:249,-0.11854696273803711,0.32395315170288086,0.11028242111206055,move_contents,9,249,-3.223201274871826,-3.3417482376098633,-2.8992481231689453,-3.1129188537597656,145,0,2,3,1,11,move_contents_3_ops
D,D_R_43222,chck_100M,43222,R,entity_gold_stale_cue_ablation,entityabl:1037:move_contents_3_ops:251,-5.242005348205566,0.3712310791015625,-3.029477119445801,move_contents,8,251,2.2740564346313477,-2.9679489135742188,2.64528751373291,-0.7554206848144531,140,5,3,3,1,11,move_contents_3_ops
D,D_R_43222,chck_100M,43222,R,entity_gold_stale_cue_ablation,entityabl:1038:move_contents_3_ops:257,-0.6806507110595703,0.9937477111816406,0.4326181411743164,move_contents,9,257,-2.463507652282715,-3.144158363342285,-1.4697599411010742,-2.0308895111083984,145,4,2,3,1,11,move_contents_3_ops
D,D_R_43222,chck_100M,43222,R,entity_gold_stale_cue_ablation,entityabl:1039:move_contents_3_ops:258,-2.8218183517456055,1.1182079315185547,-1.2144465446472168,move_contents,8,258,-3.7651166915893555,-6.586935043334961,-2.646908760070801,-4.979563236236572,118,4,3,3,1,11,move_contents_3_ops
D,D_R_43222,chck_100M,43222,R,entity_gold_stale_cue_ablation,entityabl:103:regular_2_ops:239,-2.436689853668213,1.2404403686523438,-1.0000157356262207,regular,9,239,0.02531147003173828,-2.4113783836364746,1.265751838684082,-0.9747042655944824,144,4,2,2,1,11,regular_2_ops
D,D_R_43222,chck_100M,43222,R,entity_gold_stale_cue_ablation,entityabl:1040:move_contents_3_ops:260,0.21640300750732422,0.5692291259765625,-0.6051301956176758,move_contents,8,260,-0.23229217529296875,-0.01588916778564453,0.33693695068359375,-0.8374223709106445,136,1,3,3,1,11,move_contents_3_ops
D,D_R_43222,chck_100M,43222,R,entity_gold_stale_cue_ablation,entityabl:1041:move_contents_3_ops:265,-1.138401985168457,1.5089130401611328,-0.6208868026733398,move_contents,9,265,1.1269903182983398,-0.011411666870117188,2.6359033584594727,0.506103515625,137,4,2,3,1,11,move_contents_3_ops
D,D_R_43222,chck_100M,43222,R,entity_gold_stale_cue_ablation,entityabl:1042:move_contents_3_ops:271,-9.837713241577148,0.8686714172363281,-7.659451484680176,move_contents,9,271,10.017584800720215,0.1798715591430664,10.886256217956543,2.358133316040039,149,2,2,3,1,11,move_contents_3_ops
D,D_R_43222,chck_100M,43222,R,entity_gold_stale_cue_ablation,entityabl:1043:move_contents_3_ops:274,-1.9428825378417969,0.10668563842773438,-0.8122291564941406,move_contents,8,274,-1.6013851165771484,-3.5442676544189453,-1.494699478149414,-2.413614273071289,148,6,3,3,1,11,move_contents_3_ops
D,D_R_43222,chck_100M,43222,R,entity_gold_stale_cue_ablation,entityabl:1044:move_contents_3_ops:277,-0.8387365341186523,0.4634532928466797,1.646996021270752,move_contents,9,277,-0.5220661163330078,-1.3608026504516602,-0.058612823486328125,1.1249299049377441,131,0,2,3,1,11,move_contents_3_ops
D,D_R_43222,chck_100M,43222,R,entity_gold_stale_cue_ablation,entityabl:1045:move_contents_3_ops:284,1.0481071472167969,0.18882274627685547,-0.42899417877197266,move_contents,8,284,2.8564977645874023,3.904604911804199,3.045320510864258,2.4275035858154297,143,2,3,3,1,11,move_contents_3_ops
D,D_R_43222,chck_100M,43222,R,entity_gold_stale_cue_ablation,entityabl:1046:move_contents_3_ops:290,-3.8699045181274414,0.7606325149536133,-0.5092658996582031,move_contents,8,290,1.5836706161499023,-2.286233901977539,2.3443031311035156,1.0744047164916992,155,3,3,3,1,11,move_contents_3_ops
D,D_R_43222,chck_100M,43222,R,entity_gold_stale_cue_ablation,entityabl:1047:move_contents_3_ops:294,-5.226343154907227,-0.15663814544677734,-2.404597282409668,move_contents,8,294,-0.7353429794311523,-5.961686134338379,-0.8919811248779297,-3.1399402618408203,152,6,3,3,1,11,move_contents_3_ops
D,D_R_43222,chck_100M,43222,R,entity_gold_stale_cue_ablation,entityabl:1048:move_contents_3_ops:296,-1.8227668851613998,9.037923350930214,-4.057766743004322,move_contents,9,296,1.4070506542921066,-0.4157162308692932,10.44497400522232,-2.6507160887122154,164,4,2,3,1,11,move_contents_3_ops
D,D_R_43222,chck_100M,43222,R,entity_gold_stale_cue_ablation,entityabl:1049:move_contents_3_ops:300,-1.0192475318908691,0.30277204513549805,0.2210550308227539,move_contents,9,300,0.39902639389038086,-0.6202211380004883,0.7017984390258789,0.6200814247131348,152,5,3,3,1,12,move_contents_3_ops
D,D_R_43222,chck_100M,43222,R,entity_gold_stale_cue_ablation,entityabl:104:regular_2_ops:243,-0.5011649131774902,2.277919292449951,-0.6706986427307129,regular,9,243,-5.7759833335876465,-6.277148246765137,-3.4980640411376953,-6.446681976318359,126,3,2,2,1,11,regular_2_ops
D,D_R_43222,chck_100M,43222,R,entity_gold_stale_cue_ablation,entityabl:1050:move_contents_3_ops:303,-0.5556173324584961,0.49853038787841797,0.5503082275390625,move_contents,9,303,3.1307907104492188,2.5751733779907227,3.6293210983276367,3.6810989379882812,133,4,3,3,1,12,move_contents_3_ops
D,D_R_43222,chck_100M,43222,R,entity_gold_stale_cue_ablation,entityabl:1051:move_contents_3_ops:306,0.5988941192626953,0.38935184478759766,-0.14641761779785156,move_contents,9,306,-0.7405414581298828,-0.1416473388671875,-0.35118961334228516,-0.8869590759277344,145,1,3,3,1,12,move_contents_3_ops
D,D_R_43222,chck_100M,43222,R,entity_gold_stale_cue_ablation,entityabl:1052:move_contents_3_ops:307,0.42125511169433594,0.41044044494628906,0.019670486450195312,move_contents,9,307,1.8874797821044922,2.308734893798828,2.2979202270507812,1.9071502685546875,149,2,3,3,1,12,move_contents_3_ops
D,D_R_43222,chck_100M,43222,R,entity_gold_stale_cue_ablation,entityabl:1053:move_contents_3_ops:312,-5.823184490203857,3.1020712852478027,-5.86182165145874,move_contents,10,312,3.439919948577881,-2.3832645416259766,6.541991233825684,-2.4219017028808594,167,6,2,3,1,12,move_contents_3_ops
D,D_R_43222,chck_100M,43222,R,entity_gold_stale_cue_ablation,entityabl:1054:move_contents_3_ops:314,-0.5504641532897949,0.6896176338195801,-0.16639471054077148,move_contents,9,314,-1.714622974395752,-2.265087127685547,-1.0250053405761719,-1.8810176849365234,157,2,3,3,1,12,move_contents_3_ops
D,D_R_43222,chck_100M,43222,R,entity_gold_stale_cue_ablation,entityabl:1055:move_contents_3_ops:317,-4.204998970031738,0.27570533752441406,-0.5702390670776367,move_contents,9,317,-0.8666591644287109,-5.071658134460449,-0.5909538269042969,-1.4368982315063477,141,2,3,3,1,12,move_contents_3_ops
D,D_R_43222,chck_100M,43222,R,entity_gold_stale_cue_ablation,entityabl:1056:move_contents_3_ops:325,-0.5725398063659668,0.9684934616088867,-0.3931131362915039,move_contents,10,325,-2.070185661315918,-2.6427254676818848,-1.1016921997070312,-2.463298797607422,154,4,2,3,1,12,move_contents_3_ops
D,D_R_43222,chck_100M,43222,R,entity_gold_stale_cue_ablation,entityabl:1057:move_contents_3_ops:328,-1.0491580963134766,0.7781476974487305,0.0026082992553710938,move_contents,10,328,-2.245584487915039,-3.2947425842285156,-1.4674367904663086,-2.242976188659668,152,5,2,3,1,12,move_contents_3_ops
D,D_R_43222,chck_100M,43222,R,entity_gold_stale_cue_ablation,entityabl:1058:move_contents_3_ops:331,-1.1571526527404785,2.088873863220215,0.0048828125,move_contents,9,331,-0.036004066467285156,-1.1931567192077637,2.0528697967529297,-0.031121253967285156,161,4,3,3,1,12,move_contents_3_ops
D,D_R_43222,chck_100M,43222,R,entity_gold_stale_cue_ablation,entityabl:1059:move_contents_3_ops:337,-1.396498203277588,-0.0069086551666259766,0.044243574142456055,move_contents,9,337,3.14288592338562,1.7463877201080322,3.135977268218994,3.187129497528076,157,4,3,3,1,12,move_contents_3_ops
D,D_R_43222,chck_100M,43222,R,entity_gold_stale_cue_ablation,entityabl:105:regular_2_ops:247,0.09468936920166016,0.6613836288452148,0.06349468231201172,regular,9,247,0.5018634796142578,0.596552848815918,1.1632471084594727,0.5653581619262695,139,0,2,2,1,11,regular_2_ops
D,D_R_43222,chck_100M,43222,R,entity_gold_stale_cue_ablation,entityabl:1060:move_contents_3_ops:340,0.15170001983642578,1.7653353214263916,-0.5303549766540527,move_contents,9,340,2.924586296081543,3.0762863159179688,4.689921617507935,2.3942313194274902,167,1,3,3,1,12,move_contents_3_ops
D,D_R_43222,chck_100M,43222,R,entity_gold_stale_cue_ablation,entityabl:1061:move_contents_3_ops:345,-2.2284629344940186,3.80100154876709,0.8639497756958008,move_contents,9,345,-6.577640533447266,-8.806103467941284,-2.776638984680176,-5.713690757751465,144,1,3,3,1,12,move_contents_3_ops
D,D_R_43222,chck_100M,43222,R,entity_gold_stale_cue_ablation,entityabl:1062:move_contents_3_ops:359,-4.424121856689453,0.20783138275146484,-1.5549039840698242,move_contents,9,359,-1.1530780792236328,-5.577199935913086,-0.945246696472168,-2.707982063293457,161,6,3,3,1,12,move_contents_3_ops
D,D_R_43222,chck_100M,43222,R,entity_gold_stale_cue_ablation,entityabl:1063:move_contents_3_ops:362,-6.767987251281738,0.9909257888793945,-5.343689441680908,move_contents,10,362,7.262031555175781,0.49404430389404297,8.252957344055176,1.918342113494873,158,2,2,3,1,12,move_contents_3_ops
D,D_R_43222,chck_100M,43222,R,entity_gold_stale_cue_ablation,entityabl:1064:move_contents_3_ops:367,-0.7157907485961914,1.688218593597412,-0.03558158874511719,move_contents,10,367,-5.60348653793335,-6.319277286529541,-3.9152679443359375,-5.639068126678467,137,4,2,3,1,12,move_contents_3_ops
D,D_R_43222,chck_100M,43222,R,entity_gold_stale_cue_ablation,entityabl:1065:move_contents_3_ops:375,-2.095010280609131,-0.10229897499084473,0.5852434635162354,move_contents,9,375,3.3548543453216553,1.2598440647125244,3.2525553703308105,3.9400978088378906,167,3,3,3,1,12,move_contents_3_ops
D,D_R_43222,chck_100M,43222,R,entity_gold_stale_cue_ablation,entityabl:1066:move_contents_3_ops:377,-5.317032337188721,0.6678762435913086,-2.300825595855713,move_contents,9,377,6.176158428192139,0.859126091003418,6.844034671783447,3.875332832336426,134,1,3,3,1,12,move_contents_3_ops
D,D_R_43222,chck_100M,43222,R,entity_gold_stale_cue_ablation,entityabl:1067:move_contents_3_ops:378,-1.0244741439819336,2.2760839462280273,-0.5371723175048828,move_contents,9,378,-3.877621650695801,-4.902095794677734,-1.6015377044677734,-4.414793968200684,127,4,3,3,1,12,move_contents_3_ops
D,D_R_43222,chck_100M,43222,R,entity_gold_stale_cue_ablation,entityabl:1068:move_contents_3_ops:392,-7.871036767959595,0.9590578079223633,-0.45479345321655273,move_contents,2,392,-1.6962361335754395,-9.567272901535034,-0.7371783256530762,-2.151029586791992,107,5,3,3,1,5,move_contents_3_ops
D,D_R_43222,chck_100M,43222,R,entity_gold_stale_cue_ablation,entityabl:1069:move_contents_3_ops:396,-1.2934398651123047,1.4737319946289062,0.836522102355957,move_contents,2,396,1.4646263122558594,0.1711864471435547,2.9383583068847656,2.3011484146118164,88,4,3,3,1,5,move_contents_3_ops
D,D_R_43222,chck_100M,43222,R,entity_gold_stale_cue_ablation,entityabl:106:regular_2_ops:250,-2.495327949523926,-0.3762693405151367,-1.716893196105957,regular,9,250,-1.5417518615722656,-4.037079811096191,-1.9180212020874023,-3.2586450576782227,152,2,2,2,1,11,regular_2_ops
D,D_R_43222,chck_100M,43222,R,entity_gold_stale_cue_ablation,entityabl:1070:move_contents_4_ops:0,0.4015922546386719,3.6254405975341797,-0.3172469139099121,move_contents,9,0,-6.483077049255371,-6.081484794616699,-2.8576364517211914,-6.800323963165283,154,2,3,4,2,12,move_contents_4_ops
D,D_R_43222,chck_100M,43222,R,entity_gold_stale_cue_ablation,entityabl:1071:move_contents_4_ops:3,-4.023049354553223,-0.43250274658203125,-3.2563772201538086,move_contents,8,3,2.4879703521728516,-1.535079002380371,2.0554676055908203,-0.768406867980957,151,3,4,4,1,12,move_contents_4_ops
D,D_R_43222,chck_100M,43222,R,entity_gold_stale_cue_ablation,entityabl:1072:move_contents_4_ops:9,-0.602820873260498,0.8809585571289062,-0.8013114929199219,move_contents,8,9,1.1274175643920898,0.5245966911315918,2.008376121520996,0.32610607147216797,152,4,4,4,1,12,move_contents_4_ops
D,D_R_43222,chck_100M,43222,R,entity_gold_stale_cue_ablation,entityabl:1073:move_contents_4_ops:13,-6.122527599334717,0.17899608612060547,-3.387864112854004,move_contents,8,13,3.0026302337646484,-3.1198973655700684,3.181626319885254,-0.38523387908935547,142,1,4,4,1,12,move_contents_4_ops
D,D_R_43222,chck_100M,43222,R,entity_gold_stale_cue_ablation,entityabl:1074:move_contents_4_ops:15,-4.099567413330078,0.8242387771606445,-1.1329269409179688,move_contents,8,15,0.6346702575683594,-3.4648971557617188,1.458909034729004,-0.4982566833496094,151,1,4,4,2,12,move_contents_4_ops
D,D_R_43222,chck_100M,43222,R,entity_gold_stale_cue_ablation,entityabl:1075:move_contents_4_ops:17,-0.8517026901245117,0.4333028793334961,0.03692054748535156,move_contents,9,17,-3.8351354598999023,-4.686838150024414,-3.4018325805664062,-3.798214912414551,157,4,3,4,1,12,move_contents_4_ops
D,D_R_43222,chck_100M,43222,R,entity_gold_stale_cue_ablation,entityabl:1076:move_contents_4_ops:31,-0.5634112358093262,0.5607895851135254,-0.024229049682617188,move_contents,8,31,3.1724653244018555,2.6090540885925293,3.733254909515381,3.1482362747192383,145,4,4,4,1,12,move_contents_4_ops
D,D_R_43222,chck_100M,43222,R,entity_gold_stale_cue_ablation,entityabl:1077:move_contents_4_ops:33,1.234560489654541,0.6292314529418945,1.741537094116211,move_contents,9,33,-3.140160083770752,-1.905599594116211,-2.5109286308288574,-1.398622989654541,139,3,3,4,2,12,move_contents_4_ops
D,D_R_43222,chck_100M,43222,R,entity_gold_stale_cue_ablation,entityabl:1078:move_contents_4_ops:34,-3.7077691555023193,1.7875714302062988,-0.33638477325439453,move_contents,8,34,3.5583791732788086,-0.14938998222351074,5.345950603485107,3.221994400024414,155,0,4,4,2,12,move_contents_4_ops
D,D_R_43222,chck_100M,43222,R,entity_gold_stale_cue_ablation,entityabl:1079:move_contents_4_ops:36,-0.28435802459716797,-0.019775390625,-0.23232364654541016,move_contents,8,36,-0.3501119613647461,-0.6344699859619141,-0.3698873519897461,-0.5824356079101562,152,5,4,4,2,12,move_contents_4_ops
D,D_R_43222,chck_100M,43222,R,entity_gold_stale_cue_ablation,entityabl:107:regular_2_ops:252,-2.0371041297912598,0.3291163444519043,-1.417433261871338,regular,9,252,2.4436964988708496,0.40659236907958984,2.772812843322754,1.0262632369995117,145,1,2,2,1,11,regular_2_ops
D,D_R_43222,chck_100M,43222,R,entity_gold_stale_cue_ablation,entityabl:1080:move_contents_4_ops:37,-1.4275808334350586,-0.47191524505615234,-0.4082956314086914,move_contents,9,37,0.21512222290039062,-1.212458610534668,-0.2567930221557617,-0.19317340850830078,152,6,3,4,1,12,move_contents_4_ops
D,D_R_43222,chck_100M,43222,R,entity_gold_stale_cue_ablation,entityabl:1081:move_contents_4_ops:39,-4.578495025634766,0.1156005859375,-4.026803016662598,move_contents,9,39,5.613890647888184,1.035395622253418,5.729491233825684,1.587087631225586,157,3,3,4,1,12,move_contents_4_ops
D,D_R_43222,chck_100M,43222,R,entity_gold_stale_cue_ablation,entityabl:1082:move_contents_4_ops:40,0.3272995948791504,-0.24959516525268555,0.31462621688842773,move_contents,9,40,2.291381359100342,2.618680953979492,2.0417861938476562,2.6060075759887695,157,6,3,4,1,12,move_contents_4_ops
D,D_R_43222,chck_100M,43222,R,entity_gold_stale_cue_ablation,entityabl:1083:move_contents_4_ops:47,-1.1394414901733398,0.4524087905883789,0.3997182846069336,move_contents,8,47,-0.8249654769897461,-1.964406967163086,-0.3725566864013672,-0.4252471923828125,129,3,4,4,1,12,move_contents_4_ops
D,D_R_43222,chck_100M,43222,R,entity_gold_stale_cue_ablation,entityabl:1084:move_contents_4_ops:49,-0.2656221389770508,-0.047252655029296875,0.08819770812988281,move_contents,8,49,0.2534141540527344,-0.012207984924316406,0.2061614990234375,0.3416118621826172,157,2,4,4,1,12,move_contents_4_ops
D,D_R_43222,chck_100M,43222,R,entity_gold_stale_cue_ablation,entityabl:1085:move_contents_4_ops:51,-1.6879653930664062,1.7138919830322266,0.9706478118896484,move_contents,9,51,1.5171184539794922,-0.17084693908691406,3.2310104370117188,2.4877662658691406,152,2,3,4,2,12,move_contents_4_ops
D,D_R_43222,chck_100M,43222,R,entity_gold_stale_cue_ablation,entityabl:1086:move_contents_4_ops:52,-0.31235265731811523,2.684591770172119,-0.9523344039916992,move_contents,8,52,-3.932185649871826,-4.244538307189941,-1.247593879699707,-4.884520053863525,151,0,4,4,1,12,move_contents_4_ops
D,D_R_43222,chck_100M,43222,R,entity_gold_stale_cue_ablation,entityabl:1087:move_contents_4_ops:54,-3.196638584136963,2.414353370666504,-3.679450035095215,move_contents,9,54,0.8775835037231445,-2.3190550804138184,3.2919368743896484,-2.8018665313720703,148,1,3,4,1,12,move_contents_4_ops
D,D_R_43222,chck_100M,43222,R,entity_gold_stale_cue_ablation,entityabl:1088:move_contents_4_ops:55,-1.3411979675292969,1.2604951858520508,0.807957649230957,move_contents,9,55,0.520564079284668,-0.8206338882446289,1.7810592651367188,1.328521728515625,158,5,3,4,1,12,move_contents_4_ops
D,D_R_43222,chck_100M,43222,R,entity_gold_stale_cue_ablation,entityabl:1089:move_contents_4_ops:58,-1.8020172119140625,0.25989532470703125,-1.6354122161865234,move_contents,8,58,0.6136341094970703,-1.1883831024169922,0.8735294342041016,-1.0217781066894531,160,0,4,4,2,12,move_contents_4_ops
D,D_R_43222,chck_100M,43222,R,entity_gold_stale_cue_ablation,entityabl:108:regular_2_ops:256,-4.834040641784668,1.1239962577819824,-1.5461807250976562,regular,9,256,4.857476234436035,0.023435592651367188,5.981472492218018,3.311295509338379,143,5,2,2,1,11,regular_2_ops
D,D_R_43222,chck_100M,43222,R,entity_gold_stale_cue_ablation,entityabl:1090:move_contents_4_ops:59,0.3690614700317383,1.0458946228027344,-0.05910015106201172,move_contents,9,59,-2.2523746490478516,-1.8833131790161133,-1.2064800262451172,-2.3114748001098633,160,4,3,4,1,12,move_contents_4_ops
D,D_R_43222,chck_100M,43222,R,entity_gold_stale_cue_ablation,entityabl:1091:move_contents_4_ops:65,-2.411039352416992,0.3419456481933594,-0.43449878692626953,move_contents,8,65,-3.2192230224609375,-5.63026237487793,-2.877277374267578,-3.653721809387207,148,4,4,4,1,12,move_contents_4_ops
D,D_R_43222,chck_100M,43222,R,entity_gold_stale_cue_ablation,entityabl:1092:move_contents_4_ops:69,-2.710557460784912,0.5522675514221191,-0.21396255493164062,move_contents,8,69,4.654228687286377,1.9436712265014648,5.206496238708496,4.440266132354736,135,3,4,4,2,12,move_contents_4_ops
D,D_R_43222,chck_100M,43222,R,entity_gold_stale_cue_ablation,entityabl:1093:move_contents_4_ops:74,-4.605706214904785,-0.09844207763671875,-1.0389728546142578,move_contents,8,74,-1.2204408645629883,-5.826147079467773,-1.318882942199707,-2.259413719177246,141,6,4,4,1,12,move_contents_4_ops
D,D_R_43222,chck_100M,43222,R,entity_gold_stale_cue_ablation,entityabl:1094:move_contents_4_ops:79,-1.9170985221862793,1.918942928314209,1.373115062713623,move_contents,8,79,-1.254331111907959,-3.1714296340942383,0.66461181640625,0.11878395080566406,158,2,4,4,2,12,move_contents_4_ops
D,D_R_43222,chck_100M,43222,R,entity_gold_stale_cue_ablation,entityabl:1095:move_contents_4_ops:81,-0.6015415191650391,-0.5491151809692383,0.6492862701416016,move_contents,8,81,3.659613609313965,3.058072090148926,3.1104984283447266,4.308899879455566,152,6,4,4,1,12,move_contents_4_ops
D,D_R_43222,chck_100M,43222,R,entity_gold_stale_cue_ablation,entityabl:1096:move_contents_4_ops:85,-2.1830201148986816,0.5468831062316895,-0.9447875022888184,move_contents,8,85,0.06853246688842773,-2.114487648010254,0.6154155731201172,-0.8762550354003906,145,4,4,4,2,12,move_contents_4_ops
D,D_R_43222,chck_100M,43222,R,entity_gold_stale_cue_ablation,entityabl:1097:move_contents_4_ops:89,-2.6066932678222656,-0.10337257385253906,-1.0869636535644531,move_contents,8,89,0.7764310836791992,-1.8302621841430664,0.6730585098266602,-0.3105325698852539,145,5,4,4,2,12,move_contents_4_ops
D,D_R_43222,chck_100M,43222,R,entity_gold_stale_cue_ablation,entityabl:1098:move_contents_4_ops:98,-2.1089119911193848,1.515514850616455,-1.162564754486084,move_contents,9,98,1.88456392288208,-0.2243480682373047,3.400078773498535,0.7219991683959961,155,3,3,4,1,12,move_contents_4_ops
D,D_R_43222,chck_100M,43222,R,entity_gold_stale_cue_ablation,entityabl:1099:move_contents_4_ops:99,-0.5542163848876953,0.269561767578125,-0.12413311004638672,move_contents,8,99,0.40294742584228516,-0.15126895904541016,0.6725091934204102,0.27881431579589844,152,3,4,4,2,12,move_contents_4_ops
D,D_R_43222,chck_100M,43222,R,entity_gold_stale_cue_ablation,entityabl:109:regular_2_ops:258,-1.1580495834350586,0.2890129089355469,-0.4849119186401367,regular,9,258,2.5704526901245117,1.4124031066894531,2.8594655990600586,2.085540771484375,126,4,2,2,1,11,regular_2_ops
D,D_R_43222,chck_100M,43222,R,entity_gold_stale_cue_ablation,entityabl:10:regular_2_ops:34,1.3731451034545898,-0.7824249267578125,1.6483592987060547,regular,2,34,0.027467727661132812,1.4006128311157227,-0.7549571990966797,1.6758270263671875,92,0,2,2,1,4,regular_2_ops
D,D_R_43222,chck_100M,43222,R,entity_gold_stale_cue_ablation,entityabl:1100:move_contents_4_ops:102,0.2514991760253906,-0.02737712860107422,-0.1494159698486328,move_contents,8,102,-3.1098642349243164,-2.858365058898926,-3.1372413635253906,-3.259280204772949,143,5,4,4,2,12,move_contents_4_ops
D,D_R_43222,chck_100M,43222,R,entity_gold_stale_cue_ablation,entityabl:1101:move_contents_4_ops:107,-1.9082379341125488,-0.9053516387939453,-3.299163341522217,move_contents,6,107,1.6266846656799316,-0.2815532684326172,0.7213330268859863,-1.6724786758422852,136,3,4,4,1,10,move_contents_4_ops
D,D_R_43222,chck_100M,43222,R,entity_gold_stale_cue_ablation,entityabl:1102:move_contents_4_ops:109,-0.453094482421875,0.33373451232910156,-0.8387308120727539,move_contents,6,109,0.8200130462646484,0.36691856384277344,1.15374755859375,-0.01871776580810547,137,4,4,4,1,10,move_contents_4_ops
D,D_R_43222,chck_100M,43222,R,entity_gold_stale_cue_ablation,entityabl:1103:move_contents_4_ops:112,-6.423977375030518,0.9360589981079102,-1.95326566696167,move_contents,6,112,2.6259236335754395,-3.798053741455078,3.5619826316833496,0.6726579666137695,121,6,4,4,2,10,move_contents_4_ops
D,D_R_43222,chck_100M,43222,R,entity_gold_stale_cue_ablation,entityabl:1104:move_contents_4_ops:119,-11.995469093322754,1.1160287857055664,1.8398027420043945,move_contents,6,119,2.6011810302734375,-9.394288063049316,3.717209815979004,4.440983772277832,131,3,4,4,1,10,move_contents_4_ops
D,D_R_43222,chck_100M,43222,R,entity_gold_stale_cue_ablation,entityabl:1105:move_contents_4_ops:122,0.149566650390625,0.01232290267944336,-0.16393232345581055,move_contents,8,122,0.5465140342712402,0.6960806846618652,0.5588369369506836,0.3825817108154297,119,4,2,4,2,10,move_contents_4_ops
D,D_R_43222,chck_100M,43222,R,entity_gold_stale_cue_ablation,entityabl:1106:move_contents_4_ops:126,-3.922879695892334,1.1338119506835938,-1.4331631660461426,move_contents,6,126,3.411740303039551,-0.5111393928527832,4.5455522537231445,1.9785771369934082,140,0,4,4,2,10,move_contents_4_ops
D,D_R_43222,chck_100M,43222,R,entity_gold_stale_cue_ablation,entityabl:1107:move_contents_4_ops:127,-6.250904083251953,0.04729413986206055,-2.2967567443847656,move_contents,6,127,2.3137922286987305,-3.9371118545532227,2.361086368560791,0.017035484313964844,118,6,4,4,2,10,move_contents_4_ops
D,D_R_43222,chck_100M,43222,R,entity_gold_stale_cue_ablation,entityabl:1108:move_contents_4_ops:130,-0.3416786193847656,0.03723907470703125,-0.3041048049926758,move_contents,6,130,-0.44888877868652344,-0.7905673980712891,-0.4116497039794922,-0.7529935836791992,140,5,4,4,2,10,move_contents_4_ops
D,D_R_43222,chck_100M,43222,R,entity_gold_stale_cue_ablation,entityabl:1109:move_contents_4_ops:131,-0.3766593933105469,0.6947879791259766,-0.13645362854003906,move_contents,7,131,-0.20035076141357422,-0.5770101547241211,0.49443721771240234,-0.3368043899536133,140,6,3,4,1,10,move_contents_4_ops
D,D_R_43222,chck_100M,43222,R,entity_gold_stale_cue_ablation,entityabl:110:regular_2_ops:261,-0.6899590492248535,0.053922176361083984,-0.48532915115356445,regular,9,261,1.180203914642334,0.49024486541748047,1.234126091003418,0.6948747634887695,141,5,2,2,1,11,regular_2_ops
D,D_R_43222,chck_100M,43222,R,entity_gold_stale_cue_ablation,entityabl:1110:move_contents_4_ops:133,-0.8306803703308105,-2.3880348205566406,-1.3298006057739258,move_contents,6,133,-1.5747814178466797,-2.4054617881774902,-3.9628162384033203,-2.9045820236206055,114,1,4,4,1,10,move_contents_4_ops
D,D_R_43222,chck_100M,43222,R,entity_gold_stale_cue_ablation,entityabl:1111:move_contents_4_ops:135,0.4753608703613281,0.21386432647705078,0.037871360778808594,move_contents,6,135,0.11840343475341797,0.5937643051147461,0.33226776123046875,0.15627479553222656,142,2,4,4,1,10,move_contents_4_ops
D,D_R_43222,chck_100M,43222,R,entity_gold_stale_cue_ablation,entityabl:1112:move_contents_4_ops:136,-0.7707414627075195,1.266493797302246,-1.2891697883605957,move_contents,6,136,-3.7276363372802734,-4.498377799987793,-2.4611425399780273,-5.016806125640869,130,0,4,4,1,10,move_contents_4_ops
D,D_R_43222,chck_100M,43222,R,entity_gold_stale_cue_ablation,entityabl:1113:move_contents_4_ops:137,-5.011290550231934,0.19747638702392578,-0.30528831481933594,move_contents,7,137,2.606053352355957,-2.4052371978759766,2.803529739379883,2.300765037536621,143,5,3,4,1,10,move_contents_4_ops
D,D_R_43222,chck_100M,43222,R,entity_gold_stale_cue_ablation,entityabl:1114:move_contents_4_ops:140,-3.6996660232543945,0.23086309432983398,-3.1115989685058594,move_contents,6,140,1.852081298828125,-1.8475847244262695,2.082944393157959,-1.2595176696777344,142,0,4,4,2,10,move_contents_4_ops
D,D_R_43222,chck_100M,43222,R,entity_gold_stale_cue_ablation,entityabl:1115:move_contents_4_ops:141,0.4007129669189453,1.4593381881713867,-0.3501005172729492,move_contents,7,141,-3.1432628631591797,-2.7425498962402344,-1.683924674987793,-3.493363380432129,142,4,3,4,1,10,move_contents_4_ops
D,D_R_43222,chck_100M,43222,R,entity_gold_stale_cue_ablation,entityabl:1116:move_contents_4_ops:145,-6.443851947784424,0.4095635414123535,-3.900163173675537,move_contents,6,145,3.8647103309631348,-2.579141616821289,4.274273872375488,-0.035452842712402344,138,0,4,4,1,10,move_contents_4_ops
D,D_R_43222,chck_100M,43222,R,entity_gold_stale_cue_ablation,entityabl:1117:move_contents_4_ops:150,-1.6821436882019043,2.3920788764953613,1.2019906044006348,move_contents,6,150,-2.0457863807678223,-3.7279300689697266,0.34629249572753906,-0.8437957763671875,140,2,4,4,2,10,move_contents_4_ops
D,D_R_43222,chck_100M,43222,R,entity_gold_stale_cue_ablation,entityabl:1118:move_contents_4_ops:151,1.3136281967163086,0.18000364303588867,1.2465643882751465,move_contents,6,151,4.930970191955566,6.244598388671875,5.110973834991455,6.177534580230713,137,6,4,4,1,10,move_contents_4_ops
D,D_R_43222,chck_100M,43222,R,entity_gold_stale_cue_ablation,entityabl:1119:move_contents_4_ops:154,-0.5466165542602539,1.3652443885803223,-0.11221837997436523,move_contents,7,154,2.4433765411376953,1.8967599868774414,3.8086209297180176,2.33115816116333,145,5,3,4,2,10,move_contents_4_ops
D,D_R_43222,chck_100M,43222,R,entity_gold_stale_cue_ablation,entityabl:111:regular_2_ops:263,-5.269736289978027,0.6319479942321777,-3.983499526977539,regular,9,263,2.6673450469970703,-2.602391242980957,3.299293041229248,-1.3161544799804688,141,4,2,2,1,11,regular_2_ops
D,D_R_43222,chck_100M,43222,R,entity_gold_stale_cue_ablation,entityabl:1120:move_contents_4_ops:161,-2.817753791809082,0.10968780517578125,0.45070648193359375,move_contents,6,161,0.6441831588745117,-2.1735706329345703,0.753870964050293,1.0948896408081055,140,3,4,4,2,10,move_contents_4_ops
D,D_R_43222,chck_100M,43222,R,entity_gold_stale_cue_ablation,entityabl:1121:move_contents_4_ops:162,0.45143604278564453,0.3076314926147461,0.05440711975097656,move_contents,6,162,-3.0674057006835938,-2.615969657897949,-2.7597742080688477,-3.012998580932617,128,5,4,4,2,10,move_contents_4_ops
D,D_R_43222,chck_100M,43222,R,entity_gold_stale_cue_ablation,entityabl:1122:move_contents_4_ops:164,1.612767219543457,4.9860334396362305,0.8042087554931641,move_contents,8,164,-8.373881340026855,-6.761114120483398,-3.387847900390625,-7.569672584533691,148,2,3,4,2,11,move_contents_4_ops
D,D_R_43222,chck_100M,43222,R,entity_gold_stale_cue_ablation,entityabl:1123:move_contents_4_ops:168,-4.2035298347473145,-0.3183879852294922,-3.9571266174316406,move_contents,7,168,2.9117159843444824,-1.291813850402832,2.5933279991149902,-1.0454106330871582,145,3,4,4,1,11,move_contents_4_ops
D,D_R_43222,chck_100M,43222,R,entity_gold_stale_cue_ablation,entityabl:1124:move_contents_4_ops:172,-0.5149202346801758,0.8313674926757812,-1.0561866760253906,move_contents,7,172,0.7823848724365234,0.26746463775634766,1.6137523651123047,-0.2738018035888672,146,4,4,4,1,11,move_contents_4_ops
D,D_R_43222,chck_100M,43222,R,entity_gold_stale_cue_ablation,entityabl:1125:move_contents_4_ops:175,-6.449398994445801,0.31186389923095703,-3.4704370498657227,move_contents,7,175,3.4374446868896484,-3.0119543075561523,3.7493085861206055,-0.03299236297607422,133,1,4,4,1,11,move_contents_4_ops
D,D_R_43222,chck_100M,43222,R,entity_gold_stale_cue_ablation,entityabl:1126:move_contents_4_ops:176,-4.794128894805908,1.2945499420166016,-1.2250275611877441,move_contents,7,176,3.3084797859191895,-1.4856491088867188,4.603029727935791,2.0834522247314453,133,6,4,4,2,11,move_contents_4_ops
D,D_R_43222,chck_100M,43222,R,entity_gold_stale_cue_ablation,entityabl:1127:move_contents_4_ops:179,-1.1731796264648438,0.24475479125976562,0.26221179962158203,move_contents,8,179,-3.5867271423339844,-4.759906768798828,-3.3419723510742188,-3.3245153427124023,151,4,3,4,1,11,move_contents_4_ops
D,D_R_43222,chck_100M,43222,R,entity_gold_stale_cue_ablation,entityabl:1128:move_contents_4_ops:187,-9.462217807769775,0.9643154144287109,0.6360197067260742,move_contents,7,187,0.711146354675293,-8.751071453094482,1.675461769104004,1.3471660614013672,137,3,4,4,1,11,move_contents_4_ops
D,D_R_43222,chck_100M,43222,R,entity_gold_stale_cue_ablation,entityabl:1129:move_contents_4_ops:190,0.06467819213867188,0.13674640655517578,0.17112255096435547,move_contents,9,190,-0.35694408416748047,-0.2922658920288086,-0.2201976776123047,-0.185821533203125,125,4,2,4,2,11,move_contents_4_ops
D,D_R_43222,chck_100M,43222,R,entity_gold_stale_cue_ablation,entityabl:112:regular_2_ops:265,-2.9647445678710938,0.5222501754760742,-1.4389514923095703,regular,9,265,0.95440673828125,-2.0103378295898438,1.4766569137573242,-0.4845447540283203,139,2,2,2,1,11,regular_2_ops
D,D_R_43222,chck_100M,43222,R,entity_gold_stale_cue_ablation,entityabl:1130:move_contents_4_ops:191,-0.7602148056030273,0.6552023887634277,0.0785837173461914,move_contents,7,191,3.290569305419922,2.5303544998168945,3.9457716941833496,3.3691530227661133,139,4,4,4,1,11,move_contents_4_ops
D,D_R_43222,chck_100M,43222,R,entity_gold_stale_cue_ablation,entityabl:1131:move_contents_4_ops:192,-3.511794090270996,1.371443748474121,-0.7803492546081543,move_contents,7,192,3.214954376220703,-0.29683971405029297,4.586398124694824,2.434605121612549,149,0,4,4,2,11,move_contents_4_ops
D,D_R_43222,chck_100M,43222,R,entity_gold_stale_cue_ablation,entityabl:1132:move_contents_4_ops:193,-0.35252857208251953,0.15151596069335938,-0.25412940979003906,move_contents,7,193,-0.35748767852783203,-0.7100162506103516,-0.20597171783447266,-0.6116170883178711,146,5,4,4,2,11,move_contents_4_ops
D,D_R_43222,chck_100M,43222,R,entity_gold_stale_cue_ablation,entityabl:1133:move_contents_4_ops:194,-0.3895225524902344,-0.26633358001708984,-0.5366706848144531,move_contents,8,194,-0.42107391357421875,-0.8105964660644531,-0.6874074935913086,-0.9577445983886719,146,6,3,4,1,11,move_contents_4_ops
D,D_R_43222,chck_100M,43222,R,entity_gold_stale_cue_ablation,entityabl:1134:move_contents_4_ops:195,2.1476898193359375,1.0842676162719727,2.053004264831543,move_contents,8,195,0.650202751159668,2.7978925704956055,1.7344703674316406,2.703207015991211,145,6,3,4,1,11,move_contents_4_ops
D,D_R_43222,chck_100M,43222,R,entity_gold_stale_cue_ablation,entityabl:1135:move_contents_4_ops:201,-0.16980838775634766,0.17236709594726562,0.21412277221679688,move_contents,7,201,-0.08861351013183594,-0.2584218978881836,0.08375358581542969,0.12550926208496094,151,2,4,4,1,11,move_contents_4_ops
D,D_R_43222,chck_100M,43222,R,entity_gold_stale_cue_ablation,entityabl:1136:move_contents_4_ops:203,-2.9538064002990723,2.384847640991211,-0.046401023864746094,move_contents,8,203,2.1756696701049805,-0.7781367301940918,4.560517311096191,2.1292686462402344,146,2,3,4,2,11,move_contents_4_ops
D,D_R_43222,chck_100M,43222,R,entity_gold_stale_cue_ablation,entityabl:1137:move_contents_4_ops:204,-0.8941764831542969,1.730752944946289,-0.6762990951538086,move_contents,7,204,-3.8976974487304688,-4.791873931884766,-2.1669445037841797,-4.573996543884277,142,0,4,4,1,11,move_contents_4_ops
D,D_R_43222,chck_100M,43222,R,entity_gold_stale_cue_ablation,entityabl:1138:move_contents_4_ops:205,-4.626882076263428,0.4442286491394043,-0.7271456718444824,move_contents,8,205,1.9478106498718262,-2.6790714263916016,2.3920392990112305,1.2206649780273438,149,5,3,4,1,11,move_contents_4_ops
D,D_R_43222,chck_100M,43222,R,entity_gold_stale_cue_ablation,entityabl:1139:move_contents_4_ops:208,-2.5245933532714844,0.7746829986572266,-2.004148483276367,move_contents,7,208,1.2475929260253906,-1.2770004272460938,2.022275924682617,-0.7565555572509766,151,0,4,4,2,11,move_contents_4_ops
D,D_R_43222,chck_100M,43222,R,entity_gold_stale_cue_ablation,entityabl:113:regular_2_ops:267,-1.4383749961853027,0.5262479782104492,-0.5626430511474609,regular,9,267,-3.130124092102051,-4.5684990882873535,-2.6038761138916016,-3.6927671432495117,146,1,2,2,1,11,regular_2_ops
D,D_R_43222,chck_100M,43222,R,entity_gold_stale_cue_ablation,entityabl:1140:move_contents_4_ops:209,1.1346349716186523,1.8362579345703125,0.2120680809020996,move_contents,8,209,-3.4360427856445312,-2.301407814025879,-1.5997848510742188,-3.2239747047424316,151,4,3,4,1,11,move_contents_4_ops
D,D_R_43222,chck_100M,43222,R,entity_gold_stale_cue_ablation,entityabl:1141:move_contents_4_ops:215,-4.040183067321777,0.6177330017089844,-0.4114398956298828,move_contents,7,215,-1.743520736694336,-5.783703804016113,-1.1257877349853516,-2.1549606323242188,132,6,4,4,1,11,move_contents_4_ops
D,D_R_43222,chck_100M,43222,R,entity_gold_stale_cue_ablation,entityabl:1142:move_contents_4_ops:218,-1.1601147651672363,2.7603487968444824,0.7523198127746582,move_contents,7,218,-2.495548725128174,-3.65566349029541,0.2648000717163086,-1.7432289123535156,149,2,4,4,2,11,move_contents_4_ops
D,D_R_43222,chck_100M,43222,R,entity_gold_stale_cue_ablation,entityabl:1143:move_contents_4_ops:219,0.6548995971679688,0.11597394943237305,0.9872298240661621,move_contents,7,219,4.6127495765686035,5.267649173736572,4.728723526000977,5.599979400634766,143,6,4,4,1,11,move_contents_4_ops
D,D_R_43222,chck_100M,43222,R,entity_gold_stale_cue_ablation,entityabl:1144:move_contents_4_ops:223,-5.4101362228393555,0.18529605865478516,-3.3547210693359375,move_contents,7,223,2.702604293823242,-2.7075319290161133,2.8879003524780273,-0.6521167755126953,123,2,4,4,2,11,move_contents_4_ops
D,D_R_43222,chck_100M,43222,R,entity_gold_stale_cue_ablation,entityabl:1145:move_contents_4_ops:231,-2.2737507820129395,1.3632097244262695,0.15330028533935547,move_contents,8,231,0.7389516830444336,-1.5347990989685059,2.102161407470703,0.8922519683837891,146,3,3,4,1,11,move_contents_4_ops
D,D_R_43222,chck_100M,43222,R,entity_gold_stale_cue_ablation,entityabl:1146:move_contents_4_ops:233,-3.349945068359375,-0.07503795623779297,0.2024211883544922,move_contents,7,233,0.5789089202880859,-2.771036148071289,0.503870964050293,0.7813301086425781,146,3,4,4,2,11,move_contents_4_ops
D,D_R_43222,chck_100M,43222,R,entity_gold_stale_cue_ablation,entityabl:1147:move_contents_4_ops:235,0.33063793182373047,0.32895565032958984,0.0028104782104492188,move_contents,7,235,-2.801814079284668,-2.4711761474609375,-2.472858428955078,-2.7990036010742188,134,5,4,4,2,11,move_contents_4_ops
D,D_R_43222,chck_100M,43222,R,entity_gold_stale_cue_ablation,entityabl:1148:move_contents_4_ops:240,-7.49513578414917,0.5444965362548828,-2.756545066833496,move_contents,3,240,-1.9967155456542969,-9.491851329803467,-1.452219009399414,-4.753260612487793,107,5,4,4,2,7,move_contents_4_ops
D,D_R_43222,chck_100M,43222,R,entity_gold_stale_cue_ablation,entityabl:1149:move_contents_4_ops:244,-2.752788543701172,0.7602519989013672,0.5538740158081055,move_contents,3,244,3.8882017135620117,1.1354131698608398,4.648453712463379,4.442075729370117,119,0,4,4,2,7,move_contents_4_ops
D,D_R_43222,chck_100M,43222,R,entity_gold_stale_cue_ablation,entityabl:114:regular_2_ops:268,-0.7272195816040039,0.27287960052490234,-0.4915323257446289,regular,9,268,-1.6468505859375,-2.374070167541504,-1.3739709854125977,-2.138382911682129,129,3,2,2,1,11,regular_2_ops
D,D_R_43222,chck_100M,43222,R,entity_gold_stale_cue_ablation,entityabl:1150:move_contents_4_ops:246,-4.438430309295654,0.9922924041748047,-0.6136226654052734,move_contents,3,246,-1.0378246307373047,-5.476254940032959,-0.0455322265625,-1.6514472961425781,121,5,4,4,1,7,move_contents_4_ops
D,D_R_43222,chck_100M,43222,R,entity_gold_stale_cue_ablation,entityabl:1151:move_contents_4_ops:247,-2.5294060707092285,2.527134895324707,-0.9077720642089844,move_contents,4,247,-2.1577415466308594,-4.687147617340088,0.36939334869384766,-3.0655136108398438,109,0,3,4,1,7,move_contents_4_ops
D,D_R_43222,chck_100M,43222,R,entity_gold_stale_cue_ablation,entityabl:1152:move_contents_4_ops:250,-2.2762093544006348,0.7482485771179199,-0.1809711456298828,move_contents,3,250,-3.1756482124328613,-5.451857566833496,-2.4273996353149414,-3.356619358062744,128,3,4,4,2,7,move_contents_4_ops
D,D_R_43222,chck_100M,43222,R,entity_gold_stale_cue_ablation,entityabl:1153:move_contents_4_ops:259,-7.319042325019836,1.2917261123657227,0.5508327484130859,move_contents,4,259,-4.508942604064941,-11.827984929084778,-3.2172164916992188,-3.9581098556518555,114,4,4,4,1,8,move_contents_4_ops
D,D_R_43222,chck_100M,43222,R,entity_gold_stale_cue_ablation,entityabl:1154:move_contents_4_ops:263,-1.0420465469360352,-0.026485443115234375,-0.6690835952758789,move_contents,4,263,0.4522209167480469,-0.5898256301879883,0.4257354736328125,-0.21686267852783203,119,4,4,4,1,8,move_contents_4_ops
D,D_R_43222,chck_100M,43222,R,entity_gold_stale_cue_ablation,entityabl:1155:move_contents_4_ops:264,-2.42572021484375,0.9586520195007324,-0.47808408737182617,move_contents,4,264,-0.9500021934509277,-3.3757224082946777,0.008649826049804688,-1.428086280822754,121,5,4,4,1,8,move_contents_4_ops
D,D_R_43222,chck_100M,43222,R,entity_gold_stale_cue_ablation,entityabl:1156:move_contents_4_ops:267,-7.095447778701782,0.4129905700683594,-1.625335693359375,move_contents,4,267,-2.032665252685547,-9.128113031387329,-1.6196746826171875,-3.658000946044922,119,5,4,4,2,8,move_contents_4_ops
D,D_R_43222,chck_100M,43222,R,entity_gold_stale_cue_ablation,entityabl:1157:move_contents_4_ops:270,-2.503788471221924,0.4867739677429199,1.0221667289733887,move_contents,4,270,3.880764961242676,1.376976490020752,4.367538928985596,4.9029316902160645,125,0,4,4,2,8,move_contents_4_ops
D,D_R_43222,chck_100M,43222,R,entity_gold_stale_cue_ablation,entityabl:1158:move_contents_4_ops:273,-2.434340476989746,1.2776269912719727,-0.3083372116088867,move_contents,4,273,-1.1772937774658203,-3.6116342544555664,0.10033321380615234,-1.485630989074707,130,5,4,4,1,8,move_contents_4_ops
D,D_R_43222,chck_100M,43222,R,entity_gold_stale_cue_ablation,entityabl:1159:move_contents_4_ops:275,1.1680622100830078,0.22553348541259766,0.35050201416015625,move_contents,4,275,0.35019779205322266,1.5182600021362305,0.5757312774658203,0.7006998062133789,130,2,4,4,1,8,move_contents_4_ops
D,D_R_43222,chck_100M,43222,R,entity_gold_stale_cue_ablation,entityabl:115:regular_2_ops:272,-0.4694828987121582,2.393634796142578,-0.692619800567627,regular,4,272,-6.672867774963379,-7.142350673675537,-4.279232978820801,-7.365487575531006,106,3,2,2,1,6,regular_2_ops
D,D_R_43222,chck_100M,43222,R,entity_gold_stale_cue_ablation,entityabl:1160:move_contents_4_ops:278,0.18841886520385742,1.5033040046691895,0.6112575531005859,move_contents,5,278,-4.174013614654541,-3.9855947494506836,-2.6707096099853516,-3.562756061553955,130,4,3,4,1,8,move_contents_4_ops
D,D_R_43222,chck_100M,43222,R,entity_gold_stale_cue_ablation,entityabl:1161:move_contents_4_ops:289,-3.990140914916992,0.5891761779785156,-0.12132930755615234,move_contents,4,289,0.8313255310058594,-3.158815383911133,1.420501708984375,0.709996223449707,122,3,4,4,2,8,move_contents_4_ops
D,D_R_43222,chck_100M,43222,R,entity_gold_stale_cue_ablation,entityabl:1162:move_contents_4_ops:297,0.9990267753601074,-0.01872539520263672,3.8671817779541016,move_contents,2,297,2.972270965576172,3.9712977409362793,2.953545570373535,6.839452743530273,122,0,4,4,1,6,move_contents_4_ops
D,D_R_43222,chck_100M,43222,R,entity_gold_stale_cue_ablation,entityabl:1163:move_contents_4_ops:298,-6.981451988220215,0.7718501091003418,-2.029956340789795,move_contents,2,298,-3.8865294456481934,-10.867981433868408,-3.1146793365478516,-5.916485786437988,98,5,4,4,2,6,move_contents_4_ops
D,D_R_43222,chck_100M,43222,R,entity_gold_stale_cue_ablation,entityabl:1164:move_contents_4_ops:300,-2.4959263801574707,0.469271183013916,0.921544075012207,move_contents,2,300,4.420731544494629,1.9248051643371582,4.890002727508545,5.342275619506836,113,0,4,4,2,6,move_contents_4_ops
D,D_R_43222,chck_100M,43222,R,entity_gold_stale_cue_ablation,entityabl:1165:move_contents_4_ops:303,-0.39172887802124023,1.2075681686401367,1.4767179489135742,move_contents,2,303,2.162942886352539,1.7712140083312988,3.370511054992676,3.6396608352661133,101,1,4,4,1,6,move_contents_4_ops
D,D_R_43222,chck_100M,43222,R,entity_gold_stale_cue_ablation,entityabl:1166:move_contents_4_ops:311,-0.731243371963501,0.4270133972167969,-0.37947845458984375,move_contents,5,311,-0.4807167053222656,-1.2119600772857666,-0.05370330810546875,-0.8601951599121094,128,4,4,4,1,9,move_contents_4_ops
D,D_R_43222,chck_100M,43222,R,entity_gold_stale_cue_ablation,entityabl:1167:move_contents_4_ops:318,-6.290384888648987,0.5226850509643555,-0.6440372467041016,move_contents,5,318,-3.058274269104004,-9.34865915775299,-2.5355892181396484,-3.7023115158081055,128,5,4,4,2,9,move_contents_4_ops
D,D_R_43222,chck_100M,43222,R,entity_gold_stale_cue_ablation,entityabl:1168:move_contents_4_ops:321,-2.6602985858917236,1.3466167449951172,-0.04535055160522461,move_contents,5,321,2.9559473991394043,0.29564881324768066,4.3025641441345215,2.9105968475341797,134,0,4,4,2,9,move_contents_4_ops
D,D_R_43222,chck_100M,43222,R,entity_gold_stale_cue_ablation,entityabl:1169:move_contents_4_ops:323,-3.0234317779541016,2.1361513137817383,-0.8262615203857422,move_contents,5,323,-3.7209205627441406,-6.744352340698242,-1.5847692489624023,-4.547182083129883,117,0,4,4,1,9,move_contents_4_ops
D,D_R_43222,chck_100M,43222,R,entity_gold_stale_cue_ablation,entityabl:116:regular_2_ops:273,-0.5217761993408203,0.7344894409179688,-0.5708427429199219,regular,4,273,0.10833072662353516,-0.41344547271728516,0.8428201675415039,-0.4625120162963867,98,0,2,2,1,6,regular_2_ops
D,D_R_43222,chck_100M,43222,R,entity_gold_stale_cue_ablation,entityabl:1170:move_contents_4_ops:324,-1.3056230545043945,0.4063539505004883,0.21977710723876953,move_contents,6,324,-0.3419322967529297,-1.6475553512573242,0.0644216537475586,-0.12215518951416016,131,6,3,4,1,9,move_contents_4_ops
D,D_R_43222,chck_100M,43222,R,entity_gold_stale_cue_ablation,entityabl:1171:move_contents_4_ops:328,0.9428749084472656,-0.1634817123413086,0.05430316925048828,move_contents,5,328,0.3572549819946289,1.3001298904418945,0.1937732696533203,0.4115581512451172,136,2,4,4,1,9,move_contents_4_ops
D,D_R_43222,chck_100M,43222,R,entity_gold_stale_cue_ablation,entityabl:1172:move_contents_4_ops:329,-0.19655466079711914,2.1079163551330566,-0.7856483459472656,move_contents,5,329,-3.9656243324279785,-4.162178993225098,-1.8577079772949219,-4.751272678375244,124,0,4,4,1,9,move_contents_4_ops
D,D_R_43222,chck_100M,43222,R,entity_gold_stale_cue_ablation,entityabl:1173:move_contents_4_ops:333,-2.1724658012390137,0.49102306365966797,-2.234651565551758,move_contents,5,333,0.8620491027832031,-1.3104166984558105,1.353072166442871,-1.3726024627685547,136,0,4,4,2,9,move_contents_4_ops
D,D_R_43222,chck_100M,43222,R,entity_gold_stale_cue_ablation,entityabl:1174:move_contents_4_ops:334,0.6182799339294434,2.138763427734375,0.14934015274047852,move_contents,6,334,-3.5923094749450684,-2.974029541015625,-1.4535460472106934,-3.44296932220459,136,4,3,4,1,9,move_contents_4_ops
D,D_R_43222,chck_100M,43222,R,entity_gold_stale_cue_ablation,entityabl:1175:move_contents_4_ops:335,-6.434198379516602,0.9922041893005371,0.7057299613952637,move_contents,5,335,0.5675835609436035,-5.866614818572998,1.5597877502441406,1.2733135223388672,118,4,4,4,1,9,move_contents_4_ops
D,D_R_43222,chck_100M,43222,R,entity_gold_stale_cue_ablation,entityabl:1176:move_contents_4_ops:337,-6.303240776062012,0.3462533950805664,-3.8686509132385254,move_contents,5,337,3.811176300048828,-2.4920644760131836,4.1574296951293945,-0.057474613189697266,132,0,4,4,1,9,move_contents_4_ops
D,D_R_43222,chck_100M,43222,R,entity_gold_stale_cue_ablation,entityabl:1177:move_contents_4_ops:344,-1.15899658203125,0.5835452079772949,0.025749683380126953,move_contents,6,344,2.7938151359558105,1.6348185539245605,3.3773603439331055,2.8195648193359375,139,5,3,4,2,9,move_contents_4_ops
D,D_R_43222,chck_100M,43222,R,entity_gold_stale_cue_ablation,entityabl:1178:move_contents_4_ops:350,-2.967672348022461,-0.3775606155395508,-0.8215837478637695,move_contents,5,350,1.7111845016479492,-1.2564878463745117,1.3336238861083984,0.8896007537841797,131,3,4,4,2,9,move_contents_4_ops
D,D_R_43222,chck_100M,43222,R,entity_gold_stale_cue_ablation,entityabl:1179:move_contents_5_ops:0,-7.108006477355957,0.41716957092285156,-2.275005340576172,move_contents,6,0,3.44150447845459,-3.666501998901367,3.8586740493774414,1.166499137878418,144,3,5,5,1,11,move_contents_5_ops
D,D_R_43222,chck_100M,43222,R,entity_gold_stale_cue_ablation,entityabl:117:regular_2_ops:277,-2.1823463439941406,0.3996095657348633,-0.23663711547851562,regular,4,277,0.5341310501098633,-1.6482152938842773,0.9337406158447266,0.29749393463134766,109,6,2,2,1,6,regular_2_ops
D,D_R_43222,chck_100M,43222,R,entity_gold_stale_cue_ablation,entityabl:1180:move_contents_5_ops:3,-0.05608654022216797,0.41150569915771484,-0.1770477294921875,move_contents,6,3,-2.7715015411376953,-2.8275880813598633,-2.3599958419799805,-2.948549270629883,132,6,5,5,2,11,move_contents_5_ops
D,D_R_43222,chck_100M,43222,R,entity_gold_stale_cue_ablation,entityabl:1181:move_contents_5_ops:4,-2.460542678833008,1.1688752174377441,0.08928155899047852,move_contents,6,4,3.3747715950012207,0.9142289161682129,4.543646812438965,3.464053153991699,130,4,5,5,2,11,move_contents_5_ops
D,D_R_43222,chck_100M,43222,R,entity_gold_stale_cue_ablation,entityabl:1182:move_contents_5_ops:5,-2.24960994720459,0.4604148864746094,-0.48532772064208984,move_contents,6,5,2.8452253341674805,0.5956153869628906,3.30564022064209,2.3598976135253906,143,1,5,5,2,11,move_contents_5_ops
D,D_R_43222,chck_100M,43222,R,entity_gold_stale_cue_ablation,entityabl:1183:move_contents_5_ops:7,-6.842097282409668,0.3916501998901367,-2.622224807739258,move_contents,6,7,1.8588361740112305,-4.9832611083984375,2.250486373901367,-0.7633886337280273,131,6,5,5,1,11,move_contents_5_ops
D,D_R_43222,chck_100M,43222,R,entity_gold_stale_cue_ablation,entityabl:1184:move_contents_5_ops:8,-1.8525457382202148,0.5639133453369141,-1.3131170272827148,move_contents,6,8,2.6198854446411133,0.7673397064208984,3.1837987899780273,1.3067684173583984,155,1,5,5,1,11,move_contents_5_ops
D,D_R_43222,chck_100M,43222,R,entity_gold_stale_cue_ablation,entityabl:1185:move_contents_5_ops:10,-1.1239080429077148,0.15931987762451172,-0.6114969253540039,move_contents,7,10,-1.857778549194336,-2.981686592102051,-1.6984586715698242,-2.46927547454834,148,6,4,5,1,11,move_contents_5_ops
D,D_R_43222,chck_100M,43222,R,entity_gold_stale_cue_ablation,entityabl:1186:move_contents_5_ops:13,-12.84726333618164,-0.09579229354858398,0.6171550750732422,move_contents,6,13,12.187331199645996,-0.6599321365356445,12.091538906097412,12.804486274719238,132,2,5,5,1,11,move_contents_5_ops
D,D_R_43222,chck_100M,43222,R,entity_gold_stale_cue_ablation,entityabl:1187:move_contents_5_ops:18,-0.22728919982910156,0.26241016387939453,0.5423803329467773,move_contents,6,18,-2.166600227355957,-2.3938894271850586,-1.9041900634765625,-1.6242198944091797,130,5,5,5,2,11,move_contents_5_ops
D,D_R_43222,chck_100M,43222,R,entity_gold_stale_cue_ablation,entityabl:1188:move_contents_5_ops:19,2.564944267272949,-1.6829524040222168,1.392625331878662,move_contents,6,19,-1.9975919723510742,0.567352294921875,-3.680544376373291,-0.6049666404724121,158,0,5,5,1,11,move_contents_5_ops
D,D_R_43222,chck_100M,43222,R,entity_gold_stale_cue_ablation,entityabl:1189:move_contents_5_ops:20,-0.4842977523803711,0.39714908599853516,-0.13806819915771484,move_contents,6,20,3.253061294555664,2.768763542175293,3.650210380554199,3.114993095397949,130,4,5,5,2,11,move_contents_5_ops
D,D_R_43222,chck_100M,43222,R,entity_gold_stale_cue_ablation,entityabl:118:regular_2_ops:279,-3.3069467544555664,1.383699893951416,0.8415608406066895,regular,4,279,-0.31740856170654297,-3.6243553161621094,1.066291332244873,0.5241522789001465,106,3,2,2,1,6,regular_2_ops
D,D_R_43222,chck_100M,43222,R,entity_gold_stale_cue_ablation,entityabl:1190:move_contents_5_ops:28,-5.755220174789429,2.790882110595703,-3.375149726867676,move_contents,7,28,-0.32112598419189453,-6.076346158981323,2.4697561264038086,-3.6962757110595703,134,6,4,5,2,11,move_contents_5_ops
D,D_R_43222,chck_100M,43222,R,entity_gold_stale_cue_ablation,entityabl:1191:move_contents_5_ops:31,-5.209729194641113,0.601959228515625,-4.422213554382324,move_contents,6,31,2.0232038497924805,-3.186525344848633,2.6251630783081055,-2.3990097045898438,148,5,5,5,2,11,move_contents_5_ops
D,D_R_43222,chck_100M,43222,R,entity_gold_stale_cue_ablation,entityabl:1192:move_contents_5_ops:33,-9.274777889251709,-0.1324920654296875,-4.631311416625977,move_contents,3,33,3.5239925384521484,-5.7507853507995605,3.391500473022461,-1.1073188781738281,110,6,5,5,1,8,move_contents_5_ops
D,D_R_43222,chck_100M,43222,R,entity_gold_stale_cue_ablation,entityabl:1193:move_contents_5_ops:37,-4.441779613494873,0.49811506271362305,-0.706174373626709,move_contents,3,37,3.9423203468322754,-0.49945926666259766,4.440435409545898,3.2361459732055664,109,4,5,5,2,8,move_contents_5_ops
D,D_R_43222,chck_100M,43222,R,entity_gold_stale_cue_ablation,entityabl:1194:move_contents_5_ops:40,-4.981600999832153,0.4873218536376953,0.16171836853027344,move_contents,3,40,-2.323436737060547,-7.3050377368927,-1.8361148834228516,-2.1617183685302734,128,3,5,5,1,8,move_contents_5_ops
D,D_R_43222,chck_100M,43222,R,entity_gold_stale_cue_ablation,entityabl:1195:move_contents_5_ops:42,-2.385112762451172,0.49792957305908203,-0.10039043426513672,move_contents,4,42,1.9285469055175781,-0.45656585693359375,2.42647647857666,1.8281564712524414,125,1,5,5,2,9,move_contents_5_ops
D,D_R_43222,chck_100M,43222,R,entity_gold_stale_cue_ablation,entityabl:1196:move_contents_5_ops:43,-9.504458904266357,0.4014778137207031,-4.949835777282715,move_contents,4,43,4.181377410888672,-5.3230814933776855,4.582855224609375,-0.768458366394043,116,6,5,5,1,9,move_contents_5_ops
D,D_R_43222,chck_100M,43222,R,entity_gold_stale_cue_ablation,entityabl:1197:move_contents_5_ops:45,-1.6422185897827148,0.623924732208252,-0.2963428497314453,move_contents,4,45,2.0956687927246094,0.45345020294189453,2.7195935249328613,1.799325942993164,143,1,5,5,1,9,move_contents_5_ops
D,D_R_43222,chck_100M,43222,R,entity_gold_stale_cue_ablation,entityabl:1198:move_contents_5_ops:48,-2.454798698425293,0.38320446014404297,0.38446521759033203,move_contents,4,48,4.090531349182129,1.635732650756836,4.473735809326172,4.474996566772461,115,4,5,5,2,9,move_contents_5_ops
D,D_R_43222,chck_100M,43222,R,entity_gold_stale_cue_ablation,entityabl:1199:move_contents_5_ops:50,0.22690320014953613,0.9670195579528809,0.8247032165527344,move_contents,4,50,2.60333251953125,2.830235719680786,3.570352077484131,3.4280357360839844,128,2,5,5,2,9,move_contents_5_ops
D,D_R_43222,chck_100M,43222,R,entity_gold_stale_cue_ablation,entityabl:119:regular_2_ops:280,-3.371078133583069,3.0048036575317383,-0.3588685989379883,regular,4,280,-3.514451026916504,-6.885529160499573,-0.5096473693847656,-3.873319625854492,116,4,2,2,1,6,regular_2_ops
D,D_R_43222,chck_100M,43222,R,entity_gold_stale_cue_ablation,entityabl:11:regular_2_ops:35,-7.831112384796143,1.583796501159668,0.8579578399658203,regular,2,35,0.8078908920288086,-7.023221492767334,2.3916873931884766,1.665848731994629,99,1,2,2,1,4,regular_2_ops
D,D_R_43222,chck_100M,43222,R,entity_gold_stale_cue_ablation,entityabl:1200:move_contents_5_ops:53,-5.186273217201233,0.2625298500061035,0.18987798690795898,move_contents,4,53,-2.569976329803467,-7.7562495470047,-2.3074464797973633,-2.380098342895508,140,3,5,5,1,9,move_contents_5_ops
D,D_R_43222,chck_100M,43222,R,entity_gold_stale_cue_ablation,entityabl:1201:move_contents_5_ops:55,-0.147308349609375,0.24976539611816406,0.3208799362182617,move_contents,5,55,-2.5514297485351562,-2.6987380981445312,-2.301664352416992,-2.2305498123168945,123,6,5,5,2,10,move_contents_5_ops
D,D_R_43222,chck_100M,43222,R,entity_gold_stale_cue_ablation,entityabl:1202:move_contents_5_ops:56,-1.3612451553344727,1.2309865951538086,-0.8775463104248047,move_contents,5,56,3.556507110595703,2.1952619552612305,4.787493705749512,2.6789608001708984,124,4,5,5,2,10,move_contents_5_ops
D,D_R_43222,chck_100M,43222,R,entity_gold_stale_cue_ablation,entityabl:1203:move_contents_5_ops:57,-2.0218420028686523,0.9890871047973633,0.05337715148925781,move_contents,5,57,2.491021156311035,0.4691791534423828,3.4801082611083984,2.544398307800293,137,1,5,5,2,10,move_contents_5_ops
D,D_R_43222,chck_100M,43222,R,entity_gold_stale_cue_ablation,entityabl:1204:move_contents_5_ops:59,-7.488531112670898,0.71539306640625,-3.3643712997436523,move_contents,5,59,2.849015235900879,-4.6395158767700195,3.564408302307129,-0.5153560638427734,122,6,5,5,1,10,move_contents_5_ops
D,D_R_43222,chck_100M,43222,R,entity_gold_stale_cue_ablation,entityabl:1205:move_contents_5_ops:61,-2.2497334480285645,0.45349788665771484,-1.6220283508300781,move_contents,5,61,2.0896005630493164,-0.16013288497924805,2.5430984497070312,0.4675722122192383,149,1,5,5,1,10,move_contents_5_ops
D,D_R_43222,chck_100M,43222,R,entity_gold_stale_cue_ablation,entityabl:1206:move_contents_5_ops:67,-2.030827522277832,0.1615619659423828,0.053722381591796875,move_contents,5,67,4.082467079162598,2.0516395568847656,4.2440290451049805,4.1361894607543945,124,4,5,5,2,10,move_contents_5_ops
D,D_R_43222,chck_100M,43222,R,entity_gold_stale_cue_ablation,entityabl:1207:move_contents_5_ops:70,0.5963172912597656,1.8152289390563965,0.8943572044372559,move_contents,5,70,1.5134387016296387,2.1097559928894043,3.328667640686035,2.4077959060668945,137,2,5,5,2,10,move_contents_5_ops
D,D_R_43222,chck_100M,43222,R,entity_gold_stale_cue_ablation,entityabl:1208:move_contents_5_ops:73,-5.446050405502319,2.5207152366638184,-4.642948627471924,move_contents,6,73,-0.2544369697570801,-5.700487375259399,2.2662782669067383,-4.897385597229004,128,6,4,5,2,10,move_contents_5_ops
D,D_R_43222,chck_100M,43222,R,entity_gold_stale_cue_ablation,entityabl:1209:move_contents_5_ops:79,-0.25852203369140625,0.2949657440185547,-0.8479366302490234,move_contents,7,79,-2.3953676223754883,-2.6538896560668945,-2.1004018783569336,-3.2433042526245117,138,6,5,5,2,12,move_contents_5_ops
D,D_R_43222,chck_100M,43222,R,entity_gold_stale_cue_ablation,entityabl:120:regular_2_ops:281,-0.5024504661560059,2.8275179862976074,-0.348513126373291,regular,4,281,-2.205705165863037,-2.708155632019043,0.6218128204345703,-2.554218292236328,100,3,2,2,1,6,regular_2_ops
D,D_R_43222,chck_100M,43222,R,entity_gold_stale_cue_ablation,entityabl:1210:move_contents_5_ops:80,-1.8033132553100586,1.3510074615478516,0.4903860092163086,move_contents,7,80,2.1942691802978516,0.39095592498779297,3.545276641845703,2.68465518951416,136,4,5,5,2,12,move_contents_5_ops
D,D_R_43222,chck_100M,43222,R,entity_gold_stale_cue_ablation,entityabl:1211:move_contents_5_ops:81,-0.9291849136352539,1.0990991592407227,0.4774284362792969,move_contents,7,81,2.1939258575439453,1.2647409439086914,3.293025016784668,2.671354293823242,152,1,5,5,2,12,move_contents_5_ops
D,D_R_43222,chck_100M,43222,R,entity_gold_stale_cue_ablation,entityabl:1212:move_contents_5_ops:83,-6.289106369018555,0.5841474533081055,-1.540452003479004,move_contents,7,83,1.461594581604004,-4.827511787414551,2.0457420349121094,-0.078857421875,140,6,5,5,1,12,move_contents_5_ops
D,D_R_43222,chck_100M,43222,R,entity_gold_stale_cue_ablation,entityabl:1213:move_contents_5_ops:85,-1.9973273277282715,0.33708906173706055,-1.5497307777404785,move_contents,7,85,2.2451510429382324,0.24782371520996094,2.582240104675293,0.6954202651977539,161,1,5,5,1,12,move_contents_5_ops
D,D_R_43222,chck_100M,43222,R,entity_gold_stale_cue_ablation,entityabl:1214:move_contents_5_ops:88,-0.9589176177978516,0.39833736419677734,-0.5315456390380859,move_contents,8,88,-1.5392742156982422,-2.4981918334960938,-1.1409368515014648,-2.070819854736328,157,6,4,5,1,12,move_contents_5_ops
D,D_R_43222,chck_100M,43222,R,entity_gold_stale_cue_ablation,entityabl:1215:move_contents_5_ops:90,-11.69298791885376,-0.07908391952514648,1.4758763313293457,move_contents,7,90,10.191087245941162,-1.5019006729125977,10.112003326416016,11.666963577270508,141,2,5,5,1,12,move_contents_5_ops
D,D_R_43222,chck_100M,43222,R,entity_gold_stale_cue_ablation,entityabl:1216:move_contents_5_ops:95,-4.041357040405273,1.0424003601074219,-1.1069822311401367,move_contents,7,95,-0.8113174438476562,-4.85267448425293,0.23108291625976562,-1.918299674987793,148,6,5,5,2,12,move_contents_5_ops
D,D_R_43222,chck_100M,43222,R,entity_gold_stale_cue_ablation,entityabl:1217:move_contents_5_ops:104,-6.736504077911377,0.34467363357543945,-5.598918437957764,move_contents,8,104,4.650336742401123,-2.086167335510254,4.9950103759765625,-0.9485816955566406,158,5,4,5,1,12,move_contents_5_ops
D,D_R_43222,chck_100M,43222,R,entity_gold_stale_cue_ablation,entityabl:1218:move_contents_5_ops:107,-12.88485336303711,0.585196852684021,0.1153106689453125,move_contents,9,107,1.4114608764648438,-11.473392486572266,1.9966577291488647,1.5267715454101562,139,3,3,5,2,12,move_contents_5_ops
D,D_R_43222,chck_100M,43222,R,entity_gold_stale_cue_ablation,entityabl:1219:move_contents_5_ops:113,-3.880825996398926,0.8061418533325195,-0.5983428955078125,move_contents,2,113,2.472299575805664,-1.4085264205932617,3.2784414291381836,1.8739566802978516,103,4,5,5,2,7,move_contents_5_ops
D,D_R_43222,chck_100M,43222,R,entity_gold_stale_cue_ablation,entityabl:121:regular_2_ops:282,-0.8018174171447754,-1.1359615325927734,-0.5924501419067383,regular,4,282,-0.9520120620727539,-1.7538294792175293,-2.0879735946655273,-1.5444622039794922,88,2,2,2,1,6,regular_2_ops
D,D_R_43222,chck_100M,43222,R,entity_gold_stale_cue_ablation,entityabl:1220:move_contents_5_ops:114,-5.654794216156006,0.07941341400146484,-0.5394563674926758,move_contents,2,114,-1.9504585266113281,-7.605252742767334,-1.8710451126098633,-2.489914894104004,119,3,5,5,1,7,move_contents_5_ops
D,D_R_43222,chck_100M,43222,R,entity_gold_stale_cue_ablation,entityabl:122:regular_2_ops:283,-2.0423173904418945,-0.12786293029785156,-2.259493827819824,regular,4,283,1.0914592742919922,-0.9508581161499023,0.9635963439941406,-1.168034553527832,119,3,2,2,1,6,regular_2_ops
D,D_R_43222,chck_100M,43222,R,entity_gold_stale_cue_ablation,entityabl:123:regular_2_ops:284,-2.6339948773384094,0.5702426135540009,-1.6922506093978882,regular,4,284,6.769318521022797,4.135323643684387,7.3395611345767975,5.0770679116249084,110,0,2,2,1,6,regular_2_ops
D,D_R_43222,chck_100M,43222,R,entity_gold_stale_cue_ablation,entityabl:124:regular_2_ops:287,-0.7673835754394531,0.2739448547363281,-0.5657548904418945,regular,4,287,-1.7534942626953125,-2.5208778381347656,-1.4795494079589844,-2.319249153137207,104,6,2,2,1,6,regular_2_ops
D,D_R_43222,chck_100M,43222,R,entity_gold_stale_cue_ablation,entityabl:125:regular_2_ops:288,-4.229587078094482,1.3219518661499023,-2.2105979919433594,regular,4,288,-2.1704444885253906,-6.400031566619873,-0.8484926223754883,-4.38104248046875,94,5,2,2,1,6,regular_2_ops
D,D_R_43222,chck_100M,43222,R,entity_gold_stale_cue_ablation,entityabl:126:regular_2_ops:290,-1.835618257522583,-0.0018906593322753906,-0.07779645919799805,regular,4,290,2.8418211936950684,1.0062029361724854,2.839930534362793,2.7640247344970703,110,2,2,2,1,6,regular_2_ops
D,D_R_43222,chck_100M,43222,R,entity_gold_stale_cue_ablation,entityabl:127:regular_2_ops:291,-2.6220054626464844,1.4490470886230469,-1.5288505554199219,regular,4,291,-4.032631874084473,-6.654637336730957,-2.583584785461426,-5.5614824295043945,91,1,2,2,1,6,regular_2_ops
D,D_R_43222,chck_100M,43222,R,entity_gold_stale_cue_ablation,entityabl:128:regular_2_ops:292,-0.3278236389160156,-0.17046833038330078,-0.7878332138061523,regular,4,292,-3.922553062438965,-4.2503767013549805,-4.093021392822266,-4.710386276245117,103,0,2,2,1,6,regular_2_ops
D,D_R_43222,chck_100M,43222,R,entity_gold_stale_cue_ablation,entityabl:129:regular_2_ops:293,0.5254459381103516,-0.7479958534240723,-1.2877216339111328,regular,4,293,3.1106796264648438,3.6361255645751953,2.3626837730407715,1.822957992553711,109,0,2,2,1,6,regular_2_ops
D,D_R_43222,chck_100M,43222,R,entity_gold_stale_cue_ablation,entityabl:12:regular_2_ops:43,-3.281797409057617,2.680352210998535,-1.6374001502990723,regular,2,43,0.7278103828430176,-2.5539870262145996,3.4081625938415527,-0.9095897674560547,67,5,2,2,1,4,regular_2_ops
D,D_R_43222,chck_100M,43222,R,entity_gold_stale_cue_ablation,entityabl:130:regular_2_ops:294,-10.108551025390625,-1.1304512023925781,-4.229525566101074,regular,4,294,3.1242384910583496,-6.984312534332275,1.9937872886657715,-1.1052870750427246,107,5,2,2,1,6,regular_2_ops
D,D_R_43222,chck_100M,43222,R,entity_gold_stale_cue_ablation,entityabl:131:regular_2_ops:295,-0.29409027099609375,-0.2539844512939453,-0.35689830780029297,regular,4,295,2.0717296600341797,1.777639389038086,1.8177452087402344,1.7148313522338867,110,2,2,2,1,6,regular_2_ops
D,D_R_43222,chck_100M,43222,R,entity_gold_stale_cue_ablation,entityabl:132:regular_2_ops:305,-2.4009408950805664,0.47945451736450195,-0.3758969306945801,regular,4,305,-1.8185973167419434,-4.21953821182251,-1.3391427993774414,-2.1944942474365234,104,3,2,2,1,6,regular_2_ops
D,D_R_43222,chck_100M,43222,R,entity_gold_stale_cue_ablation,entityabl:133:regular_2_ops:313,0.5505666732788086,-0.22132301330566406,-0.42769718170166016,regular,5,313,1.460679054260254,2.0112457275390625,1.2393560409545898,1.0329818725585938,116,1,2,2,1,7,regular_2_ops
D,D_R_43222,chck_100M,43222,R,entity_gold_stale_cue_ablation,entityabl:134:regular_2_ops:314,-8.583147048950195,-0.12210750579833984,-4.103832244873047,regular,5,314,4.327730178833008,-4.2554168701171875,4.205622673034668,0.22389793395996094,117,2,2,2,1,7,regular_2_ops
D,D_R_43222,chck_100M,43222,R,entity_gold_stale_cue_ablation,entityabl:135:regular_2_ops:315,0.2503814697265625,0.3363924026489258,0.3967103958129883,regular,5,315,0.3192710876464844,0.5696525573730469,0.6556634902954102,0.7159814834594727,124,6,2,2,1,7,regular_2_ops
D,D_R_43222,chck_100M,43222,R,entity_gold_stale_cue_ablation,entityabl:136:regular_2_ops:317,-1.9153623580932617,-0.6380586624145508,-0.9932975769042969,regular,5,317,-1.9819259643554688,-3.8972883224487305,-2.6199846267700195,-2.9752235412597656,115,2,2,2,1,7,regular_2_ops
D,D_R_43222,chck_100M,43222,R,entity_gold_stale_cue_ablation,entityabl:137:regular_2_ops:319,-0.32613706588745117,0.5126910209655762,-0.40024423599243164,regular,5,319,-3.6348776817321777,-3.961014747619629,-3.1221866607666016,-4.035121917724609,115,0,2,2,1,7,regular_2_ops
D,D_R_43222,chck_100M,43222,R,entity_gold_stale_cue_ablation,entityabl:138:regular_2_ops:320,-0.885345458984375,0.7976894378662109,-0.08557701110839844,regular,5,320,-0.9312753677368164,-1.8166208267211914,-0.13358592987060547,-1.0168523788452148,119,2,2,2,1,7,regular_2_ops
D,D_R_43222,chck_100M,43222,R,entity_gold_stale_cue_ablation,entityabl:139:regular_2_ops:327,-4.716582775115967,-0.07442855834960938,-3.823699474334717,regular,5,327,3.77839994430542,-0.9381828308105469,3.7039713859558105,-0.045299530029296875,113,1,2,2,1,7,regular_2_ops
D,D_R_43222,chck_100M,43222,R,entity_gold_stale_cue_ablation,entityabl:13:regular_2_ops:45,-2.394467830657959,2.995452404022217,-0.9169039726257324,regular,2,45,-2.991952419281006,-5.386420249938965,0.0034999847412109375,-3.9088563919067383,78,2,2,2,1,4,regular_2_ops
D,D_R_43222,chck_100M,43222,R,entity_gold_stale_cue_ablation,entityabl:140:regular_2_ops:331,-1.6552627086639404,2.390806198120117,-0.36130523681640625,regular,5,331,-4.401212692260742,-6.056475400924683,-2.010406494140625,-4.762517929077148,97,1,2,2,1,7,regular_2_ops
D,D_R_43222,chck_100M,43222,R,entity_gold_stale_cue_ablation,entityabl:141:regular_2_ops:332,-2.365725040435791,1.2118844985961914,-0.9838395118713379,regular,5,332,1.3475193977355957,-1.0182056427001953,2.559403896331787,0.3636798858642578,103,5,2,2,1,7,regular_2_ops
D,D_R_43222,chck_100M,43222,R,entity_gold_stale_cue_ablation,entityabl:142:regular_2_ops:333,-0.28566646575927734,0.36751651763916016,-0.48523426055908203,regular,5,333,-2.728769302368164,-3.0144357681274414,-2.361252784729004,-3.214003562927246,96,2,2,2,1,7,regular_2_ops
D,D_R_43222,chck_100M,43222,R,entity_gold_stale_cue_ablation,entityabl:143:regular_2_ops:334,-3.344684600830078,0.22446060180664062,-1.9120798110961914,regular,5,334,2.7557220458984375,-0.5889625549316406,2.980182647705078,0.8436422348022461,111,3,2,2,1,7,regular_2_ops
D,D_R_43222,chck_100M,43222,R,entity_gold_stale_cue_ablation,entityabl:144:regular_2_ops:336,0.9574451446533203,-0.45103883743286133,1.0457830429077148,regular,5,336,-3.9102115631103516,-2.9527664184570312,-4.361250400543213,-2.8644285202026367,113,0,2,2,1,7,regular_2_ops
D,D_R_43222,chck_100M,43222,R,entity_gold_stale_cue_ablation,entityabl:145:regular_2_ops:338,-0.8160300254821777,0.32557201385498047,0.08243370056152344,regular,5,338,-1.2245063781738281,-2.040536403656006,-0.8989343643188477,-1.1420726776123047,134,4,2,2,1,7,regular_2_ops
D,D_R_43222,chck_100M,43222,R,entity_gold_stale_cue_ablation,entityabl:146:regular_2_ops:342,-0.4305400848388672,3.0092973709106445,0.3312549591064453,regular,5,342,-1.9974565505981445,-2.4279966354370117,1.0118408203125,-1.6662015914916992,106,3,2,2,1,7,regular_2_ops
D,D_R_43222,chck_100M,43222,R,entity_gold_stale_cue_ablation,entityabl:147:regular_2_ops:343,-5.26566743850708,0.9300646781921387,0.9137287139892578,regular,5,343,3.9981212615966797,-1.2675461769104004,4.928185939788818,4.9118499755859375,119,3,2,2,1,7,regular_2_ops
D,D_R_43222,chck_100M,43222,R,entity_gold_stale_cue_ablation,entityabl:148:regular_2_ops:344,-2.0049219131469727,1.2132558822631836,-1.2876920700073242,regular,5,344,-3.028005599975586,-5.032927513122559,-1.8147497177124023,-4.31569766998291,119,6,2,2,1,7,regular_2_ops
D,D_R_43222,chck_100M,43222,R,entity_gold_stale_cue_ablation,entityabl:149:regular_2_ops:345,-1.4990994930267334,-0.47368383407592773,-0.5655350685119629,regular,5,345,-2.656341552734375,-4.155441045761108,-3.1300253868103027,-3.221876621246338,99,3,2,2,1,7,regular_2_ops
D,D_R_43222,chck_100M,43222,R,entity_gold_stale_cue_ablation,entityabl:14:regular_2_ops:51,0.8078150749206543,0.08182382583618164,0.7566275596618652,regular,3,51,-1.6637978553771973,-0.855982780456543,-1.5819740295410156,-0.907170295715332,82,1,2,2,1,5,regular_2_ops
D,D_R_43222,chck_100M,43222,R,entity_gold_stale_cue_ablation,entityabl:150:regular_2_ops:347,-1.6576957702636719,1.5336265563964844,-1.1155929565429688,regular,5,347,-0.8031826019287109,-2.460878372192383,0.7304439544677734,-1.9187755584716797,124,4,2,2,1,7,regular_2_ops
D,D_R_43222,chck_100M,43222,R,entity_gold_stale_cue_ablation,entityabl:151:regular_2_ops:348,1.1351547241210938,-0.35920047760009766,0.03755474090576172,regular,5,348,-0.7599821090698242,0.37517261505126953,-1.1191825866699219,-0.7224273681640625,119,1,2,2,1,7,regular_2_ops
D,D_R_43222,chck_100M,43222,R,entity_gold_stale_cue_ablation,entityabl:152:regular_2_ops:349,-1.591038703918457,0.28865575790405273,-0.7795319557189941,regular,5,349,2.0159735679626465,0.42493486404418945,2.304629325866699,1.2364416122436523,116,4,2,2,1,7,regular_2_ops
D,D_R_43222,chck_100M,43222,R,entity_gold_stale_cue_ablation,entityabl:153:regular_2_ops:350,-1.3572816848754883,-0.5345172882080078,-0.5486717224121094,regular,5,350,-0.6122770309448242,-1.9695587158203125,-1.146794319152832,-1.1609487533569336,115,1,2,2,1,7,regular_2_ops
D,D_R_43222,chck_100M,43222,R,entity_gold_stale_cue_ablation,entityabl:154:regular_2_ops:351,-2.393636703491211,0.5763607025146484,0.05844306945800781,regular,5,351,-2.9423065185546875,-5.335943222045898,-2.365945816040039,-2.8838634490966797,113,3,2,2,1,7,regular_2_ops
D,D_R_43222,chck_100M,43222,R,entity_gold_stale_cue_ablation,entityabl:155:regular_2_ops:352,-5.08043098449707,1.6798458099365234,-3.1230216026306152,regular,5,352,-1.7155499458312988,-6.795980930328369,-0.03570413589477539,-4.838571548461914,100,5,2,2,1,7,regular_2_ops
D,D_R_43222,chck_100M,43222,R,entity_gold_stale_cue_ablation,entityabl:156:regular_2_ops:354,-0.9232014417648315,0.6735806465148926,0.08072555065155029,regular,5,354,4.427682876586914,3.5044814348220825,5.101263523101807,4.508408427238464,112,6,2,2,1,7,regular_2_ops
D,D_R_43222,chck_100M,43222,R,entity_gold_stale_cue_ablation,entityabl:157:regular_2_ops:355,-2.9729232788085938,0.6003408432006836,-0.16671180725097656,regular,5,355,-2.4528579711914062,-5.42578125,-1.8525171279907227,-2.619569778442383,115,3,2,2,1,7,regular_2_ops
D,D_R_43222,chck_100M,43222,R,entity_gold_stale_cue_ablation,entityabl:158:regular_2_ops:358,-0.8810372352600098,0.12546205520629883,-1.3583111763000488,regular,10,358,-5.561765193939209,-6.442802429199219,-5.43630313873291,-6.920076370239258,157,6,2,2,1,12,regular_2_ops
D,D_R_43222,chck_100M,43222,R,entity_gold_stale_cue_ablation,entityabl:159:regular_2_ops:363,1.155367374420166,0.29546260833740234,-0.6443376541137695,regular,10,363,1.6780309677124023,2.8333983421325684,1.9734935760498047,1.0336933135986328,157,0,2,2,1,12,regular_2_ops
D,D_R_43222,chck_100M,43222,R,entity_gold_stale_cue_ablation,entityabl:15:regular_2_ops:53,-0.4836311340332031,0.5370864868164062,-0.6457729339599609,regular,3,53,-3.7589759826660156,-4.242607116699219,-3.2218894958496094,-4.404748916625977,88,4,2,2,1,5,regular_2_ops
D,D_R_43222,chck_100M,43222,R,entity_gold_stale_cue_ablation,entityabl:160:regular_2_ops:367,-0.6837482452392578,0.6305551528930664,1.1441330909729004,regular,10,367,1.060537338256836,0.3767890930175781,1.6910924911499023,2.2046704292297363,149,2,2,2,1,12,regular_2_ops
D,D_R_43222,chck_100M,43222,R,entity_gold_stale_cue_ablation,entityabl:161:regular_2_ops:368,-1.3355731964111328,1.4842510223388672,-0.04216718673706055,regular,10,368,-2.7833805084228516,-4.118953704833984,-1.2991294860839844,-2.825547695159912,152,0,2,2,1,12,regular_2_ops
D,D_R_43222,chck_100M,43222,R,entity_gold_stale_cue_ablation,entityabl:162:regular_2_ops:369,-0.9466133117675781,0.9296464920043945,-0.19329833984375,regular,10,369,1.9761199951171875,1.0295066833496094,2.905766487121582,1.7828216552734375,150,1,2,2,1,12,regular_2_ops
D,D_R_43222,chck_100M,43222,R,entity_gold_stale_cue_ablation,entityabl:163:regular_2_ops:370,0.04104900360107422,1.2045764923095703,0.7938134670257568,regular,10,370,3.224456787109375,3.265505790710449,4.429033279418945,4.018270254135132,179,2,2,2,1,12,regular_2_ops
D,D_R_43222,chck_100M,43222,R,entity_gold_stale_cue_ablation,entityabl:164:regular_2_ops:375,-0.5262856483459473,0.7857999801635742,-0.1474604606628418,regular,10,375,-5.551455497741699,-6.0777411460876465,-4.765655517578125,-5.698915958404541,133,1,2,2,1,12,regular_2_ops
D,D_R_43222,chck_100M,43222,R,entity_gold_stale_cue_ablation,entityabl:165:regular_2_ops:377,-0.5693645477294922,0.33047008514404297,0.3751716613769531,regular,10,377,-0.021370887756347656,-0.5907354354858398,0.3090991973876953,0.35380077362060547,135,4,2,2,1,12,regular_2_ops
D,D_R_43222,chck_100M,43222,R,entity_gold_stale_cue_ablation,entityabl:166:regular_2_ops:379,-0.0102996826171875,0.4994344711303711,0.019266128540039062,regular,10,379,1.3507728576660156,1.3404731750488281,1.8502073287963867,1.3700389862060547,151,0,2,2,1,12,regular_2_ops
D,D_R_43222,chck_100M,43222,R,entity_gold_stale_cue_ablation,entityabl:167:regular_2_ops:380,0.39096975326538086,0.7381467819213867,-0.37114858627319336,regular,10,380,0.029926776885986328,0.4208965301513672,0.768073558807373,-0.34122180938720703,149,3,2,2,1,12,regular_2_ops
D,D_R_43222,chck_100M,43222,R,entity_gold_stale_cue_ablation,entityabl:168:regular_2_ops:381,-3.6569466590881348,0.3252534866333008,-1.1510883569717407,regular,10,381,-5.776458144187927,-9.433404803276062,-5.4512046575546265,-6.927546501159668,133,4,2,2,1,12,regular_2_ops
D,D_R_43222,chck_100M,43222,R,entity_gold_stale_cue_ablation,entityabl:169:regular_2_ops:382,-0.5710439682006836,0.14120101928710938,0.025992393493652344,regular,10,382,0.6994104385375977,0.12836647033691406,0.840611457824707,0.72540283203125,150,5,2,2,1,12,regular_2_ops
D,D_R_43222,chck_100M,43222,R,entity_gold_stale_cue_ablation,entityabl:16:regular_2_ops:54,-7.59309720993042,4.3752360343933105,-0.11359310150146484,regular,3,54,-2.723646640777588,-10.316743850708008,1.6515893936157227,-2.8372397422790527,104,6,2,2,1,5,regular_2_ops
D,D_R_43222,chck_100M,43222,R,entity_gold_stale_cue_ablation,entityabl:170:regular_2_ops:383,-4.694852828979492,0.252593994140625,-4.419107437133789,regular,10,383,-1.905644416809082,-6.600497245788574,-1.653050422668457,-6.324751853942871,144,4,2,2,1,12,regular_2_ops
D,D_R_43222,chck_100M,43222,R,entity_gold_stale_cue_ablation,entityabl:171:regular_2_ops:384,-2.598984718322754,1.3345255851745605,-1.1048822402954102,regular,10,384,3.4845714569091797,0.8855867385864258,4.81909704208374,2.3796892166137695,155,5,2,2,1,12,regular_2_ops
D,D_R_43222,chck_100M,43222,R,entity_gold_stale_cue_ablation,entityabl:172:regular_2_ops:386,-0.3377857208251953,1.2997074127197266,-0.10022544860839844,regular,10,386,1.6863746643066406,1.3485889434814453,2.986082077026367,1.5861492156982422,172,1,2,2,1,12,regular_2_ops
D,D_R_43222,chck_100M,43222,R,entity_gold_stale_cue_ablation,entityabl:173:regular_2_ops:392,-0.8172597885131836,0.7227344512939453,-0.7018232345581055,regular,10,392,2.3072128295898438,1.4899530410766602,3.029947280883789,1.6053895950317383,144,5,2,2,1,12,regular_2_ops
D,D_R_43222,chck_100M,43222,R,entity_gold_stale_cue_ablation,entityabl:174:regular_2_ops:393,-8.406874179840088,1.7675018310546875,-5.494823932647705,regular,10,393,-1.1896076202392578,-9.596481800079346,0.5778942108154297,-6.684431552886963,149,5,2,2,1,12,regular_2_ops
D,D_R_43222,chck_100M,43222,R,entity_gold_stale_cue_ablation,entityabl:175:regular_2_ops:400,-4.167224884033203,0.7724895477294922,-1.2932920455932617,regular,0,400,1.911092758178711,-2.256132125854492,2.683582305908203,0.6178007125854492,64,4,2,2,1,2,regular_2_ops
D,D_R_43222,chck_100M,43222,R,entity_gold_stale_cue_ablation,entityabl:176:regular_2_ops:401,-0.8536872863769531,0.9176206588745117,0.25070858001708984,regular,0,401,4.60981559753418,3.7561283111572266,5.527436256408691,4.8605241775512695,71,0,2,2,1,2,regular_2_ops
D,D_R_43222,chck_100M,43222,R,entity_gold_stale_cue_ablation,entityabl:177:regular_2_ops:402,-1.8727607727050781,1.1182136535644531,-1.6497230529785156,regular,0,402,1.867365837097168,-0.005394935607910156,2.985579490661621,0.21764278411865234,58,5,2,2,1,2,regular_2_ops
D,D_R_43222,chck_100M,43222,R,entity_gold_stale_cue_ablation,entityabl:178:regular_3_ops:2,-4.550192713737488,1.6157760620117188,1.0537381172180176,regular,3,2,-1.9581298828125,-6.508322596549988,-0.34235382080078125,-0.9043917655944824,116,5,3,3,1,6,regular_3_ops
D,D_R_43222,chck_100M,43222,R,entity_gold_stale_cue_ablation,entityabl:179:regular_3_ops:9,-6.307585120201111,1.9549379348754883,0.49166297912597656,regular,3,9,1.0053949356079102,-5.302190184593201,2.9603328704833984,1.4970579147338867,116,5,3,3,1,6,regular_3_ops
D,D_R_43222,chck_100M,43222,R,entity_gold_stale_cue_ablation,entityabl:17:regular_2_ops:55,-5.177340805530548,1.2330493927001953,1.8090620040893555,regular,3,55,0.20215797424316406,-4.975182831287384,1.4352073669433594,2.0112199783325195,93,6,2,2,1,5,regular_2_ops
D,D_R_43222,chck_100M,43222,R,entity_gold_stale_cue_ablation,entityabl:180:regular_3_ops:12,-1.8881498575210571,-0.04211828112602234,-0.5453544557094574,regular,3,12,-7.013941198587418,-8.902091056108475,-7.05605947971344,-7.559295654296875,119,0,3,3,1,6,regular_3_ops
D,D_R_43222,chck_100M,43222,R,entity_gold_stale_cue_ablation,entityabl:181:regular_3_ops:17,-2.336768627166748,-0.15496492385864258,2.224752426147461,regular,3,17,0.8674273490905762,-1.4693412780761719,0.7124624252319336,3.092179775238037,94,4,3,3,1,6,regular_3_ops
D,D_R_43222,chck_100M,43222,R,entity_gold_stale_cue_ablation,entityabl:182:regular_3_ops:21,-0.8692188262939453,1.2369632720947266,1.091794490814209,regular,3,21,4.88068962097168,4.011470794677734,6.117652893066406,5.972484111785889,106,0,3,3,1,6,regular_3_ops
D,D_R_43222,chck_100M,43222,R,entity_gold_stale_cue_ablation,entityabl:183:regular_3_ops:23,1.1098098754882812,-0.6683444976806641,1.4567985534667969,regular,3,23,-3.3925275802612305,-2.282717704772949,-4.0608720779418945,-1.9357290267944336,113,0,3,3,1,6,regular_3_ops
D,D_R_43222,chck_100M,43222,R,entity_gold_stale_cue_ablation,entityabl:184:regular_3_ops:24,-1.162139892578125,0.43804264068603516,-0.9624147415161133,regular,3,24,0.2443218231201172,-0.9178180694580078,0.6823644638061523,-0.7180929183959961,109,2,3,3,1,6,regular_3_ops
D,D_R_43222,chck_100M,43222,R,entity_gold_stale_cue_ablation,entityabl:185:regular_3_ops:26,-12.297957420349121,0.09074831008911133,-8.794793128967285,regular,3,26,4.743475914001465,-7.554481506347656,4.834224224090576,-4.05131721496582,106,2,3,3,1,6,regular_3_ops
D,D_R_43222,chck_100M,43222,R,entity_gold_stale_cue_ablation,entityabl:186:regular_3_ops:27,-6.752462387084961,-0.9670381546020508,-0.5122389793395996,regular,4,27,0.21172285079956055,-6.5407395362854,-0.7553153038024902,-0.30051612854003906,110,1,3,3,1,7,regular_3_ops
D,D_R_43222,chck_100M,43222,R,entity_gold_stale_cue_ablation,entityabl:187:regular_3_ops:36,-0.3675527572631836,0.3387603759765625,-0.6743240356445312,regular,4,36,-0.6025152206420898,-0.9700679779052734,-0.26375484466552734,-1.276839256286621,118,2,3,3,1,7,regular_3_ops
D,D_R_43222,chck_100M,43222,R,entity_gold_stale_cue_ablation,entityabl:188:regular_3_ops:40,-9.850377082824707,0.6075162887573242,-5.793919563293457,regular,4,40,2.5675783157348633,-7.282798767089844,3.1750946044921875,-3.2263412475585938,118,2,3,3,1,7,regular_3_ops
D,D_R_43222,chck_100M,43222,R,entity_gold_stale_cue_ablation,entityabl:189:regular_3_ops:49,-0.4737081527709961,-0.08220100402832031,-0.5184793472290039,regular,4,49,-2.2532577514648438,-2.72696590423584,-2.335458755493164,-2.7717370986938477,122,0,3,3,1,7,regular_3_ops
D,D_R_43222,chck_100M,43222,R,entity_gold_stale_cue_ablation,entityabl:18:regular_2_ops:56,-3.606671690940857,2.385270118713379,-2.2714197635650635,regular,3,56,-4.887138366699219,-8.493810057640076,-2.50186824798584,-7.158558130264282,92,4,2,2,1,5,regular_2_ops
D,D_R_43222,chck_100M,43222,R,entity_gold_stale_cue_ablation,entityabl:190:regular_3_ops:51,-4.121548175811768,0.5635018348693848,-1.5077180862426758,regular,4,51,0.2761669158935547,-3.845381259918213,0.8396687507629395,-1.231551170349121,107,4,3,3,1,7,regular_3_ops
D,D_R_43222,chck_100M,43222,R,entity_gold_stale_cue_ablation,entityabl:191:regular_3_ops:54,-1.1404142379760742,0.7344880104064941,1.5893301963806152,regular,4,54,4.840655326843262,3.7002410888671875,5.575143337249756,6.429985523223877,112,0,3,3,1,7,regular_3_ops
D,D_R_43222,chck_100M,43222,R,entity_gold_stale_cue_ablation,entityabl:192:regular_3_ops:55,-2.4259557723999023,0.18299579620361328,-1.392590045928955,regular,4,55,-0.5300750732421875,-2.95603084564209,-0.3470792770385742,-1.9226651191711426,102,1,3,3,1,7,regular_3_ops
D,D_R_43222,chck_100M,43222,R,entity_gold_stale_cue_ablation,entityabl:193:regular_3_ops:59,-2.9959325790405273,1.7585029602050781,-0.2482929229736328,regular,4,59,4.2306108474731445,1.2346782684326172,5.989113807678223,3.9823179244995117,109,1,3,3,1,7,regular_3_ops
D,D_R_43222,chck_100M,43222,R,entity_gold_stale_cue_ablation,entityabl:194:regular_3_ops:71,-3.6319751739501953,0.540031909942627,0.18741893768310547,regular,5,71,2.3267903327941895,-1.3051848411560059,2.8668222427368164,2.514209270477295,131,4,3,3,1,8,regular_3_ops
D,D_R_43222,chck_100M,43222,R,entity_gold_stale_cue_ablation,entityabl:195:regular_3_ops:83,-2.0249884128570557,-0.6919093132019043,-0.9941296577453613,regular,5,83,0.21968412399291992,-1.8053042888641357,-0.4722251892089844,-0.7744455337524414,112,2,3,3,1,8,regular_3_ops
D,D_R_43222,chck_100M,43222,R,entity_gold_stale_cue_ablation,entityabl:196:regular_3_ops:89,0.0637807846069336,0.09327888488769531,-0.0164947509765625,regular,5,89,0.9595422744750977,1.0233230590820312,1.052821159362793,0.9430475234985352,122,1,3,3,1,8,regular_3_ops
D,D_R_43222,chck_100M,43222,R,entity_gold_stale_cue_ablation,entityabl:197:regular_3_ops:93,-10.027345657348633,-0.2454209327697754,-4.514089107513428,regular,5,93,3.8930583000183105,-6.134287357330322,3.647637367248535,-0.6210308074951172,120,5,3,3,1,8,regular_3_ops
D,D_R_43222,chck_100M,43222,R,entity_gold_stale_cue_ablation,entityabl:198:regular_3_ops:94,-13.675978660583496,0.38191843032836914,-8.422118663787842,regular,5,94,7.768248081207275,-5.907730579376221,8.150166511535645,-0.6538705825805664,135,3,3,3,1,8,regular_3_ops
D,D_R_43222,chck_100M,43222,R,entity_gold_stale_cue_ablation,entityabl:199:regular_3_ops:101,-0.308837890625,0.2796287536621094,-0.5172786712646484,regular,5,101,-0.7567634582519531,-1.0656013488769531,-0.47713470458984375,-1.2740421295166016,127,2,3,3,1,8,regular_3_ops
D,D_R_43222,chck_100M,43222,R,entity_gold_stale_cue_ablation,entityabl:19:regular_2_ops:57,-0.77752685546875,-0.47232627868652344,-1.4162864685058594,regular,3,57,-0.02081775665283203,-0.798344612121582,-0.49314403533935547,-1.4371042251586914,82,2,2,2,1,5,regular_2_ops
D,D_R_43222,chck_100M,43222,R,entity_gold_stale_cue_ablation,entityabl:1:regular_2_ops:9,-4.0519068241119385,1.4347410202026367,-3.5707716941833496,regular,1,9,1.0575242042541504,-2.994382619857788,2.492265224456787,-2.513247489929199,81,3,2,2,1,3,regular_2_ops
D,D_R_43222,chck_100M,43222,R,entity_gold_stale_cue_ablation,entityabl:200:regular_3_ops:107,-6.964831352233887,2.253920555114746,-6.246523857116699,regular,6,107,2.390652656555176,-4.574178695678711,4.644573211669922,-3.8558712005615234,134,3,3,3,1,9,regular_3_ops
D,D_R_43222,chck_100M,43222,R,entity_gold_stale_cue_ablation,entityabl:201:regular_3_ops:108,-4.884889125823975,0.09695100784301758,-0.5843172073364258,regular,6,108,-2.515995502471924,-7.400884628295898,-2.4190444946289062,-3.1003127098083496,123,4,3,3,1,9,regular_3_ops
D,D_R_43222,chck_100M,43222,R,entity_gold_stale_cue_ablation,entityabl:202:regular_3_ops:111,-3.796382427215576,0.7575836181640625,-0.4095635414123535,regular,6,111,2.4526376724243164,-1.3437447547912598,3.210221290588379,2.043074131011963,149,4,3,3,1,9,regular_3_ops
D,D_R_43222,chck_100M,43222,R,entity_gold_stale_cue_ablation,entityabl:203:regular_3_ops:112,-0.37720298767089844,0.33495330810546875,-0.4200010299682617,regular,6,112,-0.664820671081543,-1.0420236587524414,-0.3298673629760742,-1.0848217010498047,133,2,3,3,1,9,regular_3_ops
D,D_R_43222,chck_100M,43222,R,entity_gold_stale_cue_ablation,entityabl:204:regular_3_ops:115,-6.472482442855835,0.5661725997924805,-3.8817009925842285,regular,6,115,2.403651237487793,-4.068831205368042,2.9698238372802734,-1.4780497550964355,136,1,3,3,1,9,regular_3_ops
D,D_R_43222,chck_100M,43222,R,entity_gold_stale_cue_ablation,entityabl:205:regular_3_ops:119,-0.21817302703857422,0.1938009262084961,-0.44686412811279297,regular,6,119,1.0481042861938477,0.8299312591552734,1.2419052124023438,0.6012401580810547,134,1,3,3,1,9,regular_3_ops
D,D_R_43222,chck_100M,43222,R,entity_gold_stale_cue_ablation,entityabl:206:regular_3_ops:126,-1.871495246887207,1.2261781692504883,-0.21121501922607422,regular,6,126,3.031203269958496,1.159708023071289,4.257381439208984,2.819988250732422,124,1,3,3,1,9,regular_3_ops
D,D_R_43222,chck_100M,43222,R,entity_gold_stale_cue_ablation,entityabl:207:regular_3_ops:128,-1.6328048706054688,-0.25535011291503906,-0.5705232620239258,regular,6,128,-0.17505264282226562,-1.8078575134277344,-0.4304027557373047,-0.7455759048461914,118,2,3,3,1,9,regular_3_ops
D,D_R_43222,chck_100M,43222,R,entity_gold_stale_cue_ablation,entityabl:208:regular_3_ops:129,-8.011637210845947,-0.12680768966674805,0.5594115257263184,regular,6,129,-0.5421566963195801,-8.553793907165527,-0.6689643859863281,0.01725482940673828,117,2,3,3,1,9,regular_3_ops
D,D_R_43222,chck_100M,43222,R,entity_gold_stale_cue_ablation,entityabl:209:regular_3_ops:133,-0.3904123306274414,0.1224660873413086,0.5564889907836914,regular,6,133,-5.0767717361450195,-5.467184066772461,-4.954305648803711,-4.520282745361328,136,3,3,3,1,9,regular_3_ops
D,D_R_43222,chck_100M,43222,R,entity_gold_stale_cue_ablation,entityabl:20:regular_2_ops:62,-1.0119447708129883,3.285273551940918,-0.47025585174560547,regular,3,62,-3.2845325469970703,-4.296477317810059,0.0007410049438476562,-3.754788398742676,87,2,2,2,1,5,regular_2_ops
D,D_R_43222,chck_100M,43222,R,entity_gold_stale_cue_ablation,entityabl:210:regular_3_ops:135,0.19907665252685547,0.15114784240722656,-0.067718505859375,regular,6,135,-0.9510583877563477,-0.7519817352294922,-0.7999105453491211,-1.0187768936157227,149,6,3,3,1,9,regular_3_ops
D,D_R_43222,chck_100M,43222,R,entity_gold_stale_cue_ablation,entityabl:211:regular_3_ops:141,-2.7613725662231445,0.5046987533569336,-0.6000881195068359,regular,6,141,1.6356573104858398,-1.1257152557373047,2.1403560638427734,1.035569190979004,136,0,3,3,1,9,regular_3_ops
D,D_R_43222,chck_100M,43222,R,entity_gold_stale_cue_ablation,entityabl:212:regular_3_ops:148,-4.397438287734985,0.6287996768951416,-1.5601999759674072,regular,6,148,6.873088121414185,2.475649833679199,7.501887798309326,5.312888145446777,138,2,3,3,1,9,regular_3_ops
D,D_R_43222,chck_100M,43222,R,entity_gold_stale_cue_ablation,entityabl:213:regular_3_ops:152,-0.8684606552124023,0.6593942642211914,0.049839019775390625,regular,6,152,-0.768397331237793,-1.6368579864501953,-0.10900306701660156,-0.7185583114624023,123,3,3,3,1,9,regular_3_ops
D,D_R_43222,chck_100M,43222,R,entity_gold_stale_cue_ablation,entityabl:214:regular_3_ops:156,-0.47458744049072266,0.7784852981567383,0.6327104568481445,regular,6,156,-1.8450307846069336,-2.3196182250976562,-1.0665454864501953,-1.212320327758789,149,5,3,3,1,9,regular_3_ops
D,D_R_43222,chck_100M,43222,R,entity_gold_stale_cue_ablation,entityabl:215:regular_3_ops:162,-6.75349760055542,1.399026870727539,-1.465606689453125,regular,6,162,-1.504023551940918,-8.257521152496338,-0.1049966812133789,-2.969630241394043,113,5,3,3,1,9,regular_3_ops
D,D_R_43222,chck_100M,43222,R,entity_gold_stale_cue_ablation,entityabl:216:regular_3_ops:165,-2.7232420444488525,0.11077880859375,-0.5450372695922852,regular,6,165,0.9787893295288086,-1.744452714920044,1.0895681381225586,0.43375205993652344,143,3,3,3,1,9,regular_3_ops
D,D_R_43222,chck_100M,43222,R,entity_gold_stale_cue_ablation,entityabl:217:regular_3_ops:170,-0.16666412353515625,0.8012199401855469,1.073805809020996,regular,6,170,3.605105400085449,3.438441276550293,4.406325340270996,4.678911209106445,127,0,3,3,1,9,regular_3_ops
D,D_R_43222,chck_100M,43222,R,entity_gold_stale_cue_ablation,entityabl:218:regular_3_ops:174,0.5174093246459961,0.11367416381835938,1.3914766311645508,regular,7,174,1.2872028350830078,1.804612159729004,1.4008769989013672,2.6786794662475586,134,4,3,3,1,10,regular_3_ops
D,D_R_43222,chck_100M,43222,R,entity_gold_stale_cue_ablation,entityabl:219:regular_3_ops:176,-0.7915983200073242,0.6031951904296875,-0.5422277450561523,regular,7,176,0.15723514556884766,-0.6343631744384766,0.7604303359985352,-0.3849925994873047,129,3,3,3,1,10,regular_3_ops
D,D_R_43222,chck_100M,43222,R,entity_gold_stale_cue_ablation,entityabl:21:regular_2_ops:65,-8.551586270332336,2.5819625854492188,-2.139293670654297,regular,3,65,-1.4685478210449219,-10.020134091377258,1.1134147644042969,-3.6078414916992188,94,6,2,2,1,5,regular_2_ops
D,D_R_43222,chck_100M,43222,R,entity_gold_stale_cue_ablation,entityabl:220:regular_3_ops:177,-2.53651762008667,-1.6719450950622559,0.6546216011047363,regular,7,177,0.46396970748901367,-2.0725479125976562,-1.2079753875732422,1.11859130859375,149,4,3,3,1,10,regular_3_ops
D,D_R_43222,chck_100M,43222,R,entity_gold_stale_cue_ablation,entityabl:221:regular_3_ops:178,-7.823230266571045,1.3625378608703613,-2.793708324432373,regular,7,178,3.7133870124816895,-4.1098432540893555,5.075924873352051,0.9196786880493164,150,3,3,3,1,10,regular_3_ops
D,D_R_43222,chck_100M,43222,R,entity_gold_stale_cue_ablation,entityabl:222:regular_3_ops:179,-0.9779262542724609,-0.2406787872314453,0.06610488891601562,regular,7,179,-1.1392097473144531,-2.117136001586914,-1.3798885345458984,-1.0731048583984375,151,0,3,3,1,10,regular_3_ops
D,D_R_43222,chck_100M,43222,R,entity_gold_stale_cue_ablation,entityabl:223:regular_3_ops:185,-2.1841654777526855,0.1869945526123047,-0.9068174362182617,regular,7,185,0.8186588287353516,-1.365506649017334,1.0056533813476562,-0.08815860748291016,128,4,3,3,1,10,regular_3_ops
D,D_R_43222,chck_100M,43222,R,entity_gold_stale_cue_ablation,entityabl:224:regular_3_ops:191,-0.36841487884521484,0.9462184906005859,0.21933937072753906,regular,7,191,-1.125016212463379,-1.4934310913085938,-0.17879772186279297,-0.9056768417358398,134,2,3,3,1,10,regular_3_ops
D,D_R_43222,chck_100M,43222,R,entity_gold_stale_cue_ablation,entityabl:225:regular_3_ops:194,-6.735866069793701,2.015477180480957,-5.302951335906982,regular,7,194,2.4741177558898926,-4.261748313903809,4.48959493637085,-2.82883358001709,143,3,3,3,1,10,regular_3_ops
D,D_R_43222,chck_100M,43222,R,entity_gold_stale_cue_ablation,entityabl:226:regular_3_ops:197,-1.2582316398620605,2.106987953186035,0.5483322143554688,regular,7,197,-0.011548995971679688,-1.2697806358337402,2.0954389572143555,0.5367832183837891,145,0,3,3,1,10,regular_3_ops
D,D_R_43222,chck_100M,43222,R,entity_gold_stale_cue_ablation,entityabl:227:regular_3_ops:199,-0.3113279342651367,0.12779617309570312,-0.2592506408691406,regular,7,199,0.8427572250366211,0.5314292907714844,0.9705533981323242,0.5835065841674805,136,0,3,3,1,10,regular_3_ops
D,D_R_43222,chck_100M,43222,R,entity_gold_stale_cue_ablation,entityabl:228:regular_3_ops:205,-5.257691383361816,0.720911979675293,-2.850341796875,regular,7,205,0.9104366302490234,-4.347254753112793,1.6313486099243164,-1.9399051666259766,145,1,3,3,1,10,regular_3_ops
D,D_R_43222,chck_100M,43222,R,entity_gold_stale_cue_ablation,entityabl:229:regular_3_ops:216,-4.088542938232422,0.2655763626098633,-0.47559356689453125,regular,7,216,-2.1782302856445312,-6.266773223876953,-1.912653923034668,-2.6538238525390625,129,4,3,3,1,10,regular_3_ops
D,D_R_43222,chck_100M,43222,R,entity_gold_stale_cue_ablation,entityabl:22:regular_2_ops:69,-2.1530323028564453,0.7114048004150391,-0.5262060165405273,regular,3,69,-1.0646343231201172,-3.2176666259765625,-0.3532295227050781,-1.5908403396606445,81,2,2,2,1,5,regular_2_ops
D,D_R_43222,chck_100M,43222,R,entity_gold_stale_cue_ablation,entityabl:230:regular_3_ops:219,-0.5842132568359375,0.017256736755371094,-0.11951255798339844,regular,7,219,-2.1499671936035156,-2.734180450439453,-2.1327104568481445,-2.269479751586914,142,4,3,3,1,10,regular_3_ops
D,D_R_43222,chck_100M,43222,R,entity_gold_stale_cue_ablation,entityabl:231:regular_3_ops:223,-8.68454885482788,0.6862888336181641,-4.939784049987793,regular,7,223,1.602151870727539,-7.082396984100342,2.288440704345703,-3.337632179260254,130,1,3,3,1,10,regular_3_ops
D,D_R_43222,chck_100M,43222,R,entity_gold_stale_cue_ablation,entityabl:232:regular_3_ops:224,-1.0301713943481445,0.07054805755615234,-0.26795291900634766,regular,7,224,-0.5896148681640625,-1.619786262512207,-0.5190668106079102,-0.8575677871704102,127,2,3,3,1,10,regular_3_ops
D,D_R_43222,chck_100M,43222,R,entity_gold_stale_cue_ablation,entityabl:233:regular_3_ops:232,-9.42953872680664,0.04038810729980469,0.5261459350585938,regular,7,232,4.075344085693359,-5.354194641113281,4.115732192993164,4.601490020751953,121,6,3,3,1,10,regular_3_ops
D,D_R_43222,chck_100M,43222,R,entity_gold_stale_cue_ablation,entityabl:234:regular_3_ops:233,-3.6142454147338867,1.022110939025879,-0.15969276428222656,regular,7,233,4.252574920654297,0.6383295059204102,5.274685859680176,4.09288215637207,136,1,3,3,1,10,regular_3_ops
D,D_R_43222,chck_100M,43222,R,entity_gold_stale_cue_ablation,entityabl:235:regular_3_ops:245,-2.052597999572754,3.6025633811950684,0.9012751579284668,regular,7,245,-2.158555030822754,-4.211153030395508,1.4440083503723145,-1.257279872894287,152,4,3,3,1,10,regular_3_ops
D,D_R_43222,chck_100M,43222,R,entity_gold_stale_cue_ablation,entityabl:236:regular_3_ops:246,-0.5021648406982422,1.265760898590088,1.6982841491699219,regular,8,246,-0.47031402587890625,-0.9724788665771484,0.7954468727111816,1.2279701232910156,140,1,3,3,1,11,regular_3_ops
D,D_R_43222,chck_100M,43222,R,entity_gold_stale_cue_ablation,entityabl:237:regular_3_ops:247,-1.0244574546813965,1.837541103363037,-0.18784475326538086,regular,8,247,-0.34722471237182617,-1.3716821670532227,1.490316390991211,-0.535069465637207,151,0,3,3,1,11,regular_3_ops
D,D_R_43222,chck_100M,43222,R,entity_gold_stale_cue_ablation,entityabl:238:regular_3_ops:254,-2.936805248260498,0.5541887283325195,-0.025193214416503906,regular,8,254,-2.6962451934814453,-5.633050441741943,-2.142056465148926,-2.721438407897949,135,4,3,3,1,11,regular_3_ops
D,D_R_43222,chck_100M,43222,R,entity_gold_stale_cue_ablation,entityabl:239:regular_3_ops:255,-0.1894674301147461,1.1183662414550781,0.48227596282958984,regular,8,255,-1.464726448059082,-1.6541938781738281,-0.3463602066040039,-0.9824504852294922,140,2,3,3,1,11,regular_3_ops
D,D_R_43222,chck_100M,43222,R,entity_gold_stale_cue_ablation,entityabl:23:regular_2_ops:70,-9.982571601867676,-0.017118453979492188,-4.423346519470215,regular,3,70,4.722363471984863,-5.2602081298828125,4.705245018005371,0.29901695251464844,77,2,2,2,1,5,regular_2_ops
D,D_R_43222,chck_100M,43222,R,entity_gold_stale_cue_ablation,entityabl:240:regular_3_ops:258,-0.6297817230224609,0.05785560607910156,0.12494277954101562,regular,8,258,-1.4124259948730469,-2.042207717895508,-1.3545703887939453,-1.2874832153320312,157,0,3,3,1,11,regular_3_ops
D,D_R_43222,chck_100M,43222,R,entity_gold_stale_cue_ablation,entityabl:241:regular_3_ops:263,-4.868833065032959,0.3428182601928711,-1.9090251922607422,regular,8,263,0.8703250885009766,-3.9985079765319824,1.2131433486938477,-1.0387001037597656,155,3,3,3,1,11,regular_3_ops
D,D_R_43222,chck_100M,43222,R,entity_gold_stale_cue_ablation,entityabl:242:regular_3_ops:268,-6.397543430328369,0.4255504608154297,-0.0025887489318847656,regular,8,268,-2.5601043701171875,-8.957647800445557,-2.134553909301758,-2.5626931190490723,135,2,3,3,1,11,regular_3_ops
D,D_R_43222,chck_100M,43222,R,entity_gold_stale_cue_ablation,entityabl:243:regular_3_ops:271,-1.869311809539795,0.4019503593444824,0.004652976989746094,regular,8,271,3.931278705596924,2.061966896057129,4.333229064941406,3.93593168258667,137,2,3,3,1,11,regular_3_ops
D,D_R_43222,chck_100M,43222,R,entity_gold_stale_cue_ablation,entityabl:244:regular_3_ops:273,-1.0801773071289062,0.7838525772094727,-0.3762531280517578,regular,8,273,-1.055018424987793,-2.135195732116699,-0.2711658477783203,-1.4312715530395508,123,5,3,3,1,11,regular_3_ops
D,D_R_43222,chck_100M,43222,R,entity_gold_stale_cue_ablation,entityabl:245:regular_3_ops:275,-2.9091668128967285,0.11226940155029297,0.6421957015991211,regular,8,275,1.0159006118774414,-1.893266201019287,1.1281700134277344,1.6580963134765625,151,0,3,3,1,11,regular_3_ops
D,D_R_43222,chck_100M,43222,R,entity_gold_stale_cue_ablation,entityabl:246:regular_3_ops:281,-1.2907805442810059,0.45081520080566406,2.005709648132324,regular,8,281,1.336644172668457,0.04586362838745117,1.787459373474121,3.3423538208007812,138,4,3,3,1,11,regular_3_ops
D,D_R_43222,chck_100M,43222,R,entity_gold_stale_cue_ablation,entityabl:247:regular_3_ops:285,-5.40260648727417,1.8077669143676758,-1.123854637145996,regular,8,285,-3.085850715637207,-8.488457202911377,-1.2780838012695312,-4.209705352783203,125,5,3,3,1,11,regular_3_ops
D,D_R_43222,chck_100M,43222,R,entity_gold_stale_cue_ablation,entityabl:248:regular_3_ops:290,0.4621429443359375,0.3719310760498047,0.15464401245117188,regular,8,290,-0.6252460479736328,-0.1631031036376953,-0.2533149719238281,-0.47060203552246094,164,6,3,3,1,11,regular_3_ops
D,D_R_43222,chck_100M,43222,R,entity_gold_stale_cue_ablation,entityabl:249:regular_3_ops:293,-2.3293848037719727,0.2634458541870117,0.6168918609619141,regular,8,293,-4.670757293701172,-7.0001420974731445,-4.40731143951416,-4.053865432739258,154,3,3,3,1,11,regular_3_ops
D,D_R_43222,chck_100M,43222,R,entity_gold_stale_cue_ablation,entityabl:24:regular_2_ops:73,-12.786196418106556,0.5472458153963089,-1.6231505572795868,regular,3,73,3.324006602168083,-9.462189815938473,3.871252417564392,1.7008560448884964,104,2,2,2,1,5,regular_2_ops
D,D_R_43222,chck_100M,43222,R,entity_gold_stale_cue_ablation,entityabl:250:regular_3_ops:297,-1.9448776245117188,2.035917282104492,-0.10090351104736328,regular,8,297,0.2912435531616211,-1.6536340713500977,2.3271608352661133,0.1903400421142578,166,4,3,3,1,11,regular_3_ops
D,D_R_43222,chck_100M,43222,R,entity_gold_stale_cue_ablation,entityabl:251:regular_3_ops:298,-3.11137056350708,0.7876253128051758,0.3967452049255371,regular,8,298,1.0239777565002441,-2.087392807006836,1.81160306930542,1.4207229614257812,164,4,3,3,1,11,regular_3_ops
D,D_R_43222,chck_100M,43222,R,entity_gold_stale_cue_ablation,entityabl:252:regular_3_ops:303,-0.998842716217041,-0.13951635360717773,0.10674762725830078,regular,8,303,2.8432912826538086,1.8444485664367676,2.703774929046631,2.9500389099121094,131,1,3,3,1,11,regular_3_ops
D,D_R_43222,chck_100M,43222,R,entity_gold_stale_cue_ablation,entityabl:253:regular_3_ops:308,-1.2855725288391113,0.3978147506713867,0.15723133087158203,regular,8,308,-0.0706644058227539,-1.3562369346618652,0.3271503448486328,0.08656692504882812,128,5,3,3,1,11,regular_3_ops
D,D_R_43222,chck_100M,43222,R,entity_gold_stale_cue_ablation,entityabl:254:regular_3_ops:313,-1.2348179817199707,1.0481910705566406,0.19200897216796875,regular,8,313,-1.2841215133666992,-2.51893949508667,-0.2359304428100586,-1.0921125411987305,161,2,3,3,1,11,regular_3_ops
D,D_R_43222,chck_100M,43222,R,entity_gold_stale_cue_ablation,entityabl:255:regular_3_ops:316,-2.9694581031799316,0.3337669372558594,-0.2172861099243164,regular,9,316,-2.2099990844726562,-5.179457187652588,-1.8762321472167969,-2.4272851943969727,144,4,3,3,1,12,regular_3_ops
D,D_R_43222,chck_100M,43222,R,entity_gold_stale_cue_ablation,entityabl:256:regular_3_ops:321,-1.368438720703125,2.2785816192626953,1.2567262649536133,regular,9,321,-0.9536857604980469,-2.322124481201172,1.3248958587646484,0.3030405044555664,157,0,3,3,1,12,regular_3_ops
D,D_R_43222,chck_100M,43222,R,entity_gold_stale_cue_ablation,entityabl:257:regular_3_ops:326,-0.5424103736877441,2.4711451530456543,0.2927556037902832,regular,9,326,-2.5629963874816895,-3.1054067611694336,-0.09185123443603516,-2.2702407836914062,157,3,3,3,1,12,regular_3_ops
D,D_R_43222,chck_100M,43222,R,entity_gold_stale_cue_ablation,entityabl:258:regular_3_ops:329,-4.310406684875488,0.6816530227661133,1.9896173477172852,regular,9,329,0.6148786544799805,-3.695528030395508,1.2965316772460938,2.6044960021972656,136,6,3,3,1,12,regular_3_ops
D,D_R_43222,chck_100M,43222,R,entity_gold_stale_cue_ablation,entityabl:259:regular_3_ops:330,-3.7232165336608887,0.7189693450927734,-1.1754579544067383,regular,9,330,0.3045949935913086,-3.41862154006958,1.023564338684082,-0.8708629608154297,161,3,3,3,1,12,regular_3_ops
D,D_R_43222,chck_100M,43222,R,entity_gold_stale_cue_ablation,entityabl:25:regular_2_ops:74,-3.2597291469573975,0.5280580520629883,0.13929367065429688,regular,3,74,1.9084863662719727,-1.3512427806854248,2.436544418334961,2.0477800369262695,101,2,2,2,1,5,regular_2_ops
D,D_R_43222,chck_100M,43222,R,entity_gold_stale_cue_ablation,entityabl:260:regular_3_ops:345,-1.388585090637207,0.7063732147216797,-0.034781455993652344,regular,9,345,2.0337038040161133,0.6451187133789062,2.740077018737793,1.998922348022461,157,0,3,3,1,12,regular_3_ops
D,D_R_43222,chck_100M,43222,R,entity_gold_stale_cue_ablation,entityabl:261:regular_3_ops:346,-1.48040771484375,1.2245569229125977,-0.9131326675415039,regular,9,346,4.117325782775879,2.636918067932129,5.341882705688477,3.204193115234375,154,4,3,3,1,12,regular_3_ops
D,D_R_43222,chck_100M,43222,R,entity_gold_stale_cue_ablation,entityabl:262:regular_3_ops:351,-7.296510696411133,0.6399235725402832,-7.668026924133301,regular,9,351,7.544206619262695,0.2476959228515625,8.184130191802979,-0.12382030487060547,167,6,3,3,1,12,regular_3_ops
D,D_R_43222,chck_100M,43222,R,entity_gold_stale_cue_ablation,entityabl:263:regular_3_ops:353,-0.751676082611084,0.6889238357543945,0.8077130317687988,regular,9,353,0.20499897003173828,-0.5466771125793457,0.8939228057861328,1.012712001800537,147,3,3,3,1,12,regular_3_ops
D,D_R_43222,chck_100M,43222,R,entity_gold_stale_cue_ablation,entityabl:264:regular_3_ops:360,-3.6873364448547363,0.6200733184814453,-1.8103752136230469,regular,9,360,-0.3918437957763672,-4.0791802406311035,0.22822952270507812,-2.202219009399414,141,2,3,3,1,12,regular_3_ops
D,D_R_43222,chck_100M,43222,R,entity_gold_stale_cue_ablation,entityabl:265:regular_3_ops:364,-1.5337190628051758,0.6441221237182617,0.23169708251953125,regular,9,364,3.502002716064453,1.9682836532592773,4.146124839782715,3.7336997985839844,146,2,3,3,1,12,regular_3_ops
D,D_R_43222,chck_100M,43222,R,entity_gold_stale_cue_ablation,entityabl:266:regular_3_ops:365,-3.7682366371154785,1.0088586807250977,-0.6174812316894531,regular,9,365,-1.8227195739746094,-5.590956211090088,-0.8138608932495117,-2.4402008056640625,167,4,3,3,1,12,regular_3_ops
D,D_R_43222,chck_100M,43222,R,entity_gold_stale_cue_ablation,entityabl:267:regular_3_ops:369,-2.0698275566101074,0.49112606048583984,-0.19855403900146484,regular,9,369,0.7795448303222656,-1.2902827262878418,1.2706708908081055,0.5809907913208008,170,4,3,3,1,12,regular_3_ops
D,D_R_43222,chck_100M,43222,R,entity_gold_stale_cue_ablation,entityabl:268:regular_3_ops:372,-1.0501394271850586,1.0363621711730957,1.1246256828308105,regular,9,372,-1.195085048675537,-2.2452244758605957,-0.1587228775024414,-0.07045936584472656,157,0,3,3,1,12,regular_3_ops
D,D_R_43222,chck_100M,43222,R,entity_gold_stale_cue_ablation,entityabl:269:regular_3_ops:375,-0.6539225578308105,1.0285778045654297,0.05665779113769531,regular,9,375,-1.4232568740844727,-2.077179431915283,-0.39467906951904297,-1.3665990829467773,149,2,3,3,1,12,regular_3_ops
D,D_R_43222,chck_100M,43222,R,entity_gold_stale_cue_ablation,entityabl:26:regular_2_ops:76,-7.803604185581207,-1.5784673690795898,-5.130172371864319,regular,3,76,-7.535829544067383,-15.33943372964859,-9.114296913146973,-12.666001915931702,94,6,2,2,1,5,regular_2_ops
D,D_R_43222,chck_100M,43222,R,entity_gold_stale_cue_ablation,entityabl:270:regular_3_ops:379,-0.6517391204833984,0.6796236038208008,0.24389934539794922,regular,9,379,4.377256393432617,3.7255172729492188,5.056879997253418,4.621155738830566,170,4,3,3,1,12,regular_3_ops
D,D_R_43222,chck_100M,43222,R,entity_gold_stale_cue_ablation,entityabl:271:regular_3_ops:382,0.0062580108642578125,0.05960845947265625,-0.15980815887451172,regular,9,382,1.096435546875,1.1026935577392578,1.1560440063476562,0.9366273880004883,152,1,3,3,1,12,regular_3_ops
D,D_R_43222,chck_100M,43222,R,entity_gold_stale_cue_ablation,entityabl:272:regular_3_ops:393,-0.38437557220458984,0.16537761688232422,-0.3124504089355469,regular,9,393,-3.926600456237793,-4.310976028442383,-3.7612228393554688,-4.23905086517334,157,6,3,3,1,12,regular_3_ops
D,D_R_43222,chck_100M,43222,R,entity_gold_stale_cue_ablation,entityabl:273:regular_3_ops:395,0.9852566719055176,0.07817792892456055,0.36886167526245117,regular,0,395,-2.545715808868408,-1.5604591369628906,-2.4675378799438477,-2.176854133605957,86,5,3,3,1,3,regular_3_ops
D,D_R_43222,chck_100M,43222,R,entity_gold_stale_cue_ablation,entityabl:274:regular_3_ops:401,-1.1317324936389923,1.1452810764312744,-0.2963191419839859,regular,1,401,-7.7596645057201385,-8.89139699935913,-6.614383429288864,-8.055983647704124,101,0,3,3,1,4,regular_3_ops
D,D_R_43222,chck_100M,43222,R,entity_gold_stale_cue_ablation,entityabl:275:regular_3_ops:402,0.5260114669799805,0.06728696823120117,-0.10089969635009766,regular,1,402,-2.454547882080078,-1.9285364151000977,-2.387260913848877,-2.555447578430176,95,5,3,3,1,4,regular_3_ops
D,D_R_43222,chck_100M,43222,R,entity_gold_stale_cue_ablation,entityabl:276:regular_3_ops:403,-0.434572696685791,1.8634943962097168,1.4758200645446777,regular,1,403,0.6645827293395996,0.2300100326538086,2.5280771255493164,2.1404027938842773,96,0,3,3,1,4,regular_3_ops
D,D_R_43222,chck_100M,43222,R,entity_gold_stale_cue_ablation,entityabl:277:regular_3_ops:415,-5.483543753623962,3.253355026245117,0.5540981292724609,regular,2,415,-4.010255813598633,-9.493799567222595,-0.7569007873535156,-3.456157684326172,104,3,3,3,1,5,regular_3_ops
D,D_R_43222,chck_100M,43222,R,entity_gold_stale_cue_ablation,entityabl:278:regular_3_ops:417,-3.4615330696105957,1.7886919975280762,0.10402297973632812,regular,2,417,4.241064071655273,0.7795310020446777,6.02975606918335,4.345087051391602,97,1,3,3,1,5,regular_3_ops
D,D_R_43222,chck_100M,43222,R,entity_gold_stale_cue_ablation,entityabl:279:regular_3_ops:420,-1.1155071258544922,0.31903934478759766,-0.7766580581665039,regular,2,420,0.06495094299316406,-1.0505561828613281,0.3839902877807617,-0.7117071151733398,103,2,3,3,1,5,regular_3_ops
D,D_R_43222,chck_100M,43222,R,entity_gold_stale_cue_ablation,entityabl:27:regular_2_ops:77,-8.680892944335938,0.34702491760253906,-3.434725761413574,regular,3,77,1.6142921447753906,-7.066600799560547,1.9613170623779297,-1.8204336166381836,85,4,2,2,1,5,regular_2_ops
D,D_R_43222,chck_100M,43222,R,entity_gold_stale_cue_ablation,entityabl:280:regular_3_ops:422,-2.063762366771698,-0.09006357192993164,0.4527497887611389,regular,2,422,-6.24935257434845,-8.313114941120148,-6.339416146278381,-5.796602785587311,110,0,3,3,1,5,regular_3_ops
D,D_R_43222,chck_100M,43222,R,entity_gold_stale_cue_ablation,entityabl:281:regular_4_ops:1,-0.24760150909423828,0.5276045799255371,0.7588472366333008,regular,6,1,0.5067033767700195,0.25910186767578125,1.0343079566955566,1.2655506134033203,123,2,4,4,1,10,regular_4_ops
D,D_R_43222,chck_100M,43222,R,entity_gold_stale_cue_ablation,entityabl:282:regular_4_ops:5,-0.15334844589233398,0.8791646957397461,0.5414237976074219,regular,6,5,-2.0237808227539062,-2.1771292686462402,-1.1446161270141602,-1.4823570251464844,143,5,4,4,1,10,regular_4_ops
D,D_R_43222,chck_100M,43222,R,entity_gold_stale_cue_ablation,entityabl:283:regular_4_ops:9,-0.7268781661987305,0.8364686965942383,-0.08186149597167969,regular,6,9,-2.1816892623901367,-2.908567428588867,-1.3452205657958984,-2.2635507583618164,120,2,4,4,1,10,regular_4_ops
D,D_R_43222,chck_100M,43222,R,entity_gold_stale_cue_ablation,entityabl:284:regular_4_ops:10,-5.169253826141357,0.331575870513916,-0.12003755569458008,regular,6,10,3.5568318367004395,-1.612421989440918,3.8884077072143555,3.4367942810058594,131,3,4,4,1,10,regular_4_ops
D,D_R_43222,chck_100M,43222,R,entity_gold_stale_cue_ablation,entityabl:285:regular_4_ops:11,-8.82555103302002,-0.597419261932373,-5.7514567375183105,regular,6,11,2.288123607635498,-6.5374274253845215,1.690704345703125,-3.4633331298828125,134,6,4,4,2,10,regular_4_ops
D,D_R_43222,chck_100M,43222,R,entity_gold_stale_cue_ablation,entityabl:286:regular_4_ops:14,-4.523104906082153,1.2394943237304688,-0.05916023254394531,regular,6,14,-1.5484352111816406,-6.071540117263794,-0.3089408874511719,-1.607595443725586,126,6,4,4,2,10,regular_4_ops
D,D_R_43222,chck_100M,43222,R,entity_gold_stale_cue_ablation,entityabl:287:regular_4_ops:15,0.3424873352050781,-0.071533203125,0.028240203857421875,regular,6,15,0.14662551879882812,0.48911285400390625,0.07509231567382812,0.17486572265625,121,0,4,4,1,10,regular_4_ops
D,D_R_43222,chck_100M,43222,R,entity_gold_stale_cue_ablation,entityabl:288:regular_4_ops:21,-0.7612943649291992,-0.6253795623779297,-0.027946949005126953,regular,6,21,1.2403831481933594,0.47908878326416016,0.6150035858154297,1.2124361991882324,145,0,4,4,1,10,regular_4_ops
D,D_R_43222,chck_100M,43222,R,entity_gold_stale_cue_ablation,entityabl:289:regular_4_ops:23,-14.483736038208008,0.6429204940795898,-4.953210830688477,regular,6,23,5.2674055099487305,-9.216330528259277,5.91032600402832,0.3141946792602539,129,6,4,4,2,10,regular_4_ops
D,D_R_43222,chck_100M,43222,R,entity_gold_stale_cue_ablation,entityabl:28:regular_2_ops:81,-0.8493461608886719,0.966557502746582,0.576228141784668,regular,6,81,-4.95211124420166,-5.801457405090332,-3.985553741455078,-4.375883102416992,148,1,2,2,1,8,regular_2_ops
D,D_R_43222,chck_100M,43222,R,entity_gold_stale_cue_ablation,entityabl:290:regular_4_ops:24,-3.355686664581299,0.16233539581298828,1.056046485900879,regular,6,24,1.8416290283203125,-1.5140576362609863,2.003964424133301,2.8976755142211914,139,0,4,4,1,10,regular_4_ops
D,D_R_43222,chck_100M,43222,R,entity_gold_stale_cue_ablation,entityabl:291:regular_4_ops:29,-1.8209929466247559,2.307237148284912,1.53336763381958,regular,6,29,2.4770894050598145,0.6560964584350586,4.784326553344727,4.0104570388793945,140,2,4,4,1,10,regular_4_ops
D,D_R_43222,chck_100M,43222,R,entity_gold_stale_cue_ablation,entityabl:292:regular_4_ops:34,-2.781351089477539,2.0143165588378906,-0.7541570663452148,regular,6,34,-0.39754199981689453,-3.1788930892944336,1.616774559020996,-1.1516990661621094,137,5,4,4,1,10,regular_4_ops
D,D_R_43222,chck_100M,43222,R,entity_gold_stale_cue_ablation,entityabl:293:regular_4_ops:35,-2.0232057571411133,0.3905668258666992,-0.6513519287109375,regular,6,35,1.1414270401000977,-0.8817787170410156,1.5319938659667969,0.49007511138916016,136,0,4,4,1,10,regular_4_ops
D,D_R_43222,chck_100M,43222,R,entity_gold_stale_cue_ablation,entityabl:294:regular_4_ops:36,-2.597330093383789,0.07053661346435547,0.5956172943115234,regular,6,36,1.9487695693969727,-0.6485605239868164,2.019306182861328,2.544386863708496,136,5,4,4,1,10,regular_4_ops
D,D_R_43222,chck_100M,43222,R,entity_gold_stale_cue_ablation,entityabl:295:regular_4_ops:37,-11.169854164123535,0.8734292984008789,-2.886040687561035,regular,6,37,3.395994186401367,-7.773859977722168,4.269423484802246,0.509953498840332,135,5,4,4,2,10,regular_4_ops
D,D_R_43222,chck_100M,43222,R,entity_gold_stale_cue_ablation,entityabl:296:regular_4_ops:38,-3.357621192932129,0.1979818344116211,-1.0888609886169434,regular,6,38,1.6482257843017578,-1.709395408630371,1.846207618713379,0.5593647956848145,125,1,4,4,2,10,regular_4_ops
D,D_R_43222,chck_100M,43222,R,entity_gold_stale_cue_ablation,entityabl:297:regular_4_ops:40,0.7387514114379883,1.2412967681884766,-0.28383827209472656,regular,6,40,-0.24547576904296875,0.49327564239501953,0.9958209991455078,-0.5293140411376953,152,1,4,4,2,10,regular_4_ops
D,D_R_43222,chck_100M,43222,R,entity_gold_stale_cue_ablation,entityabl:298:regular_4_ops:46,-4.87487268447876,1.021918773651123,-1.5773062705993652,regular,6,46,2.5845437049865723,-2.2903289794921875,3.6064624786376953,1.007237434387207,136,3,4,4,1,10,regular_4_ops
D,D_R_43222,chck_100M,43222,R,entity_gold_stale_cue_ablation,entityabl:299:regular_4_ops:47,-4.087353229522705,0.3046445846557617,-0.07379531860351562,regular,6,47,3.619050979614258,-0.46830224990844727,3.9236955642700195,3.545255661010742,135,1,4,4,1,10,regular_4_ops
D,D_R_43222,chck_100M,43222,R,entity_gold_stale_cue_ablation,entityabl:29:regular_2_ops:84,-4.575076103210449,1.3924570083618164,-2.6899871826171875,regular,6,84,-0.45589733123779297,-5.030973434448242,0.9365596771240234,-3.1458845138549805,110,5,2,2,1,8,regular_2_ops
D,D_R_43222,chck_100M,43222,R,entity_gold_stale_cue_ablation,entityabl:2:regular_2_ops:11,-1.0617547035217285,1.0336594581604004,-0.6647815704345703,regular,1,11,-5.567380905151367,-6.629135608673096,-4.533721446990967,-6.2321624755859375,77,1,2,2,1,3,regular_2_ops
D,D_R_43222,chck_100M,43222,R,entity_gold_stale_cue_ablation,entityabl:300:regular_4_ops:49,-2.935330390930176,-0.55450439453125,0.758272647857666,regular,6,49,-5.215163230895996,-8.150493621826172,-5.769667625427246,-4.45689058303833,132,6,4,4,2,10,regular_4_ops
D,D_R_43222,chck_100M,43222,R,entity_gold_stale_cue_ablation,entityabl:301:regular_4_ops:50,-0.22978734970092773,0.3372974395751953,-0.4054732322692871,regular,6,50,1.1102566719055176,0.8804693222045898,1.447554111480713,0.7047834396362305,137,6,4,4,1,10,regular_4_ops
D,D_R_43222,chck_100M,43222,R,entity_gold_stale_cue_ablation,entityabl:302:regular_4_ops:52,0.7792626321315765,1.2548366785049438,-2.2531513273715973,regular,6,52,5.087982773780823,5.867245405912399,6.342819452285767,2.8348314464092255,134,0,4,4,1,10,regular_4_ops
D,D_R_43222,chck_100M,43222,R,entity_gold_stale_cue_ablation,entityabl:303:regular_4_ops:55,-2.067631721496582,0.23998069763183594,-0.13564205169677734,regular,6,55,2.793734550476074,0.7261028289794922,3.03371524810791,2.658092498779297,133,3,4,4,2,10,regular_4_ops
D,D_R_43222,chck_100M,43222,R,entity_gold_stale_cue_ablation,entityabl:304:regular_4_ops:57,-0.12795495986938477,0.4581007957458496,-0.19876623153686523,regular,6,57,-1.1630043983459473,-1.290959358215332,-0.7049036026000977,-1.3617706298828125,118,6,4,4,1,10,regular_4_ops
D,D_R_43222,chck_100M,43222,R,entity_gold_stale_cue_ablation,entityabl:305:regular_4_ops:59,-0.4143543243408203,0.265683650970459,2.2191781997680664,regular,7,59,0.18176794052124023,-0.23258638381958008,0.4474515914916992,2.4009461402893066,129,2,4,4,1,11,regular_4_ops
D,D_R_43222,chck_100M,43222,R,entity_gold_stale_cue_ablation,entityabl:306:regular_4_ops:60,-0.005719661712646484,-1.1557259559631348,-0.43290090560913086,regular,7,60,-5.110456943511963,-5.116176605224609,-6.266182899475098,-5.543357849121094,154,3,4,4,1,11,regular_4_ops
D,D_R_43222,chck_100M,43222,R,entity_gold_stale_cue_ablation,entityabl:307:regular_4_ops:66,-2.254025459289551,0.11370182037353516,-1.1784663200378418,regular,7,66,3.0718603134155273,0.8178348541259766,3.1855621337890625,1.8933939933776855,142,1,4,4,1,11,regular_4_ops
D,D_R_43222,chck_100M,43222,R,entity_gold_stale_cue_ablation,entityabl:308:regular_4_ops:68,-0.3161907196044922,0.3331775665283203,0.7528228759765625,regular,7,68,-2.508458137512207,-2.824648857116699,-2.1752805709838867,-1.7556352615356445,149,5,4,4,1,11,regular_4_ops
D,D_R_43222,chck_100M,43222,R,entity_gold_stale_cue_ablation,entityabl:309:regular_4_ops:74,-0.21163368225097656,0.7036952972412109,0.07107734680175781,regular,7,74,-2.846895217895508,-3.0585289001464844,-2.143199920654297,-2.77581787109375,126,2,4,4,1,11,regular_4_ops
D,D_R_43222,chck_100M,43222,R,entity_gold_stale_cue_ablation,entityabl:30:regular_2_ops:88,-1.7644243240356445,-1.0439186096191406,-1.011479377746582,regular,6,88,-2.084048271179199,-3.8484725952148438,-3.12796688079834,-3.0955276489257812,105,3,2,2,1,8,regular_2_ops
D,D_R_43222,chck_100M,43222,R,entity_gold_stale_cue_ablation,entityabl:310:regular_4_ops:75,-0.8216543197631836,-0.6043968200683594,-0.591306209564209,regular,7,75,1.2181377410888672,0.3964834213256836,0.6137409210205078,0.6268315315246582,125,0,4,4,2,11,regular_4_ops
D,D_R_43222,chck_100M,43222,R,entity_gold_stale_cue_ablation,entityabl:311:regular_4_ops:76,-4.452754974365234,0.48311376571655273,-0.055871009826660156,regular,7,76,3.854045867919922,-0.5987091064453125,4.337159633636475,3.7981748580932617,137,3,4,4,1,11,regular_4_ops
D,D_R_43222,chck_100M,43222,R,entity_gold_stale_cue_ablation,entityabl:312:regular_4_ops:77,-1.9892330169677734,0.3594093322753906,-0.5925111770629883,regular,7,77,1.461343765258789,-0.5278892517089844,1.8207530975341797,0.8688325881958008,127,2,4,4,2,11,regular_4_ops
D,D_R_43222,chck_100M,43222,R,entity_gold_stale_cue_ablation,entityabl:313:regular_4_ops:80,-6.336230278015137,-0.037845611572265625,-4.867715835571289,regular,7,80,1.2032546997070312,-5.1329755783081055,1.1654090881347656,-3.664461135864258,146,6,4,4,2,11,regular_4_ops
D,D_R_43222,chck_100M,43222,R,entity_gold_stale_cue_ablation,entityabl:314:regular_4_ops:82,-3.5897786617279053,1.110245704650879,0.6598882675170898,regular,7,82,-2.124100685119629,-5.713879346847534,-1.01385498046875,-1.464212417602539,138,6,4,4,2,11,regular_4_ops
D,D_R_43222,chck_100M,43222,R,entity_gold_stale_cue_ablation,entityabl:315:regular_4_ops:89,-0.24259042739868164,0.1664409637451172,-0.18903446197509766,regular,7,89,1.4661064147949219,1.2235159873962402,1.632547378540039,1.2770719528198242,151,0,4,4,1,11,regular_4_ops
D,D_R_43222,chck_100M,43222,R,entity_gold_stale_cue_ablation,entityabl:316:regular_4_ops:91,-0.05834758281707764,-0.24903059005737305,-0.08131617307662964,regular,7,91,3.305944800376892,3.2475972175598145,3.056914210319519,3.2246286273002625,161,1,4,4,1,11,regular_4_ops
D,D_R_43222,chck_100M,43222,R,entity_gold_stale_cue_ablation,entityabl:317:regular_4_ops:93,-2.280856132507324,0.4768362045288086,-1.6995658874511719,regular,7,93,0.2043285369873047,-2.0765275955200195,0.6811647415161133,-1.4952373504638672,143,3,4,4,2,11,regular_4_ops
D,D_R_43222,chck_100M,43222,R,entity_gold_stale_cue_ablation,entityabl:318:regular_4_ops:95,-11.126106977462769,0.5903291702270508,-4.551631927490234,regular,7,95,3.9434127807617188,-7.18269419670105,4.5337419509887695,-0.6082191467285156,135,6,4,4,2,11,regular_4_ops
D,D_R_43222,chck_100M,43222,R,entity_gold_stale_cue_ablation,entityabl:319:regular_4_ops:96,-4.894038200378418,1.2248210906982422,1.074643611907959,regular,7,96,3.927865982055664,-0.9661722183227539,5.152687072753906,5.002509593963623,146,3,4,4,1,11,regular_4_ops
D,D_R_43222,chck_100M,43222,R,entity_gold_stale_cue_ablation,entityabl:31:regular_2_ops:91,-2.2427258491516113,1.9456076622009277,-0.7757759094238281,regular,6,91,-1.8647561073303223,-4.107481956481934,0.08085155487060547,-2.6405320167541504,122,3,2,2,1,8,regular_2_ops
D,D_R_43222,chck_100M,43222,R,entity_gold_stale_cue_ablation,entityabl:320:regular_4_ops:97,-3.9494223594665527,0.4584941864013672,0.7757854461669922,regular,7,97,1.232168197631836,-2.717254161834717,1.6906623840332031,2.007953643798828,151,0,4,4,1,11,regular_4_ops
D,D_R_43222,chck_100M,43222,R,entity_gold_stale_cue_ablation,entityabl:321:regular_4_ops:99,-1.94277024269104,0.44417428970336914,-0.41654157638549805,regular,7,99,-0.6238532066345215,-2.5666234493255615,-0.17967891693115234,-1.0403947830200195,149,4,4,4,1,11,regular_4_ops
D,D_R_43222,chck_100M,43222,R,entity_gold_stale_cue_ablation,entityabl:322:regular_4_ops:106,-1.5661735534667969,2.7160463333129883,0.6736211776733398,regular,7,106,1.9704971313476562,0.4043235778808594,4.6865434646606445,2.644118309020996,149,2,4,4,1,11,regular_4_ops
D,D_R_43222,chck_100M,43222,R,entity_gold_stale_cue_ablation,entityabl:323:regular_4_ops:113,-1.2495031356811523,-0.07375431060791016,-0.540013313293457,regular,7,113,-1.4379510879516602,-2.6874542236328125,-1.5117053985595703,-1.9779644012451172,139,6,4,4,1,11,regular_4_ops
D,D_R_43222,chck_100M,43222,R,entity_gold_stale_cue_ablation,entityabl:324:regular_4_ops:115,-5.597888946533203,0.023046493530273438,-4.625292778015137,regular,7,115,-0.8213577270507812,-6.419246673583984,-0.7983112335205078,-5.446650505065918,151,3,4,4,2,11,regular_4_ops
D,D_R_43222,chck_100M,43222,R,entity_gold_stale_cue_ablation,entityabl:325:regular_4_ops:116,-0.7353496551513672,0.3251190185546875,0.02287578582763672,regular,7,116,0.31507110595703125,-0.42027854919433594,0.6401901245117188,0.33794689178466797,142,0,4,4,1,11,regular_4_ops
D,D_R_43222,chck_100M,43222,R,entity_gold_stale_cue_ablation,entityabl:326:regular_4_ops:117,-3.2091903686523438,-0.11534595489501953,0.2776927947998047,regular,7,117,2.2409114837646484,-0.9682788848876953,2.125565528869629,2.518604278564453,142,5,4,4,1,11,regular_4_ops
D,D_R_43222,chck_100M,43222,R,entity_gold_stale_cue_ablation,entityabl:327:regular_4_ops:119,-5.640384197235107,1.2898712158203125,-3.487579345703125,regular,7,119,2.7358455657958984,-2.904538631439209,4.025716781616211,-0.7517337799072266,141,5,4,4,2,11,regular_4_ops
D,D_R_43222,chck_100M,43222,R,entity_gold_stale_cue_ablation,entityabl:328:regular_4_ops:121,0.15380191802978516,0.9531221389770508,-0.39436960220336914,regular,7,121,-0.19878482818603516,-0.04498291015625,0.7543373107910156,-0.5931544303894043,161,1,4,4,2,11,regular_4_ops
D,D_R_43222,chck_100M,43222,R,entity_gold_stale_cue_ablation,entityabl:329:regular_4_ops:122,-5.466365814208984,1.7588410377502441,0.8247795104980469,regular,7,122,2.9574642181396484,-2.508901596069336,4.716305255889893,3.7822437286376953,137,3,4,4,1,11,regular_4_ops
D,D_R_43222,chck_100M,43222,R,entity_gold_stale_cue_ablation,entityabl:32:regular_2_ops:92,0.3199129104614258,2.972707748413086,-1.0004587173461914,regular,6,92,-2.2245969772338867,-1.904684066772461,0.7481107711791992,-3.225055694580078,116,6,2,2,1,8,regular_2_ops
D,D_R_43222,chck_100M,43222,R,entity_gold_stale_cue_ablation,entityabl:330:regular_4_ops:127,-5.006861209869385,2.2869768142700195,-1.875105857849121,regular,7,127,2.172811508178711,-2.834049701690674,4.4597883224487305,0.29770565032958984,145,3,4,4,1,11,regular_4_ops
D,D_R_43222,chck_100M,43222,R,entity_gold_stale_cue_ablation,entityabl:331:regular_4_ops:128,-4.083766460418701,0.38249874114990234,-0.25644874572753906,regular,7,128,3.2574329376220703,-0.8263335227966309,3.6399316787719727,3.0009841918945312,141,1,4,4,1,11,regular_4_ops
D,D_R_43222,chck_100M,43222,R,entity_gold_stale_cue_ablation,entityabl:332:regular_4_ops:133,-2.9777965545654297,0.8580045700073242,0.07448196411132812,regular,7,133,0.6788330078125,-2.2989635467529297,1.5368375778198242,0.7533149719238281,145,2,4,4,1,11,regular_4_ops
D,D_R_43222,chck_100M,43222,R,entity_gold_stale_cue_ablation,entityabl:333:regular_4_ops:134,-6.998266220092773,0.8290843963623047,0.6354036331176758,regular,7,134,-2.5734519958496094,-9.571718215942383,-1.7443675994873047,-1.9380483627319336,151,5,4,4,1,11,regular_4_ops
D,D_R_43222,chck_100M,43222,R,entity_gold_stale_cue_ablation,entityabl:334:regular_4_ops:136,-2.685466766357422,-0.42311620712280273,0.9089484214782715,regular,7,136,-4.514571666717529,-7.200038433074951,-4.937687873840332,-3.605623245239258,141,6,4,4,2,11,regular_4_ops
D,D_R_43222,chck_100M,43222,R,entity_gold_stale_cue_ablation,entityabl:335:regular_4_ops:137,-0.5932650566101074,0.1914386749267578,-0.21213102340698242,regular,7,137,1.3008475303649902,0.7075824737548828,1.492286205291748,1.0887165069580078,143,6,4,4,1,11,regular_4_ops
D,D_R_43222,chck_100M,43222,R,entity_gold_stale_cue_ablation,entityabl:336:regular_4_ops:140,-3.229396775364876,3.093877136707306,1.8027711808681488,regular,7,140,3.9074108004570007,0.6780140250921249,7.001287937164307,5.7101819813251495,140,0,4,4,1,11,regular_4_ops
D,D_R_43222,chck_100M,43222,R,entity_gold_stale_cue_ablation,entityabl:337:regular_4_ops:142,-5.059564113616943,-0.21259832382202148,-0.5546765327453613,regular,7,142,-4.479382514953613,-9.538946628570557,-4.691980838775635,-5.034059047698975,133,6,4,4,1,11,regular_4_ops
D,D_R_43222,chck_100M,43222,R,entity_gold_stale_cue_ablation,entityabl:338:regular_4_ops:144,-1.878570556640625,0.38561534881591797,-0.2596397399902344,regular,7,144,2.8152170181274414,0.9366464614868164,3.2008323669433594,2.555577278137207,142,3,4,4,2,11,regular_4_ops
D,D_R_43222,chck_100M,43222,R,entity_gold_stale_cue_ablation,entityabl:339:regular_4_ops:145,-1.3611392974853516,0.12204360961914062,0.15204715728759766,regular,7,145,2.173529624938965,0.8123903274536133,2.2955732345581055,2.3255767822265625,151,4,4,4,1,11,regular_4_ops
D,D_R_43222,chck_100M,43222,R,entity_gold_stale_cue_ablation,entityabl:33:regular_2_ops:93,-0.9796581268310547,0.2947235107421875,0.4082479476928711,regular,6,93,1.0952415466308594,0.11558341979980469,1.3899650573730469,1.5034894943237305,104,3,2,2,1,8,regular_2_ops
D,D_R_43222,chck_100M,43222,R,entity_gold_stale_cue_ablation,entityabl:340:regular_4_ops:149,-2.0481624603271484,0.7898306846618652,2.0700502395629883,regular,8,149,-0.28612804412841797,-2.3342905044555664,0.5037026405334473,1.7839221954345703,138,2,4,4,1,12,regular_4_ops
D,D_R_43222,chck_100M,43222,R,entity_gold_stale_cue_ablation,entityabl:341:regular_4_ops:150,-0.9447746276855469,-0.10343647003173828,-1.2272710800170898,regular,8,150,-1.8773298263549805,-2.8221044540405273,-1.9807662963867188,-3.1046009063720703,163,3,4,4,1,12,regular_4_ops
D,D_R_43222,chck_100M,43222,R,entity_gold_stale_cue_ablation,entityabl:342:regular_4_ops:154,-6.883492112159729,2.6353487968444824,1.578117847442627,regular,8,154,1.9403104782104492,-4.94318163394928,4.575659275054932,3.518428325653076,153,6,4,4,2,12,regular_4_ops
D,D_R_43222,chck_100M,43222,R,entity_gold_stale_cue_ablation,entityabl:343:regular_4_ops:155,-3.1566457748413086,0.44367122650146484,-2.155181884765625,regular,8,155,1.8042564392089844,-1.3523893356323242,2.247927665710449,-0.3509254455566406,161,4,4,4,1,12,regular_4_ops
D,D_R_43222,chck_100M,43222,R,entity_gold_stale_cue_ablation,entityabl:344:regular_4_ops:156,-4.366084098815918,1.1704492568969727,0.494537353515625,regular,8,156,2.4615354537963867,-1.9045486450195312,3.6319847106933594,2.9560728073120117,142,3,4,4,2,12,regular_4_ops
D,D_R_43222,chck_100M,43222,R,entity_gold_stale_cue_ablation,entityabl:345:regular_4_ops:158,-0.33994388580322266,0.6867313385009766,0.0585017204284668,regular,8,158,1.8324995040893555,1.4925556182861328,2.519230842590332,1.8910012245178223,155,2,4,4,1,12,regular_4_ops
D,D_R_43222,chck_100M,43222,R,entity_gold_stale_cue_ablation,entityabl:346:regular_4_ops:163,0.04974842071533203,0.7580757141113281,0.44080162048339844,regular,8,163,-2.697599411010742,-2.64785099029541,-1.939523696899414,-2.2567977905273438,155,5,4,4,1,12,regular_4_ops
D,D_R_43222,chck_100M,43222,R,entity_gold_stale_cue_ablation,entityabl:347:regular_4_ops:171,-1.735750675201416,0.2739372253417969,-1.2568058967590332,regular,8,171,-0.2710838317871094,-2.0068345069885254,0.0028533935546875,-1.5278897285461426,142,1,4,4,2,12,regular_4_ops
D,D_R_43222,chck_100M,43222,R,entity_gold_stale_cue_ablation,entityabl:348:regular_4_ops:172,-1.5562734603881836,0.610753059387207,0.013848304748535156,regular,8,172,0.4231386184692383,-1.1331348419189453,1.0338916778564453,0.43698692321777344,133,2,4,4,2,12,regular_4_ops
D,D_R_43222,chck_100M,43222,R,entity_gold_stale_cue_ablation,entityabl:349:regular_4_ops:174,-4.456162929534912,0.6824355125427246,-3.1506104469299316,regular,8,174,-0.3297133445739746,-4.785876274108887,0.35272216796875,-3.4803237915039062,155,6,4,4,2,12,regular_4_ops
D,D_R_43222,chck_100M,43222,R,entity_gold_stale_cue_ablation,entityabl:34:regular_2_ops:95,-2.1596431732177734,0.5956640243530273,-1.0642814636230469,regular,6,95,-0.48955821990966797,-2.6492013931274414,0.10610580444335938,-1.5538396835327148,130,3,2,2,1,8,regular_2_ops
D,D_R_43222,chck_100M,43222,R,entity_gold_stale_cue_ablation,entityabl:350:regular_4_ops:176,-1.818099021911621,0.9897823333740234,0.32363033294677734,regular,8,176,-2.160795211791992,-3.9788942337036133,-1.1710128784179688,-1.8371648788452148,144,6,4,4,2,12,regular_4_ops
D,D_R_43222,chck_100M,43222,R,entity_gold_stale_cue_ablation,entityabl:351:regular_4_ops:184,-0.9114460945129395,0.2085886001586914,-0.8704967498779297,regular,8,184,1.8323297500610352,0.9208836555480957,2.0409183502197266,0.9618330001831055,160,0,4,4,1,12,regular_4_ops
D,D_R_43222,chck_100M,43222,R,entity_gold_stale_cue_ablation,entityabl:352:regular_4_ops:187,-3.645191192626953,-0.4292731285095215,-3.31209135055542,regular,8,187,3.880094528198242,0.23490333557128906,3.4508213996887207,0.5680031776428223,148,1,4,4,1,12,regular_4_ops
D,D_R_43222,chck_100M,43222,R,entity_gold_stale_cue_ablation,entityabl:353:regular_4_ops:189,0.257669061422348,-0.3022519648075104,0.18727707862854004,regular,8,189,2.939432829618454,3.197101891040802,2.6371808648109436,3.126709908246994,170,1,4,4,1,12,regular_4_ops
D,D_R_43222,chck_100M,43222,R,entity_gold_stale_cue_ablation,entityabl:354:regular_4_ops:193,-3.018038034439087,1.0267057418823242,-1.338017463684082,regular,8,193,0.20278596878051758,-2.8152520656585693,1.2294917106628418,-1.1352314949035645,152,3,4,4,2,12,regular_4_ops
D,D_R_43222,chck_100M,43222,R,entity_gold_stale_cue_ablation,entityabl:355:regular_4_ops:195,-8.224318027496338,0.3865799903869629,-3.512901782989502,regular,8,195,2.7024474143981934,-5.5218706130981445,3.0890274047851562,-0.8104543685913086,141,6,4,4,2,12,regular_4_ops
D,D_R_43222,chck_100M,43222,R,entity_gold_stale_cue_ablation,entityabl:356:regular_4_ops:196,-2.184272289276123,1.7704882621765137,0.7353134155273438,regular,8,196,2.6283435821533203,0.44407129287719727,4.398831844329834,3.363656997680664,155,3,4,4,1,12,regular_4_ops
D,D_R_43222,chck_100M,43222,R,entity_gold_stale_cue_ablation,entityabl:357:regular_4_ops:197,-2.780979633331299,0.635319709777832,0.482757568359375,regular,8,197,0.9811468124389648,-1.799832820892334,1.6164665222167969,1.4639043807983398,157,0,4,4,1,12,regular_4_ops
D,D_R_43222,chck_100M,43222,R,entity_gold_stale_cue_ablation,entityabl:358:regular_4_ops:199,-1.2530367374420166,0.5830545425415039,0.41016387939453125,regular,8,199,-1.189438819885254,-2.4424755573272705,-0.60638427734375,-0.7792749404907227,155,4,4,4,1,12,regular_4_ops
D,D_R_43222,chck_100M,43222,R,entity_gold_stale_cue_ablation,entityabl:359:regular_4_ops:201,-2.0531511306762695,0.7836236953735352,0.05512714385986328,regular,8,201,-2.176342010498047,-4.229493141174316,-1.3927183151245117,-2.1212148666381836,157,5,4,4,2,12,regular_4_ops
D,D_R_43222,chck_100M,43222,R,entity_gold_stale_cue_ablation,entityabl:35:regular_2_ops:97,-1.586442470550537,0.18955278396606445,-0.5469450950622559,regular,6,97,-5.006743907928467,-6.593186378479004,-4.817191123962402,-5.553689002990723,122,1,2,2,1,8,regular_2_ops
D,D_R_43222,chck_100M,43222,R,entity_gold_stale_cue_ablation,entityabl:360:regular_4_ops:203,-1.0395898818969727,-0.001071929931640625,-0.6797103881835938,regular,8,203,1.3258171081542969,0.2862272262573242,1.3247451782226562,0.6461067199707031,148,2,4,4,2,12,regular_4_ops
D,D_R_43222,chck_100M,43222,R,entity_gold_stale_cue_ablation,entityabl:361:regular_4_ops:208,-1.6475915908813477,1.8336353302001953,1.6685161590576172,regular,8,208,2.2460737228393555,0.5984821319580078,4.079709053039551,3.9145898818969727,158,2,4,4,1,12,regular_4_ops
D,D_R_43222,chck_100M,43222,R,entity_gold_stale_cue_ablation,entityabl:362:regular_4_ops:215,-0.9141411781311035,1.5163626670837402,-0.832939624786377,regular,8,215,0.2062821388244629,-0.7078590393066406,1.7226448059082031,-0.6266574859619141,151,6,4,4,1,12,regular_4_ops
D,D_R_43222,chck_100M,43222,R,entity_gold_stale_cue_ablation,entityabl:363:regular_4_ops:218,-1.2005043029785156,-0.18487262725830078,-0.6606483459472656,regular,8,218,-1.4852275848388672,-2.685731887817383,-1.670100212097168,-2.145875930786133,145,6,4,4,1,12,regular_4_ops
D,D_R_43222,chck_100M,43222,R,entity_gold_stale_cue_ablation,entityabl:364:regular_4_ops:220,-1.4003562927246094,0.8173437118530273,-1.1228437423706055,regular,8,220,-2.261467933654785,-3.6618242263793945,-1.4441242218017578,-3.3843116760253906,132,2,4,4,1,12,regular_4_ops
D,D_R_43222,chck_100M,43222,R,entity_gold_stale_cue_ablation,entityabl:365:regular_4_ops:221,-7.649665832519531,-0.28777313232421875,-6.037727355957031,regular,8,221,1.3279762268066406,-6.321689605712891,1.0402030944824219,-4.709751129150391,157,3,4,4,2,12,regular_4_ops
D,D_R_43222,chck_100M,43222,R,entity_gold_stale_cue_ablation,entityabl:366:regular_4_ops:222,-0.9293575286865234,0.7078533172607422,1.1632957458496094,regular,8,222,-0.4306182861328125,-1.359975814819336,0.2772350311279297,0.7326774597167969,157,4,4,4,1,12,regular_4_ops
D,D_R_43222,chck_100M,43222,R,entity_gold_stale_cue_ablation,entityabl:367:regular_4_ops:226,-2.751511573791504,-0.04998970031738281,-0.1403207778930664,regular,8,226,2.231764793395996,-0.5197467803955078,2.1817750930786133,2.0914440155029297,151,5,4,4,1,12,regular_4_ops
D,D_R_43222,chck_100M,43222,R,entity_gold_stale_cue_ablation,entityabl:368:regular_4_ops:228,-5.3073649406433105,1.630171298980713,-2.8036022186279297,regular,8,228,1.420736312866211,-3.8866286277770996,3.050907611846924,-1.3828659057617188,150,5,4,4,2,12,regular_4_ops
D,D_R_43222,chck_100M,43222,R,entity_gold_stale_cue_ablation,entityabl:369:regular_4_ops:230,0.7880620956420898,0.8956432342529297,0.1511831283569336,regular,8,230,-0.680485725402832,0.10757637023925781,0.21515750885009766,-0.5293025970458984,170,1,4,4,2,12,regular_4_ops
D,D_R_43222,chck_100M,43222,R,entity_gold_stale_cue_ablation,entityabl:36:regular_2_ops:98,-0.5571908950805664,0.7639055252075195,-0.5231161117553711,regular,6,98,-2.351376533508301,-2.908567428588867,-1.5874710083007812,-2.874492645263672,108,2,2,2,1,8,regular_2_ops
D,D_R_43222,chck_100M,43222,R,entity_gold_stale_cue_ablation,entityabl:370:regular_4_ops:233,-6.704917907714844,2.0096864700317383,-0.11892890930175781,regular,8,233,3.5384769439697266,-3.166440963745117,5.548163414001465,3.4195480346679688,143,3,4,4,1,12,regular_4_ops
D,D_R_43222,chck_100M,43222,R,entity_gold_stale_cue_ablation,entityabl:371:regular_4_ops:240,-5.726217031478882,1.9802980422973633,-2.9490394592285156,regular,8,240,2.657660484313965,-3.068556547164917,4.637958526611328,-0.2913789749145508,151,3,4,4,1,12,regular_4_ops
D,D_R_43222,chck_100M,43222,R,entity_gold_stale_cue_ablation,entityabl:372:regular_4_ops:241,-4.059211730957031,0.8654689788818359,-0.029176712036132812,regular,8,241,2.575237274169922,-1.4839744567871094,3.440706253051758,2.546060562133789,150,1,4,4,1,12,regular_4_ops
D,D_R_43222,chck_100M,43222,R,entity_gold_stale_cue_ablation,entityabl:373:regular_4_ops:243,-5.279551029205322,1.5111289024353027,-1.7652645111083984,regular,8,243,3.4704651832580566,-1.8090858459472656,4.981594085693359,1.7052006721496582,145,5,4,4,2,12,regular_4_ops
D,D_R_43222,chck_100M,43222,R,entity_gold_stale_cue_ablation,entityabl:374:regular_4_ops:246,-5.447530746459961,0.4125223159790039,0.5714902877807617,regular,8,246,-3.080698013305664,-8.528228759765625,-2.66817569732666,-2.5092077255249023,163,5,4,4,1,12,regular_4_ops
D,D_R_43222,chck_100M,43222,R,entity_gold_stale_cue_ablation,entityabl:375:regular_4_ops:248,-1.5738415718078613,0.20393896102905273,1.4410219192504883,regular,8,248,-4.223587512969971,-5.797429084777832,-4.019648551940918,-2.7825655937194824,147,6,4,4,2,12,regular_4_ops
D,D_R_43222,chck_100M,43222,R,entity_gold_stale_cue_ablation,entityabl:376:regular_4_ops:250,-0.6634774208068848,0.41291236877441406,-0.20758533477783203,regular,8,250,1.0075769424438477,0.3440995216369629,1.4204893112182617,0.7999916076660156,152,6,4,4,1,12,regular_4_ops
D,D_R_43222,chck_100M,43222,R,entity_gold_stale_cue_ablation,entityabl:377:regular_4_ops:251,1.016612708568573,2.290353760123253,0.5866440087556839,regular,8,251,4.286718562245369,5.303331270813942,6.577072322368622,4.873362571001053,149,0,4,4,1,12,regular_4_ops
D,D_R_43222,chck_100M,43222,R,entity_gold_stale_cue_ablation,entityabl:378:regular_4_ops:254,-1.3288450241088867,0.5239019393920898,0.013547897338867188,regular,8,254,3.0617218017578125,1.7328767776489258,3.5856237411499023,3.0752696990966797,148,3,4,4,2,12,regular_4_ops
D,D_R_43222,chck_100M,43222,R,entity_gold_stale_cue_ablation,entityabl:379:regular_4_ops:255,-1.1590251922607422,-0.005286216735839844,-0.08408260345458984,regular,8,255,2.4498472213745117,1.2908220291137695,2.444561004638672,2.365764617919922,157,4,4,4,1,12,regular_4_ops
D,D_R_43222,chck_100M,43222,R,entity_gold_stale_cue_ablation,entityabl:37:regular_2_ops:99,0.6844825744628906,-0.49112415313720703,-0.7912940979003906,regular,6,99,-0.5933685302734375,0.09111404418945312,-1.0844926834106445,-1.3846626281738281,100,2,2,2,1,8,regular_2_ops
D,D_R_43222,chck_100M,43222,R,entity_gold_stale_cue_ablation,entityabl:380:regular_4_ops:256,-8.433241978287697,1.168994963169098,-3.4662602096796036,regular,8,256,-2.0265960097312927,-10.45983798801899,-0.8576010465621948,-5.492856219410896,170,4,4,4,2,12,regular_4_ops
D,D_R_43222,chck_100M,43222,R,entity_gold_stale_cue_ablation,entityabl:381:regular_4_ops:261,-1.0887961387634277,0.7961254119873047,-0.2502737045288086,regular,8,261,-1.3286323547363281,-2.417428493499756,-0.5325069427490234,-1.5789060592651367,161,4,4,4,1,12,regular_4_ops
D,D_R_43222,chck_100M,43222,R,entity_gold_stale_cue_ablation,entityabl:382:regular_4_ops:262,-2.150482177734375,0.551844596862793,1.7552876472473145,regular,5,262,-0.013903617858886719,-2.1643857955932617,0.5379409790039062,1.7413840293884277,117,2,4,4,1,9,regular_4_ops
D,D_R_43222,chck_100M,43222,R,entity_gold_stale_cue_ablation,entityabl:383:regular_4_ops:267,-8.252774715423584,0.7102928161621094,-0.8379526138305664,regular,5,267,5.8486785888671875,-2.4040961265563965,6.558971405029297,5.010725975036621,128,4,4,4,2,9,regular_4_ops
D,D_R_43222,chck_100M,43222,R,entity_gold_stale_cue_ablation,entityabl:384:regular_4_ops:271,-4.833765983581543,1.6284875869750977,-2.2667393684387207,regular,5,271,0.2587757110595703,-4.574990272521973,1.887263298034668,-2.0079636573791504,138,0,4,4,1,9,regular_4_ops
D,D_R_43222,chck_100M,43222,R,entity_gold_stale_cue_ablation,entityabl:385:regular_4_ops:272,0.5071344375610352,0.12831401824951172,0.0006666183471679688,regular,5,272,0.14096736907958984,0.648101806640625,0.26928138732910156,0.1416339874267578,115,0,4,4,1,9,regular_4_ops
D,D_R_43222,chck_100M,43222,R,entity_gold_stale_cue_ablation,entityabl:386:regular_4_ops:276,-1.396277904510498,1.652623176574707,-1.1066255569458008,regular,5,276,-1.6271238327026367,-3.0234017372131348,0.025499343872070312,-2.7337493896484375,117,0,4,4,1,9,regular_4_ops
D,D_R_43222,chck_100M,43222,R,entity_gold_stale_cue_ablation,entityabl:387:regular_4_ops:278,-0.8334112167358398,-0.46898412704467773,-0.26073169708251953,regular,5,278,0.543339729309082,-0.2900714874267578,0.0743556022644043,0.2826080322265625,139,0,4,4,1,9,regular_4_ops
D,D_R_43222,chck_100M,43222,R,entity_gold_stale_cue_ablation,entityabl:388:regular_4_ops:292,-1.2327871322631836,0.20700550079345703,-0.04035186767578125,regular,5,292,-2.0688953399658203,-3.301682472229004,-1.8618898391723633,-2.1092472076416016,126,1,4,4,1,9,regular_4_ops
D,D_R_43222,chck_100M,43222,R,entity_gold_stale_cue_ablation,entityabl:389:regular_4_ops:294,-2.804591178894043,0.38175249099731445,-1.2745695114135742,regular,5,294,1.431614875793457,-1.372976303100586,1.8133673667907715,0.1570453643798828,127,0,4,4,1,9,regular_4_ops
D,D_R_43222,chck_100M,43222,R,entity_gold_stale_cue_ablation,entityabl:38:regular_2_ops:100,0.8762040138244629,3.7916994094848633,2.6629767417907715,regular,6,100,-1.3006906509399414,-0.4244866371154785,2.491008758544922,1.36228609085083,143,1,2,2,1,8,regular_2_ops
D,D_R_43222,chck_100M,43222,R,entity_gold_stale_cue_ablation,entityabl:390:regular_4_ops:295,-4.839513540267944,-1.2735977172851562,1.0076789855957031,regular,5,295,2.785557746887207,-2.0539557933807373,1.5119600296020508,3.79323673248291,149,4,4,4,1,9,regular_4_ops
D,D_R_43222,chck_100M,43222,R,entity_gold_stale_cue_ablation,entityabl:391:regular_4_ops:296,-3.403061866760254,-0.02136516571044922,-1.0675020217895508,regular,5,296,-1.3347530364990234,-4.737814903259277,-1.3561182022094727,-2.402255058288574,119,1,4,4,2,9,regular_4_ops
D,D_R_43222,chck_100M,43222,R,entity_gold_stale_cue_ablation,entityabl:392:regular_4_ops:305,0.4997210204601288,2.7260391414165497,0.4514222741127014,regular,5,305,3.5820291340351105,4.081750154495239,6.30806827545166,4.033451408147812,128,0,4,4,1,9,regular_4_ops
D,D_R_43222,chck_100M,43222,R,entity_gold_stale_cue_ablation,entityabl:393:regular_4_ops:308,-0.5679454803466797,0.12001800537109375,-0.4058542251586914,regular,5,308,0.1134185791015625,-0.4545269012451172,0.23343658447265625,-0.2924356460571289,109,6,4,4,1,9,regular_4_ops
D,D_R_43222,chck_100M,43222,R,entity_gold_stale_cue_ablation,entityabl:394:regular_4_ops:309,2.5298609733581543,0.8769440650939941,-1.0278263092041016,regular,2,309,0.9235057830810547,3.453366756439209,1.8004498481750488,-0.10432052612304688,113,0,4,4,1,6,regular_4_ops
D,D_R_43222,chck_100M,43222,R,entity_gold_stale_cue_ablation,entityabl:395:regular_4_ops:312,-7.393541768193245,2.068150043487549,-0.04085254669189453,regular,2,312,-3.4220757484436035,-10.815617516636848,-1.3539257049560547,-3.462928295135498,108,6,4,4,1,6,regular_4_ops
D,D_R_43222,chck_100M,43222,R,entity_gold_stale_cue_ablation,entityabl:396:regular_4_ops:321,-0.5915305614471436,0.42321109771728516,-0.3597755432128906,regular,3,321,3.166043281555176,2.5745127201080322,3.589254379272461,2.806267738342285,128,3,4,4,2,7,regular_4_ops
D,D_R_43222,chck_100M,43222,R,entity_gold_stale_cue_ablation,entityabl:397:regular_4_ops:324,-0.18906879425048828,1.9724688529968262,0.3803281784057617,regular,3,324,-0.5070343017578125,-0.6961030960083008,1.4654345512390137,-0.12670612335205078,117,0,4,4,1,7,regular_4_ops
D,D_R_43222,chck_100M,43222,R,entity_gold_stale_cue_ablation,entityabl:398:regular_4_ops:326,-7.734335578978062,0.9649925231933594,-0.8528690338134766,regular,3,326,-2.6407899856567383,-10.3751255646348,-1.675797462463379,-3.493659019470215,114,6,4,4,1,7,regular_4_ops
D,D_R_43222,chck_100M,43222,R,entity_gold_stale_cue_ablation,entityabl:399:regular_4_ops:330,-1.6507530212402344,1.0991945266723633,-0.1263904571533203,regular,3,330,0.24429607391357422,-1.4064569473266602,1.3434906005859375,0.1179056167602539,93,4,4,4,1,7,regular_4_ops
D,D_R_43222,chck_100M,43222,R,entity_gold_stale_cue_ablation,entityabl:39:regular_2_ops:106,-0.6369318962097168,0.6498332023620605,-0.8087811470031738,regular,6,106,4.772334575653076,4.135402679443359,5.422167778015137,3.9635534286499023,143,2,2,2,1,8,regular_2_ops
D,D_R_43222,chck_100M,43222,R,entity_gold_stale_cue_ablation,entityabl:3:regular_2_ops:13,-5.413615942001343,1.0932302474975586,-1.4285154342651367,regular,1,13,-1.004302978515625,-6.417918920516968,0.0889272689819336,-2.4328184127807617,74,3,2,2,1,3,regular_2_ops
D,D_R_43222,chck_100M,43222,R,entity_gold_stale_cue_ablation,entityabl:400:regular_4_ops:334,-2.5716733932495117,0.4050774574279785,-0.6052441596984863,regular,3,334,2.556199550628662,-0.01547384262084961,2.9612770080566406,1.9509553909301758,94,5,4,4,2,7,regular_4_ops
D,D_R_43222,chck_100M,43222,R,entity_gold_stale_cue_ablation,entityabl:401:regular_4_ops:336,-3.918675661087036,-0.33115148544311523,-2.8066232204437256,regular,3,336,-1.30415678024292,-5.222832441329956,-1.6353082656860352,-4.1107800006866455,107,1,4,4,2,7,regular_4_ops
D,D_R_43222,chck_100M,43222,R,entity_gold_stale_cue_ablation,entityabl:402:regular_4_ops:342,-1.860623113811016,1.443010836839676,0.7611455023288727,regular,3,342,2.6306478679180145,0.7700247541069984,4.07365870475769,3.391793370246887,110,0,4,4,1,7,regular_4_ops
D,D_R_43222,chck_100M,43222,R,entity_gold_stale_cue_ablation,entityabl:403:regular_4_ops:346,-11.411301612854004,0.04445934295654297,1.9539175033569336,regular,4,346,2.424506187438965,-8.986795425415039,2.468965530395508,4.378423690795898,111,1,4,4,1,8,regular_4_ops
D,D_R_43222,chck_100M,43222,R,entity_gold_stale_cue_ablation,entityabl:404:regular_4_ops:349,-1.4326081275939941,1.8972606658935547,0.3340268135070801,regular,4,349,0.17116498947143555,-1.2614431381225586,2.0684256553649902,0.5051918029785156,123,0,4,4,1,8,regular_4_ops
D,D_R_43222,chck_100M,43222,R,entity_gold_stale_cue_ablation,entityabl:405:regular_4_ops:350,0.6860027313232422,-0.0027971267700195312,-0.06002521514892578,regular,4,350,0.053359031677246094,0.7393617630004883,0.05056190490722656,-0.0066661834716796875,109,0,4,4,1,8,regular_4_ops
D,D_R_43222,chck_100M,43222,R,entity_gold_stale_cue_ablation,entityabl:406:regular_4_ops:353,-0.5573530197143555,-1.130420207977295,-0.2716550827026367,regular,4,353,-0.041932106018066406,-0.5992851257324219,-1.1723523139953613,-0.3135871887207031,130,0,4,4,1,8,regular_4_ops
D,D_R_43222,chck_100M,43222,R,entity_gold_stale_cue_ablation,entityabl:407:regular_4_ops:362,-1.344254493713379,0.5164890289306641,0.24730491638183594,regular,4,362,-2.354254722595215,-3.6985092163085938,-1.8377656936645508,-2.106949806213379,117,1,4,4,1,8,regular_4_ops
D,D_R_43222,chck_100M,43222,R,entity_gold_stale_cue_ablation,entityabl:408:regular_4_ops:363,-4.1136698722839355,0.10986948013305664,-3.557453155517578,regular,4,363,2.1480798721313477,-1.965590000152588,2.2579493522644043,-1.4093732833862305,121,0,4,4,1,8,regular_4_ops
D,D_R_43222,chck_100M,43222,R,entity_gold_stale_cue_ablation,entityabl:409:regular_4_ops:365,-5.4976606369018555,-2.753744125366211,-0.9864034652709961,regular,4,365,3.593033790588379,-1.9046268463134766,0.839289665222168,2.606630325317383,140,4,4,4,1,8,regular_4_ops
D,D_R_43222,chck_100M,43222,R,entity_gold_stale_cue_ablation,entityabl:40:regular_2_ops:108,-0.21364402770996094,-0.4171428680419922,0.13901805877685547,regular,6,108,-0.7946157455444336,-1.0082597732543945,-1.2117586135864258,-0.6555976867675781,122,4,2,2,1,8,regular_2_ops
D,D_R_43222,chck_100M,43222,R,entity_gold_stale_cue_ablation,entityabl:410:regular_4_ops:367,-3.606956958770752,0.3381481170654297,-2.3560686111450195,regular,4,367,-1.2236852645874023,-4.830642223358154,-0.8855371475219727,-3.579753875732422,113,1,4,4,2,8,regular_4_ops
D,D_R_43222,chck_100M,43222,R,entity_gold_stale_cue_ablation,entityabl:411:regular_4_ops:377,-0.06179811805486679,0.8752841651439667,-2.497545525431633,regular,4,377,5.045860677957535,4.984062559902668,5.9211448431015015,2.548315152525902,122,0,4,4,1,8,regular_4_ops
D,D_R_43222,chck_100M,43222,R,entity_gold_stale_cue_ablation,entityabl:412:regular_4_ops:380,-0.1297926902770996,0.17968225479125977,-0.7843265533447266,regular,4,380,0.31398534774780273,0.18419265747070312,0.4936676025390625,-0.47034120559692383,103,6,4,4,1,8,regular_4_ops
D,D_R_43222,chck_100M,43222,R,entity_gold_stale_cue_ablation,entityabl:413:regular_5_ops:6,-6.772435188293457,0.23258686065673828,-4.362037658691406,regular,7,6,2.803513526916504,-3.968921661376953,3.036100387573242,-1.5585241317749023,154,5,5,5,1,12,regular_5_ops
D,D_R_43222,chck_100M,43222,R,entity_gold_stale_cue_ablation,entityabl:414:regular_5_ops:14,-8.847243070602417,1.9993658065795898,-1.1236047744750977,regular,7,14,0.3661174774169922,-8.481125593185425,2.365483283996582,-0.7574872970581055,150,4,5,5,1,12,regular_5_ops
D,D_R_43222,chck_100M,43222,R,entity_gold_stale_cue_ablation,entityabl:415:regular_5_ops:17,-1.277951717376709,0.4637784957885742,0.542414665222168,regular,7,17,1.1740951538085938,-0.10385656356811523,1.637873649597168,1.7165098190307617,151,0,5,5,1,12,regular_5_ops
D,D_R_43222,chck_100M,43222,R,entity_gold_stale_cue_ablation,entityabl:416:regular_5_ops:18,0.7543802261352539,0.45013999938964844,0.02384328842163086,regular,7,18,1.8812685012817383,2.635648727416992,2.3314085006713867,1.9051117897033691,136,4,5,5,1,12,regular_5_ops
D,D_R_43222,chck_100M,43222,R,entity_gold_stale_cue_ablation,entityabl:417:regular_5_ops:19,-1.196214199066162,0.44126343727111816,0.630729079246521,regular,7,19,8.604279518127441,7.408065319061279,9.04554295539856,9.235008597373962,138,6,5,5,2,12,regular_5_ops
D,D_R_43222,chck_100M,43222,R,entity_gold_stale_cue_ablation,entityabl:418:regular_5_ops:23,-5.765298843383789,0.880650520324707,-3.2528228759765625,regular,7,23,3.4147891998291016,-2.3505096435546875,4.295439720153809,0.16196632385253906,163,2,5,5,2,12,regular_5_ops
D,D_R_43222,chck_100M,43222,R,entity_gold_stale_cue_ablation,entityabl:419:regular_5_ops:26,-3.9460625648498535,-0.8435382843017578,-1.5824618339538574,regular,7,26,1.4315519332885742,-2.5145106315612793,0.5880136489868164,-0.1509099006652832,151,4,5,5,1,12,regular_5_ops
D,D_R_43222,chck_100M,43222,R,entity_gold_stale_cue_ablation,entityabl:41:regular_2_ops:109,-0.34463977813720703,-0.12720584869384766,-0.00716400146484375,regular,6,109,-1.3869171142578125,-1.7315568923950195,-1.5141229629516602,-1.3940811157226562,122,2,2,2,1,8,regular_2_ops
D,D_R_43222,chck_100M,43222,R,entity_gold_stale_cue_ablation,entityabl:420:regular_5_ops:30,-0.1892690658569336,0.28685951232910156,-0.4110231399536133,regular,7,30,-1.5416679382324219,-1.7309370040893555,-1.2548084259033203,-1.9526910781860352,146,5,5,5,1,12,regular_5_ops
D,D_R_43222,chck_100M,43222,R,entity_gold_stale_cue_ablation,entityabl:421:regular_5_ops:48,-1.213698387145996,0.1381669044494629,0.7013716697692871,regular,6,48,1.1735801696777344,-0.04011821746826172,1.3117470741271973,1.8749518394470215,142,0,5,5,1,11,regular_5_ops
D,D_R_43222,chck_100M,43222,R,entity_gold_stale_cue_ablation,entityabl:422:regular_5_ops:49,1.5934476852416992,0.5416440963745117,-0.3139219284057617,regular,6,49,1.3506994247436523,2.9441471099853516,1.892343521118164,1.0367774963378906,130,4,5,5,1,11,regular_5_ops
D,D_R_43222,chck_100M,43222,R,entity_gold_stale_cue_ablation,entityabl:423:regular_5_ops:50,-0.39677584171295166,0.6892971992492676,0.37470149993896484,regular,6,50,7.607052564620972,7.21027672290802,8.29634976387024,7.9817540645599365,132,6,5,5,2,11,regular_5_ops
D,D_R_43222,chck_100M,43222,R,entity_gold_stale_cue_ablation,entityabl:424:regular_5_ops:56,2.5442237854003906,0.2133030891418457,0.9527711868286133,regular,6,56,2.9910688400268555,5.535292625427246,3.204371929168701,3.9438400268554688,133,4,5,5,2,11,regular_5_ops
D,D_R_43222,chck_100M,43222,R,entity_gold_stale_cue_ablation,entityabl:425:regular_5_ops:57,-0.23669910430908203,0.15054607391357422,-0.4668874740600586,regular,6,57,-1.468545913696289,-1.705245018005371,-1.3179998397827148,-1.9354333877563477,140,5,5,5,1,11,regular_5_ops
D,D_R_43222,chck_100M,43222,R,entity_gold_stale_cue_ablation,entityabl:426:regular_5_ops:68,-0.0749349594116211,0.587672233581543,-0.1248326301574707,regular,5,68,1.4648151397705078,1.3898801803588867,2.052487373352051,1.339982509613037,124,4,5,5,1,10,regular_5_ops
D,D_R_43222,chck_100M,43222,R,entity_gold_stale_cue_ablation,entityabl:427:regular_5_ops:69,-1.1796185970306396,0.7106437683105469,0.33839166164398193,regular,5,69,7.416232585906982,6.236613988876343,8.12687635421753,7.754624247550964,123,6,5,5,2,10,regular_5_ops
D,D_R_43222,chck_100M,43222,R,entity_gold_stale_cue_ablation,entityabl:428:regular_5_ops:73,-1.8750362396240234,-0.02033090591430664,-0.0641641616821289,regular,5,73,5.063236236572266,3.188199996948242,5.042905330657959,4.999072074890137,127,4,5,5,2,10,regular_5_ops
D,D_R_43222,chck_100M,43222,R,entity_gold_stale_cue_ablation,entityabl:429:regular_5_ops:74,-2.6732892990112305,0.4097442626953125,-0.025209426879882812,regular,5,74,3.995429039001465,1.3221397399902344,4.405173301696777,3.970219612121582,137,1,5,5,2,10,regular_5_ops
D,D_R_43222,chck_100M,43222,R,entity_gold_stale_cue_ablation,entityabl:42:regular_2_ops:114,-2.1184287071228027,0.10435628890991211,-1.7382235527038574,regular,6,114,-5.2128424644470215,-7.331271171569824,-5.108486175537109,-6.951066017150879,124,6,2,2,1,8,regular_2_ops
D,D_R_43222,chck_100M,43222,R,entity_gold_stale_cue_ablation,entityabl:430:regular_5_ops:76,-6.903000831604004,-2.568652629852295,-0.6298470497131348,regular,2,76,0.8394675254821777,-6.063533306121826,-1.7291851043701172,0.20962047576904297,125,3,5,5,1,7,regular_5_ops
D,D_R_43222,chck_100M,43222,R,entity_gold_stale_cue_ablation,entityabl:431:regular_5_ops:77,-2.4177823066711426,0.5514440536499023,0.5386362075805664,regular,2,77,5.8800048828125,3.4622225761413574,6.431448936462402,6.418641090393066,106,4,5,5,2,7,regular_5_ops
D,D_R_43222,chck_100M,43222,R,entity_gold_stale_cue_ablation,entityabl:432:regular_5_ops:78,-5.154866695404053,1.1455483436584473,1.814256191253662,regular,2,78,4.806641101837158,-0.34822559356689453,5.9521894454956055,6.62089729309082,116,1,5,5,2,7,regular_5_ops
D,D_R_43222,chck_100M,43222,R,entity_gold_stale_cue_ablation,entityabl:433:regular_5_ops:80,-1.7242074012756348,1.3201451301574707,0.020622730255126953,regular,3,80,-0.8828072547912598,-2.6070146560668945,0.43733787536621094,-0.8621845245361328,127,0,5,5,2,8,regular_5_ops
D,D_R_43222,chck_100M,43222,R,entity_gold_stale_cue_ablation,entityabl:434:regular_5_ops:84,-6.006570339202881,-1.4035520553588867,-0.5825920104980469,regular,3,84,0.35584545135498047,-5.6507248878479,-1.0477066040039062,-0.2267465591430664,134,3,5,5,1,8,regular_5_ops
D,D_R_43222,chck_100M,43222,R,entity_gold_stale_cue_ablation,entityabl:435:regular_5_ops:85,-1.8723196983337402,0.4072685241699219,0.3042888641357422,regular,3,85,5.83868408203125,3.9663643836975098,6.245952606201172,6.142972946166992,112,4,5,5,2,8,regular_5_ops
D,D_R_43222,chck_100M,43222,R,entity_gold_stale_cue_ablation,entityabl:436:regular_5_ops:86,-3.8426742553710938,0.42162513732910156,0.5604991912841797,regular,3,86,3.7547855377197266,-0.08788871765136719,4.176410675048828,4.315284729003906,122,1,5,5,2,8,regular_5_ops
D,D_R_43222,chck_100M,43222,R,entity_gold_stale_cue_ablation,entityabl:437:regular_5_ops:89,-7.3404775857925415,-0.2352466583251953,-0.22077035903930664,regular,4,89,0.0020275115966796875,-7.338450074195862,-0.23321914672851562,-0.21874284744262695,146,3,5,5,1,9,regular_5_ops
D,D_R_43222,chck_100M,43222,R,entity_gold_stale_cue_ablation,entityabl:438:regular_5_ops:90,-15.255991458892822,-0.49027252197265625,0.3432581424713135,regular,4,90,10.82497787475586,-4.431013584136963,10.334705352783203,11.168236017227173,149,4,5,5,1,9,regular_5_ops
D,D_R_43222,chck_100M,43222,R,entity_gold_stale_cue_ablation,entityabl:439:regular_5_ops:91,-1.552184820175171,0.21917057037353516,-0.06646490097045898,regular,4,91,5.773148536682129,4.220963716506958,5.992319107055664,5.70668363571167,118,4,5,5,2,9,regular_5_ops
D,D_R_43222,chck_100M,43222,R,entity_gold_stale_cue_ablation,entityabl:43:regular_2_ops:116,-1.2747602462768555,0.41568756103515625,-1.6321697235107422,regular,6,116,5.363774299621582,4.089014053344727,5.779461860656738,3.73160457611084,112,1,2,2,1,8,regular_2_ops
D,D_R_43222,chck_100M,43222,R,entity_gold_stale_cue_ablation,entityabl:440:regular_5_ops:93,-2.932616710662842,0.3274092674255371,0.09787559509277344,regular,4,93,4.166293621063232,1.2336769104003906,4.4937028884887695,4.264169216156006,131,1,5,5,2,9,regular_5_ops
D,D_R_43222,chck_100M,43222,R,entity_gold_stale_cue_ablation,entityabl:441:ambiref_2_ops:0,-7.699516952037811,6.889891147613525,-5.836987912654877,ambiref,2,0,-3.8285880088806152,-11.528104960918427,3.06130313873291,-9.665575921535492,83,5,2,2,1,4,ambiref_2_ops
D,D_R_43222,chck_100M,43222,R,entity_gold_stale_cue_ablation,entityabl:442:ambiref_2_ops:3,-7.607187747955322,3.3735694885253906,-2.2244057655334473,ambiref,2,3,-2.9788341522216797,-10.586021900177002,0.39473533630371094,-5.203239917755127,110,6,2,2,1,4,ambiref_2_ops
D,D_R_43222,chck_100M,43222,R,entity_gold_stale_cue_ablation,entityabl:443:ambiref_2_ops:7,-6.371036529541016,1.8083419799804688,-4.715210914611816,ambiref,2,7,3.6823673248291016,-2.688669204711914,5.49070930480957,-1.0328435897827148,106,4,2,2,1,4,ambiref_2_ops
D,D_R_43222,chck_100M,43222,R,entity_gold_stale_cue_ablation,entityabl:444:ambiref_2_ops:9,0.7373299598693848,-0.7465224266052246,0.8439211845397949,ambiref,2,9,1.061516284942627,1.7988462448120117,0.31499385833740234,1.9054374694824219,112,1,2,2,1,4,ambiref_2_ops
D,D_R_43222,chck_100M,43222,R,entity_gold_stale_cue_ablation,entityabl:445:ambiref_2_ops:10,0.4650096893310547,-0.047698974609375,-0.25705432891845703,ambiref,2,10,2.5379552841186523,3.002964973449707,2.4902563095092773,2.2809009552001953,111,3,2,2,1,4,ambiref_2_ops
D,D_R_43222,chck_100M,43222,R,entity_gold_stale_cue_ablation,entityabl:446:ambiref_2_ops:16,-0.41037464141845703,-0.032752037048339844,-0.5145597457885742,ambiref,2,16,2.376863479614258,1.9664888381958008,2.344111442565918,1.8623037338256836,121,0,2,2,1,4,ambiref_2_ops
D,D_R_43222,chck_100M,43222,R,entity_gold_stale_cue_ablation,entityabl:447:ambiref_2_ops:18,-1.453192949295044,3.084623336791992,-1.3508143424987793,ambiref,2,18,-0.2084965705871582,-1.6616895198822021,2.876126766204834,-1.5593109130859375,93,2,2,2,1,4,ambiref_2_ops
D,D_R_43222,chck_100M,43222,R,entity_gold_stale_cue_ablation,entityabl:448:ambiref_2_ops:21,-0.533829927444458,-1.2009625434875488,-0.029643535614013672,ambiref,2,21,-0.05093097686767578,-0.5847609043121338,-1.2518935203552246,-0.08057451248168945,99,6,2,2,1,4,ambiref_2_ops
D,D_R_43222,chck_100M,43222,R,entity_gold_stale_cue_ablation,entityabl:449:ambiref_2_ops:24,-15.07971777021885,1.1942806243896484,-4.021432399749756,ambiref,3,24,2.779238700866699,-12.30047906935215,3.9735193252563477,-1.2421936988830566,98,3,2,2,1,5,ambiref_2_ops
D,D_R_43222,chck_100M,43222,R,entity_gold_stale_cue_ablation,entityabl:44:regular_2_ops:117,-1.6153230667114258,0.6654205322265625,-1.2305316925048828,regular,6,117,-1.8680009841918945,-3.4833240509033203,-1.202580451965332,-3.0985326766967773,119,3,2,2,1,8,regular_2_ops
D,D_R_43222,chck_100M,43222,R,entity_gold_stale_cue_ablation,entityabl:450:ambiref_2_ops:29,0.2677488327026367,-0.028638839721679688,-0.42650699615478516,ambiref,3,29,2.848729133605957,3.1164779663085938,2.8200902938842773,2.422222137451172,120,3,2,2,1,5,ambiref_2_ops
D,D_R_43222,chck_100M,43222,R,entity_gold_stale_cue_ablation,entityabl:451:ambiref_2_ops:37,0.6981420516967773,0.7750358581542969,0.6775426864624023,ambiref,3,37,-1.4594554901123047,-0.7613134384155273,-0.6844196319580078,-0.7819128036499023,120,2,2,2,1,5,ambiref_2_ops
D,D_R_43222,chck_100M,43222,R,entity_gold_stale_cue_ablation,entityabl:452:ambiref_2_ops:38,-0.3336038589477539,0.11328887939453125,0.3584718704223633,ambiref,3,38,1.0029792785644531,0.6693754196166992,1.1162681579589844,1.3614511489868164,104,1,2,2,1,5,ambiref_2_ops
D,D_R_43222,chck_100M,43222,R,entity_gold_stale_cue_ablation,entityabl:453:ambiref_2_ops:39,1.9547252655029297,3.20426869392395,2.1340065002441406,ambiref,3,39,-2.6533989906311035,-0.6986737251281738,0.5508697032928467,-0.5193924903869629,106,1,2,2,1,5,ambiref_2_ops
D,D_R_43222,chck_100M,43222,R,entity_gold_stale_cue_ablation,entityabl:454:ambiref_2_ops:42,-1.1959919929504395,-0.8943276405334473,-0.058399200439453125,ambiref,3,42,3.796480178833008,2.6004881858825684,2.9021525382995605,3.7380809783935547,101,1,2,2,1,5,ambiref_2_ops
D,D_R_43222,chck_100M,43222,R,entity_gold_stale_cue_ablation,entityabl:455:ambiref_2_ops:43,-2.1365580558776855,-3.760894298553467,-0.334369421005249,ambiref,3,43,0.22804546356201172,-1.9085125923156738,-3.532848834991455,-0.1063239574432373,111,2,2,2,1,5,ambiref_2_ops
D,D_R_43222,chck_100M,43222,R,entity_gold_stale_cue_ablation,entityabl:456:ambiref_2_ops:47,-0.06125068664550781,-0.2543792724609375,-0.3063669204711914,ambiref,3,47,-0.4588584899902344,-0.5201091766357422,-0.7132377624511719,-0.7652254104614258,107,1,2,2,1,5,ambiref_2_ops
D,D_R_43222,chck_100M,43222,R,entity_gold_stale_cue_ablation,entityabl:457:ambiref_2_ops:51,0.5029110908508301,-0.4690375328063965,0.3201260566711426,ambiref,3,51,0.6549930572509766,1.1579041481018066,0.18595552444458008,0.9751191139221191,118,1,2,2,1,5,ambiref_2_ops
D,D_R_43222,chck_100M,43222,R,entity_gold_stale_cue_ablation,entityabl:458:ambiref_2_ops:55,-2.7461633682250977,4.167450666427612,-0.3263566493988037,ambiref,4,55,3.446619987487793,0.7004566192626953,7.614070653915405,3.1202633380889893,106,4,2,2,1,6,ambiref_2_ops
D,D_R_43222,chck_100M,43222,R,entity_gold_stale_cue_ablation,entityabl:459:ambiref_2_ops:56,5.460340261459351,2.5611653327941895,5.726676940917969,ambiref,4,56,1.0507431030273438,6.511083364486694,3.611908435821533,6.7774200439453125,104,1,2,2,1,6,ambiref_2_ops
D,D_R_43222,chck_100M,43222,R,entity_gold_stale_cue_ablation,entityabl:45:regular_2_ops:118,-1.3242015838623047,0.12708806991577148,1.1817059516906738,regular,6,118,2.646512031555176,1.322310447692871,2.7736001014709473,3.8282179832458496,125,2,2,2,1,8,regular_2_ops
D,D_R_43222,chck_100M,43222,R,entity_gold_stale_cue_ablation,entityabl:460:ambiref_2_ops:59,-1.4056153297424316,-3.5764431953430176,0.0723872184753418,ambiref,4,59,0.7496337890625,-0.6559815406799316,-2.8268094062805176,0.8220210075378418,117,2,2,2,1,6,ambiref_2_ops
D,D_R_43222,chck_100M,43222,R,entity_gold_stale_cue_ablation,entityabl:461:ambiref_2_ops:60,0.1458592414855957,0.11068153381347656,0.16641616821289062,ambiref,4,60,-4.358386993408203,-4.212527751922607,-4.247705459594727,-4.1919708251953125,146,2,2,2,1,6,ambiref_2_ops
D,D_R_43222,chck_100M,43222,R,entity_gold_stale_cue_ablation,entityabl:462:ambiref_2_ops:64,-1.3990330696105957,1.212148666381836,-0.6136612892150879,ambiref,4,64,0.09549617767333984,-1.3035368919372559,1.3076448440551758,-0.518165111541748,105,5,2,2,1,6,ambiref_2_ops
D,D_R_43222,chck_100M,43222,R,entity_gold_stale_cue_ablation,entityabl:463:ambiref_2_ops:68,-1.1447792053222656,0.3598155975341797,-0.5660266876220703,ambiref,4,68,-0.8978548049926758,-2.0426340103149414,-0.5380392074584961,-1.463881492614746,114,3,2,2,1,6,ambiref_2_ops
D,D_R_43222,chck_100M,43222,R,entity_gold_stale_cue_ablation,entityabl:464:ambiref_2_ops:69,-1.9040827751159668,0.24076318740844727,-2.4427990913391113,ambiref,4,69,3.0848031044006348,1.180720329284668,3.325566291809082,0.6420040130615234,121,3,2,2,1,6,ambiref_2_ops
D,D_R_43222,chck_100M,43222,R,entity_gold_stale_cue_ablation,entityabl:465:ambiref_2_ops:71,-9.712478518486023,4.081943988800049,-0.8133707046508789,ambiref,4,71,-0.8031659126281738,-10.515644431114197,3.278778076171875,-1.6165366172790527,113,3,2,2,1,6,ambiref_2_ops
D,D_R_43222,chck_100M,43222,R,entity_gold_stale_cue_ablation,entityabl:466:ambiref_2_ops:73,-6.388368606567383,1.6570014953613281,-4.627307415008545,ambiref,4,73,0.7228670120239258,-5.665501594543457,2.379868507385254,-3.904440402984619,125,5,2,2,1,6,ambiref_2_ops
D,D_R_43222,chck_100M,43222,R,entity_gold_stale_cue_ablation,entityabl:467:ambiref_2_ops:74,3.16115665435791,0.1279754638671875,3.14663028717041,ambiref,4,74,1.2127208709716797,4.37387752532959,1.3406963348388672,4.35935115814209,117,3,2,2,1,6,ambiref_2_ops
D,D_R_43222,chck_100M,43222,R,entity_gold_stale_cue_ablation,entityabl:468:ambiref_2_ops:77,-4.85949182510376,0.5194110870361328,-2.931347370147705,ambiref,4,77,-0.05883502960205078,-4.9183268547058105,0.46057605743408203,-2.990182399749756,103,6,2,2,1,6,ambiref_2_ops
D,D_R_43222,chck_100M,43222,R,entity_gold_stale_cue_ablation,entityabl:469:ambiref_2_ops:78,4.431446552276611,0.006445884704589844,4.103364944458008,ambiref,4,78,2.383779525756836,6.815226078033447,2.390225410461426,6.487144470214844,104,1,2,2,1,6,ambiref_2_ops
D,D_R_43222,chck_100M,43222,R,entity_gold_stale_cue_ablation,entityabl:46:regular_2_ops:120,-0.3004932403564453,0.16665077209472656,-0.056763648986816406,regular,6,120,-0.6686801910400391,-0.9691734313964844,-0.5020294189453125,-0.7254438400268555,100,6,2,2,1,8,regular_2_ops
D,D_R_43222,chck_100M,43222,R,entity_gold_stale_cue_ablation,entityabl:470:ambiref_2_ops:80,-3.789597511291504,0.029379844665527344,-4.561030149459839,ambiref,4,80,1.8062963485717773,-1.9833011627197266,1.8356761932373047,-2.7547338008880615,103,2,2,2,1,6,ambiref_2_ops
D,D_R_43222,chck_100M,43222,R,entity_gold_stale_cue_ablation,entityabl:471:ambiref_2_ops:89,-0.23050785064697266,-0.08511590957641602,0.6593313217163086,ambiref,5,89,-0.6297378540039062,-0.8602457046508789,-0.7148537635803223,0.029593467712402344,134,1,2,2,1,7,ambiref_2_ops
D,D_R_43222,chck_100M,43222,R,entity_gold_stale_cue_ablation,entityabl:472:ambiref_2_ops:93,-2.855926752090454,0.37215280532836914,-0.6401629447937012,ambiref,5,93,-0.40886402130126953,-3.2647907733917236,-0.03671121597290039,-1.0490269660949707,112,6,2,2,1,7,ambiref_2_ops
D,D_R_43222,chck_100M,43222,R,entity_gold_stale_cue_ablation,entityabl:473:ambiref_2_ops:94,-1.6037592887878418,-0.4619002342224121,0.5068869590759277,ambiref,5,94,3.074526309967041,1.4707670211791992,2.612626075744629,3.5814132690429688,130,2,2,2,1,7,ambiref_2_ops
D,D_R_43222,chck_100M,43222,R,entity_gold_stale_cue_ablation,entityabl:474:ambiref_2_ops:99,-0.5843424797058105,1.8837285041809082,-0.3758578300476074,ambiref,5,99,-0.13100004196166992,-0.7153425216674805,1.7527284622192383,-0.5068578720092773,111,5,2,2,1,7,ambiref_2_ops
D,D_R_43222,chck_100M,43222,R,entity_gold_stale_cue_ablation,entityabl:475:ambiref_2_ops:104,-0.6009578704833984,-0.10598182678222656,-0.20742321014404297,ambiref,5,104,0.09565162658691406,-0.5053062438964844,-0.0103302001953125,-0.1117715835571289,137,6,2,2,1,7,ambiref_2_ops
D,D_R_43222,chck_100M,43222,R,entity_gold_stale_cue_ablation,entityabl:476:ambiref_2_ops:107,1.4824271202087402,2.39164400100708,0.24158287048339844,ambiref,5,107,-3.6933374404907227,-2.2109103202819824,-1.3016934394836426,-3.451754570007324,124,1,2,2,1,7,ambiref_2_ops
D,D_R_43222,chck_100M,43222,R,entity_gold_stale_cue_ablation,entityabl:477:ambiref_2_ops:109,-1.141014575958252,1.1794071197509766,0.0377812385559082,ambiref,5,109,-0.6879396438598633,-1.8289542198181152,0.4914674758911133,-0.6501584053039551,131,6,2,2,1,7,ambiref_2_ops
D,D_R_43222,chck_100M,43222,R,entity_gold_stale_cue_ablation,entityabl:478:ambiref_2_ops:113,-0.6877288818359375,-0.03270912170410156,-0.013964653015136719,ambiref,5,113,2.3055028915405273,1.6177740097045898,2.272793769836426,2.2915382385253906,134,6,2,2,1,7,ambiref_2_ops
D,D_R_43222,chck_100M,43222,R,entity_gold_stale_cue_ablation,entityabl:479:ambiref_2_ops:116,-0.9406547546386719,1.0476531982421875,-1.044926643371582,ambiref,5,116,-2.7846837043762207,-3.7253384590148926,-1.7370305061340332,-3.8296103477478027,128,4,2,2,1,7,ambiref_2_ops
D,D_R_43222,chck_100M,43222,R,entity_gold_stale_cue_ablation,entityabl:47:regular_2_ops:122,-1.3054275512695312,0.3097972869873047,-1.1602325439453125,regular,6,122,0.34436988830566406,-0.9610576629638672,0.6541671752929688,-0.8158626556396484,127,6,2,2,1,8,regular_2_ops
D,D_R_43222,chck_100M,43222,R,entity_gold_stale_cue_ablation,entityabl:480:ambiref_2_ops:118,0.39362430572509766,1.0243654251098633,0.05255699157714844,ambiref,5,118,-3.3083925247192383,-2.9147682189941406,-2.284027099609375,-3.25583553314209,127,6,2,2,1,7,ambiref_2_ops
D,D_R_43222,chck_100M,43222,R,entity_gold_stale_cue_ablation,entityabl:481:ambiref_2_ops:119,-0.8089826107025146,0.47667407989501953,-0.627685546875,ambiref,5,119,-4.27177619934082,-5.080758810043335,-3.795102119445801,-4.89946174621582,119,0,2,2,1,7,ambiref_2_ops
D,D_R_43222,chck_100M,43222,R,entity_gold_stale_cue_ablation,entityabl:482:ambiref_2_ops:121,-0.3777632713317871,0.3645472526550293,0.07091999053955078,ambiref,5,121,-2.7851696014404297,-3.162932872772217,-2.4206223487854004,-2.714249610900879,116,3,2,2,1,7,ambiref_2_ops
D,D_R_43222,chck_100M,43222,R,entity_gold_stale_cue_ablation,entityabl:483:ambiref_2_ops:123,-0.8272891640663147,0.1624748706817627,0.17891836166381836,ambiref,5,123,1.858130693435669,1.0308415293693542,2.0206055641174316,2.0370490550994873,119,6,2,2,1,7,ambiref_2_ops
D,D_R_43222,chck_100M,43222,R,entity_gold_stale_cue_ablation,entityabl:484:ambiref_2_ops:125,-0.08478832244873047,-0.017830848693847656,0.0743875503540039,ambiref,5,125,-0.6473627090454102,-0.7321510314941406,-0.6651935577392578,-0.5729751586914062,135,4,2,2,1,7,ambiref_2_ops
D,D_R_43222,chck_100M,43222,R,entity_gold_stale_cue_ablation,entityabl:485:ambiref_2_ops:126,-0.2843201160430908,0.9681985378265381,-0.2619810104370117,ambiref,5,126,-1.2389452457427979,-1.5232653617858887,-0.27074670791625977,-1.5009262561798096,157,1,2,2,1,7,ambiref_2_ops
D,D_R_43222,chck_100M,43222,R,entity_gold_stale_cue_ablation,entityabl:486:ambiref_2_ops:127,-1.6609296798706055,-0.3278636932373047,-1.999262809753418,ambiref,5,127,5.041895866394043,3.3809661865234375,4.714032173156738,3.042633056640625,128,6,2,2,1,7,ambiref_2_ops
D,D_R_43222,chck_100M,43222,R,entity_gold_stale_cue_ablation,entityabl:487:ambiref_2_ops:129,-0.9086952209472656,0.9473814964294434,-0.2983241081237793,ambiref,6,129,0.03637266159057617,-0.8723225593566895,0.9837541580200195,-0.2619514465332031,120,5,2,2,1,8,ambiref_2_ops
D,D_R_43222,chck_100M,43222,R,entity_gold_stale_cue_ablation,entityabl:488:ambiref_2_ops:130,0.9308996200561523,0.6690711975097656,0.33328914642333984,ambiref,6,130,0.07882404327392578,1.0097236633300781,0.7478952407836914,0.4121131896972656,123,0,2,2,1,8,ambiref_2_ops
D,D_R_43222,chck_100M,43222,R,entity_gold_stale_cue_ablation,entityabl:489:ambiref_2_ops:137,-0.05032539367675781,0.4050102233886719,-0.13814210891723633,ambiref,6,137,0.48062849044799805,0.43030309677124023,0.8856387138366699,0.3424863815307617,128,5,2,2,1,8,ambiref_2_ops
D,D_R_43222,chck_100M,43222,R,entity_gold_stale_cue_ablation,entityabl:48:regular_2_ops:123,-7.839295506477356,-1.0210914611816406,-5.450664281845093,regular,6,123,1.398468017578125,-6.440827488899231,0.3773765563964844,-4.052196264266968,131,5,2,2,1,8,regular_2_ops
D,D_R_43222,chck_100M,43222,R,entity_gold_stale_cue_ablation,entityabl:490:ambiref_2_ops:139,-2.753108024597168,1.0025749206542969,-2.7192201614379883,ambiref,6,139,8.655219078063965,5.902111053466797,9.657793998718262,5.935998916625977,163,6,2,2,1,8,ambiref_2_ops
D,D_R_43222,chck_100M,43222,R,entity_gold_stale_cue_ablation,entityabl:491:ambiref_2_ops:143,-0.2650184631347656,0.4862031936645508,-0.14415645599365234,ambiref,6,143,-4.27896785736084,-4.5439863204956055,-3.792764663696289,-4.423124313354492,128,0,2,2,1,8,ambiref_2_ops
D,D_R_43222,chck_100M,43222,R,entity_gold_stale_cue_ablation,entityabl:492:ambiref_2_ops:144,-0.1567537784576416,1.1903645992279053,-0.12793278694152832,ambiref,6,144,-1.5205066204071045,-1.677260398864746,-0.3301420211791992,-1.6484394073486328,163,1,2,2,1,8,ambiref_2_ops
D,D_R_43222,chck_100M,43222,R,entity_gold_stale_cue_ablation,entityabl:493:ambiref_2_ops:147,-2.06667423248291,0.4178495407104492,-2.08669376373291,ambiref,6,147,1.0121355056762695,-1.0545387268066406,1.4299850463867188,-1.0745582580566406,122,2,2,2,1,8,ambiref_2_ops
D,D_R_43222,chck_100M,43222,R,entity_gold_stale_cue_ablation,entityabl:494:ambiref_2_ops:149,0.044104576110839844,0.012532234191894531,0.13955402374267578,ambiref,6,149,-0.6568803787231445,-0.6127758026123047,-0.64434814453125,-0.5173263549804688,141,4,2,2,1,8,ambiref_2_ops
D,D_R_43222,chck_100M,43222,R,entity_gold_stale_cue_ablation,entityabl:495:ambiref_2_ops:152,-0.10110187530517578,0.4017200469970703,0.20160245895385742,ambiref,6,152,-3.563626289367676,-3.6647281646728516,-3.1619062423706055,-3.3620238304138184,125,3,2,2,1,8,ambiref_2_ops
D,D_R_43222,chck_100M,43222,R,entity_gold_stale_cue_ablation,entityabl:496:ambiref_2_ops:157,-1.8347225189208984,0.271481990814209,-0.6457538604736328,ambiref,6,157,0.3063945770263672,-1.5283279418945312,0.5778765678405762,-0.3393592834472656,121,6,2,2,1,8,ambiref_2_ops
D,D_R_43222,chck_100M,43222,R,entity_gold_stale_cue_ablation,entityabl:497:ambiref_2_ops:159,-2.5733182430267334,0.5582513809204102,-1.1225166320800781,ambiref,6,159,-5.009649276733398,-7.582967519760132,-4.451397895812988,-6.132165908813477,132,0,2,2,1,8,ambiref_2_ops
D,D_R_43222,chck_100M,43222,R,entity_gold_stale_cue_ablation,entityabl:498:ambiref_2_ops:160,0.8600678443908691,-0.6763944625854492,0.22450828552246094,ambiref,6,160,-4.185613632202148,-3.3255457878112793,-4.862008094787598,-3.9611053466796875,153,6,2,2,1,8,ambiref_2_ops
D,D_R_43222,chck_100M,43222,R,entity_gold_stale_cue_ablation,entityabl:499:ambiref_2_ops:161,-0.6055953502655029,0.5580360889434814,-0.815040111541748,ambiref,6,161,-3.398216485977173,-4.003811836242676,-2.8401803970336914,-4.213256597518921,134,4,2,2,1,8,ambiref_2_ops
D,D_R_43222,chck_100M,43222,R,entity_gold_stale_cue_ablation,entityabl:49:regular_2_ops:124,0.4351015090942383,-0.5444388389587402,0.5298023223876953,regular,6,124,-3.705944061279297,-3.2708425521850586,-4.250382900238037,-3.1761417388916016,122,0,2,2,1,8,regular_2_ops
D,D_R_43222,chck_100M,43222,R,entity_gold_stale_cue_ablation,entityabl:4:regular_2_ops:14,-2.286504030227661,-0.4221431016921997,-0.5733189582824707,regular,1,14,7.078693389892578,4.792189359664917,6.656550288200378,6.505374431610107,69,6,2,2,1,3,regular_2_ops
D,D_R_43222,chck_100M,43222,R,entity_gold_stale_cue_ablation,entityabl:500:ambiref_2_ops:162,-1.0244793891906738,0.8297653198242188,-1.4020428657531738,ambiref,6,162,-1.9871525764465332,-3.011631965637207,-1.1573872566223145,-3.389195442199707,127,2,2,2,1,8,ambiref_2_ops
D,D_R_43222,chck_100M,43222,R,entity_gold_stale_cue_ablation,entityabl:501:ambiref_2_ops:164,-0.9982099533081055,1.5064139366149902,-0.993464469909668,ambiref,6,164,-4.81184196472168,-5.810051918029785,-3.3054280281066895,-5.805306434631348,127,5,2,2,1,8,ambiref_2_ops
D,D_R_43222,chck_100M,43222,R,entity_gold_stale_cue_ablation,entityabl:502:ambiref_2_ops:166,8.345060050487518,0.5180864334106445,7.906017065048218,ambiref,6,166,-3.4552602767944336,4.889799773693085,-2.937173843383789,4.450756788253784,132,6,2,2,1,8,ambiref_2_ops
D,D_R_43222,chck_100M,43222,R,entity_gold_stale_cue_ablation,entityabl:503:ambiref_2_ops:168,0.18045425415039062,0.6217327117919922,-0.3224306106567383,ambiref,6,168,0.44803524017333984,0.6284894943237305,1.069767951965332,0.12560462951660156,137,5,2,2,1,8,ambiref_2_ops
D,D_R_43222,chck_100M,43222,R,entity_gold_stale_cue_ablation,entityabl:504:ambiref_2_ops:171,0.8653497695922852,0.8279829025268555,0.7514142990112305,ambiref,6,171,-2.0925540924072266,-1.2272043228149414,-1.264571189880371,-1.341139793395996,144,2,2,2,1,8,ambiref_2_ops
D,D_R_43222,chck_100M,43222,R,entity_gold_stale_cue_ablation,entityabl:505:ambiref_2_ops:172,-0.2427530288696289,0.3059272766113281,-0.07921981811523438,ambiref,6,172,-0.2799215316772461,-0.522674560546875,0.02600574493408203,-0.35914134979248047,118,5,2,2,1,8,ambiref_2_ops
D,D_R_43222,chck_100M,43222,R,entity_gold_stale_cue_ablation,entityabl:506:ambiref_2_ops:180,-1.4897992610931396,-0.1910080909729004,-0.6583054065704346,ambiref,6,180,1.3208599090576172,-0.16893935203552246,1.1298518180847168,0.6625545024871826,131,6,2,2,1,8,ambiref_2_ops
D,D_R_43222,chck_100M,43222,R,entity_gold_stale_cue_ablation,entityabl:507:ambiref_2_ops:182,6.097561001777649,0.6994047164916992,4.299435615539551,ambiref,7,182,-3.0272932052612305,3.0702677965164185,-2.3278884887695312,1.2721424102783203,139,6,2,2,1,9,ambiref_2_ops
D,D_R_43222,chck_100M,43222,R,entity_gold_stale_cue_ablation,entityabl:508:ambiref_2_ops:189,-1.208972454071045,0.13868474960327148,-0.377962589263916,ambiref,7,189,4.347291469573975,3.1383190155029297,4.485976219177246,3.9693288803100586,150,6,2,2,1,9,ambiref_2_ops
D,D_R_43222,chck_100M,43222,R,entity_gold_stale_cue_ablation,entityabl:509:ambiref_2_ops:190,-0.7978792190551758,0.4295501708984375,-1.0071749687194824,ambiref,7,190,-3.043455123901367,-3.841334342956543,-2.6139049530029297,-4.05063009262085,137,0,2,2,1,9,ambiref_2_ops
D,D_R_43222,chck_100M,43222,R,entity_gold_stale_cue_ablation,entityabl:50:regular_2_ops:126,-1.632035732269287,0.5537595748901367,-1.303959846496582,regular,6,126,0.008595466613769531,-1.6234402656555176,0.5623550415039062,-1.2953643798828125,120,3,2,2,1,8,regular_2_ops
D,D_R_43222,chck_100M,43222,R,entity_gold_stale_cue_ablation,entityabl:510:ambiref_2_ops:191,-8.608818769454956,2.887600898742676,-0.28948545455932617,ambiref,7,191,0.03515338897705078,-8.573665380477905,2.9227542877197266,-0.2543320655822754,143,3,2,2,1,9,ambiref_2_ops
D,D_R_43222,chck_100M,43222,R,entity_gold_stale_cue_ablation,entityabl:511:ambiref_2_ops:192,-2.282376289367676,1.0836310386657715,-0.15204143524169922,ambiref,7,192,-6.021386623382568,-8.303762912750244,-4.937755584716797,-6.173428058624268,119,3,2,2,1,9,ambiref_2_ops
D,D_R_43222,chck_100M,43222,R,entity_gold_stale_cue_ablation,entityabl:512:ambiref_2_ops:197,-9.785926580429077,2.6330928802490234,-0.6569337844848633,ambiref,7,197,0.822484016418457,-8.96344256401062,3.4555768966674805,0.16555023193359375,114,6,2,2,1,9,ambiref_2_ops
D,D_R_43222,chck_100M,43222,R,entity_gold_stale_cue_ablation,entityabl:513:ambiref_2_ops:199,-0.6237277984619141,-0.6319561004638672,-0.3369770050048828,ambiref,7,199,2.9279136657714844,2.3041858673095703,2.295957565307617,2.5909366607666016,160,2,2,2,1,9,ambiref_2_ops
D,D_R_43222,chck_100M,43222,R,entity_gold_stale_cue_ablation,entityabl:514:ambiref_2_ops:203,-1.6331853866577148,1.6941595077514648,-0.7617363929748535,ambiref,7,203,-0.7185502052307129,-2.3517355918884277,0.975609302520752,-1.4802865982055664,157,6,2,2,1,9,ambiref_2_ops
D,D_R_43222,chck_100M,43222,R,entity_gold_stale_cue_ablation,entityabl:515:ambiref_2_ops:204,-0.08429789543151855,0.4504823684692383,0.8516213893890381,ambiref,7,204,2.7663817405700684,2.68208384513855,3.2168641090393066,3.6180031299591064,170,4,2,2,1,9,ambiref_2_ops
D,D_R_43222,chck_100M,43222,R,entity_gold_stale_cue_ablation,entityabl:516:ambiref_2_ops:206,-5.512323379516602,0.8035144805908203,-2.106301784515381,ambiref,7,206,2.7816643714904785,-2.730659008026123,3.585178852081299,0.6753625869750977,131,5,2,2,1,9,ambiref_2_ops
D,D_R_43222,chck_100M,43222,R,entity_gold_stale_cue_ablation,entityabl:517:ambiref_2_ops:207,-0.8410320281982422,0.8386859893798828,-1.0814199447631836,ambiref,7,207,-2.1495018005371094,-2.9905338287353516,-1.3108158111572266,-3.230921745300293,133,2,2,2,1,9,ambiref_2_ops
D,D_R_43222,chck_100M,43222,R,entity_gold_stale_cue_ablation,entityabl:518:ambiref_2_ops:208,-0.3677091598510742,0.2950401306152344,0.14583301544189453,ambiref,7,208,0.6393947601318359,0.2716856002807617,0.9344348907470703,0.7852277755737305,148,0,2,2,1,9,ambiref_2_ops
D,D_R_43222,chck_100M,43222,R,entity_gold_stale_cue_ablation,entityabl:519:ambiref_2_ops:211,-1.048830509185791,1.869657039642334,-0.2979397773742676,ambiref,7,211,-2.7947278022766113,-3.8435583114624023,-0.9250707626342773,-3.092667579650879,139,6,2,2,1,9,ambiref_2_ops
D,D_R_43222,chck_100M,43222,R,entity_gold_stale_cue_ablation,entityabl:51:regular_2_ops:127,-0.1848764419555664,0.4199504852294922,-0.2439422607421875,regular,6,127,0.6531581878662109,0.46828174591064453,1.0731086730957031,0.40921592712402344,118,0,2,2,1,8,regular_2_ops
D,D_R_43222,chck_100M,43222,R,entity_gold_stale_cue_ablation,entityabl:520:ambiref_2_ops:213,-2.5443814992904663,0.9826997518539429,-3.1169122457504272,ambiref,7,213,-2.979887366294861,-5.524268865585327,-1.997187614440918,-6.096799612045288,147,4,2,2,1,9,ambiref_2_ops
D,D_R_43222,chck_100M,43222,R,entity_gold_stale_cue_ablation,entityabl:521:ambiref_2_ops:216,0.5101022720336914,-0.8028354644775391,-0.3015742301940918,ambiref,7,216,5.225386619567871,5.7354888916015625,4.422551155090332,4.923812389373779,152,2,2,2,1,9,ambiref_2_ops
D,D_R_43222,chck_100M,43222,R,entity_gold_stale_cue_ablation,entityabl:522:ambiref_2_ops:217,-0.5162973403930664,1.716050148010254,0.18676280975341797,ambiref,7,217,0.072784423828125,-0.4435129165649414,1.788834571838379,0.25954723358154297,148,0,2,2,1,9,ambiref_2_ops
D,D_R_43222,chck_100M,43222,R,entity_gold_stale_cue_ablation,entityabl:523:ambiref_2_ops:219,-0.946721076965332,0.05403709411621094,-0.5328826904296875,ambiref,7,219,3.7849912643432617,2.8382701873779297,3.8390283584594727,3.252108573913574,125,4,2,2,1,9,ambiref_2_ops
D,D_R_43222,chck_100M,43222,R,entity_gold_stale_cue_ablation,entityabl:524:ambiref_2_ops:225,-5.645005226135254,1.5628180503845215,-0.8768072128295898,ambiref,7,225,-2.6793994903564453,-8.3244047164917,-1.1165814399719238,-3.556206703186035,137,5,2,2,1,9,ambiref_2_ops
D,D_R_43222,chck_100M,43222,R,entity_gold_stale_cue_ablation,entityabl:525:ambiref_2_ops:229,-0.08263778686523438,0.4099240303039551,-0.13717174530029297,ambiref,7,229,1.42218017578125,1.3395423889160156,1.832104206085205,1.285008430480957,143,2,2,2,1,9,ambiref_2_ops
D,D_R_43222,chck_100M,43222,R,entity_gold_stale_cue_ablation,entityabl:526:ambiref_2_ops:230,0.049094200134277344,0.13071155548095703,-0.12560749053955078,ambiref,7,230,0.10213756561279297,0.1512317657470703,0.23284912109375,-0.023469924926757812,133,6,2,2,1,9,ambiref_2_ops
D,D_R_43222,chck_100M,43222,R,entity_gold_stale_cue_ablation,entityabl:527:ambiref_2_ops:232,0.791658878326416,-1.5162608623504639,0.6604964733123779,ambiref,7,232,-4.916011095046997,-4.124352216720581,-6.432271957397461,-4.255514621734619,140,1,2,2,1,9,ambiref_2_ops
D,D_R_43222,chck_100M,43222,R,entity_gold_stale_cue_ablation,entityabl:528:ambiref_2_ops:234,-5.364177227020264,-0.046054840087890625,-4.735569477081299,ambiref,7,234,8.344105243682861,2.9799280166625977,8.29805040359497,3.6085357666015625,152,6,2,2,1,9,ambiref_2_ops
D,D_R_43222,chck_100M,43222,R,entity_gold_stale_cue_ablation,entityabl:529:ambiref_2_ops:241,-0.7156233787536621,0.10005903244018555,-0.15227794647216797,ambiref,8,241,0.3022298812866211,-0.413393497467041,0.40228891372680664,0.14995193481445312,133,4,2,2,1,10,ambiref_2_ops
D,D_R_43222,chck_100M,43222,R,entity_gold_stale_cue_ablation,entityabl:52:regular_2_ops:133,1.581723690032959,0.2881946563720703,-0.0066013336181640625,regular,7,133,-0.15733623504638672,1.4243874549865723,0.1308584213256836,-0.16393756866455078,133,0,2,2,1,9,regular_2_ops
D,D_R_43222,chck_100M,43222,R,entity_gold_stale_cue_ablation,entityabl:530:ambiref_2_ops:243,-0.6698598861694336,0.4558267593383789,-0.8211874961853027,ambiref,8,243,-1.9033327102661133,-2.573192596435547,-1.4475059509277344,-2.724520206451416,161,6,2,2,1,10,ambiref_2_ops
D,D_R_43222,chck_100M,43222,R,entity_gold_stale_cue_ablation,entityabl:531:ambiref_2_ops:245,-1.2029132843017578,1.1383147239685059,-0.011058807373046875,ambiref,8,245,-1.5894250869750977,-2.7923383712768555,-0.4511103630065918,-1.6004838943481445,160,2,2,2,1,10,ambiref_2_ops
D,D_R_43222,chck_100M,43222,R,entity_gold_stale_cue_ablation,entityabl:532:ambiref_2_ops:246,-0.3284621238708496,1.4065656661987305,-0.30867719650268555,ambiref,8,246,0.3952217102050781,0.06675958633422852,1.8017873764038086,0.08654451370239258,162,0,2,2,1,10,ambiref_2_ops
D,D_R_43222,chck_100M,43222,R,entity_gold_stale_cue_ablation,entityabl:533:ambiref_2_ops:247,-0.17995166778564453,-0.17110824584960938,-0.2705202102661133,ambiref,8,247,1.2241392135620117,1.0441875457763672,1.0530309677124023,0.9536190032958984,160,1,2,2,1,10,ambiref_2_ops
D,D_R_43222,chck_100M,43222,R,entity_gold_stale_cue_ablation,entityabl:534:ambiref_2_ops:248,-1.0007500648498535,1.9405403137207031,-0.26824378967285156,ambiref,8,248,-2.7909908294677734,-3.791740894317627,-0.8504505157470703,-3.059234619140625,148,6,2,2,1,10,ambiref_2_ops
D,D_R_43222,chck_100M,43222,R,entity_gold_stale_cue_ablation,entityabl:535:ambiref_2_ops:253,-3.9790797233581543,2.3206443786621094,-4.155997276306152,ambiref,8,253,5.165936470031738,1.186856746673584,7.486580848693848,1.009939193725586,160,1,2,2,1,10,ambiref_2_ops
D,D_R_43222,chck_100M,43222,R,entity_gold_stale_cue_ablation,entityabl:536:ambiref_2_ops:255,-0.8820781707763672,1.6497836112976074,0.05613279342651367,ambiref,8,255,-0.41378259658813477,-1.295860767364502,1.2360010147094727,-0.3576498031616211,163,6,2,2,1,10,ambiref_2_ops
D,D_R_43222,chck_100M,43222,R,entity_gold_stale_cue_ablation,entityabl:537:ambiref_2_ops:257,-0.13077163696289062,0.7817587852478027,-0.215576171875,ambiref,8,257,-0.06946086883544922,-0.20023250579833984,0.7122979164123535,-0.2850370407104492,134,5,2,2,1,10,ambiref_2_ops
D,D_R_43222,chck_100M,43222,R,entity_gold_stale_cue_ablation,entityabl:538:ambiref_2_ops:264,-0.2290487289428711,0.9692802429199219,0.06771087646484375,ambiref,8,264,-0.1201620101928711,-0.3492107391357422,0.8491182327270508,-0.052451133728027344,156,4,2,2,1,10,ambiref_2_ops
D,D_R_43222,chck_100M,43222,R,entity_gold_stale_cue_ablation,entityabl:539:ambiref_2_ops:266,-0.053704261779785156,3.2449803352355957,-0.14262628555297852,ambiref,8,266,1.0478806495666504,0.9941763877868652,4.292860984802246,0.9052543640136719,150,1,2,2,1,10,ambiref_2_ops
D,D_R_43222,chck_100M,43222,R,entity_gold_stale_cue_ablation,entityabl:53:regular_2_ops:134,-1.45269775390625,-1.2032179832458496,-0.14355754852294922,regular,7,134,1.8169679641723633,0.3642702102661133,0.6137499809265137,1.673410415649414,126,5,2,2,1,9,regular_2_ops
D,D_R_43222,chck_100M,43222,R,entity_gold_stale_cue_ablation,entityabl:540:ambiref_2_ops:270,-2.2953271865844727,0.7542328834533691,-0.9020929336547852,ambiref,8,270,2.260861396789551,-0.034465789794921875,3.01509428024292,1.3587684631347656,158,3,2,2,1,10,ambiref_2_ops
D,D_R_43222,chck_100M,43222,R,entity_gold_stale_cue_ablation,entityabl:541:ambiref_2_ops:271,-3.4026546478271484,1.3927583694458008,-3.4003748893737793,ambiref,8,271,0.9326848983764648,-2.4699697494506836,2.3254432678222656,-2.4676899909973145,155,1,2,2,1,10,ambiref_2_ops
D,D_R_43222,chck_100M,43222,R,entity_gold_stale_cue_ablation,entityabl:542:ambiref_2_ops:272,0.0658712387084961,0.011557579040527344,-0.0152130126953125,ambiref,8,272,-1.4949636459350586,-1.4290924072265625,-1.4834060668945312,-1.510176658630371,150,2,2,2,1,10,ambiref_2_ops
D,D_R_43222,chck_100M,43222,R,entity_gold_stale_cue_ablation,entityabl:543:ambiref_2_ops:275,-2.8587164878845215,4.907092094421387,-0.6780304908752441,ambiref,8,275,-4.979439735412598,-7.838156223297119,-0.07234764099121094,-5.657470226287842,158,1,2,2,1,10,ambiref_2_ops
D,D_R_43222,chck_100M,43222,R,entity_gold_stale_cue_ablation,entityabl:544:ambiref_2_ops:281,-0.11423397064208984,-0.14337158203125,0.060898780822753906,ambiref,8,281,-2.1086854934692383,-2.222919464111328,-2.2520570755004883,-2.0477867126464844,145,5,2,2,1,10,ambiref_2_ops
D,D_R_43222,chck_100M,43222,R,entity_gold_stale_cue_ablation,entityabl:545:ambiref_2_ops:282,0.1089944839477539,0.2389512062072754,-0.0016961097717285156,ambiref,8,282,-0.16121673583984375,-0.052222251892089844,0.07773447036743164,-0.16291284561157227,150,6,2,2,1,10,ambiref_2_ops
D,D_R_43222,chck_100M,43222,R,entity_gold_stale_cue_ablation,entityabl:546:ambiref_2_ops:284,-0.6951756477355957,0.4031820297241211,-0.695231556892395,ambiref,8,284,-8.17716670036316,-8.872342348098755,-7.773984670639038,-8.872398257255554,132,4,2,2,1,10,ambiref_2_ops
D,D_R_43222,chck_100M,43222,R,entity_gold_stale_cue_ablation,entityabl:547:ambiref_2_ops:285,0.5033512115478516,1.6402511596679688,0.22188568115234375,ambiref,8,285,-5.668168067932129,-5.164816856384277,-4.02791690826416,-5.446282386779785,144,5,2,2,1,10,ambiref_2_ops
D,D_R_43222,chck_100M,43222,R,entity_gold_stale_cue_ablation,entityabl:548:ambiref_2_ops:287,-0.2548079490661621,0.34304094314575195,0.013373851776123047,ambiref,9,287,-1.3401226997375488,-1.594930648803711,-0.9970817565917969,-1.3267488479614258,147,4,2,2,1,11,ambiref_2_ops
D,D_R_43222,chck_100M,43222,R,entity_gold_stale_cue_ablation,entityabl:549:ambiref_2_ops:288,-0.510533332824707,-0.24566936492919922,-1.0401191711425781,ambiref,9,288,0.8729934692382812,0.3624601364135742,0.627324104309082,-0.16712570190429688,157,5,2,2,1,11,ambiref_2_ops
D,D_R_43222,chck_100M,43222,R,entity_gold_stale_cue_ablation,entityabl:54:regular_2_ops:136,-1.0561323165893555,1.1508169174194336,-1.025266170501709,regular,7,136,2.5014452934265137,1.4453129768371582,3.6522622108459473,1.4761791229248047,146,6,2,2,1,9,regular_2_ops
D,D_R_43222,chck_100M,43222,R,entity_gold_stale_cue_ablation,entityabl:550:ambiref_2_ops:289,-2.301931381225586,1.0095620155334473,-2.249387741088867,ambiref,9,289,0.3111000061035156,-1.9908313751220703,1.320662021636963,-1.9382877349853516,164,1,2,2,1,11,ambiref_2_ops
D,D_R_43222,chck_100M,43222,R,entity_gold_stale_cue_ablation,entityabl:551:ambiref_2_ops:291,-4.013937950134277,1.1008634567260742,-0.5042028427124023,ambiref,9,291,2.472700595855713,-1.5412373542785645,3.573564052581787,1.9684977531433105,153,4,2,2,1,11,ambiref_2_ops
D,D_R_43222,chck_100M,43222,R,entity_gold_stale_cue_ablation,entityabl:552:ambiref_2_ops:296,0.2788200378417969,0.16200542449951172,0.06018352508544922,ambiref,9,296,1.4316282272338867,1.7104482650756836,1.5936336517333984,1.491811752319336,175,1,2,2,1,11,ambiref_2_ops
D,D_R_43222,chck_100M,43222,R,entity_gold_stale_cue_ablation,entityabl:553:ambiref_2_ops:298,-4.008159399032593,0.9756288528442383,-0.298983097076416,ambiref,9,298,1.2226018905639648,-2.785557508468628,2.198230743408203,0.9236187934875488,141,3,2,2,1,11,ambiref_2_ops
D,D_R_43222,chck_100M,43222,R,entity_gold_stale_cue_ablation,entityabl:554:ambiref_2_ops:300,0.5857858657836914,0.6837286949157715,0.5648632049560547,ambiref,9,300,3.925905227661133,4.511691093444824,4.609633922576904,4.4907684326171875,161,1,2,2,1,11,ambiref_2_ops
D,D_R_43222,chck_100M,43222,R,entity_gold_stale_cue_ablation,entityabl:555:ambiref_2_ops:302,0.11217641830444336,1.169961929321289,-0.354367733001709,ambiref,9,302,-3.113351345062256,-3.0011749267578125,-1.9433894157409668,-3.467719078063965,149,1,2,2,1,11,ambiref_2_ops
D,D_R_43222,chck_100M,43222,R,entity_gold_stale_cue_ablation,entityabl:556:ambiref_2_ops:304,0.4116640090942383,1.4801521301269531,0.0613865852355957,ambiref,9,304,-1.1052017211914062,-0.693537712097168,0.3749504089355469,-1.0438151359558105,161,5,2,2,1,11,ambiref_2_ops
D,D_R_43222,chck_100M,43222,R,entity_gold_stale_cue_ablation,entityabl:557:ambiref_2_ops:307,0.6917648315429688,0.6504147052764893,0.2836902141571045,ambiref,9,307,2.3423593044281006,3.0341241359710693,2.99277400970459,2.626049518585205,164,5,2,2,1,11,ambiref_2_ops
D,D_R_43222,chck_100M,43222,R,entity_gold_stale_cue_ablation,entityabl:558:ambiref_2_ops:311,-1.0646724700927734,0.7946014404296875,0.15830278396606445,ambiref,9,311,0.48644256591796875,-0.5782299041748047,1.2810440063476562,0.6447453498840332,158,1,2,2,1,11,ambiref_2_ops
D,D_R_43222,chck_100M,43222,R,entity_gold_stale_cue_ablation,entityabl:559:ambiref_2_ops:314,-1.0873994827270508,1.2710180282592773,2.0392980575561523,ambiref,9,314,0.9029264450073242,-0.18447303771972656,2.1739444732666016,2.9422245025634766,157,3,2,2,1,11,ambiref_2_ops
D,D_R_43222,chck_100M,43222,R,entity_gold_stale_cue_ablation,entityabl:55:regular_2_ops:137,-1.0828571319580078,1.0286369323730469,0.06385612487792969,regular,7,137,-0.9786443710327148,-2.0615015029907227,0.04999256134033203,-0.9147882461547852,139,3,2,2,1,9,regular_2_ops
D,D_R_43222,chck_100M,43222,R,entity_gold_stale_cue_ablation,entityabl:560:ambiref_2_ops:317,-0.45265722274780273,0.9150090217590332,-0.03675270080566406,ambiref,9,317,-0.14988183975219727,-0.6025390625,0.7651271820068359,-0.18663454055786133,159,5,2,2,1,11,ambiref_2_ops
D,D_R_43222,chck_100M,43222,R,entity_gold_stale_cue_ablation,entityabl:561:ambiref_2_ops:320,0.14911651611328125,0.9897756576538086,-0.24028587341308594,ambiref,9,320,-2.2952747344970703,-2.146158218383789,-1.3054990768432617,-2.5355606079101562,170,5,2,2,1,11,ambiref_2_ops
D,D_R_43222,chck_100M,43222,R,entity_gold_stale_cue_ablation,entityabl:562:ambiref_2_ops:321,0.11493396759033203,1.0221867561340332,0.4174766540527344,ambiref,9,321,-7.255011558532715,-7.140077590942383,-6.232824802398682,-6.8375349044799805,147,5,2,2,1,11,ambiref_2_ops
D,D_R_43222,chck_100M,43222,R,entity_gold_stale_cue_ablation,entityabl:563:ambiref_2_ops:329,-0.38523006439208984,1.652705192565918,-0.6963963508605957,ambiref,9,329,-2.047445297241211,-2.432675361633301,-0.39474010467529297,-2.7438416481018066,164,0,2,2,1,11,ambiref_2_ops
D,D_R_43222,chck_100M,43222,R,entity_gold_stale_cue_ablation,entityabl:564:ambiref_2_ops:333,-4.231809139251709,0.37153196334838867,-4.240557670593262,ambiref,9,333,4.3215179443359375,0.08970880508422852,4.693049907684326,0.08096027374267578,142,6,2,2,1,11,ambiref_2_ops
D,D_R_43222,chck_100M,43222,R,entity_gold_stale_cue_ablation,entityabl:565:ambiref_2_ops:334,0.8971652984619141,0.7068519592285156,0.05587148666381836,ambiref,9,334,-6.2877655029296875,-5.390600204467773,-5.580913543701172,-6.231894016265869,138,0,2,2,1,11,ambiref_2_ops
D,D_R_43222,chck_100M,43222,R,entity_gold_stale_cue_ablation,entityabl:566:ambiref_2_ops:335,0.015613555908203125,0.8569192886352539,0.09090042114257812,ambiref,9,335,1.1321239471435547,1.1477375030517578,1.9890432357788086,1.2230243682861328,160,5,2,2,1,11,ambiref_2_ops
D,D_R_43222,chck_100M,43222,R,entity_gold_stale_cue_ablation,entityabl:567:ambiref_2_ops:336,0.8013335466384888,0.761833667755127,0.16445398330688477,ambiref,9,336,-2.958217144012451,-2.1568835973739624,-2.196383476257324,-2.7937631607055664,151,3,2,2,1,11,ambiref_2_ops
D,D_R_43222,chck_100M,43222,R,entity_gold_stale_cue_ablation,entityabl:568:ambiref_2_ops:338,0.04129195213317871,0.6713759899139404,-0.47786545753479004,ambiref,9,338,0.404163122177124,0.44545507431030273,1.0755391120910645,-0.07370233535766602,165,6,2,2,1,11,ambiref_2_ops
D,D_R_43222,chck_100M,43222,R,entity_gold_stale_cue_ablation,entityabl:569:ambiref_2_ops:343,-1.7783697247505188,0.5850188136100769,-1.8310607075691223,ambiref,10,343,6.54564493894577,4.7672752141952515,7.130663752555847,4.714584231376648,187,6,2,2,1,12,ambiref_2_ops
D,D_R_43222,chck_100M,43222,R,entity_gold_stale_cue_ablation,entityabl:56:regular_2_ops:139,0.29026031494140625,0.06185626983642578,-0.14893627166748047,regular,7,139,1.6508560180664062,1.9411163330078125,1.712712287902832,1.5019197463989258,128,1,2,2,1,9,regular_2_ops
D,D_R_43222,chck_100M,43222,R,entity_gold_stale_cue_ablation,entityabl:570:ambiref_2_ops:356,-0.05314445495605469,1.1261334419250488,0.24936199188232422,ambiref,10,356,0.625432014465332,0.5722875595092773,1.7515654563903809,0.8747940063476562,175,1,2,2,1,12,ambiref_2_ops
D,D_R_43222,chck_100M,43222,R,entity_gold_stale_cue_ablation,entityabl:571:ambiref_2_ops:357,-0.17664527893066406,0.24829769134521484,-0.06803417205810547,ambiref,10,357,6.363351821899414,6.18670654296875,6.611649513244629,6.295317649841309,197,6,2,2,1,12,ambiref_2_ops
D,D_R_43222,chck_100M,43222,R,entity_gold_stale_cue_ablation,entityabl:572:ambiref_2_ops:358,-2.3872175216674805,0.5731115341186523,-1.087742805480957,ambiref,10,358,-1.2025032043457031,-3.5897207260131836,-0.6293916702270508,-2.29024600982666,158,1,2,2,1,12,ambiref_2_ops
D,D_R_43222,chck_100M,43222,R,entity_gold_stale_cue_ablation,entityabl:573:ambiref_2_ops:359,-0.35712432861328125,-0.20941638946533203,-0.13753557205200195,ambiref,10,359,0.8371973037719727,0.4800729751586914,0.6277809143066406,0.6996617317199707,147,5,2,2,1,12,ambiref_2_ops
D,D_R_43222,chck_100M,43222,R,entity_gold_stale_cue_ablation,entityabl:574:ambiref_2_ops:361,-0.011178970336914062,0.18762493133544922,0.1479339599609375,ambiref,10,361,1.8119773864746094,1.8007984161376953,1.9996023178100586,1.9599113464355469,184,1,2,2,1,12,ambiref_2_ops
D,D_R_43222,chck_100M,43222,R,entity_gold_stale_cue_ablation,entityabl:575:ambiref_2_ops:363,0.9211843013763428,0.6552300453186035,0.5031375885009766,ambiref,10,363,1.7742862701416016,2.6954705715179443,2.429516315460205,2.277423858642578,171,5,2,2,1,12,ambiref_2_ops
D,D_R_43222,chck_100M,43222,R,entity_gold_stale_cue_ablation,entityabl:576:ambiref_2_ops:365,0.5365185737609863,0.4991617202758789,0.9192469120025635,ambiref,10,365,-0.5449180603027344,-0.008399486541748047,-0.04575634002685547,0.3743288516998291,184,0,2,2,1,12,ambiref_2_ops
D,D_R_43222,chck_100M,43222,R,entity_gold_stale_cue_ablation,entityabl:577:ambiref_2_ops:371,0.3785362243652344,0.946019172668457,0.31235504150390625,ambiref,10,371,-6.560723304748535,-6.182187080383301,-5.614704132080078,-6.248368263244629,154,5,2,2,1,12,ambiref_2_ops
D,D_R_43222,chck_100M,43222,R,entity_gold_stale_cue_ablation,entityabl:578:ambiref_2_ops:378,-1.8425922393798828,0.14181137084960938,-1.925252914428711,ambiref,10,378,6.850961685180664,5.008369445800781,6.992773056030273,4.925708770751953,179,6,2,2,1,12,ambiref_2_ops
D,D_R_43222,chck_100M,43222,R,entity_gold_stale_cue_ablation,entityabl:579:ambiref_2_ops:379,0.24489927291870117,1.3247504234313965,-0.07401895523071289,ambiref,10,379,-1.5981030464172363,-1.3532037734985352,-0.27335262298583984,-1.6721220016479492,191,1,2,2,1,12,ambiref_2_ops
D,D_R_43222,chck_100M,43222,R,entity_gold_stale_cue_ablation,entityabl:57:regular_2_ops:141,-2.208688735961914,0.6083946228027344,-0.21007442474365234,regular,7,141,-0.3745403289794922,-2.5832290649414062,0.2338542938232422,-0.5846147537231445,131,3,2,2,1,9,regular_2_ops
D,D_R_43222,chck_100M,43222,R,entity_gold_stale_cue_ablation,entityabl:580:ambiref_2_ops:380,0.22614216804504395,0.5669529438018799,-0.18051695823669434,ambiref,10,380,-3.619267702102661,-3.393125534057617,-3.0523147583007812,-3.7997846603393555,184,1,2,2,1,12,ambiref_2_ops
D,D_R_43222,chck_100M,43222,R,entity_gold_stale_cue_ablation,entityabl:581:ambiref_2_ops:381,-1.0802741050720215,0.4299483299255371,-0.15184640884399414,ambiref,10,381,-0.31028223037719727,-1.3905563354492188,0.11966609954833984,-0.4621286392211914,152,6,2,2,1,12,ambiref_2_ops
D,D_R_43222,chck_100M,43222,R,entity_gold_stale_cue_ablation,entityabl:582:ambiref_2_ops:383,-0.393613338470459,1.5029044151306152,-0.20351648330688477,ambiref,10,383,-1.389671802520752,-1.783285140991211,0.11323261260986328,-1.5931882858276367,170,0,2,2,1,12,ambiref_2_ops
D,D_R_43222,chck_100M,43222,R,entity_gold_stale_cue_ablation,entityabl:583:ambiref_2_ops:384,-0.11843442916870117,0.1822805404663086,-0.20278596878051758,ambiref,10,384,1.3256211280822754,1.2071866989135742,1.507901668548584,1.1228351593017578,158,2,2,2,1,12,ambiref_2_ops
D,D_R_43222,chck_100M,43222,R,entity_gold_stale_cue_ablation,entityabl:584:ambiref_2_ops:387,-0.27490854263305664,0.4523799419403076,-0.06419491767883301,ambiref,10,387,1.0775363445281982,0.8026278018951416,1.5299162864685059,1.0133414268493652,174,6,2,2,1,12,ambiref_2_ops
D,D_R_43222,chck_100M,43222,R,entity_gold_stale_cue_ablation,entityabl:585:ambiref_2_ops:388,0.12067413330078125,0.45597362518310547,0.28545665740966797,ambiref,10,388,1.3584051132202148,1.479079246520996,1.8143787384033203,1.6438617706298828,191,5,2,2,1,12,ambiref_2_ops
D,D_R_43222,chck_100M,43222,R,entity_gold_stale_cue_ablation,entityabl:586:ambiref_2_ops:391,-0.48664331436157227,2.1433053016662598,0.5429015159606934,ambiref,10,391,-1.3031373023986816,-1.789780616760254,0.8401679992675781,-0.7602357864379883,141,1,2,2,1,12,ambiref_2_ops
D,D_R_43222,chck_100M,43222,R,entity_gold_stale_cue_ablation,entityabl:587:ambiref_2_ops:393,0.13979339599609375,0.05587959289550781,0.13441753387451172,ambiref,10,393,-0.24260330200195312,-0.10280990600585938,-0.1867237091064453,-0.1081857681274414,166,2,2,2,1,12,ambiref_2_ops
D,D_R_43222,chck_100M,43222,R,entity_gold_stale_cue_ablation,entityabl:588:ambiref_2_ops:405,-0.855435848236084,-0.06565475463867188,0.03979682922363281,ambiref,0,405,-0.9781684875488281,-1.833604335784912,-1.0438232421875,-0.9383716583251953,64,3,2,2,1,2,ambiref_2_ops
D,D_R_43222,chck_100M,43222,R,entity_gold_stale_cue_ablation,entityabl:589:ambiref_2_ops:406,-0.7943367958068848,-0.7232010364532471,-0.6438043117523193,ambiref,0,406,2.7100419998168945,1.9157052040100098,1.9868409633636475,2.066237688064575,73,1,2,2,1,2,ambiref_2_ops
D,D_R_43222,chck_100M,43222,R,entity_gold_stale_cue_ablation,entityabl:58:regular_2_ops:142,-3.6533071994781494,1.3937039375305176,-1.2259950637817383,regular,7,142,-2.4245104789733887,-6.077817678451538,-1.030806541442871,-3.650505542755127,118,3,2,2,1,9,regular_2_ops
D,D_R_43222,chck_100M,43222,R,entity_gold_stale_cue_ablation,entityabl:590:ambiref_3_ops:4,0.7617766857147217,0.23465204238891602,0.27161741256713867,ambiref,3,4,1.0634765625,1.8252532482147217,1.298128604888916,1.3350939750671387,131,1,3,3,1,6,ambiref_3_ops
D,D_R_43222,chck_100M,43222,R,entity_gold_stale_cue_ablation,entityabl:591:ambiref_3_ops:5,-1.4476652145385742,-0.06460142135620117,-0.8307499885559082,ambiref,3,5,-5.1299214363098145,-6.577586650848389,-5.194522857666016,-5.960671424865723,147,3,3,3,1,6,ambiref_3_ops
D,D_R_43222,chck_100M,43222,R,entity_gold_stale_cue_ablation,entityabl:592:ambiref_3_ops:7,-0.4957447052001953,0.666839599609375,0.3574037551879883,ambiref,3,7,-0.39020729064941406,-0.8859519958496094,0.27663230895996094,-0.03280353546142578,124,3,3,3,1,6,ambiref_3_ops
D,D_R_43222,chck_100M,43222,R,entity_gold_stale_cue_ablation,entityabl:593:ambiref_3_ops:10,1.4010541439056396,-2.737356185913086,-0.9339025020599365,ambiref,3,10,-0.9876823425292969,0.4133718013763428,-3.725038528442383,-1.9215848445892334,114,5,3,3,1,6,ambiref_3_ops
D,D_R_43222,chck_100M,43222,R,entity_gold_stale_cue_ablation,entityabl:594:ambiref_3_ops:11,-10.439046859741211,0.09177780151367188,-6.176392078399658,ambiref,3,11,0.08066606521606445,-10.358380794525146,0.17244386672973633,-6.095726013183594,123,2,3,3,1,6,ambiref_3_ops
D,D_R_43222,chck_100M,43222,R,entity_gold_stale_cue_ablation,entityabl:595:ambiref_3_ops:12,-4.9744343757629395,0.6199355125427246,-3.4374070167541504,ambiref,3,12,3.0541834831237793,-1.9202508926391602,3.674118995666504,-0.3832235336303711,127,2,3,3,1,6,ambiref_3_ops
D,D_R_43222,chck_100M,43222,R,entity_gold_stale_cue_ablation,entityabl:596:ambiref_3_ops:15,-4.608832776546478,2.062833786010742,-1.9534387588500977,ambiref,3,15,-0.7908720970153809,-5.399704873561859,1.2719616889953613,-2.7443108558654785,132,5,3,3,1,6,ambiref_3_ops
D,D_R_43222,chck_100M,43222,R,entity_gold_stale_cue_ablation,entityabl:597:ambiref_3_ops:17,-8.169471979141235,3.0864815711975098,-0.9726629257202148,ambiref,3,17,-2.3746376037597656,-10.544109582901001,0.7118439674377441,-3.3473005294799805,115,3,3,3,1,6,ambiref_3_ops
D,D_R_43222,chck_100M,43222,R,entity_gold_stale_cue_ablation,entityabl:598:ambiref_3_ops:19,-2.279529571533203,3.2261791229248047,0.5414700508117676,ambiref,4,19,0.902099609375,-1.3774299621582031,4.128278732299805,1.4435696601867676,141,1,3,3,1,7,ambiref_3_ops
D,D_R_43222,chck_100M,43222,R,entity_gold_stale_cue_ablation,entityabl:599:ambiref_3_ops:21,-0.9755096435546875,3.276883602142334,-1.8834404945373535,ambiref,4,21,-4.052169322967529,-5.027678966522217,-0.7752857208251953,-5.935609817504883,133,0,3,3,1,7,ambiref_3_ops
D,D_R_43222,chck_100M,43222,R,entity_gold_stale_cue_ablation,entityabl:59:regular_2_ops:143,-0.9702906608581543,0.19443178176879883,-0.7320756912231445,regular,7,143,-1.2642755508422852,-2.2345662117004395,-1.0698437690734863,-1.9963512420654297,106,1,2,2,1,9,regular_2_ops
D,D_R_43222,chck_100M,43222,R,entity_gold_stale_cue_ablation,entityabl:5:regular_2_ops:17,-3.1934876441955566,0.6788558959960938,-0.786440372467041,regular,1,17,-1.6051054000854492,-4.798593044281006,-0.9262495040893555,-2.3915457725524902,69,2,2,2,1,3,regular_2_ops
D,D_R_43222,chck_100M,43222,R,entity_gold_stale_cue_ablation,entityabl:600:ambiref_3_ops:22,-7.667538166046143,3.170959949493408,-0.7134265899658203,ambiref,4,22,-2.360487461090088,-10.02802562713623,0.8104724884033203,-3.073914051055908,124,3,3,3,1,7,ambiref_3_ops
D,D_R_43222,chck_100M,43222,R,entity_gold_stale_cue_ablation,entityabl:601:ambiref_3_ops:37,-2.6865835189819336,0.12721729278564453,-0.4138965606689453,ambiref,4,37,3.869542121887207,1.1829586029052734,3.9967594146728516,3.4556455612182617,155,3,3,3,1,7,ambiref_3_ops
D,D_R_43222,chck_100M,43222,R,entity_gold_stale_cue_ablation,entityabl:602:ambiref_3_ops:42,-0.5721664428710938,0.1728067398071289,-0.3312835693359375,ambiref,4,42,0.09234428405761719,-0.47982215881347656,0.2651510238647461,-0.2389392852783203,135,6,3,3,1,7,ambiref_3_ops
D,D_R_43222,chck_100M,43222,R,entity_gold_stale_cue_ablation,entityabl:603:ambiref_3_ops:44,-0.8393144607543945,-0.17827653884887695,-0.5709795951843262,ambiref,4,44,-5.0557332038879395,-5.895047664642334,-5.234009742736816,-5.626712799072266,153,3,3,3,1,7,ambiref_3_ops
D,D_R_43222,chck_100M,43222,R,entity_gold_stale_cue_ablation,entityabl:604:ambiref_3_ops:47,-7.63548356294632,-0.7232847213745117,2.9836301803588867,ambiref,4,47,-4.256262302398682,-11.891745865345001,-4.979547023773193,-1.272632122039795,116,3,3,3,1,7,ambiref_3_ops
D,D_R_43222,chck_100M,43222,R,entity_gold_stale_cue_ablation,entityabl:605:ambiref_3_ops:52,-2.473501205444336,0.6093506813049316,-2.4797582626342773,ambiref,4,52,4.68454647064209,2.211045265197754,5.2938971519470215,2.2047882080078125,126,5,3,3,1,7,ambiref_3_ops
D,D_R_43222,chck_100M,43222,R,entity_gold_stale_cue_ablation,entityabl:606:ambiref_3_ops:53,-0.1468524932861328,-0.12877655029296875,-0.06090354919433594,ambiref,5,53,-2.518174171447754,-2.6650266647338867,-2.6469507217407227,-2.57907772064209,137,2,3,3,1,8,ambiref_3_ops
D,D_R_43222,chck_100M,43222,R,entity_gold_stale_cue_ablation,entityabl:607:ambiref_3_ops:55,-1.0088534355163574,0.7828631401062012,-0.2129831314086914,ambiref,5,55,3.0912628173828125,2.082409381866455,3.8741259574890137,2.878279685974121,136,5,3,3,1,8,ambiref_3_ops
D,D_R_43222,chck_100M,43222,R,entity_gold_stale_cue_ablation,entityabl:608:ambiref_3_ops:62,-2.1601953506469727,0.5697870254516602,-0.30528831481933594,ambiref,5,62,-5.070796966552734,-7.230992317199707,-4.501009941101074,-5.37608528137207,144,5,3,3,1,8,ambiref_3_ops
D,D_R_43222,chck_100M,43222,R,entity_gold_stale_cue_ablation,entityabl:609:ambiref_3_ops:68,-5.362625360488892,1.6879973411560059,0.08363628387451172,ambiref,5,68,4.527320861816406,-0.8353044986724854,6.215318202972412,4.610957145690918,116,0,3,3,1,8,ambiref_3_ops
D,D_R_43222,chck_100M,43222,R,entity_gold_stale_cue_ablation,entityabl:60:regular_2_ops:144,-1.0785999298095703,-0.09444236755371094,-0.8948383331298828,regular,7,144,-1.9914541244506836,-3.070054054260254,-2.0858964920043945,-2.8862924575805664,117,3,2,2,1,9,regular_2_ops
D,D_R_43222,chck_100M,43222,R,entity_gold_stale_cue_ablation,entityabl:610:ambiref_3_ops:70,-2.365652084350586,0.7493715286254883,-2.4258909225463867,ambiref,5,70,1.2511310577392578,-1.1145210266113281,2.000502586364746,-1.174759864807129,159,1,3,3,1,8,ambiref_3_ops
D,D_R_43222,chck_100M,43222,R,entity_gold_stale_cue_ablation,entityabl:611:ambiref_3_ops:71,-2.3713817596435547,0.5280423164367676,0.9664797782897949,ambiref,5,71,-0.45010995864868164,-2.8214917182922363,0.07793235778808594,0.5163698196411133,131,2,3,3,1,8,ambiref_3_ops
D,D_R_43222,chck_100M,43222,R,entity_gold_stale_cue_ablation,entityabl:612:ambiref_3_ops:73,1.4540247917175293,0.22664976119995117,0.37037086486816406,ambiref,5,73,-0.5620250701904297,0.8919997215270996,-0.3353753089904785,-0.19165420532226562,112,6,3,3,1,8,ambiref_3_ops
D,D_R_43222,chck_100M,43222,R,entity_gold_stale_cue_ablation,entityabl:613:ambiref_3_ops:76,-0.5239114761352539,0.17882156372070312,-0.08387088775634766,ambiref,5,76,0.29839611053466797,-0.22551536560058594,0.4772176742553711,0.2145252227783203,147,1,3,3,1,8,ambiref_3_ops
D,D_R_43222,chck_100M,43222,R,entity_gold_stale_cue_ablation,entityabl:614:ambiref_3_ops:78,0.544804573059082,1.89701509475708,1.2804980278015137,ambiref,5,78,-9.231926918029785,-8.687122344970703,-7.334911823272705,-7.9514288902282715,150,4,3,3,1,8,ambiref_3_ops
D,D_R_43222,chck_100M,43222,R,entity_gold_stale_cue_ablation,entityabl:615:ambiref_3_ops:86,-2.577144145965576,2.58231258392334,-1.9169507026672363,ambiref,5,86,0.9671111106872559,-1.6100330352783203,3.5494236946105957,-0.9498395919799805,150,4,3,3,1,8,ambiref_3_ops
D,D_R_43222,chck_100M,43222,R,entity_gold_stale_cue_ablation,entityabl:616:ambiref_3_ops:87,-1.6121795177459717,0.17023611068725586,-1.0780949592590332,ambiref,5,87,2.515660285949707,0.9034807682037354,2.685896396636963,1.4375653266906738,148,6,3,3,1,8,ambiref_3_ops
D,D_R_43222,chck_100M,43222,R,entity_gold_stale_cue_ablation,entityabl:617:ambiref_3_ops:88,-0.6985936164855957,0.8194231986999512,-0.1372394561767578,ambiref,5,88,-5.786715984344482,-6.485309600830078,-4.967292785644531,-5.92395544052124,160,3,3,3,1,8,ambiref_3_ops
D,D_R_43222,chck_100M,43222,R,entity_gold_stale_cue_ablation,entityabl:618:ambiref_3_ops:90,-3.322622776031494,-0.0008144378662109375,-0.9942913055419922,ambiref,5,90,-1.5091562271118164,-4.8317790031433105,-1.5099706649780273,-2.5034475326538086,135,6,3,3,1,8,ambiref_3_ops
D,D_R_43222,chck_100M,43222,R,entity_gold_stale_cue_ablation,entityabl:619:ambiref_3_ops:92,-0.3107227683067322,4.797144830226898,2.311165750026703,ambiref,5,92,2.667945921421051,2.357223153114319,7.465090751647949,4.979111671447754,150,0,3,3,1,8,ambiref_3_ops
D,D_R_43222,chck_100M,43222,R,entity_gold_stale_cue_ablation,entityabl:61:regular_2_ops:146,-3.466991424560547,0.3095569610595703,1.1892585754394531,regular,7,146,1.734288215637207,-1.7327032089233398,2.0438451766967773,2.92354679107666,154,4,2,2,1,9,regular_2_ops
D,D_R_43222,chck_100M,43222,R,entity_gold_stale_cue_ablation,entityabl:620:ambiref_3_ops:93,-1.0810251235961914,0.8766145706176758,-1.3014392852783203,ambiref,5,93,-0.4967212677001953,-1.5777463912963867,0.37989330291748047,-1.7981605529785156,147,2,3,3,1,8,ambiref_3_ops
D,D_R_43222,chck_100M,43222,R,entity_gold_stale_cue_ablation,entityabl:621:ambiref_3_ops:101,-0.7172856330871582,2.3240084648132324,-1.1234288215637207,ambiref,6,101,1.2024693489074707,0.4851837158203125,3.526477813720703,0.07904052734375,160,5,3,3,1,9,ambiref_3_ops
D,D_R_43222,chck_100M,43222,R,entity_gold_stale_cue_ablation,entityabl:622:ambiref_3_ops:103,0.026599884033203125,0.33944225311279297,-0.21162891387939453,ambiref,6,103,-0.3805522918701172,-0.35395240783691406,-0.04111003875732422,-0.5921812057495117,150,3,3,3,1,9,ambiref_3_ops
D,D_R_43222,chck_100M,43222,R,entity_gold_stale_cue_ablation,entityabl:623:ambiref_3_ops:109,-8.164896488189697,-0.03705406188964844,-0.6786694526672363,ambiref,6,109,0.5277857780456543,-7.637110710144043,0.49073171615600586,-0.15088367462158203,142,2,3,3,1,9,ambiref_3_ops
D,D_R_43222,chck_100M,43222,R,entity_gold_stale_cue_ablation,entityabl:624:ambiref_3_ops:110,-0.3139815330505371,1.2105579376220703,0.11092853546142578,ambiref,6,110,-9.890739440917969,-10.204720973968506,-8.680181503295898,-9.779810905456543,162,4,3,3,1,9,ambiref_3_ops
D,D_R_43222,chck_100M,43222,R,entity_gold_stale_cue_ablation,entityabl:625:ambiref_3_ops:111,-4.043560981750488,1.3005132675170898,0.4097156524658203,ambiref,6,111,4.495875358581543,0.4523143768310547,5.796388626098633,4.905591011047363,161,1,3,3,1,9,ambiref_3_ops
D,D_R_43222,chck_100M,43222,R,entity_gold_stale_cue_ablation,entityabl:626:ambiref_3_ops:114,-0.16983318328857422,1.446528434753418,-0.02235698699951172,ambiref,6,114,2.0591182708740234,1.8892850875854492,3.5056467056274414,2.0367612838745117,153,1,3,3,1,9,ambiref_3_ops
D,D_R_43222,chck_100M,43222,R,entity_gold_stale_cue_ablation,entityabl:627:ambiref_3_ops:115,0.9933109283447266,0.6321041584014893,-0.18217802047729492,ambiref,6,115,-2.3422913551330566,-1.34898042678833,-1.7101871967315674,-2.5244693756103516,165,6,3,3,1,9,ambiref_3_ops
D,D_R_43222,chck_100M,43222,R,entity_gold_stale_cue_ablation,entityabl:628:ambiref_3_ops:117,0.3657522201538086,4.28464937210083,-0.43882131576538086,ambiref,6,117,-5.332557678222656,-4.966805458068848,-1.0479083061218262,-5.771378993988037,143,4,3,3,1,9,ambiref_3_ops
D,D_R_43222,chck_100M,43222,R,entity_gold_stale_cue_ablation,entityabl:629:ambiref_3_ops:119,1.6692538261413574,0.14313840866088867,0.002109050750732422,ambiref,6,119,-0.5016775131225586,1.1675763130187988,-0.3585391044616699,-0.49956846237182617,118,6,3,3,1,9,ambiref_3_ops
D,D_R_43222,chck_100M,43222,R,entity_gold_stale_cue_ablation,entityabl:62:regular_2_ops:147,3.075101852416992,1.6833343505859375,0.11904525756835938,regular,7,147,-4.46562385559082,-1.3905220031738281,-2.782289505004883,-4.346578598022461,124,0,2,2,1,9,regular_2_ops
D,D_R_43222,chck_100M,43222,R,entity_gold_stale_cue_ablation,entityabl:630:ambiref_3_ops:121,-0.24377870559692383,0.8887653350830078,-0.4466085433959961,ambiref,6,121,1.4363107681274414,1.1925320625305176,2.325076103210449,0.9897022247314453,130,1,3,3,1,9,ambiref_3_ops
D,D_R_43222,chck_100M,43222,R,entity_gold_stale_cue_ablation,entityabl:631:ambiref_3_ops:122,-2.5752077102661133,0.38921165466308594,-0.5327548980712891,ambiref,6,122,0.24149036407470703,-2.3337173461914062,0.630702018737793,-0.29126453399658203,148,0,3,3,1,9,ambiref_3_ops
D,D_R_43222,chck_100M,43222,R,entity_gold_stale_cue_ablation,entityabl:632:ambiref_3_ops:123,-0.2547187805175781,0.18968868255615234,-0.28029966354370117,ambiref,6,123,-5.967705726623535,-6.222424507141113,-5.778017044067383,-6.248005390167236,167,3,3,3,1,9,ambiref_3_ops
D,D_R_43222,chck_100M,43222,R,entity_gold_stale_cue_ablation,entityabl:633:ambiref_3_ops:133,-0.315018892288208,0.4651615619659424,-0.8267157077789307,ambiref,6,133,-3.673255681991577,-3.988274574279785,-3.2080941200256348,-4.499971389770508,144,5,3,3,1,9,ambiref_3_ops
D,D_R_43222,chck_100M,43222,R,entity_gold_stale_cue_ablation,entityabl:634:ambiref_3_ops:138,-0.7891950607299805,1.4211311340332031,0.3496103286743164,ambiref,6,138,-2.3575220108032227,-3.146717071533203,-0.9363908767700195,-2.0079116821289062,143,3,3,3,1,9,ambiref_3_ops
D,D_R_43222,chck_100M,43222,R,entity_gold_stale_cue_ablation,entityabl:635:ambiref_3_ops:141,-2.1641311645507812,0.4089937210083008,-0.6340999603271484,ambiref,6,141,-2.0264272689819336,-4.190558433532715,-1.6174335479736328,-2.660527229309082,141,6,3,3,1,9,ambiref_3_ops
D,D_R_43222,chck_100M,43222,R,entity_gold_stale_cue_ablation,entityabl:636:ambiref_3_ops:148,-1.4829306602478027,1.6158361434936523,0.3855266571044922,ambiref,6,148,5.389008045196533,3.9060773849487305,7.0048441886901855,5.774534702301025,153,3,3,3,1,9,ambiref_3_ops
D,D_R_43222,chck_100M,43222,R,entity_gold_stale_cue_ablation,entityabl:637:ambiref_3_ops:150,-2.5193047523498535,3.0016074180603027,-0.8535213470458984,ambiref,6,150,1.5696310997009277,-0.9496736526489258,4.5712385177612305,0.7161097526550293,157,4,3,3,1,9,ambiref_3_ops
D,D_R_43222,chck_100M,43222,R,entity_gold_stale_cue_ablation,entityabl:638:ambiref_3_ops:152,-0.6186246871948242,0.12455463409423828,0.42430973052978516,ambiref,6,152,1.3057851791381836,0.6871604919433594,1.4303398132324219,1.7300949096679688,143,5,3,3,1,9,ambiref_3_ops
D,D_R_43222,chck_100M,43222,R,entity_gold_stale_cue_ablation,entityabl:639:ambiref_3_ops:154,-2.8942036628723145,0.479799747467041,-2.95491361618042,ambiref,7,154,2.9923863410949707,0.09818267822265625,3.4721860885620117,0.03747272491455078,135,6,3,3,1,10,ambiref_3_ops
D,D_R_43222,chck_100M,43222,R,entity_gold_stale_cue_ablation,entityabl:63:regular_2_ops:149,-2.067446708679199,-0.26795387268066406,-1.3218708038330078,regular,7,149,1.5559005737304688,-0.5115461349487305,1.2879467010498047,0.23402976989746094,126,5,2,2,1,9,regular_2_ops
D,D_R_43222,chck_100M,43222,R,entity_gold_stale_cue_ablation,entityabl:640:ambiref_3_ops:161,-4.592904090881348,1.1380605697631836,1.370260238647461,ambiref,7,161,0.07838249206542969,-4.514521598815918,1.2164430618286133,1.4486427307128906,150,2,3,3,1,10,ambiref_3_ops
D,D_R_43222,chck_100M,43222,R,entity_gold_stale_cue_ablation,entityabl:641:ambiref_3_ops:162,1.0521016120910645,0.29869747161865234,1.2834491729736328,ambiref,7,162,-2.604827880859375,-1.5527262687683105,-2.3061304092407227,-1.3213787078857422,140,3,3,3,1,10,ambiref_3_ops
D,D_R_43222,chck_100M,43222,R,entity_gold_stale_cue_ablation,entityabl:642:ambiref_3_ops:170,-0.1939697265625,0.12036323547363281,-0.30658817291259766,ambiref,7,170,-0.2705345153808594,-0.4645042419433594,-0.15017127990722656,-0.577122688293457,159,3,3,3,1,10,ambiref_3_ops
D,D_R_43222,chck_100M,43222,R,entity_gold_stale_cue_ablation,entityabl:643:ambiref_3_ops:172,0.6577978134155273,1.9499154090881348,0.8786873817443848,ambiref,7,172,1.3992133140563965,2.057011127471924,3.3491287231445312,2.2779006958007812,151,2,3,3,1,10,ambiref_3_ops
D,D_R_43222,chck_100M,43222,R,entity_gold_stale_cue_ablation,entityabl:644:ambiref_3_ops:177,-0.13350296020507812,-0.15791082382202148,0.27950334548950195,ambiref,7,177,-2.180016040802002,-2.31351900100708,-2.3379268646240234,-1.9005126953125,158,3,3,3,1,10,ambiref_3_ops
D,D_R_43222,chck_100M,43222,R,entity_gold_stale_cue_ablation,entityabl:645:ambiref_3_ops:183,-0.32929086685180664,1.6402630805969238,0.39917850494384766,ambiref,7,183,-2.472245693206787,-2.8015365600585938,-0.8319826126098633,-2.0730671882629395,152,3,3,3,1,10,ambiref_3_ops
D,D_R_43222,chck_100M,43222,R,entity_gold_stale_cue_ablation,entityabl:646:ambiref_3_ops:184,-0.485443115234375,-0.2859344482421875,0.09176826477050781,ambiref,7,184,2.355851173400879,1.870408058166504,2.0699167251586914,2.4476194381713867,135,3,3,3,1,10,ambiref_3_ops
D,D_R_43222,chck_100M,43222,R,entity_gold_stale_cue_ablation,entityabl:647:ambiref_3_ops:185,-0.41509437561035156,0.19973182678222656,-0.516054630279541,ambiref,7,185,-9.121886253356934,-9.536980628967285,-8.922154426574707,-9.637940883636475,168,4,3,3,1,10,ambiref_3_ops
D,D_R_43222,chck_100M,43222,R,entity_gold_stale_cue_ablation,entityabl:648:ambiref_3_ops:193,-2.1961615085601807,3.361117362976074,-0.03063225746154785,ambiref,7,193,-3.481346607208252,-5.677508115768433,-0.12022924423217773,-3.5119788646698,172,0,3,3,1,10,ambiref_3_ops
D,D_R_43222,chck_100M,43222,R,entity_gold_stale_cue_ablation,entityabl:649:ambiref_3_ops:194,0.009029388427734375,1.5226860046386719,0.7238864898681641,ambiref,7,194,2.3061838150024414,2.315213203430176,3.8288698196411133,3.0300703048706055,174,4,3,3,1,10,ambiref_3_ops
D,D_R_43222,chck_100M,43222,R,entity_gold_stale_cue_ablation,entityabl:64:regular_2_ops:152,-0.06426596641540527,0.3078742027282715,-0.0412905216217041,regular,7,152,4.568430423736572,4.504164457321167,4.876304626464844,4.527139902114868,133,6,2,2,1,9,regular_2_ops
D,D_R_43222,chck_100M,43222,R,entity_gold_stale_cue_ablation,entityabl:650:ambiref_3_ops:201,-1.6181755065917969,1.466601848602295,0.19223523139953613,ambiref,7,201,4.475982904434204,2.8578073978424072,5.942584753036499,4.66821813583374,133,0,3,3,1,10,ambiref_3_ops
D,D_R_43222,chck_100M,43222,R,entity_gold_stale_cue_ablation,entityabl:651:ambiref_3_ops:204,-0.24692153930664062,-0.057044029235839844,0.03670310974121094,ambiref,7,204,-2.1812143325805664,-2.428135871887207,-2.2382583618164062,-2.1445112228393555,157,2,3,3,1,10,ambiref_3_ops
D,D_R_43222,chck_100M,43222,R,entity_gold_stale_cue_ablation,entityabl:652:ambiref_3_ops:205,-0.0945119857788086,1.180314064025879,-1.076399803161621,ambiref,7,205,-1.3462858200073242,-1.4407978057861328,-0.1659717559814453,-2.4226856231689453,160,2,3,3,1,10,ambiref_3_ops
D,D_R_43222,chck_100M,43222,R,entity_gold_stale_cue_ablation,entityabl:653:ambiref_3_ops:207,-2.7182788848876953,3.7245540618896484,2.758615016937256,ambiref,7,207,1.778731346130371,-0.9395475387573242,5.5032854080200195,4.537346363067627,170,1,3,3,1,10,ambiref_3_ops
D,D_R_43222,chck_100M,43222,R,entity_gold_stale_cue_ablation,entityabl:654:ambiref_3_ops:210,0.08471965789794922,0.7698545455932617,0.2574453353881836,ambiref,7,210,-1.3331413269042969,-1.2484216690063477,-0.5632867813110352,-1.0756959915161133,155,3,3,3,1,10,ambiref_3_ops
D,D_R_43222,chck_100M,43222,R,entity_gold_stale_cue_ablation,entityabl:655:ambiref_3_ops:218,-0.2704782485961914,0.04984760284423828,-0.27114391326904297,ambiref,8,218,0.006461143493652344,-0.26401710510253906,0.056308746337890625,-0.2646827697753906,163,5,3,3,1,11,ambiref_3_ops
D,D_R_43222,chck_100M,43222,R,entity_gold_stale_cue_ablation,entityabl:656:ambiref_3_ops:220,-1.0824298858642578,0.4419984817504883,0.04203224182128906,ambiref,8,220,-0.43015289306640625,-1.512582778930664,0.011845588684082031,-0.3881206512451172,146,2,3,3,1,11,ambiref_3_ops
D,D_R_43222,chck_100M,43222,R,entity_gold_stale_cue_ablation,entityabl:657:ambiref_3_ops:221,0.7741222381591797,1.6076602935791016,-0.09372711181640625,ambiref,8,221,-1.8770570755004883,-1.1029348373413086,-0.2693967819213867,-1.9707841873168945,166,2,3,3,1,11,ambiref_3_ops
D,D_R_43222,chck_100M,43222,R,entity_gold_stale_cue_ablation,entityabl:658:ambiref_3_ops:222,-3.859532356262207,1.643244743347168,-0.11609554290771484,ambiref,8,222,-3.974609375,-7.834141731262207,-2.331364631652832,-4.090704917907715,147,5,3,3,1,11,ambiref_3_ops
D,D_R_43222,chck_100M,43222,R,entity_gold_stale_cue_ablation,entityabl:659:ambiref_3_ops:224,-0.9218378067016602,0.4670372009277344,-0.3491396903991699,ambiref,8,224,-3.007833480834961,-3.929671287536621,-2.5407962799072266,-3.356973171234131,156,6,3,3,1,11,ambiref_3_ops
D,D_R_43222,chck_100M,43222,R,entity_gold_stale_cue_ablation,entityabl:65:regular_2_ops:154,-0.2693662643432617,-0.08197402954101562,-0.11192989349365234,regular,7,154,-0.020913124084472656,-0.2902793884277344,-0.10288715362548828,-0.132843017578125,133,0,2,2,1,9,regular_2_ops
D,D_R_43222,chck_100M,43222,R,entity_gold_stale_cue_ablation,entityabl:660:ambiref_3_ops:225,-1.6624956130981445,1.1836113929748535,-2.263237476348877,ambiref,8,225,-1.8425326347351074,-3.505028247833252,-0.6589212417602539,-4.105770111083984,175,0,3,3,1,11,ambiref_3_ops
D,D_R_43222,chck_100M,43222,R,entity_gold_stale_cue_ablation,entityabl:661:ambiref_3_ops:226,-0.06621122360229492,-0.12195730209350586,0.28200340270996094,ambiref,8,226,-2.1524405479431152,-2.21865177154541,-2.274397850036621,-1.8704371452331543,164,3,3,3,1,11,ambiref_3_ops
D,D_R_43222,chck_100M,43222,R,entity_gold_stale_cue_ablation,entityabl:662:ambiref_3_ops:227,1.3013339042663574,3.822350025177002,1.0694999694824219,ambiref,8,227,-7.970312595367432,-6.668978691101074,-4.14796257019043,-6.90081262588501,176,3,3,3,1,11,ambiref_3_ops
D,D_R_43222,chck_100M,43222,R,entity_gold_stale_cue_ablation,entityabl:663:ambiref_3_ops:228,-0.5701231956481934,0.2912745475769043,0.11675167083740234,ambiref,8,228,1.4905519485473633,0.9204287528991699,1.7818264961242676,1.6073036193847656,154,6,3,3,1,11,ambiref_3_ops
D,D_R_43222,chck_100M,43222,R,entity_gold_stale_cue_ablation,entityabl:664:ambiref_3_ops:230,0.7649269104003906,0.7146844863891602,0.0787200927734375,ambiref,8,230,-2.020421028137207,-1.2554941177368164,-1.3057365417480469,-1.9417009353637695,180,6,3,3,1,11,ambiref_3_ops
D,D_R_43222,chck_100M,43222,R,entity_gold_stale_cue_ablation,entityabl:665:ambiref_3_ops:237,-1.203303337097168,-0.28098392486572266,-0.011853218078613281,ambiref,8,237,1.8439207077026367,0.6406173706054688,1.562936782836914,1.8320674896240234,147,3,3,3,1,11,ambiref_3_ops
D,D_R_43222,chck_100M,43222,R,entity_gold_stale_cue_ablation,entityabl:666:ambiref_3_ops:239,-0.14482450485229492,0.6646685600280762,0.1709761619567871,ambiref,8,239,-1.2930407524108887,-1.4378652572631836,-0.6283721923828125,-1.1220645904541016,161,3,3,3,1,11,ambiref_3_ops
D,D_R_43222,chck_100M,43222,R,entity_gold_stale_cue_ablation,entityabl:667:ambiref_3_ops:241,-0.5083837509155273,1.9057703018188477,-0.6577014923095703,ambiref,8,241,1.9477548599243164,1.439371109008789,3.853525161743164,1.290053367614746,178,5,3,3,1,11,ambiref_3_ops
D,D_R_43222,chck_100M,43222,R,entity_gold_stale_cue_ablation,entityabl:668:ambiref_3_ops:249,-3.528217315673828,0.7909345626831055,-3.5994205474853516,ambiref,8,249,0.5338420867919922,-2.994375228881836,1.3247766494750977,-3.0655784606933594,164,0,3,3,1,11,ambiref_3_ops
D,D_R_43222,chck_100M,43222,R,entity_gold_stale_cue_ablation,entityabl:669:ambiref_3_ops:253,-0.1423492431640625,1.320838451385498,-0.15306425094604492,ambiref,8,253,-0.16543245315551758,-0.3077816963195801,1.1554059982299805,-0.3184967041015625,166,2,3,3,1,11,ambiref_3_ops
D,D_R_43222,chck_100M,43222,R,entity_gold_stale_cue_ablation,entityabl:66:regular_2_ops:155,-5.436883747577667,2.280315399169922,-0.6193060874938965,regular,7,155,-1.9054231643676758,-7.342306911945343,0.3748922348022461,-2.5247292518615723,132,6,2,2,1,9,regular_2_ops
D,D_R_43222,chck_100M,43222,R,entity_gold_stale_cue_ablation,entityabl:670:ambiref_3_ops:254,4.097513198852539,-1.014169692993164,5.107094764709473,ambiref,8,254,-2.287078857421875,1.810434341430664,-3.301248550415039,2.8200159072875977,160,0,3,3,1,11,ambiref_3_ops
D,D_R_43222,chck_100M,43222,R,entity_gold_stale_cue_ablation,entityabl:671:ambiref_3_ops:257,-0.9210500717163086,0.11822748184204102,-0.34986305236816406,ambiref,8,257,-1.6484136581420898,-2.5694637298583984,-1.5301861763000488,-1.998276710510254,167,0,3,3,1,11,ambiref_3_ops
D,D_R_43222,chck_100M,43222,R,entity_gold_stale_cue_ablation,entityabl:672:ambiref_3_ops:266,-2.974850654602051,0.005711555480957031,-0.03426313400268555,ambiref,8,266,-1.7127456665039062,-4.687596321105957,-1.7070341110229492,-1.7470088005065918,157,2,3,3,1,11,ambiref_3_ops
D,D_R_43222,chck_100M,43222,R,entity_gold_stale_cue_ablation,entityabl:673:ambiref_3_ops:267,0.0037775039672851562,0.0040187835693359375,-0.12019729614257812,ambiref,8,267,-2.2127838134765625,-2.2090063095092773,-2.2087650299072266,-2.3329811096191406,164,2,3,3,1,11,ambiref_3_ops
D,D_R_43222,chck_100M,43222,R,entity_gold_stale_cue_ablation,entityabl:674:ambiref_3_ops:270,-0.3711247444152832,1.837812900543213,0.5500454902648926,ambiref,8,270,-8.734128475189209,-9.105253219604492,-6.896315574645996,-8.184082984924316,177,4,3,3,1,11,ambiref_3_ops
D,D_R_43222,chck_100M,43222,R,entity_gold_stale_cue_ablation,entityabl:675:ambiref_3_ops:277,-0.6672515869140625,0.6503558158874512,0.06845760345458984,ambiref,8,277,2.2983837127685547,1.6311321258544922,2.948739528656006,2.3668413162231445,180,4,3,3,1,11,ambiref_3_ops
D,D_R_43222,chck_100M,43222,R,entity_gold_stale_cue_ablation,entityabl:676:ambiref_3_ops:278,-0.4915507435798645,0.017308175563812256,-0.9547895789146423,ambiref,8,278,-8.013999879360199,-8.505550622940063,-7.996691703796387,-8.968789458274841,179,6,3,3,1,11,ambiref_3_ops
D,D_R_43222,chck_100M,43222,R,entity_gold_stale_cue_ablation,entityabl:677:ambiref_3_ops:285,-3.6899518966674805,-0.4634742736816406,-3.6004867553710938,ambiref,8,285,11.699524879455566,8.009572982788086,11.236050605773926,8.099038124084473,174,6,3,3,1,11,ambiref_3_ops
D,D_R_43222,chck_100M,43222,R,entity_gold_stale_cue_ablation,entityabl:678:ambiref_3_ops:292,1.1292200088500977,0.15641021728515625,1.2739801406860352,ambiref,8,292,-2.6339893341064453,-1.5047693252563477,-2.477579116821289,-1.3600091934204102,147,3,3,3,1,11,ambiref_3_ops
D,D_R_43222,chck_100M,43222,R,entity_gold_stale_cue_ablation,entityabl:679:ambiref_3_ops:293,-1.2682886123657227,0.7518606185913086,-0.7202949523925781,ambiref,8,293,1.78684663772583,0.5185580253601074,2.5387072563171387,1.066551685333252,138,1,3,3,1,11,ambiref_3_ops
D,D_R_43222,chck_100M,43222,R,entity_gold_stale_cue_ablation,entityabl:67:regular_2_ops:158,-2.004265785217285,2.0194339752197266,0.2689933776855469,regular,7,158,-0.8099374771118164,-2.8142032623291016,1.2094964981079102,-0.5409440994262695,124,5,2,2,1,9,regular_2_ops
D,D_R_43222,chck_100M,43222,R,entity_gold_stale_cue_ablation,entityabl:680:ambiref_3_ops:297,-1.2435226440429688,0.6453533172607422,-0.27817726135253906,ambiref,9,297,-4.177495956420898,-5.421018600463867,-3.5321426391601562,-4.4556732177734375,160,4,3,3,1,12,ambiref_3_ops
D,D_R_43222,chck_100M,43222,R,entity_gold_stale_cue_ablation,entityabl:681:ambiref_3_ops:298,0.17033380270004272,0.3089582324028015,0.13056975603103638,ambiref,9,298,-6.696053564548492,-6.52571976184845,-6.387095332145691,-6.565483808517456,188,6,3,3,1,12,ambiref_3_ops
D,D_R_43222,chck_100M,43222,R,entity_gold_stale_cue_ablation,entityabl:682:ambiref_3_ops:303,0.24606084823608398,1.6969399452209473,0.06951618194580078,ambiref,9,303,-0.7919273376464844,-0.5458664894104004,0.9050126075744629,-0.7224111557006836,177,2,3,3,1,12,ambiref_3_ops
D,D_R_43222,chck_100M,43222,R,entity_gold_stale_cue_ablation,entityabl:683:ambiref_3_ops:308,0.8488121032714844,3.144702911376953,0.6782073974609375,ambiref,9,308,-0.7601890563964844,0.088623046875,2.3845138549804688,-0.08198165893554688,187,5,3,3,1,12,ambiref_3_ops
D,D_R_43222,chck_100M,43222,R,entity_gold_stale_cue_ablation,entityabl:684:ambiref_3_ops:325,-0.05734062194824219,0.1559600830078125,-0.17676162719726562,ambiref,9,325,-0.04873085021972656,-0.10607147216796875,0.10722923278808594,-0.2254924774169922,175,5,3,3,1,12,ambiref_3_ops
D,D_R_43222,chck_100M,43222,R,entity_gold_stale_cue_ablation,entityabl:685:ambiref_3_ops:331,1.164642333984375,0.6327424049377441,-0.09180307388305664,ambiref,9,331,1.3968892097473145,2.5615315437316895,2.0296316146850586,1.3050861358642578,176,2,3,3,1,12,ambiref_3_ops
D,D_R_43222,chck_100M,43222,R,entity_gold_stale_cue_ablation,entityabl:686:ambiref_3_ops:333,-0.3457012176513672,-0.25604248046875,-0.13332748413085938,ambiref,9,333,-2.3642349243164062,-2.7099361419677734,-2.6202774047851562,-2.4975624084472656,173,2,3,3,1,12,ambiref_3_ops
D,D_R_43222,chck_100M,43222,R,entity_gold_stale_cue_ablation,entityabl:687:ambiref_3_ops:336,-2.361386299133301,1.7441349029541016,-0.562922477722168,ambiref,9,336,3.6184568405151367,1.257070541381836,5.362591743469238,3.0555343627929688,149,0,3,3,1,12,ambiref_3_ops
D,D_R_43222,chck_100M,43222,R,entity_gold_stale_cue_ablation,entityabl:688:ambiref_3_ops:352,-1.5981688499450684,0.4286789894104004,-0.45461511611938477,ambiref,9,352,-2.057770252227783,-3.6559391021728516,-1.6290912628173828,-2.512385368347168,173,0,3,3,1,12,ambiref_3_ops
D,D_R_43222,chck_100M,43222,R,entity_gold_stale_cue_ablation,entityabl:689:ambiref_3_ops:353,1.8313932418823242,0.49608278274536133,1.7180099487304688,ambiref,9,353,0.6172161102294922,2.4486093521118164,1.1132988929748535,2.335226058959961,170,0,3,3,1,12,ambiref_3_ops
D,D_R_43222,chck_100M,43222,R,entity_gold_stale_cue_ablation,entityabl:68:regular_2_ops:161,-2.6994876861572266,0.7500467300415039,0.7490739822387695,regular,7,161,0.4005241394042969,-2.2989635467529297,1.1505708694458008,1.1495981216430664,127,2,2,2,1,9,regular_2_ops
D,D_R_43222,chck_100M,43222,R,entity_gold_stale_cue_ablation,entityabl:690:ambiref_3_ops:354,-0.9342703819274902,0.251523494720459,0.627418041229248,ambiref,9,354,-2.7346768379211426,-3.668947219848633,-2.4831533432006836,-2.1072587966918945,158,6,3,3,1,12,ambiref_3_ops
D,D_R_43222,chck_100M,43222,R,entity_gold_stale_cue_ablation,entityabl:691:ambiref_3_ops:356,-2.901590347290039,-0.7733654975891113,-2.173430919647217,ambiref,9,356,10.469584941864014,7.567994594573975,9.696219444274902,8.296154022216797,184,6,3,3,1,12,ambiref_3_ops
D,D_R_43222,chck_100M,43222,R,entity_gold_stale_cue_ablation,entityabl:692:ambiref_3_ops:364,-0.31427431106567383,1.1021966934204102,0.12833595275878906,ambiref,9,364,-1.5316133499145508,-1.8458876609802246,-0.4294166564941406,-1.4032773971557617,182,3,3,3,1,12,ambiref_3_ops
D,D_R_43222,chck_100M,43222,R,entity_gold_stale_cue_ablation,entityabl:693:ambiref_3_ops:376,-1.2812986373901367,-0.36223340034484863,-0.07047748565673828,ambiref,9,376,-1.7846508026123047,-3.0659494400024414,-2.1468842029571533,-1.855128288269043,177,5,3,3,1,12,ambiref_3_ops
D,D_R_43222,chck_100M,43222,R,entity_gold_stale_cue_ablation,entityabl:694:ambiref_3_ops:377,-1.8658273220062256,0.9159209728240967,-2.297551155090332,ambiref,9,377,-1.4853935241699219,-3.3512208461761475,-0.5694725513458252,-3.782944679260254,181,0,3,3,1,12,ambiref_3_ops
D,D_R_43222,chck_100M,43222,R,entity_gold_stale_cue_ablation,entityabl:695:ambiref_3_ops:381,-0.5894193649291992,1.087630271911621,-0.09823322296142578,ambiref,2,381,2.484372138977051,1.8949527740478516,3.572002410888672,2.386138916015625,130,5,3,3,1,5,ambiref_3_ops
D,D_R_43222,chck_100M,43222,R,entity_gold_stale_cue_ablation,entityabl:696:ambiref_3_ops:391,0.867673397064209,0.7774944305419922,0.29033946990966797,ambiref,2,391,1.1906471252441406,2.0583205223083496,1.9681415557861328,1.4809865951538086,125,1,3,3,1,5,ambiref_3_ops
D,D_R_43222,chck_100M,43222,R,entity_gold_stale_cue_ablation,entityabl:697:ambiref_3_ops:392,0.4501771926879883,1.0305719375610352,-0.9572668075561523,ambiref,2,392,3.2523345947265625,3.702511787414551,4.282906532287598,2.29506778717041,119,0,3,3,1,5,ambiref_3_ops
D,D_R_43222,chck_100M,43222,R,entity_gold_stale_cue_ablation,entityabl:698:ambiref_3_ops:397,-0.7351350784301758,0.8599057197570801,0.023342609405517578,ambiref,1,397,3.021871566772461,2.286736488342285,3.881777286529541,3.0452141761779785,110,0,3,3,1,4,ambiref_3_ops
D,D_R_43222,chck_100M,43222,R,entity_gold_stale_cue_ablation,entityabl:699:ambiref_3_ops:399,-4.485810995101929,0.9260897636413574,0.4797983169555664,ambiref,1,399,3.331270217895508,-1.154540777206421,4.257359981536865,3.811068534851074,99,6,3,3,1,4,ambiref_3_ops
D,D_R_43222,chck_100M,43222,R,entity_gold_stale_cue_ablation,entityabl:69:regular_2_ops:162,-1.2051610946655273,1.8101472854614258,1.0433106422424316,regular,7,162,-0.2352285385131836,-1.440389633178711,1.5749187469482422,0.808082103729248,127,0,2,2,1,9,regular_2_ops
D,D_R_43222,chck_100M,43222,R,entity_gold_stale_cue_ablation,entityabl:6:regular_2_ops:18,-0.3160529136657715,-0.4411602020263672,0.7813882827758789,regular,2,18,-2.3146724700927734,-2.630725383758545,-2.7558326721191406,-1.5332841873168945,94,1,2,2,1,4,regular_2_ops
D,D_R_43222,chck_100M,43222,R,entity_gold_stale_cue_ablation,entityabl:700:ambiref_4_ops:9,-2.006136894226074,0.694669246673584,-1.6814298629760742,ambiref,6,9,-2.721510887145996,-4.72764778137207,-2.026841640472412,-4.40294075012207,161,5,4,4,2,10,ambiref_4_ops
D,D_R_43222,chck_100M,43222,R,entity_gold_stale_cue_ablation,entityabl:701:ambiref_4_ops:11,-1.2211933135986328,0.06560993194580078,0.28246307373046875,ambiref,6,11,0.7200498580932617,-0.5011434555053711,0.7856597900390625,1.0025129318237305,126,6,4,4,2,10,ambiref_4_ops
D,D_R_43222,chck_100M,43222,R,entity_gold_stale_cue_ablation,entityabl:702:ambiref_4_ops:14,-5.875925064086914,1.166900634765625,0.9227714538574219,ambiref,6,14,2.8093042373657227,-3.0666208267211914,3.9762048721313477,3.7320756912231445,157,4,4,4,1,10,ambiref_4_ops
D,D_R_43222,chck_100M,43222,R,entity_gold_stale_cue_ablation,entityabl:703:ambiref_4_ops:18,-0.8195052146911621,1.0807867050170898,-0.2873964309692383,ambiref,6,18,-1.1327486038208008,-1.952253818511963,-0.05196189880371094,-1.420145034790039,140,1,4,4,1,10,ambiref_4_ops
D,D_R_43222,chck_100M,43222,R,entity_gold_stale_cue_ablation,entityabl:704:ambiref_4_ops:24,-0.1266021728515625,0.956153392791748,-0.3276071548461914,ambiref,6,24,2.465892791748047,2.3392906188964844,3.422046184539795,2.1382856369018555,173,1,4,4,1,10,ambiref_4_ops
D,D_R_43222,chck_100M,43222,R,entity_gold_stale_cue_ablation,entityabl:705:ambiref_4_ops:31,-0.06514358520507812,0.2615966796875,-0.0013132095336914062,ambiref,6,31,0.4807415008544922,0.41559791564941406,0.7423381805419922,0.4794282913208008,164,3,4,4,1,10,ambiref_4_ops
D,D_R_43222,chck_100M,43222,R,entity_gold_stale_cue_ablation,entityabl:706:ambiref_4_ops:35,-1.6890945434570312,0.3939085006713867,-0.9520378112792969,ambiref,6,35,-4.7336320877075195,-6.422726631164551,-4.339723587036133,-5.685669898986816,160,1,4,4,1,10,ambiref_4_ops
D,D_R_43222,chck_100M,43222,R,entity_gold_stale_cue_ablation,entityabl:707:ambiref_4_ops:40,0.18018674850463867,0.8906612396240234,0.24065065383911133,ambiref,6,40,4.14614725112915,4.326333999633789,5.036808490753174,4.386797904968262,155,2,4,4,2,10,ambiref_4_ops
D,D_R_43222,chck_100M,43222,R,entity_gold_stale_cue_ablation,entityabl:708:ambiref_4_ops:43,-0.21968936920166016,0.9909768104553223,0.2662649154663086,ambiref,6,43,4.779644012451172,4.559954643249512,5.770620822906494,5.0459089279174805,151,5,4,4,1,10,ambiref_4_ops
D,D_R_43222,chck_100M,43222,R,entity_gold_stale_cue_ablation,entityabl:709:ambiref_4_ops:49,-0.1722087860107422,0.4872903823852539,-0.35128307342529297,ambiref,6,49,1.1651525497436523,0.9929437637329102,1.6524429321289062,0.8138694763183594,135,2,4,4,1,10,ambiref_4_ops
D,D_R_43222,chck_100M,43222,R,entity_gold_stale_cue_ablation,entityabl:70:regular_2_ops:164,-2.680816650390625,0.4470224380493164,-2.2294721603393555,regular,7,164,4.384365081787109,1.7035484313964844,4.831387519836426,2.154892921447754,136,1,2,2,1,9,regular_2_ops
D,D_R_43222,chck_100M,43222,R,entity_gold_stale_cue_ablation,entityabl:710:ambiref_4_ops:51,-8.287947177886963,0.36508941650390625,-5.799309730529785,ambiref,6,51,-0.6955575942993164,-8.98350477218628,-0.33046817779541016,-6.494867324829102,131,6,4,4,2,10,ambiref_4_ops
D,D_R_43222,chck_100M,43222,R,entity_gold_stale_cue_ablation,entityabl:711:ambiref_4_ops:52,0.08051395416259766,0.18125295639038086,0.02408885955810547,ambiref,6,52,-0.7711753845214844,-0.6906614303588867,-0.5899224281311035,-0.7470865249633789,156,2,4,4,1,10,ambiref_4_ops
D,D_R_43222,chck_100M,43222,R,entity_gold_stale_cue_ablation,entityabl:712:ambiref_4_ops:54,-0.5762214660644531,0.6073598861694336,0.48058032989501953,ambiref,6,54,2.9127702713012695,2.3365488052368164,3.520130157470703,3.393350601196289,155,6,4,4,1,10,ambiref_4_ops
D,D_R_43222,chck_100M,43222,R,entity_gold_stale_cue_ablation,entityabl:713:ambiref_4_ops:58,-1.4513883590698242,0.05450630187988281,-2.0926389694213867,ambiref,6,58,-0.3626708984375,-1.8140592575073242,-0.3081645965576172,-2.4553098678588867,153,6,4,4,2,10,ambiref_4_ops
D,D_R_43222,chck_100M,43222,R,entity_gold_stale_cue_ablation,entityabl:714:ambiref_4_ops:60,-1.096116065979004,1.887014389038086,-0.21456623077392578,ambiref,6,60,-0.6541194915771484,-1.7502355575561523,1.2328948974609375,-0.8686857223510742,171,5,4,4,1,10,ambiref_4_ops
D,D_R_43222,chck_100M,43222,R,entity_gold_stale_cue_ablation,entityabl:715:ambiref_4_ops:72,-3.987952709197998,2.4995532035827637,0.31623125076293945,ambiref,8,72,-0.724301815032959,-4.712254524230957,1.7752513885498047,-0.40807056427001953,150,1,4,4,1,12,ambiref_4_ops
D,D_R_43222,chck_100M,43222,R,entity_gold_stale_cue_ablation,entityabl:716:ambiref_4_ops:74,-0.3939380645751953,0.3829660415649414,-0.1758127212524414,ambiref,8,74,-3.48297119140625,-3.8769092559814453,-3.1000051498413086,-3.6587839126586914,148,3,4,4,1,12,ambiref_4_ops
D,D_R_43222,chck_100M,43222,R,entity_gold_stale_cue_ablation,entityabl:717:ambiref_4_ops:83,-0.6838297843933105,0.06930923461914062,-0.12494564056396484,ambiref,8,83,-1.8606619834899902,-2.544491767883301,-1.7913527488708496,-1.985607624053955,176,5,4,4,2,12,ambiref_4_ops
D,D_R_43222,chck_100M,43222,R,entity_gold_stale_cue_ablation,entityabl:718:ambiref_4_ops:86,-8.422861576080322,0.09851336479187012,-7.695404529571533,ambiref,8,86,10.374997615814209,1.9521360397338867,10.473510980606079,2.679593086242676,173,3,4,4,2,12,ambiref_4_ops
D,D_R_43222,chck_100M,43222,R,entity_gold_stale_cue_ablation,entityabl:719:ambiref_4_ops:87,0.08871269226074219,0.1363511085510254,0.318819522857666,ambiref,8,87,-1.672067642211914,-1.5833549499511719,-1.5357165336608887,-1.353248119354248,173,4,4,4,1,12,ambiref_4_ops
D,D_R_43222,chck_100M,43222,R,entity_gold_stale_cue_ablation,entityabl:71:regular_2_ops:165,-3.507380485534668,1.2106680870056152,-0.8408246040344238,regular,7,165,2.063441276550293,-1.443939208984375,3.274109363555908,1.2226166725158691,121,5,2,2,1,9,regular_2_ops
D,D_R_43222,chck_100M,43222,R,entity_gold_stale_cue_ablation,entityabl:720:ambiref_4_ops:88,0.4093761444091797,0.1516733169555664,0.35478782653808594,ambiref,8,88,-0.6827487945556641,-0.2733726501464844,-0.5310754776000977,-0.3279609680175781,167,6,4,4,2,12,ambiref_4_ops
D,D_R_43222,chck_100M,43222,R,entity_gold_stale_cue_ablation,entityabl:721:ambiref_4_ops:92,-2.9355459213256836,1.391524314880371,0.7451324462890625,ambiref,8,92,1.3166542053222656,-1.618891716003418,2.7081785202026367,2.061786651611328,170,4,4,4,1,12,ambiref_4_ops
D,D_R_43222,chck_100M,43222,R,entity_gold_stale_cue_ablation,entityabl:722:ambiref_4_ops:94,-0.40502262115478516,0.2961416244506836,-0.24920272827148438,ambiref,8,94,-3.5198211669921875,-3.9248437881469727,-3.223679542541504,-3.769023895263672,182,0,4,4,1,12,ambiref_4_ops
D,D_R_43222,chck_100M,43222,R,entity_gold_stale_cue_ablation,entityabl:723:ambiref_4_ops:100,-0.2805900573730469,0.9922084808349609,-0.29714202880859375,ambiref,8,100,-0.5078296661376953,-0.7884197235107422,0.4843788146972656,-0.8049716949462891,153,1,4,4,1,12,ambiref_4_ops
D,D_R_43222,chck_100M,43222,R,entity_gold_stale_cue_ablation,entityabl:724:ambiref_4_ops:108,-0.3121500015258789,2.1598072052001953,-0.41567134857177734,ambiref,8,108,-2.080315589904785,-2.392465591430664,0.07949161529541016,-2.4959869384765625,170,2,4,4,1,12,ambiref_4_ops
D,D_R_43222,chck_100M,43222,R,entity_gold_stale_cue_ablation,entityabl:725:ambiref_4_ops:125,0.15009403228759766,0.4153423309326172,0.25244140625,ambiref,8,125,0.39057064056396484,0.5406646728515625,0.805912971496582,0.6430120468139648,176,3,4,4,1,12,ambiref_4_ops
D,D_R_43222,chck_100M,43222,R,entity_gold_stale_cue_ablation,entityabl:726:ambiref_4_ops:129,-0.7291231155395508,0.3165245056152344,-0.6350889205932617,ambiref,8,129,-4.48183536529541,-5.210958480834961,-4.165310859680176,-5.116924285888672,177,1,4,4,1,12,ambiref_4_ops
D,D_R_43222,chck_100M,43222,R,entity_gold_stale_cue_ablation,entityabl:727:ambiref_4_ops:133,-0.16809558868408203,1.3362884521484375,0.36856746673583984,ambiref,8,133,4.003061294555664,3.834965705871582,5.339349746704102,4.371628761291504,170,2,4,4,2,12,ambiref_4_ops
D,D_R_43222,chck_100M,43222,R,entity_gold_stale_cue_ablation,entityabl:728:ambiref_4_ops:136,-1.5850586891174316,1.2771854400634766,-0.4412240982055664,ambiref,8,136,-0.5018520355224609,-2.0869107246398926,0.7753334045410156,-0.9430761337280273,176,5,4,4,2,12,ambiref_4_ops
D,D_R_43222,chck_100M,43222,R,entity_gold_stale_cue_ablation,entityabl:729:ambiref_4_ops:139,-10.221708297729492,1.9896774291992188,1.9312167167663574,ambiref,8,139,5.745029449462891,-4.476678848266602,7.734706878662109,7.676246166229248,171,6,4,4,2,12,ambiref_4_ops
D,D_R_43222,chck_100M,43222,R,entity_gold_stale_cue_ablation,entityabl:72:regular_2_ops:167,-1.288846492767334,0.6785411834716797,-0.7656888961791992,regular,7,167,-5.456143379211426,-6.74498987197876,-4.777602195739746,-6.221832275390625,130,6,2,2,1,9,regular_2_ops
D,D_R_43222,chck_100M,43222,R,entity_gold_stale_cue_ablation,entityabl:730:ambiref_4_ops:142,-0.31822824478149414,0.8644495010375977,0.1622457504272461,ambiref,8,142,4.996721267700195,4.678493022918701,5.861170768737793,5.158967018127441,167,5,4,4,1,12,ambiref_4_ops
D,D_R_43222,chck_100M,43222,R,entity_gold_stale_cue_ablation,entityabl:731:ambiref_4_ops:143,-1.7405200004577637,1.3212685585021973,-0.28412485122680664,ambiref,8,143,0.22560882568359375,-1.51491117477417,1.546877384185791,-0.05851602554321289,161,3,4,4,1,12,ambiref_4_ops
D,D_R_43222,chck_100M,43222,R,entity_gold_stale_cue_ablation,entityabl:732:ambiref_4_ops:149,-8.904404401779175,3.115481376647949,-2.1886720657348633,ambiref,8,149,0.778472900390625,-8.12593150138855,3.893954277038574,-1.4101991653442383,170,3,4,4,2,12,ambiref_4_ops
D,D_R_43222,chck_100M,43222,R,entity_gold_stale_cue_ablation,entityabl:733:ambiref_4_ops:151,-6.001041412353516,1.4507060050964355,-4.80722188949585,ambiref,8,151,4.944100379943848,-1.056941032409668,6.394806385040283,0.13687849044799805,169,0,4,4,2,12,ambiref_4_ops
D,D_R_43222,chck_100M,43222,R,entity_gold_stale_cue_ablation,entityabl:734:ambiref_4_ops:157,-0.8701615333557129,0.3177790641784668,0.1481003761291504,ambiref,8,157,1.3490653038024902,0.47890377044677734,1.666844367980957,1.4971656799316406,160,6,4,4,1,12,ambiref_4_ops
D,D_R_43222,chck_100M,43222,R,entity_gold_stale_cue_ablation,entityabl:735:ambiref_4_ops:158,-4.345458209514618,2.4194026589393616,-2.4693950414657593,ambiref,8,158,4.426167190074921,0.08070898056030273,6.845569849014282,1.9567721486091614,178,4,4,4,1,12,ambiref_4_ops
D,D_R_43222,chck_100M,43222,R,entity_gold_stale_cue_ablation,entityabl:736:ambiref_4_ops:159,0.1175527572631836,0.12954425811767578,1.2573013305664062,ambiref,8,159,-0.30777740478515625,-0.19022464752197266,-0.17823314666748047,0.94952392578125,141,3,4,4,2,12,ambiref_4_ops
D,D_R_43222,chck_100M,43222,R,entity_gold_stale_cue_ablation,entityabl:737:ambiref_4_ops:162,0.049468040466308594,0.17883539199829102,0.09735679626464844,ambiref,8,162,-0.8324127197265625,-0.7829446792602539,-0.6535773277282715,-0.7350559234619141,174,2,4,4,1,12,ambiref_4_ops
D,D_R_43222,chck_100M,43222,R,entity_gold_stale_cue_ablation,entityabl:738:ambiref_4_ops:167,-1.2177515029907227,-0.6542763710021973,-0.14004993438720703,ambiref,8,167,3.6800479888916016,2.462296485900879,3.0257716178894043,3.5399980545043945,172,6,4,4,1,12,ambiref_4_ops
D,D_R_43222,chck_100M,43222,R,entity_gold_stale_cue_ablation,entityabl:739:ambiref_4_ops:170,-5.5055460929870605,1.081059455871582,-1.714367389678955,ambiref,8,170,1.8145861625671387,-3.690959930419922,2.8956456184387207,0.1002187728881836,164,6,4,4,1,12,ambiref_4_ops
D,D_R_43222,chck_100M,43222,R,entity_gold_stale_cue_ablation,entityabl:73:regular_2_ops:171,-1.5391154289245605,3.357046127319336,0.9705677032470703,regular,7,171,-2.894834518432617,-4.433949947357178,0.46221160888671875,-1.9242668151855469,143,4,2,2,1,9,regular_2_ops
D,D_R_43222,chck_100M,43222,R,entity_gold_stale_cue_ablation,entityabl:740:ambiref_4_ops:173,-1.6239757537841797,0.04842805862426758,-1.6339225769042969,ambiref,8,173,-0.17091941833496094,-1.7948951721191406,-0.12249135971069336,-1.8048419952392578,174,6,4,4,2,12,ambiref_4_ops
D,D_R_43222,chck_100M,43222,R,entity_gold_stale_cue_ablation,entityabl:741:ambiref_4_ops:175,-0.4539813995361328,0.6000270843505859,0.04659843444824219,ambiref,8,175,-1.4908437728881836,-1.9448251724243164,-0.8908166885375977,-1.4442453384399414,173,1,4,4,1,12,ambiref_4_ops
D,D_R_43222,chck_100M,43222,R,entity_gold_stale_cue_ablation,entityabl:742:ambiref_4_ops:177,-2.6317358016967773,0.07178735733032227,-2.023542881011963,ambiref,8,177,-0.9964480400085449,-3.6281838417053223,-0.9246606826782227,-3.019990921020508,158,6,4,4,1,12,ambiref_4_ops
D,D_R_43222,chck_100M,43222,R,entity_gold_stale_cue_ablation,entityabl:743:ambiref_4_ops:178,-0.8283123970031738,0.9709048271179199,-0.7726225852966309,ambiref,8,178,1.3244824409484863,0.4961700439453125,2.2953872680664062,0.5518598556518555,171,2,4,4,1,12,ambiref_4_ops
D,D_R_43222,chck_100M,43222,R,entity_gold_stale_cue_ablation,entityabl:744:ambiref_4_ops:201,-5.191873788833618,1.6468875408172607,0.14496302604675293,ambiref,4,201,5.393249273300171,0.20137548446655273,7.040136814117432,5.538212299346924,139,3,4,4,2,8,ambiref_4_ops
D,D_R_43222,chck_100M,43222,R,entity_gold_stale_cue_ablation,entityabl:745:ambiref_4_ops:202,-3.728381633758545,-0.045902252197265625,-0.7474675178527832,ambiref,4,202,-1.9124765396118164,-5.640858173370361,-1.958378791809082,-2.6599440574645996,116,3,4,4,2,8,ambiref_4_ops
D,D_R_43222,chck_100M,43222,R,entity_gold_stale_cue_ablation,entityabl:746:ambiref_4_ops:204,-1.827812671661377,1.0116629600524902,-0.7531981468200684,ambiref,4,204,-1.0310006141662598,-2.8588132858276367,-0.01933765411376953,-1.7841987609863281,124,1,4,4,1,8,ambiref_4_ops
D,D_R_43222,chck_100M,43222,R,entity_gold_stale_cue_ablation,entityabl:747:ambiref_4_ops:205,-2.050994396209717,1.252535343170166,-0.7658233642578125,ambiref,4,205,-1.5839734077453613,-3.634967803955078,-0.3314380645751953,-2.349796772003174,136,5,4,4,2,8,ambiref_4_ops
D,D_R_43222,chck_100M,43222,R,entity_gold_stale_cue_ablation,entityabl:748:ambiref_4_ops:209,-0.1180734634399414,0.31839466094970703,0.13462543487548828,ambiref,4,209,-3.2546606063842773,-3.3727340698242188,-2.9362659454345703,-3.120035171508789,120,0,4,4,1,8,ambiref_4_ops
D,D_R_43222,chck_100M,43222,R,entity_gold_stale_cue_ablation,entityabl:749:ambiref_4_ops:210,0.14761066436767578,0.24178028106689453,0.12487983703613281,ambiref,4,210,-0.2592897415161133,-0.1116790771484375,-0.01750946044921875,-0.13440990447998047,147,3,4,4,1,8,ambiref_4_ops
D,D_R_43222,chck_100M,43222,R,entity_gold_stale_cue_ablation,entityabl:74:regular_2_ops:174,-0.6340904235839844,0.38556957244873047,-0.26104068756103516,regular,7,174,1.0106821060180664,0.37659168243408203,1.3962516784667969,0.7496414184570312,123,3,2,2,1,9,regular_2_ops
D,D_R_43222,chck_100M,43222,R,entity_gold_stale_cue_ablation,entityabl:750:ambiref_4_ops:211,-3.16721248626709,0.34432506561279297,-2.680037498474121,ambiref,4,211,-3.9022979736328125,-7.069510459899902,-3.5579729080200195,-6.582335472106934,145,1,4,4,1,8,ambiref_4_ops
D,D_R_43222,chck_100M,43222,R,entity_gold_stale_cue_ablation,entityabl:751:ambiref_4_ops:218,-1.6856870651245117,-0.0074634552001953125,-0.11316490173339844,ambiref,4,218,-3.2175369262695312,-4.903223991394043,-3.2250003814697266,-3.3307018280029297,129,6,4,4,1,8,ambiref_4_ops
D,D_R_43222,chck_100M,43222,R,entity_gold_stale_cue_ablation,entityabl:752:ambiref_4_ops:222,-0.5545406341552734,0.09124183654785156,-0.2569255828857422,ambiref,4,222,0.16296100616455078,-0.39157962799072266,0.25420284271240234,-0.0939645767211914,128,1,4,4,2,8,ambiref_4_ops
D,D_R_43222,chck_100M,43222,R,entity_gold_stale_cue_ablation,entityabl:753:ambiref_4_ops:224,-0.28765010833740234,0.015411376953125,-0.13751220703125,ambiref,4,224,-3.6093692779541016,-3.897019386291504,-3.5939579010009766,-3.7468814849853516,108,4,4,4,1,8,ambiref_4_ops
D,D_R_43222,chck_100M,43222,R,entity_gold_stale_cue_ablation,entityabl:754:ambiref_4_ops:228,8.096864461898804,3.3529152870178223,0.017889976501464844,ambiref,4,228,-1.5857810974121094,6.511083364486694,1.767134189605713,-1.5678911209106445,128,1,4,4,1,8,ambiref_4_ops
D,D_R_43222,chck_100M,43222,R,entity_gold_stale_cue_ablation,entityabl:755:ambiref_4_ops:231,-1.3235111236572266,0.6180944442749023,-2.826547145843506,ambiref,4,231,-1.5909709930419922,-2.9144821166992188,-0.9728765487670898,-4.417518138885498,138,0,4,4,1,8,ambiref_4_ops
D,D_R_43222,chck_100M,43222,R,entity_gold_stale_cue_ablation,entityabl:756:ambiref_4_ops:243,-2.845634937286377,0.28197145462036133,-1.641944408416748,ambiref,5,243,-2.066936492919922,-4.912571430206299,-1.7849650382995605,-3.70888090133667,155,5,4,4,2,9,ambiref_4_ops
D,D_R_43222,chck_100M,43222,R,entity_gold_stale_cue_ablation,entityabl:757:ambiref_4_ops:248,-0.6153249740600586,1.2106146812438965,-0.12051105499267578,ambiref,5,248,-1.3138761520385742,-1.9292011260986328,-0.10326147079467773,-1.43438720703125,131,1,4,4,1,9,ambiref_4_ops
D,D_R_43222,chck_100M,43222,R,entity_gold_stale_cue_ablation,entityabl:758:ambiref_4_ops:249,-1.31766939163208,1.2388050556182861,-0.6605186462402344,ambiref,5,249,-0.9526801109313965,-2.2703495025634766,0.28612494468688965,-1.6131987571716309,146,5,4,4,2,9,ambiref_4_ops
D,D_R_43222,chck_100M,43222,R,entity_gold_stale_cue_ablation,entityabl:759:ambiref_4_ops:253,0.024313926696777344,1.1604304313659668,0.0746603012084961,ambiref,5,253,2.753170967102051,2.777484893798828,3.9136013984680176,2.827831268310547,167,1,4,4,1,9,ambiref_4_ops
D,D_R_43222,chck_100M,43222,R,entity_gold_stale_cue_ablation,entityabl:75:regular_2_ops:176,-1.0680513381958008,-0.12840938568115234,-1.145522117614746,regular,7,176,4.2876176834106445,3.2195663452148438,4.159208297729492,3.1420955657958984,136,5,2,2,1,9,regular_2_ops
D,D_R_43222,chck_100M,43222,R,entity_gold_stale_cue_ablation,entityabl:760:ambiref_4_ops:255,0.19775390625,0.6410102844238281,0.7260208129882812,ambiref,5,255,-3.545135498046875,-3.347381591796875,-2.904125213623047,-2.8191146850585938,132,0,4,4,1,9,ambiref_4_ops
D,D_R_43222,chck_100M,43222,R,entity_gold_stale_cue_ablation,entityabl:761:ambiref_4_ops:258,0.04717063903808594,0.23742961883544922,0.06025981903076172,ambiref,5,258,0.28485107421875,0.33202171325683594,0.5222806930541992,0.3451108932495117,158,3,4,4,1,9,ambiref_4_ops
D,D_R_43222,chck_100M,43222,R,entity_gold_stale_cue_ablation,entityabl:762:ambiref_4_ops:259,-2.0938119888305664,0.49866199493408203,-1.8899126052856445,ambiref,5,259,-4.094897270202637,-6.188709259033203,-3.5962352752685547,-5.984809875488281,151,1,4,4,1,9,ambiref_4_ops
D,D_R_43222,chck_100M,43222,R,entity_gold_stale_cue_ablation,entityabl:763:ambiref_4_ops:273,-0.09887266159057617,0.19618797302246094,-0.18624305725097656,ambiref,5,273,-0.6149892807006836,-0.7138619422912598,-0.41880130767822266,-0.8012323379516602,147,2,4,4,1,9,ambiref_4_ops
D,D_R_43222,chck_100M,43222,R,entity_gold_stale_cue_ablation,entityabl:764:ambiref_4_ops:279,-1.9003515243530273,1.3278827667236328,-0.23200607299804688,ambiref,5,279,-0.5081777572631836,-2.408529281616211,0.8197050094604492,-0.7401838302612305,165,5,4,4,1,9,ambiref_4_ops
D,D_R_43222,chck_100M,43222,R,entity_gold_stale_cue_ablation,entityabl:765:ambiref_4_ops:282,7.526439666748047,3.1082186698913574,-0.6003689765930176,ambiref,5,282,-1.5237092971801758,6.002730369567871,1.5845093727111816,-2.1240782737731934,137,1,4,4,1,9,ambiref_4_ops
D,D_R_43222,chck_100M,43222,R,entity_gold_stale_cue_ablation,entityabl:766:ambiref_4_ops:291,-4.81804096698761,-0.49279117584228516,-3.9177048206329346,ambiref,7,291,-3.6183125972747803,-8.43635356426239,-4.111103773117065,-7.536017417907715,173,5,4,4,2,11,ambiref_4_ops
D,D_R_43222,chck_100M,43222,R,entity_gold_stale_cue_ablation,entityabl:767:ambiref_4_ops:296,-0.6747312545776367,-0.07025909423828125,-1.2364277839660645,ambiref,7,296,-1.513521671295166,-2.1882529258728027,-1.5837807655334473,-2.7499494552612305,170,5,4,4,2,11,ambiref_4_ops
D,D_R_43222,chck_100M,43222,R,entity_gold_stale_cue_ablation,entityabl:768:ambiref_4_ops:299,-1.6262474060058594,-0.2835383415222168,-0.20607328414916992,ambiref,7,299,0.5545635223388672,-1.0716838836669922,0.2710251808166504,0.34849023818969727,133,6,4,4,2,11,ambiref_4_ops
D,D_R_43222,chck_100M,43222,R,entity_gold_stale_cue_ablation,entityabl:769:ambiref_4_ops:300,-7.4665727615356445,0.7052288055419922,-7.426898002624512,ambiref,7,300,9.147658348083496,1.6810855865478516,9.852887153625488,1.7207603454589844,167,3,4,4,2,11,ambiref_4_ops
D,D_R_43222,chck_100M,43222,R,entity_gold_stale_cue_ablation,entityabl:76:regular_2_ops:177,-0.5911493301391602,0.2551231384277344,0.1391277313232422,regular,7,177,0.3447713851928711,-0.24637794494628906,0.5998945236206055,0.4838991165161133,120,6,2,2,1,9,regular_2_ops
D,D_R_43222,chck_100M,43222,R,entity_gold_stale_cue_ablation,entityabl:770:ambiref_4_ops:306,-4.919227123260498,0.5446639060974121,-0.4942636489868164,ambiref,7,306,2.708372116088867,-2.210855007171631,3.2530360221862793,2.214108467102051,164,4,4,4,1,11,ambiref_4_ops
D,D_R_43222,chck_100M,43222,R,entity_gold_stale_cue_ablation,entityabl:771:ambiref_4_ops:308,-0.1921215057373047,0.7806911468505859,-0.04044532775878906,ambiref,7,308,-3.6322193145751953,-3.8243408203125,-2.8515281677246094,-3.6726646423339844,176,0,4,4,1,11,ambiref_4_ops
D,D_R_43222,chck_100M,43222,R,entity_gold_stale_cue_ablation,entityabl:772:ambiref_4_ops:311,-1.518831729888916,1.2118721008300781,-0.24853038787841797,ambiref,7,311,-0.17993640899658203,-1.698768138885498,1.031935691833496,-0.428466796875,146,1,4,4,1,11,ambiref_4_ops
D,D_R_43222,chck_100M,43222,R,entity_gold_stale_cue_ablation,entityabl:773:ambiref_4_ops:314,-2.25040340423584,0.308290958404541,-0.3197360038757324,ambiref,7,314,1.3798046112060547,-0.8705987930297852,1.6880955696105957,1.0600686073303223,157,4,4,4,1,11,ambiref_4_ops
D,D_R_43222,chck_100M,43222,R,entity_gold_stale_cue_ablation,entityabl:774:ambiref_4_ops:316,-1.9395532608032227,1.3094711303710938,-3.5428080558776855,ambiref,7,316,-1.261723518371582,-3.2012767791748047,0.04774761199951172,-4.804531574249268,164,2,4,4,1,11,ambiref_4_ops
D,D_R_43222,chck_100M,43222,R,entity_gold_stale_cue_ablation,entityabl:775:ambiref_4_ops:320,-0.06677484512329102,0.8361353874206543,0.015461921691894531,ambiref,7,320,3.0746822357177734,3.0079073905944824,3.9108176231384277,3.090144157409668,185,1,4,4,1,11,ambiref_4_ops
D,D_R_43222,chck_100M,43222,R,entity_gold_stale_cue_ablation,entityabl:776:ambiref_4_ops:323,-0.27590370178222656,0.6960773468017578,0.34603118896484375,ambiref,7,323,-2.144261360168457,-2.4201650619506836,-1.4481840133666992,-1.7982301712036133,138,0,4,4,1,11,ambiref_4_ops
D,D_R_43222,chck_100M,43222,R,entity_gold_stale_cue_ablation,entityabl:777:ambiref_4_ops:330,-0.049859046936035156,0.2040882110595703,0.09237003326416016,ambiref,7,330,0.45191287994384766,0.4020538330078125,0.656001091003418,0.5442829132080078,170,3,4,4,1,11,ambiref_4_ops
D,D_R_43222,chck_100M,43222,R,entity_gold_stale_cue_ablation,entityabl:778:ambiref_4_ops:333,-1.0764532089233398,0.6270828247070312,-0.9362382888793945,ambiref,7,333,-5.00355339050293,-6.0800065994262695,-4.376470565795898,-5.939791679382324,166,1,4,4,1,11,ambiref_4_ops
D,D_R_43222,chck_100M,43222,R,entity_gold_stale_cue_ablation,entityabl:779:ambiref_4_ops:337,-0.5058212280273438,0.5512170791625977,-0.2565135955810547,ambiref,7,337,4.042871475219727,3.537050247192383,4.594088554382324,3.786357879638672,164,2,4,4,2,11,ambiref_4_ops
D,D_R_43222,chck_100M,43222,R,entity_gold_stale_cue_ablation,entityabl:77:regular_2_ops:180,-0.37473058700561523,0.4084291458129883,1.6044931411743164,regular,7,180,2.319262981414795,1.9445323944091797,2.727692127227783,3.9237561225891113,131,2,2,2,1,9,regular_2_ops
D,D_R_43222,chck_100M,43222,R,entity_gold_stale_cue_ablation,entityabl:780:ambiref_4_ops:341,-0.025903701782226562,0.29131078720092773,-0.18720149993896484,ambiref,7,341,5.1651611328125,5.139257431030273,5.456471920013428,4.977959632873535,158,5,4,4,1,11,ambiref_4_ops
D,D_R_43222,chck_100M,43222,R,entity_gold_stale_cue_ablation,entityabl:781:ambiref_4_ops:342,-2.235180377960205,0.6938157081604004,-0.42194414138793945,ambiref,7,342,0.4012722969055176,-1.8339080810546875,1.095088005065918,-0.020671844482421875,154,3,4,4,1,11,ambiref_4_ops
D,D_R_43222,chck_100M,43222,R,entity_gold_stale_cue_ablation,entityabl:782:ambiref_4_ops:348,-8.936720609664917,4.463417053222656,0.26738643646240234,ambiref,7,348,0.1073760986328125,-8.829344511032104,4.570793151855469,0.37476253509521484,161,3,4,4,2,11,ambiref_4_ops
D,D_R_43222,chck_100M,43222,R,entity_gold_stale_cue_ablation,entityabl:783:ambiref_4_ops:349,-6.6828484535217285,0.40771007537841797,-5.567089080810547,ambiref,7,349,5.78410530090332,-0.8987431526184082,6.191815376281738,0.21701622009277344,160,0,4,4,2,11,ambiref_4_ops
D,D_R_43222,chck_100M,43222,R,entity_gold_stale_cue_ablation,entityabl:784:ambiref_4_ops:351,0.5629034042358398,0.6068286895751953,-0.1323556900024414,ambiref,7,351,-0.20057392120361328,0.36232948303222656,0.40625476837158203,-0.3329296112060547,142,2,4,4,1,11,ambiref_4_ops
D,D_R_43222,chck_100M,43222,R,entity_gold_stale_cue_ablation,entityabl:785:ambiref_4_ops:353,-0.9063177108764648,-0.6942510604858398,-0.22270488739013672,ambiref,7,353,1.5315122604370117,0.6251945495605469,0.8372611999511719,1.308807373046875,151,6,4,4,1,11,ambiref_4_ops
D,D_R_43222,chck_100M,43222,R,entity_gold_stale_cue_ablation,entityabl:786:ambiref_4_ops:354,-2.475489616394043,0.09223318099975586,-0.41046619415283203,ambiref,7,354,0.6616878509521484,-1.8138017654418945,0.7539210319519043,0.2512216567993164,132,4,4,4,2,11,ambiref_4_ops
D,D_R_43222,chck_100M,43222,R,entity_gold_stale_cue_ablation,entityabl:787:ambiref_4_ops:356,-0.010535240173339844,0.261746883392334,-0.1818399429321289,ambiref,7,356,-0.8831415176391602,-0.8936767578125,-0.6213946342468262,-1.064981460571289,168,2,4,4,1,11,ambiref_4_ops
D,D_R_43222,chck_100M,43222,R,entity_gold_stale_cue_ablation,entityabl:788:ambiref_4_ops:358,-0.9227390289306641,-0.8460640907287598,-0.06941366195678711,ambiref,7,358,2.9509167671203613,2.0281777381896973,2.1048526763916016,2.881503105163574,161,6,4,4,1,11,ambiref_4_ops
D,D_R_43222,chck_100M,43222,R,entity_gold_stale_cue_ablation,entityabl:789:ambiref_4_ops:363,-1.8784551620483398,-0.0678863525390625,-1.7472829818725586,ambiref,7,363,0.6494302749633789,-1.229024887084961,0.5815439224243164,-1.0978527069091797,165,6,4,4,2,11,ambiref_4_ops
D,D_R_43222,chck_100M,43222,R,entity_gold_stale_cue_ablation,entityabl:78:regular_2_ops:182,-1.9524946212768555,1.057650089263916,-1.0596122741699219,regular,8,182,1.4043083190917969,-0.5481863021850586,2.461958408355713,0.344696044921875,137,2,2,2,1,10,regular_2_ops
D,D_R_43222,chck_100M,43222,R,entity_gold_stale_cue_ablation,entityabl:790:ambiref_4_ops:383,-4.357367277145386,-0.11051607131958008,-0.8410840034484863,ambiref,3,383,-2.1368203163146973,-6.494187593460083,-2.2473363876342773,-2.9779043197631836,110,3,4,4,2,7,ambiref_4_ops
D,D_R_43222,chck_100M,43222,R,entity_gold_stale_cue_ablation,entityabl:791:ambiref_4_ops:385,-0.008458614349365234,-0.023836135864257812,-1.3389835357666016,ambiref,3,385,3.6966543197631836,3.6881957054138184,3.672818183898926,2.357670783996582,144,3,4,4,2,7,ambiref_4_ops
D,D_R_43222,chck_100M,43222,R,entity_gold_stale_cue_ablation,entityabl:792:ambiref_4_ops:386,-3.548027515411377,1.2057385444641113,-1.5522162914276123,ambiref,3,386,-0.2614903450012207,-3.8095178604125977,0.9442481994628906,-1.813706636428833,124,5,4,4,2,7,ambiref_4_ops
D,D_R_43222,chck_100M,43222,R,entity_gold_stale_cue_ablation,entityabl:793:ambiref_4_ops:388,-0.3337364196777344,0.6829538345336914,-0.020313262939453125,ambiref,3,388,-3.502107620239258,-3.835844039916992,-2.8191537857055664,-3.522420883178711,113,0,4,4,1,7,ambiref_4_ops
D,D_R_43222,chck_100M,43222,R,entity_gold_stale_cue_ablation,entityabl:794:ambiref_4_ops:389,0.08052730560302734,0.21207904815673828,0.06099414825439453,ambiref,3,389,-0.203826904296875,-0.12329959869384766,0.008252143859863281,-0.14283275604248047,138,3,4,4,1,7,ambiref_4_ops
D,D_R_43222,chck_100M,43222,R,entity_gold_stale_cue_ablation,entityabl:795:ambiref_4_ops:391,-4.867564678192139,-0.2717442512512207,-3.7608189582824707,ambiref,3,391,-1.6347956657409668,-6.5023603439331055,-1.9065399169921875,-5.3956146240234375,136,1,4,4,1,7,ambiref_4_ops
D,D_R_43222,chck_100M,43222,R,entity_gold_stale_cue_ablation,entityabl:796:ambiref_4_ops:392,-4.578653931617737,0.5234785079956055,-0.4109783172607422,ambiref,3,392,3.8061933517456055,-0.7724605798721313,4.329671859741211,3.3952150344848633,119,2,4,4,2,7,ambiref_4_ops
D,D_R_43222,chck_100M,43222,R,entity_gold_stale_cue_ablation,entityabl:797:ambiref_4_ops:398,-8.470492362976074,2.4141154289245605,-3.406710147857666,ambiref,3,398,-0.9946351051330566,-9.46512746810913,1.419480323791504,-4.401345252990723,119,4,4,4,1,7,ambiref_4_ops
D,D_R_43222,chck_100M,43222,R,entity_gold_stale_cue_ablation,entityabl:798:ambiref_4_ops:402,-0.24503612518310547,0.0504150390625,-0.2150592803955078,ambiref,3,402,0.321929931640625,0.07689380645751953,0.372344970703125,0.10687065124511719,122,1,4,4,2,7,ambiref_4_ops
D,D_R_43222,chck_100M,43222,R,entity_gold_stale_cue_ablation,entityabl:799:ambiref_4_ops:404,-0.1986255645751953,0.14927387237548828,0.054879188537597656,ambiref,3,404,-3.7302675247192383,-3.9288930892944336,-3.58099365234375,-3.6753883361816406,102,4,4,4,1,7,ambiref_4_ops
D,D_R_43222,chck_100M,43222,R,entity_gold_stale_cue_ablation,entityabl:79:regular_2_ops:183,-0.4415168762207031,1.9061260223388672,0.7282848358154297,regular,8,183,4.242270469665527,3.800753593444824,6.1483964920043945,4.970555305480957,155,2,2,2,1,10,regular_2_ops
D,D_R_43222,chck_100M,43222,R,entity_gold_stale_cue_ablation,entityabl:7:regular_2_ops:23,-2.657461643218994,0.8116064071655273,-1.3132390975952148,regular,2,23,0.9546880722045898,-1.7027735710144043,1.7662944793701172,-0.358551025390625,87,3,2,2,1,4,regular_2_ops
D,D_R_43222,chck_100M,43222,R,entity_gold_stale_cue_ablation,entityabl:800:ambiref_4_ops:407,-0.07784509658813477,-0.07000017166137695,-2.2183728218078613,ambiref,3,407,-2.0265607833862305,-2.1044058799743652,-2.0965609550476074,-4.244933605194092,129,0,4,4,1,7,ambiref_4_ops
D,D_R_43222,chck_100M,43222,R,entity_gold_stale_cue_ablation,entityabl:801:ambiref_4_ops:411,-4.670220792293549,0.07152271270751953,-1.2812480926513672,ambiref,2,411,-2.696688652038574,-7.366909444332123,-2.6251659393310547,-3.9779367446899414,101,3,4,4,2,6,ambiref_4_ops
D,D_R_43222,chck_100M,43222,R,entity_gold_stale_cue_ablation,entityabl:802:ambiref_4_ops:414,-4.119134783744812,0.9724349975585938,-1.677896499633789,ambiref,2,414,0.45936107635498047,-3.6597737073898315,1.4317960739135742,-1.2185354232788086,113,5,4,4,2,6,ambiref_4_ops
D,D_R_43222,chck_100M,43222,R,entity_gold_stale_cue_ablation,entityabl:803:ambiref_4_ops:415,-0.9629611968994141,0.45237159729003906,0.7504329681396484,ambiref,2,415,-3.117861747741699,-4.080822944641113,-2.66549015045166,-2.367428779602051,107,0,4,4,1,6,ambiref_4_ops
D,D_R_43222,chck_100M,43222,R,entity_gold_stale_cue_ablation,entityabl:804:ambiref_4_ops:416,0.038619041442871094,0.15706443786621094,0.17745399475097656,ambiref,2,416,-0.1708383560180664,-0.1322193145751953,-0.013773918151855469,0.006615638732910156,126,3,4,4,1,6,ambiref_4_ops
D,D_R_43222,chck_100M,43222,R,entity_gold_stale_cue_ablation,entityabl:805:ambiref_4_ops:418,-5.632163047790527,-0.18578147888183594,-3.4591073989868164,ambiref,2,418,-2.5696449279785156,-8.201807975769043,-2.7554264068603516,-6.028752326965332,129,1,4,4,1,6,ambiref_4_ops
D,D_R_43222,chck_100M,43222,R,entity_gold_stale_cue_ablation,entityabl:806:ambiref_4_ops:419,-5.006423473358154,0.654695987701416,-0.573469877243042,ambiref,2,419,3.7744688987731934,-1.231954574584961,4.429164886474609,3.2009990215301514,110,2,4,4,2,6,ambiref_4_ops
D,D_R_43222,chck_100M,43222,R,entity_gold_stale_cue_ablation,entityabl:807:ambiref_4_ops:420,-5.744788885116577,2.3306941986083984,-2.169590950012207,ambiref,2,420,2.9320898056030273,-2.81269907951355,5.262784004211426,0.7624988555908203,106,2,4,4,2,6,ambiref_4_ops
D,D_R_43222,chck_100M,43222,R,entity_gold_stale_cue_ablation,entityabl:808:ambiref_4_ops:425,-0.46804237365722656,0.03360176086425781,-0.22950077056884766,ambiref,2,425,-3.600253105163574,-4.068295478820801,-3.5666513442993164,-3.829753875732422,95,4,4,4,1,6,ambiref_4_ops
D,D_R_43222,chck_100M,43222,R,entity_gold_stale_cue_ablation,entityabl:809:ambiref_4_ops:430,-3.867298126220703,0.8717513084411621,-0.24291682243347168,ambiref,1,430,2.7437281608581543,-1.1235699653625488,3.6154794692993164,2.5008113384246826,103,2,4,4,2,5,ambiref_4_ops
D,D_R_43222,chck_100M,43222,R,entity_gold_stale_cue_ablation,entityabl:80:regular_2_ops:184,-3.8717212677001953,0.8213841915130615,-3.6162471771240234,regular,8,184,2.061311721801758,-1.8104095458984375,2.8826959133148193,-1.5549354553222656,140,5,2,2,1,10,regular_2_ops
D,D_R_43222,chck_100M,43222,R,entity_gold_stale_cue_ablation,entityabl:810:ambiref_5_ops:7,0.6518173217773438,0.9902982711791992,-0.6275558471679688,ambiref,6,7,-4.094440460205078,-3.4426231384277344,-3.104142189025879,-4.721996307373047,177,2,5,5,1,11,ambiref_5_ops
D,D_R_43222,chck_100M,43222,R,entity_gold_stale_cue_ablation,entityabl:811:ambiref_5_ops:9,-1.285853385925293,0.4701859951019287,-0.6151351928710938,ambiref,6,9,-1.2198028564453125,-2.5056562423706055,-0.7496168613433838,-1.8349380493164062,159,1,5,5,2,11,ambiref_5_ops
D,D_R_43222,chck_100M,43222,R,entity_gold_stale_cue_ablation,entityabl:812:ambiref_5_ops:18,-0.7337932586669922,0.6502180099487305,0.8258180618286133,ambiref,6,18,0.19273757934570312,-0.5410556793212891,0.8429555892944336,1.0185556411743164,181,0,5,5,1,11,ambiref_5_ops
D,D_R_43222,chck_100M,43222,R,entity_gold_stale_cue_ablation,entityabl:813:ambiref_5_ops:20,-0.6746883392333984,0.32749271392822266,0.4878263473510742,ambiref,6,20,-4.309548377990723,-4.984236717224121,-3.9820556640625,-3.8217220306396484,150,5,5,5,2,11,ambiref_5_ops
D,D_R_43222,chck_100M,43222,R,entity_gold_stale_cue_ablation,entityabl:814:ambiref_5_ops:25,-1.352632999420166,1.304856777191162,-2.139857769012451,ambiref,6,25,-0.9825253486633301,-2.335158348083496,0.32233142852783203,-3.1223831176757812,155,0,5,5,1,11,ambiref_5_ops
D,D_R_43222,chck_100M,43222,R,entity_gold_stale_cue_ablation,entityabl:815:ambiref_5_ops:26,-2.6091561317443848,-1.0521678924560547,-2.6536245346069336,ambiref,6,26,4.4730963706970215,1.8639402389526367,3.420928478240967,1.819471836090088,178,1,5,5,2,11,ambiref_5_ops
D,D_R_43222,chck_100M,43222,R,entity_gold_stale_cue_ablation,entityabl:816:ambiref_5_ops:27,0.15596437454223633,0.6560425758361816,0.462801456451416,ambiref,6,27,-2.140075206756592,-1.9841108322143555,-1.4840326309204102,-1.6772737503051758,148,4,5,5,2,11,ambiref_5_ops
D,D_R_43222,chck_100M,43222,R,entity_gold_stale_cue_ablation,entityabl:817:ambiref_5_ops:29,-1.0739881992340088,2.4287853240966797,-0.9151291847229004,ambiref,6,29,3.6529757976531982,2.5789875984191895,6.081761121749878,2.737846612930298,184,1,5,5,2,11,ambiref_5_ops
D,D_R_43222,chck_100M,43222,R,entity_gold_stale_cue_ablation,entityabl:818:ambiref_5_ops:40,-1.5162010192871094,0.30277252197265625,-1.975137710571289,ambiref,7,40,-3.213120460510254,-4.729321479797363,-2.9103479385375977,-5.188258171081543,183,2,5,5,1,12,ambiref_5_ops
D,D_R_43222,chck_100M,43222,R,entity_gold_stale_cue_ablation,entityabl:819:ambiref_5_ops:52,-0.6013541221618652,2.615898609161377,-0.9011778831481934,ambiref,7,52,0.9802794456481934,0.3789253234863281,3.5961780548095703,0.0791015625,172,4,5,5,2,12,ambiref_5_ops
D,D_R_43222,chck_100M,43222,R,entity_gold_stale_cue_ablation,entityabl:81:regular_2_ops:186,-1.1838512420654297,0.33260154724121094,-0.33610057830810547,regular,8,186,-0.36702632904052734,-1.550877571105957,-0.034424781799316406,-0.7031269073486328,124,2,2,2,1,10,regular_2_ops
D,D_R_43222,chck_100M,43222,R,entity_gold_stale_cue_ablation,entityabl:820:ambiref_5_ops:53,-1.287865161895752,0.44000911712646484,-0.16832828521728516,ambiref,7,53,0.2277088165283203,-1.0601563453674316,0.6677179336547852,0.059380531311035156,188,0,5,5,1,12,ambiref_5_ops
D,D_R_43222,chck_100M,43222,R,entity_gold_stale_cue_ablation,entityabl:821:ambiref_5_ops:58,-1.7512526512145996,1.1373271942138672,-1.9943108558654785,ambiref,7,58,-0.26923656463623047,-2.02048921585083,0.8680906295776367,-2.263547420501709,164,0,5,5,1,12,ambiref_5_ops
D,D_R_43222,chck_100M,43222,R,entity_gold_stale_cue_ablation,entityabl:822:ambiref_5_ops:59,-0.6723067760467529,3.0674190521240234,-0.11528301239013672,ambiref,7,59,1.3898415565490723,0.7175347805023193,4.457260608673096,1.2745585441589355,195,1,5,5,2,12,ambiref_5_ops
D,D_R_43222,chck_100M,43222,R,entity_gold_stale_cue_ablation,entityabl:823:ambiref_5_ops:69,-0.2539963722229004,0.7425422668457031,0.5495514869689941,ambiref,5,69,-0.31912994384765625,-0.5731263160705566,0.4234123229980469,0.2304215431213379,154,1,5,5,1,10,ambiref_5_ops
D,D_R_43222,chck_100M,43222,R,entity_gold_stale_cue_ablation,entityabl:824:ambiref_5_ops:71,-1.9649057388305664,0.9604029655456543,-0.4365725517272949,ambiref,5,71,1.9961724281311035,0.03126668930053711,2.956575393676758,1.5595998764038086,148,1,5,5,2,10,ambiref_5_ops
D,D_R_43222,chck_100M,43222,R,entity_gold_stale_cue_ablation,entityabl:825:ambiref_5_ops:74,-0.5273590087890625,1.3664278984069824,0.5197162628173828,ambiref,5,74,2.639451026916504,2.1120920181274414,4.005878925323486,3.1591672897338867,154,2,5,5,2,10,ambiref_5_ops
D,D_R_43222,chck_100M,43222,R,entity_gold_stale_cue_ablation,entityabl:826:ambiref_5_ops:78,-1.2125587463378906,0.41996192932128906,-0.016285419464111328,ambiref,5,78,0.8228693008422852,-0.38968944549560547,1.2428312301635742,0.8065838813781738,172,0,5,5,1,10,ambiref_5_ops
D,D_R_43222,chck_100M,43222,R,entity_gold_stale_cue_ablation,entityabl:827:ambiref_5_ops:85,-1.2422304153442383,0.820551872253418,1.0470170974731445,ambiref,5,85,-3.251789093017578,-4.494019508361816,-2.43123722076416,-2.2047719955444336,168,5,5,5,2,10,ambiref_5_ops
D,D_R_43222,chck_100M,43222,R,entity_gold_stale_cue_ablation,entityabl:828:ambiref_5_ops:88,-2.4559555053710938,-1.0490679740905762,-2.4702844619750977,ambiref,5,88,4.332817077636719,1.876861572265625,3.2837491035461426,1.862532615661621,171,1,5,5,2,10,ambiref_5_ops
D,D_R_43222,chck_100M,43222,R,entity_gold_stale_cue_ablation,entityabl:829:ambiref_5_ops:89,-1.830458641052246,0.6106605529785156,0.13963794708251953,ambiref,5,89,-0.5956993103027344,-2.4261579513549805,0.01496124267578125,-0.45606136322021484,141,4,5,5,2,10,ambiref_5_ops
D,D_R_43222,chck_100M,43222,R,entity_gold_stale_cue_ablation,entityabl:82:regular_2_ops:193,0.4623088836669922,1.5354232788085938,1.345780372619629,regular,8,193,3.220804214477539,3.6831130981445312,4.756227493286133,4.566584587097168,130,5,2,2,1,10,regular_2_ops
D,D_R_43222,chck_100M,43222,R,entity_gold_stale_cue_ablation,entityabl:830:ambiref_5_ops:91,-1.137589454650879,7.542792797088623,-0.6573596000671387,ambiref,5,91,-3.0689854621887207,-4.2065749168396,4.473807334899902,-3.7263450622558594,169,1,5,5,2,10,ambiref_5_ops
D,D_R_43222,chck_100M,43222,R,entity_gold_stale_cue_ablation,entityabl:831:ambiref_5_ops:98,-0.929841160774231,1.0769965648651123,0.017910242080688477,ambiref,3,98,-0.11832714080810547,-1.0481683015823364,0.9586694240570068,-0.10041689872741699,137,1,5,5,1,8,ambiref_5_ops
D,D_R_43222,chck_100M,43222,R,entity_gold_stale_cue_ablation,entityabl:832:ambiref_5_ops:102,-3.7700886726379395,0.5518579483032227,0.08977985382080078,ambiref,3,102,-0.4512825012207031,-4.221371173858643,0.10057544708251953,-0.36150264739990234,126,4,5,5,2,8,ambiref_5_ops
D,D_R_43222,chck_100M,43222,R,entity_gold_stale_cue_ablation,entityabl:833:ambiref_5_ops:106,-0.7985429763793945,0.8543556928634644,0.24582433700561523,ambiref,4,106,0.0073642730712890625,-0.7911787033081055,0.8617199659347534,0.2531886100769043,148,1,5,5,1,9,ambiref_5_ops
D,D_R_43222,chck_100M,43222,R,entity_gold_stale_cue_ablation,entityabl:834:ambiref_5_ops:107,-3.046492576599121,1.350426197052002,-0.7717065811157227,ambiref,4,107,2.3397889137268066,-0.7067036628723145,3.6902151107788086,1.568082332611084,139,1,5,5,2,9,ambiref_5_ops
D,D_R_43222,chck_100M,43222,R,entity_gold_stale_cue_ablation,entityabl:835:ambiref_5_ops:109,-1.6409516334533691,1.3546257019042969,0.22969627380371094,ambiref,4,109,3.504612922668457,1.863661289215088,4.859238624572754,3.734309196472168,145,2,5,5,2,9,ambiref_5_ops
D,D_R_43222,chck_100M,43222,R,entity_gold_stale_cue_ablation,entityabl:836:ambiref_5_ops:111,-9.172477722167969,1.7964105606079102,-1.1655092239379883,ambiref,4,111,0.2742786407470703,-8.898199081420898,2.0706892013549805,-0.891230583190918,167,4,5,5,1,9,ambiref_5_ops
D,D_R_43222,chck_100M,43222,R,entity_gold_stale_cue_ablation,entityabl:837:ambiref_5_ops:117,-2.8270058631896973,0.4988384246826172,0.19987964630126953,ambiref,4,117,-0.5841007232666016,-3.411106586456299,-0.08526229858398438,-0.38422107696533203,132,4,5,5,2,9,ambiref_5_ops
D,D_R_43222,chck_100M,43222,R,entity_gold_stale_cue_ablation,entityabl:838:ambiref_5_ops:120,-0.2774121165275574,1.312528371810913,-0.17107796669006348,ambiref,2,120,0.690866231918335,0.4134541153907776,2.003394603729248,0.5197882652282715,130,1,5,5,1,7,ambiref_5_ops
D,D_R_43222,chck_100M,43222,R,entity_gold_stale_cue_ablation,entityabl:839:ambiref_5_ops:122,-5.020938873291016,0.4355173110961914,0.14725971221923828,ambiref,2,122,-0.008793830871582031,-5.029732704162598,0.4267234802246094,0.13846588134765625,119,4,5,5,2,7,ambiref_5_ops
D,D_R_43222,chck_100M,43222,R,entity_gold_stale_cue_ablation,entityabl:83:regular_2_ops:194,0.11185932159423828,0.3432483673095703,-0.057364463806152344,regular,8,194,0.32570552825927734,0.4375648498535156,0.6689538955688477,0.268341064453125,120,0,2,2,1,10,regular_2_ops
D,D_R_43222,chck_100M,43222,R,entity_gold_stale_cue_ablation,entityabl:840:move_contents_2_ops:1,-0.23058581352233887,1.5419282913208008,-0.598597526550293,move_contents,1,1,-3.0498313903808594,-3.2804172039031982,-1.5079030990600586,-3.6484289169311523,88,5,2,2,1,3,move_contents_2_ops
D,D_R_43222,chck_100M,43222,R,entity_gold_stale_cue_ablation,entityabl:841:move_contents_2_ops:4,-0.0945119857788086,0.44502735137939453,-0.18031978607177734,move_contents,1,4,-0.5308427810668945,-0.6253547668457031,-0.0858154296875,-0.7111625671386719,82,6,2,2,1,3,move_contents_2_ops
D,D_R_43222,chck_100M,43222,R,entity_gold_stale_cue_ablation,entityabl:842:move_contents_2_ops:5,-0.6487998962402344,3.65993595123291,-0.40270137786865234,move_contents,1,5,1.1996221542358398,0.5508222579956055,4.85955810546875,0.7969207763671875,85,2,2,2,1,3,move_contents_2_ops
D,D_R_43222,chck_100M,43222,R,entity_gold_stale_cue_ablation,entityabl:843:move_contents_2_ops:9,-1.7397973537445068,2.919178009033203,-0.040564537048339844,move_contents,1,9,-4.530451774597168,-6.270249128341675,-1.6112737655639648,-4.571016311645508,79,5,2,2,1,3,move_contents_2_ops
D,D_R_43222,chck_100M,43222,R,entity_gold_stale_cue_ablation,entityabl:844:move_contents_2_ops:10,-0.6829466819763184,2.5150856971740723,-0.7527060508728027,move_contents,1,10,1.3603215217590332,0.6773748397827148,3.8754072189331055,0.6076154708862305,88,5,2,2,1,3,move_contents_2_ops
D,D_R_43222,chck_100M,43222,R,entity_gold_stale_cue_ablation,entityabl:845:move_contents_2_ops:19,-3.5727920532226562,0.795255184173584,-1.0349483489990234,move_contents,1,19,1.9030570983886719,-1.6697349548339844,2.698312282562256,0.8681087493896484,70,4,2,2,1,3,move_contents_2_ops
D,D_R_43222,chck_100M,43222,R,entity_gold_stale_cue_ablation,entityabl:846:move_contents_2_ops:22,-2.4168787002563477,0.7195553779602051,-1.7052435874938965,move_contents,2,22,1.4779610633850098,-0.9389176368713379,2.197516441345215,-0.22728252410888672,79,1,2,2,1,4,move_contents_2_ops
D,D_R_43222,chck_100M,43222,R,entity_gold_stale_cue_ablation,entityabl:847:move_contents_2_ops:27,-0.9645051956176758,0.00603485107421875,-0.07099723815917969,move_contents,2,27,1.4759454727172852,0.5114402770996094,1.481980323791504,1.4049482345581055,89,5,2,2,1,4,move_contents_2_ops
D,D_R_43222,chck_100M,43222,R,entity_gold_stale_cue_ablation,entityabl:848:move_contents_2_ops:28,-1.7203636169433594,-0.7173748016357422,-1.465291976928711,move_contents,2,28,3.525376319885254,1.8050127029418945,2.8080015182495117,2.060084342956543,95,1,2,2,1,4,move_contents_2_ops
D,D_R_43222,chck_100M,43222,R,entity_gold_stale_cue_ablation,entityabl:849:move_contents_2_ops:33,0.7623147964477539,4.660950183868408,0.7623147964477539,move_contents,3,33,-6.9870734214782715,-6.224758625030518,-2.3261232376098633,-6.224758625030518,100,2,1,2,1,4,move_contents_2_ops
D,D_R_43222,chck_100M,43222,R,entity_gold_stale_cue_ablation,entityabl:84:regular_2_ops:197,0.04697608947753906,0.7511787414550781,0.09476089477539062,regular,8,197,0.47548675537109375,0.5224628448486328,1.2266654968261719,0.5702476501464844,133,0,2,2,1,10,regular_2_ops
D,D_R_43222,chck_100M,43222,R,entity_gold_stale_cue_ablation,entityabl:850:move_contents_2_ops:39,-4.3281569480896,2.8740501403808594,-2.999545097351074,move_contents,2,39,-2.9601736068725586,-7.288330554962158,-0.08612346649169922,-5.959718704223633,83,5,2,2,1,4,move_contents_2_ops
D,D_R_43222,chck_100M,43222,R,entity_gold_stale_cue_ablation,entityabl:851:move_contents_2_ops:41,-3.364689350128174,0.9147253036499023,-1.383103847503662,move_contents,2,41,-1.7564926147460938,-5.121181964874268,-0.8417673110961914,-3.139596462249756,76,4,2,2,1,4,move_contents_2_ops
D,D_R_43222,chck_100M,43222,R,entity_gold_stale_cue_ablation,entityabl:852:move_contents_2_ops:42,5.170630693435669,2.9519309997558594,5.170630693435669,move_contents,4,42,-0.8834371566772461,4.287193536758423,2.0684938430786133,4.287193536758423,88,2,1,2,1,5,move_contents_2_ops
D,D_R_43222,chck_100M,43222,R,entity_gold_stale_cue_ablation,entityabl:853:move_contents_2_ops:43,-0.046738624572753906,0.3129405975341797,-0.046738624572753906,move_contents,4,43,1.4705991744995117,1.4238605499267578,1.7835397720336914,1.4238605499267578,91,1,1,2,1,5,move_contents_2_ops
D,D_R_43222,chck_100M,43222,R,entity_gold_stale_cue_ablation,entityabl:854:move_contents_2_ops:53,-0.8754796981811523,0.24585247039794922,-0.5635929107666016,move_contents,3,53,-0.18307209014892578,-1.0585517883300781,0.06278038024902344,-0.7466650009155273,94,6,2,2,1,5,move_contents_2_ops
D,D_R_43222,chck_100M,43222,R,entity_gold_stale_cue_ablation,entityabl:855:move_contents_2_ops:55,-0.5306625366210938,0.36351776123046875,-0.29290199279785156,move_contents,3,55,-0.04011726379394531,-0.5707798004150391,0.32340049743652344,-0.3330192565917969,101,0,2,2,1,5,move_contents_2_ops
D,D_R_43222,chck_100M,43222,R,entity_gold_stale_cue_ablation,entityabl:856:move_contents_2_ops:58,-7.391059994697571,1.4566516876220703,-1.922053337097168,move_contents,3,58,-4.451656341552734,-11.842716336250305,-2.995004653930664,-6.373709678649902,90,4,2,2,1,5,move_contents_2_ops
D,D_R_43222,chck_100M,43222,R,entity_gold_stale_cue_ablation,entityabl:857:move_contents_2_ops:62,-4.752278804779053,2.6388964653015137,-1.0122876167297363,move_contents,3,62,-3.146798610687256,-7.899077415466309,-0.5079021453857422,-4.159086227416992,73,5,2,2,1,5,move_contents_2_ops
D,D_R_43222,chck_100M,43222,R,entity_gold_stale_cue_ablation,entityabl:858:move_contents_2_ops:65,-4.565239429473877,-0.6231632232666016,-1.784876823425293,move_contents,3,65,2.0595240592956543,-2.5057153701782227,1.4363608360290527,0.27464723587036133,103,6,2,2,1,5,move_contents_2_ops
D,D_R_43222,chck_100M,43222,R,entity_gold_stale_cue_ablation,entityabl:859:move_contents_2_ops:66,-3.211606025695801,3.8103713989257812,-1.2422552108764648,move_contents,3,66,-6.828901290893555,-10.040507316589355,-3.0185298919677734,-8.07115650177002,100,5,2,2,1,5,move_contents_2_ops
D,D_R_43222,chck_100M,43222,R,entity_gold_stale_cue_ablation,entityabl:85:regular_2_ops:198,-0.4979095458984375,0.6458492279052734,-0.7474212646484375,regular,8,198,0.8254013061523438,0.32749176025390625,1.4712505340576172,0.07798004150390625,145,6,2,2,1,10,regular_2_ops
D,D_R_43222,chck_100M,43222,R,entity_gold_stale_cue_ablation,entityabl:860:move_contents_2_ops:67,-0.8946895599365234,-0.3083000183105469,0.10003185272216797,move_contents,3,67,2.0900135040283203,1.1953239440917969,1.7817134857177734,2.1900453567504883,92,4,2,2,1,5,move_contents_2_ops
D,D_R_43222,chck_100M,43222,R,entity_gold_stale_cue_ablation,entityabl:861:move_contents_2_ops:71,-1.8417301177978516,-0.4698371887207031,-1.625950813293457,move_contents,3,71,3.6710824966430664,1.8293523788452148,3.2012453079223633,2.0451316833496094,101,1,2,2,1,5,move_contents_2_ops
D,D_R_43222,chck_100M,43222,R,entity_gold_stale_cue_ablation,entityabl:862:move_contents_2_ops:76,-0.5460634231567383,0.22062015533447266,-0.2845449447631836,move_contents,4,76,-0.5462579727172852,-1.0923213958740234,-0.3256378173828125,-0.8308029174804688,97,1,2,2,1,6,move_contents_2_ops
D,D_R_43222,chck_100M,43222,R,entity_gold_stale_cue_ablation,entityabl:863:move_contents_2_ops:81,-2.4089455604553223,0.38851261138916016,0.36335182189941406,move_contents,4,81,1.1076111793518066,-1.3013343811035156,1.4961237907409668,1.4709630012512207,110,4,2,2,1,6,move_contents_2_ops
D,D_R_43222,chck_100M,43222,R,entity_gold_stale_cue_ablation,entityabl:864:move_contents_2_ops:82,-0.8531708717346191,0.9712586402893066,0.1248326301574707,move_contents,4,82,1.6961236000061035,0.8429527282714844,2.66738224029541,1.8209562301635742,106,4,2,2,1,6,move_contents_2_ops
D,D_R_43222,chck_100M,43222,R,entity_gold_stale_cue_ablation,entityabl:865:move_contents_2_ops:84,-0.9292192459106445,0.20084381103515625,-1.3082456588745117,move_contents,4,84,3.037936210632324,2.1087169647216797,3.2387800216674805,1.7296905517578125,94,2,2,2,1,6,move_contents_2_ops
D,D_R_43222,chck_100M,43222,R,entity_gold_stale_cue_ablation,entityabl:866:move_contents_2_ops:91,-1.1281652450561523,0.2774620056152344,-0.7008299827575684,move_contents,4,91,0.07701349258422852,-1.0511517524719238,0.3544754981994629,-0.6238164901733398,106,3,2,2,1,6,move_contents_2_ops
D,D_R_43222,chck_100M,43222,R,entity_gold_stale_cue_ablation,entityabl:867:move_contents_2_ops:95,-13.58506155014038,1.4820878505706787,-1.4885597229003906,move_contents,4,95,7.42665958404541,-6.158401966094971,8.908747434616089,5.9380998611450195,110,5,2,2,1,6,move_contents_2_ops
D,D_R_43222,chck_100M,43222,R,entity_gold_stale_cue_ablation,entityabl:868:move_contents_2_ops:96,-1.9183363914489746,0.329866886138916,-0.8822813034057617,move_contents,4,96,1.0711207389831543,-0.8472156524658203,1.4009876251220703,0.18883943557739258,94,1,2,2,1,6,move_contents_2_ops
D,D_R_43222,chck_100M,43222,R,entity_gold_stale_cue_ablation,entityabl:869:move_contents_2_ops:99,-4.611354827880859,0.13173580169677734,0.01201629638671875,move_contents,4,99,-5.17310905456543,-9.784463882446289,-5.041373252868652,-5.161092758178711,115,6,2,2,1,6,move_contents_2_ops
D,D_R_43222,chck_100M,43222,R,entity_gold_stale_cue_ablation,entityabl:86:regular_2_ops:202,-0.5814018249511719,-0.18230438232421875,-0.10334300994873047,regular,8,202,-0.6836795806884766,-1.2650814056396484,-0.8659839630126953,-0.787022590637207,123,5,2,2,1,10,regular_2_ops
D,D_R_43222,chck_100M,43222,R,entity_gold_stale_cue_ablation,entityabl:870:move_contents_2_ops:100,-3.925032615661621,5.185037612915039,0.2642555236816406,move_contents,4,100,-3.7338380813598633,-7.658870697021484,1.4511995315551758,-3.4695825576782227,112,6,2,2,1,6,move_contents_2_ops
D,D_R_43222,chck_100M,43222,R,entity_gold_stale_cue_ablation,entityabl:871:move_contents_2_ops:103,-3.047844886779785,-0.518035888671875,-1.294830322265625,move_contents,4,103,-1.5385122299194336,-4.586357116699219,-2.0565481185913086,-2.8333425521850586,115,0,2,2,1,6,move_contents_2_ops
D,D_R_43222,chck_100M,43222,R,entity_gold_stale_cue_ablation,entityabl:872:move_contents_2_ops:104,-1.8821353912353516,0.4029397964477539,-0.12331295013427734,move_contents,4,104,1.2003145217895508,-0.6818208694458008,1.6032543182373047,1.0770015716552734,106,3,2,2,1,6,move_contents_2_ops
D,D_R_43222,chck_100M,43222,R,entity_gold_stale_cue_ablation,entityabl:873:move_contents_2_ops:109,-2.906966209411621,-0.3428611755371094,-0.0764617919921875,move_contents,4,109,-1.3223609924316406,-4.229327201843262,-1.66522216796875,-1.3988227844238281,116,1,2,2,1,6,move_contents_2_ops
D,D_R_43222,chck_100M,43222,R,entity_gold_stale_cue_ablation,entityabl:874:move_contents_2_ops:116,-0.3607816696166992,0.1711435317993164,-0.24692821502685547,move_contents,5,116,-0.44258785247802734,-0.8033695220947266,-0.27144432067871094,-0.6895160675048828,106,1,2,2,1,7,move_contents_2_ops
D,D_R_43222,chck_100M,43222,R,entity_gold_stale_cue_ablation,entityabl:875:move_contents_2_ops:117,-1.4013967514038086,0.7644295692443848,-1.3366122245788574,move_contents,5,117,-2.2141013145446777,-3.6154980659484863,-1.449671745300293,-3.550713539123535,116,2,2,2,1,7,move_contents_2_ops
D,D_R_43222,chck_100M,43222,R,entity_gold_stale_cue_ablation,entityabl:876:move_contents_2_ops:118,-4.84833824634552,3.904749870300293,-2.9107627868652344,move_contents,5,118,-2.10823917388916,-6.95657742023468,1.7965106964111328,-5.0190019607543945,110,4,2,2,1,7,move_contents_2_ops
D,D_R_43222,chck_100M,43222,R,entity_gold_stale_cue_ablation,entityabl:877:move_contents_2_ops:123,-1.1146650314331055,0.2985858917236328,-0.30202388763427734,move_contents,5,123,0.01621246337890625,-1.0984525680541992,0.31479835510253906,-0.2858114242553711,112,3,2,2,1,7,move_contents_2_ops
D,D_R_43222,chck_100M,43222,R,entity_gold_stale_cue_ablation,entityabl:878:move_contents_2_ops:127,-0.45139026641845703,-0.7635383605957031,0.14855003356933594,move_contents,5,127,-5.204211235046387,-5.655601501464844,-5.96774959564209,-5.055661201477051,97,3,2,2,1,7,move_contents_2_ops
D,D_R_43222,chck_100M,43222,R,entity_gold_stale_cue_ablation,entityabl:879:move_contents_2_ops:129,-3.910112977027893,0.535485029220581,-1.7033054828643799,move_contents,5,129,-1.371605396270752,-5.281718373298645,-0.8361203670501709,-3.074910879135132,116,5,2,2,1,7,move_contents_2_ops
D,D_R_43222,chck_100M,43222,R,entity_gold_stale_cue_ablation,entityabl:87:regular_2_ops:204,-6.071062088012695,0.6601735353469849,-4.635589361190796,regular,8,204,-4.561597108840942,-10.632659196853638,-3.9014235734939575,-9.197186470031738,129,5,2,2,1,10,regular_2_ops
D,D_R_43222,chck_100M,43222,R,entity_gold_stale_cue_ablation,entityabl:880:move_contents_2_ops:131,-0.2793912887573242,0.24966716766357422,-0.2291393280029297,move_contents,5,131,0.3143606185913086,0.034969329833984375,0.5640277862548828,0.0852212905883789,113,0,2,2,1,7,move_contents_2_ops
D,D_R_43222,chck_100M,43222,R,entity_gold_stale_cue_ablation,entityabl:881:move_contents_2_ops:132,-2.8316609859466553,3.314560890197754,-1.5542504787445068,move_contents,5,132,-5.519862174987793,-8.351523160934448,-2.205301284790039,-7.0741126537323,104,5,2,2,1,7,move_contents_2_ops
D,D_R_43222,chck_100M,43222,R,entity_gold_stale_cue_ablation,entityabl:882:move_contents_2_ops:135,-3.184549331665039,0.4367709159851074,-1.4755406379699707,move_contents,5,135,1.2931103706359863,-1.8914389610290527,1.7298812866210938,-0.18243026733398438,115,6,2,2,1,7,move_contents_2_ops
D,D_R_43222,chck_100M,43222,R,entity_gold_stale_cue_ablation,entityabl:883:move_contents_2_ops:136,-1.8872947692871094,-0.1613912582397461,-1.8872947692871094,move_contents,6,136,1.746938705444336,-0.14035606384277344,1.5855474472045898,-0.14035606384277344,114,1,1,2,1,7,move_contents_2_ops
D,D_R_43222,chck_100M,43222,R,entity_gold_stale_cue_ablation,entityabl:884:move_contents_2_ops:137,-1.5661115646362305,-0.47431468963623047,-1.1313343048095703,move_contents,5,137,1.5354347229003906,-0.030676841735839844,1.0611200332641602,0.4041004180908203,120,1,2,2,1,7,move_contents_2_ops
D,D_R_43222,chck_100M,43222,R,entity_gold_stale_cue_ablation,entityabl:885:move_contents_2_ops:138,-2.7923903465270996,-0.5591769218444824,-1.8646776676177979,move_contents,5,138,0.8702898025512695,-1.92210054397583,0.3111128807067871,-0.9943878650665283,116,5,2,2,1,7,move_contents_2_ops
D,D_R_43222,chck_100M,43222,R,entity_gold_stale_cue_ablation,entityabl:886:move_contents_2_ops:139,-2.4365811347961426,-0.3602876663208008,-0.11845827102661133,move_contents,5,139,5.365180015563965,2.9285988807678223,5.004892349243164,5.2467217445373535,108,1,2,2,1,7,move_contents_2_ops
D,D_R_43222,chck_100M,43222,R,entity_gold_stale_cue_ablation,entityabl:887:move_contents_2_ops:142,-1.0345420837402344,0.6775593757629395,2.1592960357666016,move_contents,5,142,1.8878865242004395,0.8533444404602051,2.565445899963379,4.047182559967041,119,6,2,2,1,7,move_contents_2_ops
D,D_R_43222,chck_100M,43222,R,entity_gold_stale_cue_ablation,entityabl:888:move_contents_2_ops:143,-3.2226455211639404,0.5175948143005371,-0.9926657676696777,move_contents,5,143,-2.0892086029052734,-5.311854124069214,-1.5716137886047363,-3.081874370574951,100,3,2,2,1,7,move_contents_2_ops
D,D_R_43222,chck_100M,43222,R,entity_gold_stale_cue_ablation,entityabl:889:move_contents_2_ops:144,-1.8865299224853516,0.5306563377380371,-1.0981416702270508,move_contents,5,144,0.8197689056396484,-1.0667610168457031,1.3504252433776855,-0.27837276458740234,90,2,2,2,1,7,move_contents_2_ops
D,D_R_43222,chck_100M,43222,R,entity_gold_stale_cue_ablation,entityabl:88:regular_2_ops:205,-4.583027362823486,0.6009817123413086,-1.2952775955200195,regular,8,205,2.299057960510254,-2.2839694023132324,2.9000396728515625,1.0037803649902344,138,2,2,2,1,10,regular_2_ops
D,D_R_43222,chck_100M,43222,R,entity_gold_stale_cue_ablation,entityabl:890:move_contents_2_ops:146,-2.4837193489074707,2.334528923034668,-1.9326109886169434,move_contents,5,146,-4.922611713409424,-7.4063310623168945,-2.588082790374756,-6.855222702026367,106,2,2,2,1,7,move_contents_2_ops
D,D_R_43222,chck_100M,43222,R,entity_gold_stale_cue_ablation,entityabl:891:move_contents_2_ops:147,-0.046459197998046875,3.3581743240356445,-0.05149364471435547,move_contents,5,147,0.9713401794433594,0.9248809814453125,4.329514503479004,0.9198465347290039,112,2,2,2,1,7,move_contents_2_ops
D,D_R_43222,chck_100M,43222,R,entity_gold_stale_cue_ablation,entityabl:892:move_contents_2_ops:150,-2.5605382919311523,1.9699182510375977,-1.682373046875,move_contents,5,150,-2.822946548461914,-5.383484840393066,-0.8530282974243164,-4.505319595336914,107,6,2,2,1,7,move_contents_2_ops
D,D_R_43222,chck_100M,43222,R,entity_gold_stale_cue_ablation,entityabl:893:move_contents_2_ops:153,-5.039378881454468,2.759918212890625,-2.3823022842407227,move_contents,5,153,-0.5422115325927734,-5.581590414047241,2.2177066802978516,-2.924513816833496,99,5,2,2,1,7,move_contents_2_ops
D,D_R_43222,chck_100M,43222,R,entity_gold_stale_cue_ablation,entityabl:894:move_contents_2_ops:154,-4.835504531860352,-0.21853113174438477,-0.9387021064758301,move_contents,5,154,2.808215618133545,-2.0272889137268066,2.58968448638916,1.8695135116577148,109,6,2,2,1,7,move_contents_2_ops
D,D_R_43222,chck_100M,43222,R,entity_gold_stale_cue_ablation,entityabl:895:move_contents_2_ops:157,1.8348326683044434,-2.4735450744628906,-0.2834506034851074,move_contents,5,157,1.8073887825012207,3.642221450805664,-0.6661562919616699,1.5239381790161133,112,0,2,2,1,7,move_contents_2_ops
D,D_R_43222,chck_100M,43222,R,entity_gold_stale_cue_ablation,entityabl:896:move_contents_2_ops:158,-3.528669834136963,6.488154411315918,-3.2752246856689453,move_contents,5,158,-1.1030378341674805,-4.631707668304443,5.3851165771484375,-4.378262519836426,103,6,2,2,1,7,move_contents_2_ops
D,D_R_43222,chck_100M,43222,R,entity_gold_stale_cue_ablation,entityabl:897:move_contents_2_ops:162,-2.414052963256836,-0.35282230377197266,-0.7138338088989258,move_contents,6,162,1.9857139587402344,-0.42833900451660156,1.6328916549682617,1.2718801498413086,125,4,2,2,1,8,move_contents_2_ops
D,D_R_43222,chck_100M,43222,R,entity_gold_stale_cue_ablation,entityabl:898:move_contents_2_ops:165,-2.8952722549438477,2.7115578651428223,-0.5157265663146973,move_contents,6,165,-2.877523899078369,-5.772796154022217,-0.16596603393554688,-3.3932504653930664,127,6,2,2,1,8,move_contents_2_ops
D,D_R_43222,chck_100M,43222,R,entity_gold_stale_cue_ablation,entityabl:899:move_contents_2_ops:171,-0.6568799018859863,0.19121313095092773,-4.718572616577148,move_contents,6,171,-2.9438562393188477,-3.600736141204834,-2.75264310836792,-7.662428855895996,119,0,2,2,1,8,move_contents_2_ops
D,D_R_43222,chck_100M,43222,R,entity_gold_stale_cue_ablation,entityabl:89:regular_2_ops:206,-1.9042296409606934,1.4886817932128906,-0.4944009780883789,regular,8,206,-0.9715919494628906,-2.875821590423584,0.51708984375,-1.4659929275512695,142,2,2,2,1,10,regular_2_ops
D,D_R_43222,chck_100M,43222,R,entity_gold_stale_cue_ablation,entityabl:8:regular_2_ops:26,-1.9585707187652588,4.054169654846191,-0.9549520015716553,regular,2,26,-5.491101264953613,-7.449671983718872,-1.4369316101074219,-6.4460532665252686,86,4,2,2,1,4,regular_2_ops
D,D_R_43222,chck_100M,43222,R,entity_gold_stale_cue_ablation,entityabl:900:move_contents_2_ops:177,3.255383014678955,2.8000917434692383,3.255383014678955,move_contents,7,177,-1.8826580047607422,1.372725009918213,0.9174337387084961,1.372725009918213,112,2,1,2,1,8,move_contents_2_ops
D,D_R_43222,chck_100M,43222,R,entity_gold_stale_cue_ablation,entityabl:901:move_contents_2_ops:178,-1.6495832055807114,9.394212931394577,-0.4253188222646713,move_contents,6,178,-8.232722252607346,-9.882305458188057,1.1614906787872314,-8.658041074872017,143,3,2,2,1,8,move_contents_2_ops
D,D_R_43222,chck_100M,43222,R,entity_gold_stale_cue_ablation,entityabl:902:move_contents_2_ops:179,-1.3267617225646973,0.24522638320922852,2.4392151832580566,move_contents,6,179,2.4480838775634766,1.1213221549987793,2.693310260772705,4.887299060821533,128,6,2,2,1,8,move_contents_2_ops
D,D_R_43222,chck_100M,43222,R,entity_gold_stale_cue_ablation,entityabl:903:move_contents_2_ops:180,-1.485400676727295,2.816082000732422,-1.485400676727295,move_contents,7,180,3.4509520530700684,1.9655513763427734,6.26703405380249,1.9655513763427734,109,5,1,2,1,8,move_contents_2_ops
D,D_R_43222,chck_100M,43222,R,entity_gold_stale_cue_ablation,entityabl:904:move_contents_2_ops:183,-6.19989800453186,-0.6145477294921875,-3.662320137023926,move_contents,6,183,1.471811294555664,-4.728086709976196,0.8572635650634766,-2.1905088424682617,112,6,2,2,1,8,move_contents_2_ops
D,D_R_43222,chck_100M,43222,R,entity_gold_stale_cue_ablation,entityabl:905:move_contents_2_ops:184,-2.3568713665008545,-0.43794918060302734,-0.23306989669799805,move_contents,6,184,-6.633581638336182,-8.990453004837036,-7.071530818939209,-6.86665153503418,122,1,2,2,1,8,move_contents_2_ops
D,D_R_43222,chck_100M,43222,R,entity_gold_stale_cue_ablation,entityabl:906:move_contents_2_ops:185,1.2321486473083496,-1.0436067581176758,-0.46173572540283203,move_contents,6,185,1.525773048400879,2.7579216957092285,0.4821662902832031,1.0640373229980469,121,0,2,2,1,8,move_contents_2_ops
D,D_R_43222,chck_100M,43222,R,entity_gold_stale_cue_ablation,entityabl:907:move_contents_2_ops:190,-1.1231579780578613,0.14614152908325195,-0.6274447441101074,move_contents,6,190,-2.292905330657959,-3.4160633087158203,-2.146763801574707,-2.9203500747680664,109,1,2,2,1,8,move_contents_2_ops
D,D_R_43222,chck_100M,43222,R,entity_gold_stale_cue_ablation,entityabl:908:move_contents_2_ops:194,-1.4652528762817383,-0.7053670883178711,-0.8640642166137695,move_contents,6,194,-2.770357131958008,-4.235610008239746,-3.475724220275879,-3.6344213485717773,105,3,2,2,1,8,move_contents_2_ops
D,D_R_43222,chck_100M,43222,R,entity_gold_stale_cue_ablation,entityabl:909:move_contents_2_ops:195,-0.8847894668579102,-1.1335010528564453,0.20470809936523438,move_contents,6,195,-0.6193523406982422,-1.5041418075561523,-1.7528533935546875,-0.4146442413330078,131,3,2,2,1,8,move_contents_2_ops
D,D_R_43222,chck_100M,43222,R,entity_gold_stale_cue_ablation,entityabl:90:regular_2_ops:209,-1.910919189453125,0.1391453742980957,-2.8570070266723633,regular,8,209,1.7375335693359375,-0.1733856201171875,1.8766789436340332,-1.1194734573364258,136,0,2,2,1,10,regular_2_ops
D,D_R_43222,chck_100M,43222,R,entity_gold_stale_cue_ablation,entityabl:910:move_contents_2_ops:200,-1.020726203918457,-0.08875846862792969,-0.4213247299194336,move_contents,6,200,-0.3719911575317383,-1.3927173614501953,-0.46074962615966797,-0.7933158874511719,107,4,2,2,1,8,move_contents_2_ops
D,D_R_43222,chck_100M,43222,R,entity_gold_stale_cue_ablation,entityabl:911:move_contents_2_ops:201,-2.720348358154297,1.1660346984863281,-2.459202766418457,move_contents,6,201,-1.426229476928711,-4.146577835083008,-0.2601947784423828,-3.885432243347168,127,5,2,2,1,8,move_contents_2_ops
D,D_R_43222,chck_100M,43222,R,entity_gold_stale_cue_ablation,entityabl:912:move_contents_2_ops:202,-0.05026817321777344,-0.3778257369995117,-0.1439046859741211,move_contents,6,202,-1.6056842803955078,-1.6559524536132812,-1.9835100173950195,-1.749588966369629,116,6,2,2,1,8,move_contents_2_ops
D,D_R_43222,chck_100M,43222,R,entity_gold_stale_cue_ablation,entityabl:913:move_contents_2_ops:203,-1.1814336776733398,2.25040340423584,-1.1814336776733398,move_contents,7,203,-4.8060760498046875,-5.987509727478027,-2.5556726455688477,-5.987509727478027,110,1,1,2,1,8,move_contents_2_ops
D,D_R_43222,chck_100M,43222,R,entity_gold_stale_cue_ablation,entityabl:914:move_contents_2_ops:208,-0.4357771873474121,1.3467721939086914,-0.569190502166748,move_contents,6,208,-4.9954514503479,-5.4312286376953125,-3.648679256439209,-5.564641952514648,136,4,2,2,1,8,move_contents_2_ops
D,D_R_43222,chck_100M,43222,R,entity_gold_stale_cue_ablation,entityabl:915:move_contents_2_ops:209,3.3306565284729004,0.9400811195373535,-1.371861457824707,move_contents,6,209,-2.6974477767944336,0.6332087516784668,-1.75736665725708,-4.069309234619141,118,3,2,2,1,8,move_contents_2_ops
D,D_R_43222,chck_100M,43222,R,entity_gold_stale_cue_ablation,entityabl:916:move_contents_2_ops:210,-0.0031595230102539062,-1.2601604461669922,-0.2663230895996094,move_contents,6,210,2.4416847229003906,2.4385251998901367,1.1815242767333984,2.1753616333007812,115,0,2,2,1,8,move_contents_2_ops
D,D_R_43222,chck_100M,43222,R,entity_gold_stale_cue_ablation,entityabl:917:move_contents_2_ops:211,-2.429752826690674,1.4437999725341797,-0.43549108505249023,move_contents,6,211,0.5842123031616211,-1.8455405235290527,2.028012275695801,0.14872121810913086,113,1,2,2,1,8,move_contents_2_ops
D,D_R_43222,chck_100M,43222,R,entity_gold_stale_cue_ablation,entityabl:918:move_contents_2_ops:216,-0.0311737060546875,-0.11511993408203125,-0.1284198760986328,move_contents,8,216,-0.3004493713378906,-0.3316230773925781,-0.4155693054199219,-0.42886924743652344,136,3,2,2,1,10,move_contents_2_ops
D,D_R_43222,chck_100M,43222,R,entity_gold_stale_cue_ablation,entityabl:919:move_contents_2_ops:217,-1.5002012252807617,0.5214638710021973,-1.4493846893310547,move_contents,8,217,-3.679080009460449,-5.179281234741211,-3.157616138458252,-5.128464698791504,119,1,2,2,1,10,move_contents_2_ops
D,D_R_43222,chck_100M,43222,R,entity_gold_stale_cue_ablation,entityabl:91:regular_2_ops:212,-0.013208389282226562,-0.12830638885498047,-0.004319190979003906,regular,8,212,0.5746240615844727,0.5614156723022461,0.4463176727294922,0.5703048706054688,136,4,2,2,1,10,regular_2_ops
D,D_R_43222,chck_100M,43222,R,entity_gold_stale_cue_ablation,entityabl:920:move_contents_2_ops:218,0.47035789489746094,0.19338655471801758,0.47035789489746094,move_contents,9,218,0.46806907653808594,0.9384269714355469,0.6614556312561035,0.9384269714355469,124,5,1,2,1,10,move_contents_2_ops
D,D_R_43222,chck_100M,43222,R,entity_gold_stale_cue_ablation,entityabl:921:move_contents_2_ops:219,-4.772416114807129,0.5261602401733398,-3.5774002075195312,move_contents,8,219,1.5211687088012695,-3.2512474060058594,2.0473289489746094,-2.0562314987182617,131,1,2,2,1,10,move_contents_2_ops
D,D_R_43222,chck_100M,43222,R,entity_gold_stale_cue_ablation,entityabl:922:move_contents_2_ops:222,-1.510685920715332,0.536158561706543,-0.15169906616210938,move_contents,8,222,3.1283769607543945,1.6176910400390625,3.6645355224609375,2.976677894592285,127,4,2,2,1,10,move_contents_2_ops
D,D_R_43222,chck_100M,43222,R,entity_gold_stale_cue_ablation,entityabl:923:move_contents_2_ops:227,-0.8215866088867188,3.073133945465088,0.5546412467956543,move_contents,8,227,-4.360128879547119,-5.181715488433838,-1.2869949340820312,-3.805487632751465,128,1,2,2,1,10,move_contents_2_ops
D,D_R_43222,chck_100M,43222,R,entity_gold_stale_cue_ablation,entityabl:924:move_contents_2_ops:228,-0.0413355827331543,0.7989416122436523,0.252716064453125,move_contents,8,228,1.2631826400756836,1.2218470573425293,2.062124252319336,1.5158987045288086,118,0,2,2,1,10,move_contents_2_ops
D,D_R_43222,chck_100M,43222,R,entity_gold_stale_cue_ablation,entityabl:925:move_contents_2_ops:234,-1.007901668548584,-1.6796488761901855,-1.007901668548584,move_contents,9,234,-1.272216796875,-2.280118465423584,-2.9518656730651855,-2.280118465423584,137,2,1,2,1,10,move_contents_2_ops
D,D_R_43222,chck_100M,43222,R,entity_gold_stale_cue_ablation,entityabl:926:move_contents_2_ops:235,-0.09634876251220703,0.7369809150695801,-0.08681678771972656,move_contents,8,235,-2.8844985961914062,-2.9808473587036133,-2.147517681121826,-2.971315383911133,137,0,2,2,1,10,move_contents_2_ops
D,D_R_43222,chck_100M,43222,R,entity_gold_stale_cue_ablation,entityabl:927:move_contents_2_ops:236,-3.618023633956909,3.360405921936035,-2.2330403327941895,move_contents,8,236,-1.2183122634887695,-4.836335897445679,2.1420936584472656,-3.451352596282959,137,4,2,2,1,10,move_contents_2_ops
D,D_R_43222,chck_100M,43222,R,entity_gold_stale_cue_ablation,entityabl:928:move_contents_2_ops:238,0.15776729583740234,-0.08403682708740234,0.15404033660888672,move_contents,8,238,0.7774858474731445,0.9352531433105469,0.6934490203857422,0.9315261840820312,127,3,2,2,1,10,move_contents_2_ops
D,D_R_43222,chck_100M,43222,R,entity_gold_stale_cue_ablation,entityabl:929:move_contents_2_ops:242,3.6467208862304688,1.3372693061828613,8.609314918518066,move_contents,8,242,-3.953207492828369,-0.3064866065979004,-2.615938186645508,4.656107425689697,118,5,2,2,1,10,move_contents_2_ops
D,D_R_43222,chck_100M,43222,R,entity_gold_stale_cue_ablation,entityabl:92:regular_2_ops:219,0.5599265098571777,1.729975700378418,0.7694253921508789,regular,8,219,-6.6033549308776855,-6.043428421020508,-4.873379230499268,-5.833929538726807,133,3,2,2,1,10,regular_2_ops
D,D_R_43222,chck_100M,43222,R,entity_gold_stale_cue_ablation,entityabl:930:move_contents_2_ops:246,0.09679698944091797,0.1811513900756836,-0.1380138397216797,move_contents,8,246,-1.2052297592163086,-1.1084327697753906,-1.024078369140625,-1.3432435989379883,130,0,2,2,1,10,move_contents_2_ops
D,D_R_43222,chck_100M,43222,R,entity_gold_stale_cue_ablation,entityabl:931:move_contents_2_ops:249,-1.5962114334106445,1.2923564910888672,-3.00136661529541,move_contents,8,249,-2.6294450759887695,-4.225656509399414,-1.3370885848999023,-5.63081169128418,144,0,2,2,1,10,move_contents_2_ops
D,D_R_43222,chck_100M,43222,R,entity_gold_stale_cue_ablation,entityabl:932:move_contents_2_ops:253,-1.287829875946045,1.173797607421875,-1.3780293464660645,move_contents,8,253,-0.7193107604980469,-2.007140636444092,0.4544868469238281,-2.0973401069641113,137,4,2,2,1,10,move_contents_2_ops
D,D_R_43222,chck_100M,43222,R,entity_gold_stale_cue_ablation,entityabl:933:move_contents_2_ops:255,-1.975931167602539,2.2685470581054688,-0.5015439987182617,move_contents,8,255,-1.9256458282470703,-3.9015769958496094,0.34290122985839844,-2.427189826965332,115,6,2,2,1,10,move_contents_2_ops
D,D_R_43222,chck_100M,43222,R,entity_gold_stale_cue_ablation,entityabl:934:move_contents_2_ops:257,2.187075138092041,-2.3563199043273926,2.5916786193847656,move_contents,8,257,-0.9562225341796875,1.2308526039123535,-3.31254243850708,1.6354560852050781,127,5,2,2,1,10,move_contents_2_ops
D,D_R_43222,chck_100M,43222,R,entity_gold_stale_cue_ablation,entityabl:935:move_contents_2_ops:262,0.29398059844970703,0.6787838935852051,0.641575813293457,move_contents,7,262,1.4100837707519531,1.7040643692016602,2.088867664337158,2.05165958404541,112,0,2,2,1,9,move_contents_2_ops
D,D_R_43222,chck_100M,43222,R,entity_gold_stale_cue_ablation,entityabl:936:move_contents_2_ops:264,-3.519207000732422,0.5935907363891602,-3.519207000732422,move_contents,8,264,1.2458019256591797,-2.273405075073242,1.8393926620483398,-2.273405075073242,140,1,1,2,1,9,move_contents_2_ops
D,D_R_43222,chck_100M,43222,R,entity_gold_stale_cue_ablation,entityabl:937:move_contents_2_ops:268,1.6900734901428223,1.2198371887207031,-1.4571552276611328,move_contents,7,268,-2.4540042877197266,-0.7639307975769043,-1.2341670989990234,-3.9111595153808594,127,3,2,2,1,9,move_contents_2_ops
D,D_R_43222,chck_100M,43222,R,entity_gold_stale_cue_ablation,entityabl:938:move_contents_2_ops:269,-0.3400259017944336,-0.4607725143432617,-0.46408843994140625,move_contents,7,269,-1.2268314361572266,-1.5668573379516602,-1.6876039505004883,-1.6909198760986328,128,6,2,2,1,9,move_contents_2_ops
D,D_R_43222,chck_100M,43222,R,entity_gold_stale_cue_ablation,entityabl:939:move_contents_2_ops:270,-2.19435715675354,-1.020157814025879,-0.7989106178283691,move_contents,7,270,8.144330978393555,5.949973821640015,7.124173164367676,7.3454203605651855,137,2,2,2,1,9,move_contents_2_ops
D,D_R_43222,chck_100M,43222,R,entity_gold_stale_cue_ablation,entityabl:93:regular_2_ops:221,-5.160274505615234,0.8977832794189453,-0.18155193328857422,regular,8,221,-2.615351676940918,-7.775626182556152,-1.7175683975219727,-2.796903610229492,136,3,2,2,1,10,regular_2_ops
D,D_R_43222,chck_100M,43222,R,entity_gold_stale_cue_ablation,entityabl:940:move_contents_2_ops:271,-2.6302595138549805,0.40898799896240234,-1.1216144561767578,move_contents,7,271,-0.6652984619140625,-3.295557975769043,-0.25631046295166016,-1.7869129180908203,121,5,2,2,1,9,move_contents_2_ops
D,D_R_43222,chck_100M,43222,R,entity_gold_stale_cue_ablation,entityabl:941:move_contents_2_ops:273,-0.7344846725463867,3.3190488815307617,-0.7344846725463867,move_contents,8,273,-1.6909103393554688,-2.4253950119018555,1.628138542175293,-2.4253950119018555,131,2,1,2,1,9,move_contents_2_ops
D,D_R_43222,chck_100M,43222,R,entity_gold_stale_cue_ablation,entityabl:942:move_contents_2_ops:275,-2.2545127868652344,0.45923709869384766,-0.2124185562133789,move_contents,7,275,-3.281841278076172,-5.536354064941406,-2.822604179382324,-3.494259834289551,112,4,2,2,1,9,move_contents_2_ops
D,D_R_43222,chck_100M,43222,R,entity_gold_stale_cue_ablation,entityabl:943:move_contents_2_ops:279,-2.3374176025390625,1.161813735961914,-0.5769710540771484,move_contents,7,279,-1.9921274185180664,-4.329545021057129,-0.8303136825561523,-2.569098472595215,118,3,2,2,1,9,move_contents_2_ops
D,D_R_43222,chck_100M,43222,R,entity_gold_stale_cue_ablation,entityabl:944:move_contents_2_ops:280,-0.17015457153320312,0.4378213882446289,0.022808074951171875,move_contents,7,280,0.013990402221679688,-0.15616416931152344,0.4518117904663086,0.03679847717285156,131,0,2,2,1,9,move_contents_2_ops
D,D_R_43222,chck_100M,43222,R,entity_gold_stale_cue_ablation,entityabl:945:move_contents_2_ops:284,-1.7693099975585938,0.33024024963378906,-1.205052375793457,move_contents,7,284,-0.6377706527709961,-2.40708065032959,-0.30753040313720703,-1.8428230285644531,128,4,2,2,1,9,move_contents_2_ops
D,D_R_43222,chck_100M,43222,R,entity_gold_stale_cue_ablation,entityabl:946:move_contents_2_ops:285,-1.1436033248901367,0.5729799270629883,-1.089378833770752,move_contents,7,285,-1.3708734512329102,-2.514476776123047,-0.7978935241699219,-2.460252285003662,115,0,2,2,1,9,move_contents_2_ops
D,D_R_43222,chck_100M,43222,R,entity_gold_stale_cue_ablation,entityabl:947:move_contents_2_ops:287,-0.3785400390625,0.3670186996459961,-0.2483053207397461,move_contents,7,287,-2.028463363647461,-2.407003402709961,-1.6614446640014648,-2.276768684387207,124,2,2,2,1,9,move_contents_2_ops
D,D_R_43222,chck_100M,43222,R,entity_gold_stale_cue_ablation,entityabl:948:move_contents_2_ops:289,0.2164897918701172,0.07499313354492188,0.23272037506103516,move_contents,7,289,0.3276023864746094,0.5440921783447266,0.40259552001953125,0.5603227615356445,115,3,2,2,1,9,move_contents_2_ops
D,D_R_43222,chck_100M,43222,R,entity_gold_stale_cue_ablation,entityabl:949:move_contents_2_ops:292,-3.11199751496315,7.809054255485535,-0.214376300573349,move_contents,7,292,-6.766192853450775,-9.878190368413925,1.0428614020347595,-6.980569154024124,152,3,2,2,1,9,move_contents_2_ops
D,D_R_43222,chck_100M,43222,R,entity_gold_stale_cue_ablation,entityabl:94:regular_2_ops:224,0.5871315002441406,-0.47753429412841797,0.08610820770263672,regular,8,224,-2.660429000854492,-2.0732975006103516,-3.13796329498291,-2.5743207931518555,134,2,2,2,1,10,regular_2_ops
D,D_R_43222,chck_100M,43222,R,entity_gold_stale_cue_ablation,entityabl:950:move_contents_2_ops:299,-0.23066997528076172,1.929107666015625,-0.23066997528076172,move_contents,8,299,0.44928932189941406,0.21861934661865234,2.378396987915039,0.21861934661865234,115,1,1,2,1,9,move_contents_2_ops
D,D_R_43222,chck_100M,43222,R,entity_gold_stale_cue_ablation,entityabl:951:move_contents_2_ops:300,-0.3698148727416992,-0.1133737564086914,-0.41281604766845703,move_contents,7,300,1.098465919494629,0.7286510467529297,0.9850921630859375,0.6856498718261719,131,1,2,2,1,9,move_contents_2_ops
D,D_R_43222,chck_100M,43222,R,entity_gold_stale_cue_ablation,entityabl:952:move_contents_2_ops:301,-0.9116549491882324,0.44119930267333984,-0.5822176933288574,move_contents,7,301,-2.647490978240967,-3.559145927429199,-2.206291675567627,-3.229708671569824,115,1,2,2,1,9,move_contents_2_ops
D,D_R_43222,chck_100M,43222,R,entity_gold_stale_cue_ablation,entityabl:953:move_contents_2_ops:302,-0.0010671615600585938,-0.005064964294433594,0.04186534881591797,move_contents,7,302,0.04723167419433594,0.046164512634277344,0.042166709899902344,0.0890970230102539,121,1,2,2,1,9,move_contents_2_ops
D,D_R_43222,chck_100M,43222,R,entity_gold_stale_cue_ablation,entityabl:954:move_contents_2_ops:308,-1.3183197975158691,-1.5496478080749512,-0.86981201171875,move_contents,7,308,0.02008533477783203,-1.298234462738037,-1.5295624732971191,-0.849726676940918,137,3,2,2,1,9,move_contents_2_ops
D,D_R_43222,chck_100M,43222,R,entity_gold_stale_cue_ablation,entityabl:955:move_contents_2_ops:309,-0.3651609420776367,0.2547316551208496,-0.4226841926574707,move_contents,9,309,1.93011474609375,1.5649538040161133,2.1848464012145996,1.5074305534362793,130,2,2,2,1,11,move_contents_2_ops
D,D_R_43222,chck_100M,43222,R,entity_gold_stale_cue_ablation,entityabl:956:move_contents_2_ops:310,-0.40104007720947266,-0.13989639282226562,-0.484527587890625,move_contents,9,310,-2.3843116760253906,-2.7853517532348633,-2.5242080688476562,-2.8688392639160156,130,4,2,2,1,11,move_contents_2_ops
D,D_R_43222,chck_100M,43222,R,entity_gold_stale_cue_ablation,entityabl:957:move_contents_2_ops:311,-1.8161969184875488,-0.05114126205444336,-1.3955702781677246,move_contents,9,311,0.011069774627685547,-1.8051271438598633,-0.04007148742675781,-1.384500503540039,143,4,2,2,1,11,move_contents_2_ops
D,D_R_43222,chck_100M,43222,R,entity_gold_stale_cue_ablation,entityabl:958:move_contents_2_ops:312,-0.9874467849731445,-0.010959625244140625,0.30946826934814453,move_contents,9,312,-1.5944299697875977,-2.581876754760742,-1.6053895950317383,-1.2849617004394531,139,0,2,2,1,11,move_contents_2_ops
D,D_R_43222,chck_100M,43222,R,entity_gold_stale_cue_ablation,entityabl:959:move_contents_2_ops:313,0.2838144302368164,0.050792694091796875,0.5893545150756836,move_contents,9,313,0.3227396011352539,0.6065540313720703,0.3735322952270508,0.9120941162109375,145,3,2,2,1,11,move_contents_2_ops
D,D_R_43222,chck_100M,43222,R,entity_gold_stale_cue_ablation,entityabl:95:regular_2_ops:227,-4.370547771453857,0.6049952507019043,0.4994863271713257,regular,9,227,-5.2895684242248535,-9.660116195678711,-4.684573173522949,-4.790082097053528,127,4,2,2,1,11,regular_2_ops
D,D_R_43222,chck_100M,43222,R,entity_gold_stale_cue_ablation,entityabl:960:move_contents_2_ops:314,-0.21449756622314453,-0.11377811431884766,1.2762980461120605,move_contents,9,314,6.3364739418029785,6.121976375579834,6.222695827484131,7.612771987915039,134,0,2,2,1,11,move_contents_2_ops
D,D_R_43222,chck_100M,43222,R,entity_gold_stale_cue_ablation,entityabl:961:move_contents_2_ops:316,-0.382843017578125,0.9438776969909668,-0.5959820747375488,move_contents,9,316,-5.140890121459961,-5.523733139038086,-4.197012424468994,-5.73687219619751,160,4,2,2,1,11,move_contents_2_ops
D,D_R_43222,chck_100M,43222,R,entity_gold_stale_cue_ablation,entityabl:962:move_contents_2_ops:318,-1.0451431274414062,1.5938777923583984,-2.6915600299835205,move_contents,9,318,-2.644571304321289,-3.6897144317626953,-1.0506935119628906,-5.33613133430481,156,0,2,2,1,11,move_contents_2_ops
D,D_R_43222,chck_100M,43222,R,entity_gold_stale_cue_ablation,entityabl:963:move_contents_2_ops:322,-0.5654535293579102,0.38279247283935547,-0.7725367546081543,move_contents,9,322,-2.3782758712768555,-2.9437294006347656,-1.9954833984375,-3.1508126258850098,155,1,2,2,1,11,move_contents_2_ops
D,D_R_43222,chck_100M,43222,R,entity_gold_stale_cue_ablation,entityabl:964:move_contents_2_ops:323,-1.6441459655761719,0.6712031364440918,-0.01322174072265625,move_contents,9,323,-4.257746696472168,-5.90189266204834,-3.586543560028076,-4.270968437194824,154,6,2,2,1,11,move_contents_2_ops
D,D_R_43222,chck_100M,43222,R,entity_gold_stale_cue_ablation,entityabl:965:move_contents_2_ops:324,-2.5429019927978516,0.41428661346435547,-0.12232017517089844,move_contents,9,324,-0.5672674179077148,-3.1101694107055664,-0.15298080444335938,-0.6895875930786133,126,3,2,2,1,11,move_contents_2_ops
D,D_R_43222,chck_100M,43222,R,entity_gold_stale_cue_ablation,entityabl:966:move_contents_2_ops:325,-0.029142379760742188,0.3592104911804199,0.06572675704956055,move_contents,9,325,-2.789163589477539,-2.8183059692382812,-2.429953098297119,-2.7234368324279785,133,1,2,2,1,11,move_contents_2_ops
D,D_R_43222,chck_100M,43222,R,entity_gold_stale_cue_ablation,entityabl:967:move_contents_2_ops:326,-3.928874969482422,0.11263084411621094,-0.3780498504638672,move_contents,9,326,-3.0042715072631836,-6.9331464767456055,-2.8916406631469727,-3.382321357727051,157,0,2,2,1,11,move_contents_2_ops
D,D_R_43222,chck_100M,43222,R,entity_gold_stale_cue_ablation,entityabl:968:move_contents_2_ops:328,1.7606472969055176,-0.8896937370300293,0.3687710762023926,move_contents,9,328,1.9432258605957031,3.7038731575012207,1.0535321235656738,2.3119969367980957,136,0,2,2,1,11,move_contents_2_ops
D,D_R_43222,chck_100M,43222,R,entity_gold_stale_cue_ablation,entityabl:969:move_contents_2_ops:330,1.7521238327026367,-2.190525531768799,1.7521238327026367,move_contents,10,330,-1.929647445678711,-0.17752361297607422,-4.12017297744751,-0.17752361297607422,121,0,1,2,1,11,move_contents_2_ops
D,D_R_43222,chck_100M,43222,R,entity_gold_stale_cue_ablation,entityabl:96:regular_2_ops:229,-3.98702335357666,-0.5576133728027344,-2.4347286224365234,regular,9,229,-0.7416067123413086,-4.728630065917969,-1.299220085144043,-3.176335334777832,155,2,2,2,1,11,regular_2_ops
D,D_R_43222,chck_100M,43222,R,entity_gold_stale_cue_ablation,entityabl:970:move_contents_2_ops:332,-4.070979833602905,1.0204617977142334,-4.829961538314819,move_contents,9,332,3.3008644580841064,-0.7701153755187988,4.32132625579834,-1.529097080230713,125,0,2,2,1,11,move_contents_2_ops
D,D_R_43222,chck_100M,43222,R,entity_gold_stale_cue_ablation,entityabl:971:move_contents_2_ops:333,0.030840396881103516,0.9885764122009277,0.030840396881103516,move_contents,10,333,5.112109661102295,5.142950057983398,6.100686073303223,5.142950057983398,133,1,1,2,1,11,move_contents_2_ops
D,D_R_43222,chck_100M,43222,R,entity_gold_stale_cue_ablation,entityabl:972:move_contents_2_ops:334,-0.3214607238769531,0.2209329605102539,-0.3214607238769531,move_contents,10,334,-1.111959457397461,-1.433420181274414,-0.891026496887207,-1.433420181274414,130,0,1,2,1,11,move_contents_2_ops
D,D_R_43222,chck_100M,43222,R,entity_gold_stale_cue_ablation,entityabl:973:move_contents_2_ops:335,0.0554804801940918,-0.6949892044067383,0.0554804801940918,move_contents,10,335,3.369420051574707,3.424900531768799,2.6744308471679688,3.424900531768799,135,0,1,2,1,11,move_contents_2_ops
D,D_R_43222,chck_100M,43222,R,entity_gold_stale_cue_ablation,entityabl:974:move_contents_2_ops:337,-0.8831439018249512,0.34916257858276367,-0.7102341651916504,move_contents,9,337,2.016517162322998,1.1333732604980469,2.3656797409057617,1.3062829971313477,136,4,2,2,1,11,move_contents_2_ops
D,D_R_43222,chck_100M,43222,R,entity_gold_stale_cue_ablation,entityabl:975:move_contents_2_ops:338,-2.175990104675293,0.7672872543334961,-0.8857650756835938,move_contents,9,338,0.7658100128173828,-1.4101800918579102,1.533097267150879,-0.11995506286621094,145,6,2,2,1,11,move_contents_2_ops
D,D_R_43222,chck_100M,43222,R,entity_gold_stale_cue_ablation,entityabl:976:move_contents_2_ops:341,-0.9117565155029297,1.2609996795654297,-0.019941329956054688,move_contents,9,341,-0.4633369445800781,-1.3750934600830078,0.7976627349853516,-0.4832782745361328,134,4,2,2,1,11,move_contents_2_ops
D,D_R_43222,chck_100M,43222,R,entity_gold_stale_cue_ablation,entityabl:977:move_contents_2_ops:348,1.3998866081237793,1.0817852020263672,3.599311351776123,move_contents,9,348,-4.174343109130859,-2.77445650100708,-3.092557907104492,-0.5750317573547363,127,5,2,2,1,11,move_contents_2_ops
D,D_R_43222,chck_100M,43222,R,entity_gold_stale_cue_ablation,entityabl:978:move_contents_2_ops:354,-1.0584516525268555,-0.37278175354003906,-1.5522642135620117,move_contents,10,354,2.9395370483398438,1.8810853958129883,2.5667552947998047,1.387272834777832,157,1,2,2,1,12,move_contents_2_ops
D,D_R_43222,chck_100M,43222,R,entity_gold_stale_cue_ablation,entityabl:979:move_contents_2_ops:355,-1.5414247512817383,0.7645139694213867,-1.1012191772460938,move_contents,10,355,-0.8039131164550781,-2.3453378677368164,-0.039399147033691406,-1.9051322937011719,154,5,2,2,1,12,move_contents_2_ops
D,D_R_43222,chck_100M,43222,R,entity_gold_stale_cue_ablation,entityabl:97:regular_2_ops:230,-4.090271234512329,0.7381300926208496,-3.2637916803359985,regular,9,230,-5.447273015975952,-9.537544250488281,-4.7091429233551025,-8.71106469631195,135,5,2,2,1,11,regular_2_ops
D,D_R_43222,chck_100M,43222,R,entity_gold_stale_cue_ablation,entityabl:980:move_contents_2_ops:362,-1.5888619422912598,2.1180014610290527,-1.3543667793273926,move_contents,10,362,-4.5666117668151855,-6.155473709106445,-2.448610305786133,-5.920978546142578,142,2,2,2,1,12,move_contents_2_ops
D,D_R_43222,chck_100M,43222,R,entity_gold_stale_cue_ablation,entityabl:981:move_contents_2_ops:366,-0.29161739349365234,0.6206531524658203,0.1907644271850586,move_contents,10,366,-2.4365482330322266,-2.728165626525879,-1.8158950805664062,-2.245783805847168,139,1,2,2,1,12,move_contents_2_ops
D,D_R_43222,chck_100M,43222,R,entity_gold_stale_cue_ablation,entityabl:982:move_contents_2_ops:369,0.7231044769287109,-1.8957033157348633,0.8095545768737793,move_contents,10,369,1.6714897155761719,2.394594192504883,-0.2242136001586914,2.481044292449951,139,5,2,2,1,12,move_contents_2_ops
D,D_R_43222,chck_100M,43222,R,entity_gold_stale_cue_ablation,entityabl:983:move_contents_2_ops:370,-1.298321008682251,1.6560266017913818,1.4844484329223633,move_contents,10,370,2.7884292602539062,1.4901082515716553,4.444455862045288,4.2728776931762695,164,6,2,2,1,12,move_contents_2_ops
D,D_R_43222,chck_100M,43222,R,entity_gold_stale_cue_ablation,entityabl:984:move_contents_2_ops:372,-0.7487173080444336,0.059416770935058594,-0.8338708877563477,move_contents,10,372,-3.829660415649414,-4.578377723693848,-3.7702436447143555,-4.663531303405762,173,3,2,2,1,12,move_contents_2_ops
D,D_R_43222,chck_100M,43222,R,entity_gold_stale_cue_ablation,entityabl:985:move_contents_2_ops:376,-1.2166361808776855,1.768263816833496,-0.3710136413574219,move_contents,10,376,-0.42185306549072266,-1.6384892463684082,1.3464107513427734,-0.7928667068481445,152,1,2,2,1,12,move_contents_2_ops
D,D_R_43222,chck_100M,43222,R,entity_gold_stale_cue_ablation,entityabl:986:move_contents_2_ops:377,-0.43074703216552734,0.5200109481811523,-0.530299186706543,move_contents,10,377,-0.059345245361328125,-0.49009227752685547,0.4606657028198242,-0.5896444320678711,138,2,2,2,1,12,move_contents_2_ops
D,D_R_43222,chck_100M,43222,R,entity_gold_stale_cue_ablation,entityabl:987:move_contents_2_ops:378,0.2574787139892578,-0.38038206100463867,0.5297584533691406,move_contents,10,378,6.759393692016602,7.016872406005859,6.379011631011963,7.289152145385742,143,0,2,2,1,12,move_contents_2_ops
D,D_R_43222,chck_100M,43222,R,entity_gold_stale_cue_ablation,entityabl:988:move_contents_2_ops:379,-2.859905242919922,0.9712953567504883,-1.6622161865234375,move_contents,10,379,1.1754083633422852,-1.6844968795776367,2.1467037200927734,-0.48680782318115234,139,6,2,2,1,12,move_contents_2_ops
D,D_R_43222,chck_100M,43222,R,entity_gold_stale_cue_ablation,entityabl:989:move_contents_2_ops:385,-0.32976436614990234,0.0009984970092773438,0.18029308319091797,move_contents,10,385,0.5020513534545898,0.1722869873046875,0.5030498504638672,0.6823444366455078,151,6,2,2,1,12,move_contents_2_ops
D,D_R_43222,chck_100M,43222,R,entity_gold_stale_cue_ablation,entityabl:98:regular_2_ops:232,-0.9757957458496094,0.5957365036010742,-0.7257413864135742,regular,9,232,5.375295639038086,4.399499893188477,5.97103214263916,4.649554252624512,122,1,2,2,1,11,regular_2_ops
D,D_R_43222,chck_100M,43222,R,entity_gold_stale_cue_ablation,entityabl:990:move_contents_2_ops:387,-1.0238819122314453,0.39700889587402344,-0.46826934814453125,move_contents,10,387,2.743252754211426,1.7193708419799805,3.140261650085449,2.2749834060668945,173,6,2,2,1,12,move_contents_2_ops
D,D_R_43222,chck_100M,43222,R,entity_gold_stale_cue_ablation,entityabl:991:move_contents_2_ops:390,-0.13417720794677734,0.22544240951538086,-0.18091869354248047,move_contents,10,390,0.9123315811157227,0.7781543731689453,1.1377739906311035,0.7314128875732422,136,2,2,2,1,12,move_contents_2_ops
D,D_R_43222,chck_100M,43222,R,entity_gold_stale_cue_ablation,entityabl:992:move_contents_2_ops:391,-5.894554078578949,2.828646659851074,-3.432759642601013,move_contents,0,391,-3.533273696899414,-9.427827775478363,-0.7046270370483398,-6.966033339500427,68,5,2,2,1,2,move_contents_2_ops
D,D_R_43222,chck_100M,43222,R,entity_gold_stale_cue_ablation,entityabl:993:move_contents_2_ops:398,-0.3686075210571289,0.7093877792358398,0.33826351165771484,move_contents,0,398,-0.2560739517211914,-0.6246814727783203,0.45331382751464844,0.08218955993652344,76,6,2,2,1,2,move_contents_2_ops
D,D_R_43222,chck_100M,43222,R,entity_gold_stale_cue_ablation,entityabl:994:move_contents_3_ops:12,-1.1716761589050293,0.586310863494873,0.624321460723877,move_contents,3,12,-2.0771031379699707,-3.248779296875,-1.4907922744750977,-1.4527816772460938,107,1,3,3,1,6,move_contents_3_ops
D,D_R_43222,chck_100M,43222,R,entity_gold_stale_cue_ablation,entityabl:995:move_contents_3_ops:23,-2.939643383026123,-0.6588535308837891,0.06257915496826172,move_contents,3,23,-0.32793521881103516,-3.267578601837158,-0.9867887496948242,-0.26535606384277344,100,2,3,3,1,6,move_contents_3_ops
D,D_R_43222,chck_100M,43222,R,entity_gold_stale_cue_ablation,entityabl:996:move_contents_3_ops:25,1.3920698165893555,0.4976921081542969,1.2573432922363281,move_contents,4,25,-1.0255279541015625,0.36654186248779297,-0.5278358459472656,0.23181533813476562,113,2,3,3,1,7,move_contents_3_ops
D,D_R_43222,chck_100M,43222,R,entity_gold_stale_cue_ablation,entityabl:997:move_contents_3_ops:30,-5.860865592956543,0.181884765625,-0.6291313171386719,move_contents,4,30,-0.6599025726318359,-6.520768165588379,-0.47801780700683594,-1.2890338897705078,115,5,3,3,1,7,move_contents_3_ops
D,D_R_43222,chck_100M,43222,R,entity_gold_stale_cue_ablation,entityabl:998:move_contents_3_ops:32,-2.898836135864258,0.9394874572753906,-0.30704784393310547,move_contents,4,32,2.18717098236084,-0.711665153503418,3.1266584396362305,1.8801231384277344,128,5,3,3,1,7,move_contents_3_ops
D,D_R_43222,chck_100M,43222,R,entity_gold_stale_cue_ablation,entityabl:999:move_contents_3_ops:34,-1.6635017395019531,-0.04319286346435547,-1.5219860076904297,move_contents,4,34,-0.9494113922119141,-2.612913131713867,-0.9926042556762695,-2.4713973999023438,118,2,3,3,1,7,move_contents_3_ops
D,D_R_43222,chck_100M,43222,R,entity_gold_stale_cue_ablation,entityabl:99:regular_2_ops:233,-0.3383626937866211,-0.07598304748535156,-0.20998477935791016,regular,9,233,2.350226402282715,2.0118637084960938,2.2742433547973633,2.1402416229248047,126,0,2,2,1,11,regular_2_ops
D,D_R_43222,chck_100M,43222,R,entity_gold_stale_cue_ablation,entityabl:9:regular_2_ops:33,-0.1745147705078125,1.3585548400878906,0.6157150268554688,regular,2,33,-4.277007102966309,-4.451521873474121,-2.918452262878418,-3.66129207611084,97,0,2,2,1,4,regular_2_ops
