arch,arm,checkpoint,seed,role,probe_family,probe_id,span_len,gain,companion_words,repeated_nll,source_domain,source_example_id,source_words,unrepeated_nll
D,D_C_43122,chck_90M,43122,C,heldout_natural_source_repeat,heldoutcopy:1:0:34715,1,0.3749537132680416,11,0.03227398172020912,gutenberg,34715,18,0.40722769498825073
D,D_C_43122,chck_90M,43122,C,heldout_natural_source_repeat,heldoutcopy:1:100:46093,1,0.007124394178390503,8,0.15058200061321259,open_subtitles,46093,11,0.1577063947916031
D,D_C_43122,chck_90M,43122,C,heldout_natural_source_repeat,heldoutcopy:1:101:9638,1,1.031117856502533,8,0.07941609621047974,childes,9638,11,1.1105339527130127
D,D_C_43122,chck_90M,43122,C,heldout_natural_source_repeat,heldoutcopy:1:102:38847,1,0.5542507525533438,8,0.009525680914521217,open_subtitles,38847,12,0.563776433467865
D,D_C_43122,chck_90M,43122,C,heldout_natural_source_repeat,heldoutcopy:1:103:25389,1,7.136077404022217,28,0.033370018005371094,gutenberg,25389,52,7.169447422027588
D,D_C_43122,chck_90M,43122,C,heldout_natural_source_repeat,heldoutcopy:1:104:23610,1,1.0677839033305645,8,0.012636590749025345,gutenberg,23610,11,1.0804204940795898
D,D_C_43122,chck_90M,43122,C,heldout_natural_source_repeat,heldoutcopy:1:105:9850,1,0.0002467664598952979,19,0.00034648136352188885,childes,9850,31,0.0005932478234171867
D,D_C_43122,chck_90M,43122,C,heldout_natural_source_repeat,heldoutcopy:1:106:33545,1,-0.009359415620565414,28,0.036546703428030014,gutenberg,33545,48,0.0271872878074646
D,D_C_43122,chck_90M,43122,C,heldout_natural_source_repeat,heldoutcopy:1:107:27677,1,2.855110064148903,8,0.15161000192165375,gutenberg,27677,11,3.0067200660705566
D,D_C_43122,chck_90M,43122,C,heldout_natural_source_repeat,heldoutcopy:1:108:31140,1,0.09194013476371765,11,0.29186055064201355,gutenberg,31140,18,0.3838006854057312
D,D_C_43122,chck_90M,43122,C,heldout_natural_source_repeat,heldoutcopy:1:109:39267,1,0.08338615857064724,8,0.016102151945233345,open_subtitles,39267,11,0.09948831051588058
D,D_C_43122,chck_90M,43122,C,heldout_natural_source_repeat,heldoutcopy:1:10:4664,1,3.032098673284054,8,0.033754922449588776,bnc_spoken,4664,10,3.0658535957336426
D,D_C_43122,chck_90M,43122,C,heldout_natural_source_repeat,heldoutcopy:1:110:42641,1,11.485851675271988,8,0.08410319685935974,open_subtitles,42641,11,11.569954872131348
D,D_C_43122,chck_90M,43122,C,heldout_natural_source_repeat,heldoutcopy:1:111:16252,1,1.8633666038513184,9,2.044701337814331,childes,16252,14,3.9080679416656494
D,D_C_43122,chck_90M,43122,C,heldout_natural_source_repeat,heldoutcopy:1:112:21179,1,7.194165110588074,9,0.4811822175979614,childes,21179,14,7.675347328186035
D,D_C_43122,chck_90M,43122,C,heldout_natural_source_repeat,heldoutcopy:1:113:36547,1,3.8517494797706604,13,0.8076433539390564,gutenberg,36547,21,4.659392833709717
D,D_C_43122,chck_90M,43122,C,heldout_natural_source_repeat,heldoutcopy:1:114:31372,1,6.3651884868741035,28,0.032447449862957,gutenberg,31372,53,6.3976359367370605
D,D_C_43122,chck_90M,43122,C,heldout_natural_source_repeat,heldoutcopy:1:115:48479,1,4.91858172416687,8,2.834818124771118,open_subtitles,48479,12,7.753399848937988
D,D_C_43122,chck_90M,43122,C,heldout_natural_source_repeat,heldoutcopy:1:116:8771,1,2.961704507470131,8,0.11298249661922455,childes,8771,10,3.0746870040893555
D,D_C_43122,chck_90M,43122,C,heldout_natural_source_repeat,heldoutcopy:1:117:35397,1,2.099518023431301,8,0.08360222727060318,gutenberg,35397,12,2.1831202507019043
D,D_C_43122,chck_90M,43122,C,heldout_natural_source_repeat,heldoutcopy:1:118:21260,1,1.4655439015477896,8,0.01991328038275242,childes,21260,10,1.485457181930542
D,D_C_43122,chck_90M,43122,C,heldout_natural_source_repeat,heldoutcopy:1:119:13377,1,8.519262932240963,8,0.07590232044458389,childes,13377,13,8.595165252685547
D,D_C_43122,chck_90M,43122,C,heldout_natural_source_repeat,heldoutcopy:1:11:10575,1,-0.552825927734375,11,3.1160988807678223,childes,10575,17,2.5632729530334473
D,D_C_43122,chck_90M,43122,C,heldout_natural_source_repeat,heldoutcopy:1:120:16330,1,0.9584795497357845,8,0.055339667946100235,childes,16330,10,1.0138192176818848
D,D_C_43122,chck_90M,43122,C,heldout_natural_source_repeat,heldoutcopy:1:121:47969,1,2.2985334396362305,19,9.03394889831543,open_subtitles,47969,30,11.33248233795166
D,D_C_43122,chck_90M,43122,C,heldout_natural_source_repeat,heldoutcopy:1:122:37483,1,12.574799448251724,8,0.19605454802513123,gutenberg,37483,10,12.770853996276855
D,D_C_43122,chck_90M,43122,C,heldout_natural_source_repeat,heldoutcopy:1:123:14826,1,0.06170066259801388,13,0.02737903781235218,childes,14826,21,0.08907970041036606
D,D_C_43122,chck_90M,43122,C,heldout_natural_source_repeat,heldoutcopy:1:124:40156,1,1.624092111364007,8,0.014244308695197105,open_subtitles,40156,10,1.638336420059204
D,D_C_43122,chck_90M,43122,C,heldout_natural_source_repeat,heldoutcopy:1:125:19420,1,2.1927218437194824,9,1.5580863952636719,childes,19420,14,3.7508082389831543
D,D_C_43122,chck_90M,43122,C,heldout_natural_source_repeat,heldoutcopy:1:126:27140,1,2.8388193547725677,11,0.032683998346328735,gutenberg,27140,17,2.8715033531188965
D,D_C_43122,chck_90M,43122,C,heldout_natural_source_repeat,heldoutcopy:1:127:7181,1,4.738706711679697,8,0.03141867741942406,childes,7181,12,4.770125389099121
D,D_C_43122,chck_90M,43122,C,heldout_natural_source_repeat,heldoutcopy:1:128:27695,1,3.8880890905857086,8,0.1570344865322113,gutenberg,27695,12,4.04512357711792
D,D_C_43122,chck_90M,43122,C,heldout_natural_source_repeat,heldoutcopy:1:129:1384,1,0.26722514629364014,12,1.0381348133087158,bnc_spoken,1384,19,1.305359959602356
D,D_C_43122,chck_90M,43122,C,heldout_natural_source_repeat,heldoutcopy:1:12:16004,1,0.39131417870521545,15,0.2411782443523407,childes,16004,24,0.6324924230575562
D,D_C_43122,chck_90M,43122,C,heldout_natural_source_repeat,heldoutcopy:1:130:20591,1,2.824407685548067,8,0.006826531141996384,childes,20591,13,2.8312342166900635
D,D_C_43122,chck_90M,43122,C,heldout_natural_source_repeat,heldoutcopy:1:131:21970,1,0.19858580455183983,9,0.025557268410921097,childes,21970,14,0.22414307296276093
D,D_C_43122,chck_90M,43122,C,heldout_natural_source_repeat,heldoutcopy:1:132:8436,1,0.9594278205186129,8,0.026251329109072685,childes,8436,11,0.9856791496276855
D,D_C_43122,chck_90M,43122,C,heldout_natural_source_repeat,heldoutcopy:1:133:59742,1,0.0067508164793252945,16,0.007931523025035858,simple_wiki,59742,25,0.014682339504361153
D,D_C_43122,chck_90M,43122,C,heldout_natural_source_repeat,heldoutcopy:1:134:55526,1,0.12914319057017565,9,0.014790642075240612,simple_wiki,55526,14,0.14393383264541626
D,D_C_43122,chck_90M,43122,C,heldout_natural_source_repeat,heldoutcopy:1:135:29340,1,15.337395429611206,8,0.4986250400543213,gutenberg,29340,10,15.836020469665527
D,D_C_43122,chck_90M,43122,C,heldout_natural_source_repeat,heldoutcopy:1:136:33364,1,2.9596885559149086,27,0.0057943942956626415,gutenberg,33364,44,2.9654829502105713
D,D_C_43122,chck_90M,43122,C,heldout_natural_source_repeat,heldoutcopy:1:137:55845,1,2.019322417676449,18,0.0708594098687172,simple_wiki,55845,29,2.090181827545166
D,D_C_43122,chck_90M,43122,C,heldout_natural_source_repeat,heldoutcopy:1:138:49750,1,4.556950315833092,8,0.1326444298028946,open_subtitles,49750,12,4.689594745635986
D,D_C_43122,chck_90M,43122,C,heldout_natural_source_repeat,heldoutcopy:1:139:46059,1,6.563211485743523,8,0.13749022781848907,open_subtitles,46059,10,6.700701713562012
D,D_C_43122,chck_90M,43122,C,heldout_natural_source_repeat,heldoutcopy:1:13:41264,1,12.269433118402958,8,0.08518495410680771,open_subtitles,41264,10,12.354618072509766
D,D_C_43122,chck_90M,43122,C,heldout_natural_source_repeat,heldoutcopy:1:140:10122,1,-0.0997079610824585,19,0.3300112783908844,childes,10122,30,0.2303033173084259
D,D_C_43122,chck_90M,43122,C,heldout_natural_source_repeat,heldoutcopy:1:141:2911,1,0.45936648920178413,17,0.05599702522158623,bnc_spoken,2911,27,0.5153635144233704
D,D_C_43122,chck_90M,43122,C,heldout_natural_source_repeat,heldoutcopy:1:142:29628,1,-0.0016541387885808945,15,0.030230864882469177,gutenberg,29628,24,0.028576726093888283
D,D_C_43122,chck_90M,43122,C,heldout_natural_source_repeat,heldoutcopy:1:143:3336,1,1.1882274318486452,28,0.015691382810473442,bnc_spoken,3336,47,1.2039188146591187
D,D_C_43122,chck_90M,43122,C,heldout_natural_source_repeat,heldoutcopy:1:144:39750,1,1.0372524037957191,8,0.024285100400447845,open_subtitles,39750,10,1.061537504196167
D,D_C_43122,chck_90M,43122,C,heldout_natural_source_repeat,heldoutcopy:1:145:11887,1,0.01325010901200585,8,0.00047708096099086106,childes,11887,11,0.013727189972996712
D,D_C_43122,chck_90M,43122,C,heldout_natural_source_repeat,heldoutcopy:1:146:37409,1,2.860891781747341,14,0.0020528212189674377,gutenberg,37409,23,2.8629446029663086
D,D_C_43122,chck_90M,43122,C,heldout_natural_source_repeat,heldoutcopy:1:147:16087,1,0.039918395690619946,8,0.008742627687752247,childes,16087,13,0.04866102337837219
D,D_C_43122,chck_90M,43122,C,heldout_natural_source_repeat,heldoutcopy:1:148:55281,1,5.7569045424461365,8,0.593813955783844,simple_wiki,55281,11,6.3507184982299805
D,D_C_43122,chck_90M,43122,C,heldout_natural_source_repeat,heldoutcopy:1:149:19070,1,0.0005980012938380241,12,0.013677568174898624,childes,19070,19,0.014275569468736649
D,D_C_43122,chck_90M,43122,C,heldout_natural_source_repeat,heldoutcopy:1:14:16052,1,0.09531071875244379,8,0.008524223230779171,childes,16052,11,0.10383494198322296
D,D_C_43122,chck_90M,43122,C,heldout_natural_source_repeat,heldoutcopy:1:150:50032,1,-1.0150141716003418,8,4.751584053039551,open_subtitles,50032,12,3.736569881439209
D,D_C_43122,chck_90M,43122,C,heldout_natural_source_repeat,heldoutcopy:1:151:57454,1,7.049630641937256,9,0.16802978515625,simple_wiki,57454,15,7.217660427093506
D,D_C_43122,chck_90M,43122,C,heldout_natural_source_repeat,heldoutcopy:1:152:34510,1,11.089983958750963,18,0.017208080738782883,gutenberg,34510,29,11.107192039489746
D,D_C_43122,chck_90M,43122,C,heldout_natural_source_repeat,heldoutcopy:1:153:12407,1,5.961622208356857,8,0.14895299077033997,childes,12407,10,6.110575199127197
D,D_C_43122,chck_90M,43122,C,heldout_natural_source_repeat,heldoutcopy:1:154:38516,1,5.485988110303879,8,0.296787291765213,open_subtitles,38516,11,5.782775402069092
D,D_C_43122,chck_90M,43122,C,heldout_natural_source_repeat,heldoutcopy:1:155:5433,1,6.396043479442596,8,0.1881425976753235,childes,5433,11,6.58418607711792
D,D_C_43122,chck_90M,43122,C,heldout_natural_source_repeat,heldoutcopy:1:156:10152,1,3.648399204015732,8,0.008413702249526978,childes,10152,13,3.656812906265259
D,D_C_43122,chck_90M,43122,C,heldout_natural_source_repeat,heldoutcopy:1:157:2397,1,5.005730152130127,8,3.149501323699951,bnc_spoken,2397,10,8.155231475830078
D,D_C_43122,chck_90M,43122,C,heldout_natural_source_repeat,heldoutcopy:1:158:39156,1,8.671467674896121,8,0.004085646942257881,open_subtitles,39156,13,8.675553321838379
D,D_C_43122,chck_90M,43122,C,heldout_natural_source_repeat,heldoutcopy:1:159:55308,1,-2.827580451965332,9,11.722902297973633,simple_wiki,55308,14,8.8953218460083
D,D_C_43122,chck_90M,43122,C,heldout_natural_source_repeat,heldoutcopy:1:15:24796,1,6.075228750705719,10,0.17977851629257202,gutenberg,24796,16,6.255007266998291
D,D_C_43122,chck_90M,43122,C,heldout_natural_source_repeat,heldoutcopy:1:160:5825,1,0.2123972938861698,8,0.0031301809940487146,childes,5825,10,0.2155274748802185
D,D_C_43122,chck_90M,43122,C,heldout_natural_source_repeat,heldoutcopy:1:161:35857,1,4.457918852567673,8,0.3650200664997101,gutenberg,35857,11,4.822938919067383
D,D_C_43122,chck_90M,43122,C,heldout_natural_source_repeat,heldoutcopy:1:162:57669,1,0.006479923264123499,8,0.0013187768636271358,simple_wiki,57669,13,0.007798700127750635
D,D_C_43122,chck_90M,43122,C,heldout_natural_source_repeat,heldoutcopy:1:163:20822,1,1.0371076314186212e-05,9,7.510157047363464e-06,childes,20822,15,1.7881233361549675e-05
D,D_C_43122,chck_90M,43122,C,heldout_natural_source_repeat,heldoutcopy:1:164:57321,1,-3.5762514016823843e-07,21,9.179073458653875e-06,simple_wiki,57321,34,8.821448318485636e-06
D,D_C_43122,chck_90M,43122,C,heldout_natural_source_repeat,heldoutcopy:1:165:12881,1,1.3816022127866745,11,0.03603489696979523,childes,12881,17,1.4176371097564697
D,D_C_43122,chck_90M,43122,C,heldout_natural_source_repeat,heldoutcopy:1:166:29039,1,1.4260910153388977,8,0.48405903577804565,gutenberg,29039,13,1.9101500511169434
D,D_C_43122,chck_90M,43122,C,heldout_natural_source_repeat,heldoutcopy:1:167:7182,1,0.00018320605158805847,8,0.019338052719831467,childes,7182,11,0.019521258771419525
D,D_C_43122,chck_90M,43122,C,heldout_natural_source_repeat,heldoutcopy:1:168:21853,1,4.4198576947674155,16,0.014190481044352055,childes,21853,25,4.434048175811768
D,D_C_43122,chck_90M,43122,C,heldout_natural_source_repeat,heldoutcopy:1:169:37536,1,4.815257772803307,26,0.12840010225772858,gutenberg,37536,42,4.943657875061035
D,D_C_43122,chck_90M,43122,C,heldout_natural_source_repeat,heldoutcopy:1:16:3202,1,5.730730205774307,28,0.12225708365440369,bnc_spoken,3202,55,5.852987289428711
D,D_C_43122,chck_90M,43122,C,heldout_natural_source_repeat,heldoutcopy:1:170:3724,1,5.068091079592705,16,0.14504559338092804,bnc_spoken,3724,26,5.213136672973633
D,D_C_43122,chck_90M,43122,C,heldout_natural_source_repeat,heldoutcopy:1:171:43719,1,5.099596355110407,9,0.03632416948676109,open_subtitles,43719,14,5.135920524597168
D,D_C_43122,chck_90M,43122,C,heldout_natural_source_repeat,heldoutcopy:1:172:29677,1,0.11994037078693509,8,0.002597175072878599,gutenberg,29677,10,0.12253754585981369
D,D_C_43122,chck_90M,43122,C,heldout_natural_source_repeat,heldoutcopy:1:173:9435,1,0.10853850282728672,20,0.013670159503817558,childes,9435,33,0.12220866233110428
D,D_C_43122,chck_90M,43122,C,heldout_natural_source_repeat,heldoutcopy:1:174:12464,1,2.298721559345722,8,0.05697178095579147,childes,12464,12,2.3556933403015137
D,D_C_43122,chck_90M,43122,C,heldout_natural_source_repeat,heldoutcopy:1:175:43943,1,4.179726839065552,8,0.12076306343078613,open_subtitles,43943,10,4.300489902496338
D,D_C_43122,chck_90M,43122,C,heldout_natural_source_repeat,heldoutcopy:1:176:21153,1,0.5814700722694397,8,0.015102565288543701,childes,21153,10,0.5965726375579834
D,D_C_43122,chck_90M,43122,C,heldout_natural_source_repeat,heldoutcopy:1:177:24419,1,1.5459197238087654,17,0.06746738404035568,gutenberg,24419,27,1.613387107849121
D,D_C_43122,chck_90M,43122,C,heldout_natural_source_repeat,heldoutcopy:1:178:22193,1,4.397266253829002,10,0.016360893845558167,childes,22193,16,4.4136271476745605
D,D_C_43122,chck_90M,43122,C,heldout_natural_source_repeat,heldoutcopy:1:179:62109,1,0.04424684541299939,8,0.0015891077928245068,simple_wiki,62109,11,0.0458359532058239
D,D_C_43122,chck_90M,43122,C,heldout_natural_source_repeat,heldoutcopy:1:17:43196,1,13.164299111813307,8,0.012638945132493973,open_subtitles,43196,10,13.1769380569458
D,D_C_43122,chck_90M,43122,C,heldout_natural_source_repeat,heldoutcopy:1:180:3392,1,1.0797076560556889,12,0.03632256016135216,bnc_spoken,3392,20,1.116030216217041
D,D_C_43122,chck_90M,43122,C,heldout_natural_source_repeat,heldoutcopy:1:181:55682,1,8.704917833209038,9,0.12684352695941925,simple_wiki,55682,15,8.831761360168457
D,D_C_43122,chck_90M,43122,C,heldout_natural_source_repeat,heldoutcopy:1:182:57347,1,4.083545979112387,12,0.04382437840104103,simple_wiki,57347,20,4.127370357513428
D,D_C_43122,chck_90M,43122,C,heldout_natural_source_repeat,heldoutcopy:1:183:8554,1,6.959288354963064,8,0.050851110368967056,childes,8554,11,7.010139465332031
D,D_C_43122,chck_90M,43122,C,heldout_natural_source_repeat,heldoutcopy:1:184:57210,1,1.9250775733962655,8,0.004632099531590939,simple_wiki,57210,11,1.9297096729278564
D,D_C_43122,chck_90M,43122,C,heldout_natural_source_repeat,heldoutcopy:1:185:36351,1,7.262333005666733,19,0.2528490126132965,gutenberg,36351,30,7.515182018280029
D,D_C_43122,chck_90M,43122,C,heldout_natural_source_repeat,heldoutcopy:1:186:46272,1,12.081185698509216,8,0.33277571201324463,open_subtitles,46272,11,12.413961410522461
D,D_C_43122,chck_90M,43122,C,heldout_natural_source_repeat,heldoutcopy:1:187:4481,1,5.353619396686554,8,0.2825624346733093,bnc_spoken,4481,10,5.636181831359863
D,D_C_43122,chck_90M,43122,C,heldout_natural_source_repeat,heldoutcopy:1:188:61346,1,3.57598764821887e-07,13,7.450303382938728e-05,simple_wiki,61346,21,7.486063259420916e-05
D,D_C_43122,chck_90M,43122,C,heldout_natural_source_repeat,heldoutcopy:1:189:36298,1,2.6450109481811523,19,2.8193955421447754,gutenberg,36298,30,5.464406490325928
D,D_C_43122,chck_90M,43122,C,heldout_natural_source_repeat,heldoutcopy:1:18:12105,1,0.03140186262317002,9,0.0020552005153149366,childes,12105,15,0.033457063138484955
D,D_C_43122,chck_90M,43122,C,heldout_natural_source_repeat,heldoutcopy:1:190:23133,1,3.5376014709472656,9,0.32265138626098633,gutenberg,23133,14,3.860252857208252
D,D_C_43122,chck_90M,43122,C,heldout_natural_source_repeat,heldoutcopy:1:191:59486,1,6.760029744356871,12,0.03233342245221138,simple_wiki,59486,20,6.792363166809082
D,D_C_43122,chck_90M,43122,C,heldout_natural_source_repeat,heldoutcopy:1:192:38482,1,1.9626385420560837,8,0.0900467187166214,gutenberg,38482,11,2.052685260772705
D,D_C_43122,chck_90M,43122,C,heldout_natural_source_repeat,heldoutcopy:1:193:45843,1,3.992864802479744,8,0.0706665962934494,open_subtitles,45843,11,4.063531398773193
D,D_C_43122,chck_90M,43122,C,heldout_natural_source_repeat,heldoutcopy:1:194:61912,1,2.1048454532865435,8,0.0018528213258832693,simple_wiki,61912,10,2.1066982746124268
D,D_C_43122,chck_90M,43122,C,heldout_natural_source_repeat,heldoutcopy:1:195:1018,1,10.195222198963165,16,0.8944804072380066,bnc_spoken,1018,25,11.089702606201172
D,D_C_43122,chck_90M,43122,C,heldout_natural_source_repeat,heldoutcopy:1:196:45756,1,0.8758953548967838,8,0.03249337896704674,open_subtitles,45756,13,0.9083887338638306
D,D_C_43122,chck_90M,43122,C,heldout_natural_source_repeat,heldoutcopy:1:197:51773,1,4.639412418007851,11,0.07730816304683685,open_subtitles,51773,17,4.7167205810546875
D,D_C_43122,chck_90M,43122,C,heldout_natural_source_repeat,heldoutcopy:1:198:14587,1,2.626246392726898,8,0.8283787369728088,childes,14587,11,3.454625129699707
D,D_C_43122,chck_90M,43122,C,heldout_natural_source_repeat,heldoutcopy:1:199:7065,1,0.00667494535446167,22,0.16353082656860352,childes,7065,36,0.17020577192306519
D,D_C_43122,chck_90M,43122,C,heldout_natural_source_repeat,heldoutcopy:1:19:58281,1,0.0014385990798473358,25,0.03166181966662407,simple_wiki,58281,40,0.033100418746471405
D,D_C_43122,chck_90M,43122,C,heldout_natural_source_repeat,heldoutcopy:1:1:57252,1,0.016213442431762815,8,0.002041638595983386,simple_wiki,57252,13,0.0182550810277462
D,D_C_43122,chck_90M,43122,C,heldout_natural_source_repeat,heldoutcopy:1:200:7935,1,-1.9020892232656479,8,1.9513680934906006,childes,7935,10,0.0492788702249527
D,D_C_43122,chck_90M,43122,C,heldout_natural_source_repeat,heldoutcopy:1:201:50052,1,5.690342903137207,8,9.300872802734375,open_subtitles,50052,12,14.991215705871582
D,D_C_43122,chck_90M,43122,C,heldout_natural_source_repeat,heldoutcopy:1:202:7743,1,7.5646144431084394,12,0.015426011756062508,childes,7743,19,7.580040454864502
D,D_C_43122,chck_90M,43122,C,heldout_natural_source_repeat,heldoutcopy:1:203:52392,1,0.2912660837173462,22,0.417938768863678,open_subtitles,52392,36,0.7092048525810242
D,D_C_43122,chck_90M,43122,C,heldout_natural_source_repeat,heldoutcopy:1:204:21975,1,1.1269995514303446,8,0.021216576918959618,childes,21975,10,1.1482161283493042
D,D_C_43122,chck_90M,43122,C,heldout_natural_source_repeat,heldoutcopy:1:205:42298,1,4.527057558298111,12,0.19648990035057068,open_subtitles,42298,19,4.723547458648682
D,D_C_43122,chck_90M,43122,C,heldout_natural_source_repeat,heldoutcopy:1:206:56120,1,2.5732566118240356,19,0.27496254444122314,simple_wiki,56120,30,2.848219156265259
D,D_C_43122,chck_90M,43122,C,heldout_natural_source_repeat,heldoutcopy:1:207:31876,1,-0.16836011409759521,8,0.2707367241382599,gutenberg,31876,13,0.10237661004066467
D,D_C_43122,chck_90M,43122,C,heldout_natural_source_repeat,heldoutcopy:1:208:17882,1,0.001006173697533086,8,0.00027891082572750747,childes,17882,11,0.0012850845232605934
D,D_C_43122,chck_90M,43122,C,heldout_natural_source_repeat,heldoutcopy:1:209:29842,1,2.671077251434326,9,4.0055131912231445,gutenberg,29842,14,6.676590442657471
D,D_C_43122,chck_90M,43122,C,heldout_natural_source_repeat,heldoutcopy:1:20:18239,1,5.312635660171509,8,1.979858160018921,childes,18239,11,7.29249382019043
D,D_C_43122,chck_90M,43122,C,heldout_natural_source_repeat,heldoutcopy:1:210:17570,1,0.0011788978226832114,8,8.654219709569588e-05,childes,17570,10,0.0012654400197789073
D,D_C_43122,chck_90M,43122,C,heldout_natural_source_repeat,heldoutcopy:1:211:36593,1,7.8279592134058475,20,0.010536517947912216,gutenberg,36593,33,7.83849573135376
D,D_C_43122,chck_90M,43122,C,heldout_natural_source_repeat,heldoutcopy:1:212:12470,1,3.8827450573444366,8,0.21532556414604187,childes,12470,13,4.0980706214904785
D,D_C_43122,chck_90M,43122,C,heldout_natural_source_repeat,heldoutcopy:1:213:20655,1,0.5920620830729604,17,0.006978305988013744,childes,20655,27,0.5990403890609741
D,D_C_43122,chck_90M,43122,C,heldout_natural_source_repeat,heldoutcopy:1:214:42006,1,5.171331405639648,8,1.1328935623168945,open_subtitles,42006,11,6.304224967956543
D,D_C_43122,chck_90M,43122,C,heldout_natural_source_repeat,heldoutcopy:1:215:60583,1,3.057711534202099,8,0.06018931418657303,simple_wiki,60583,12,3.117900848388672
D,D_C_43122,chck_90M,43122,C,heldout_natural_source_repeat,heldoutcopy:1:216:18563,1,1.3872902318835258,12,0.06460417062044144,childes,18563,19,1.4518944025039673
D,D_C_43122,chck_90M,43122,C,heldout_natural_source_repeat,heldoutcopy:1:217:6247,1,2.7372604608535767,8,0.7541998624801636,childes,6247,11,3.4914603233337402
D,D_C_43122,chck_90M,43122,C,heldout_natural_source_repeat,heldoutcopy:1:218:56147,1,7.862072572112083,12,0.13761748373508453,simple_wiki,56147,19,7.999690055847168
D,D_C_43122,chck_90M,43122,C,heldout_natural_source_repeat,heldoutcopy:1:219:50022,1,9.677601137198508,8,0.0064398860558867455,open_subtitles,50022,13,9.684041023254395
D,D_C_43122,chck_90M,43122,C,heldout_natural_source_repeat,heldoutcopy:1:21:54800,1,5.982331067323685,8,0.265215128660202,simple_wiki,54800,10,6.247546195983887
D,D_C_43122,chck_90M,43122,C,heldout_natural_source_repeat,heldoutcopy:1:220:445,1,2.2527761943638325,19,0.008337926119565964,bnc_spoken,445,30,2.2611141204833984
D,D_C_43122,chck_90M,43122,C,heldout_natural_source_repeat,heldoutcopy:1:221:17535,1,8.762446522712708,8,0.5668419599533081,childes,17535,10,9.329288482666016
D,D_C_43122,chck_90M,43122,C,heldout_natural_source_repeat,heldoutcopy:1:222:50711,1,0.7455633096396923,9,0.04123534634709358,open_subtitles,50711,15,0.7867986559867859
D,D_C_43122,chck_90M,43122,C,heldout_natural_source_repeat,heldoutcopy:1:223:20001,1,1.403647402767092,9,0.005042572971433401,childes,20001,14,1.4086899757385254
D,D_C_43122,chck_90M,43122,C,heldout_natural_source_repeat,heldoutcopy:1:224:777,1,9.973317474126816,9,0.023304611444473267,bnc_spoken,777,15,9.996622085571289
D,D_C_43122,chck_90M,43122,C,heldout_natural_source_repeat,heldoutcopy:1:225:1742,1,6.401974678039551,8,4.592339515686035,bnc_spoken,1742,11,10.994314193725586
D,D_C_43122,chck_90M,43122,C,heldout_natural_source_repeat,heldoutcopy:1:226:25849,1,2.824899811297655,23,0.024700265377759933,gutenberg,25849,37,2.849600076675415
D,D_C_43122,chck_90M,43122,C,heldout_natural_source_repeat,heldoutcopy:1:227:11615,1,9.59789265692234,8,0.20899496972560883,childes,11615,12,9.80688762664795
D,D_C_43122,chck_90M,43122,C,heldout_natural_source_repeat,heldoutcopy:1:228:57671,1,0.025378750870004296,8,0.0036670600529760122,simple_wiki,57671,12,0.02904581092298031
D,D_C_43122,chck_90M,43122,C,heldout_natural_source_repeat,heldoutcopy:1:229:57417,1,-6.959494203329086e-05,13,0.007194800302386284,simple_wiki,57417,21,0.007125205360352993
D,D_C_43122,chck_90M,43122,C,heldout_natural_source_repeat,heldoutcopy:1:22:24538,1,0.0007979460060596466,26,0.021666379645466805,gutenberg,24538,42,0.02246432565152645
D,D_C_43122,chck_90M,43122,C,heldout_natural_source_repeat,heldoutcopy:1:230:1756,1,8.704537197947502,24,0.17203064262866974,bnc_spoken,1756,38,8.876567840576172
D,D_C_43122,chck_90M,43122,C,heldout_natural_source_repeat,heldoutcopy:1:231:17433,1,5.299308806657791,8,0.05389782786369324,childes,17433,12,5.353206634521484
D,D_C_43122,chck_90M,43122,C,heldout_natural_source_repeat,heldoutcopy:1:232:49603,1,4.196281880140305,9,0.15437224507331848,open_subtitles,49603,14,4.350654125213623
D,D_C_43122,chck_90M,43122,C,heldout_natural_source_repeat,heldoutcopy:1:233:24329,1,3.6171275451779366,8,0.045157067477703094,gutenberg,24329,11,3.6622846126556396
D,D_C_43122,chck_90M,43122,C,heldout_natural_source_repeat,heldoutcopy:1:234:35242,1,0.0002883872948586941,8,0.00019965562387369573,gutenberg,35242,11,0.0004880429187323898
D,D_C_43122,chck_90M,43122,C,heldout_natural_source_repeat,heldoutcopy:1:235:43592,1,1.175642967224121,8,7.876925468444824,open_subtitles,43592,11,9.052568435668945
D,D_C_43122,chck_90M,43122,C,heldout_natural_source_repeat,heldoutcopy:1:236:3574,1,1.798308378085494,8,0.008667940273880959,bnc_spoken,3574,12,1.806976318359375
D,D_C_43122,chck_90M,43122,C,heldout_natural_source_repeat,heldoutcopy:1:237:28648,1,1.9468982368707657,16,0.0741255134344101,gutenberg,28648,26,2.021023750305176
D,D_C_43122,chck_90M,43122,C,heldout_natural_source_repeat,heldoutcopy:1:238:7814,1,0.17423857236281037,8,0.0024867109023034573,childes,7814,10,0.17672528326511383
D,D_C_43122,chck_90M,43122,C,heldout_natural_source_repeat,heldoutcopy:1:239:5577,1,0.0007442813366651535,22,0.009750005789101124,childes,5577,36,0.010494287125766277
D,D_C_43122,chck_90M,43122,C,heldout_natural_source_repeat,heldoutcopy:1:23:12025,1,0.13348674774169922,8,7.223128795623779,childes,12025,12,7.3566155433654785
D,D_C_43122,chck_90M,43122,C,heldout_natural_source_repeat,heldoutcopy:1:240:53669,1,-6.766588194295764e-05,19,0.0006983225466683507,simple_wiki,53669,31,0.0006306566647253931
D,D_C_43122,chck_90M,43122,C,heldout_natural_source_repeat,heldoutcopy:1:241:60425,1,3.9348721727728844,11,0.040093161165714264,simple_wiki,60425,18,3.9749653339385986
D,D_C_43122,chck_90M,43122,C,heldout_natural_source_repeat,heldoutcopy:1:242:33497,1,5.218664716929197,17,0.032503534108400345,gutenberg,33497,28,5.251168251037598
D,D_C_43122,chck_90M,43122,C,heldout_natural_source_repeat,heldoutcopy:1:243:15521,1,1.4807929992675781,10,4.242128372192383,childes,15521,16,5.722921371459961
D,D_C_43122,chck_90M,43122,C,heldout_natural_source_repeat,heldoutcopy:1:244:13301,1,6.706083413213491,8,0.05314052477478981,childes,13301,10,6.759223937988281
D,D_C_43122,chck_90M,43122,C,heldout_natural_source_repeat,heldoutcopy:1:245:37303,1,0.47166396398097277,19,0.0067643700167536736,gutenberg,37303,30,0.47842833399772644
D,D_C_43122,chck_90M,43122,C,heldout_natural_source_repeat,heldoutcopy:1:246:19400,1,2.3096405416727066,8,0.018523797392845154,childes,19400,10,2.3281643390655518
D,D_C_43122,chck_90M,43122,C,heldout_natural_source_repeat,heldoutcopy:1:247:11686,1,0.13908172957599163,8,0.022465141490101814,childes,11686,10,0.16154687106609344
D,D_C_43122,chck_90M,43122,C,heldout_natural_source_repeat,heldoutcopy:1:248:25542,1,0.7135655139572918,14,0.004924430977553129,gutenberg,25542,23,0.718489944934845
D,D_C_43122,chck_90M,43122,C,heldout_natural_source_repeat,heldoutcopy:1:249:308,1,10.264366030693054,8,0.9782449007034302,bnc_spoken,308,12,11.242610931396484
D,D_C_43122,chck_90M,43122,C,heldout_natural_source_repeat,heldoutcopy:1:24:42529,1,1.2158831441774964,8,0.005048266611993313,open_subtitles,42529,13,1.2209314107894897
D,D_C_43122,chck_90M,43122,C,heldout_natural_source_repeat,heldoutcopy:1:250:19193,1,0.7692361157387495,8,0.02701905556023121,childes,19193,10,0.7962551712989807
D,D_C_43122,chck_90M,43122,C,heldout_natural_source_repeat,heldoutcopy:1:251:31353,1,0.4067836403846741,20,0.09076821804046631,gutenberg,31353,32,0.4975518584251404
D,D_C_43122,chck_90M,43122,C,heldout_natural_source_repeat,heldoutcopy:1:252:62261,1,3.3967248890548944,20,0.016220858320593834,simple_wiki,62261,32,3.4129457473754883
D,D_C_43122,chck_90M,43122,C,heldout_natural_source_repeat,heldoutcopy:1:253:15187,1,7.617994099855423,8,0.3058941066265106,childes,15187,10,7.923888206481934
D,D_C_43122,chck_90M,43122,C,heldout_natural_source_repeat,heldoutcopy:1:254:44470,1,9.497960865497589,8,0.6691944003105164,open_subtitles,44470,12,10.167155265808105
D,D_C_43122,chck_90M,43122,C,heldout_natural_source_repeat,heldoutcopy:1:255:53197,1,0.00024872366338968277,18,0.002534037223085761,simple_wiki,53197,29,0.002782760886475444
D,D_C_43122,chck_90M,43122,C,heldout_natural_source_repeat,heldoutcopy:1:256:42272,1,1.049835953861475,11,0.020393338054418564,open_subtitles,42272,18,1.0702292919158936
D,D_C_43122,chck_90M,43122,C,heldout_natural_source_repeat,heldoutcopy:1:257:37264,1,4.552904525771737,11,0.02859838865697384,gutenberg,37264,17,4.581502914428711
D,D_C_43122,chck_90M,43122,C,heldout_natural_source_repeat,heldoutcopy:1:258:13253,1,0.09746037889271975,8,0.00997652392834425,childes,13253,10,0.107436902821064
D,D_C_43122,chck_90M,43122,C,heldout_natural_source_repeat,heldoutcopy:1:259:19515,1,0.0005096601671539247,8,0.00013350549852475524,childes,19515,11,0.0006431656656786799
D,D_C_43122,chck_90M,43122,C,heldout_natural_source_repeat,heldoutcopy:1:25:57450,1,14.932835135608912,8,0.014590706676244736,simple_wiki,57450,10,14.947425842285156
D,D_C_43122,chck_90M,43122,C,heldout_natural_source_repeat,heldoutcopy:1:260:1372,1,5.593710899353027,28,5.33438777923584,bnc_spoken,1372,51,10.928098678588867
D,D_C_43122,chck_90M,43122,C,heldout_natural_source_repeat,heldoutcopy:1:261:26001,1,0.2548806667327881,9,0.2879214286804199,gutenberg,26001,14,0.542802095413208
D,D_C_43122,chck_90M,43122,C,heldout_natural_source_repeat,heldoutcopy:1:262:22264,1,1.2138343453407288,9,0.638522207736969,childes,22264,15,1.8523565530776978
D,D_C_43122,chck_90M,43122,C,heldout_natural_source_repeat,heldoutcopy:1:263:24260,1,-3.610551357269287e-05,11,0.007012991234660149,gutenberg,24260,17,0.006976885721087456
D,D_C_43122,chck_90M,43122,C,heldout_natural_source_repeat,heldoutcopy:1:264:27648,1,-1.5022233128547668e-05,27,0.007803668268024921,gutenberg,27648,44,0.007788646034896374
D,D_C_43122,chck_90M,43122,C,heldout_natural_source_repeat,heldoutcopy:1:265:23209,1,4.580483864992857,22,0.0316958911716938,gutenberg,23209,35,4.612179756164551
D,D_C_43122,chck_90M,43122,C,heldout_natural_source_repeat,heldoutcopy:1:266:25022,1,1.8555133640766144,20,0.35645315051078796,gutenberg,25022,32,2.2119665145874023
D,D_C_43122,chck_90M,43122,C,heldout_natural_source_repeat,heldoutcopy:1:267:31289,1,10.099023923277855,28,0.1925581842660904,gutenberg,31289,46,10.291582107543945
D,D_C_43122,chck_90M,43122,C,heldout_natural_source_repeat,heldoutcopy:1:268:19801,1,2.886966950027272,8,0.002930396469309926,childes,19801,13,2.889897346496582
D,D_C_43122,chck_90M,43122,C,heldout_natural_source_repeat,heldoutcopy:1:269:3484,1,-8.804374374449253e-06,17,0.0019458661554381251,bnc_spoken,3484,28,0.0019370617810636759
D,D_C_43122,chck_90M,43122,C,heldout_natural_source_repeat,heldoutcopy:1:26:47039,1,11.718584273010492,15,0.024554993957281113,open_subtitles,47039,24,11.743139266967773
D,D_C_43122,chck_90M,43122,C,heldout_natural_source_repeat,heldoutcopy:1:270:19777,1,0.49315591156482697,8,0.08238153159618378,childes,19777,12,0.5755374431610107
D,D_C_43122,chck_90M,43122,C,heldout_natural_source_repeat,heldoutcopy:1:271:12609,1,2.1682874262332916,10,0.13685116171836853,childes,12609,16,2.30513858795166
D,D_C_43122,chck_90M,43122,C,heldout_natural_source_repeat,heldoutcopy:1:272:18750,1,2.9462876319885254,8,3.549194812774658,childes,18750,10,6.495482444763184
D,D_C_43122,chck_90M,43122,C,heldout_natural_source_repeat,heldoutcopy:1:273:42103,1,3.0790516138076782,8,0.5960978269577026,open_subtitles,42103,13,3.675149440765381
D,D_C_43122,chck_90M,43122,C,heldout_natural_source_repeat,heldoutcopy:1:274:538,1,4.165456239134073,19,0.03599315509200096,bnc_spoken,538,31,4.201449394226074
D,D_C_43122,chck_90M,43122,C,heldout_natural_source_repeat,heldoutcopy:1:275:6997,1,-1.0475540459156036,8,1.0740034580230713,childes,6997,12,0.02644941210746765
D,D_C_43122,chck_90M,43122,C,heldout_natural_source_repeat,heldoutcopy:1:276:48548,1,8.941163108684123,11,0.006532623432576656,open_subtitles,48548,18,8.9476957321167
D,D_C_43122,chck_90M,43122,C,heldout_natural_source_repeat,heldoutcopy:1:277:10502,1,0.9443345293402672,10,0.0446421280503273,childes,10502,16,0.9889766573905945
D,D_C_43122,chck_90M,43122,C,heldout_natural_source_repeat,heldoutcopy:1:278:37673,1,5.695163607597351,8,0.2314702272415161,gutenberg,37673,13,5.926633834838867
D,D_C_43122,chck_90M,43122,C,heldout_natural_source_repeat,heldoutcopy:1:279:17123,1,11.643739305436611,9,0.061564840376377106,childes,17123,14,11.705304145812988
D,D_C_43122,chck_90M,43122,C,heldout_natural_source_repeat,heldoutcopy:1:27:29746,1,1.0262335240840912,28,0.35975614190101624,gutenberg,29746,46,1.3859896659851074
D,D_C_43122,chck_90M,43122,C,heldout_natural_source_repeat,heldoutcopy:1:280:2013,1,0.004484124481678009,28,0.08916465193033218,bnc_spoken,2013,46,0.09364877641201019
D,D_C_43122,chck_90M,43122,C,heldout_natural_source_repeat,heldoutcopy:1:281:20483,1,2.783386828377843,8,0.024164555594325066,childes,20483,10,2.807551383972168
D,D_C_43122,chck_90M,43122,C,heldout_natural_source_repeat,heldoutcopy:1:282:14090,1,0.00010821467731148005,8,0.0012985378270968795,childes,14090,12,0.0014067525044083595
D,D_C_43122,chck_90M,43122,C,heldout_natural_source_repeat,heldoutcopy:1:283:7166,1,0.059708630316890776,8,0.0016037471359595656,childes,7166,12,0.06131237745285034
D,D_C_43122,chck_90M,43122,C,heldout_natural_source_repeat,heldoutcopy:1:284:43530,1,5.987466633319855,8,0.05567854642868042,open_subtitles,43530,13,6.043145179748535
D,D_C_43122,chck_90M,43122,C,heldout_natural_source_repeat,heldoutcopy:1:285:26656,1,0.0003180103376507759,11,0.007807926274836063,gutenberg,26656,18,0.00812593661248684
D,D_C_43122,chck_90M,43122,C,heldout_natural_source_repeat,heldoutcopy:1:286:51222,1,0.1932586282491684,9,0.21121354401111603,open_subtitles,51222,14,0.4044721722602844
D,D_C_43122,chck_90M,43122,C,heldout_natural_source_repeat,heldoutcopy:1:287:31419,1,1.8136836364865303,8,0.10797058790922165,gutenberg,31419,12,1.921654224395752
D,D_C_43122,chck_90M,43122,C,heldout_natural_source_repeat,heldoutcopy:1:288:6218,1,1.7724846880882978,8,0.027121158316731453,childes,6218,12,1.7996058464050293
D,D_C_43122,chck_90M,43122,C,heldout_natural_source_repeat,heldoutcopy:1:289:29703,1,11.923439294099808,8,0.3663136661052704,gutenberg,29703,13,12.289752960205078
D,D_C_43122,chck_90M,43122,C,heldout_natural_source_repeat,heldoutcopy:1:28:20530,1,1.283670425415039,8,1.9311351776123047,childes,20530,10,3.2148056030273438
D,D_C_43122,chck_90M,43122,C,heldout_natural_source_repeat,heldoutcopy:1:290:9980,1,0.5918292663991451,17,0.008622322231531143,childes,9980,28,0.6004515886306763
D,D_C_43122,chck_90M,43122,C,heldout_natural_source_repeat,heldoutcopy:1:291:20041,1,0.14188662730157375,10,0.005512157455086708,childes,20041,16,0.14739878475666046
D,D_C_43122,chck_90M,43122,C,heldout_natural_source_repeat,heldoutcopy:1:292:30849,1,3.055561374872923,13,0.045392680913209915,gutenberg,30849,21,3.100954055786133
D,D_C_43122,chck_90M,43122,C,heldout_natural_source_repeat,heldoutcopy:1:293:51941,1,3.1310033798217773,12,0.13272595405578613,open_subtitles,51941,19,3.2637293338775635
D,D_C_43122,chck_90M,43122,C,heldout_natural_source_repeat,heldoutcopy:1:294:47053,1,0.19820553064346313,8,0.10667815804481506,open_subtitles,47053,13,0.3048836886882782
D,D_C_43122,chck_90M,43122,C,heldout_natural_source_repeat,heldoutcopy:1:295:3665,1,7.615701660513878,8,0.03535749018192291,bnc_spoken,3665,10,7.651059150695801
D,D_C_43122,chck_90M,43122,C,heldout_natural_source_repeat,heldoutcopy:1:296:46572,1,1.122911587357521,8,0.13807903230190277,open_subtitles,46572,11,1.2609906196594238
D,D_C_43122,chck_90M,43122,C,heldout_natural_source_repeat,heldoutcopy:1:297:21089,1,3.5507711321115494,10,0.17389355599880219,childes,21089,16,3.7246646881103516
D,D_C_43122,chck_90M,43122,C,heldout_natural_source_repeat,heldoutcopy:1:298:15261,1,1.3284465223550797,8,0.03610549867153168,childes,15261,11,1.3645520210266113
D,D_C_43122,chck_90M,43122,C,heldout_natural_source_repeat,heldoutcopy:1:299:835,1,1.5911336485296488,9,0.028603022918105125,bnc_spoken,835,14,1.619736671447754
D,D_C_43122,chck_90M,43122,C,heldout_natural_source_repeat,heldoutcopy:1:29:33127,1,2.1883627213537693,13,0.037709590047597885,gutenberg,33127,21,2.226072311401367
D,D_C_43122,chck_90M,43122,C,heldout_natural_source_repeat,heldoutcopy:1:2:245,1,6.876111043617129,28,0.021774278953671455,bnc_spoken,245,54,6.897885322570801
D,D_C_43122,chck_90M,43122,C,heldout_natural_source_repeat,heldoutcopy:1:300:55468,1,13.668846242129803,8,0.06340301781892776,simple_wiki,55468,10,13.73224925994873
D,D_C_43122,chck_90M,43122,C,heldout_natural_source_repeat,heldoutcopy:1:301:23232,1,0.002516341395676136,10,0.012264786288142204,gutenberg,23232,16,0.01478112768381834
D,D_C_43122,chck_90M,43122,C,heldout_natural_source_repeat,heldoutcopy:1:302:6035,1,0.00013671165652340278,8,8.821098163025454e-05,childes,6035,11,0.00022492263815365732
D,D_C_43122,chck_90M,43122,C,heldout_natural_source_repeat,heldoutcopy:1:303:41316,1,11.235487252473831,8,0.3623311221599579,open_subtitles,41316,10,11.597818374633789
D,D_C_43122,chck_90M,43122,C,heldout_natural_source_repeat,heldoutcopy:1:304:40070,1,5.738496661186218,10,0.1432114839553833,open_subtitles,40070,16,5.881708145141602
D,D_C_43122,chck_90M,43122,C,heldout_natural_source_repeat,heldoutcopy:1:305:17233,1,1.044490609318018,8,0.028680291026830673,childes,17233,10,1.0731709003448486
D,D_C_43122,chck_90M,43122,C,heldout_natural_source_repeat,heldoutcopy:1:306:16915,1,10.274066686630249,8,1.0583298206329346,childes,16915,12,11.332396507263184
D,D_C_43122,chck_90M,43122,C,heldout_natural_source_repeat,heldoutcopy:1:307:40976,1,3.004739761352539,9,8.205683708190918,open_subtitles,40976,15,11.210423469543457
D,D_C_43122,chck_90M,43122,C,heldout_natural_source_repeat,heldoutcopy:1:308:35196,1,3.8979850821197033,8,0.026699919253587723,gutenberg,35196,10,3.924685001373291
D,D_C_43122,chck_90M,43122,C,heldout_natural_source_repeat,heldoutcopy:1:309:30904,1,15.242749171331525,16,0.02799324505031109,gutenberg,30904,26,15.270742416381836
D,D_C_43122,chck_90M,43122,C,heldout_natural_source_repeat,heldoutcopy:1:30:4873,1,0.6464643217623234,8,0.023638572543859482,childes,4873,10,0.6701028943061829
D,D_C_43122,chck_90M,43122,C,heldout_natural_source_repeat,heldoutcopy:1:310:11793,1,3.678341656923294,9,0.0932900607585907,childes,11793,14,3.7716317176818848
D,D_C_43122,chck_90M,43122,C,heldout_natural_source_repeat,heldoutcopy:1:311:26364,1,9.556896418333054,9,0.20407655835151672,gutenberg,26364,15,9.76097297668457
D,D_C_43122,chck_90M,43122,C,heldout_natural_source_repeat,heldoutcopy:1:312:52435,1,0.13046198338270187,8,0.016086198389530182,open_subtitles,52435,10,0.14654818177223206
D,D_C_43122,chck_90M,43122,C,heldout_natural_source_repeat,heldoutcopy:1:313:15893,1,0.006350707495585084,8,0.0016243371646851301,childes,15893,11,0.007975044660270214
D,D_C_43122,chck_90M,43122,C,heldout_natural_source_repeat,heldoutcopy:1:314:3748,1,3.819787409156561,14,0.04059991613030434,bnc_spoken,3748,23,3.8603873252868652
D,D_C_43122,chck_90M,43122,C,heldout_natural_source_repeat,heldoutcopy:1:315:30345,1,17.694807777181268,14,0.023791542276740074,gutenberg,30345,23,17.718599319458008
D,D_C_43122,chck_90M,43122,C,heldout_natural_source_repeat,heldoutcopy:1:316:34295,1,2.745623894035816,14,0.08965390175580978,gutenberg,34295,23,2.835277795791626
D,D_C_43122,chck_90M,43122,C,heldout_natural_source_repeat,heldoutcopy:1:317:55399,1,0.39278370467945933,17,0.005377945024520159,simple_wiki,55399,27,0.3981616497039795
D,D_C_43122,chck_90M,43122,C,heldout_natural_source_repeat,heldoutcopy:1:318:17956,1,0.0045770109063596465,8,0.00011038171214750037,childes,17956,11,0.004687392618507147
D,D_C_43122,chck_90M,43122,C,heldout_natural_source_repeat,heldoutcopy:1:319:7646,1,0.21684145991457626,9,0.0006694936309941113,childes,7646,15,0.21751095354557037
D,D_C_43122,chck_90M,43122,C,heldout_natural_source_repeat,heldoutcopy:1:31:24202,1,3.1182289123535156,8,0.04778575897216797,gutenberg,24202,11,3.1660146713256836
D,D_C_43122,chck_90M,43122,C,heldout_natural_source_repeat,heldoutcopy:1:320:39838,1,6.39031708240509,8,0.5732673406600952,open_subtitles,39838,11,6.9635844230651855
D,D_C_43122,chck_90M,43122,C,heldout_natural_source_repeat,heldoutcopy:1:321:22154,1,6.162635690998286e-05,8,4.7801782784517854e-05,childes,22154,10,0.00010942813969450071
D,D_C_43122,chck_90M,43122,C,heldout_natural_source_repeat,heldoutcopy:1:322:24151,1,10.245288364589214,8,0.1057133749127388,gutenberg,24151,13,10.351001739501953
D,D_C_43122,chck_90M,43122,C,heldout_natural_source_repeat,heldoutcopy:1:323:46356,1,15.633772984147072,28,0.13899122178554535,open_subtitles,46356,47,15.772764205932617
D,D_C_43122,chck_90M,43122,C,heldout_natural_source_repeat,heldoutcopy:1:324:57505,1,2.5929258167743683,8,0.14315196871757507,simple_wiki,57505,11,2.7360777854919434
D,D_C_43122,chck_90M,43122,C,heldout_natural_source_repeat,heldoutcopy:1:325:17170,1,0.005504615604877472,22,0.016123149544000626,childes,17170,36,0.021627765148878098
D,D_C_43122,chck_90M,43122,C,heldout_natural_source_repeat,heldoutcopy:1:326:61691,1,1.2230603192001581,11,0.01600067876279354,simple_wiki,61691,17,1.2390609979629517
D,D_C_43122,chck_90M,43122,C,heldout_natural_source_repeat,heldoutcopy:1:327:21652,1,1.6045609414577484,11,0.08628347516059875,childes,21652,17,1.6908444166183472
D,D_C_43122,chck_90M,43122,C,heldout_natural_source_repeat,heldoutcopy:1:328:22509,1,4.926047675311565,9,0.07320988923311234,childes,22509,15,4.999257564544678
D,D_C_43122,chck_90M,43122,C,heldout_natural_source_repeat,heldoutcopy:1:329:12768,1,7.284885227680206,8,0.15124863386154175,childes,12768,10,7.436133861541748
D,D_C_43122,chck_90M,43122,C,heldout_natural_source_repeat,heldoutcopy:1:32:51788,1,13.992443390190601,9,0.06673400849103928,open_subtitles,51788,15,14.05917739868164
D,D_C_43122,chck_90M,43122,C,heldout_natural_source_repeat,heldoutcopy:1:330:3012,1,3.5141929984092712,16,0.46256572008132935,bnc_spoken,3012,25,3.9767587184906006
D,D_C_43122,chck_90M,43122,C,heldout_natural_source_repeat,heldoutcopy:1:331:60800,1,0.0036015724763274193,8,0.007942521944642067,simple_wiki,60800,13,0.011544094420969486
D,D_C_43122,chck_90M,43122,C,heldout_natural_source_repeat,heldoutcopy:1:332:58108,1,6.452852554619312,12,0.04914110153913498,simple_wiki,58108,19,6.501993656158447
D,D_C_43122,chck_90M,43122,C,heldout_natural_source_repeat,heldoutcopy:1:333:413,1,3.4259258806705475,9,0.3869403302669525,bnc_spoken,413,15,3.8128662109375
D,D_C_43122,chck_90M,43122,C,heldout_natural_source_repeat,heldoutcopy:1:334:21588,1,1.4038008842617273,9,0.00903376005589962,childes,21588,15,1.412834644317627
D,D_C_43122,chck_90M,43122,C,heldout_natural_source_repeat,heldoutcopy:1:335:16081,1,0.00020541250705718994,8,0.005035219248384237,childes,16081,13,0.005240631755441427
D,D_C_43122,chck_90M,43122,C,heldout_natural_source_repeat,heldoutcopy:1:336:56229,1,3.3737229481339455,20,0.09987696260213852,simple_wiki,56229,32,3.473599910736084
D,D_C_43122,chck_90M,43122,C,heldout_natural_source_repeat,heldoutcopy:1:337:19946,1,3.153173014521599,8,0.1674928218126297,childes,19946,12,3.3206658363342285
D,D_C_43122,chck_90M,43122,C,heldout_natural_source_repeat,heldoutcopy:1:338:52714,1,0.00010619824752211571,8,0.004586771130561829,open_subtitles,52714,10,0.004692969378083944
D,D_C_43122,chck_90M,43122,C,heldout_natural_source_repeat,heldoutcopy:1:339:48884,1,2.7939085364341736,8,0.7585123181343079,open_subtitles,48884,10,3.5524208545684814
D,D_C_43122,chck_90M,43122,C,heldout_natural_source_repeat,heldoutcopy:1:33:58482,1,0.9501044070348144,9,0.007240721024572849,simple_wiki,58482,14,0.9573451280593872
D,D_C_43122,chck_90M,43122,C,heldout_natural_source_repeat,heldoutcopy:1:340:36580,1,0.6747162435785867,22,0.0005071069463156164,gutenberg,36580,35,0.6752233505249023
D,D_C_43122,chck_90M,43122,C,heldout_natural_source_repeat,heldoutcopy:1:341:16213,1,0.0001941579903359525,11,7.772143726469949e-05,childes,16213,18,0.000271879427600652
D,D_C_43122,chck_90M,43122,C,heldout_natural_source_repeat,heldoutcopy:1:342:52771,1,10.297059893608093,8,1.4276295900344849,open_subtitles,52771,13,11.724689483642578
D,D_C_43122,chck_90M,43122,C,heldout_natural_source_repeat,heldoutcopy:1:343:13637,1,0.7688781768083572,9,0.18466369807720184,childes,13637,15,0.9535418748855591
D,D_C_43122,chck_90M,43122,C,heldout_natural_source_repeat,heldoutcopy:1:344:56410,1,8.80700071901083,17,0.07019463926553726,simple_wiki,56410,27,8.877195358276367
D,D_C_43122,chck_90M,43122,C,heldout_natural_source_repeat,heldoutcopy:1:345:40468,1,0.2517927174340002,11,0.0008319730986841023,open_subtitles,40468,17,0.2526246905326843
D,D_C_43122,chck_90M,43122,C,heldout_natural_source_repeat,heldoutcopy:1:346:51380,1,11.958682343363762,12,0.13743753731250763,open_subtitles,51380,19,12.09611988067627
D,D_C_43122,chck_90M,43122,C,heldout_natural_source_repeat,heldoutcopy:1:347:35801,1,1.8098561316728592,17,0.081041619181633,gutenberg,35801,28,1.8908977508544922
D,D_C_43122,chck_90M,43122,C,heldout_natural_source_repeat,heldoutcopy:1:348:46103,1,0.00041724229231476784,9,0.004614063072949648,open_subtitles,46103,15,0.005031305365264416
D,D_C_43122,chck_90M,43122,C,heldout_natural_source_repeat,heldoutcopy:1:349:44740,1,4.227511174976826,8,0.08528446406126022,open_subtitles,44740,11,4.312795639038086
D,D_C_43122,chck_90M,43122,C,heldout_natural_source_repeat,heldoutcopy:1:34:22971,1,5.13238550722599,11,0.06851218640804291,gutenberg,22971,17,5.200897693634033
D,D_C_43122,chck_90M,43122,C,heldout_natural_source_repeat,heldoutcopy:1:350:12866,1,0.03253127518109977,9,0.0035397273022681475,childes,12866,14,0.03607100248336792
D,D_C_43122,chck_90M,43122,C,heldout_natural_source_repeat,heldoutcopy:1:351:50967,1,10.446751475334167,8,0.47920048236846924,open_subtitles,50967,10,10.925951957702637
D,D_C_43122,chck_90M,43122,C,heldout_natural_source_repeat,heldoutcopy:1:352:18711,1,5.005679607391357,9,0.1796407699584961,childes,18711,15,5.1853203773498535
D,D_C_43122,chck_90M,43122,C,heldout_natural_source_repeat,heldoutcopy:1:353:8263,1,-5.231304794549942,8,5.6558027267456055,childes,8263,10,0.42449793219566345
D,D_C_43122,chck_90M,43122,C,heldout_natural_source_repeat,heldoutcopy:1:354:23682,1,-7.124221883714199e-05,8,0.0023372257128357887,gutenberg,23682,11,0.0022659834939986467
D,D_C_43122,chck_90M,43122,C,heldout_natural_source_repeat,heldoutcopy:1:355:1293,1,3.292776331305504,8,0.06614448130130768,bnc_spoken,1293,12,3.3589208126068115
D,D_C_43122,chck_90M,43122,C,heldout_natural_source_repeat,heldoutcopy:1:356:57136,1,5.136018544435501,9,0.07158777117729187,simple_wiki,57136,14,5.207606315612793
D,D_C_43122,chck_90M,43122,C,heldout_natural_source_repeat,heldoutcopy:1:357:48853,1,2.8579932898283005,10,0.11828930675983429,open_subtitles,48853,16,2.9762825965881348
D,D_C_43122,chck_90M,43122,C,heldout_natural_source_repeat,heldoutcopy:1:358:23261,1,0.048865173012018204,19,0.04575521871447563,gutenberg,23261,31,0.09462039172649384
D,D_C_43122,chck_90M,43122,C,heldout_natural_source_repeat,heldoutcopy:1:359:38672,1,10.221018552780151,8,0.49730896949768066,open_subtitles,38672,10,10.718327522277832
D,D_C_43122,chck_90M,43122,C,heldout_natural_source_repeat,heldoutcopy:1:35:11799,1,2.254234880208969,8,0.07527151703834534,childes,11799,12,2.3295063972473145
D,D_C_43122,chck_90M,43122,C,heldout_natural_source_repeat,heldoutcopy:1:360:32570,1,3.3546127378940582,27,0.16255220770835876,gutenberg,32570,44,3.517164945602417
D,D_C_43122,chck_90M,43122,C,heldout_natural_source_repeat,heldoutcopy:1:361:52405,1,6.124367838725448,27,0.016705388203263283,open_subtitles,52405,44,6.141073226928711
D,D_C_43122,chck_90M,43122,C,heldout_natural_source_repeat,heldoutcopy:1:362:36758,1,7.387816749513149,28,0.052015937864780426,gutenberg,36758,45,7.43983268737793
D,D_C_43122,chck_90M,43122,C,heldout_natural_source_repeat,heldoutcopy:1:363:9937,1,0.015961408615112305,10,3.661311626434326,childes,9937,16,3.6772730350494385
D,D_C_43122,chck_90M,43122,C,heldout_natural_source_repeat,heldoutcopy:1:364:46006,1,2.155154049396515,8,0.11618965864181519,open_subtitles,46006,10,2.27134370803833
D,D_C_43122,chck_90M,43122,C,heldout_natural_source_repeat,heldoutcopy:1:365:32750,1,17.748578418046236,21,0.04709113761782646,gutenberg,32750,34,17.795669555664062
D,D_C_43122,chck_90M,43122,C,heldout_natural_source_repeat,heldoutcopy:1:366:49219,1,7.937218189239502,8,0.14218473434448242,open_subtitles,49219,13,8.079402923583984
D,D_C_43122,chck_90M,43122,C,heldout_natural_source_repeat,heldoutcopy:1:367:45430,1,0.8683743495494127,8,0.02589314989745617,open_subtitles,45430,13,0.8942674994468689
D,D_C_43122,chck_90M,43122,C,heldout_natural_source_repeat,heldoutcopy:1:368:46187,1,0.706614151597023,22,0.07715599238872528,open_subtitles,46187,36,0.7837701439857483
D,D_C_43122,chck_90M,43122,C,heldout_natural_source_repeat,heldoutcopy:1:369:662,1,7.082615315914154,8,0.9805408120155334,bnc_spoken,662,11,8.063156127929688
D,D_C_43122,chck_90M,43122,C,heldout_natural_source_repeat,heldoutcopy:1:36:23001,1,1.6790525764226913,18,0.14869453012943268,gutenberg,23001,29,1.827747106552124
D,D_C_43122,chck_90M,43122,C,heldout_natural_source_repeat,heldoutcopy:1:370:6730,1,0.7045240558218211,8,0.0022169791627675295,childes,6730,10,0.7067410349845886
D,D_C_43122,chck_90M,43122,C,heldout_natural_source_repeat,heldoutcopy:1:371:18374,1,6.642784297466278,11,0.9899061322212219,childes,18374,17,7.6326904296875
D,D_C_43122,chck_90M,43122,C,heldout_natural_source_repeat,heldoutcopy:1:372:16215,1,5.931685127317905,11,0.07032664865255356,childes,16215,17,6.002011775970459
D,D_C_43122,chck_90M,43122,C,heldout_natural_source_repeat,heldoutcopy:1:373:11547,1,10.846197307109833,19,0.2031753659248352,childes,11547,31,11.049372673034668
D,D_C_43122,chck_90M,43122,C,heldout_natural_source_repeat,heldoutcopy:1:374:11976,1,11.33068581763655,14,0.00894621666520834,childes,11976,23,11.339632034301758
D,D_C_43122,chck_90M,43122,C,heldout_natural_source_repeat,heldoutcopy:1:375:29620,1,13.08755648136139,17,0.5058978796005249,gutenberg,29620,28,13.593454360961914
D,D_C_43122,chck_90M,43122,C,heldout_natural_source_repeat,heldoutcopy:1:376:8187,1,0.0003052811371162534,8,0.0010632582707330585,childes,8187,12,0.0013685394078493118
D,D_C_43122,chck_90M,43122,C,heldout_natural_source_repeat,heldoutcopy:1:377:51977,1,0.0054427944123744965,14,0.011209016665816307,open_subtitles,51977,22,0.016651811078190804
D,D_C_43122,chck_90M,43122,C,heldout_natural_source_repeat,heldoutcopy:1:378:21376,1,7.035737872123718,8,1.0494862794876099,childes,21376,13,8.085224151611328
D,D_C_43122,chck_90M,43122,C,heldout_natural_source_repeat,heldoutcopy:1:379:11149,1,2.729089236818254,8,0.004385971464216709,childes,11149,13,2.7334752082824707
D,D_C_43122,chck_90M,43122,C,heldout_natural_source_repeat,heldoutcopy:1:37:6329,1,8.109938085079193,13,0.5175014138221741,childes,6329,21,8.627439498901367
D,D_C_43122,chck_90M,43122,C,heldout_natural_source_repeat,heldoutcopy:1:380:31186,1,13.005028832703829,8,0.03938950225710869,gutenberg,31186,11,13.044418334960938
D,D_C_43122,chck_90M,43122,C,heldout_natural_source_repeat,heldoutcopy:1:381:12195,1,4.531665742397308,8,0.1892595887184143,childes,12195,13,4.720925331115723
D,D_C_43122,chck_90M,43122,C,heldout_natural_source_repeat,heldoutcopy:1:382:12502,1,0.5402143206447363,8,0.023739973083138466,childes,12502,12,0.5639542937278748
D,D_C_43122,chck_90M,43122,C,heldout_natural_source_repeat,heldoutcopy:1:383:52445,1,13.956068396568298,8,0.07447302341461182,open_subtitles,52445,11,14.03054141998291
D,D_C_43122,chck_90M,43122,C,heldout_natural_source_repeat,heldoutcopy:1:384:16427,1,1.0728508641477674e-06,8,3.135155202471651e-05,childes,16427,10,3.242440288886428e-05
D,D_C_43122,chck_90M,43122,C,heldout_natural_source_repeat,heldoutcopy:1:385:40415,1,3.0054260715842247,10,0.09929165989160538,open_subtitles,40415,16,3.10471773147583
D,D_C_43122,chck_90M,43122,C,heldout_natural_source_repeat,heldoutcopy:1:386:42036,1,1.6149181593209505,8,0.013390136882662773,open_subtitles,42036,12,1.6283082962036133
D,D_C_43122,chck_90M,43122,C,heldout_natural_source_repeat,heldoutcopy:1:387:20376,1,1.6969830058515072,11,0.026907775551080704,childes,20376,18,1.723890781402588
D,D_C_43122,chck_90M,43122,C,heldout_natural_source_repeat,heldoutcopy:1:388:48463,1,3.4002411365509033,8,3.7571704387664795,open_subtitles,48463,11,7.157411575317383
D,D_C_43122,chck_90M,43122,C,heldout_natural_source_repeat,heldoutcopy:1:389:15428,1,1.0096586644649506,8,0.10094395279884338,childes,15428,11,1.110602617263794
D,D_C_43122,chck_90M,43122,C,heldout_natural_source_repeat,heldoutcopy:1:38:61321,1,0.006006563431583345,20,0.0005274811992421746,simple_wiki,61321,33,0.0065340446308255196
D,D_C_43122,chck_90M,43122,C,heldout_natural_source_repeat,heldoutcopy:1:390:8283,1,5.87263035774231,8,0.8946831226348877,childes,8283,12,6.767313480377197
D,D_C_43122,chck_90M,43122,C,heldout_natural_source_repeat,heldoutcopy:1:391:21620,1,7.61810639500618,8,0.16690918803215027,childes,21620,12,7.78501558303833
D,D_C_43122,chck_90M,43122,C,heldout_natural_source_repeat,heldoutcopy:1:392:21512,1,5.400577783584595,8,1.3589379787445068,childes,21512,10,6.759515762329102
D,D_C_43122,chck_90M,43122,C,heldout_natural_source_repeat,heldoutcopy:1:393:42962,1,0.5899966359138489,9,0.096416175365448,open_subtitles,42962,14,0.6864128112792969
D,D_C_43122,chck_90M,43122,C,heldout_natural_source_repeat,heldoutcopy:1:394:12507,1,0.23160324664786458,8,0.003326836507767439,childes,12507,13,0.23493008315563202
D,D_C_43122,chck_90M,43122,C,heldout_natural_source_repeat,heldoutcopy:1:395:51369,1,-1.6564109325408936,12,1.796203851699829,open_subtitles,51369,19,0.13979291915893555
D,D_C_43122,chck_90M,43122,C,heldout_natural_source_repeat,heldoutcopy:1:396:18874,1,0.0014594830281566828,8,0.00024732868769206107,childes,18874,11,0.001706811715848744
D,D_C_43122,chck_90M,43122,C,heldout_natural_source_repeat,heldoutcopy:1:397:29014,1,2.218622482381761,11,0.00976558867841959,gutenberg,29014,17,2.2283880710601807
D,D_C_43122,chck_90M,43122,C,heldout_natural_source_repeat,heldoutcopy:1:398:6171,1,0.0924441060051322,8,0.015073091723024845,childes,6171,13,0.10751719772815704
D,D_C_43122,chck_90M,43122,C,heldout_natural_source_repeat,heldoutcopy:1:399:54953,1,11.20859901048243,12,0.021370967850089073,simple_wiki,54953,19,11.22996997833252
D,D_C_43122,chck_90M,43122,C,heldout_natural_source_repeat,heldoutcopy:1:39:14794,1,3.58780671376735e-05,8,9.154854342341423e-05,childes,14794,11,0.00012742661056108773
D,D_C_43122,chck_90M,43122,C,heldout_natural_source_repeat,heldoutcopy:1:3:40267,1,7.324388969689608,8,0.0451359860599041,open_subtitles,40267,12,7.369524955749512
D,D_C_43122,chck_90M,43122,C,heldout_natural_source_repeat,heldoutcopy:1:400:62164,1,3.1704421921167523,8,0.0028347091283649206,simple_wiki,62164,13,3.173276901245117
D,D_C_43122,chck_90M,43122,C,heldout_natural_source_repeat,heldoutcopy:1:401:11958,1,0.07903865847765701,8,4.95898348162882e-05,childes,11958,13,0.0790882483124733
D,D_C_43122,chck_90M,43122,C,heldout_natural_source_repeat,heldoutcopy:1:402:2962,1,11.455381631851196,28,1.540236234664917,bnc_spoken,2962,51,12.995617866516113
D,D_C_43122,chck_90M,43122,C,heldout_natural_source_repeat,heldoutcopy:1:403:61979,1,1.9041491597890854,8,0.08813609182834625,simple_wiki,61979,11,1.9922852516174316
D,D_C_43122,chck_90M,43122,C,heldout_natural_source_repeat,heldoutcopy:1:404:10763,1,4.300704151391983,8,0.15488800406455994,childes,10763,13,4.455592155456543
D,D_C_43122,chck_90M,43122,C,heldout_natural_source_repeat,heldoutcopy:1:405:8499,1,1.669095877557993,8,0.062250491231679916,childes,8499,10,1.7313463687896729
D,D_C_43122,chck_90M,43122,C,heldout_natural_source_repeat,heldoutcopy:1:406:37423,1,11.847561240196228,8,0.5325132608413696,gutenberg,37423,13,12.380074501037598
D,D_C_43122,chck_90M,43122,C,heldout_natural_source_repeat,heldoutcopy:1:407:57745,1,3.75242556957528,16,0.002191167790442705,simple_wiki,57745,26,3.7546167373657227
D,D_C_43122,chck_90M,43122,C,heldout_natural_source_repeat,heldoutcopy:1:408:44711,1,4.109345007687807,10,0.017360161989927292,open_subtitles,44711,16,4.126705169677734
D,D_C_43122,chck_90M,43122,C,heldout_natural_source_repeat,heldoutcopy:1:409:10737,1,3.0715294182300568,9,0.2829734981060028,childes,10737,15,3.3545029163360596
D,D_C_43122,chck_90M,43122,C,heldout_natural_source_repeat,heldoutcopy:1:40:49926,1,0.0011527873575687408,10,0.01223876141011715,open_subtitles,49926,16,0.01339154876768589
D,D_C_43122,chck_90M,43122,C,heldout_natural_source_repeat,heldoutcopy:1:410:57934,1,5.329142689704895,15,0.6063154935836792,simple_wiki,57934,24,5.935458183288574
D,D_C_43122,chck_90M,43122,C,heldout_natural_source_repeat,heldoutcopy:1:411:30996,1,0.06749316374771297,9,0.0031887658406049013,gutenberg,30996,15,0.07068192958831787
D,D_C_43122,chck_90M,43122,C,heldout_natural_source_repeat,heldoutcopy:1:412:33453,1,5.41063392162323,8,1.8040257692337036,gutenberg,33453,10,7.214659690856934
D,D_C_43122,chck_90M,43122,C,heldout_natural_source_repeat,heldoutcopy:1:413:50679,1,9.474804639816284,8,0.14887452125549316,open_subtitles,50679,11,9.623679161071777
D,D_C_43122,chck_90M,43122,C,heldout_natural_source_repeat,heldoutcopy:1:414:26998,1,12.690248356200755,22,0.009821071289479733,gutenberg,26998,35,12.700069427490234
D,D_C_43122,chck_90M,43122,C,heldout_natural_source_repeat,heldoutcopy:1:415:35590,1,0.7481071576476097,14,0.08122507482767105,gutenberg,35590,23,0.8293322324752808
D,D_C_43122,chck_90M,43122,C,heldout_natural_source_repeat,heldoutcopy:1:416:59600,1,1.2460671961307526,19,0.49964532256126404,simple_wiki,59600,31,1.7457125186920166
D,D_C_43122,chck_90M,43122,C,heldout_natural_source_repeat,heldoutcopy:1:417:50164,1,7.224018156528473,9,0.7888869643211365,open_subtitles,50164,15,8.01290512084961
D,D_C_43122,chck_90M,43122,C,heldout_natural_source_repeat,heldoutcopy:1:418:26196,1,13.304235938936472,13,0.009428497403860092,gutenberg,26196,21,13.313664436340332
D,D_C_43122,chck_90M,43122,C,heldout_natural_source_repeat,heldoutcopy:1:419:4819,1,1.6997076272964478,22,0.03929173946380615,childes,4819,36,1.738999366760254
D,D_C_43122,chck_90M,43122,C,heldout_natural_source_repeat,heldoutcopy:1:41:48631,1,1.6981121599674225,8,0.22075805068016052,open_subtitles,48631,13,1.918870210647583
D,D_C_43122,chck_90M,43122,C,heldout_natural_source_repeat,heldoutcopy:1:420:33776,1,0.627834253013134,28,0.06486362963914871,gutenberg,33776,53,0.6926978826522827
D,D_C_43122,chck_90M,43122,C,heldout_natural_source_repeat,heldoutcopy:1:421:26505,1,0.00883327005431056,9,0.001998928841203451,gutenberg,26505,14,0.010832198895514011
D,D_C_43122,chck_90M,43122,C,heldout_natural_source_repeat,heldoutcopy:1:422:593,1,1.1671809405088425,8,0.02601940929889679,bnc_spoken,593,12,1.1932003498077393
D,D_C_43122,chck_90M,43122,C,heldout_natural_source_repeat,heldoutcopy:1:423:61123,1,4.869734942913055,9,0.014889538288116455,simple_wiki,61123,14,4.884624481201172
D,D_C_43122,chck_90M,43122,C,heldout_natural_source_repeat,heldoutcopy:1:424:24837,1,0.001657184911891818,11,0.0005749003030359745,gutenberg,24837,18,0.0022320852149277925
D,D_C_43122,chck_90M,43122,C,heldout_natural_source_repeat,heldoutcopy:1:425:53020,1,5.617100954055786,14,0.5629394054412842,simple_wiki,53020,23,6.18004035949707
D,D_C_43122,chck_90M,43122,C,heldout_natural_source_repeat,heldoutcopy:1:426:33193,1,11.624797999858856,8,0.5144174695014954,gutenberg,33193,13,12.139215469360352
D,D_C_43122,chck_90M,43122,C,heldout_natural_source_repeat,heldoutcopy:1:427:2163,1,0.0011124382726848125,8,0.0036348719149827957,bnc_spoken,2163,11,0.004747310187667608
D,D_C_43122,chck_90M,43122,C,heldout_natural_source_repeat,heldoutcopy:1:428:33551,1,0.03503286384511739,12,0.0014991246862336993,gutenberg,33551,19,0.03653198853135109
D,D_C_43122,chck_90M,43122,C,heldout_natural_source_repeat,heldoutcopy:1:429:36967,1,3.2323601245880127,8,3.07539439201355,gutenberg,36967,10,6.3077545166015625
D,D_C_43122,chck_90M,43122,C,heldout_natural_source_repeat,heldoutcopy:1:42:30689,1,6.383444964885712,8,0.18845444917678833,gutenberg,30689,11,6.5718994140625
D,D_C_43122,chck_90M,43122,C,heldout_natural_source_repeat,heldoutcopy:1:430:734,1,0.056230504997074604,8,0.010230365209281445,bnc_spoken,734,11,0.06646087020635605
D,D_C_43122,chck_90M,43122,C,heldout_natural_source_repeat,heldoutcopy:1:431:50417,1,7.431518375873566,9,0.9590780138969421,open_subtitles,50417,14,8.390596389770508
D,D_C_43122,chck_90M,43122,C,heldout_natural_source_repeat,heldoutcopy:1:432:14489,1,0.4310231723356992,8,0.002757915062829852,childes,14489,10,0.43378108739852905
D,D_C_43122,chck_90M,43122,C,heldout_natural_source_repeat,heldoutcopy:1:433:52924,1,1.1073016971349716,8,0.08365441858768463,simple_wiki,52924,10,1.1909561157226562
D,D_C_43122,chck_90M,43122,C,heldout_natural_source_repeat,heldoutcopy:1:434:20331,1,0.4430655315518379,8,0.1072845384478569,childes,20331,13,0.5503500699996948
D,D_C_43122,chck_90M,43122,C,heldout_natural_source_repeat,heldoutcopy:1:435:618,1,0.0021135061979293823,28,0.033513668924570084,bnc_spoken,618,46,0.035627175122499466
D,D_C_43122,chck_90M,43122,C,heldout_natural_source_repeat,heldoutcopy:1:436:7806,1,5.245163720246637e-06,9,5.960446742392378e-06,childes,7806,15,1.1205610462639015e-05
D,D_C_43122,chck_90M,43122,C,heldout_natural_source_repeat,heldoutcopy:1:437:20063,1,-0.007758054882287979,12,0.02605855092406273,childes,20063,20,0.01830049604177475
D,D_C_43122,chck_90M,43122,C,heldout_natural_source_repeat,heldoutcopy:1:438:18225,1,1.2888129986822605,8,0.017966385930776596,childes,18225,12,1.306779384613037
D,D_C_43122,chck_90M,43122,C,heldout_natural_source_repeat,heldoutcopy:1:439:2204,1,7.992748737335205,8,0.13709211349487305,bnc_spoken,2204,13,8.129840850830078
D,D_C_43122,chck_90M,43122,C,heldout_natural_source_repeat,heldoutcopy:1:43:22560,1,2.4099198281764984,12,0.3095664083957672,gutenberg,22560,19,2.7194862365722656
D,D_C_43122,chck_90M,43122,C,heldout_natural_source_repeat,heldoutcopy:1:440:6015,1,0.10014282912015915,13,0.04367341846227646,childes,6015,21,0.1438162475824356
D,D_C_43122,chck_90M,43122,C,heldout_natural_source_repeat,heldoutcopy:1:441:59625,1,-0.2734299898147583,19,0.7830442190170288,simple_wiki,59625,31,0.5096142292022705
D,D_C_43122,chck_90M,43122,C,heldout_natural_source_repeat,heldoutcopy:1:442:21982,1,0.31380070000886917,9,0.06517215818166733,childes,21982,14,0.3789728581905365
D,D_C_43122,chck_90M,43122,C,heldout_natural_source_repeat,heldoutcopy:1:443:25850,1,-0.004158817231655121,11,0.03485209867358208,gutenberg,25850,18,0.030693281441926956
D,D_C_43122,chck_90M,43122,C,heldout_natural_source_repeat,heldoutcopy:1:444:6376,1,0.12934553623199463,8,0.011417761445045471,childes,6376,10,0.1407632976770401
D,D_C_43122,chck_90M,43122,C,heldout_natural_source_repeat,heldoutcopy:1:445:26621,1,1.6912934370338917e-05,25,0.0008654424455016851,gutenberg,26621,40,0.0008823553798720241
D,D_C_43122,chck_90M,43122,C,heldout_natural_source_repeat,heldoutcopy:1:446:43944,1,6.057172775268555,17,10.748668670654297,open_subtitles,43944,27,16.80584144592285
D,D_C_43122,chck_90M,43122,C,heldout_natural_source_repeat,heldoutcopy:1:447:2458,1,9.17991018295288,11,5.242934703826904,bnc_spoken,2458,17,14.422844886779785
D,D_C_43122,chck_90M,43122,C,heldout_natural_source_repeat,heldoutcopy:1:448:27928,1,0.5103759232442826,15,0.0027197536546736956,gutenberg,27928,24,0.5130956768989563
D,D_C_43122,chck_90M,43122,C,heldout_natural_source_repeat,heldoutcopy:1:449:48353,1,14.301758289337158,12,0.9115309715270996,open_subtitles,48353,20,15.213289260864258
D,D_C_43122,chck_90M,43122,C,heldout_natural_source_repeat,heldoutcopy:1:44:10694,1,6.554912567138672,8,2.3998594284057617,childes,10694,10,8.954771995544434
D,D_C_43122,chck_90M,43122,C,heldout_natural_source_repeat,heldoutcopy:1:450:5113,1,0.6249646879732609,22,0.055326130241155624,childes,5113,36,0.6802908182144165
D,D_C_43122,chck_90M,43122,C,heldout_natural_source_repeat,heldoutcopy:1:451:20569,1,0.0011782932560890913,8,0.00029666791670024395,childes,20569,10,0.0014749611727893353
D,D_C_43122,chck_90M,43122,C,heldout_natural_source_repeat,heldoutcopy:1:452:32006,1,7.74037554115057,10,0.03368184715509415,gutenberg,32006,16,7.774057388305664
D,D_C_43122,chck_90M,43122,C,heldout_natural_source_repeat,heldoutcopy:1:453:13635,1,0.5672816634178162,8,0.008381903171539307,childes,13635,11,0.5756635665893555
D,D_C_43122,chck_90M,43122,C,heldout_natural_source_repeat,heldoutcopy:1:454:36076,1,0.3778800666332245,21,0.04432183504104614,gutenberg,36076,34,0.42220190167427063
D,D_C_43122,chck_90M,43122,C,heldout_natural_source_repeat,heldoutcopy:1:455:38736,1,4.567418098449707,8,10.447696685791016,open_subtitles,38736,13,15.015114784240723
D,D_C_43122,chck_90M,43122,C,heldout_natural_source_repeat,heldoutcopy:1:456:21251,1,2.484455391764641,10,0.12234516441822052,childes,21251,16,2.6068005561828613
D,D_C_43122,chck_90M,43122,C,heldout_natural_source_repeat,heldoutcopy:1:457:8587,1,1.916365196928382,8,0.023398825898766518,childes,8587,10,1.9397640228271484
D,D_C_43122,chck_90M,43122,C,heldout_natural_source_repeat,heldoutcopy:1:458:57238,1,1.5378003034275025,12,0.002285608323290944,simple_wiki,57238,19,1.5400859117507935
D,D_C_43122,chck_90M,43122,C,heldout_natural_source_repeat,heldoutcopy:1:459:21940,1,4.172268745605834e-06,8,1.156323378381785e-05,childes,21940,13,1.5735502529423684e-05
D,D_C_43122,chck_90M,43122,C,heldout_natural_source_repeat,heldoutcopy:1:45:40690,1,0.7729438899550587,8,0.0024305821862071753,open_subtitles,40690,11,0.7753744721412659
D,D_C_43122,chck_90M,43122,C,heldout_natural_source_repeat,heldoutcopy:1:460:8054,1,6.380280911922455,9,0.2822614312171936,childes,8054,14,6.662542343139648
D,D_C_43122,chck_90M,43122,C,heldout_natural_source_repeat,heldoutcopy:1:461:46237,1,2.1575512886047363,10,6.435744762420654,open_subtitles,46237,16,8.59329605102539
D,D_C_43122,chck_90M,43122,C,heldout_natural_source_repeat,heldoutcopy:1:462:49126,1,6.319462796673179,8,0.012947538867592812,open_subtitles,49126,10,6.3324103355407715
D,D_C_43122,chck_90M,43122,C,heldout_natural_source_repeat,heldoutcopy:1:463:41975,1,2.60036563873291,22,0.8796966075897217,open_subtitles,41975,36,3.480062246322632
D,D_C_43122,chck_90M,43122,C,heldout_natural_source_repeat,heldoutcopy:1:464:14589,1,-0.520513579249382,8,0.6285754442214966,childes,14589,10,0.10806186497211456
D,D_C_43122,chck_90M,43122,C,heldout_natural_source_repeat,heldoutcopy:1:465:29641,1,7.3123210072517395,22,0.0971037745475769,gutenberg,29641,35,7.409424781799316
D,D_C_43122,chck_90M,43122,C,heldout_natural_source_repeat,heldoutcopy:1:466:17748,1,2.6989766657352448,14,0.3367193639278412,childes,17748,22,3.035696029663086
D,D_C_43122,chck_90M,43122,C,heldout_natural_source_repeat,heldoutcopy:1:467:32194,1,1.3480871319770813,24,0.2834476828575134,gutenberg,32194,38,1.6315348148345947
D,D_C_43122,chck_90M,43122,C,heldout_natural_source_repeat,heldoutcopy:1:468:39681,1,2.927126903552562,9,0.00615380285307765,open_subtitles,39681,15,2.9332807064056396
D,D_C_43122,chck_90M,43122,C,heldout_natural_source_repeat,heldoutcopy:1:469:25484,1,7.552560478448868,17,0.26079878211021423,gutenberg,25484,27,7.813359260559082
D,D_C_43122,chck_90M,43122,C,heldout_natural_source_repeat,heldoutcopy:1:46:12163,1,4.4077537059783936,8,0.7223427295684814,childes,12163,13,5.130096435546875
D,D_C_43122,chck_90M,43122,C,heldout_natural_source_repeat,heldoutcopy:1:470:59579,1,7.707813024520874,8,3.6465437412261963,simple_wiki,59579,13,11.35435676574707
D,D_C_43122,chck_90M,43122,C,heldout_natural_source_repeat,heldoutcopy:1:471:11814,1,0.8983098161406815,8,0.007049213629215956,childes,11814,12,0.9053590297698975
D,D_C_43122,chck_90M,43122,C,heldout_natural_source_repeat,heldoutcopy:1:472:54910,1,4.440589109552093,10,0.001408895361237228,simple_wiki,54910,16,4.44199800491333
D,D_C_43122,chck_90M,43122,C,heldout_natural_source_repeat,heldoutcopy:1:473:59915,1,8.683664798736572,8,2.5994162559509277,simple_wiki,59915,11,11.2830810546875
D,D_C_43122,chck_90M,43122,C,heldout_natural_source_repeat,heldoutcopy:1:474:26831,1,9.218402400612831,24,0.21957062184810638,gutenberg,26831,38,9.437973022460938
D,D_C_43122,chck_90M,43122,C,heldout_natural_source_repeat,heldoutcopy:1:475:10741,1,0.6802295111119747,9,0.05601212754845619,childes,10741,15,0.7362416386604309
D,D_C_43122,chck_90M,43122,C,heldout_natural_source_repeat,heldoutcopy:1:476:28818,1,5.215131863951683,28,0.06988276541233063,gutenberg,28818,48,5.285014629364014
D,D_C_43122,chck_90M,43122,C,heldout_natural_source_repeat,heldoutcopy:1:477:47644,1,4.215330362319946,8,3.7969319820404053,open_subtitles,47644,10,8.012262344360352
D,D_C_43122,chck_90M,43122,C,heldout_natural_source_repeat,heldoutcopy:1:478:31508,1,0.33619641815312207,13,0.0024629279505461454,gutenberg,31508,21,0.3386593461036682
D,D_C_43122,chck_90M,43122,C,heldout_natural_source_repeat,heldoutcopy:1:479:36426,1,10.838152829557657,21,0.03631692752242088,gutenberg,36426,34,10.874469757080078
D,D_C_43122,chck_90M,43122,C,heldout_natural_source_repeat,heldoutcopy:1:47:14405,1,4.957219958305359,8,0.7904444932937622,childes,14405,12,5.747664451599121
D,D_C_43122,chck_90M,43122,C,heldout_natural_source_repeat,heldoutcopy:1:480:51855,1,7.834472361020744,8,0.013869103975594044,open_subtitles,51855,11,7.848341464996338
D,D_C_43122,chck_90M,43122,C,heldout_natural_source_repeat,heldoutcopy:1:481:62312,1,3.648064374923706,8,1.0566041469573975,simple_wiki,62312,10,4.7046685218811035
D,D_C_43122,chck_90M,43122,C,heldout_natural_source_repeat,heldoutcopy:1:482:27603,1,0.2940009646117687,28,0.04395158961415291,gutenberg,27603,49,0.33795255422592163
D,D_C_43122,chck_90M,43122,C,heldout_natural_source_repeat,heldoutcopy:1:483:50134,1,10.503398224711418,8,0.14151544868946075,open_subtitles,50134,12,10.644913673400879
D,D_C_43122,chck_90M,43122,C,heldout_natural_source_repeat,heldoutcopy:1:484:4244,1,6.435204956680536,8,0.05592015013098717,bnc_spoken,4244,13,6.491125106811523
D,D_C_43122,chck_90M,43122,C,heldout_natural_source_repeat,heldoutcopy:1:485:50422,1,8.11552459653467,12,0.007688217796385288,open_subtitles,50422,19,8.123212814331055
D,D_C_43122,chck_90M,43122,C,heldout_natural_source_repeat,heldoutcopy:1:486:52213,1,7.101255349814892,8,0.07616526633501053,open_subtitles,52213,12,7.177420616149902
D,D_C_43122,chck_90M,43122,C,heldout_natural_source_repeat,heldoutcopy:1:487:1949,1,0.0038937628269195557,28,0.41505277156829834,bnc_spoken,1949,54,0.4189465343952179
D,D_C_43122,chck_90M,43122,C,heldout_natural_source_repeat,heldoutcopy:1:488:45325,1,4.3868779465556145,9,0.08226735144853592,open_subtitles,45325,15,4.46914529800415
D,D_C_43122,chck_90M,43122,C,heldout_natural_source_repeat,heldoutcopy:1:489:12192,1,0.713437557220459,8,1.4928014278411865,childes,12192,11,2.2062389850616455
D,D_C_43122,chck_90M,43122,C,heldout_natural_source_repeat,heldoutcopy:1:48:8343,1,0.0044282227754592896,22,0.13295882940292358,childes,8343,36,0.13738705217838287
D,D_C_43122,chck_90M,43122,C,heldout_natural_source_repeat,heldoutcopy:1:490:9729,1,5.027739272452891,8,0.0031583448871970177,childes,9729,10,5.030897617340088
D,D_C_43122,chck_90M,43122,C,heldout_natural_source_repeat,heldoutcopy:1:491:31673,1,0.508764527272433,16,0.007120825815945864,gutenberg,31673,25,0.5158853530883789
D,D_C_43122,chck_90M,43122,C,heldout_natural_source_repeat,heldoutcopy:1:492:27435,1,6.1809401512146,8,4.46255350112915,gutenberg,27435,10,10.64349365234375
D,D_C_43122,chck_90M,43122,C,heldout_natural_source_repeat,heldoutcopy:1:493:19194,1,0.9526982307434082,8,7.121687412261963,childes,19194,11,8.074385643005371
D,D_C_43122,chck_90M,43122,C,heldout_natural_source_repeat,heldoutcopy:1:494:2455,1,4.241711497306824,23,0.4705153703689575,bnc_spoken,2455,37,4.712226867675781
D,D_C_43122,chck_90M,43122,C,heldout_natural_source_repeat,heldoutcopy:1:495:59343,1,0.0026639439165592194,11,0.04745339974761009,simple_wiki,59343,17,0.05011734366416931
D,D_C_43122,chck_90M,43122,C,heldout_natural_source_repeat,heldoutcopy:1:496:26155,1,7.178162127733231,17,0.15143010020256042,gutenberg,26155,28,7.329592227935791
D,D_C_43122,chck_90M,43122,C,heldout_natural_source_repeat,heldoutcopy:1:497:19287,1,-0.003259073942899704,28,0.04776586964726448,childes,19287,46,0.04450679570436478
D,D_C_43122,chck_90M,43122,C,heldout_natural_source_repeat,heldoutcopy:1:498:51356,1,3.4308681190013885,12,0.17963579297065735,open_subtitles,51356,19,3.610503911972046
D,D_C_43122,chck_90M,43122,C,heldout_natural_source_repeat,heldoutcopy:1:499:32457,1,0.0009736567735671997,17,0.020756179466843605,gutenberg,32457,28,0.021729836240410805
D,D_C_43122,chck_90M,43122,C,heldout_natural_source_repeat,heldoutcopy:1:49:14477,1,4.583417117595673,11,0.38419562578201294,childes,14477,17,4.9676127433776855
D,D_C_43122,chck_90M,43122,C,heldout_natural_source_repeat,heldoutcopy:1:4:29592,1,6.810256440192461,20,0.004721682518720627,gutenberg,29592,32,6.814978122711182
D,D_C_43122,chck_90M,43122,C,heldout_natural_source_repeat,heldoutcopy:1:500:33621,1,0.005228117108345032,11,0.02478678897023201,gutenberg,33621,17,0.03001490607857704
D,D_C_43122,chck_90M,43122,C,heldout_natural_source_repeat,heldoutcopy:1:501:7788,1,0.21661673486232758,8,0.12750433385372162,childes,7788,10,0.3441210687160492
D,D_C_43122,chck_90M,43122,C,heldout_natural_source_repeat,heldoutcopy:1:502:27969,1,0.10633687628433108,8,0.0019750152714550495,gutenberg,27969,11,0.10831189155578613
D,D_C_43122,chck_90M,43122,C,heldout_natural_source_repeat,heldoutcopy:1:503:24636,1,0.5689867278560996,28,0.010432825423777103,gutenberg,24636,48,0.5794195532798767
D,D_C_43122,chck_90M,43122,C,heldout_natural_source_repeat,heldoutcopy:1:504:13925,1,7.208790368866175,8,0.0046939183957874775,childes,13925,12,7.213484287261963
D,D_C_43122,chck_90M,43122,C,heldout_natural_source_repeat,heldoutcopy:1:505:42046,1,5.711385011672974,8,2.0566346645355225,open_subtitles,42046,10,7.768019676208496
D,D_C_43122,chck_90M,43122,C,heldout_natural_source_repeat,heldoutcopy:1:506:38597,1,5.818869516253471,8,0.22660739719867706,open_subtitles,38597,12,6.045476913452148
D,D_C_43122,chck_90M,43122,C,heldout_natural_source_repeat,heldoutcopy:1:507:50496,1,1.2637409549206495,24,0.018665852025151253,open_subtitles,50496,38,1.2824068069458008
D,D_C_43122,chck_90M,43122,C,heldout_natural_source_repeat,heldoutcopy:1:508:41831,1,4.150413114577532,8,0.04406110569834709,open_subtitles,41831,10,4.194474220275879
D,D_C_43122,chck_90M,43122,C,heldout_natural_source_repeat,heldoutcopy:1:509:52138,1,0.05230855941772461,11,6.560424327850342,open_subtitles,52138,17,6.612732887268066
D,D_C_43122,chck_90M,43122,C,heldout_natural_source_repeat,heldoutcopy:1:50:49825,1,0.4361682292073965,8,0.0075043682008981705,open_subtitles,49825,11,0.4436725974082947
D,D_C_43122,chck_90M,43122,C,heldout_natural_source_repeat,heldoutcopy:1:510:2514,1,-3.390380382537842,11,7.347217559814453,bnc_spoken,2514,18,3.9568371772766113
D,D_C_43122,chck_90M,43122,C,heldout_natural_source_repeat,heldoutcopy:1:511:27073,1,5.05872106552124,28,1.4212703704833984,gutenberg,27073,54,6.479991436004639
D,D_C_43122,chck_90M,43122,C,heldout_natural_source_repeat,heldoutcopy:1:512:57715,1,0.0002977983094751835,25,0.00420008972287178,simple_wiki,57715,40,0.004497888032346964
D,D_C_43122,chck_90M,43122,C,heldout_natural_source_repeat,heldoutcopy:1:513:53390,1,15.199641522020102,8,0.039912883192300797,simple_wiki,53390,12,15.239554405212402
D,D_C_43122,chck_90M,43122,C,heldout_natural_source_repeat,heldoutcopy:1:514:32754,1,1.631435176357627,9,0.0304091963917017,gutenberg,32754,15,1.6618443727493286
D,D_C_43122,chck_90M,43122,C,heldout_natural_source_repeat,heldoutcopy:1:515:13887,1,1.7736738435924053,9,0.01374964788556099,childes,13887,14,1.7874234914779663
D,D_C_43122,chck_90M,43122,C,heldout_natural_source_repeat,heldoutcopy:1:516:55544,1,7.500621967017651,14,0.013158626854419708,simple_wiki,55544,22,7.51378059387207
D,D_C_43122,chck_90M,43122,C,heldout_natural_source_repeat,heldoutcopy:1:517:14378,1,2.918012658134103,8,0.02311464212834835,childes,14378,11,2.941127300262451
D,D_C_43122,chck_90M,43122,C,heldout_natural_source_repeat,heldoutcopy:1:518:60276,1,9.100517924875021,20,0.04283649101853371,simple_wiki,60276,33,9.143354415893555
D,D_C_43122,chck_90M,43122,C,heldout_natural_source_repeat,heldoutcopy:1:519:56373,1,2.92005279334262e-05,9,0.00018225439998786896,simple_wiki,56373,14,0.00021145492792129517
D,D_C_43122,chck_90M,43122,C,heldout_natural_source_repeat,heldoutcopy:1:51:43292,1,4.834563881158829,11,0.28815969824790955,open_subtitles,43292,18,5.122723579406738
D,D_C_43122,chck_90M,43122,C,heldout_natural_source_repeat,heldoutcopy:1:520:33118,1,15.24601782951504,14,0.011232002638280392,gutenberg,33118,23,15.25724983215332
D,D_C_43122,chck_90M,43122,C,heldout_natural_source_repeat,heldoutcopy:1:521:2365,1,2.5965231135487556,9,0.05332057923078537,bnc_spoken,2365,14,2.649843692779541
D,D_C_43122,chck_90M,43122,C,heldout_natural_source_repeat,heldoutcopy:1:522:54637,1,2.5327070725616068,14,0.0031177031341940165,simple_wiki,54637,23,2.535824775695801
D,D_C_43122,chck_90M,43122,C,heldout_natural_source_repeat,heldoutcopy:1:523:58440,1,6.463798679411411,10,0.10141929239034653,simple_wiki,58440,16,6.565217971801758
D,D_C_43122,chck_90M,43122,C,heldout_natural_source_repeat,heldoutcopy:1:524:38716,1,6.141727328300476,8,1.1919370889663696,open_subtitles,38716,12,7.333664417266846
D,D_C_43122,chck_90M,43122,C,heldout_natural_source_repeat,heldoutcopy:1:525:40240,1,-3.0905673503875732,11,3.2914271354675293,open_subtitles,40240,17,0.20085978507995605
D,D_C_43122,chck_90M,43122,C,heldout_natural_source_repeat,heldoutcopy:1:526:6219,1,1.129066839814186,8,0.1923886388540268,childes,6219,10,1.321455478668213
D,D_C_43122,chck_90M,43122,C,heldout_natural_source_repeat,heldoutcopy:1:527:39518,1,8.159423775970936,8,0.12366681545972824,open_subtitles,39518,10,8.283090591430664
D,D_C_43122,chck_90M,43122,C,heldout_natural_source_repeat,heldoutcopy:1:528:14738,1,4.258830487728119,11,0.14948612451553345,childes,14738,17,4.408316612243652
D,D_C_43122,chck_90M,43122,C,heldout_natural_source_repeat,heldoutcopy:1:529:6556,1,10.951534831896424,8,0.023903286084532738,childes,6556,10,10.975438117980957
D,D_C_43122,chck_90M,43122,C,heldout_natural_source_repeat,heldoutcopy:1:52:17801,1,17.11544008180499,8,0.05048780515789986,childes,17801,12,17.16592788696289
D,D_C_43122,chck_90M,43122,C,heldout_natural_source_repeat,heldoutcopy:1:530:47621,1,1.8487961292266846,8,0.3427765369415283,open_subtitles,47621,11,2.191572666168213
D,D_C_43122,chck_90M,43122,C,heldout_natural_source_repeat,heldoutcopy:1:531:26672,1,8.880204617977142,20,0.0859265923500061,gutenberg,26672,32,8.966131210327148
D,D_C_43122,chck_90M,43122,C,heldout_natural_source_repeat,heldoutcopy:1:532:18142,1,6.609286785125732,8,5.4928975105285645,childes,18142,10,12.102184295654297
D,D_C_43122,chck_90M,43122,C,heldout_natural_source_repeat,heldoutcopy:1:533:33915,1,2.815484354272485,28,0.021328141912817955,gutenberg,33915,46,2.8368124961853027
D,D_C_43122,chck_90M,43122,C,heldout_natural_source_repeat,heldoutcopy:1:534:37154,1,3.1653341464698315,9,0.030103284865617752,gutenberg,37154,14,3.195437431335449
D,D_C_43122,chck_90M,43122,C,heldout_natural_source_repeat,heldoutcopy:1:535:25475,1,5.500315316021442,8,0.07304035872220993,gutenberg,25475,13,5.573355674743652
D,D_C_43122,chck_90M,43122,C,heldout_natural_source_repeat,heldoutcopy:1:536:59165,1,2.3109314497560263e-05,9,0.0007384672062471509,simple_wiki,59165,15,0.0007615765207447112
D,D_C_43122,chck_90M,43122,C,heldout_natural_source_repeat,heldoutcopy:1:537:6076,1,9.047417879104614,8,2.9613044261932373,childes,6076,11,12.008722305297852
D,D_C_43122,chck_90M,43122,C,heldout_natural_source_repeat,heldoutcopy:1:538:1152,1,0.2702455436810851,10,0.003271111287176609,bnc_spoken,1152,16,0.2735166549682617
D,D_C_43122,chck_90M,43122,C,heldout_natural_source_repeat,heldoutcopy:1:539:21416,1,0.1103481650352478,8,0.08015970885753632,childes,21416,10,0.19050787389278412
D,D_C_43122,chck_90M,43122,C,heldout_natural_source_repeat,heldoutcopy:1:53:53263,1,-6.793269395828247,10,9.173162460327148,simple_wiki,53263,16,2.3798930644989014
D,D_C_43122,chck_90M,43122,C,heldout_natural_source_repeat,heldoutcopy:1:540:55271,1,8.551545888185501,14,0.1996118724346161,simple_wiki,55271,22,8.751157760620117
D,D_C_43122,chck_90M,43122,C,heldout_natural_source_repeat,heldoutcopy:1:541:25540,1,-0.10708566382527351,14,0.11548659950494766,gutenberg,25540,23,0.008400935679674149
D,D_C_43122,chck_90M,43122,C,heldout_natural_source_repeat,heldoutcopy:1:542:14952,1,0.4939067689701915,8,0.013121095485985279,childes,14952,10,0.5070278644561768
D,D_C_43122,chck_90M,43122,C,heldout_natural_source_repeat,heldoutcopy:1:543:46951,1,8.096085041761398,9,0.4256768524646759,open_subtitles,46951,15,8.521761894226074
D,D_C_43122,chck_90M,43122,C,heldout_natural_source_repeat,heldoutcopy:1:544:38435,1,0.1609203740954399,28,0.0424879714846611,gutenberg,38435,49,0.203408345580101
D,D_C_43122,chck_90M,43122,C,heldout_natural_source_repeat,heldoutcopy:1:545:42181,1,2.2890654541552067,12,0.032651808112859726,open_subtitles,42181,20,2.3217172622680664
D,D_C_43122,chck_90M,43122,C,heldout_natural_source_repeat,heldoutcopy:1:546:52617,1,0.7277365028858185,8,0.24211236834526062,open_subtitles,52617,10,0.9698488712310791
D,D_C_43122,chck_90M,43122,C,heldout_natural_source_repeat,heldoutcopy:1:547:6726,1,6.556139851454645e-06,22,5.340433563105762e-05,childes,6726,36,5.9960475482512265e-05
D,D_C_43122,chck_90M,43122,C,heldout_natural_source_repeat,heldoutcopy:1:548:41740,1,1.795540452003479,8,1.2172168493270874,open_subtitles,41740,10,3.0127573013305664
D,D_C_43122,chck_90M,43122,C,heldout_natural_source_repeat,heldoutcopy:1:549:30084,1,5.147889494895935,8,1.8290802240371704,gutenberg,30084,10,6.9769697189331055
D,D_C_43122,chck_90M,43122,C,heldout_natural_source_repeat,heldoutcopy:1:54:34920,1,10.494001612067223,24,0.07569290697574615,gutenberg,34920,38,10.569694519042969
D,D_C_43122,chck_90M,43122,C,heldout_natural_source_repeat,heldoutcopy:1:550:11056,1,0.06503884121775627,8,0.0168786458671093,childes,11056,11,0.08191748708486557
D,D_C_43122,chck_90M,43122,C,heldout_natural_source_repeat,heldoutcopy:1:551:9109,1,9.36438524723053,9,0.029202818870544434,childes,9109,14,9.393588066101074
D,D_C_43122,chck_90M,43122,C,heldout_natural_source_repeat,heldoutcopy:1:552:2593,1,3.448528289794922,8,2.180068016052246,bnc_spoken,2593,11,5.628596305847168
D,D_C_43122,chck_90M,43122,C,heldout_natural_source_repeat,heldoutcopy:1:553:20799,1,0.0002448017548886128,8,9.870042413240299e-05,childes,20799,10,0.00034350217902101576
D,D_C_43122,chck_90M,43122,C,heldout_natural_source_repeat,heldoutcopy:1:554:40688,1,3.1516915559768677,27,1.8768213987350464,open_subtitles,40688,44,5.028512954711914
D,D_C_43122,chck_90M,43122,C,heldout_natural_source_repeat,heldoutcopy:1:555:60548,1,7.723631761968136,8,0.03598222881555557,simple_wiki,60548,10,7.759613990783691
D,D_C_43122,chck_90M,43122,C,heldout_natural_source_repeat,heldoutcopy:1:556:33177,1,8.794573783874512,8,6.674918174743652,gutenberg,33177,10,15.469491958618164
D,D_C_43122,chck_90M,43122,C,heldout_natural_source_repeat,heldoutcopy:1:557:4773,1,-0.2446894645690918,8,6.910550117492676,childes,4773,11,6.665860652923584
D,D_C_43122,chck_90M,43122,C,heldout_natural_source_repeat,heldoutcopy:1:558:2881,1,3.8903076350688934,9,0.24410131573677063,bnc_spoken,2881,15,4.134408950805664
D,D_C_43122,chck_90M,43122,C,heldout_natural_source_repeat,heldoutcopy:1:559:13649,1,-6.1987611843505874e-06,8,2.2649508537142538e-05,childes,13649,10,1.645074735279195e-05
D,D_C_43122,chck_90M,43122,C,heldout_natural_source_repeat,heldoutcopy:1:55:22365,1,0.00023824443633202463,8,0.00011145447206217796,childes,22365,10,0.0003496989083942026
D,D_C_43122,chck_90M,43122,C,heldout_natural_source_repeat,heldoutcopy:1:560:16569,1,3.881477117538452,13,1.6744015216827393,childes,16569,21,5.555878639221191
D,D_C_43122,chck_90M,43122,C,heldout_natural_source_repeat,heldoutcopy:1:561:59149,1,0.07871080935001373,9,0.13167721033096313,simple_wiki,59149,15,0.21038801968097687
D,D_C_43122,chck_90M,43122,C,heldout_natural_source_repeat,heldoutcopy:1:562:36704,1,0.017691650660708547,28,0.002462095348164439,gutenberg,36704,46,0.020153746008872986
D,D_C_43122,chck_90M,43122,C,heldout_natural_source_repeat,heldoutcopy:1:563:23405,1,12.25160226598382,11,0.047307875007390976,gutenberg,23405,17,12.298910140991211
D,D_C_43122,chck_90M,43122,C,heldout_natural_source_repeat,heldoutcopy:1:564:36114,1,3.738602250814438,11,0.2908152639865875,gutenberg,36114,18,4.029417514801025
D,D_C_43122,chck_90M,43122,C,heldout_natural_source_repeat,heldoutcopy:1:565:42847,1,0.5395042896270752,10,1.019688367843628,open_subtitles,42847,16,1.5591926574707031
D,D_C_43122,chck_90M,43122,C,heldout_natural_source_repeat,heldoutcopy:1:566:23755,1,3.3249893612228334,16,0.004481273237615824,gutenberg,23755,26,3.329470634460449
D,D_C_43122,chck_90M,43122,C,heldout_natural_source_repeat,heldoutcopy:1:567:17790,1,0.0006245200056582689,8,0.0006696127820760012,childes,17790,10,0.00129413278773427
D,D_C_43122,chck_90M,43122,C,heldout_natural_source_repeat,heldoutcopy:1:568:52196,1,14.437608480453491,8,0.924419641494751,open_subtitles,52196,10,15.362028121948242
D,D_C_43122,chck_90M,43122,C,heldout_natural_source_repeat,heldoutcopy:1:569:1289,1,5.686757171526551,24,0.02184239588677883,bnc_spoken,1289,39,5.70859956741333
D,D_C_43122,chck_90M,43122,C,heldout_natural_source_repeat,heldoutcopy:1:56:46420,1,8.790041891857982,12,0.015972169116139412,open_subtitles,46420,20,8.806014060974121
D,D_C_43122,chck_90M,43122,C,heldout_natural_source_repeat,heldoutcopy:1:570:33705,1,1.6774290800094604,28,0.14007067680358887,gutenberg,33705,46,1.8174997568130493
D,D_C_43122,chck_90M,43122,C,heldout_natural_source_repeat,heldoutcopy:1:571:45114,1,4.721192378550768,11,0.05566118285059929,open_subtitles,45114,18,4.776853561401367
D,D_C_43122,chck_90M,43122,C,heldout_natural_source_repeat,heldoutcopy:1:572:9819,1,0.5164625719189644,11,0.04409521073102951,childes,9819,18,0.5605577826499939
D,D_C_43122,chck_90M,43122,C,heldout_natural_source_repeat,heldoutcopy:1:573:30529,1,5.025564447045326,28,0.12919209897518158,gutenberg,30529,47,5.154756546020508
D,D_C_43122,chck_90M,43122,C,heldout_natural_source_repeat,heldoutcopy:1:574:7455,1,0.0128936767578125,11,0.04445628076791763,childes,7455,18,0.05734995752573013
D,D_C_43122,chck_90M,43122,C,heldout_natural_source_repeat,heldoutcopy:1:575:29421,1,10.205995127558708,11,0.057337239384651184,gutenberg,29421,17,10.26333236694336
D,D_C_43122,chck_90M,43122,C,heldout_natural_source_repeat,heldoutcopy:1:576:56249,1,0.00026649958454072475,9,0.0014040146488696337,simple_wiki,56249,15,0.0016705142334103584
D,D_C_43122,chck_90M,43122,C,heldout_natural_source_repeat,heldoutcopy:1:577:27768,1,8.75770702958107,21,0.3662734925746918,gutenberg,27768,34,9.123980522155762
D,D_C_43122,chck_90M,43122,C,heldout_natural_source_repeat,heldoutcopy:1:578:61636,1,6.246753036975861,8,0.6996447443962097,simple_wiki,61636,11,6.94639778137207
D,D_C_43122,chck_90M,43122,C,heldout_natural_source_repeat,heldoutcopy:1:579:30396,1,1.893715050071478,28,0.026014182716608047,gutenberg,30396,46,1.919729232788086
D,D_C_43122,chck_90M,43122,C,heldout_natural_source_repeat,heldoutcopy:1:57:19704,1,0.0010830853134393692,16,0.01641964726150036,childes,19704,26,0.017502732574939728
D,D_C_43122,chck_90M,43122,C,heldout_natural_source_repeat,heldoutcopy:1:580:10953,1,2.145701728295535e-06,22,2.9682672902708873e-05,childes,10953,36,3.182837463100441e-05
D,D_C_43122,chck_90M,43122,C,heldout_natural_source_repeat,heldoutcopy:1:581:6068,1,-1.86033383756876,8,1.961862564086914,childes,6068,10,0.10152872651815414
D,D_C_43122,chck_90M,43122,C,heldout_natural_source_repeat,heldoutcopy:1:582:40534,1,2.405397206544876,8,0.1389753520488739,open_subtitles,40534,13,2.54437255859375
D,D_C_43122,chck_90M,43122,C,heldout_natural_source_repeat,heldoutcopy:1:583:57686,1,1.8826192617416382,18,1.229535460472107,simple_wiki,57686,29,3.112154722213745
D,D_C_43122,chck_90M,43122,C,heldout_natural_source_repeat,heldoutcopy:1:584:52508,1,10.808717092499137,14,0.01625792123377323,open_subtitles,52508,22,10.82497501373291
D,D_C_43122,chck_90M,43122,C,heldout_natural_source_repeat,heldoutcopy:1:585:46945,1,-0.06373906135559082,9,3.7107367515563965,open_subtitles,46945,15,3.6469976902008057
D,D_C_43122,chck_90M,43122,C,heldout_natural_source_repeat,heldoutcopy:1:586:32738,1,1.7995929419994354,14,0.011834412813186646,gutenberg,32738,22,1.811427354812622
D,D_C_43122,chck_90M,43122,C,heldout_natural_source_repeat,heldoutcopy:1:587:39615,1,-0.009544134140014648,11,0.5931504368782043,open_subtitles,39615,17,0.5836063027381897
D,D_C_43122,chck_90M,43122,C,heldout_natural_source_repeat,heldoutcopy:1:588:23172,1,0.13950986601412296,13,0.015990471467375755,gutenberg,23172,21,0.15550033748149872
D,D_C_43122,chck_90M,43122,C,heldout_natural_source_repeat,heldoutcopy:1:589:37720,1,0.3954213112592697,8,0.03795488178730011,gutenberg,37720,11,0.4333761930465698
D,D_C_43122,chck_90M,43122,C,heldout_natural_source_repeat,heldoutcopy:1:58:20945,1,5.444938659667969,8,2.0815467834472656,childes,20945,11,7.526485443115234
D,D_C_43122,chck_90M,43122,C,heldout_natural_source_repeat,heldoutcopy:1:590:8191,1,0.1055808593519032,9,0.0036741863004863262,childes,8191,14,0.10925504565238953
D,D_C_43122,chck_90M,43122,C,heldout_natural_source_repeat,heldoutcopy:1:591:25760,1,7.235041318461299,8,0.018829645588994026,gutenberg,25760,13,7.253870964050293
D,D_C_43122,chck_90M,43122,C,heldout_natural_source_repeat,heldoutcopy:1:592:23433,1,3.0465218760073185,27,0.03355839475989342,gutenberg,23433,44,3.080080270767212
D,D_C_43122,chck_90M,43122,C,heldout_natural_source_repeat,heldoutcopy:1:593:12594,1,2.1061562690883875,13,0.019566616043448448,childes,12594,21,2.125722885131836
D,D_C_43122,chck_90M,43122,C,heldout_natural_source_repeat,heldoutcopy:1:594:49143,1,0.002988700522109866,22,0.0035565949510782957,open_subtitles,49143,36,0.006545295473188162
D,D_C_43122,chck_90M,43122,C,heldout_natural_source_repeat,heldoutcopy:1:595:28904,1,1.172863483428955,15,0.12750422954559326,gutenberg,28904,24,1.3003677129745483
D,D_C_43122,chck_90M,43122,C,heldout_natural_source_repeat,heldoutcopy:1:596:36034,1,3.790832631289959,14,0.010396607220172882,gutenberg,36034,22,3.801229238510132
D,D_C_43122,chck_90M,43122,C,heldout_natural_source_repeat,heldoutcopy:1:597:25494,1,16.214082833379507,9,0.034719351679086685,gutenberg,25494,15,16.248802185058594
D,D_C_43122,chck_90M,43122,C,heldout_natural_source_repeat,heldoutcopy:1:598:54936,1,2.573686059564352,8,0.034392181783914566,simple_wiki,54936,12,2.6080782413482666
D,D_C_43122,chck_90M,43122,C,heldout_natural_source_repeat,heldoutcopy:1:599:2877,1,5.70262460783124,14,0.04396505281329155,bnc_spoken,2877,22,5.746589660644531
D,D_C_43122,chck_90M,43122,C,heldout_natural_source_repeat,heldoutcopy:1:59:25709,1,0.008607076480984688,13,0.025649642571806908,gutenberg,25709,21,0.034256719052791595
D,D_C_43122,chck_90M,43122,C,heldout_natural_source_repeat,heldoutcopy:1:5:25862,1,9.349775023758411,14,0.06442289799451828,gutenberg,25862,22,9.41419792175293
D,D_C_43122,chck_90M,43122,C,heldout_natural_source_repeat,heldoutcopy:1:600:48239,1,-0.009874403476715088,8,0.06410742551088333,open_subtitles,48239,11,0.05423302203416824
D,D_C_43122,chck_90M,43122,C,heldout_natural_source_repeat,heldoutcopy:1:601:41088,1,5.533120892941952,8,0.030324198305606842,open_subtitles,41088,11,5.563445091247559
D,D_C_43122,chck_90M,43122,C,heldout_natural_source_repeat,heldoutcopy:1:602:34708,1,11.520007908344269,28,0.2514469027519226,gutenberg,34708,49,11.771454811096191
D,D_C_43122,chck_90M,43122,C,heldout_natural_source_repeat,heldoutcopy:1:603:53124,1,9.634826250374317,11,0.02030222862958908,simple_wiki,53124,17,9.655128479003906
D,D_C_43122,chck_90M,43122,C,heldout_natural_source_repeat,heldoutcopy:1:604:46029,1,8.111804008483887,12,7.274720191955566,open_subtitles,46029,19,15.386524200439453
D,D_C_43122,chck_90M,43122,C,heldout_natural_source_repeat,heldoutcopy:1:605:10491,1,0.8366238009184599,8,0.030591772869229317,childes,10491,11,0.8672155737876892
D,D_C_43122,chck_90M,43122,C,heldout_natural_source_repeat,heldoutcopy:1:606:53273,1,0.04858409985899925,17,0.022791575640439987,simple_wiki,53273,27,0.07137567549943924
D,D_C_43122,chck_90M,43122,C,heldout_natural_source_repeat,heldoutcopy:1:607:3998,1,6.67273998260498e-05,20,0.10218063741922379,bnc_spoken,3998,32,0.10224736481904984
D,D_C_43122,chck_90M,43122,C,heldout_natural_source_repeat,heldoutcopy:1:608:51912,1,2.2435766458511353,11,1.2860325574874878,open_subtitles,51912,18,3.529609203338623
D,D_C_43122,chck_90M,43122,C,heldout_natural_source_repeat,heldoutcopy:1:609:50775,1,5.996241115033627,8,0.08195922523736954,open_subtitles,50775,10,6.078200340270996
D,D_C_43122,chck_90M,43122,C,heldout_natural_source_repeat,heldoutcopy:1:60:14021,1,6.6549981236457825,8,0.6857892870903015,childes,14021,10,7.340787410736084
D,D_C_43122,chck_90M,43122,C,heldout_natural_source_repeat,heldoutcopy:1:610:28756,1,6.182825073599815,8,0.063417449593544,gutenberg,28756,10,6.246242523193359
D,D_C_43122,chck_90M,43122,C,heldout_natural_source_repeat,heldoutcopy:1:611:24556,1,4.976154863834381,19,0.6196321845054626,gutenberg,24556,30,5.595787048339844
D,D_C_43122,chck_90M,43122,C,heldout_natural_source_repeat,heldoutcopy:1:612:10798,1,0.39866701886057854,8,0.03288104012608528,childes,10798,10,0.4315480589866638
D,D_C_43122,chck_90M,43122,C,heldout_natural_source_repeat,heldoutcopy:1:613:46251,1,9.103435603901744,22,0.022725971415638924,open_subtitles,46251,36,9.126161575317383
D,D_C_43122,chck_90M,43122,C,heldout_natural_source_repeat,heldoutcopy:1:614:6877,1,0.1644565463066101,8,0.11381828784942627,childes,6877,13,0.2782748341560364
D,D_C_43122,chck_90M,43122,C,heldout_natural_source_repeat,heldoutcopy:1:615:10734,1,2.211834404617548,8,0.05282023176550865,childes,10734,13,2.2646546363830566
D,D_C_43122,chck_90M,43122,C,heldout_natural_source_repeat,heldoutcopy:1:616:60646,1,-1.7609020806849003,8,1.8231679201126099,simple_wiki,60646,11,0.06226583942770958
D,D_C_43122,chck_90M,43122,C,heldout_natural_source_repeat,heldoutcopy:1:617:7553,1,3.0621193796396255,11,0.08011041581630707,childes,7553,18,3.1422297954559326
D,D_C_43122,chck_90M,43122,C,heldout_natural_source_repeat,heldoutcopy:1:618:59801,1,1.6861798949539661,8,0.05666409060359001,simple_wiki,59801,13,1.7428439855575562
D,D_C_43122,chck_90M,43122,C,heldout_natural_source_repeat,heldoutcopy:1:619:24541,1,3.21476037427783,27,0.05569331720471382,gutenberg,24541,43,3.270453691482544
D,D_C_43122,chck_90M,43122,C,heldout_natural_source_repeat,heldoutcopy:1:61:15069,1,3.4776490926742554,8,1.342821717262268,childes,15069,10,4.820470809936523
D,D_C_43122,chck_90M,43122,C,heldout_natural_source_repeat,heldoutcopy:1:620:42197,1,11.387670502066612,8,0.050290122628211975,open_subtitles,42197,10,11.437960624694824
D,D_C_43122,chck_90M,43122,C,heldout_natural_source_repeat,heldoutcopy:1:621:58634,1,1.4812837541103363,8,0.2566174566745758,simple_wiki,58634,11,1.737901210784912
D,D_C_43122,chck_90M,43122,C,heldout_natural_source_repeat,heldoutcopy:1:622:47340,1,0.2601171585265547,8,0.0026453284081071615,open_subtitles,47340,12,0.26276248693466187
D,D_C_43122,chck_90M,43122,C,heldout_natural_source_repeat,heldoutcopy:1:623:42637,1,4.169769816100597,8,0.061822839081287384,open_subtitles,42637,12,4.231592655181885
D,D_C_43122,chck_90M,43122,C,heldout_natural_source_repeat,heldoutcopy:1:624:7889,1,0.003565412014722824,12,0.055811699479818344,childes,7889,19,0.05937711149454117
D,D_C_43122,chck_90M,43122,C,heldout_natural_source_repeat,heldoutcopy:1:625:15068,1,-9.893872629618272e-06,13,5.543078441405669e-05,childes,15068,21,4.5536911784438416e-05
D,D_C_43122,chck_90M,43122,C,heldout_natural_source_repeat,heldoutcopy:1:626:46293,1,0.1004182593896985,9,0.007193143479526043,open_subtitles,46293,15,0.10761140286922455
D,D_C_43122,chck_90M,43122,C,heldout_natural_source_repeat,heldoutcopy:1:627:43161,1,2.4227502942085266,8,0.7617875933647156,open_subtitles,43161,11,3.184537887573242
D,D_C_43122,chck_90M,43122,C,heldout_natural_source_repeat,heldoutcopy:1:628:42466,1,0.4029253621120006,8,0.002285013673827052,open_subtitles,42466,10,0.40521037578582764
D,D_C_43122,chck_90M,43122,C,heldout_natural_source_repeat,heldoutcopy:1:629:7055,1,-0.3028547763824463,22,1.3008836507797241,childes,7055,36,0.9980288743972778
D,D_C_43122,chck_90M,43122,C,heldout_natural_source_repeat,heldoutcopy:1:62:34392,1,-0.2481218371540308,13,0.27344655990600586,gutenberg,34392,21,0.02532472275197506
D,D_C_43122,chck_90M,43122,C,heldout_natural_source_repeat,heldoutcopy:1:630:44659,1,4.0467659793794155,8,0.023768726736307144,open_subtitles,44659,10,4.070534706115723
D,D_C_43122,chck_90M,43122,C,heldout_natural_source_repeat,heldoutcopy:1:631:17623,1,6.048751033842564,8,0.11436208337545395,childes,17623,10,6.163113117218018
D,D_C_43122,chck_90M,43122,C,heldout_natural_source_repeat,heldoutcopy:1:632:12679,1,8.827685851603746,8,0.019631844013929367,childes,12679,12,8.847317695617676
D,D_C_43122,chck_90M,43122,C,heldout_natural_source_repeat,heldoutcopy:1:633:8050,1,1.5225391387939453,11,1.1882476806640625,childes,8050,17,2.710786819458008
D,D_C_43122,chck_90M,43122,C,heldout_natural_source_repeat,heldoutcopy:1:634:4995,1,8.799261942505836,8,0.08469592034816742,childes,4995,13,8.883957862854004
D,D_C_43122,chck_90M,43122,C,heldout_natural_source_repeat,heldoutcopy:1:635:56796,1,2.7392041198909283,8,0.009050417691469193,simple_wiki,56796,11,2.7482545375823975
D,D_C_43122,chck_90M,43122,C,heldout_natural_source_repeat,heldoutcopy:1:636:33569,1,3.529560700058937,19,0.0912400335073471,gutenberg,33569,31,3.620800733566284
D,D_C_43122,chck_90M,43122,C,heldout_natural_source_repeat,heldoutcopy:1:637:41234,1,0.11270620068535209,8,0.0018873275257647038,open_subtitles,41234,11,0.11459352821111679
D,D_C_43122,chck_90M,43122,C,heldout_natural_source_repeat,heldoutcopy:1:638:13288,1,4.554582595825195,8,0.6929597854614258,childes,13288,12,5.247542381286621
D,D_C_43122,chck_90M,43122,C,heldout_natural_source_repeat,heldoutcopy:1:639:55398,1,4.260317802429199,25,5.0958662033081055,simple_wiki,55398,40,9.356184005737305
D,D_C_43122,chck_90M,43122,C,heldout_natural_source_repeat,heldoutcopy:1:63:5691,1,10.79824586212635,8,0.16069655120372772,childes,5691,10,10.958942413330078
D,D_C_43122,chck_90M,43122,C,heldout_natural_source_repeat,heldoutcopy:1:640:44475,1,5.406541749835014,15,0.15761525928974152,open_subtitles,44475,24,5.564157009124756
D,D_C_43122,chck_90M,43122,C,heldout_natural_source_repeat,heldoutcopy:1:641:3778,1,0.10350318998098373,20,0.0033611729741096497,bnc_spoken,3778,33,0.10686436295509338
D,D_C_43122,chck_90M,43122,C,heldout_natural_source_repeat,heldoutcopy:1:642:13892,1,0.0002506531855033245,16,4.994744449504651e-05,childes,13892,25,0.000300600629998371
D,D_C_43122,chck_90M,43122,C,heldout_natural_source_repeat,heldoutcopy:1:643:49115,1,0.25123970583081245,8,0.012105684727430344,open_subtitles,49115,10,0.2633453905582428
D,D_C_43122,chck_90M,43122,C,heldout_natural_source_repeat,heldoutcopy:1:644:11330,1,0.6569183021783829,8,0.07916127145290375,childes,11330,12,0.7360795736312866
D,D_C_43122,chck_90M,43122,C,heldout_natural_source_repeat,heldoutcopy:1:645:48764,1,2.9364562779664993,8,0.14014331996440887,open_subtitles,48764,12,3.076599597930908
D,D_C_43122,chck_90M,43122,C,heldout_natural_source_repeat,heldoutcopy:1:646:13972,1,1.3217217102646828,8,0.02835901826620102,childes,13972,10,1.3500807285308838
D,D_C_43122,chck_90M,43122,C,heldout_natural_source_repeat,heldoutcopy:1:647:44204,1,2.9220126569271088,8,0.13203850388526917,open_subtitles,44204,11,3.054051160812378
D,D_C_43122,chck_90M,43122,C,heldout_natural_source_repeat,heldoutcopy:1:648:40926,1,13.33194449916482,8,0.035142865031957626,open_subtitles,40926,10,13.367087364196777
D,D_C_43122,chck_90M,43122,C,heldout_natural_source_repeat,heldoutcopy:1:649:56016,1,3.878699243068695,10,0.7131863236427307,simple_wiki,56016,16,4.591885566711426
D,D_C_43122,chck_90M,43122,C,heldout_natural_source_repeat,heldoutcopy:1:64:28077,1,16.325719909742475,10,0.02086441032588482,gutenberg,28077,16,16.34658432006836
D,D_C_43122,chck_90M,43122,C,heldout_natural_source_repeat,heldoutcopy:1:650:3003,1,0.001211218535900116,24,0.00817063171416521,bnc_spoken,3003,38,0.009381850250065327
D,D_C_43122,chck_90M,43122,C,heldout_natural_source_repeat,heldoutcopy:1:651:17989,1,2.718277083709836,8,0.016142738983035088,childes,17989,12,2.734419822692871
D,D_C_43122,chck_90M,43122,C,heldout_natural_source_repeat,heldoutcopy:1:652:916,1,3.4138085935264826,9,0.030219068750739098,bnc_spoken,916,15,3.4440276622772217
D,D_C_43122,chck_90M,43122,C,heldout_natural_source_repeat,heldoutcopy:1:653:47159,1,1.221884501632303,8,0.0032410495914518833,open_subtitles,47159,10,1.2251255512237549
D,D_C_43122,chck_90M,43122,C,heldout_natural_source_repeat,heldoutcopy:1:654:48979,1,0.6233771950937808,22,0.007199534680694342,open_subtitles,48979,36,0.6305767297744751
D,D_C_43122,chck_90M,43122,C,heldout_natural_source_repeat,heldoutcopy:1:655:9527,1,0.21954102179734036,11,0.0006811682251282036,childes,9527,17,0.22022219002246857
D,D_C_43122,chck_90M,43122,C,heldout_natural_source_repeat,heldoutcopy:1:656:8380,1,7.542961418628693,8,0.15430420637130737,childes,8380,13,7.697265625
D,D_C_43122,chck_90M,43122,C,heldout_natural_source_repeat,heldoutcopy:1:657:13840,1,2.265508733689785,8,0.06804076582193375,childes,13840,12,2.3335494995117188
D,D_C_43122,chck_90M,43122,C,heldout_natural_source_repeat,heldoutcopy:1:658:3245,1,10.42561737447977,9,0.036720119416713715,bnc_spoken,3245,14,10.462337493896484
D,D_C_43122,chck_90M,43122,C,heldout_natural_source_repeat,heldoutcopy:1:659:31129,1,9.700478076934814,11,0.9687018394470215,gutenberg,31129,18,10.669179916381836
D,D_C_43122,chck_90M,43122,C,heldout_natural_source_repeat,heldoutcopy:1:65:1678,1,4.456004306674004,12,0.12913353741168976,bnc_spoken,1678,19,4.585137844085693
D,D_C_43122,chck_90M,43122,C,heldout_natural_source_repeat,heldoutcopy:1:660:12686,1,0.6370732509531081,14,0.00582864647731185,childes,12686,22,0.6429018974304199
D,D_C_43122,chck_90M,43122,C,heldout_natural_source_repeat,heldoutcopy:1:661:13814,1,4.8779919147491455,8,1.6570942401885986,childes,13814,12,6.535086154937744
D,D_C_43122,chck_90M,43122,C,heldout_natural_source_repeat,heldoutcopy:1:662:8962,1,11.0249565243721,8,0.09002417325973511,childes,8962,10,11.114980697631836
D,D_C_43122,chck_90M,43122,C,heldout_natural_source_repeat,heldoutcopy:1:663:18937,1,14.865203320980072,8,0.33251816034317017,childes,18937,12,15.197721481323242
D,D_C_43122,chck_90M,43122,C,heldout_natural_source_repeat,heldoutcopy:1:664:42345,1,2.6521630622446537,8,0.05186745151877403,open_subtitles,42345,12,2.7040305137634277
D,D_C_43122,chck_90M,43122,C,heldout_natural_source_repeat,heldoutcopy:1:665:29658,1,9.921426624059677,8,0.2577773630619049,gutenberg,29658,12,10.179203987121582
D,D_C_43122,chck_90M,43122,C,heldout_natural_source_repeat,heldoutcopy:1:666:55630,1,1.8254715376533568,22,0.0053695267997682095,simple_wiki,55630,35,1.830841064453125
D,D_C_43122,chck_90M,43122,C,heldout_natural_source_repeat,heldoutcopy:1:667:55116,1,0.4290895462036133,8,5.830930709838867,simple_wiki,55116,13,6.2600202560424805
D,D_C_43122,chck_90M,43122,C,heldout_natural_source_repeat,heldoutcopy:1:668:534,1,2.1887018382549286,18,0.26920321583747864,bnc_spoken,534,29,2.4579050540924072
D,D_C_43122,chck_90M,43122,C,heldout_natural_source_repeat,heldoutcopy:1:669:34343,1,2.554128795862198,16,0.24195656180381775,gutenberg,34343,26,2.7960853576660156
D,D_C_43122,chck_90M,43122,C,heldout_natural_source_repeat,heldoutcopy:1:66:60002,1,7.5164130832999945,20,0.02700246311724186,simple_wiki,60002,32,7.543415546417236
D,D_C_43122,chck_90M,43122,C,heldout_natural_source_repeat,heldoutcopy:1:670:29125,1,1.3078978061676025,9,1.4135339260101318,gutenberg,29125,15,2.7214317321777344
D,D_C_43122,chck_90M,43122,C,heldout_natural_source_repeat,heldoutcopy:1:671:14760,1,8.958406388759613,12,0.10093694925308228,childes,14760,19,9.059343338012695
D,D_C_43122,chck_90M,43122,C,heldout_natural_source_repeat,heldoutcopy:1:672:37703,1,9.520940437912941,17,0.08737216889858246,gutenberg,37703,27,9.608312606811523
D,D_C_43122,chck_90M,43122,C,heldout_natural_source_repeat,heldoutcopy:1:673:57411,1,0.01025833934545517,16,0.020176412537693977,simple_wiki,57411,25,0.030434751883149147
D,D_C_43122,chck_90M,43122,C,heldout_natural_source_repeat,heldoutcopy:1:674:23569,1,12.914936050772667,8,0.062181487679481506,gutenberg,23569,13,12.977117538452148
D,D_C_43122,chck_90M,43122,C,heldout_natural_source_repeat,heldoutcopy:1:675:41624,1,0.9639986157417297,9,0.7335948348045349,open_subtitles,41624,15,1.6975934505462646
D,D_C_43122,chck_90M,43122,C,heldout_natural_source_repeat,heldoutcopy:1:676:59011,1,10.821332450956106,28,0.029283050447702408,simple_wiki,59011,49,10.850615501403809
D,D_C_43122,chck_90M,43122,C,heldout_natural_source_repeat,heldoutcopy:1:677:3622,1,0.7958456240594387,9,0.054345253854990005,bnc_spoken,3622,15,0.8501908779144287
D,D_C_43122,chck_90M,43122,C,heldout_natural_source_repeat,heldoutcopy:1:678:45344,1,4.117522060871124,10,0.09757250547409058,open_subtitles,45344,16,4.215094566345215
D,D_C_43122,chck_90M,43122,C,heldout_natural_source_repeat,heldoutcopy:1:679:33713,1,1.6600767243653536,8,0.0134210716933012,gutenberg,33713,12,1.6734977960586548
D,D_C_43122,chck_90M,43122,C,heldout_natural_source_repeat,heldoutcopy:1:67:15751,1,2.4624986397102475,8,0.011260057799518108,childes,15751,10,2.4737586975097656
D,D_C_43122,chck_90M,43122,C,heldout_natural_source_repeat,heldoutcopy:1:680:53171,1,0.023869651602581143,19,0.0004981707315891981,simple_wiki,53171,31,0.02436782233417034
D,D_C_43122,chck_90M,43122,C,heldout_natural_source_repeat,heldoutcopy:1:681:521,1,5.78982800245285,11,0.31391698122024536,bnc_spoken,521,17,6.103744983673096
D,D_C_43122,chck_90M,43122,C,heldout_natural_source_repeat,heldoutcopy:1:682:26735,1,2.133156666532159,12,0.023387065157294273,gutenberg,26735,20,2.156543731689453
D,D_C_43122,chck_90M,43122,C,heldout_natural_source_repeat,heldoutcopy:1:683:15635,1,-0.07924223504960537,8,0.10766428709030151,childes,15635,12,0.028422052040696144
D,D_C_43122,chck_90M,43122,C,heldout_natural_source_repeat,heldoutcopy:1:684:37763,1,8.056489191949368,8,0.1122911348938942,gutenberg,37763,13,8.168780326843262
D,D_C_43122,chck_90M,43122,C,heldout_natural_source_repeat,heldoutcopy:1:685:53683,1,-0.05641573667526245,9,0.45557814836502075,simple_wiki,53683,15,0.3991624116897583
D,D_C_43122,chck_90M,43122,C,heldout_natural_source_repeat,heldoutcopy:1:686:32341,1,1.492667468264699,19,0.02303263358771801,gutenberg,32341,30,1.515700101852417
D,D_C_43122,chck_90M,43122,C,heldout_natural_source_repeat,heldoutcopy:1:687:21483,1,3.7893168684095144,10,0.02411963976919651,childes,21483,16,3.813436508178711
D,D_C_43122,chck_90M,43122,C,heldout_natural_source_repeat,heldoutcopy:1:688:44893,1,4.435858570039272,9,0.09726635366678238,open_subtitles,44893,15,4.533124923706055
D,D_C_43122,chck_90M,43122,C,heldout_natural_source_repeat,heldoutcopy:1:689:7393,1,2.101757112890482,11,0.015335973352193832,childes,7393,17,2.117093086242676
D,D_C_43122,chck_90M,43122,C,heldout_natural_source_repeat,heldoutcopy:1:68:43270,1,9.900344014167786,8,0.6954478025436401,open_subtitles,43270,10,10.595791816711426
D,D_C_43122,chck_90M,43122,C,heldout_natural_source_repeat,heldoutcopy:1:690:41383,1,5.157172322273254,9,0.47822654247283936,open_subtitles,41383,15,5.635398864746094
D,D_C_43122,chck_90M,43122,C,heldout_natural_source_repeat,heldoutcopy:1:691:49476,1,6.64987325668335,10,3.147230625152588,open_subtitles,49476,16,9.797103881835938
D,D_C_43122,chck_90M,43122,C,heldout_natural_source_repeat,heldoutcopy:1:692:20524,1,2.8523397743701935,11,0.17459937930107117,childes,20524,17,3.0269391536712646
D,D_C_43122,chck_90M,43122,C,heldout_natural_source_repeat,heldoutcopy:1:693:30116,1,-0.00063362717628479,25,0.01909399777650833,gutenberg,30116,41,0.01846037060022354
D,D_C_43122,chck_90M,43122,C,heldout_natural_source_repeat,heldoutcopy:1:694:1497,1,0.5233373641967773,8,10.016925811767578,bnc_spoken,1497,13,10.540263175964355
D,D_C_43122,chck_90M,43122,C,heldout_natural_source_repeat,heldoutcopy:1:695:29018,1,0.22064407356083393,14,0.017752913758158684,gutenberg,29018,22,0.23839698731899261
D,D_C_43122,chck_90M,43122,C,heldout_natural_source_repeat,heldoutcopy:1:696:44334,1,-0.0010759970173239708,8,0.008360032923519611,open_subtitles,44334,11,0.0072840359061956406
D,D_C_43122,chck_90M,43122,C,heldout_natural_source_repeat,heldoutcopy:1:697:11860,1,1.1122646555304527,8,0.08361933380365372,childes,11860,13,1.1958839893341064
D,D_C_43122,chck_90M,43122,C,heldout_natural_source_repeat,heldoutcopy:1:698:16844,1,6.234368083823938e-05,8,1.3351351299206726e-05,childes,16844,10,7.56950321374461e-05
D,D_C_43122,chck_90M,43122,C,heldout_natural_source_repeat,heldoutcopy:1:699:18120,1,3.575048327445984,14,0.07182466983795166,childes,18120,22,3.6468729972839355
D,D_C_43122,chck_90M,43122,C,heldout_natural_source_repeat,heldoutcopy:1:69:7032,1,8.102263756096363,8,0.03308265656232834,childes,7032,10,8.135346412658691
D,D_C_43122,chck_90M,43122,C,heldout_natural_source_repeat,heldoutcopy:1:6:12973,1,-1.046001261100173,10,1.0639381408691406,childes,12973,16,0.01793687976896763
D,D_C_43122,chck_90M,43122,C,heldout_natural_source_repeat,heldoutcopy:1:700:29068,1,8.912317037582397,16,2.4280807971954346,gutenberg,29068,25,11.340397834777832
D,D_C_43122,chck_90M,43122,C,heldout_natural_source_repeat,heldoutcopy:1:701:60740,1,0.0029667427006643265,8,0.0003692421887535602,simple_wiki,60740,10,0.0033359848894178867
D,D_C_43122,chck_90M,43122,C,heldout_natural_source_repeat,heldoutcopy:1:702:7225,1,2.9047858268022537,8,0.1937580555677414,childes,7225,10,3.098543882369995
D,D_C_43122,chck_90M,43122,C,heldout_natural_source_repeat,heldoutcopy:1:703:862,1,3.844985470175743,13,0.180388942360878,bnc_spoken,862,21,4.025374412536621
D,D_C_43122,chck_90M,43122,C,heldout_natural_source_repeat,heldoutcopy:1:704:964,1,0.011837838217616081,14,0.00280831940472126,bnc_spoken,964,23,0.014646157622337341
D,D_C_43122,chck_90M,43122,C,heldout_natural_source_repeat,heldoutcopy:1:705:59023,1,3.8041364550590515,8,0.28153735399246216,simple_wiki,59023,11,4.085673809051514
D,D_C_43122,chck_90M,43122,C,heldout_natural_source_repeat,heldoutcopy:1:706:2827,1,8.809754371643066,11,1.9186115264892578,bnc_spoken,2827,18,10.728365898132324
D,D_C_43122,chck_90M,43122,C,heldout_natural_source_repeat,heldoutcopy:1:707:11769,1,0.7685894221067429,8,0.01954580843448639,childes,11769,12,0.7881352305412292
D,D_C_43122,chck_90M,43122,C,heldout_natural_source_repeat,heldoutcopy:1:708:13248,1,0.00048396442070952617,8,5.6503606174374e-05,childes,13248,10,0.0005404680268839002
D,D_C_43122,chck_90M,43122,C,heldout_natural_source_repeat,heldoutcopy:1:709:21847,1,0.18630096269771457,11,0.0028974716551601887,childes,21847,17,0.18919843435287476
D,D_C_43122,chck_90M,43122,C,heldout_natural_source_repeat,heldoutcopy:1:70:43417,1,4.715597629547119,9,3.985602855682373,open_subtitles,43417,15,8.701200485229492
D,D_C_43122,chck_90M,43122,C,heldout_natural_source_repeat,heldoutcopy:1:710:27199,1,7.235736191272736,20,0.736980140209198,gutenberg,27199,33,7.972716331481934
D,D_C_43122,chck_90M,43122,C,heldout_natural_source_repeat,heldoutcopy:1:711:38023,1,3.723395496606827,11,0.43839964270591736,gutenberg,38023,18,4.161795139312744
D,D_C_43122,chck_90M,43122,C,heldout_natural_source_repeat,heldoutcopy:1:712:22519,1,2.259300708770752,12,1.9309964179992676,childes,22519,20,4.1902971267700195
D,D_C_43122,chck_90M,43122,C,heldout_natural_source_repeat,heldoutcopy:1:713:4078,1,3.0314311161637306,16,0.05816920846700668,bnc_spoken,4078,25,3.0896003246307373
D,D_C_43122,chck_90M,43122,C,heldout_natural_source_repeat,heldoutcopy:1:714:21424,1,0.0054349713027477264,12,0.009145984426140785,childes,21424,19,0.014580955728888512
D,D_C_43122,chck_90M,43122,C,heldout_natural_source_repeat,heldoutcopy:1:715:14208,1,12.177291240543127,16,0.035400066524744034,childes,14208,26,12.212691307067871
D,D_C_43122,chck_90M,43122,C,heldout_natural_source_repeat,heldoutcopy:1:716:13884,1,4.93565908074379,12,0.2234114110469818,childes,13884,20,5.1590704917907715
D,D_C_43122,chck_90M,43122,C,heldout_natural_source_repeat,heldoutcopy:1:717:43163,1,12.760691739618778,8,0.06866445392370224,open_subtitles,43163,10,12.82935619354248
D,D_C_43122,chck_90M,43122,C,heldout_natural_source_repeat,heldoutcopy:1:718:33362,1,5.908117771148682,9,0.8035073280334473,gutenberg,33362,15,6.711625099182129
D,D_C_43122,chck_90M,43122,C,heldout_natural_source_repeat,heldoutcopy:1:719:54333,1,10.300873069092631,15,0.01122257299721241,simple_wiki,54333,24,10.312095642089844
D,D_C_43122,chck_90M,43122,C,heldout_natural_source_repeat,heldoutcopy:1:71:10326,1,0.009402281604707241,8,0.009419876150786877,childes,10326,12,0.018822157755494118
D,D_C_43122,chck_90M,43122,C,heldout_natural_source_repeat,heldoutcopy:1:720:6070,1,1.4196719527244568,9,0.7846928238868713,childes,6070,14,2.204364776611328
D,D_C_43122,chck_90M,43122,C,heldout_natural_source_repeat,heldoutcopy:1:721:11990,1,-0.0005333838053047657,9,0.008202319033443928,childes,11990,14,0.007668935228139162
D,D_C_43122,chck_90M,43122,C,heldout_natural_source_repeat,heldoutcopy:1:722:43552,1,12.558102816343307,8,0.4542396366596222,open_subtitles,43552,10,13.01234245300293
D,D_C_43122,chck_90M,43122,C,heldout_natural_source_repeat,heldoutcopy:1:723:22822,1,0.008153367787599564,22,0.03134912997484207,gutenberg,22822,35,0.039502497762441635
D,D_C_43122,chck_90M,43122,C,heldout_natural_source_repeat,heldoutcopy:1:724:5886,1,0.2611174173653126,8,0.03029019758105278,childes,5886,11,0.29140761494636536
D,D_C_43122,chck_90M,43122,C,heldout_natural_source_repeat,heldoutcopy:1:725:27447,1,7.090216968208551e-05,9,0.000350175570929423,gutenberg,27447,15,0.0004210777406115085
D,D_C_43122,chck_90M,43122,C,heldout_natural_source_repeat,heldoutcopy:1:726:23826,1,0.23959732055664062,8,12.45580768585205,gutenberg,23826,13,12.695405006408691
D,D_C_43122,chck_90M,43122,C,heldout_natural_source_repeat,heldoutcopy:1:727:13469,1,0.023460545344278216,8,0.0007680088747292757,childes,13469,10,0.024228554219007492
D,D_C_43122,chck_90M,43122,C,heldout_natural_source_repeat,heldoutcopy:1:728:23830,1,1.4991601128131151,15,0.01767796091735363,gutenberg,23830,24,1.5168380737304688
D,D_C_43122,chck_90M,43122,C,heldout_natural_source_repeat,heldoutcopy:1:729:21643,1,0.5241233410779387,9,0.0031909046228975058,childes,21643,14,0.5273142457008362
D,D_C_43122,chck_90M,43122,C,heldout_natural_source_repeat,heldoutcopy:1:72:8165,1,0.700005766004324,8,0.011027935892343521,childes,8165,13,0.7110337018966675
D,D_C_43122,chck_90M,43122,C,heldout_natural_source_repeat,heldoutcopy:1:730:55880,1,13.928353232331574,21,0.011830407194793224,simple_wiki,55880,34,13.940183639526367
D,D_C_43122,chck_90M,43122,C,heldout_natural_source_repeat,heldoutcopy:1:731:49440,1,4.563710927963257,8,3.659406900405884,open_subtitles,49440,11,8.22311782836914
D,D_C_43122,chck_90M,43122,C,heldout_natural_source_repeat,heldoutcopy:1:732:37350,1,1.9023045897483826,25,0.27859121561050415,gutenberg,37350,40,2.1808958053588867
D,D_C_43122,chck_90M,43122,C,heldout_natural_source_repeat,heldoutcopy:1:733:18392,1,2.0118165463209152,8,0.025498583912849426,childes,18392,11,2.0373151302337646
D,D_C_43122,chck_90M,43122,C,heldout_natural_source_repeat,heldoutcopy:1:734:13216,1,5.175158202648163,8,0.3516572117805481,childes,13216,12,5.526815414428711
D,D_C_43122,chck_90M,43122,C,heldout_natural_source_repeat,heldoutcopy:1:735:57250,1,5.452853247523308,13,0.07856602966785431,simple_wiki,57250,21,5.531419277191162
D,D_C_43122,chck_90M,43122,C,heldout_natural_source_repeat,heldoutcopy:1:736:56581,1,10.712106090039015,20,0.053752560168504715,simple_wiki,56581,33,10.76585865020752
D,D_C_43122,chck_90M,43122,C,heldout_natural_source_repeat,heldoutcopy:1:737:38621,1,18.13404170423746,17,0.0359240397810936,open_subtitles,38621,27,18.169965744018555
D,D_C_43122,chck_90M,43122,C,heldout_natural_source_repeat,heldoutcopy:1:738:5588,1,4.770905444398522,8,0.01911025308072567,childes,5588,10,4.790015697479248
D,D_C_43122,chck_90M,43122,C,heldout_natural_source_repeat,heldoutcopy:1:739:13497,1,4.809191465377808,8,1.1964905261993408,childes,13497,10,6.005681991577148
D,D_C_43122,chck_90M,43122,C,heldout_natural_source_repeat,heldoutcopy:1:73:3176,1,1.0770161151885986,11,2.9348952770233154,bnc_spoken,3176,17,4.011911392211914
D,D_C_43122,chck_90M,43122,C,heldout_natural_source_repeat,heldoutcopy:1:740:32070,1,3.8332513524219394,8,0.003308420069515705,gutenberg,32070,11,3.836559772491455
D,D_C_43122,chck_90M,43122,C,heldout_natural_source_repeat,heldoutcopy:1:741:22608,1,1.05129075050354,15,0.2789963483810425,gutenberg,22608,24,1.3302870988845825
D,D_C_43122,chck_90M,43122,C,heldout_natural_source_repeat,heldoutcopy:1:742:5833,1,-0.0005554351955652237,22,0.02249288186430931,childes,5833,36,0.021937446668744087
D,D_C_43122,chck_90M,43122,C,heldout_natural_source_repeat,heldoutcopy:1:743:40408,1,5.976744294166565,10,0.6614545583724976,open_subtitles,40408,16,6.6381988525390625
D,D_C_43122,chck_90M,43122,C,heldout_natural_source_repeat,heldoutcopy:1:744:15281,1,0.6487765666097403,8,0.010320628061890602,childes,15281,10,0.6590971946716309
D,D_C_43122,chck_90M,43122,C,heldout_natural_source_repeat,heldoutcopy:1:745:17775,1,1.068384436890483,9,0.017888637259602547,childes,17775,15,1.0862730741500854
D,D_C_43122,chck_90M,43122,C,heldout_natural_source_repeat,heldoutcopy:1:746:18202,1,0.10639707557857037,12,0.013054030016064644,childes,18202,19,0.11945110559463501
D,D_C_43122,chck_90M,43122,C,heldout_natural_source_repeat,heldoutcopy:1:747:34629,1,0.022940069437026978,8,0.009232565760612488,gutenberg,34629,10,0.032172635197639465
D,D_C_43122,chck_90M,43122,C,heldout_natural_source_repeat,heldoutcopy:1:748:52023,1,1.942894071340561,8,0.1633695662021637,open_subtitles,52023,10,2.1062636375427246
D,D_C_43122,chck_90M,43122,C,heldout_natural_source_repeat,heldoutcopy:1:749:7970,1,5.184769792482257,8,0.030949430540204048,childes,7970,12,5.215719223022461
D,D_C_43122,chck_90M,43122,C,heldout_natural_source_repeat,heldoutcopy:1:74:14015,1,1.365062952041626,9,1.3577611446380615,childes,14015,14,2.7228240966796875
D,D_C_43122,chck_90M,43122,C,heldout_natural_source_repeat,heldoutcopy:1:750:21812,1,0.003673654980957508,9,0.009428497403860092,childes,21812,14,0.0131021523848176
D,D_C_43122,chck_90M,43122,C,heldout_natural_source_repeat,heldoutcopy:1:751:39050,1,4.583099782466888,8,0.5200725197792053,open_subtitles,39050,12,5.103172302246094
D,D_C_43122,chck_90M,43122,C,heldout_natural_source_repeat,heldoutcopy:1:752:33420,1,9.766934594139457,14,0.006315985694527626,gutenberg,33420,23,9.773250579833984
D,D_C_43122,chck_90M,43122,C,heldout_natural_source_repeat,heldoutcopy:1:753:51497,1,-0.9551129341125488,13,5.755743503570557,open_subtitles,51497,21,4.800630569458008
D,D_C_43122,chck_90M,43122,C,heldout_natural_source_repeat,heldoutcopy:1:754:42722,1,6.243248343467712,8,1.617780327796936,open_subtitles,42722,10,7.861028671264648
D,D_C_43122,chck_90M,43122,C,heldout_natural_source_repeat,heldoutcopy:1:755:53258,1,-3.576093149604276e-06,9,5.340433563105762e-05,simple_wiki,53258,14,4.9828242481453344e-05
D,D_C_43122,chck_90M,43122,C,heldout_natural_source_repeat,heldoutcopy:1:756:24965,1,8.988172613084316,26,0.08589354902505875,gutenberg,24965,42,9.074066162109375
D,D_C_43122,chck_90M,43122,C,heldout_natural_source_repeat,heldoutcopy:1:757:57497,1,9.870112091768533,9,0.003493636380881071,simple_wiki,57497,15,9.873605728149414
D,D_C_43122,chck_90M,43122,C,heldout_natural_source_repeat,heldoutcopy:1:758:15653,1,0.3625032305717468,8,0.16165691614151,childes,15653,11,0.5241601467132568
D,D_C_43122,chck_90M,43122,C,heldout_natural_source_repeat,heldoutcopy:1:759:37836,1,1.3936809357255697,8,0.01978098787367344,gutenberg,37836,10,1.4134619235992432
D,D_C_43122,chck_90M,43122,C,heldout_natural_source_repeat,heldoutcopy:1:75:9557,1,0.2731956969946623,9,0.013281093910336494,childes,9557,14,0.2864767909049988
D,D_C_43122,chck_90M,43122,C,heldout_natural_source_repeat,heldoutcopy:1:760:43742,1,-5.549797788262367e-05,9,0.005267550237476826,open_subtitles,43742,15,0.005212052259594202
D,D_C_43122,chck_90M,43122,C,heldout_natural_source_repeat,heldoutcopy:1:761:40555,1,0.2051657633855939,8,0.009321029298007488,open_subtitles,40555,11,0.21448679268360138
D,D_C_43122,chck_90M,43122,C,heldout_natural_source_repeat,heldoutcopy:1:762:2316,1,5.416133984923363,8,0.09334315359592438,bnc_spoken,2316,10,5.509477138519287
D,D_C_43122,chck_90M,43122,C,heldout_natural_source_repeat,heldoutcopy:1:763:31284,1,1.2769749909639359,14,0.1002080887556076,gutenberg,31284,23,1.3771830797195435
D,D_C_43122,chck_90M,43122,C,heldout_natural_source_repeat,heldoutcopy:1:764:20937,1,5.365218870341778,8,0.06038213521242142,childes,20937,10,5.425601005554199
D,D_C_43122,chck_90M,43122,C,heldout_natural_source_repeat,heldoutcopy:1:765:59305,1,4.778392970561981,8,0.46520882844924927,simple_wiki,59305,11,5.2436017990112305
D,D_C_43122,chck_90M,43122,C,heldout_natural_source_repeat,heldoutcopy:1:766:52346,1,0.8834309130907059,8,0.025151178240776062,open_subtitles,52346,13,0.9085820913314819
D,D_C_43122,chck_90M,43122,C,heldout_natural_source_repeat,heldoutcopy:1:767:25201,1,3.5047602504491806,24,0.14208246767520905,gutenberg,25201,39,3.6468427181243896
D,D_C_43122,chck_90M,43122,C,heldout_natural_source_repeat,heldoutcopy:1:768:2028,1,2.1508204638957977,12,0.4292197525501251,bnc_spoken,2028,20,2.580040216445923
D,D_C_43122,chck_90M,43122,C,heldout_natural_source_repeat,heldoutcopy:1:769:27172,1,3.06533994525671,22,0.08016190677881241,gutenberg,27172,36,3.1455018520355225
D,D_C_43122,chck_90M,43122,C,heldout_natural_source_repeat,heldoutcopy:1:76:24856,1,3.0836002454161644,16,0.11788824945688248,gutenberg,24856,25,3.201488494873047
D,D_C_43122,chck_90M,43122,C,heldout_natural_source_repeat,heldoutcopy:1:770:14772,1,0.6415538238361478,8,0.012138779275119305,childes,14772,12,0.6536926031112671
D,D_C_43122,chck_90M,43122,C,heldout_natural_source_repeat,heldoutcopy:1:771:31988,1,8.51580810546875,10,1.5428810119628906,gutenberg,31988,16,10.05868911743164
D,D_C_43122,chck_90M,43122,C,heldout_natural_source_repeat,heldoutcopy:1:772:4282,1,8.207189856097102,22,0.008063973858952522,bnc_spoken,4282,36,8.215253829956055
D,D_C_43122,chck_90M,43122,C,heldout_natural_source_repeat,heldoutcopy:1:773:55763,1,0.03322085924446583,11,0.022378532215952873,simple_wiki,55763,17,0.0555993914604187
D,D_C_43122,chck_90M,43122,C,heldout_natural_source_repeat,heldoutcopy:1:774:17,1,1.7490214742720127,10,0.043699320405721664,bnc_spoken,17,16,1.7927207946777344
D,D_C_43122,chck_90M,43122,C,heldout_natural_source_repeat,heldoutcopy:1:775:2498,1,1.86322121322155,12,0.06682343780994415,bnc_spoken,2498,19,1.9300446510314941
D,D_C_43122,chck_90M,43122,C,heldout_natural_source_repeat,heldoutcopy:1:776:49123,1,1.4907469879835844,9,0.03004382736980915,open_subtitles,49123,14,1.5207908153533936
D,D_C_43122,chck_90M,43122,C,heldout_natural_source_repeat,heldoutcopy:1:777:12708,1,3.8499345928430557,8,0.16539810597896576,childes,12708,12,4.0153326988220215
D,D_C_43122,chck_90M,43122,C,heldout_natural_source_repeat,heldoutcopy:1:778:62001,1,3.2725202348083258,9,0.024967024102807045,simple_wiki,62001,14,3.297487258911133
D,D_C_43122,chck_90M,43122,C,heldout_natural_source_repeat,heldoutcopy:1:779:4611,1,5.727811381220818,25,0.14086385071277618,bnc_spoken,4611,40,5.868675231933594
D,D_C_43122,chck_90M,43122,C,heldout_natural_source_repeat,heldoutcopy:1:77:14445,1,2.106398820877075,8,1.488560676574707,childes,14445,10,3.5949594974517822
D,D_C_43122,chck_90M,43122,C,heldout_natural_source_repeat,heldoutcopy:1:780:57811,1,6.968331623822451,9,0.03210706636309624,simple_wiki,57811,14,7.000438690185547
D,D_C_43122,chck_90M,43122,C,heldout_natural_source_repeat,heldoutcopy:1:781:40078,1,1.1302861794829369,8,0.04378239065408707,open_subtitles,40078,13,1.174068570137024
D,D_C_43122,chck_90M,43122,C,heldout_natural_source_repeat,heldoutcopy:1:782:8317,1,1.7903171107172966,10,0.07088250666856766,childes,8317,16,1.8611996173858643
D,D_C_43122,chck_90M,43122,C,heldout_natural_source_repeat,heldoutcopy:1:783:41601,1,2.2540005445480347,8,0.08095037937164307,open_subtitles,41601,10,2.3349509239196777
D,D_C_43122,chck_90M,43122,C,heldout_natural_source_repeat,heldoutcopy:1:784:16162,1,11.996549367904663,12,1.937546968460083,childes,16162,20,13.934096336364746
D,D_C_43122,chck_90M,43122,C,heldout_natural_source_repeat,heldoutcopy:1:785:20577,1,2.8153139147907495,8,0.011165281757712364,childes,20577,10,2.826479196548462
D,D_C_43122,chck_90M,43122,C,heldout_natural_source_repeat,heldoutcopy:1:786:2169,1,1.0283224671147764,8,0.005390039179474115,bnc_spoken,2169,10,1.0337125062942505
D,D_C_43122,chck_90M,43122,C,heldout_natural_source_repeat,heldoutcopy:1:787:16900,1,6.31646678596735,8,0.0625167116522789,childes,16900,10,6.378983497619629
D,D_C_43122,chck_90M,43122,C,heldout_natural_source_repeat,heldoutcopy:1:788:62443,1,0.4352937685325742,11,0.004916246049106121,switchboard,62443,17,0.4402100145816803
D,D_C_43122,chck_90M,43122,C,heldout_natural_source_repeat,heldoutcopy:1:789:52856,1,1.3213915936648846,11,0.05569647625088692,simple_wiki,52856,18,1.3770880699157715
D,D_C_43122,chck_90M,43122,C,heldout_natural_source_repeat,heldoutcopy:1:78:58172,1,10.022745214402676,21,0.11146537214517593,simple_wiki,58172,34,10.134210586547852
D,D_C_43122,chck_90M,43122,C,heldout_natural_source_repeat,heldoutcopy:1:790:30506,1,4.751994580030441,17,0.4369664490222931,gutenberg,30506,28,5.188961029052734
D,D_C_43122,chck_90M,43122,C,heldout_natural_source_repeat,heldoutcopy:1:791:1106,1,4.5186145305633545,9,2.157895803451538,bnc_spoken,1106,14,6.676510334014893
D,D_C_43122,chck_90M,43122,C,heldout_natural_source_repeat,heldoutcopy:1:792:60913,1,-2.3714732378721237e-05,15,0.0003455280384514481,simple_wiki,60913,24,0.00032181330607272685
D,D_C_43122,chck_90M,43122,C,heldout_natural_source_repeat,heldoutcopy:1:793:6524,1,9.479575246572495,22,0.14270392060279846,childes,6524,36,9.622279167175293
D,D_C_43122,chck_90M,43122,C,heldout_natural_source_repeat,heldoutcopy:1:794:20010,1,0.002141196353477426,8,0.00011681827891152352,childes,20010,10,0.0022580146323889494
D,D_C_43122,chck_90M,43122,C,heldout_natural_source_repeat,heldoutcopy:1:795:59034,1,6.2014181558042765,25,0.023919349536299706,simple_wiki,59034,40,6.225337505340576
D,D_C_43122,chck_90M,43122,C,heldout_natural_source_repeat,heldoutcopy:1:796:9547,1,3.8416404835879803,9,0.042143333703279495,childes,9547,15,3.8837838172912598
D,D_C_43122,chck_90M,43122,C,heldout_natural_source_repeat,heldoutcopy:1:797:23384,1,2.1878863386809826,10,0.032716650515794754,gutenberg,23384,16,2.2206029891967773
D,D_C_43122,chck_90M,43122,C,heldout_natural_source_repeat,heldoutcopy:1:798:55884,1,0.17153781652450562,14,0.6812847852706909,simple_wiki,55884,23,0.8528226017951965
D,D_C_43122,chck_90M,43122,C,heldout_natural_source_repeat,heldoutcopy:1:799:62199,1,0.5688498639501631,12,0.003949699457734823,simple_wiki,62199,19,0.572799563407898
D,D_C_43122,chck_90M,43122,C,heldout_natural_source_repeat,heldoutcopy:1:79:53393,1,0.00450909323990345,25,0.022085312753915787,simple_wiki,53393,40,0.026594405993819237
D,D_C_43122,chck_90M,43122,C,heldout_natural_source_repeat,heldoutcopy:1:7:4568,1,0.04490022361278534,11,0.14502033591270447,bnc_spoken,4568,18,0.1899205595254898
D,D_C_43122,chck_90M,43122,C,heldout_natural_source_repeat,heldoutcopy:1:800:21595,1,1.1443811672506854e-05,8,1.8715683836489916e-05,childes,21595,11,3.015949550899677e-05
D,D_C_43122,chck_90M,43122,C,heldout_natural_source_repeat,heldoutcopy:1:801:621,1,6.750400066375732,8,7.038807392120361,bnc_spoken,621,10,13.789207458496094
D,D_C_43122,chck_90M,43122,C,heldout_natural_source_repeat,heldoutcopy:1:802:10391,1,8.885396003723145,8,0.18092727661132812,childes,10391,11,9.066323280334473
D,D_C_43122,chck_90M,43122,C,heldout_natural_source_repeat,heldoutcopy:1:803:26089,1,0.00319671630859375,28,2.035463333129883,gutenberg,26089,54,2.0386600494384766
D,D_C_43122,chck_90M,43122,C,heldout_natural_source_repeat,heldoutcopy:1:804:5745,1,5.768642455339432,8,0.450102299451828,childes,5745,10,6.21874475479126
D,D_C_43122,chck_90M,43122,C,heldout_natural_source_repeat,heldoutcopy:1:805:22598,1,9.422103360295296,17,0.17469458281993866,gutenberg,22598,27,9.596797943115234
D,D_C_43122,chck_90M,43122,C,heldout_natural_source_repeat,heldoutcopy:1:806:48065,1,3.616869769990444,8,0.06609717756509781,open_subtitles,48065,11,3.682966947555542
D,D_C_43122,chck_90M,43122,C,heldout_natural_source_repeat,heldoutcopy:1:807:22919,1,3.773421421647072,17,0.2125927060842514,gutenberg,22919,28,3.9860141277313232
D,D_C_43122,chck_90M,43122,C,heldout_natural_source_repeat,heldoutcopy:1:808:45385,1,13.453338023275137,8,0.008694294840097427,open_subtitles,45385,10,13.462032318115234
D,D_C_43122,chck_90M,43122,C,heldout_natural_source_repeat,heldoutcopy:1:809:47930,1,6.7981947641819715,25,0.023275496438145638,open_subtitles,47930,40,6.821470260620117
D,D_C_43122,chck_90M,43122,C,heldout_natural_source_repeat,heldoutcopy:1:80:42785,1,2.1565058827400208,9,0.8135673403739929,open_subtitles,42785,14,2.9700732231140137
D,D_C_43122,chck_90M,43122,C,heldout_natural_source_repeat,heldoutcopy:1:810:61418,1,4.5129417553544044,22,0.04757412523031235,simple_wiki,61418,36,4.560515880584717
D,D_C_43122,chck_90M,43122,C,heldout_natural_source_repeat,heldoutcopy:1:811:22029,1,0.9895492568612099,9,0.04849352687597275,childes,22029,14,1.0380427837371826
D,D_C_43122,chck_90M,43122,C,heldout_natural_source_repeat,heldoutcopy:1:812:43182,1,5.080009743571281,8,0.1816699057817459,open_subtitles,43182,10,5.261679649353027
D,D_C_43122,chck_90M,43122,C,heldout_natural_source_repeat,heldoutcopy:1:813:1021,1,8.720844626426697,8,1.9382387399673462,bnc_spoken,1021,10,10.659083366394043
D,D_C_43122,chck_90M,43122,C,heldout_natural_source_repeat,heldoutcopy:1:814:16667,1,1.7714340090751648,14,0.5276885628700256,childes,16667,23,2.2991225719451904
D,D_C_43122,chck_90M,43122,C,heldout_natural_source_repeat,heldoutcopy:1:815:14860,1,1.1513734310865402,8,0.044716909527778625,childes,14860,13,1.1960903406143188
D,D_C_43122,chck_90M,43122,C,heldout_natural_source_repeat,heldoutcopy:1:816:20633,1,6.449288006871939,11,0.051705244928598404,childes,20633,17,6.500993251800537
D,D_C_43122,chck_90M,43122,C,heldout_natural_source_repeat,heldoutcopy:1:817:39302,1,6.42581433057785,8,0.10414725542068481,open_subtitles,39302,10,6.529961585998535
D,D_C_43122,chck_90M,43122,C,heldout_natural_source_repeat,heldoutcopy:1:818:3416,1,0.5868781208992004,8,0.0813402533531189,bnc_spoken,3416,12,0.6682183742523193
D,D_C_43122,chck_90M,43122,C,heldout_natural_source_repeat,heldoutcopy:1:819:7608,1,6.936368331313133,8,0.037133827805519104,childes,7608,10,6.973502159118652
D,D_C_43122,chck_90M,43122,C,heldout_natural_source_repeat,heldoutcopy:1:81:56464,1,11.216028355062008,15,0.0761316791176796,simple_wiki,56464,24,11.292160034179688
D,D_C_43122,chck_90M,43122,C,heldout_natural_source_repeat,heldoutcopy:1:820:48514,1,8.211978912353516,8,0.07710742950439453,open_subtitles,48514,12,8.28908634185791
D,D_C_43122,chck_90M,43122,C,heldout_natural_source_repeat,heldoutcopy:1:821:39708,1,1.8338690623641014,8,0.06105009466409683,open_subtitles,39708,13,1.8949191570281982
D,D_C_43122,chck_90M,43122,C,heldout_natural_source_repeat,heldoutcopy:1:822:42196,1,12.28179877018556,8,0.004664967302232981,open_subtitles,42196,10,12.286463737487793
D,D_C_43122,chck_90M,43122,C,heldout_natural_source_repeat,heldoutcopy:1:823:2438,1,10.375834822654724,8,0.0347362756729126,bnc_spoken,2438,10,10.410571098327637
D,D_C_43122,chck_90M,43122,C,heldout_natural_source_repeat,heldoutcopy:1:824:39037,1,5.4545029401779175,8,1.0982075929641724,open_subtitles,39037,10,6.55271053314209
D,D_C_43122,chck_90M,43122,C,heldout_natural_source_repeat,heldoutcopy:1:825:44343,1,0.01318075181916356,8,0.005000466015189886,open_subtitles,44343,12,0.018181217834353447
D,D_C_43122,chck_90M,43122,C,heldout_natural_source_repeat,heldoutcopy:1:826:20914,1,6.43438508361578,8,0.03876516968011856,childes,20914,11,6.473150253295898
D,D_C_43122,chck_90M,43122,C,heldout_natural_source_repeat,heldoutcopy:1:827:31635,1,1.0646641720086336,19,0.014313174411654472,gutenberg,31635,31,1.078977346420288
D,D_C_43122,chck_90M,43122,C,heldout_natural_source_repeat,heldoutcopy:1:828:56150,1,5.501747876405716,15,0.09382364153862,simple_wiki,56150,24,5.595571517944336
D,D_C_43122,chck_90M,43122,C,heldout_natural_source_repeat,heldoutcopy:1:829:27293,1,18.0452263597399,12,0.025543903931975365,gutenberg,27293,20,18.070770263671875
D,D_C_43122,chck_90M,43122,C,heldout_natural_source_repeat,heldoutcopy:1:82:62077,1,-0.007960052345879376,11,0.009685428813099861,simple_wiki,62077,18,0.0017253764672204852
D,D_C_43122,chck_90M,43122,C,heldout_natural_source_repeat,heldoutcopy:1:830:8902,1,3.119195409119129,8,0.07381253689527512,childes,8902,10,3.1930079460144043
D,D_C_43122,chck_90M,43122,C,heldout_natural_source_repeat,heldoutcopy:1:831:7566,1,5.899508792907,9,0.018476169556379318,childes,7566,15,5.917984962463379
D,D_C_43122,chck_90M,43122,C,heldout_natural_source_repeat,heldoutcopy:1:832:31805,1,2.2618955010548234,8,0.011873877607285976,gutenberg,31805,12,2.2737693786621094
D,D_C_43122,chck_90M,43122,C,heldout_natural_source_repeat,heldoutcopy:1:833:58604,1,10.17878907173872,8,0.12228018790483475,simple_wiki,58604,11,10.301069259643555
D,D_C_43122,chck_90M,43122,C,heldout_natural_source_repeat,heldoutcopy:1:834:29335,1,2.4989489789586514,24,0.003696990432217717,gutenberg,29335,38,2.502645969390869
D,D_C_43122,chck_90M,43122,C,heldout_natural_source_repeat,heldoutcopy:1:835:32424,1,1.7589549096301198,27,0.008476587943732738,gutenberg,32424,43,1.7674314975738525
D,D_C_43122,chck_90M,43122,C,heldout_natural_source_repeat,heldoutcopy:1:836:32491,1,0.510199352633208,13,0.0024825488217175007,gutenberg,32491,21,0.5126819014549255
D,D_C_43122,chck_90M,43122,C,heldout_natural_source_repeat,heldoutcopy:1:837:17541,1,8.40321135520935,8,1.0118553638458252,childes,17541,10,9.415066719055176
D,D_C_43122,chck_90M,43122,C,heldout_natural_source_repeat,heldoutcopy:1:838:17100,1,4.768298822455108e-07,14,1.6689160474925302e-05,childes,17100,23,1.7165990357170813e-05
D,D_C_43122,chck_90M,43122,C,heldout_natural_source_repeat,heldoutcopy:1:839:16116,1,1.2034051194787025,8,0.01692166179418564,childes,16116,11,1.2203267812728882
D,D_C_43122,chck_90M,43122,C,heldout_natural_source_repeat,heldoutcopy:1:83:19858,1,3.8637871146202087,8,0.6139808297157288,childes,19858,10,4.4777679443359375
D,D_C_43122,chck_90M,43122,C,heldout_natural_source_repeat,heldoutcopy:1:840:61880,1,5.097997158765793,8,0.155915766954422,simple_wiki,61880,12,5.253912925720215
D,D_C_43122,chck_90M,43122,C,heldout_natural_source_repeat,heldoutcopy:1:841:4011,1,4.955438248813152,24,0.05762041360139847,bnc_spoken,4011,39,5.013058662414551
D,D_C_43122,chck_90M,43122,C,heldout_natural_source_repeat,heldoutcopy:1:842:21502,1,8.206795483827591,17,0.035199373960494995,childes,21502,28,8.241994857788086
D,D_C_43122,chck_90M,43122,C,heldout_natural_source_repeat,heldoutcopy:1:843:34377,1,3.230478882789612,9,1.008449912071228,gutenberg,34377,14,4.23892879486084
D,D_C_43122,chck_90M,43122,C,heldout_natural_source_repeat,heldoutcopy:1:844:9282,1,5.6274404078722,11,0.02360539138317108,childes,9282,17,5.651045799255371
D,D_C_43122,chck_90M,43122,C,heldout_natural_source_repeat,heldoutcopy:1:845:41279,1,0.055091604590415955,8,0.10113316774368286,open_subtitles,41279,11,0.15622477233409882
D,D_C_43122,chck_90M,43122,C,heldout_natural_source_repeat,heldoutcopy:1:846:26595,1,0.09997689723968506,9,1.842395544052124,gutenberg,26595,15,1.942372441291809
D,D_C_43122,chck_90M,43122,C,heldout_natural_source_repeat,heldoutcopy:1:847:37534,1,0.3306984659284353,19,0.0020591262727975845,gutenberg,37534,31,0.3327575922012329
D,D_C_43122,chck_90M,43122,C,heldout_natural_source_repeat,heldoutcopy:1:848:42726,1,7.740037798881531,8,1.9807816743850708,open_subtitles,42726,13,9.720819473266602
D,D_C_43122,chck_90M,43122,C,heldout_natural_source_repeat,heldoutcopy:1:849:2398,1,0.5256365537643433,8,0.9227508306503296,bnc_spoken,2398,10,1.4483873844146729
D,D_C_43122,chck_90M,43122,C,heldout_natural_source_repeat,heldoutcopy:1:84:51065,1,7.4440664649009705,8,0.18150478601455688,open_subtitles,51065,11,7.625571250915527
D,D_C_43122,chck_90M,43122,C,heldout_natural_source_repeat,heldoutcopy:1:850:44506,1,1.1391699016094208,8,0.12389948964118958,open_subtitles,44506,10,1.2630693912506104
D,D_C_43122,chck_90M,43122,C,heldout_natural_source_repeat,heldoutcopy:1:851:34921,1,1.5906789191067219,12,0.04081989452242851,gutenberg,34921,20,1.6314988136291504
D,D_C_43122,chck_90M,43122,C,heldout_natural_source_repeat,heldoutcopy:1:852:45743,1,0.007595164002850652,8,0.0008686583023518324,open_subtitles,45743,12,0.008463822305202484
D,D_C_43122,chck_90M,43122,C,heldout_natural_source_repeat,heldoutcopy:1:853:62412,1,0.9741893522441387,13,0.048569727689027786,switchboard,62412,21,1.0227590799331665
D,D_C_43122,chck_90M,43122,C,heldout_natural_source_repeat,heldoutcopy:1:854:385,1,0.028030384331941605,9,0.02115168422460556,bnc_spoken,385,14,0.049182068556547165
D,D_C_43122,chck_90M,43122,C,heldout_natural_source_repeat,heldoutcopy:1:855:41416,1,0.23669623862951994,9,0.014978324063122272,open_subtitles,41416,14,0.2516745626926422
D,D_C_43122,chck_90M,43122,C,heldout_natural_source_repeat,heldoutcopy:1:856:1017,1,0.07243061065673828,8,8.568799018859863,bnc_spoken,1017,12,8.641229629516602
D,D_C_43122,chck_90M,43122,C,heldout_natural_source_repeat,heldoutcopy:1:857:2509,1,-1.001652717590332,8,9.327898979187012,bnc_spoken,2509,11,8.32624626159668
D,D_C_43122,chck_90M,43122,C,heldout_natural_source_repeat,heldoutcopy:1:858:11424,1,4.233678817749023,10,4.0489654541015625,childes,11424,16,8.282644271850586
D,D_C_43122,chck_90M,43122,C,heldout_natural_source_repeat,heldoutcopy:1:859:47134,1,9.995598062872887,8,0.15823723375797272,open_subtitles,47134,11,10.15383529663086
D,D_C_43122,chck_90M,43122,C,heldout_natural_source_repeat,heldoutcopy:1:85:2742,1,3.782936602830887,11,0.31718870997428894,bnc_spoken,2742,18,4.100125312805176
D,D_C_43122,chck_90M,43122,C,heldout_natural_source_repeat,heldoutcopy:1:860:28821,1,11.40078459866345,9,0.022068871185183525,gutenberg,28821,14,11.422853469848633
D,D_C_43122,chck_90M,43122,C,heldout_natural_source_repeat,heldoutcopy:1:861:32449,1,-0.0014404053799808025,24,0.007976818829774857,gutenberg,32449,39,0.006536413449794054
D,D_C_43122,chck_90M,43122,C,heldout_natural_source_repeat,heldoutcopy:1:862:52072,1,0.36968142352998257,8,0.022619688883423805,open_subtitles,52072,12,0.39230111241340637
D,D_C_43122,chck_90M,43122,C,heldout_natural_source_repeat,heldoutcopy:1:863:57823,1,3.1010977923870087,14,0.19301727414131165,simple_wiki,57823,23,3.2941150665283203
D,D_C_43122,chck_90M,43122,C,heldout_natural_source_repeat,heldoutcopy:1:864:13148,1,0.8769329814240336,8,0.01324909646064043,childes,13148,10,0.8901820778846741
D,D_C_43122,chck_90M,43122,C,heldout_natural_source_repeat,heldoutcopy:1:865:22601,1,8.47729299031198,24,0.014133477583527565,gutenberg,22601,38,8.491426467895508
D,D_C_43122,chck_90M,43122,C,heldout_natural_source_repeat,heldoutcopy:1:866:20828,1,0.4534916877746582,11,1.2474766969680786,childes,20828,17,1.7009683847427368
D,D_C_43122,chck_90M,43122,C,heldout_natural_source_repeat,heldoutcopy:1:867:29969,1,0.3830384984612465,24,0.0049768611788749695,gutenberg,29969,39,0.38801535964012146
D,D_C_43122,chck_90M,43122,C,heldout_natural_source_repeat,heldoutcopy:1:868:18025,1,0.0005772778940809076,11,9.059865078597795e-06,childes,18025,18,0.0005863377591595054
D,D_C_43122,chck_90M,43122,C,heldout_natural_source_repeat,heldoutcopy:1:869:43927,1,0.5658536818809807,8,0.0021400186233222485,open_subtitles,43927,10,0.567993700504303
D,D_C_43122,chck_90M,43122,C,heldout_natural_source_repeat,heldoutcopy:1:86:53193,1,10.51449016481638,12,0.08842083066701889,simple_wiki,53193,19,10.602910995483398
D,D_C_43122,chck_90M,43122,C,heldout_natural_source_repeat,heldoutcopy:1:870:19929,1,7.716790735721588,8,0.3354610800743103,childes,19929,10,8.052251815795898
D,D_C_43122,chck_90M,43122,C,heldout_natural_source_repeat,heldoutcopy:1:871:5690,1,0.0001598288508830592,8,0.00011276562872808427,childes,5690,10,0.00027259447961114347
D,D_C_43122,chck_90M,43122,C,heldout_natural_source_repeat,heldoutcopy:1:872:57116,1,0.013954101130366325,11,0.01519661583006382,simple_wiki,57116,17,0.029150716960430145
D,D_C_43122,chck_90M,43122,C,heldout_natural_source_repeat,heldoutcopy:1:873:46374,1,4.659514904022217,8,2.513866901397705,open_subtitles,46374,11,7.173381805419922
D,D_C_43122,chck_90M,43122,C,heldout_natural_source_repeat,heldoutcopy:1:874:48767,1,2.6261982917785645,9,0.25754714012145996,open_subtitles,48767,14,2.8837454319000244
D,D_C_43122,chck_90M,43122,C,heldout_natural_source_repeat,heldoutcopy:1:875:57919,1,0.73390709515661,8,0.003855534829199314,simple_wiki,57919,12,0.7377626299858093
D,D_C_43122,chck_90M,43122,C,heldout_natural_source_repeat,heldoutcopy:1:876:26625,1,12.495909929275513,18,0.6542613506317139,gutenberg,26625,29,13.150171279907227
D,D_C_43122,chck_90M,43122,C,heldout_natural_source_repeat,heldoutcopy:1:877:2178,1,0.1618294920772314,8,0.01974358595907688,bnc_spoken,2178,10,0.1815730780363083
D,D_C_43122,chck_90M,43122,C,heldout_natural_source_repeat,heldoutcopy:1:878:4413,1,3.4999760892242193,27,0.017216751351952553,bnc_spoken,4413,44,3.517192840576172
D,D_C_43122,chck_90M,43122,C,heldout_natural_source_repeat,heldoutcopy:1:879:13202,1,-0.49570985697209835,8,0.5267324447631836,childes,13202,10,0.031022587791085243
D,D_C_43122,chck_90M,43122,C,heldout_natural_source_repeat,heldoutcopy:1:87:7684,1,4.847925394773483,11,0.22176626324653625,childes,7684,18,5.0696916580200195
D,D_C_43122,chck_90M,43122,C,heldout_natural_source_repeat,heldoutcopy:1:880:5429,1,0.00017257385479751974,10,0.00015233787416946143,childes,5429,16,0.00032491172896698117
D,D_C_43122,chck_90M,43122,C,heldout_natural_source_repeat,heldoutcopy:1:881:24719,1,1.2011444047093391,28,0.01608162373304367,gutenberg,24719,55,1.2172260284423828
D,D_C_43122,chck_90M,43122,C,heldout_natural_source_repeat,heldoutcopy:1:882:30452,1,4.757604829967022,28,0.07064271718263626,gutenberg,30452,50,4.828247547149658
D,D_C_43122,chck_90M,43122,C,heldout_natural_source_repeat,heldoutcopy:1:883:13963,1,4.490653607994318,8,0.06249084696173668,childes,13963,11,4.553144454956055
D,D_C_43122,chck_90M,43122,C,heldout_natural_source_repeat,heldoutcopy:1:884:31303,1,1.0182456448674202,8,0.11662333458662033,gutenberg,31303,12,1.1348689794540405
D,D_C_43122,chck_90M,43122,C,heldout_natural_source_repeat,heldoutcopy:1:885:3743,1,-0.12081718444824219,9,4.496136665344238,bnc_spoken,3743,14,4.375319480895996
D,D_C_43122,chck_90M,43122,C,heldout_natural_source_repeat,heldoutcopy:1:886:28239,1,0.8606446646153927,11,0.007903967052698135,gutenberg,28239,17,0.8685486316680908
D,D_C_43122,chck_90M,43122,C,heldout_natural_source_repeat,heldoutcopy:1:887:8095,1,4.2914525693049654e-06,22,1.7046782886609435e-05,childes,8095,36,2.13382354559144e-05
D,D_C_43122,chck_90M,43122,C,heldout_natural_source_repeat,heldoutcopy:1:888:9966,1,0.29715893417596817,10,0.03838207572698593,childes,9966,16,0.3355410099029541
D,D_C_43122,chck_90M,43122,C,heldout_natural_source_repeat,heldoutcopy:1:889:27580,1,2.309623956680298,8,0.6711311340332031,gutenberg,27580,13,2.980755090713501
D,D_C_43122,chck_90M,43122,C,heldout_natural_source_repeat,heldoutcopy:1:88:26402,1,0.05733663123100996,17,0.005468291230499744,gutenberg,26402,27,0.0628049224615097
D,D_C_43122,chck_90M,43122,C,heldout_natural_source_repeat,heldoutcopy:1:890:36078,1,5.016442582011223,20,0.07304401695728302,gutenberg,36078,32,5.089486598968506
D,D_C_43122,chck_90M,43122,C,heldout_natural_source_repeat,heldoutcopy:1:891:32669,1,8.364240199327469,24,0.3702664077281952,gutenberg,32669,39,8.734506607055664
D,D_C_43122,chck_90M,43122,C,heldout_natural_source_repeat,heldoutcopy:1:892:60140,1,0.5163394333794713,8,0.00893168430775404,simple_wiki,60140,11,0.5252711176872253
D,D_C_43122,chck_90M,43122,C,heldout_natural_source_repeat,heldoutcopy:1:893:59856,1,7.380795521661639,8,0.029698805883526802,simple_wiki,59856,13,7.410494327545166
D,D_C_43122,chck_90M,43122,C,heldout_natural_source_repeat,heldoutcopy:1:894:59127,1,0.9687852822244167,16,0.009490374475717545,simple_wiki,59127,26,0.9782756567001343
D,D_C_43122,chck_90M,43122,C,heldout_natural_source_repeat,heldoutcopy:1:895:14551,1,4.828272819519043,8,0.9934372901916504,childes,14551,10,5.821710109710693
D,D_C_43122,chck_90M,43122,C,heldout_natural_source_repeat,heldoutcopy:1:896:52459,1,7.469465136528015,8,0.6284686326980591,open_subtitles,52459,11,8.097933769226074
D,D_C_43122,chck_90M,43122,C,heldout_natural_source_repeat,heldoutcopy:1:897:4694,1,5.796995654702187,10,0.07724283635616302,bnc_spoken,4694,16,5.87423849105835
D,D_C_43122,chck_90M,43122,C,heldout_natural_source_repeat,heldoutcopy:1:898:42518,1,0.5372229889035225,8,0.026198260486125946,open_subtitles,42518,13,0.5634212493896484
D,D_C_43122,chck_90M,43122,C,heldout_natural_source_repeat,heldoutcopy:1:899:28372,1,0.2568627055734396,8,0.030501240864396095,gutenberg,28372,11,0.2873639464378357
D,D_C_43122,chck_90M,43122,C,heldout_natural_source_repeat,heldoutcopy:1:89:19296,1,4.761796597391367,15,0.05437314137816429,childes,19296,24,4.816169738769531
D,D_C_43122,chck_90M,43122,C,heldout_natural_source_repeat,heldoutcopy:1:8:34034,1,4.370109677314758,22,0.8140968084335327,gutenberg,34034,35,5.184206485748291
D,D_C_43122,chck_90M,43122,C,heldout_natural_source_repeat,heldoutcopy:1:900:11179,1,0.0035247802734375,8,0.05048689991235733,childes,11179,10,0.05401168018579483
D,D_C_43122,chck_90M,43122,C,heldout_natural_source_repeat,heldoutcopy:1:901:57402,1,1.564484951319173,8,0.002126457868143916,simple_wiki,57402,10,1.566611409187317
D,D_C_43122,chck_90M,43122,C,heldout_natural_source_repeat,heldoutcopy:1:902:37885,1,3.3967476170510054,26,0.019402476027607918,gutenberg,37885,42,3.4161500930786133
D,D_C_43122,chck_90M,43122,C,heldout_natural_source_repeat,heldoutcopy:1:903:56585,1,4.5268330723047256e-05,11,0.0006659197388216853,simple_wiki,56585,17,0.0007111880695447326
D,D_C_43122,chck_90M,43122,C,heldout_natural_source_repeat,heldoutcopy:1:904:42018,1,12.87627648562193,8,0.020945079624652863,open_subtitles,42018,10,12.897221565246582
D,D_C_43122,chck_90M,43122,C,heldout_natural_source_repeat,heldoutcopy:1:905:31444,1,1.8583799861371517,11,0.03676757588982582,gutenberg,31444,18,1.8951475620269775
D,D_C_43122,chck_90M,43122,C,heldout_natural_source_repeat,heldoutcopy:1:906:6509,1,0.7345481663942337,8,0.12725107371807098,childes,6509,12,0.8617992401123047
D,D_C_43122,chck_90M,43122,C,heldout_natural_source_repeat,heldoutcopy:1:907:39821,1,4.783999092876911,14,0.07712685316801071,open_subtitles,39821,22,4.861125946044922
D,D_C_43122,chck_90M,43122,C,heldout_natural_source_repeat,heldoutcopy:1:908:28225,1,2.7420380767434835,8,0.012313300743699074,gutenberg,28225,10,2.7543513774871826
D,D_C_43122,chck_90M,43122,C,heldout_natural_source_repeat,heldoutcopy:1:909:37546,1,4.512945979833603,8,0.08732333779335022,gutenberg,37546,12,4.600269317626953
D,D_C_43122,chck_90M,43122,C,heldout_natural_source_repeat,heldoutcopy:1:90:21992,1,0.02837033559626434,8,5.936446541454643e-05,childes,21992,11,0.028429700061678886
D,D_C_43122,chck_90M,43122,C,heldout_natural_source_repeat,heldoutcopy:1:910:30021,1,14.231652660295367,16,0.02929265983402729,gutenberg,30021,25,14.260945320129395
D,D_C_43122,chck_90M,43122,C,heldout_natural_source_repeat,heldoutcopy:1:911:24634,1,4.993524551391602,17,4.411684036254883,gutenberg,24634,28,9.405208587646484
D,D_C_43122,chck_90M,43122,C,heldout_natural_source_repeat,heldoutcopy:1:912:33486,1,5.153618432581425,12,0.1149229034781456,gutenberg,33486,20,5.26854133605957
D,D_C_43122,chck_90M,43122,C,heldout_natural_source_repeat,heldoutcopy:1:913:22980,1,4.595178015530109,9,0.06990110129117966,gutenberg,22980,14,4.665079116821289
D,D_C_43122,chck_90M,43122,C,heldout_natural_source_repeat,heldoutcopy:1:914:15458,1,0.10344775021076202,19,0.21354179084300995,childes,15458,30,0.316989541053772
D,D_C_43122,chck_90M,43122,C,heldout_natural_source_repeat,heldoutcopy:1:915:38729,1,7.699677467346191,8,1.3288135528564453,open_subtitles,38729,13,9.028491020202637
D,D_C_43122,chck_90M,43122,C,heldout_natural_source_repeat,heldoutcopy:1:916:55379,1,1.788086592569016e-06,12,2.825220326485578e-05,simple_wiki,55379,19,3.0040289857424796e-05
D,D_C_43122,chck_90M,43122,C,heldout_natural_source_repeat,heldoutcopy:1:917:21118,1,1.35858952999115,9,0.6393828392028809,childes,21118,15,1.9979723691940308
D,D_C_43122,chck_90M,43122,C,heldout_natural_source_repeat,heldoutcopy:1:918:15064,1,1.8007150366902351,8,0.06154768913984299,childes,15064,13,1.8622627258300781
D,D_C_43122,chck_90M,43122,C,heldout_natural_source_repeat,heldoutcopy:1:919:41577,1,3.948796719312668,8,0.3571219742298126,open_subtitles,41577,13,4.3059186935424805
D,D_C_43122,chck_90M,43122,C,heldout_natural_source_repeat,heldoutcopy:1:91:52738,1,1.707979403436184,8,0.020051397383213043,open_subtitles,52738,10,1.728030800819397
D,D_C_43122,chck_90M,43122,C,heldout_natural_source_repeat,heldoutcopy:1:920:12203,1,1.192074705613777e-07,22,1.4662635294371285e-05,childes,12203,36,1.4781842764932662e-05
D,D_C_43122,chck_90M,43122,C,heldout_natural_source_repeat,heldoutcopy:1:921:6709,1,0.056368730729445815,8,0.002153579378500581,childes,6709,10,0.058522310107946396
D,D_C_43122,chck_90M,43122,C,heldout_natural_source_repeat,heldoutcopy:1:922:7765,1,3.8592762276530266,8,0.03766114264726639,childes,7765,11,3.896937370300293
D,D_C_43122,chck_90M,43122,C,heldout_natural_source_repeat,heldoutcopy:1:923:58089,1,8.772611886262894,8,0.29518863558769226,simple_wiki,58089,11,9.067800521850586
D,D_C_43122,chck_90M,43122,C,heldout_natural_source_repeat,heldoutcopy:1:924:25067,1,-0.4079650640487671,11,1.6872645616531372,gutenberg,25067,17,1.2792994976043701
D,D_C_43122,chck_90M,43122,C,heldout_natural_source_repeat,heldoutcopy:1:925:54134,1,3.9264172427356243,9,0.05026518180966377,simple_wiki,54134,14,3.976682424545288
D,D_C_43122,chck_90M,43122,C,heldout_natural_source_repeat,heldoutcopy:1:926:41696,1,1.9979096497409046,8,0.007296935189515352,open_subtitles,41696,10,2.00520658493042
D,D_C_43122,chck_90M,43122,C,heldout_natural_source_repeat,heldoutcopy:1:927:50330,1,10.223002150654793,8,0.10164384543895721,open_subtitles,50330,10,10.32464599609375
D,D_C_43122,chck_90M,43122,C,heldout_natural_source_repeat,heldoutcopy:1:928:847,1,0.964238656219095,28,0.004977928940206766,bnc_spoken,847,55,0.9692165851593018
D,D_C_43122,chck_90M,43122,C,heldout_natural_source_repeat,heldoutcopy:1:929:59105,1,7.134342964738607,20,0.037530604749917984,simple_wiki,59105,32,7.171873569488525
D,D_C_43122,chck_90M,43122,C,heldout_natural_source_repeat,heldoutcopy:1:92:1782,1,10.219015330076218,19,0.19405344128608704,bnc_spoken,1782,31,10.413068771362305
D,D_C_43122,chck_90M,43122,C,heldout_natural_source_repeat,heldoutcopy:1:930:57367,1,0.15046074148267508,12,0.008382611908018589,simple_wiki,57367,19,0.15884335339069366
D,D_C_43122,chck_90M,43122,C,heldout_natural_source_repeat,heldoutcopy:1:931:46622,1,7.483938694000244,8,3.132150173187256,open_subtitles,46622,13,10.6160888671875
D,D_C_43122,chck_90M,43122,C,heldout_natural_source_repeat,heldoutcopy:1:932:41058,1,2.415798880159855,10,0.03384377807378769,open_subtitles,41058,16,2.4496426582336426
D,D_C_43122,chck_90M,43122,C,heldout_natural_source_repeat,heldoutcopy:1:933:45346,1,6.965543255209923,26,0.05744315683841705,open_subtitles,45346,42,7.02298641204834
D,D_C_43122,chck_90M,43122,C,heldout_natural_source_repeat,heldoutcopy:1:934:13446,1,5.158450638875365,10,0.016450369730591774,childes,13446,16,5.174901008605957
D,D_C_43122,chck_90M,43122,C,heldout_natural_source_repeat,heldoutcopy:1:935:49051,1,15.068079054355621,8,0.3567628264427185,open_subtitles,49051,11,15.42484188079834
D,D_C_43122,chck_90M,43122,C,heldout_natural_source_repeat,heldoutcopy:1:936:12815,1,0.2231696266680956,8,0.008560745045542717,childes,12815,10,0.2317303717136383
D,D_C_43122,chck_90M,43122,C,heldout_natural_source_repeat,heldoutcopy:1:937:53678,1,2.6715135667473078,11,0.023341646417975426,simple_wiki,53678,17,2.694855213165283
D,D_C_43122,chck_90M,43122,C,heldout_natural_source_repeat,heldoutcopy:1:938:13280,1,1.4066550647839904e-05,9,3.3378546504536644e-06,childes,13280,14,1.7404405298293568e-05
D,D_C_43122,chck_90M,43122,C,heldout_natural_source_repeat,heldoutcopy:1:939:48948,1,1.5137385204434395,8,0.020979516208171844,open_subtitles,48948,12,1.5347180366516113
D,D_C_43122,chck_90M,43122,C,heldout_natural_source_repeat,heldoutcopy:1:93:9009,1,1.560123473405838,11,0.04072067141532898,childes,9009,18,1.600844144821167
D,D_C_43122,chck_90M,43122,C,heldout_natural_source_repeat,heldoutcopy:1:940:46184,1,6.2564936727285385,8,0.0445641428232193,open_subtitles,46184,10,6.301057815551758
D,D_C_43122,chck_90M,43122,C,heldout_natural_source_repeat,heldoutcopy:1:941:48987,1,-1.1824047565460205,9,1.6244183778762817,open_subtitles,48987,14,0.44201362133026123
D,D_C_43122,chck_90M,43122,C,heldout_natural_source_repeat,heldoutcopy:1:942:45898,1,8.281410932540894,8,2.2233870029449463,open_subtitles,45898,12,10.50479793548584
D,D_C_43122,chck_90M,43122,C,heldout_natural_source_repeat,heldoutcopy:1:943:28689,1,2.236522674560547,10,9.321548461914062,gutenberg,28689,16,11.55807113647461
D,D_C_43122,chck_90M,43122,C,heldout_natural_source_repeat,heldoutcopy:1:944:61685,1,0.43669605255126953,8,11.180157661437988,simple_wiki,61685,10,11.616853713989258
D,D_C_43122,chck_90M,43122,C,heldout_natural_source_repeat,heldoutcopy:1:945:10864,1,2.0671065598726273,8,0.19927184283733368,childes,10864,11,2.266378402709961
D,D_C_43122,chck_90M,43122,C,heldout_natural_source_repeat,heldoutcopy:1:946:47898,1,6.079838611185551,8,0.12294306606054306,open_subtitles,47898,10,6.202781677246094
D,D_C_43122,chck_90M,43122,C,heldout_natural_source_repeat,heldoutcopy:1:947:33695,1,1.4684628322720528,9,0.021708957850933075,gutenberg,33695,14,1.4901717901229858
D,D_C_43122,chck_90M,43122,C,heldout_natural_source_repeat,heldoutcopy:1:948:42512,1,2.5049530901014805,8,0.00787096843123436,open_subtitles,42512,10,2.512824058532715
D,D_C_43122,chck_90M,43122,C,heldout_natural_source_repeat,heldoutcopy:1:949:33928,1,8.188220284879208,16,0.09785435348749161,gutenberg,33928,26,8.2860746383667
D,D_C_43122,chck_90M,43122,C,heldout_natural_source_repeat,heldoutcopy:1:94:35332,1,3.8818919211626053,24,0.14131717383861542,gutenberg,35332,39,4.023209095001221
D,D_C_43122,chck_90M,43122,C,heldout_natural_source_repeat,heldoutcopy:1:950:61670,1,0.09419107437133789,13,2.8869588375091553,simple_wiki,61670,21,2.981149911880493
D,D_C_43122,chck_90M,43122,C,heldout_natural_source_repeat,heldoutcopy:1:951:29266,1,7.036364197731018,21,1.4474128484725952,gutenberg,29266,34,8.483777046203613
D,D_C_43122,chck_90M,43122,C,heldout_natural_source_repeat,heldoutcopy:1:952:7226,1,4.096035838127136,8,0.22534525394439697,childes,7226,11,4.321381092071533
D,D_C_43122,chck_90M,43122,C,heldout_natural_source_repeat,heldoutcopy:1:953:43432,1,7.995927333831787,8,3.841704845428467,open_subtitles,43432,13,11.837632179260254
D,D_C_43122,chck_90M,43122,C,heldout_natural_source_repeat,heldoutcopy:1:954:46053,1,-1.9863617420196533,8,3.049562692642212,open_subtitles,46053,10,1.0632009506225586
D,D_C_43122,chck_90M,43122,C,heldout_natural_source_repeat,heldoutcopy:1:955:39864,1,11.728818383067846,9,0.01387074962258339,open_subtitles,39864,14,11.74268913269043
D,D_C_43122,chck_90M,43122,C,heldout_natural_source_repeat,heldoutcopy:1:956:42117,1,15.520177386701107,8,0.032541729509830475,open_subtitles,42117,10,15.552719116210938
D,D_C_43122,chck_90M,43122,C,heldout_natural_source_repeat,heldoutcopy:1:957:1101,1,3.126400075852871,13,0.0975145474076271,bnc_spoken,1101,21,3.223914623260498
D,D_C_43122,chck_90M,43122,C,heldout_natural_source_repeat,heldoutcopy:1:958:44368,1,8.042894203215837,8,0.05596749112010002,open_subtitles,44368,11,8.098861694335938
D,D_C_43122,chck_90M,43122,C,heldout_natural_source_repeat,heldoutcopy:1:959:7962,1,2.273041784763336,9,0.10517686605453491,childes,7962,14,2.378218650817871
D,D_C_43122,chck_90M,43122,C,heldout_natural_source_repeat,heldoutcopy:1:95:36631,1,1.2503072619438171,15,0.036943137645721436,gutenberg,36631,24,1.2872503995895386
D,D_C_43122,chck_90M,43122,C,heldout_natural_source_repeat,heldoutcopy:1:960:27754,1,2.9586286544799805,11,7.657912254333496,gutenberg,27754,17,10.616540908813477
D,D_C_43122,chck_90M,43122,C,heldout_natural_source_repeat,heldoutcopy:1:961:35581,1,3.5014795437455177,16,0.08544524759054184,gutenberg,35581,26,3.5869247913360596
D,D_C_43122,chck_90M,43122,C,heldout_natural_source_repeat,heldoutcopy:1:962:3863,1,0.013605087995529175,15,0.4211476147174835,bnc_spoken,3863,24,0.4347527027130127
D,D_C_43122,chck_90M,43122,C,heldout_natural_source_repeat,heldoutcopy:1:963:22662,1,9.164485841989517,12,0.24304208159446716,gutenberg,22662,20,9.407527923583984
D,D_C_43122,chck_90M,43122,C,heldout_natural_source_repeat,heldoutcopy:1:964:21684,1,-1.0672613382339478,8,2.303849220275879,childes,21684,10,1.2365878820419312
D,D_C_43122,chck_90M,43122,C,heldout_natural_source_repeat,heldoutcopy:1:965:52900,1,10.727326519787312,9,0.05822836607694626,simple_wiki,52900,14,10.785554885864258
D,D_C_43122,chck_90M,43122,C,heldout_natural_source_repeat,heldoutcopy:1:966:58103,1,9.606356285512447,8,0.03373751789331436,simple_wiki,58103,10,9.640093803405762
D,D_C_43122,chck_90M,43122,C,heldout_natural_source_repeat,heldoutcopy:1:967:16831,1,0.23208870692178607,22,0.007415034342557192,childes,16831,35,0.23950374126434326
D,D_C_43122,chck_90M,43122,C,heldout_natural_source_repeat,heldoutcopy:1:968:3770,1,0.3514316529035568,11,0.2275036722421646,bnc_spoken,3770,17,0.5789353251457214
D,D_C_43122,chck_90M,43122,C,heldout_natural_source_repeat,heldoutcopy:1:969:36445,1,3.9816965460777283,28,0.3365073800086975,gutenberg,36445,46,4.318203926086426
D,D_C_43122,chck_90M,43122,C,heldout_natural_source_repeat,heldoutcopy:1:96:27893,1,-0.02361540123820305,14,0.072149358689785,gutenberg,27893,23,0.048533957451581955
D,D_C_43122,chck_90M,43122,C,heldout_natural_source_repeat,heldoutcopy:1:970:56701,1,10.090621531009674,12,0.553074300289154,simple_wiki,56701,19,10.643695831298828
D,D_C_43122,chck_90M,43122,C,heldout_natural_source_repeat,heldoutcopy:1:971:1103,1,3.047923307865858,10,0.040498036891222,bnc_spoken,1103,16,3.08842134475708
D,D_C_43122,chck_90M,43122,C,heldout_natural_source_repeat,heldoutcopy:1:972:45869,1,3.665935605764389,8,0.27447977662086487,open_subtitles,45869,11,3.940415382385254
D,D_C_43122,chck_90M,43122,C,heldout_natural_source_repeat,heldoutcopy:1:973:49195,1,4.992896676063538,9,0.8159917593002319,open_subtitles,49195,14,5.8088884353637695
D,D_C_43122,chck_90M,43122,C,heldout_natural_source_repeat,heldoutcopy:1:974:60340,1,1.0886214233469218,16,0.0017855905462056398,simple_wiki,60340,25,1.0904070138931274
D,D_C_43122,chck_90M,43122,C,heldout_natural_source_repeat,heldoutcopy:1:975:29116,1,7.263859335333109,25,0.061985429376363754,gutenberg,29116,40,7.325844764709473
D,D_C_43122,chck_90M,43122,C,heldout_natural_source_repeat,heldoutcopy:1:976:3248,1,3.818738490343094,14,0.06763240694999695,bnc_spoken,3248,23,3.886370897293091
D,D_C_43122,chck_90M,43122,C,heldout_natural_source_repeat,heldoutcopy:1:977:42551,1,6.597629472613335,8,0.1074562817811966,open_subtitles,42551,10,6.705085754394531
D,D_C_43122,chck_90M,43122,C,heldout_natural_source_repeat,heldoutcopy:1:978:40906,1,0.9996638468001038,8,0.0033507177140563726,open_subtitles,40906,13,1.0030145645141602
D,D_C_43122,chck_90M,43122,C,heldout_natural_source_repeat,heldoutcopy:1:979:34980,1,7.631146557629108,8,0.019039027392864227,gutenberg,34980,11,7.650185585021973
D,D_C_43122,chck_90M,43122,C,heldout_natural_source_repeat,heldoutcopy:1:97:45118,1,3.389789940789342,8,0.017357466742396355,open_subtitles,45118,12,3.4071474075317383
D,D_C_43122,chck_90M,43122,C,heldout_natural_source_repeat,heldoutcopy:1:980:45182,1,0.033132754266262054,22,0.04769415408372879,open_subtitles,45182,36,0.08082690834999084
D,D_C_43122,chck_90M,43122,C,heldout_natural_source_repeat,heldoutcopy:1:981:23262,1,3.1147994995117188,9,4.4763898849487305,gutenberg,23262,15,7.591189384460449
D,D_C_43122,chck_90M,43122,C,heldout_natural_source_repeat,heldoutcopy:1:982:14390,1,0.21981728659011424,8,0.0031973214354366064,childes,14390,10,0.22301460802555084
D,D_C_43122,chck_90M,43122,C,heldout_natural_source_repeat,heldoutcopy:1:983:47457,1,1.2056245598942041,8,0.008987685665488243,open_subtitles,47457,10,1.2146122455596924
D,D_C_43122,chck_90M,43122,C,heldout_natural_source_repeat,heldoutcopy:1:984:22203,1,0.07905599824152887,10,0.0009411911014467478,childes,22203,16,0.07999718934297562
D,D_C_43122,chck_90M,43122,C,heldout_natural_source_repeat,heldoutcopy:1:985:12351,1,0.12556516053155065,8,0.006192307453602552,childes,12351,12,0.1317574679851532
D,D_C_43122,chck_90M,43122,C,heldout_natural_source_repeat,heldoutcopy:1:986:57437,1,5.953973864205182,11,0.006859208457171917,simple_wiki,57437,18,5.9608330726623535
D,D_C_43122,chck_90M,43122,C,heldout_natural_source_repeat,heldoutcopy:1:987:29698,1,-0.011894822120666504,15,0.5449200868606567,gutenberg,29698,24,0.5330252647399902
D,D_C_43122,chck_90M,43122,C,heldout_natural_source_repeat,heldoutcopy:1:988:44843,1,0.8997704945504665,8,0.0435105599462986,open_subtitles,44843,11,0.9432810544967651
D,D_C_43122,chck_90M,43122,C,heldout_natural_source_repeat,heldoutcopy:1:989:35703,1,0.033497318625450134,8,0.17400124669075012,gutenberg,35703,12,0.20749856531620026
D,D_C_43122,chck_90M,43122,C,heldout_natural_source_repeat,heldoutcopy:1:98:13042,1,11.826936155557632,9,0.26524218916893005,childes,13042,14,12.092178344726562
D,D_C_43122,chck_90M,43122,C,heldout_natural_source_repeat,heldoutcopy:1:990:20603,1,0.27085480839014053,12,0.06715845316648483,childes,20603,20,0.33801326155662537
D,D_C_43122,chck_90M,43122,C,heldout_natural_source_repeat,heldoutcopy:1:991:13506,1,0.048790231347084045,10,0.09455998241901398,childes,13506,16,0.14335021376609802
D,D_C_43122,chck_90M,43122,C,heldout_natural_source_repeat,heldoutcopy:1:992:41712,1,1.264800125733018,9,0.017543261870741844,open_subtitles,41712,14,1.2823433876037598
D,D_C_43122,chck_90M,43122,C,heldout_natural_source_repeat,heldoutcopy:1:993:54425,1,3.619321346282959,8,0.6365270614624023,simple_wiki,54425,13,4.255848407745361
D,D_C_43122,chck_90M,43122,C,heldout_natural_source_repeat,heldoutcopy:1:994:21878,1,-0.02928425371646881,14,0.10187771916389465,childes,21878,23,0.07259346544742584
D,D_C_43122,chck_90M,43122,C,heldout_natural_source_repeat,heldoutcopy:1:995:18742,1,6.871122777462006,8,0.1108446717262268,childes,18742,10,6.981967449188232
D,D_C_43122,chck_90M,43122,C,heldout_natural_source_repeat,heldoutcopy:1:996:55664,1,1.1100369552150369,8,0.008143081329762936,simple_wiki,55664,11,1.1181800365447998
D,D_C_43122,chck_90M,43122,C,heldout_natural_source_repeat,heldoutcopy:1:997:21953,1,-0.0869894027709961,12,9.785823822021484,childes,21953,19,9.698834419250488
D,D_C_43122,chck_90M,43122,C,heldout_natural_source_repeat,heldoutcopy:1:998:26023,1,0.9468411952257156,8,0.024638041853904724,gutenberg,26023,11,0.9714792370796204
D,D_C_43122,chck_90M,43122,C,heldout_natural_source_repeat,heldoutcopy:1:999:14369,1,3.8414338529109955,8,0.12302222847938538,childes,14369,10,3.964456081390381
D,D_C_43122,chck_90M,43122,C,heldout_natural_source_repeat,heldoutcopy:1:99:47026,1,3.959082841873169,11,0.7473666667938232,open_subtitles,47026,17,4.706449508666992
D,D_C_43122,chck_90M,43122,C,heldout_natural_source_repeat,heldoutcopy:1:9:60763,1,11.87089679017663,9,0.02344086393713951,simple_wiki,60763,15,11.89433765411377
D,D_C_43122,chck_90M,43122,C,heldout_natural_source_repeat,heldoutcopy:4:0:34715,4,3.3722898438572884,11,0.11493735760450363,gutenberg,34715,18,3.487227201461792
D,D_C_43122,chck_90M,43122,C,heldout_natural_source_repeat,heldoutcopy:4:100:46093,4,0.4212139844894409,8,0.8676600456237793,open_subtitles,46093,11,1.2888740301132202
D,D_C_43122,chck_90M,43122,C,heldout_natural_source_repeat,heldoutcopy:4:101:9638,4,0.0012280561495572329,8,0.0014531777705997229,childes,9638,11,0.0026812339201569557
D,D_C_43122,chck_90M,43122,C,heldout_natural_source_repeat,heldoutcopy:4:102:38847,4,4.71350559592247,8,0.19892993569374084,open_subtitles,38847,12,4.912435531616211
D,D_C_43122,chck_90M,43122,C,heldout_natural_source_repeat,heldoutcopy:4:103:25389,4,2.825123965740204,28,0.3724082112312317,gutenberg,25389,52,3.1975321769714355
D,D_C_43122,chck_90M,43122,C,heldout_natural_source_repeat,heldoutcopy:4:104:23610,4,2.088924139738083,8,0.024473220109939575,gutenberg,23610,11,2.1133973598480225
D,D_C_43122,chck_90M,43122,C,heldout_natural_source_repeat,heldoutcopy:4:105:9850,4,4.369235256686807,19,0.025858184322714806,childes,9850,31,4.3950934410095215
D,D_C_43122,chck_90M,43122,C,heldout_natural_source_repeat,heldoutcopy:4:106:33545,4,0.4912804365158081,28,0.657831072807312,gutenberg,33545,48,1.1491115093231201
D,D_C_43122,chck_90M,43122,C,heldout_natural_source_repeat,heldoutcopy:4:107:27677,4,4.645478554069996,8,0.024103812873363495,gutenberg,27677,11,4.669582366943359
D,D_C_43122,chck_90M,43122,C,heldout_natural_source_repeat,heldoutcopy:4:108:31140,4,4.4379077553749084,11,0.4397062659263611,gutenberg,31140,18,4.8776140213012695
D,D_C_43122,chck_90M,43122,C,heldout_natural_source_repeat,heldoutcopy:4:109:39267,4,1.1360252927988768,8,0.028567688539624214,open_subtitles,39267,11,1.164592981338501
D,D_C_43122,chck_90M,43122,C,heldout_natural_source_repeat,heldoutcopy:4:10:4664,4,0.24258660152554512,8,0.04436631128191948,bnc_spoken,4664,10,0.2869529128074646
D,D_C_43122,chck_90M,43122,C,heldout_natural_source_repeat,heldoutcopy:4:110:42641,4,4.260605543851852,8,0.17158439755439758,open_subtitles,42641,11,4.43218994140625
D,D_C_43122,chck_90M,43122,C,heldout_natural_source_repeat,heldoutcopy:4:111:16252,4,0.12398648168891668,9,0.007866592146456242,childes,16252,14,0.13185307383537292
D,D_C_43122,chck_90M,43122,C,heldout_natural_source_repeat,heldoutcopy:4:112:21179,4,6.5203667134046555,9,0.012597039341926575,childes,21179,14,6.532963752746582
D,D_C_43122,chck_90M,43122,C,heldout_natural_source_repeat,heldoutcopy:4:113:36547,4,0.8279410742688924,13,0.003167257411405444,gutenberg,36547,21,0.8311083316802979
D,D_C_43122,chck_90M,43122,C,heldout_natural_source_repeat,heldoutcopy:4:114:31372,4,1.7437050584703684,28,0.016550039872527122,gutenberg,31372,53,1.7602550983428955
D,D_C_43122,chck_90M,43122,C,heldout_natural_source_repeat,heldoutcopy:4:115:48479,4,13.752098366618156,8,0.0367552787065506,open_subtitles,48479,12,13.788853645324707
D,D_C_43122,chck_90M,43122,C,heldout_natural_source_repeat,heldoutcopy:4:116:8771,4,2.5823822170495987,8,0.11298249661922455,childes,8771,10,2.6953647136688232
D,D_C_43122,chck_90M,43122,C,heldout_natural_source_repeat,heldoutcopy:4:117:35397,4,0.0006980056932661682,8,0.0004539651272352785,gutenberg,35397,12,0.0011519708205014467
D,D_C_43122,chck_90M,43122,C,heldout_natural_source_repeat,heldoutcopy:4:118:21260,4,0.04213125887326896,8,0.0021823656279593706,childes,21260,10,0.04431362450122833
D,D_C_43122,chck_90M,43122,C,heldout_natural_source_repeat,heldoutcopy:4:119:13377,4,0.3579031676054001,8,0.04217110574245453,childes,13377,13,0.4000742733478546
D,D_C_43122,chck_90M,43122,C,heldout_natural_source_repeat,heldoutcopy:4:11:10575,4,2.6690743565559387,11,0.3785361647605896,childes,10575,17,3.0476105213165283
D,D_C_43122,chck_90M,43122,C,heldout_natural_source_repeat,heldoutcopy:4:120:16330,4,1.295522477477789,8,0.055339667946100235,childes,16330,10,1.3508621454238892
D,D_C_43122,chck_90M,43122,C,heldout_natural_source_repeat,heldoutcopy:4:121:47969,4,8.71912932395935,19,0.06523346900939941,open_subtitles,47969,30,8.78436279296875
D,D_C_43122,chck_90M,43122,C,heldout_natural_source_repeat,heldoutcopy:4:122:37483,4,10.663579881191254,8,0.02103811502456665,gutenberg,37483,10,10.68461799621582
D,D_C_43122,chck_90M,43122,C,heldout_natural_source_repeat,heldoutcopy:4:123:14826,4,1.4252133704721928,13,0.04323717579245567,childes,14826,21,1.4684505462646484
D,D_C_43122,chck_90M,43122,C,heldout_natural_source_repeat,heldoutcopy:4:124:40156,4,2.2437181547284126,8,0.0266258642077446,open_subtitles,40156,10,2.2703440189361572
D,D_C_43122,chck_90M,43122,C,heldout_natural_source_repeat,heldoutcopy:4:125:19420,4,1.6731515601277351,9,0.03301530331373215,childes,19420,14,1.7061668634414673
D,D_C_43122,chck_90M,43122,C,heldout_natural_source_repeat,heldoutcopy:4:126:27140,4,1.4170301761478186,11,0.013133684173226357,gutenberg,27140,17,1.430163860321045
D,D_C_43122,chck_90M,43122,C,heldout_natural_source_repeat,heldoutcopy:4:127:7181,4,4.522857788950205,8,0.03141867741942406,childes,7181,12,4.554276466369629
D,D_C_43122,chck_90M,43122,C,heldout_natural_source_repeat,heldoutcopy:4:128:27695,4,2.8241640627384186,8,0.1570344865322113,gutenberg,27695,12,2.98119854927063
D,D_C_43122,chck_90M,43122,C,heldout_natural_source_repeat,heldoutcopy:4:129:1384,4,5.575799633748829,12,0.008604357950389385,bnc_spoken,1384,19,5.584403991699219
D,D_C_43122,chck_90M,43122,C,heldout_natural_source_repeat,heldoutcopy:4:12:16004,4,0.7862484380602837,15,0.12086785584688187,childes,16004,24,0.9071162939071655
D,D_C_43122,chck_90M,43122,C,heldout_natural_source_repeat,heldoutcopy:4:130:20591,4,0.0556482111569494,8,0.0022266136948019266,childes,20591,13,0.05787482485175133
D,D_C_43122,chck_90M,43122,C,heldout_natural_source_repeat,heldoutcopy:4:131:21970,4,0.719325065612793,9,4.0026421546936035,childes,21970,14,4.7219672203063965
D,D_C_43122,chck_90M,43122,C,heldout_natural_source_repeat,heldoutcopy:4:132:8436,4,8.744161412119865,8,0.1477195769548416,childes,8436,11,8.891880989074707
D,D_C_43122,chck_90M,43122,C,heldout_natural_source_repeat,heldoutcopy:4:133:59742,4,3.8668926656246185,16,0.2510458528995514,simple_wiki,59742,25,4.11793851852417
D,D_C_43122,chck_90M,43122,C,heldout_natural_source_repeat,heldoutcopy:4:134:55526,4,2.2786087337881327,9,0.01956135593354702,simple_wiki,55526,14,2.2981700897216797
D,D_C_43122,chck_90M,43122,C,heldout_natural_source_repeat,heldoutcopy:4:135:29340,4,12.572489373385906,8,0.04742372781038284,gutenberg,29340,10,12.619913101196289
D,D_C_43122,chck_90M,43122,C,heldout_natural_source_repeat,heldoutcopy:4:136:33364,4,4.756575766950846,27,0.03127079829573631,gutenberg,33364,44,4.787846565246582
D,D_C_43122,chck_90M,43122,C,heldout_natural_source_repeat,heldoutcopy:4:137:55845,4,1.5030025858432055,18,0.022766290232539177,simple_wiki,55845,29,1.5257688760757446
D,D_C_43122,chck_90M,43122,C,heldout_natural_source_repeat,heldoutcopy:4:138:49750,4,0.6220052745193243,8,0.019397566094994545,open_subtitles,49750,12,0.6414028406143188
D,D_C_43122,chck_90M,43122,C,heldout_natural_source_repeat,heldoutcopy:4:139:46059,4,6.876693367958069,8,0.18621671199798584,open_subtitles,46059,10,7.062910079956055
D,D_C_43122,chck_90M,43122,C,heldout_natural_source_repeat,heldoutcopy:4:13:41264,4,2.920110508799553,8,0.037676528096199036,open_subtitles,41264,10,2.957787036895752
D,D_C_43122,chck_90M,43122,C,heldout_natural_source_repeat,heldoutcopy:4:140:10122,4,0.03828955488279462,19,0.004636015277355909,childes,10122,30,0.04292557016015053
D,D_C_43122,chck_90M,43122,C,heldout_natural_source_repeat,heldoutcopy:4:141:2911,4,1.9939590324647725,17,0.006943620275706053,bnc_spoken,2911,27,2.0009026527404785
D,D_C_43122,chck_90M,43122,C,heldout_natural_source_repeat,heldoutcopy:4:142:29628,4,0.6061833184212446,15,0.026657553389668465,gutenberg,29628,24,0.6328408718109131
D,D_C_43122,chck_90M,43122,C,heldout_natural_source_repeat,heldoutcopy:4:143:3336,4,0.5726590566337109,28,0.043261606246232986,bnc_spoken,3336,47,0.6159206628799438
D,D_C_43122,chck_90M,43122,C,heldout_natural_source_repeat,heldoutcopy:4:144:39750,4,1.2063012327998877,8,0.030063608661293983,open_subtitles,39750,10,1.2363648414611816
D,D_C_43122,chck_90M,43122,C,heldout_natural_source_repeat,heldoutcopy:4:145:11887,4,8.473565138876438,8,0.09839912503957748,childes,11887,11,8.571964263916016
D,D_C_43122,chck_90M,43122,C,heldout_natural_source_repeat,heldoutcopy:4:146:37409,4,10.414853274822235,14,0.06796246767044067,gutenberg,37409,23,10.482815742492676
D,D_C_43122,chck_90M,43122,C,heldout_natural_source_repeat,heldoutcopy:4:147:16087,4,0.06740954355336726,8,0.0035563574638217688,childes,16087,13,0.07096590101718903
D,D_C_43122,chck_90M,43122,C,heldout_natural_source_repeat,heldoutcopy:4:148:55281,4,0.08142448647413403,8,0.0006749735912308097,simple_wiki,55281,11,0.08209946006536484
D,D_C_43122,chck_90M,43122,C,heldout_natural_source_repeat,heldoutcopy:4:149:19070,4,0.024738161475397646,12,0.0010852882405743003,childes,19070,19,0.025823449715971947
D,D_C_43122,chck_90M,43122,C,heldout_natural_source_repeat,heldoutcopy:4:14:16052,4,0.06455825036391616,8,0.004284488502889872,childes,16052,11,0.06884273886680603
D,D_C_43122,chck_90M,43122,C,heldout_natural_source_repeat,heldoutcopy:4:150:50032,4,4.615041017532349,8,0.09084343910217285,open_subtitles,50032,12,4.7058844566345215
D,D_C_43122,chck_90M,43122,C,heldout_natural_source_repeat,heldoutcopy:4:151:57454,4,2.6204782724380493,9,0.8770087957382202,simple_wiki,57454,15,3.4974870681762695
D,D_C_43122,chck_90M,43122,C,heldout_natural_source_repeat,heldoutcopy:4:152:34510,4,0.9915243908762932,18,0.03923053294420242,gutenberg,34510,29,1.0307549238204956
D,D_C_43122,chck_90M,43122,C,heldout_natural_source_repeat,heldoutcopy:4:153:12407,4,8.488286916166544,8,0.027013834565877914,childes,12407,10,8.515300750732422
D,D_C_43122,chck_90M,43122,C,heldout_natural_source_repeat,heldoutcopy:4:154:38516,4,0.19765472412109375,8,4.374710559844971,open_subtitles,38516,11,4.5723652839660645
D,D_C_43122,chck_90M,43122,C,heldout_natural_source_repeat,heldoutcopy:4:155:5433,4,0.0018727293208939955,8,0.00023457636416424066,childes,5433,11,0.002107305685058236
D,D_C_43122,chck_90M,43122,C,heldout_natural_source_repeat,heldoutcopy:4:156:10152,4,0.7141428338363767,8,0.010982896201312542,childes,10152,13,0.7251257300376892
D,D_C_43122,chck_90M,43122,C,heldout_natural_source_repeat,heldoutcopy:4:157:2397,4,3.828289031982422,8,3.149501323699951,bnc_spoken,2397,10,6.977790355682373
D,D_C_43122,chck_90M,43122,C,heldout_natural_source_repeat,heldoutcopy:4:158:39156,4,0.006005300674587488,8,0.005788350012153387,open_subtitles,39156,13,0.011793650686740875
D,D_C_43122,chck_90M,43122,C,heldout_natural_source_repeat,heldoutcopy:4:159:55308,4,0.9812121093273163,9,0.006260782480239868,simple_wiki,55308,14,0.9874728918075562
D,D_C_43122,chck_90M,43122,C,heldout_natural_source_repeat,heldoutcopy:4:15:24796,4,0.7237060982733965,10,0.022533444687724113,gutenberg,24796,16,0.7462395429611206
D,D_C_43122,chck_90M,43122,C,heldout_natural_source_repeat,heldoutcopy:4:160:5825,4,8.395969644188881,8,0.12654756009578705,childes,5825,10,8.522517204284668
D,D_C_43122,chck_90M,43122,C,heldout_natural_source_repeat,heldoutcopy:4:161:35857,4,2.9914148449897766,8,0.41872161626815796,gutenberg,35857,11,3.4101364612579346
D,D_C_43122,chck_90M,43122,C,heldout_natural_source_repeat,heldoutcopy:4:162:57669,4,1.8699648100882769,8,0.021739868447184563,simple_wiki,57669,13,1.8917046785354614
D,D_C_43122,chck_90M,43122,C,heldout_natural_source_repeat,heldoutcopy:4:163:20822,4,0.01028068782761693,9,0.002298929262906313,childes,20822,15,0.012579617090523243
D,D_C_43122,chck_90M,43122,C,heldout_natural_source_repeat,heldoutcopy:4:164:57321,4,0.01015135645866394,21,0.03078160062432289,simple_wiki,57321,34,0.04093295708298683
D,D_C_43122,chck_90M,43122,C,heldout_natural_source_repeat,heldoutcopy:4:165:12881,4,6.19791316986084,11,1.0275864601135254,childes,12881,17,7.225499629974365
D,D_C_43122,chck_90M,43122,C,heldout_natural_source_repeat,heldoutcopy:4:166:29039,4,9.66726117581129,8,0.07359880954027176,gutenberg,29039,13,9.740859985351562
D,D_C_43122,chck_90M,43122,C,heldout_natural_source_repeat,heldoutcopy:4:167:7182,4,0.003946177661418915,8,0.019338052719831467,childes,7182,11,0.02328423038125038
D,D_C_43122,chck_90M,43122,C,heldout_natural_source_repeat,heldoutcopy:4:168:21853,4,2.6433950923383236,16,0.01657876744866371,childes,21853,25,2.6599738597869873
D,D_C_43122,chck_90M,43122,C,heldout_natural_source_repeat,heldoutcopy:4:169:37536,4,4.166589770466089,26,0.037198033183813095,gutenberg,37536,42,4.203787803649902
D,D_C_43122,chck_90M,43122,C,heldout_natural_source_repeat,heldoutcopy:4:16:3202,4,5.635488033294678,28,7.475989818572998,bnc_spoken,3202,55,13.111477851867676
D,D_C_43122,chck_90M,43122,C,heldout_natural_source_repeat,heldoutcopy:4:170:3724,4,7.526312766596675,16,0.02185732312500477,bnc_spoken,3724,26,7.54817008972168
D,D_C_43122,chck_90M,43122,C,heldout_natural_source_repeat,heldoutcopy:4:171:43719,4,1.2559776455163956,9,0.030884012579917908,open_subtitles,43719,14,1.2868616580963135
D,D_C_43122,chck_90M,43122,C,heldout_natural_source_repeat,heldoutcopy:4:172:29677,4,7.2270376635715365,8,0.014226679690182209,gutenberg,29677,10,7.241264343261719
D,D_C_43122,chck_90M,43122,C,heldout_natural_source_repeat,heldoutcopy:4:173:9435,4,2.5840089321136475,20,0.5550072193145752,childes,9435,33,3.1390161514282227
D,D_C_43122,chck_90M,43122,C,heldout_natural_source_repeat,heldoutcopy:4:174:12464,4,4.029494099318981,8,0.034262366592884064,childes,12464,12,4.063756465911865
D,D_C_43122,chck_90M,43122,C,heldout_natural_source_repeat,heldoutcopy:4:175:43943,4,8.46290971338749,8,0.07641886174678802,open_subtitles,43943,10,8.539328575134277
D,D_C_43122,chck_90M,43122,C,heldout_natural_source_repeat,heldoutcopy:4:176:21153,4,0.15496881701983511,8,0.00230404338799417,childes,21153,10,0.15727286040782928
D,D_C_43122,chck_90M,43122,C,heldout_natural_source_repeat,heldoutcopy:4:177:24419,4,0.2133014644496143,17,0.006291464436799288,gutenberg,24419,27,0.21959292888641357
D,D_C_43122,chck_90M,43122,C,heldout_natural_source_repeat,heldoutcopy:4:178:22193,4,4.895481736399233,10,0.011052458547055721,childes,22193,16,4.906534194946289
D,D_C_43122,chck_90M,43122,C,heldout_natural_source_repeat,heldoutcopy:4:179:62109,4,4.752577669918537,8,0.07254468649625778,simple_wiki,62109,11,4.825122356414795
D,D_C_43122,chck_90M,43122,C,heldout_natural_source_repeat,heldoutcopy:4:17:43196,4,10.010968305170536,8,0.04716005176305771,open_subtitles,43196,10,10.058128356933594
D,D_C_43122,chck_90M,43122,C,heldout_natural_source_repeat,heldoutcopy:4:180:3392,4,1.3384759575128555,12,0.03972993791103363,bnc_spoken,3392,20,1.3782058954238892
D,D_C_43122,chck_90M,43122,C,heldout_natural_source_repeat,heldoutcopy:4:181:55682,4,2.069443956017494,9,0.10322259366512299,simple_wiki,55682,15,2.172666549682617
D,D_C_43122,chck_90M,43122,C,heldout_natural_source_repeat,heldoutcopy:4:182:57347,4,6.487690079957247,12,0.03493107482790947,simple_wiki,57347,20,6.522621154785156
D,D_C_43122,chck_90M,43122,C,heldout_natural_source_repeat,heldoutcopy:4:183:8554,4,0.14333097636699677,8,0.016660720109939575,childes,8554,11,0.15999169647693634
D,D_C_43122,chck_90M,43122,C,heldout_natural_source_repeat,heldoutcopy:4:184:57210,4,0.17998552322387695,8,5.664764881134033,simple_wiki,57210,11,5.84475040435791
D,D_C_43122,chck_90M,43122,C,heldout_natural_source_repeat,heldoutcopy:4:185:36351,4,3.507359117269516,19,0.05389896035194397,gutenberg,36351,30,3.56125807762146
D,D_C_43122,chck_90M,43122,C,heldout_natural_source_repeat,heldoutcopy:4:186:46272,4,4.816883891820908,8,0.0023280680179595947,open_subtitles,46272,11,4.819211959838867
D,D_C_43122,chck_90M,43122,C,heldout_natural_source_repeat,heldoutcopy:4:187:4481,4,3.9084764271974564,8,0.06531231105327606,bnc_spoken,4481,10,3.9737887382507324
D,D_C_43122,chck_90M,43122,C,heldout_natural_source_repeat,heldoutcopy:4:188:61346,4,-0.0002180393785238266,13,0.029707832261919975,simple_wiki,61346,21,0.02948979288339615
D,D_C_43122,chck_90M,43122,C,heldout_natural_source_repeat,heldoutcopy:4:189:36298,4,0.37326788902282715,19,0.39023637771606445,gutenberg,36298,30,0.7635042667388916
D,D_C_43122,chck_90M,43122,C,heldout_natural_source_repeat,heldoutcopy:4:18:12105,4,0.13882750156335533,9,0.002012015553191304,childes,12105,15,0.14083951711654663
D,D_C_43122,chck_90M,43122,C,heldout_natural_source_repeat,heldoutcopy:4:190:23133,4,1.232837613672018,9,0.009127084165811539,gutenberg,23133,14,1.2419646978378296
D,D_C_43122,chck_90M,43122,C,heldout_natural_source_repeat,heldoutcopy:4:191:59486,4,-0.02158723771572113,12,0.08631879836320877,simple_wiki,59486,20,0.06473156064748764
D,D_C_43122,chck_90M,43122,C,heldout_natural_source_repeat,heldoutcopy:4:192:38482,4,4.528032839298248,8,0.2758564352989197,gutenberg,38482,11,4.803889274597168
D,D_C_43122,chck_90M,43122,C,heldout_natural_source_repeat,heldoutcopy:4:193:45843,4,0.0528138957452029,8,0.0007383481133729219,open_subtitles,45843,11,0.05355224385857582
D,D_C_43122,chck_90M,43122,C,heldout_natural_source_repeat,heldoutcopy:4:194:61912,4,7.334024343639612,8,0.03449353203177452,simple_wiki,61912,10,7.368517875671387
D,D_C_43122,chck_90M,43122,C,heldout_natural_source_repeat,heldoutcopy:4:195:1018,4,7.484513580799103,16,0.8944804072380066,bnc_spoken,1018,25,8.37899398803711
D,D_C_43122,chck_90M,43122,C,heldout_natural_source_repeat,heldoutcopy:4:196:45756,4,8.001199424266815,8,0.75086909532547,open_subtitles,45756,13,8.752068519592285
D,D_C_43122,chck_90M,43122,C,heldout_natural_source_repeat,heldoutcopy:4:197:51773,4,1.5561608169227839,11,0.01645599864423275,open_subtitles,51773,17,1.5726168155670166
D,D_C_43122,chck_90M,43122,C,heldout_natural_source_repeat,heldoutcopy:4:198:14587,4,1.2369104390963912,8,0.010720872320234776,childes,14587,11,1.247631311416626
D,D_C_43122,chck_90M,43122,C,heldout_natural_source_repeat,heldoutcopy:4:199:7065,4,0.0006771535845473409,22,0.0008268513483926654,childes,7065,36,0.0015040049329400063
D,D_C_43122,chck_90M,43122,C,heldout_natural_source_repeat,heldoutcopy:4:19:58281,4,7.094587421044707,25,0.022153759375214577,simple_wiki,58281,40,7.116741180419922
D,D_C_43122,chck_90M,43122,C,heldout_natural_source_repeat,heldoutcopy:4:1:57252,4,3.7194461040198803,8,0.026150066405534744,simple_wiki,57252,13,3.745596170425415
D,D_C_43122,chck_90M,43122,C,heldout_natural_source_repeat,heldoutcopy:4:200:7935,4,-0.04430736228823662,8,0.10302506387233734,childes,7935,10,0.05871770158410072
D,D_C_43122,chck_90M,43122,C,heldout_natural_source_repeat,heldoutcopy:4:201:50052,4,0.03631375823169947,8,0.002468041144311428,open_subtitles,50052,12,0.038781799376010895
D,D_C_43122,chck_90M,43122,C,heldout_natural_source_repeat,heldoutcopy:4:202:7743,4,0.5098849562928081,12,0.007945952005684376,childes,7743,19,0.5178309082984924
D,D_C_43122,chck_90M,43122,C,heldout_natural_source_repeat,heldoutcopy:4:203:52392,4,8.419784903526306,22,0.6681743860244751,open_subtitles,52392,36,9.087959289550781
D,D_C_43122,chck_90M,43122,C,heldout_natural_source_repeat,heldoutcopy:4:204:21975,4,1.337929779663682,8,0.021216576918959618,childes,21975,10,1.3591463565826416
D,D_C_43122,chck_90M,43122,C,heldout_natural_source_repeat,heldoutcopy:4:205:42298,4,5.783657759428024,12,0.11742046475410461,open_subtitles,42298,19,5.901078224182129
D,D_C_43122,chck_90M,43122,C,heldout_natural_source_repeat,heldoutcopy:4:206:56120,4,0.04807806794997305,19,0.0017303746426478028,simple_wiki,56120,30,0.04980844259262085
D,D_C_43122,chck_90M,43122,C,heldout_natural_source_repeat,heldoutcopy:4:207:31876,4,9.253859795629978,8,0.12246867269277573,gutenberg,31876,13,9.376328468322754
D,D_C_43122,chck_90M,43122,C,heldout_natural_source_repeat,heldoutcopy:4:208:17882,4,6.220472410321236,8,0.16857902705669403,childes,17882,11,6.38905143737793
D,D_C_43122,chck_90M,43122,C,heldout_natural_source_repeat,heldoutcopy:4:209:29842,4,3.1000544279813766,9,0.11223967373371124,gutenberg,29842,14,3.212294101715088
D,D_C_43122,chck_90M,43122,C,heldout_natural_source_repeat,heldoutcopy:4:20:18239,4,0.6815221337601542,8,0.0032745571807026863,childes,18239,11,0.6847966909408569
D,D_C_43122,chck_90M,43122,C,heldout_natural_source_repeat,heldoutcopy:4:210:17570,4,0.98026118054986,8,0.05588903650641441,childes,17570,10,1.0361502170562744
D,D_C_43122,chck_90M,43122,C,heldout_natural_source_repeat,heldoutcopy:4:211:36593,4,-0.00083019002340734,20,0.003406200557947159,gutenberg,36593,33,0.0025760105345398188
D,D_C_43122,chck_90M,43122,C,heldout_natural_source_repeat,heldoutcopy:4:212:12470,4,0.00011312193873891374,8,1.1324817933200393e-05,childes,12470,13,0.00012444675667211413
D,D_C_43122,chck_90M,43122,C,heldout_natural_source_repeat,heldoutcopy:4:213:20655,4,0.005927853286266327,17,0.019043589010834694,childes,20655,27,0.02497144229710102
D,D_C_43122,chck_90M,43122,C,heldout_natural_source_repeat,heldoutcopy:4:214:42006,4,0.0006929904920980334,8,0.0011617346899583936,open_subtitles,42006,11,0.001854725182056427
D,D_C_43122,chck_90M,43122,C,heldout_natural_source_repeat,heldoutcopy:4:215:60583,4,5.2642936035990715,8,0.06018931418657303,simple_wiki,60583,12,5.3244829177856445
D,D_C_43122,chck_90M,43122,C,heldout_natural_source_repeat,heldoutcopy:4:216:18563,4,5.304577643983066e-05,12,1.7881233361549675e-05,childes,18563,19,7.092700980138034e-05
D,D_C_43122,chck_90M,43122,C,heldout_natural_source_repeat,heldoutcopy:4:217:6247,4,2.94245678326115,8,0.005105434451252222,childes,6247,11,2.9475622177124023
D,D_C_43122,chck_90M,43122,C,heldout_natural_source_repeat,heldoutcopy:4:218:56147,4,0.10365601629018784,12,0.11938921362161636,simple_wiki,56147,19,0.2230452299118042
D,D_C_43122,chck_90M,43122,C,heldout_natural_source_repeat,heldoutcopy:4:219:50022,4,11.293861985206604,8,0.5833429098129272,open_subtitles,50022,13,11.877204895019531
D,D_C_43122,chck_90M,43122,C,heldout_natural_source_repeat,heldoutcopy:4:21:54800,4,4.431580066680908,8,1.6391148567199707,simple_wiki,54800,10,6.070694923400879
D,D_C_43122,chck_90M,43122,C,heldout_natural_source_repeat,heldoutcopy:4:220:445,4,4.495025813579559,19,0.05579501390457153,bnc_spoken,445,30,4.550820827484131
D,D_C_43122,chck_90M,43122,C,heldout_natural_source_repeat,heldoutcopy:4:221:17535,4,1.2725910507142544,8,0.021481815725564957,childes,17535,10,1.2940728664398193
D,D_C_43122,chck_90M,43122,C,heldout_natural_source_repeat,heldoutcopy:4:222:50711,4,6.412461817264557,9,0.2543777823448181,open_subtitles,50711,15,6.666839599609375
D,D_C_43122,chck_90M,43122,C,heldout_natural_source_repeat,heldoutcopy:4:223:20001,4,2.1513662934303284,9,0.0696362853050232,childes,20001,14,2.2210025787353516
D,D_C_43122,chck_90M,43122,C,heldout_natural_source_repeat,heldoutcopy:4:224:777,4,7.473907303065062,9,0.04318397119641304,bnc_spoken,777,15,7.517091274261475
D,D_C_43122,chck_90M,43122,C,heldout_natural_source_repeat,heldoutcopy:4:225:1742,4,1.8541407138109207,8,0.006856366991996765,bnc_spoken,1742,11,1.8609970808029175
D,D_C_43122,chck_90M,43122,C,heldout_natural_source_repeat,heldoutcopy:4:226:25849,4,3.1366065442562103,23,0.18236461281776428,gutenberg,25849,37,3.3189711570739746
D,D_C_43122,chck_90M,43122,C,heldout_natural_source_repeat,heldoutcopy:4:227:11615,4,3.6904614977538586,8,0.04916777089238167,childes,11615,12,3.7396292686462402
D,D_C_43122,chck_90M,43122,C,heldout_natural_source_repeat,heldoutcopy:4:228:57671,4,2.0372484922409058,8,0.8609765768051147,simple_wiki,57671,12,2.8982250690460205
D,D_C_43122,chck_90M,43122,C,heldout_natural_source_repeat,heldoutcopy:4:229:57417,4,1.450003769248724,13,0.03311333432793617,simple_wiki,57417,21,1.4831171035766602
D,D_C_43122,chck_90M,43122,C,heldout_natural_source_repeat,heldoutcopy:4:22:24538,4,0.7463805340230465,26,0.03319290652871132,gutenberg,24538,42,0.7795734405517578
D,D_C_43122,chck_90M,43122,C,heldout_natural_source_repeat,heldoutcopy:4:230:1756,4,1.5810879468917847,24,0.9194682836532593,bnc_spoken,1756,38,2.500556230545044
D,D_C_43122,chck_90M,43122,C,heldout_natural_source_repeat,heldoutcopy:4:231:17433,4,6.454711478203535,8,0.02104850485920906,childes,17433,12,6.475759983062744
D,D_C_43122,chck_90M,43122,C,heldout_natural_source_repeat,heldoutcopy:4:232:49603,4,5.552749127149582,9,0.15437224507331848,open_subtitles,49603,14,5.7071213722229
D,D_C_43122,chck_90M,43122,C,heldout_natural_source_repeat,heldoutcopy:4:233:24329,4,0.9861255139112473,8,0.027030542492866516,gutenberg,24329,11,1.0131560564041138
D,D_C_43122,chck_90M,43122,C,heldout_natural_source_repeat,heldoutcopy:4:234:35242,4,0.0022902657801751047,8,0.00019965562387369573,gutenberg,35242,11,0.0024899214040488005
D,D_C_43122,chck_90M,43122,C,heldout_natural_source_repeat,heldoutcopy:4:235:43592,4,3.0150634478777647,8,0.02473934181034565,open_subtitles,43592,11,3.0398027896881104
D,D_C_43122,chck_90M,43122,C,heldout_natural_source_repeat,heldoutcopy:4:236:3574,4,11.646541118621826,8,7.77569055557251,bnc_spoken,3574,12,19.422231674194336
D,D_C_43122,chck_90M,43122,C,heldout_natural_source_repeat,heldoutcopy:4:237:28648,4,2.119639039039612,16,0.1475919485092163,gutenberg,28648,26,2.267230987548828
D,D_C_43122,chck_90M,43122,C,heldout_natural_source_repeat,heldoutcopy:4:238:7814,4,2.2135235785972327,8,0.0027435303200036287,childes,7814,10,2.2162671089172363
D,D_C_43122,chck_90M,43122,C,heldout_natural_source_repeat,heldoutcopy:4:239:5577,4,0.04771587252616882,22,0.15916436910629272,childes,5577,36,0.20688024163246155
D,D_C_43122,chck_90M,43122,C,heldout_natural_source_repeat,heldoutcopy:4:23:12025,4,0.09188983612693846,8,0.0024252308066934347,childes,12025,12,0.0943150669336319
D,D_C_43122,chck_90M,43122,C,heldout_natural_source_repeat,heldoutcopy:4:240:53669,4,1.0966163245029747e-05,19,9.440929716220126e-05,simple_wiki,53669,31,0.000105375460407231
D,D_C_43122,chck_90M,43122,C,heldout_natural_source_repeat,heldoutcopy:4:241:60425,4,6.232136607170105,11,0.48446381092071533,simple_wiki,60425,18,6.71660041809082
D,D_C_43122,chck_90M,43122,C,heldout_natural_source_repeat,heldoutcopy:4:242:33497,4,10.851599395275116,17,0.5457680821418762,gutenberg,33497,28,11.397367477416992
D,D_C_43122,chck_90M,43122,C,heldout_natural_source_repeat,heldoutcopy:4:243:15521,4,6.214118599891663,10,0.5567740201950073,childes,15521,16,6.77089262008667
D,D_C_43122,chck_90M,43122,C,heldout_natural_source_repeat,heldoutcopy:4:244:13301,4,4.531747445464134,8,0.24797190725803375,childes,13301,10,4.779719352722168
D,D_C_43122,chck_90M,43122,C,heldout_natural_source_repeat,heldoutcopy:4:245:37303,4,0.16898700594902039,19,0.04372762143611908,gutenberg,37303,30,0.21271462738513947
D,D_C_43122,chck_90M,43122,C,heldout_natural_source_repeat,heldoutcopy:4:246:19400,4,2.9684895128011703,8,0.08855165541172028,childes,19400,10,3.0570411682128906
D,D_C_43122,chck_90M,43122,C,heldout_natural_source_repeat,heldoutcopy:4:247:11686,4,0.9239635970443487,8,0.011155614629387856,childes,11686,10,0.9351192116737366
D,D_C_43122,chck_90M,43122,C,heldout_natural_source_repeat,heldoutcopy:4:248:25542,4,4.246156394481659,14,0.14786416292190552,gutenberg,25542,23,4.3940205574035645
D,D_C_43122,chck_90M,43122,C,heldout_natural_source_repeat,heldoutcopy:4:249:308,4,6.774100869894028,8,0.365384966135025,bnc_spoken,308,12,7.139485836029053
D,D_C_43122,chck_90M,43122,C,heldout_natural_source_repeat,heldoutcopy:4:24:42529,4,2.427953451871872,8,0.0924084484577179,open_subtitles,42529,13,2.52036190032959
D,D_C_43122,chck_90M,43122,C,heldout_natural_source_repeat,heldoutcopy:4:250:19193,4,0.5505255344323814,8,0.004064988810569048,childes,19193,10,0.5545905232429504
D,D_C_43122,chck_90M,43122,C,heldout_natural_source_repeat,heldoutcopy:4:251:31353,4,14.251139372587204,20,0.318344384431839,gutenberg,31353,32,14.569483757019043
D,D_C_43122,chck_90M,43122,C,heldout_natural_source_repeat,heldoutcopy:4:252:62261,4,2.3649109303951263,20,0.4616338312625885,simple_wiki,62261,32,2.826544761657715
D,D_C_43122,chck_90M,43122,C,heldout_natural_source_repeat,heldoutcopy:4:253:15187,4,8.152813702821732,8,0.3058941066265106,childes,15187,10,8.458707809448242
D,D_C_43122,chck_90M,43122,C,heldout_natural_source_repeat,heldoutcopy:4:254:44470,4,3.111064091324806,8,0.23432718217372894,open_subtitles,44470,12,3.345391273498535
D,D_C_43122,chck_90M,43122,C,heldout_natural_source_repeat,heldoutcopy:4:255:53197,4,3.747745633125305,18,1.101450800895691,simple_wiki,53197,29,4.849196434020996
D,D_C_43122,chck_90M,43122,C,heldout_natural_source_repeat,heldoutcopy:4:256:42272,4,0.17208801885135472,11,0.0026534132193773985,open_subtitles,42272,18,0.17474143207073212
D,D_C_43122,chck_90M,43122,C,heldout_natural_source_repeat,heldoutcopy:4:257:37264,4,3.9862809628248215,11,0.13826270401477814,gutenberg,37264,17,4.1245436668396
D,D_C_43122,chck_90M,43122,C,heldout_natural_source_repeat,heldoutcopy:4:258:13253,4,0.24222063459455967,8,0.007506852969527245,childes,13253,10,0.24972748756408691
D,D_C_43122,chck_90M,43122,C,heldout_natural_source_repeat,heldoutcopy:4:259:19515,4,7.3836429715156555,8,0.7900745272636414,childes,19515,11,8.173717498779297
D,D_C_43122,chck_90M,43122,C,heldout_natural_source_repeat,heldoutcopy:4:25:57450,4,9.110208907164633,8,0.014053902588784695,simple_wiki,57450,10,9.124262809753418
D,D_C_43122,chck_90M,43122,C,heldout_natural_source_repeat,heldoutcopy:4:260:1372,4,3.004458036273718,28,0.05639878287911415,bnc_spoken,1372,51,3.060856819152832
D,D_C_43122,chck_90M,43122,C,heldout_natural_source_repeat,heldoutcopy:4:261:26001,4,4.95872787386179,9,0.05784984678030014,gutenberg,26001,14,5.01657772064209
D,D_C_43122,chck_90M,43122,C,heldout_natural_source_repeat,heldoutcopy:4:262:22264,4,0.6229397300630808,9,0.011269604787230492,childes,22264,15,0.6342093348503113
D,D_C_43122,chck_90M,43122,C,heldout_natural_source_repeat,heldoutcopy:4:263:24260,4,6.812110066413879,11,1.9130581617355347,gutenberg,24260,17,8.725168228149414
D,D_C_43122,chck_90M,43122,C,heldout_natural_source_repeat,heldoutcopy:4:264:27648,4,3.887168064713478,27,0.18487249314785004,gutenberg,27648,44,4.072040557861328
D,D_C_43122,chck_90M,43122,C,heldout_natural_source_repeat,heldoutcopy:4:265:23209,4,5.7345438078045845,22,0.024965278804302216,gutenberg,23209,35,5.759509086608887
D,D_C_43122,chck_90M,43122,C,heldout_natural_source_repeat,heldoutcopy:4:266:25022,4,6.405538491904736,20,0.0746646597981453,gutenberg,25022,32,6.480203151702881
D,D_C_43122,chck_90M,43122,C,heldout_natural_source_repeat,heldoutcopy:4:267:31289,4,5.345961943268776,28,0.13131724298000336,gutenberg,31289,46,5.477279186248779
D,D_C_43122,chck_90M,43122,C,heldout_natural_source_repeat,heldoutcopy:4:268:19801,4,0.3339071979280561,8,0.0035890231374651194,childes,19801,13,0.33749622106552124
D,D_C_43122,chck_90M,43122,C,heldout_natural_source_repeat,heldoutcopy:4:269:3484,4,2.0950403148308396,17,0.012770420871675014,bnc_spoken,3484,28,2.1078107357025146
D,D_C_43122,chck_90M,43122,C,heldout_natural_source_repeat,heldoutcopy:4:26:47039,4,4.35092893242836,15,0.25172218680381775,open_subtitles,47039,24,4.602651119232178
D,D_C_43122,chck_90M,43122,C,heldout_natural_source_repeat,heldoutcopy:4:270:19777,4,0.5747888423502445,8,0.008435215801000595,childes,19777,12,0.5832240581512451
D,D_C_43122,chck_90M,43122,C,heldout_natural_source_repeat,heldoutcopy:4:271:12609,4,2.6742748208343983,10,0.014410119503736496,childes,12609,16,2.6886849403381348
D,D_C_43122,chck_90M,43122,C,heldout_natural_source_repeat,heldoutcopy:4:272:18750,4,4.2836534678936005,8,0.15128162503242493,childes,18750,10,4.434935092926025
D,D_C_43122,chck_90M,43122,C,heldout_natural_source_repeat,heldoutcopy:4:273:42103,4,13.558964438736439,8,0.026747040450572968,open_subtitles,42103,13,13.585711479187012
D,D_C_43122,chck_90M,43122,C,heldout_natural_source_repeat,heldoutcopy:4:274:538,4,6.3804208636283875,19,0.17674237489700317,bnc_spoken,538,31,6.557163238525391
D,D_C_43122,chck_90M,43122,C,heldout_natural_source_repeat,heldoutcopy:4:275:6997,4,0.8226588200777769,8,0.013583021238446236,childes,6997,12,0.8362418413162231
D,D_C_43122,chck_90M,43122,C,heldout_natural_source_repeat,heldoutcopy:4:276:48548,4,3.8885206803679466,11,0.11302093416452408,open_subtitles,48548,18,4.001541614532471
D,D_C_43122,chck_90M,43122,C,heldout_natural_source_repeat,heldoutcopy:4:277:10502,4,0.7237446904182434,10,0.1992284655570984,childes,10502,16,0.9229731559753418
D,D_C_43122,chck_90M,43122,C,heldout_natural_source_repeat,heldoutcopy:4:278:37673,4,9.094161748886108,8,0.6782982349395752,gutenberg,37673,13,9.772459983825684
D,D_C_43122,chck_90M,43122,C,heldout_natural_source_repeat,heldoutcopy:4:279:17123,4,6.893077455461025,9,0.061564840376377106,childes,17123,14,6.954642295837402
D,D_C_43122,chck_90M,43122,C,heldout_natural_source_repeat,heldoutcopy:4:27:29746,4,5.626220304518938,28,0.05230085179209709,gutenberg,29746,46,5.678521156311035
D,D_C_43122,chck_90M,43122,C,heldout_natural_source_repeat,heldoutcopy:4:280:2013,4,3.3294836687855422,28,0.0020902943797409534,bnc_spoken,2013,46,3.331573963165283
D,D_C_43122,chck_90M,43122,C,heldout_natural_source_repeat,heldoutcopy:4:281:20483,4,1.0377425402402878,8,0.048273637890815735,childes,20483,10,1.0860161781311035
D,D_C_43122,chck_90M,43122,C,heldout_natural_source_repeat,heldoutcopy:4:282:14090,4,0.7760807322338223,8,0.009010250680148602,childes,14090,12,0.785090982913971
D,D_C_43122,chck_90M,43122,C,heldout_natural_source_repeat,heldoutcopy:4:283:7166,4,0.42581704817712307,8,0.02447822131216526,childes,7166,12,0.45029526948928833
D,D_C_43122,chck_90M,43122,C,heldout_natural_source_repeat,heldoutcopy:4:284:43530,4,1.2623448129743338,8,0.009144330397248268,open_subtitles,43530,13,1.271489143371582
D,D_C_43122,chck_90M,43122,C,heldout_natural_source_repeat,heldoutcopy:4:285:26656,4,3.3953065872192383,11,0.5168075561523438,gutenberg,26656,18,3.912114143371582
D,D_C_43122,chck_90M,43122,C,heldout_natural_source_repeat,heldoutcopy:4:286:51222,4,1.2765502650290728,9,0.028727320954203606,open_subtitles,51222,14,1.3052775859832764
D,D_C_43122,chck_90M,43122,C,heldout_natural_source_repeat,heldoutcopy:4:287:31419,4,1.3313258960843086,8,0.10797058790922165,gutenberg,31419,12,1.4392964839935303
D,D_C_43122,chck_90M,43122,C,heldout_natural_source_repeat,heldoutcopy:4:288:6218,4,0.00036566247308655875,8,1.2993727978027891e-05,childes,6218,12,0.00037865620106458664
D,D_C_43122,chck_90M,43122,C,heldout_natural_source_repeat,heldoutcopy:4:289:29703,4,0.6320839058607817,8,0.0018335450440645218,gutenberg,29703,13,0.6339174509048462
D,D_C_43122,chck_90M,43122,C,heldout_natural_source_repeat,heldoutcopy:4:28:20530,4,2.261434644460678,8,0.26608744263648987,childes,20530,10,2.527522087097168
D,D_C_43122,chck_90M,43122,C,heldout_natural_source_repeat,heldoutcopy:4:290:9980,4,2.4424602575600147,17,0.06225351616740227,childes,9980,28,2.504713773727417
D,D_C_43122,chck_90M,43122,C,heldout_natural_source_repeat,heldoutcopy:4:291:20041,4,3.6912165712565184,10,0.01634635217487812,childes,20041,16,3.7075629234313965
D,D_C_43122,chck_90M,43122,C,heldout_natural_source_repeat,heldoutcopy:4:292:30849,4,5.905567243695259,13,0.13368026912212372,gutenberg,30849,21,6.039247512817383
D,D_C_43122,chck_90M,43122,C,heldout_natural_source_repeat,heldoutcopy:4:293:51941,4,2.9555495381355286,12,0.11811560392379761,open_subtitles,51941,19,3.073665142059326
D,D_C_43122,chck_90M,43122,C,heldout_natural_source_repeat,heldoutcopy:4:294:47053,4,7.576636150479317,8,0.13266436755657196,open_subtitles,47053,13,7.709300518035889
D,D_C_43122,chck_90M,43122,C,heldout_natural_source_repeat,heldoutcopy:4:295:3665,4,4.761616691946983,8,0.03535749018192291,bnc_spoken,3665,10,4.796974182128906
D,D_C_43122,chck_90M,43122,C,heldout_natural_source_repeat,heldoutcopy:4:296:46572,4,1.050823375582695,8,0.01357443630695343,open_subtitles,46572,11,1.0643978118896484
D,D_C_43122,chck_90M,43122,C,heldout_natural_source_repeat,heldoutcopy:4:297:21089,4,2.498848509043455,10,0.012589622288942337,childes,21089,16,2.5114381313323975
D,D_C_43122,chck_90M,43122,C,heldout_natural_source_repeat,heldoutcopy:4:298:15261,4,1.8644389510154724,8,0.32542258501052856,childes,15261,11,2.189861536026001
D,D_C_43122,chck_90M,43122,C,heldout_natural_source_repeat,heldoutcopy:4:299:835,4,0.647503774613142,9,0.015369195491075516,bnc_spoken,835,14,0.6628729701042175
D,D_C_43122,chck_90M,43122,C,heldout_natural_source_repeat,heldoutcopy:4:29:33127,4,0.4672027814667672,13,0.0036351096350699663,gutenberg,33127,21,0.47083789110183716
D,D_C_43122,chck_90M,43122,C,heldout_natural_source_repeat,heldoutcopy:4:2:245,4,3.1495971083641052,28,0.9077392220497131,bnc_spoken,245,54,4.057336330413818
D,D_C_43122,chck_90M,43122,C,heldout_natural_source_repeat,heldoutcopy:4:300:55468,4,4.407597154378891,8,0.18988457322120667,simple_wiki,55468,10,4.597481727600098
D,D_C_43122,chck_90M,43122,C,heldout_natural_source_repeat,heldoutcopy:4:301:23232,4,0.5578289616387337,10,0.002012015553191304,gutenberg,23232,16,0.559840977191925
D,D_C_43122,chck_90M,43122,C,heldout_natural_source_repeat,heldoutcopy:4:302:6035,4,2.8227766528725624,8,0.1198059543967247,childes,6035,11,2.942582607269287
D,D_C_43122,chck_90M,43122,C,heldout_natural_source_repeat,heldoutcopy:4:303:41316,4,0.28217887494247407,8,0.0010604002745822072,open_subtitles,41316,10,0.2832392752170563
D,D_C_43122,chck_90M,43122,C,heldout_natural_source_repeat,heldoutcopy:4:304:40070,4,0.17928424943238497,10,0.004870693199336529,open_subtitles,40070,16,0.1841549426317215
D,D_C_43122,chck_90M,43122,C,heldout_natural_source_repeat,heldoutcopy:4:305:17233,4,0.40145131130702794,8,0.003769793314859271,childes,17233,10,0.4052211046218872
D,D_C_43122,chck_90M,43122,C,heldout_natural_source_repeat,heldoutcopy:4:306:16915,4,3.168976290151477,8,0.01800467260181904,childes,16915,12,3.186980962753296
D,D_C_43122,chck_90M,43122,C,heldout_natural_source_repeat,heldoutcopy:4:307:40976,4,1.1706819534301758,9,8.205683708190918,open_subtitles,40976,15,9.376365661621094
D,D_C_43122,chck_90M,43122,C,heldout_natural_source_repeat,heldoutcopy:4:308:35196,4,7.744654059410095,8,1.4251219034194946,gutenberg,35196,10,9.16977596282959
D,D_C_43122,chck_90M,43122,C,heldout_natural_source_repeat,heldoutcopy:4:309:30904,4,7.443401802331209,16,0.024822723120450974,gutenberg,30904,26,7.46822452545166
D,D_C_43122,chck_90M,43122,C,heldout_natural_source_repeat,heldoutcopy:4:30:4873,4,3.3983667865395546,8,0.11835994571447372,childes,4873,10,3.5167267322540283
D,D_C_43122,chck_90M,43122,C,heldout_natural_source_repeat,heldoutcopy:4:310:11793,4,0.43233512341976166,9,0.13755525648593903,childes,11793,14,0.5698903799057007
D,D_C_43122,chck_90M,43122,C,heldout_natural_source_repeat,heldoutcopy:4:311:26364,4,4.847005099058151,9,0.20407655835151672,gutenberg,26364,15,5.051081657409668
D,D_C_43122,chck_90M,43122,C,heldout_natural_source_repeat,heldoutcopy:4:312:52435,4,7.819133162498474,8,0.2266479730606079,open_subtitles,52435,10,8.045781135559082
D,D_C_43122,chck_90M,43122,C,heldout_natural_source_repeat,heldoutcopy:4:313:15893,4,0.8571082870475948,8,0.0053537567146122456,childes,15893,11,0.862462043762207
D,D_C_43122,chck_90M,43122,C,heldout_natural_source_repeat,heldoutcopy:4:314:3748,4,7.983677916228771,14,0.04417414218187332,bnc_spoken,3748,23,8.027852058410645
D,D_C_43122,chck_90M,43122,C,heldout_natural_source_repeat,heldoutcopy:4:315:30345,4,9.242639407515526,14,0.12802709639072418,gutenberg,30345,23,9.37066650390625
D,D_C_43122,chck_90M,43122,C,heldout_natural_source_repeat,heldoutcopy:4:316:34295,4,2.165649389848113,14,0.026984477415680885,gutenberg,34295,23,2.192633867263794
D,D_C_43122,chck_90M,43122,C,heldout_natural_source_repeat,heldoutcopy:4:317:55399,4,0.5777775142341852,17,0.023371925577521324,simple_wiki,55399,27,0.6011494398117065
D,D_C_43122,chck_90M,43122,C,heldout_natural_source_repeat,heldoutcopy:4:318:17956,4,0.09913032874464989,8,0.0073995329439640045,childes,17956,11,0.10652986168861389
D,D_C_43122,chck_90M,43122,C,heldout_natural_source_repeat,heldoutcopy:4:319:7646,4,0.22356256906641647,9,0.0006694936309941113,childes,7646,15,0.22423206269741058
D,D_C_43122,chck_90M,43122,C,heldout_natural_source_repeat,heldoutcopy:4:31:24202,4,1.7787327766418457,8,0.04778575897216797,gutenberg,24202,11,1.8265185356140137
D,D_C_43122,chck_90M,43122,C,heldout_natural_source_repeat,heldoutcopy:4:320:39838,4,12.369228957220912,8,0.021588684991002083,open_subtitles,39838,11,12.390817642211914
D,D_C_43122,chck_90M,43122,C,heldout_natural_source_repeat,heldoutcopy:4:321:22154,4,3.540213420987129,8,0.02721373736858368,childes,22154,10,3.567427158355713
D,D_C_43122,chck_90M,43122,C,heldout_natural_source_repeat,heldoutcopy:4:322:24151,4,5.360238343477249,8,0.26774951815605164,gutenberg,24151,13,5.627987861633301
D,D_C_43122,chck_90M,43122,C,heldout_natural_source_repeat,heldoutcopy:4:323:46356,4,5.024050414562225,28,0.5762136578559875,open_subtitles,46356,47,5.600264072418213
D,D_C_43122,chck_90M,43122,C,heldout_natural_source_repeat,heldoutcopy:4:324:57505,4,0.040704235434532166,8,0.0627870112657547,simple_wiki,57505,11,0.10349124670028687
D,D_C_43122,chck_90M,43122,C,heldout_natural_source_repeat,heldoutcopy:4:325:17170,4,0.37297940254211426,22,0.6005069017410278,childes,17170,36,0.9734863042831421
D,D_C_43122,chck_90M,43122,C,heldout_natural_source_repeat,heldoutcopy:4:326:61691,4,0.32970993500202894,11,0.008092117495834827,simple_wiki,61691,17,0.33780205249786377
D,D_C_43122,chck_90M,43122,C,heldout_natural_source_repeat,heldoutcopy:4:327:21652,4,5.4970536436885595,11,0.024790743365883827,childes,21652,17,5.521844387054443
D,D_C_43122,chck_90M,43122,C,heldout_natural_source_repeat,heldoutcopy:4:328:22509,4,-3.933731932193041e-06,9,4.625213477993384e-05,childes,22509,15,4.23184028477408e-05
D,D_C_43122,chck_90M,43122,C,heldout_natural_source_repeat,heldoutcopy:4:329:12768,4,1.9605398392304778,8,0.0148949408903718,childes,12768,10,1.9754347801208496
D,D_C_43122,chck_90M,43122,C,heldout_natural_source_repeat,heldoutcopy:4:32:51788,4,2.452528715133667,9,2.5308635234832764,open_subtitles,51788,15,4.983392238616943
D,D_C_43122,chck_90M,43122,C,heldout_natural_source_repeat,heldoutcopy:4:330:3012,4,3.622320018708706,16,0.04591599851846695,bnc_spoken,3012,25,3.668236017227173
D,D_C_43122,chck_90M,43122,C,heldout_natural_source_repeat,heldoutcopy:4:331:60800,4,0.7082380400970578,8,0.010377849452197552,simple_wiki,60800,13,0.7186158895492554
D,D_C_43122,chck_90M,43122,C,heldout_natural_source_repeat,heldoutcopy:4:332:58108,4,5.812849771231413,12,0.030203569680452347,simple_wiki,58108,19,5.843053340911865
D,D_C_43122,chck_90M,43122,C,heldout_natural_source_repeat,heldoutcopy:4:333:413,4,0.4022650234401226,9,0.04751114919781685,bnc_spoken,413,15,0.44977617263793945
D,D_C_43122,chck_90M,43122,C,heldout_natural_source_repeat,heldoutcopy:4:334:21588,4,0.4188305828720331,9,0.00903376005589962,childes,21588,15,0.42786434292793274
D,D_C_43122,chck_90M,43122,C,heldout_natural_source_repeat,heldoutcopy:4:335:16081,4,4.855736076831818,8,0.42364662885665894,childes,16081,13,5.279382705688477
D,D_C_43122,chck_90M,43122,C,heldout_natural_source_repeat,heldoutcopy:4:336:56229,4,13.511671885848045,20,0.0678035169839859,simple_wiki,56229,32,13.579475402832031
D,D_C_43122,chck_90M,43122,C,heldout_natural_source_repeat,heldoutcopy:4:337:19946,4,2.8417933247983456,8,0.0204910971224308,childes,19946,12,2.8622844219207764
D,D_C_43122,chck_90M,43122,C,heldout_natural_source_repeat,heldoutcopy:4:338:52714,4,8.436637043952942,8,0.47316253185272217,open_subtitles,52714,10,8.909799575805664
D,D_C_43122,chck_90M,43122,C,heldout_natural_source_repeat,heldoutcopy:4:339:48884,4,1.0686843805015087,8,0.015373069792985916,open_subtitles,48884,10,1.0840574502944946
D,D_C_43122,chck_90M,43122,C,heldout_natural_source_repeat,heldoutcopy:4:33:58482,4,4.849522590637207,9,2.3043689727783203,simple_wiki,58482,14,7.153891563415527
D,D_C_43122,chck_90M,43122,C,heldout_natural_source_repeat,heldoutcopy:4:340:36580,4,4.6231438890099525,22,0.11349227279424667,gutenberg,36580,35,4.736636161804199
D,D_C_43122,chck_90M,43122,C,heldout_natural_source_repeat,heldoutcopy:4:341:16213,4,0.33524344861507416,11,0.04178600013256073,childes,16213,18,0.3770294487476349
D,D_C_43122,chck_90M,43122,C,heldout_natural_source_repeat,heldoutcopy:4:342:52771,4,6.035039782524109,8,0.46488916873931885,open_subtitles,52771,13,6.499928951263428
D,D_C_43122,chck_90M,43122,C,heldout_natural_source_repeat,heldoutcopy:4:343:13637,4,2.6681335531175137,9,0.027624789625406265,childes,13637,15,2.69575834274292
D,D_C_43122,chck_90M,43122,C,heldout_natural_source_repeat,heldoutcopy:4:344:56410,4,3.8088023643940687,17,0.021811487153172493,simple_wiki,56410,27,3.830613851547241
D,D_C_43122,chck_90M,43122,C,heldout_natural_source_repeat,heldoutcopy:4:345:40468,4,0.013486281037330627,11,0.005136745050549507,open_subtitles,40468,17,0.018623026087880135
D,D_C_43122,chck_90M,43122,C,heldout_natural_source_repeat,heldoutcopy:4:346:51380,4,6.574709268286824,12,0.016837267205119133,open_subtitles,51380,19,6.591546535491943
D,D_C_43122,chck_90M,43122,C,heldout_natural_source_repeat,heldoutcopy:4:347:35801,4,1.0668014958500862,17,0.06285899132490158,gutenberg,35801,28,1.1296604871749878
D,D_C_43122,chck_90M,43122,C,heldout_natural_source_repeat,heldoutcopy:4:348:46103,4,2.986905651167035,9,0.0053137969225645065,open_subtitles,46103,15,2.9922194480895996
D,D_C_43122,chck_90M,43122,C,heldout_natural_source_repeat,heldoutcopy:4:349:44740,4,0.2991085913963616,8,0.006169441621750593,open_subtitles,44740,11,0.3052780330181122
D,D_C_43122,chck_90M,43122,C,heldout_natural_source_repeat,heldoutcopy:4:34:22971,4,2.333073928952217,11,0.22616784274578094,gutenberg,22971,17,2.559241771697998
D,D_C_43122,chck_90M,43122,C,heldout_natural_source_repeat,heldoutcopy:4:350:12866,4,0.5353031903505325,9,0.15347890555858612,childes,12866,14,0.6887820959091187
D,D_C_43122,chck_90M,43122,C,heldout_natural_source_repeat,heldoutcopy:4:351:50967,4,9.187227368354797,8,0.3149222135543823,open_subtitles,50967,10,9.50214958190918
D,D_C_43122,chck_90M,43122,C,heldout_natural_source_repeat,heldoutcopy:4:352:18711,4,1.0974498726427555,9,0.033411409705877304,childes,18711,15,1.1308612823486328
D,D_C_43122,chck_90M,43122,C,heldout_natural_source_repeat,heldoutcopy:4:353:8263,4,13.45753051713109,8,0.023622971028089523,childes,8263,10,13.48115348815918
D,D_C_43122,chck_90M,43122,C,heldout_natural_source_repeat,heldoutcopy:4:354:23682,4,6.64356791973114,8,0.7167683839797974,gutenberg,23682,11,7.3603363037109375
D,D_C_43122,chck_90M,43122,C,heldout_natural_source_repeat,heldoutcopy:4:355:1293,4,2.8428804129362106,8,0.13426382839679718,bnc_spoken,1293,12,2.977144241333008
D,D_C_43122,chck_90M,43122,C,heldout_natural_source_repeat,heldoutcopy:4:356:57136,4,6.801953315734863,9,0.10472822189331055,simple_wiki,57136,14,6.906681537628174
D,D_C_43122,chck_90M,43122,C,heldout_natural_source_repeat,heldoutcopy:4:357:48853,4,3.3255857676267624,10,0.11828930675983429,open_subtitles,48853,16,3.4438750743865967
D,D_C_43122,chck_90M,43122,C,heldout_natural_source_repeat,heldoutcopy:4:358:23261,4,2.2396083176136017,19,0.22104975581169128,gutenberg,23261,31,2.460658073425293
D,D_C_43122,chck_90M,43122,C,heldout_natural_source_repeat,heldoutcopy:4:359:38672,4,1.8810993432998657,8,0.5569308996200562,open_subtitles,38672,10,2.438030242919922
D,D_C_43122,chck_90M,43122,C,heldout_natural_source_repeat,heldoutcopy:4:35:11799,4,1.1793997064232826,8,0.009450815618038177,childes,11799,12,1.1888505220413208
D,D_C_43122,chck_90M,43122,C,heldout_natural_source_repeat,heldoutcopy:4:360:32570,4,8.202750325202942,27,0.3613547086715698,gutenberg,32570,44,8.564105033874512
D,D_C_43122,chck_90M,43122,C,heldout_natural_source_repeat,heldoutcopy:4:361:52405,4,0.1412594560533762,27,0.0132115688174963,open_subtitles,52405,44,0.1544710248708725
D,D_C_43122,chck_90M,43122,C,heldout_natural_source_repeat,heldoutcopy:4:362:36758,4,9.721485793590546,28,0.01087123155593872,gutenberg,36758,45,9.732357025146484
D,D_C_43122,chck_90M,43122,C,heldout_natural_source_repeat,heldoutcopy:4:363:9937,4,0.08871201425790787,10,0.06229720264673233,childes,9937,16,0.1510092169046402
D,D_C_43122,chck_90M,43122,C,heldout_natural_source_repeat,heldoutcopy:4:364:46006,4,3.2358342111110687,8,0.2858997881412506,open_subtitles,46006,10,3.5217339992523193
D,D_C_43122,chck_90M,43122,C,heldout_natural_source_repeat,heldoutcopy:4:365:32750,4,4.459994122385979,21,0.10679741203784943,gutenberg,32750,34,4.566791534423828
D,D_C_43122,chck_90M,43122,C,heldout_natural_source_repeat,heldoutcopy:4:366:49219,4,0.42104311659932137,8,0.014288496226072311,open_subtitles,49219,13,0.4353316128253937
D,D_C_43122,chck_90M,43122,C,heldout_natural_source_repeat,heldoutcopy:4:367:45430,4,1.7118988037109375,8,3.8082237243652344,open_subtitles,45430,13,5.520122528076172
D,D_C_43122,chck_90M,43122,C,heldout_natural_source_repeat,heldoutcopy:4:368:46187,4,0.008216902613639832,22,0.013413896784186363,open_subtitles,46187,36,0.021630799397826195
D,D_C_43122,chck_90M,43122,C,heldout_natural_source_repeat,heldoutcopy:4:369:662,4,4.503502666950226,8,0.5577813982963562,bnc_spoken,662,11,5.061284065246582
D,D_C_43122,chck_90M,43122,C,heldout_natural_source_repeat,heldoutcopy:4:36:23001,4,7.449132575653493,18,0.013307915069162846,gutenberg,23001,29,7.462440490722656
D,D_C_43122,chck_90M,43122,C,heldout_natural_source_repeat,heldoutcopy:4:370:6730,4,6.861869463697076,8,0.027413716539740562,childes,6730,10,6.889283180236816
D,D_C_43122,chck_90M,43122,C,heldout_natural_source_repeat,heldoutcopy:4:371:18374,4,4.639368717558682,11,0.01217776071280241,childes,18374,17,4.651546478271484
D,D_C_43122,chck_90M,43122,C,heldout_natural_source_repeat,heldoutcopy:4:372:16215,4,2.7025310397148132,11,0.17017298936843872,childes,16215,17,2.872704029083252
D,D_C_43122,chck_90M,43122,C,heldout_natural_source_repeat,heldoutcopy:4:373:11547,4,0.0017069983878172934,19,0.0003091811086051166,childes,11547,31,0.00201617949642241
D,D_C_43122,chck_90M,43122,C,heldout_natural_source_repeat,heldoutcopy:4:374:11976,4,11.916803658008575,14,0.043469130992889404,childes,11976,23,11.960272789001465
D,D_C_43122,chck_90M,43122,C,heldout_natural_source_repeat,heldoutcopy:4:375:29620,4,0.05698764882981777,17,0.002430463209748268,gutenberg,29620,28,0.05941811203956604
D,D_C_43122,chck_90M,43122,C,heldout_natural_source_repeat,heldoutcopy:4:376:8187,4,8.667684674263,8,0.06865966320037842,childes,8187,12,8.736344337463379
D,D_C_43122,chck_90M,43122,C,heldout_natural_source_repeat,heldoutcopy:4:377:51977,4,0.9739744579419494,14,0.012583383359014988,open_subtitles,51977,22,0.9865578413009644
D,D_C_43122,chck_90M,43122,C,heldout_natural_source_repeat,heldoutcopy:4:378:21376,4,0.19585798820480704,8,0.0029439465142786503,childes,21376,13,0.1988019347190857
D,D_C_43122,chck_90M,43122,C,heldout_natural_source_repeat,heldoutcopy:4:379:11149,4,2.029633260332048,8,0.004385971464216709,childes,11149,13,2.0340192317962646
D,D_C_43122,chck_90M,43122,C,heldout_natural_source_repeat,heldoutcopy:4:37:6329,4,0.11973299481905997,13,0.0022878681775182486,childes,6329,21,0.12202086299657822
D,D_C_43122,chck_90M,43122,C,heldout_natural_source_repeat,heldoutcopy:4:380:31186,4,2.0974396504461765,8,0.0030490122735500336,gutenberg,31186,11,2.1004886627197266
D,D_C_43122,chck_90M,43122,C,heldout_natural_source_repeat,heldoutcopy:4:381:12195,4,5.884582079946995,8,0.07136102765798569,childes,12195,13,5.9559431076049805
D,D_C_43122,chck_90M,43122,C,heldout_natural_source_repeat,heldoutcopy:4:382:12502,4,3.3053250201046467,8,0.023188840597867966,childes,12502,12,3.3285138607025146
D,D_C_43122,chck_90M,43122,C,heldout_natural_source_repeat,heldoutcopy:4:383:52445,4,4.554310406092554,8,0.006682311650365591,open_subtitles,52445,11,4.56099271774292
D,D_C_43122,chck_90M,43122,C,heldout_natural_source_repeat,heldoutcopy:4:384:16427,4,0.595001108944416,8,0.10754471272230148,childes,16427,10,0.7025458216667175
D,D_C_43122,chck_90M,43122,C,heldout_natural_source_repeat,heldoutcopy:4:385:40415,4,5.847003772854805,10,0.031784698367118835,open_subtitles,40415,16,5.878788471221924
D,D_C_43122,chck_90M,43122,C,heldout_natural_source_repeat,heldoutcopy:4:386:42036,4,6.8976463209837675,8,0.013361083343625069,open_subtitles,42036,12,6.911007404327393
D,D_C_43122,chck_90M,43122,C,heldout_natural_source_repeat,heldoutcopy:4:387:20376,4,7.615511201322079,11,0.06652567535638809,childes,20376,18,7.682036876678467
D,D_C_43122,chck_90M,43122,C,heldout_natural_source_repeat,heldoutcopy:4:388:48463,4,6.964546866714954,8,0.08653288334608078,open_subtitles,48463,11,7.051079750061035
D,D_C_43122,chck_90M,43122,C,heldout_natural_source_repeat,heldoutcopy:4:389:15428,4,2.1636286452412605,8,0.12378089874982834,childes,15428,11,2.287409543991089
D,D_C_43122,chck_90M,43122,C,heldout_natural_source_repeat,heldoutcopy:4:38:61321,4,3.2894273214042187,20,0.027030427008867264,simple_wiki,61321,33,3.316457748413086
D,D_C_43122,chck_90M,43122,C,heldout_natural_source_repeat,heldoutcopy:4:390:8283,4,0.32595887780189514,8,0.03873443603515625,childes,8283,12,0.3646933138370514
D,D_C_43122,chck_90M,43122,C,heldout_natural_source_repeat,heldoutcopy:4:391:21620,4,7.425337791442871,8,3.792729377746582,childes,21620,12,11.218067169189453
D,D_C_43122,chck_90M,43122,C,heldout_natural_source_repeat,heldoutcopy:4:392:21512,4,0.0001308770770265255,8,4.708655978902243e-05,childes,21512,10,0.00017796363681554794
D,D_C_43122,chck_90M,43122,C,heldout_natural_source_repeat,heldoutcopy:4:393:42962,4,3.874499909579754,9,0.06765402108430862,open_subtitles,42962,14,3.9421539306640625
D,D_C_43122,chck_90M,43122,C,heldout_natural_source_repeat,heldoutcopy:4:394:12507,4,0.00019953085575252771,8,2.8013790142722428e-05,childes,12507,13,0.00022754464589525014
D,D_C_43122,chck_90M,43122,C,heldout_natural_source_repeat,heldoutcopy:4:395:51369,4,7.330721169710159,12,0.04394075274467468,open_subtitles,51369,19,7.374661922454834
D,D_C_43122,chck_90M,43122,C,heldout_natural_source_repeat,heldoutcopy:4:396:18874,4,1.8244841545820236,8,0.023911550641059875,childes,18874,11,1.8483957052230835
D,D_C_43122,chck_90M,43122,C,heldout_natural_source_repeat,heldoutcopy:4:397:29014,4,1.9009404331445694,11,0.02580486238002777,gutenberg,29014,17,1.9267452955245972
D,D_C_43122,chck_90M,43122,C,heldout_natural_source_repeat,heldoutcopy:4:398:6171,4,0.013945776037871838,8,0.001508289948105812,childes,6171,13,0.01545406598597765
D,D_C_43122,chck_90M,43122,C,heldout_natural_source_repeat,heldoutcopy:4:399:54953,4,7.693247728049755,12,0.08282572776079178,simple_wiki,54953,19,7.776073455810547
D,D_C_43122,chck_90M,43122,C,heldout_natural_source_repeat,heldoutcopy:4:39:14794,4,2.415155103430152,8,0.02991182543337345,childes,14794,11,2.4450669288635254
D,D_C_43122,chck_90M,43122,C,heldout_natural_source_repeat,heldoutcopy:4:3:40267,4,4.600591637194157,8,0.048354171216487885,open_subtitles,40267,12,4.6489458084106445
D,D_C_43122,chck_90M,43122,C,heldout_natural_source_repeat,heldoutcopy:4:400:62164,4,0.04494377435185015,8,0.0028347091283649206,simple_wiki,62164,13,0.04777848348021507
D,D_C_43122,chck_90M,43122,C,heldout_natural_source_repeat,heldoutcopy:4:401:11958,4,0.05556805548258126,8,0.0022670540492981672,childes,11958,13,0.057835109531879425
D,D_C_43122,chck_90M,43122,C,heldout_natural_source_repeat,heldoutcopy:4:402:2962,4,3.536164104938507,28,0.725115954875946,bnc_spoken,2962,51,4.261280059814453
D,D_C_43122,chck_90M,43122,C,heldout_natural_source_repeat,heldoutcopy:4:403:61979,4,8.498995071742684,8,0.0027196346782147884,simple_wiki,61979,11,8.501714706420898
D,D_C_43122,chck_90M,43122,C,heldout_natural_source_repeat,heldoutcopy:4:404:10763,4,4.1817194521427155,8,0.15488800406455994,childes,10763,13,4.336607456207275
D,D_C_43122,chck_90M,43122,C,heldout_natural_source_repeat,heldoutcopy:4:405:8499,4,0.2750926008448005,8,0.014519275166094303,childes,8499,10,0.2896118760108948
D,D_C_43122,chck_90M,43122,C,heldout_natural_source_repeat,heldoutcopy:4:406:37423,4,1.070544933900237,8,0.021162772551178932,gutenberg,37423,13,1.091707706451416
D,D_C_43122,chck_90M,43122,C,heldout_natural_source_repeat,heldoutcopy:4:407:57745,4,0.0011190320365130901,16,0.0028305486775934696,simple_wiki,57745,26,0.00394958071410656
D,D_C_43122,chck_90M,43122,C,heldout_natural_source_repeat,heldoutcopy:4:408:44711,4,1.661588822491467,10,0.011708940379321575,open_subtitles,44711,16,1.6732977628707886
D,D_C_43122,chck_90M,43122,C,heldout_natural_source_repeat,heldoutcopy:4:409:10737,4,0.212074666749686,9,0.0016279076226055622,childes,10737,15,0.21370257437229156
D,D_C_43122,chck_90M,43122,C,heldout_natural_source_repeat,heldoutcopy:4:40:49926,4,0.2381411585956812,10,0.01223876141011715,open_subtitles,49926,16,0.25037992000579834
D,D_C_43122,chck_90M,43122,C,heldout_natural_source_repeat,heldoutcopy:4:410:57934,4,0.0012649111449718475,15,0.021749082952737808,simple_wiki,57934,24,0.023013994097709656
D,D_C_43122,chck_90M,43122,C,heldout_natural_source_repeat,heldoutcopy:4:411:30996,4,0.16277754539623857,9,0.005067599471658468,gutenberg,30996,15,0.16784514486789703
D,D_C_43122,chck_90M,43122,C,heldout_natural_source_repeat,heldoutcopy:4:412:33453,4,10.545705862343311,8,0.06921189278364182,gutenberg,33453,10,10.614917755126953
D,D_C_43122,chck_90M,43122,C,heldout_natural_source_repeat,heldoutcopy:4:413:50679,4,4.844281353056431,8,0.06680091470479965,open_subtitles,50679,11,4.9110822677612305
D,D_C_43122,chck_90M,43122,C,heldout_natural_source_repeat,heldoutcopy:4:414:26998,4,2.876729537732899,22,0.008700321428477764,gutenberg,26998,35,2.885429859161377
D,D_C_43122,chck_90M,43122,C,heldout_natural_source_repeat,heldoutcopy:4:415:35590,4,0.014840899500995874,14,0.006588877644389868,gutenberg,35590,23,0.021429777145385742
D,D_C_43122,chck_90M,43122,C,heldout_natural_source_repeat,heldoutcopy:4:416:59600,4,1.6401433050632477,19,0.49964532256126404,simple_wiki,59600,31,2.1397886276245117
D,D_C_43122,chck_90M,43122,C,heldout_natural_source_repeat,heldoutcopy:4:417:50164,4,7.279295399785042,9,0.03435854613780975,open_subtitles,50164,15,7.313653945922852
D,D_C_43122,chck_90M,43122,C,heldout_natural_source_repeat,heldoutcopy:4:418:26196,4,8.514326471835375,13,0.04444180056452751,gutenberg,26196,21,8.558768272399902
D,D_C_43122,chck_90M,43122,C,heldout_natural_source_repeat,heldoutcopy:4:419:4819,4,10.660844273865223,22,0.025825075805187225,childes,4819,36,10.68666934967041
D,D_C_43122,chck_90M,43122,C,heldout_natural_source_repeat,heldoutcopy:4:41:48631,4,0.7471547015011311,8,0.034054648131132126,open_subtitles,48631,13,0.7812093496322632
D,D_C_43122,chck_90M,43122,C,heldout_natural_source_repeat,heldoutcopy:4:420:33776,4,0.6243149880319834,28,0.004044448956847191,gutenberg,33776,53,0.6283594369888306
D,D_C_43122,chck_90M,43122,C,heldout_natural_source_repeat,heldoutcopy:4:421:26505,4,5.664065837860107,9,4.081758975982666,gutenberg,26505,14,9.745824813842773
D,D_C_43122,chck_90M,43122,C,heldout_natural_source_repeat,heldoutcopy:4:422:593,4,5.403189165517688,8,0.015514867380261421,bnc_spoken,593,12,5.418704032897949
D,D_C_43122,chck_90M,43122,C,heldout_natural_source_repeat,heldoutcopy:4:423:61123,4,7.199594859499484,9,0.007201309781521559,simple_wiki,61123,14,7.206796169281006
D,D_C_43122,chck_90M,43122,C,heldout_natural_source_repeat,heldoutcopy:4:424:24837,4,2.470884540118277,11,0.00882770773023367,gutenberg,24837,18,2.4797122478485107
D,D_C_43122,chck_90M,43122,C,heldout_natural_source_repeat,heldoutcopy:4:425:53020,4,13.595003958791494,14,0.04955208674073219,simple_wiki,53020,23,13.644556045532227
D,D_C_43122,chck_90M,43122,C,heldout_natural_source_repeat,heldoutcopy:4:426:33193,4,0.7986149741336703,8,0.006302599795162678,gutenberg,33193,13,0.804917573928833
D,D_C_43122,chck_90M,43122,C,heldout_natural_source_repeat,heldoutcopy:4:427:2163,4,6.249138504266739,8,0.4383490979671478,bnc_spoken,2163,11,6.687487602233887
D,D_C_43122,chck_90M,43122,C,heldout_natural_source_repeat,heldoutcopy:4:428:33551,4,9.394464254379272,12,1.7999212741851807,gutenberg,33551,19,11.194385528564453
D,D_C_43122,chck_90M,43122,C,heldout_natural_source_repeat,heldoutcopy:4:429:36967,4,5.418943174183369,8,0.013736478984355927,gutenberg,36967,10,5.432679653167725
D,D_C_43122,chck_90M,43122,C,heldout_natural_source_repeat,heldoutcopy:4:42:30689,4,7.782346606254578,8,1.2408486604690552,gutenberg,30689,11,9.023195266723633
D,D_C_43122,chck_90M,43122,C,heldout_natural_source_repeat,heldoutcopy:4:430:734,4,1.2232292031985708,8,0.0007371568935923278,bnc_spoken,734,11,1.223966360092163
D,D_C_43122,chck_90M,43122,C,heldout_natural_source_repeat,heldoutcopy:4:431:50417,4,10.797115325927734,9,0.8537836074829102,open_subtitles,50417,14,11.650898933410645
D,D_C_43122,chck_90M,43122,C,heldout_natural_source_repeat,heldoutcopy:4:432:14489,4,6.32172018289566,8,0.5766085982322693,childes,14489,10,6.89832878112793
D,D_C_43122,chck_90M,43122,C,heldout_natural_source_repeat,heldoutcopy:4:433:52924,4,0.07670637517003343,8,0.0009717986104078591,simple_wiki,52924,10,0.07767817378044128
D,D_C_43122,chck_90M,43122,C,heldout_natural_source_repeat,heldoutcopy:4:434:20331,4,7.152525540732313e-07,8,3.814689989667386e-06,childes,20331,13,4.529942543740617e-06
D,D_C_43122,chck_90M,43122,C,heldout_natural_source_repeat,heldoutcopy:4:435:618,4,4.11352115124464,28,0.07866806536912918,bnc_spoken,618,46,4.1921892166137695
D,D_C_43122,chck_90M,43122,C,heldout_natural_source_repeat,heldoutcopy:4:436:7806,4,3.0593524053692818,9,0.11010836809873581,childes,7806,15,3.1694607734680176
D,D_C_43122,chck_90M,43122,C,heldout_natural_source_repeat,heldoutcopy:4:437:20063,4,0.021439045667648315,12,0.0184364952147007,childes,20063,20,0.039875540882349014
D,D_C_43122,chck_90M,43122,C,heldout_natural_source_repeat,heldoutcopy:4:438:18225,4,4.428154356777668,8,0.026639096438884735,childes,18225,12,4.454793453216553
D,D_C_43122,chck_90M,43122,C,heldout_natural_source_repeat,heldoutcopy:4:439:2204,4,7.911799430847168,8,2.8431787490844727,bnc_spoken,2204,13,10.75497817993164
D,D_C_43122,chck_90M,43122,C,heldout_natural_source_repeat,heldoutcopy:4:43:22560,4,8.180046081542969,12,1.1715984344482422,gutenberg,22560,19,9.351644515991211
D,D_C_43122,chck_90M,43122,C,heldout_natural_source_repeat,heldoutcopy:4:440:6015,4,1.895463913679123,13,0.18232348561286926,childes,6015,21,2.077787399291992
D,D_C_43122,chck_90M,43122,C,heldout_natural_source_repeat,heldoutcopy:4:441:59625,4,0.004174191504716873,19,0.012775599956512451,simple_wiki,59625,31,0.016949791461229324
D,D_C_43122,chck_90M,43122,C,heldout_natural_source_repeat,heldoutcopy:4:442:21982,4,0.00046787109749857336,9,7.497983460780233e-05,childes,21982,14,0.0005428509321063757
D,D_C_43122,chck_90M,43122,C,heldout_natural_source_repeat,heldoutcopy:4:443:25850,4,5.287559539079666,11,0.27307602763175964,gutenberg,25850,18,5.560635566711426
D,D_C_43122,chck_90M,43122,C,heldout_natural_source_repeat,heldoutcopy:4:444:6376,4,6.305897659331094e-05,8,1.1920858014491387e-05,childes,6376,10,7.497983460780233e-05
D,D_C_43122,chck_90M,43122,C,heldout_natural_source_repeat,heldoutcopy:4:445:26621,4,7.752581015229225,25,0.12939082086086273,gutenberg,26621,40,7.881971836090088
D,D_C_43122,chck_90M,43122,C,heldout_natural_source_repeat,heldoutcopy:4:446:43944,4,4.316366195678711,17,0.8406329154968262,open_subtitles,43944,27,5.156999111175537
D,D_C_43122,chck_90M,43122,C,heldout_natural_source_repeat,heldoutcopy:4:447:2458,4,4.736758232116699,11,8.583396911621094,bnc_spoken,2458,17,13.320155143737793
D,D_C_43122,chck_90M,43122,C,heldout_natural_source_repeat,heldoutcopy:4:448:27928,4,0.5467481538653374,15,0.04669392853975296,gutenberg,27928,24,0.5934420824050903
D,D_C_43122,chck_90M,43122,C,heldout_natural_source_repeat,heldoutcopy:4:449:48353,4,0.18840809306129813,12,0.005707396660000086,open_subtitles,48353,20,0.19411548972129822
D,D_C_43122,chck_90M,43122,C,heldout_natural_source_repeat,heldoutcopy:4:44:10694,4,0.858611574396491,8,0.0158547256141901,childes,10694,10,0.8744663000106812
D,D_C_43122,chck_90M,43122,C,heldout_natural_source_repeat,heldoutcopy:4:450:5113,4,0.9381479173898697,22,0.18693982064723969,childes,5113,36,1.1250877380371094
D,D_C_43122,chck_90M,43122,C,heldout_natural_source_repeat,heldoutcopy:4:451:20569,4,0.001994768390432,8,0.00029666791670024395,childes,20569,10,0.002291436307132244
D,D_C_43122,chck_90M,43122,C,heldout_natural_source_repeat,heldoutcopy:4:452:32006,4,3.619203343987465,10,0.05791948735713959,gutenberg,32006,16,3.6771228313446045
D,D_C_43122,chck_90M,43122,C,heldout_natural_source_repeat,heldoutcopy:4:453:13635,4,2.426422692835331,8,0.0877014622092247,childes,13635,11,2.5141241550445557
D,D_C_43122,chck_90M,43122,C,heldout_natural_source_repeat,heldoutcopy:4:454:36076,4,8.024387180805206,21,0.17856043577194214,gutenberg,36076,34,8.202947616577148
D,D_C_43122,chck_90M,43122,C,heldout_natural_source_repeat,heldoutcopy:4:455:38736,4,1.2470321748405695,8,0.02684592269361019,open_subtitles,38736,13,1.2738780975341797
D,D_C_43122,chck_90M,43122,C,heldout_natural_source_repeat,heldoutcopy:4:456:21251,4,4.742187738418579,10,0.3325388431549072,childes,21251,16,5.074726581573486
D,D_C_43122,chck_90M,43122,C,heldout_natural_source_repeat,heldoutcopy:4:457:8587,4,0.5944803077727556,8,0.021414725109934807,childes,8587,10,0.6158950328826904
D,D_C_43122,chck_90M,43122,C,heldout_natural_source_repeat,heldoutcopy:4:458:57238,4,8.58625831734389,12,0.0056091295555233955,simple_wiki,57238,19,8.591867446899414
D,D_C_43122,chck_90M,43122,C,heldout_natural_source_repeat,heldoutcopy:4:459:21940,4,0.9295924641191959,8,0.04401114210486412,childes,21940,13,0.9736036062240601
D,D_C_43122,chck_90M,43122,C,heldout_natural_source_repeat,heldoutcopy:4:45:40690,4,4.919216485694051,8,0.0038038771599531174,open_subtitles,40690,11,4.923020362854004
D,D_C_43122,chck_90M,43122,C,heldout_natural_source_repeat,heldoutcopy:4:460:8054,4,4.27116721868515,9,0.2822614312171936,childes,8054,14,4.553428649902344
D,D_C_43122,chck_90M,43122,C,heldout_natural_source_repeat,heldoutcopy:4:461:46237,4,1.346265010535717,10,0.02078957110643387,open_subtitles,46237,16,1.3670545816421509
D,D_C_43122,chck_90M,43122,C,heldout_natural_source_repeat,heldoutcopy:4:462:49126,4,0.8751539196819067,8,0.023154595866799355,open_subtitles,49126,10,0.898308515548706
D,D_C_43122,chck_90M,43122,C,heldout_natural_source_repeat,heldoutcopy:4:463:41975,4,12.119160743430257,22,0.029121307656168938,open_subtitles,41975,36,12.148282051086426
D,D_C_43122,chck_90M,43122,C,heldout_natural_source_repeat,heldoutcopy:4:464:14589,4,1.146666169166565,8,0.7182803153991699,childes,14589,10,1.8649464845657349
D,D_C_43122,chck_90M,43122,C,heldout_natural_source_repeat,heldoutcopy:4:465:29641,4,8.221563071012497,22,0.07245853543281555,gutenberg,29641,35,8.294021606445312
D,D_C_43122,chck_90M,43122,C,heldout_natural_source_repeat,heldoutcopy:4:466:17748,4,3.8849075734615326,14,0.2076188623905182,childes,17748,22,4.092526435852051
D,D_C_43122,chck_90M,43122,C,heldout_natural_source_repeat,heldoutcopy:4:467:32194,4,0.17170298099517822,24,0.1471005082130432,gutenberg,32194,38,0.31880348920822144
D,D_C_43122,chck_90M,43122,C,heldout_natural_source_repeat,heldoutcopy:4:468:39681,4,0.3320982304867357,9,0.0038691910449415445,open_subtitles,39681,15,0.33596742153167725
D,D_C_43122,chck_90M,43122,C,heldout_natural_source_repeat,heldoutcopy:4:469:25484,4,1.0052928924560547,17,4.748482704162598,gutenberg,25484,27,5.753775596618652
D,D_C_43122,chck_90M,43122,C,heldout_natural_source_repeat,heldoutcopy:4:46:12163,4,4.018166422843933,8,1.1374965906143188,childes,12163,13,5.155663013458252
D,D_C_43122,chck_90M,43122,C,heldout_natural_source_repeat,heldoutcopy:4:470:59579,4,6.334831804037094,8,0.3843673765659332,simple_wiki,59579,13,6.719199180603027
D,D_C_43122,chck_90M,43122,C,heldout_natural_source_repeat,heldoutcopy:4:471:11814,4,7.831143739167601e-05,8,7.664863369427621e-05,childes,11814,12,0.00015496007108595222
D,D_C_43122,chck_90M,43122,C,heldout_natural_source_repeat,heldoutcopy:4:472:54910,4,0.06683588842861354,10,0.0005471401382237673,simple_wiki,54910,16,0.06738302856683731
D,D_C_43122,chck_90M,43122,C,heldout_natural_source_repeat,heldoutcopy:4:473:59915,4,10.895422736182809,8,0.020508965477347374,simple_wiki,59915,11,10.915931701660156
D,D_C_43122,chck_90M,43122,C,heldout_natural_source_repeat,heldoutcopy:4:474:26831,4,5.007651809602976,24,0.03346490487456322,gutenberg,26831,38,5.041116714477539
D,D_C_43122,chck_90M,43122,C,heldout_natural_source_repeat,heldoutcopy:4:475:10741,4,0.25292844977229834,9,0.009044156409800053,childes,10741,15,0.2619726061820984
D,D_C_43122,chck_90M,43122,C,heldout_natural_source_repeat,heldoutcopy:4:476:28818,4,1.632499661296606,28,0.04037049785256386,gutenberg,28818,48,1.67287015914917
D,D_C_43122,chck_90M,43122,C,heldout_natural_source_repeat,heldoutcopy:4:477:47644,4,2.773020327091217,8,0.2703997492790222,open_subtitles,47644,10,3.0434200763702393
D,D_C_43122,chck_90M,43122,C,heldout_natural_source_repeat,heldoutcopy:4:478:31508,4,3.528698742389679,13,0.06800144910812378,gutenberg,31508,21,3.5967001914978027
D,D_C_43122,chck_90M,43122,C,heldout_natural_source_repeat,heldoutcopy:4:479:36426,4,0.5357972458004951,21,0.009853415191173553,gutenberg,36426,34,0.5456506609916687
D,D_C_43122,chck_90M,43122,C,heldout_natural_source_repeat,heldoutcopy:4:47:14405,4,8.894770607352257,8,0.2238464504480362,childes,14405,12,9.118617057800293
D,D_C_43122,chck_90M,43122,C,heldout_natural_source_repeat,heldoutcopy:4:480:51855,4,9.579082746058702,8,0.053889017552137375,open_subtitles,51855,11,9.63297176361084
D,D_C_43122,chck_90M,43122,C,heldout_natural_source_repeat,heldoutcopy:4:481:62312,4,4.834258712828159,8,0.10479005426168442,simple_wiki,62312,10,4.939048767089844
D,D_C_43122,chck_90M,43122,C,heldout_natural_source_repeat,heldoutcopy:4:482:27603,4,6.136640250682831,28,0.7906568646430969,gutenberg,27603,49,6.927297115325928
D,D_C_43122,chck_90M,43122,C,heldout_natural_source_repeat,heldoutcopy:4:483:50134,4,5.84250183776021,8,0.04730014130473137,open_subtitles,50134,12,5.889801979064941
D,D_C_43122,chck_90M,43122,C,heldout_natural_source_repeat,heldoutcopy:4:484:4244,4,6.548243265599012,8,0.013376493006944656,bnc_spoken,4244,13,6.561619758605957
D,D_C_43122,chck_90M,43122,C,heldout_natural_source_repeat,heldoutcopy:4:485:50422,4,7.701635666191578,12,0.009865455329418182,open_subtitles,50422,19,7.711501121520996
D,D_C_43122,chck_90M,43122,C,heldout_natural_source_repeat,heldoutcopy:4:486:52213,4,3.572491057217121,8,0.0977846309542656,open_subtitles,52213,12,3.6702756881713867
D,D_C_43122,chck_90M,43122,C,heldout_natural_source_repeat,heldoutcopy:4:487:1949,4,2.4831244945526123,28,1.5940077304840088,bnc_spoken,1949,54,4.077132225036621
D,D_C_43122,chck_90M,43122,C,heldout_natural_source_repeat,heldoutcopy:4:488:45325,4,1.9987659668549895,9,0.008503892458975315,open_subtitles,45325,15,2.007269859313965
D,D_C_43122,chck_90M,43122,C,heldout_natural_source_repeat,heldoutcopy:4:489:12192,4,0.0011235011770622805,8,0.00022194306075107306,childes,12192,11,0.0013454442378133535
D,D_C_43122,chck_90M,43122,C,heldout_natural_source_repeat,heldoutcopy:4:48:8343,4,0.011281495913863182,22,0.027158169075846672,childes,8343,36,0.038439664989709854
D,D_C_43122,chck_90M,43122,C,heldout_natural_source_repeat,heldoutcopy:4:490:9729,4,0.6053981781005859,8,8.11176586151123,childes,9729,10,8.717164039611816
D,D_C_43122,chck_90M,43122,C,heldout_natural_source_repeat,heldoutcopy:4:491:31673,4,0.48128213454037905,16,0.009656975977122784,gutenberg,31673,25,0.49093911051750183
D,D_C_43122,chck_90M,43122,C,heldout_natural_source_repeat,heldoutcopy:4:492:27435,4,0.13773336820304394,8,0.012303056195378304,gutenberg,27435,10,0.15003642439842224
D,D_C_43122,chck_90M,43122,C,heldout_natural_source_repeat,heldoutcopy:4:493:19194,4,0.15165372285991907,8,0.0015538772568106651,childes,19194,11,0.15320760011672974
D,D_C_43122,chck_90M,43122,C,heldout_natural_source_repeat,heldoutcopy:4:494:2455,4,3.5792217552661896,23,0.06727191805839539,bnc_spoken,2455,37,3.646493673324585
D,D_C_43122,chck_90M,43122,C,heldout_natural_source_repeat,heldoutcopy:4:495:59343,4,1.858610361814499,11,0.36162474751472473,simple_wiki,59343,17,2.2202351093292236
D,D_C_43122,chck_90M,43122,C,heldout_natural_source_repeat,heldoutcopy:4:496:26155,4,6.387591242790222,17,0.1361328363418579,gutenberg,26155,28,6.52372407913208
D,D_C_43122,chck_90M,43122,C,heldout_natural_source_repeat,heldoutcopy:4:497:19287,4,5.188492074608803,28,0.16137097775936127,childes,19287,46,5.349863052368164
D,D_C_43122,chck_90M,43122,C,heldout_natural_source_repeat,heldoutcopy:4:498:51356,4,0.3060496002435684,12,0.17144320905208588,open_subtitles,51356,19,0.4774928092956543
D,D_C_43122,chck_90M,43122,C,heldout_natural_source_repeat,heldoutcopy:4:499:32457,4,0.4577234024181962,17,0.00916901882737875,gutenberg,32457,28,0.46689242124557495
D,D_C_43122,chck_90M,43122,C,heldout_natural_source_repeat,heldoutcopy:4:49:14477,4,0.72617968916893,11,0.08890160918235779,childes,14477,17,0.8150812983512878
D,D_C_43122,chck_90M,43122,C,heldout_natural_source_repeat,heldoutcopy:4:4:29592,4,5.794523537158966,20,0.2069832682609558,gutenberg,29592,32,6.001506805419922
D,D_C_43122,chck_90M,43122,C,heldout_natural_source_repeat,heldoutcopy:4:500:33621,4,0.9265563301742077,11,0.004701156169176102,gutenberg,33621,17,0.9312574863433838
D,D_C_43122,chck_90M,43122,C,heldout_natural_source_repeat,heldoutcopy:4:501:7788,4,2.768825624138117,8,0.024564649909734726,childes,7788,10,2.7933902740478516
D,D_C_43122,chck_90M,43122,C,heldout_natural_source_repeat,heldoutcopy:4:502:27969,4,8.897067070007324,8,2.122591972351074,gutenberg,27969,11,11.019659042358398
D,D_C_43122,chck_90M,43122,C,heldout_natural_source_repeat,heldoutcopy:4:503:24636,4,5.229785695672035,28,0.17189954221248627,gutenberg,24636,48,5.4016852378845215
D,D_C_43122,chck_90M,43122,C,heldout_natural_source_repeat,heldoutcopy:4:504:13925,4,6.107183555141091,8,0.014167210087180138,childes,13925,12,6.1213507652282715
D,D_C_43122,chck_90M,43122,C,heldout_natural_source_repeat,heldoutcopy:4:505:42046,4,6.184635609388351,8,0.10670998692512512,open_subtitles,42046,10,6.291345596313477
D,D_C_43122,chck_90M,43122,C,heldout_natural_source_repeat,heldoutcopy:4:506:38597,4,3.2177119851112366,8,0.5533224940299988,open_subtitles,38597,12,3.7710344791412354
D,D_C_43122,chck_90M,43122,C,heldout_natural_source_repeat,heldoutcopy:4:507:50496,4,1.860475769964978,24,0.0033072319347411394,open_subtitles,50496,38,1.8637830018997192
D,D_C_43122,chck_90M,43122,C,heldout_natural_source_repeat,heldoutcopy:4:508:41831,4,2.6772669814527035,8,0.048616740852594376,open_subtitles,41831,10,2.725883722305298
D,D_C_43122,chck_90M,43122,C,heldout_natural_source_repeat,heldoutcopy:4:509:52138,4,7.525398015975952,11,1.1356890201568604,open_subtitles,52138,17,8.661087036132812
D,D_C_43122,chck_90M,43122,C,heldout_natural_source_repeat,heldoutcopy:4:50:49825,4,8.800146520137787,8,0.27044159173965454,open_subtitles,49825,11,9.070588111877441
D,D_C_43122,chck_90M,43122,C,heldout_natural_source_repeat,heldoutcopy:4:510:2514,4,5.9827297776937485,11,0.046423569321632385,bnc_spoken,2514,18,6.029153347015381
D,D_C_43122,chck_90M,43122,C,heldout_natural_source_repeat,heldoutcopy:4:511:27073,4,0.08234350942075253,28,0.016930336132645607,gutenberg,27073,54,0.09927384555339813
D,D_C_43122,chck_90M,43122,C,heldout_natural_source_repeat,heldoutcopy:4:512:57715,4,0.005571320652961731,25,0.004512128420174122,simple_wiki,57715,40,0.010083449073135853
D,D_C_43122,chck_90M,43122,C,heldout_natural_source_repeat,heldoutcopy:4:513:53390,4,10.905052058398724,8,0.040365345776081085,simple_wiki,53390,12,10.945417404174805
D,D_C_43122,chck_90M,43122,C,heldout_natural_source_repeat,heldoutcopy:4:514:32754,4,5.311177641153336,9,0.21276435256004333,gutenberg,32754,15,5.523941993713379
D,D_C_43122,chck_90M,43122,C,heldout_natural_source_repeat,heldoutcopy:4:515:13887,4,0.14008482662029564,9,0.0034445736091583967,childes,13887,14,0.14352940022945404
D,D_C_43122,chck_90M,43122,C,heldout_natural_source_repeat,heldoutcopy:4:516:55544,4,1.2998782582581043,14,0.0522063784301281,simple_wiki,55544,22,1.3520846366882324
D,D_C_43122,chck_90M,43122,C,heldout_natural_source_repeat,heldoutcopy:4:517:14378,4,2.751750746741891,8,0.02311464212834835,childes,14378,11,2.7748653888702393
D,D_C_43122,chck_90M,43122,C,heldout_natural_source_repeat,heldoutcopy:4:518:60276,4,3.2496609520167112,20,0.009784476831555367,simple_wiki,60276,33,3.2594454288482666
D,D_C_43122,chck_90M,43122,C,heldout_natural_source_repeat,heldoutcopy:4:519:56373,4,-0.0024526268243789673,9,0.007760257460176945,simple_wiki,56373,14,0.0053076306357979774
D,D_C_43122,chck_90M,43122,C,heldout_natural_source_repeat,heldoutcopy:4:51:43292,4,3.5301429461687803,11,0.02121599204838276,open_subtitles,43292,18,3.551358938217163
D,D_C_43122,chck_90M,43122,C,heldout_natural_source_repeat,heldoutcopy:4:520:33118,4,0.22979119420051575,14,0.04253789782524109,gutenberg,33118,23,0.27232909202575684
D,D_C_43122,chck_90M,43122,C,heldout_natural_source_repeat,heldoutcopy:4:521:2365,4,0.9823851585388184,9,3.069640636444092,bnc_spoken,2365,14,4.05202579498291
D,D_C_43122,chck_90M,43122,C,heldout_natural_source_repeat,heldoutcopy:4:522:54637,4,0.0958980516588781,14,0.0004334702098276466,simple_wiki,54637,23,0.09633152186870575
D,D_C_43122,chck_90M,43122,C,heldout_natural_source_repeat,heldoutcopy:4:523:58440,4,8.55057480931282,10,0.436125248670578,simple_wiki,58440,16,8.986700057983398
D,D_C_43122,chck_90M,43122,C,heldout_natural_source_repeat,heldoutcopy:4:524:38716,4,5.760731723159552,8,0.03399369493126869,open_subtitles,38716,12,5.79472541809082
D,D_C_43122,chck_90M,43122,C,heldout_natural_source_repeat,heldoutcopy:4:525:40240,4,1.1502630934119225,11,0.06560585647821426,open_subtitles,40240,17,1.2158689498901367
D,D_C_43122,chck_90M,43122,C,heldout_natural_source_repeat,heldoutcopy:4:526:6219,4,1.7035168558359146,8,0.1923886388540268,childes,6219,10,1.8959054946899414
D,D_C_43122,chck_90M,43122,C,heldout_natural_source_repeat,heldoutcopy:4:527:39518,4,0.11846771091222763,8,0.03793468326330185,open_subtitles,39518,10,0.15640239417552948
D,D_C_43122,chck_90M,43122,C,heldout_natural_source_repeat,heldoutcopy:4:528:14738,4,2.219552516937256,11,4.79097318649292,childes,14738,17,7.010525703430176
D,D_C_43122,chck_90M,43122,C,heldout_natural_source_repeat,heldoutcopy:4:529:6556,4,5.445111315697432,8,0.05006881430745125,childes,6556,10,5.495180130004883
D,D_C_43122,chck_90M,43122,C,heldout_natural_source_repeat,heldoutcopy:4:52:17801,4,11.217544510960579,8,0.23537258803844452,childes,17801,12,11.452917098999023
D,D_C_43122,chck_90M,43122,C,heldout_natural_source_repeat,heldoutcopy:4:530:47621,4,9.355324476957321,8,0.37217071652412415,open_subtitles,47621,11,9.727495193481445
D,D_C_43122,chck_90M,43122,C,heldout_natural_source_repeat,heldoutcopy:4:531:26672,4,9.981913089752197,20,0.34692811965942383,gutenberg,26672,32,10.328841209411621
D,D_C_43122,chck_90M,43122,C,heldout_natural_source_repeat,heldoutcopy:4:532:18142,4,10.11641183681786,8,0.025349942967295647,childes,18142,10,10.141761779785156
D,D_C_43122,chck_90M,43122,C,heldout_natural_source_repeat,heldoutcopy:4:533:33915,4,5.035245556384325,28,0.007955413311719894,gutenberg,33915,46,5.043200969696045
D,D_C_43122,chck_90M,43122,C,heldout_natural_source_repeat,heldoutcopy:4:534:37154,4,2.4208358973264694,9,0.0681653767824173,gutenberg,37154,14,2.4890012741088867
D,D_C_43122,chck_90M,43122,C,heldout_natural_source_repeat,heldoutcopy:4:535:25475,4,5.50929532200098,8,0.04878535121679306,gutenberg,25475,13,5.558080673217773
D,D_C_43122,chck_90M,43122,C,heldout_natural_source_repeat,heldoutcopy:4:536:59165,4,2.0817574858665466,9,0.08409124612808228,simple_wiki,59165,15,2.165848731994629
D,D_C_43122,chck_90M,43122,C,heldout_natural_source_repeat,heldoutcopy:4:537:6076,4,0.36222274601459503,8,0.006676390767097473,childes,6076,11,0.3688991367816925
D,D_C_43122,chck_90M,43122,C,heldout_natural_source_repeat,heldoutcopy:4:538:1152,4,0.016032080864533782,10,0.0020509178284555674,bnc_spoken,1152,16,0.01808299869298935
D,D_C_43122,chck_90M,43122,C,heldout_natural_source_repeat,heldoutcopy:4:539:21416,4,0.2678307220339775,8,0.011585809290409088,childes,21416,10,0.2794165313243866
D,D_C_43122,chck_90M,43122,C,heldout_natural_source_repeat,heldoutcopy:4:53:53263,4,0.39129963517189026,10,0.01847347617149353,simple_wiki,53263,16,0.4097731113433838
D,D_C_43122,chck_90M,43122,C,heldout_natural_source_repeat,heldoutcopy:4:540:55271,4,7.502219870686531,14,0.24396924674510956,simple_wiki,55271,22,7.746189117431641
D,D_C_43122,chck_90M,43122,C,heldout_natural_source_repeat,heldoutcopy:4:541:25540,4,0.7460067868232727,14,0.33342236280441284,gutenberg,25540,23,1.0794291496276855
D,D_C_43122,chck_90M,43122,C,heldout_natural_source_repeat,heldoutcopy:4:542:14952,4,4.988827457651496,8,0.023924121633172035,childes,14952,10,5.012751579284668
D,D_C_43122,chck_90M,43122,C,heldout_natural_source_repeat,heldoutcopy:4:543:46951,4,0.7404109835624695,9,0.01632559299468994,open_subtitles,46951,15,0.7567365765571594
D,D_C_43122,chck_90M,43122,C,heldout_natural_source_repeat,heldoutcopy:4:544:38435,4,0.1547275297343731,28,0.03824256733059883,gutenberg,38435,49,0.19297009706497192
D,D_C_43122,chck_90M,43122,C,heldout_natural_source_repeat,heldoutcopy:4:545:42181,4,2.615920275449753,12,0.35918930172920227,open_subtitles,42181,20,2.975109577178955
D,D_C_43122,chck_90M,43122,C,heldout_natural_source_repeat,heldoutcopy:4:546:52617,4,1.1954900324344635,8,0.24211236834526062,open_subtitles,52617,10,1.4376024007797241
D,D_C_43122,chck_90M,43122,C,heldout_natural_source_repeat,heldoutcopy:4:547:6726,4,4.270370587706566,22,0.1409863382577896,childes,6726,36,4.4113569259643555
D,D_C_43122,chck_90M,43122,C,heldout_natural_source_repeat,heldoutcopy:4:548:41740,4,3.031405441928655,8,0.005666739773005247,open_subtitles,41740,10,3.03707218170166
D,D_C_43122,chck_90M,43122,C,heldout_natural_source_repeat,heldoutcopy:4:549:30084,4,8.189375709742308,8,0.05252664163708687,gutenberg,30084,10,8.241902351379395
D,D_C_43122,chck_90M,43122,C,heldout_natural_source_repeat,heldoutcopy:4:54:34920,4,0.08404226298443973,24,0.002604427980259061,gutenberg,34920,38,0.08664669096469879
D,D_C_43122,chck_90M,43122,C,heldout_natural_source_repeat,heldoutcopy:4:550:11056,4,2.5508965336484835e-05,8,5.864924969500862e-05,childes,11056,11,8.415821503149346e-05
D,D_C_43122,chck_90M,43122,C,heldout_natural_source_repeat,heldoutcopy:4:551:9109,4,3.5371845737099648,9,0.11930098384618759,childes,9109,14,3.6564855575561523
D,D_C_43122,chck_90M,43122,C,heldout_natural_source_repeat,heldoutcopy:4:552:2593,4,3.1671392172574997,8,0.2280607968568802,bnc_spoken,2593,11,3.39520001411438
D,D_C_43122,chck_90M,43122,C,heldout_natural_source_repeat,heldoutcopy:4:553:20799,4,4.094114154577255,8,0.03729692101478577,childes,20799,10,4.131411075592041
D,D_C_43122,chck_90M,43122,C,heldout_natural_source_repeat,heldoutcopy:4:554:40688,4,8.742754310369492,27,0.3621136248111725,open_subtitles,40688,44,9.104867935180664
D,D_C_43122,chck_90M,43122,C,heldout_natural_source_repeat,heldoutcopy:4:555:60548,4,14.07460991665721,8,0.03444274142384529,simple_wiki,60548,10,14.109052658081055
D,D_C_43122,chck_90M,43122,C,heldout_natural_source_repeat,heldoutcopy:4:556:33177,4,6.642345689237118,8,0.046517111361026764,gutenberg,33177,10,6.6888628005981445
D,D_C_43122,chck_90M,43122,C,heldout_natural_source_repeat,heldoutcopy:4:557:4773,4,3.737129506887868,8,0.003217878518626094,childes,4773,11,3.740347385406494
D,D_C_43122,chck_90M,43122,C,heldout_natural_source_repeat,heldoutcopy:4:558:2881,4,3.394550770521164,9,0.24410131573677063,bnc_spoken,2881,15,3.6386520862579346
D,D_C_43122,chck_90M,43122,C,heldout_natural_source_repeat,heldoutcopy:4:559:13649,4,4.753162257373333,8,0.0391007736325264,childes,13649,10,4.792263031005859
D,D_C_43122,chck_90M,43122,C,heldout_natural_source_repeat,heldoutcopy:4:55:22365,4,0.3954819357022643,8,0.01001004222780466,childes,22365,10,0.40549197793006897
D,D_C_43122,chck_90M,43122,C,heldout_natural_source_repeat,heldoutcopy:4:560:16569,4,2.9039571285247803,13,1.6744015216827393,childes,16569,21,4.5783586502075195
D,D_C_43122,chck_90M,43122,C,heldout_natural_source_repeat,heldoutcopy:4:561:59149,4,0.02417297661304474,9,0.0705014169216156,simple_wiki,59149,15,0.09467439353466034
D,D_C_43122,chck_90M,43122,C,heldout_natural_source_repeat,heldoutcopy:4:562:36704,4,5.725765585899353,28,0.6275893449783325,gutenberg,36704,46,6.3533549308776855
D,D_C_43122,chck_90M,43122,C,heldout_natural_source_repeat,heldoutcopy:4:563:23405,4,0.8822556328959763,11,0.00538090942427516,gutenberg,23405,17,0.8876365423202515
D,D_C_43122,chck_90M,43122,C,heldout_natural_source_repeat,heldoutcopy:4:564:36114,4,5.425256535410881,11,0.05566997826099396,gutenberg,36114,18,5.480926513671875
D,D_C_43122,chck_90M,43122,C,heldout_natural_source_repeat,heldoutcopy:4:565:42847,4,0.17598758172243834,10,0.008313809521496296,open_subtitles,42847,16,0.18430139124393463
D,D_C_43122,chck_90M,43122,C,heldout_natural_source_repeat,heldoutcopy:4:566:23755,4,0.12537897378206253,16,0.00914456695318222,gutenberg,23755,26,0.13452354073524475
D,D_C_43122,chck_90M,43122,C,heldout_natural_source_repeat,heldoutcopy:4:567:17790,4,7.078403979539871,8,0.09221312403678894,childes,17790,10,7.17061710357666
D,D_C_43122,chck_90M,43122,C,heldout_natural_source_repeat,heldoutcopy:4:568:52196,4,5.518098175525665,8,0.7819001078605652,open_subtitles,52196,10,6.2999982833862305
D,D_C_43122,chck_90M,43122,C,heldout_natural_source_repeat,heldoutcopy:4:569:1289,4,0.5097028035670519,24,0.02762281708419323,bnc_spoken,1289,39,0.5373256206512451
D,D_C_43122,chck_90M,43122,C,heldout_natural_source_repeat,heldoutcopy:4:56:46420,4,5.919809649698436,12,0.008551289327442646,open_subtitles,46420,20,5.928360939025879
D,D_C_43122,chck_90M,43122,C,heldout_natural_source_repeat,heldoutcopy:4:570:33705,4,9.471104841679335,28,0.006559152156114578,gutenberg,33705,46,9.47766399383545
D,D_C_43122,chck_90M,43122,C,heldout_natural_source_repeat,heldoutcopy:4:571:45114,4,0.3906540870666504,11,7.963228702545166,open_subtitles,45114,18,8.353882789611816
D,D_C_43122,chck_90M,43122,C,heldout_natural_source_repeat,heldoutcopy:4:572:9819,4,1.5096940994262695,11,0.19314217567443848,childes,9819,18,1.702836275100708
D,D_C_43122,chck_90M,43122,C,heldout_natural_source_repeat,heldoutcopy:4:573:30529,4,5.236223470419645,28,0.0218498595058918,gutenberg,30529,47,5.258073329925537
D,D_C_43122,chck_90M,43122,C,heldout_natural_source_repeat,heldoutcopy:4:574:7455,4,3.2881834656000137,11,0.18703483045101166,childes,7455,18,3.4752182960510254
D,D_C_43122,chck_90M,43122,C,heldout_natural_source_repeat,heldoutcopy:4:575:29421,4,9.879166513681412,11,0.3447438180446625,gutenberg,29421,17,10.223910331726074
D,D_C_43122,chck_90M,43122,C,heldout_natural_source_repeat,heldoutcopy:4:576:56249,4,0.7919573523104191,9,0.006945159286260605,simple_wiki,56249,15,0.7989025115966797
D,D_C_43122,chck_90M,43122,C,heldout_natural_source_repeat,heldoutcopy:4:577:27768,4,7.179528072476387,21,0.10692660510540009,gutenberg,27768,34,7.286454677581787
D,D_C_43122,chck_90M,43122,C,heldout_natural_source_repeat,heldoutcopy:4:578:61636,4,3.1811564937233925,8,0.049855850636959076,simple_wiki,61636,11,3.2310123443603516
D,D_C_43122,chck_90M,43122,C,heldout_natural_source_repeat,heldoutcopy:4:579:30396,4,8.941287788562477,28,0.013994422741234303,gutenberg,30396,46,8.955282211303711
D,D_C_43122,chck_90M,43122,C,heldout_natural_source_repeat,heldoutcopy:4:57:19704,4,7.034187316894531,16,1.2718420028686523,childes,19704,26,8.306029319763184
D,D_C_43122,chck_90M,43122,C,heldout_natural_source_repeat,heldoutcopy:4:580:10953,4,4.052933945786208e-06,22,4.255681051290594e-05,childes,10953,36,4.660974445869215e-05
D,D_C_43122,chck_90M,43122,C,heldout_natural_source_repeat,heldoutcopy:4:581:6068,4,5.539406605064869,8,0.045269183814525604,childes,6068,10,5.5846757888793945
D,D_C_43122,chck_90M,43122,C,heldout_natural_source_repeat,heldoutcopy:4:582:40534,4,0.4903290271759033,8,3.02064847946167,open_subtitles,40534,13,3.5109775066375732
D,D_C_43122,chck_90M,43122,C,heldout_natural_source_repeat,heldoutcopy:4:583:57686,4,2.5984065532684326,18,0.15571379661560059,simple_wiki,57686,29,2.754120349884033
D,D_C_43122,chck_90M,43122,C,heldout_natural_source_repeat,heldoutcopy:4:584:52508,4,8.23338384181261,14,0.022205643355846405,open_subtitles,52508,22,8.255589485168457
D,D_C_43122,chck_90M,43122,C,heldout_natural_source_repeat,heldoutcopy:4:585:46945,4,12.882669365033507,9,0.017656410112977028,open_subtitles,46945,15,12.900325775146484
D,D_C_43122,chck_90M,43122,C,heldout_natural_source_repeat,heldoutcopy:4:586:32738,4,3.1641684770584106,14,0.2123640775680542,gutenberg,32738,22,3.376532554626465
D,D_C_43122,chck_90M,43122,C,heldout_natural_source_repeat,heldoutcopy:4:587:39615,4,4.752918541431427,11,0.6313402056694031,open_subtitles,39615,17,5.38425874710083
D,D_C_43122,chck_90M,43122,C,heldout_natural_source_repeat,heldoutcopy:4:588:23172,4,9.482287765480578,13,0.008776306174695492,gutenberg,23172,21,9.491064071655273
D,D_C_43122,chck_90M,43122,C,heldout_natural_source_repeat,heldoutcopy:4:589:37720,4,4.199791524559259,8,0.01912393793463707,gutenberg,37720,11,4.2189154624938965
D,D_C_43122,chck_90M,43122,C,heldout_natural_source_repeat,heldoutcopy:4:58:20945,4,5.387987221183721e-05,8,2.3603161025675945e-05,childes,20945,11,7.748303323751315e-05
D,D_C_43122,chck_90M,43122,C,heldout_natural_source_repeat,heldoutcopy:4:590:8191,4,0.054889081831788644,9,0.0003420721332076937,childes,8191,14,0.05523115396499634
D,D_C_43122,chck_90M,43122,C,heldout_natural_source_repeat,heldoutcopy:4:591:25760,4,7.538556396961212,8,0.20959633588790894,gutenberg,25760,13,7.748152732849121
D,D_C_43122,chck_90M,43122,C,heldout_natural_source_repeat,heldoutcopy:4:592:23433,4,3.3761238791048527,27,0.03355839475989342,gutenberg,23433,44,3.409682273864746
D,D_C_43122,chck_90M,43122,C,heldout_natural_source_repeat,heldoutcopy:4:593:12594,4,0.00014005947286932496,13,1.168244216387393e-05,childes,12594,21,0.0001517419150331989
D,D_C_43122,chck_90M,43122,C,heldout_natural_source_repeat,heldoutcopy:4:594:49143,4,1.606743737589568,22,0.005171612370759249,open_subtitles,49143,36,1.6119153499603271
D,D_C_43122,chck_90M,43122,C,heldout_natural_source_repeat,heldoutcopy:4:595:28904,4,3.556785674765706,15,0.012296108528971672,gutenberg,28904,24,3.5690817832946777
D,D_C_43122,chck_90M,43122,C,heldout_natural_source_repeat,heldoutcopy:4:596:36034,4,13.364108635112643,14,0.01388685591518879,gutenberg,36034,22,13.377995491027832
D,D_C_43122,chck_90M,43122,C,heldout_natural_source_repeat,heldoutcopy:4:597:25494,4,2.877355143427849,9,0.23676176369190216,gutenberg,25494,15,3.114116907119751
D,D_C_43122,chck_90M,43122,C,heldout_natural_source_repeat,heldoutcopy:4:598:54936,4,8.601754292845726,8,0.2392348200082779,simple_wiki,54936,12,8.840989112854004
D,D_C_43122,chck_90M,43122,C,heldout_natural_source_repeat,heldoutcopy:4:599:2877,4,2.12136347964406,14,0.03393308445811272,bnc_spoken,2877,22,2.155296564102173
D,D_C_43122,chck_90M,43122,C,heldout_natural_source_repeat,heldoutcopy:4:59:25709,4,10.486545041203499,13,0.01849512755870819,gutenberg,25709,21,10.505040168762207
D,D_C_43122,chck_90M,43122,C,heldout_natural_source_repeat,heldoutcopy:4:5:25862,4,6.892804056406021,14,0.16808852553367615,gutenberg,25862,22,7.060892581939697
D,D_C_43122,chck_90M,43122,C,heldout_natural_source_repeat,heldoutcopy:4:600:48239,4,1.372769370675087,8,0.10809396207332611,open_subtitles,48239,11,1.480863332748413
D,D_C_43122,chck_90M,43122,C,heldout_natural_source_repeat,heldoutcopy:4:601:41088,4,5.5208748914301395,8,0.03187188133597374,open_subtitles,41088,11,5.552746772766113
D,D_C_43122,chck_90M,43122,C,heldout_natural_source_repeat,heldoutcopy:4:602:34708,4,5.016294568777084,28,0.3653067648410797,gutenberg,34708,49,5.381601333618164
D,D_C_43122,chck_90M,43122,C,heldout_natural_source_repeat,heldoutcopy:4:603:53124,4,1.9981573820114136,11,0.9336282014846802,simple_wiki,53124,17,2.9317855834960938
D,D_C_43122,chck_90M,43122,C,heldout_natural_source_repeat,heldoutcopy:4:604:46029,4,8.923796281218529,12,0.1735175997018814,open_subtitles,46029,19,9.09731388092041
D,D_C_43122,chck_90M,43122,C,heldout_natural_source_repeat,heldoutcopy:4:605:10491,4,0.08617550134658813,8,0.12915313243865967,childes,10491,11,0.2153286337852478
D,D_C_43122,chck_90M,43122,C,heldout_natural_source_repeat,heldoutcopy:4:606:53273,4,0.8807295560836792,17,1.3701406717300415,simple_wiki,53273,27,2.2508702278137207
D,D_C_43122,chck_90M,43122,C,heldout_natural_source_repeat,heldoutcopy:4:607:3998,4,0.9915356524288654,20,0.05641556903719902,bnc_spoken,3998,32,1.0479512214660645
D,D_C_43122,chck_90M,43122,C,heldout_natural_source_repeat,heldoutcopy:4:608:51912,4,0.011971517698839307,11,0.0034002603497356176,open_subtitles,51912,18,0.015371778048574924
D,D_C_43122,chck_90M,43122,C,heldout_natural_source_repeat,heldoutcopy:4:609:50775,4,5.462180495262146,8,0.9452787637710571,open_subtitles,50775,10,6.407459259033203
D,D_C_43122,chck_90M,43122,C,heldout_natural_source_repeat,heldoutcopy:4:60:14021,4,1.2016170769929886,8,0.16109196841716766,childes,14021,10,1.3627090454101562
D,D_C_43122,chck_90M,43122,C,heldout_natural_source_repeat,heldoutcopy:4:610:28756,4,4.9244359619915485,8,0.028662335127592087,gutenberg,28756,10,4.953098297119141
D,D_C_43122,chck_90M,43122,C,heldout_natural_source_repeat,heldoutcopy:4:611:24556,4,3.3698627203702927,19,0.13239748775959015,gutenberg,24556,30,3.502260208129883
D,D_C_43122,chck_90M,43122,C,heldout_natural_source_repeat,heldoutcopy:4:612:10798,4,0.2408364339498803,8,0.0008186326595023274,childes,10798,10,0.24165506660938263
D,D_C_43122,chck_90M,43122,C,heldout_natural_source_repeat,heldoutcopy:4:613:46251,4,11.751886311918497,22,0.047869738191366196,open_subtitles,46251,36,11.799756050109863
D,D_C_43122,chck_90M,43122,C,heldout_natural_source_repeat,heldoutcopy:4:614:6877,4,8.463455742457882e-06,8,4.327203714638017e-05,childes,6877,13,5.173549288883805e-05
D,D_C_43122,chck_90M,43122,C,heldout_natural_source_repeat,heldoutcopy:4:615:10734,4,4.030426114797592,8,0.06009760499000549,childes,10734,13,4.090523719787598
D,D_C_43122,chck_90M,43122,C,heldout_natural_source_repeat,heldoutcopy:4:616:60646,4,0.03167780512012541,8,0.001105412608012557,simple_wiki,60646,11,0.03278321772813797
D,D_C_43122,chck_90M,43122,C,heldout_natural_source_repeat,heldoutcopy:4:617:7553,4,1.454020394012332,11,0.01567600853741169,childes,7553,18,1.4696964025497437
D,D_C_43122,chck_90M,43122,C,heldout_natural_source_repeat,heldoutcopy:4:618:59801,4,0.6855408069677651,8,0.0009882333688437939,simple_wiki,59801,13,0.6865290403366089
D,D_C_43122,chck_90M,43122,C,heldout_natural_source_repeat,heldoutcopy:4:619:24541,4,5.140769153833389,27,0.4898627698421478,gutenberg,24541,43,5.630631923675537
D,D_C_43122,chck_90M,43122,C,heldout_natural_source_repeat,heldoutcopy:4:61:15069,4,0.6446922514587641,8,0.02233540080487728,childes,15069,10,0.6670276522636414
D,D_C_43122,chck_90M,43122,C,heldout_natural_source_repeat,heldoutcopy:4:620:42197,4,2.4700334668159485,8,0.2745608687400818,open_subtitles,42197,10,2.7445943355560303
D,D_C_43122,chck_90M,43122,C,heldout_natural_source_repeat,heldoutcopy:4:621:58634,4,5.395778775215149,8,0.6477411985397339,simple_wiki,58634,11,6.043519973754883
D,D_C_43122,chck_90M,43122,C,heldout_natural_source_repeat,heldoutcopy:4:622:47340,4,1.5773325711488724,8,0.031558677554130554,open_subtitles,47340,12,1.608891248703003
D,D_C_43122,chck_90M,43122,C,heldout_natural_source_repeat,heldoutcopy:4:623:42637,4,1.7372356578707695,8,0.0837787464261055,open_subtitles,42637,12,1.821014404296875
D,D_C_43122,chck_90M,43122,C,heldout_natural_source_repeat,heldoutcopy:4:624:7889,4,0.3629208542406559,12,0.004247572273015976,childes,7889,19,0.3671684265136719
D,D_C_43122,chck_90M,43122,C,heldout_natural_source_repeat,heldoutcopy:4:625:15068,4,0.0011138266563648358,13,0.00014327930693980306,childes,15068,21,0.0012571059633046389
D,D_C_43122,chck_90M,43122,C,heldout_natural_source_repeat,heldoutcopy:4:626:46293,4,13.235017776489258,9,0.3210287094116211,open_subtitles,46293,15,13.556046485900879
D,D_C_43122,chck_90M,43122,C,heldout_natural_source_repeat,heldoutcopy:4:627:43161,4,2.548912912607193,8,0.03198942542076111,open_subtitles,43161,11,2.580902338027954
D,D_C_43122,chck_90M,43122,C,heldout_natural_source_repeat,heldoutcopy:4:628:42466,4,2.1048679309897125,8,0.006032947916537523,open_subtitles,42466,10,2.11090087890625
D,D_C_43122,chck_90M,43122,C,heldout_natural_source_repeat,heldoutcopy:4:629:7055,4,0.052494823932647705,22,0.08849917352199554,childes,7055,36,0.14099399745464325
D,D_C_43122,chck_90M,43122,C,heldout_natural_source_repeat,heldoutcopy:4:62:34392,4,11.508845992386341,13,0.09193163365125656,gutenberg,34392,21,11.600777626037598
D,D_C_43122,chck_90M,43122,C,heldout_natural_source_repeat,heldoutcopy:4:630:44659,4,6.372291594743729,8,0.09702393412590027,open_subtitles,44659,10,6.469315528869629
D,D_C_43122,chck_90M,43122,C,heldout_natural_source_repeat,heldoutcopy:4:631:17623,4,4.25546859332826e-05,8,4.994744449504651e-05,childes,17623,10,9.250213042832911e-05
D,D_C_43122,chck_90M,43122,C,heldout_natural_source_repeat,heldoutcopy:4:632:12679,4,5.991120457649231,8,0.03174912929534912,childes,12679,12,6.02286958694458
D,D_C_43122,chck_90M,43122,C,heldout_natural_source_repeat,heldoutcopy:4:633:8050,4,2.2274781465530396,11,0.2340940237045288,childes,8050,17,2.4615721702575684
D,D_C_43122,chck_90M,43122,C,heldout_natural_source_repeat,heldoutcopy:4:634:4995,4,10.468690767884254,8,0.08469592034816742,childes,4995,13,10.553386688232422
D,D_C_43122,chck_90M,43122,C,heldout_natural_source_repeat,heldoutcopy:4:635:56796,4,0.4754524864256382,8,0.03493982180953026,simple_wiki,56796,11,0.5103923082351685
D,D_C_43122,chck_90M,43122,C,heldout_natural_source_repeat,heldoutcopy:4:636:33569,4,0.8701079813763499,19,0.0030389102175831795,gutenberg,33569,31,0.8731468915939331
D,D_C_43122,chck_90M,43122,C,heldout_natural_source_repeat,heldoutcopy:4:637:41234,4,8.115603644400835,8,0.024501603096723557,open_subtitles,41234,11,8.140105247497559
D,D_C_43122,chck_90M,43122,C,heldout_natural_source_repeat,heldoutcopy:4:638:13288,4,0.05812549591064453,8,7.688723564147949,childes,13288,12,7.746849060058594
D,D_C_43122,chck_90M,43122,C,heldout_natural_source_repeat,heldoutcopy:4:639:55398,4,0.19139984250068665,25,0.15091398358345032,simple_wiki,55398,40,0.34231382608413696
D,D_C_43122,chck_90M,43122,C,heldout_natural_source_repeat,heldoutcopy:4:63:5691,4,11.56003613770008,8,0.16069655120372772,childes,5691,10,11.720732688903809
D,D_C_43122,chck_90M,43122,C,heldout_natural_source_repeat,heldoutcopy:4:640:44475,4,5.900883376598358,15,0.20507889986038208,open_subtitles,44475,24,6.10596227645874
D,D_C_43122,chck_90M,43122,C,heldout_natural_source_repeat,heldoutcopy:4:641:3778,4,0.6551322826417163,20,0.0018203369108960032,bnc_spoken,3778,33,0.6569526195526123
D,D_C_43122,chck_90M,43122,C,heldout_natural_source_repeat,heldoutcopy:4:642:13892,4,-1.4304896467365324e-06,16,1.6093124941107817e-05,childes,13892,25,1.4662635294371285e-05
D,D_C_43122,chck_90M,43122,C,heldout_natural_source_repeat,heldoutcopy:4:643:49115,4,0.8774521127343178,8,0.013402722775936127,open_subtitles,49115,10,0.8908548355102539
D,D_C_43122,chck_90M,43122,C,heldout_natural_source_repeat,heldoutcopy:4:644:11330,4,0.03533550095744431,8,0.001987031428143382,childes,11330,12,0.03732253238558769
D,D_C_43122,chck_90M,43122,C,heldout_natural_source_repeat,heldoutcopy:4:645:48764,4,0.2705073244869709,8,0.037922631949186325,open_subtitles,48764,12,0.3084299564361572
D,D_C_43122,chck_90M,43122,C,heldout_natural_source_repeat,heldoutcopy:4:646:13972,4,1.2427964583039284,8,0.02835901826620102,childes,13972,10,1.2711554765701294
D,D_C_43122,chck_90M,43122,C,heldout_natural_source_repeat,heldoutcopy:4:647:44204,4,8.849607020616531,8,0.12235972285270691,open_subtitles,44204,11,8.971966743469238
D,D_C_43122,chck_90M,43122,C,heldout_natural_source_repeat,heldoutcopy:4:648:40926,4,6.568946395069361,8,0.035142865031957626,open_subtitles,40926,10,6.604089260101318
D,D_C_43122,chck_90M,43122,C,heldout_natural_source_repeat,heldoutcopy:4:649:56016,4,8.582195732742548e-06,10,9.703165414975956e-05,simple_wiki,56016,16,0.00010561384988250211
D,D_C_43122,chck_90M,43122,C,heldout_natural_source_repeat,heldoutcopy:4:64:28077,4,5.129343092441559,10,0.7868112921714783,gutenberg,28077,16,5.916154384613037
D,D_C_43122,chck_90M,43122,C,heldout_natural_source_repeat,heldoutcopy:4:650:3003,4,1.492980252020061,24,0.012006749399006367,bnc_spoken,3003,38,1.5049870014190674
D,D_C_43122,chck_90M,43122,C,heldout_natural_source_repeat,heldoutcopy:4:651:17989,4,0.3806920237839222,8,0.041121404618024826,childes,17989,12,0.421813428401947
D,D_C_43122,chck_90M,43122,C,heldout_natural_source_repeat,heldoutcopy:4:652:916,4,7.007337212562561,9,1.0098222494125366,bnc_spoken,916,15,8.017159461975098
D,D_C_43122,chck_90M,43122,C,heldout_natural_source_repeat,heldoutcopy:4:653:47159,4,2.9644856452941895,8,2.0339341163635254,open_subtitles,47159,10,4.998419761657715
D,D_C_43122,chck_90M,43122,C,heldout_natural_source_repeat,heldoutcopy:4:654:48979,4,0.22287285327911377,22,0.0675765872001648,open_subtitles,48979,36,0.29044944047927856
D,D_C_43122,chck_90M,43122,C,heldout_natural_source_repeat,heldoutcopy:4:655:9527,4,6.2370118498802185,11,0.7187061905860901,childes,9527,17,6.955718040466309
D,D_C_43122,chck_90M,43122,C,heldout_natural_source_repeat,heldoutcopy:4:656:8380,4,7.883808732032776,8,0.24186933040618896,childes,8380,13,8.125678062438965
D,D_C_43122,chck_90M,43122,C,heldout_natural_source_repeat,heldoutcopy:4:657:13840,4,0.011574836185900494,8,0.00047219570842571557,childes,13840,12,0.01204703189432621
D,D_C_43122,chck_90M,43122,C,heldout_natural_source_repeat,heldoutcopy:4:658:3245,4,2.779257297515869,9,0.028703689575195312,bnc_spoken,3245,14,2.8079609870910645
D,D_C_43122,chck_90M,43122,C,heldout_natural_source_repeat,heldoutcopy:4:659:31129,4,1.0488673183135688,11,0.004873421508818865,gutenberg,31129,18,1.0537407398223877
D,D_C_43122,chck_90M,43122,C,heldout_natural_source_repeat,heldoutcopy:4:65:1678,4,6.146641559898853,12,0.12479513138532639,bnc_spoken,1678,19,6.27143669128418
D,D_C_43122,chck_90M,43122,C,heldout_natural_source_repeat,heldoutcopy:4:660:12686,4,8.332326297022519e-05,14,6.6756979322235566e-06,childes,12686,22,8.999896090244874e-05
D,D_C_43122,chck_90M,43122,C,heldout_natural_source_repeat,heldoutcopy:4:661:13814,4,2.651048995554447,8,0.08781709522008896,childes,13814,12,2.738866090774536
D,D_C_43122,chck_90M,43122,C,heldout_natural_source_repeat,heldoutcopy:4:662:8962,4,0.0005247209483059123,8,3.7788631743751466e-05,childes,8962,10,0.0005625095800496638
D,D_C_43122,chck_90M,43122,C,heldout_natural_source_repeat,heldoutcopy:4:663:18937,4,0.12766358768567443,8,0.005381027702242136,childes,18937,12,0.13304461538791656
D,D_C_43122,chck_90M,43122,C,heldout_natural_source_repeat,heldoutcopy:4:664:42345,4,1.6452461779117584,8,0.27803918719291687,open_subtitles,42345,12,1.9232853651046753
D,D_C_43122,chck_90M,43122,C,heldout_natural_source_repeat,heldoutcopy:4:665:29658,4,9.332395404577255,8,0.2577773630619049,gutenberg,29658,12,9.59017276763916
D,D_C_43122,chck_90M,43122,C,heldout_natural_source_repeat,heldoutcopy:4:666:55630,4,0.4712953055277467,22,0.0041993772611021996,simple_wiki,55630,35,0.4754946827888489
D,D_C_43122,chck_90M,43122,C,heldout_natural_source_repeat,heldoutcopy:4:667:55116,4,4.294487282633781,8,0.01751585304737091,simple_wiki,55116,13,4.312003135681152
D,D_C_43122,chck_90M,43122,C,heldout_natural_source_repeat,heldoutcopy:4:668:534,4,10.548220217227936,18,0.22023433446884155,bnc_spoken,534,29,10.768454551696777
D,D_C_43122,chck_90M,43122,C,heldout_natural_source_repeat,heldoutcopy:4:669:34343,4,4.428265612572432,16,0.035242993384599686,gutenberg,34343,26,4.463508605957031
D,D_C_43122,chck_90M,43122,C,heldout_natural_source_repeat,heldoutcopy:4:66:60002,4,0.04054621420800686,20,0.017135193571448326,simple_wiki,60002,32,0.057681407779455185
D,D_C_43122,chck_90M,43122,C,heldout_natural_source_repeat,heldoutcopy:4:670:29125,4,9.533405042253435,9,0.013871454633772373,gutenberg,29125,15,9.547276496887207
D,D_C_43122,chck_90M,43122,C,heldout_natural_source_repeat,heldoutcopy:4:671:14760,4,2.7857811469584703,12,0.01587033085525036,childes,14760,19,2.8016514778137207
D,D_C_43122,chck_90M,43122,C,heldout_natural_source_repeat,heldoutcopy:4:672:37703,4,10.884942967444658,17,0.036883395165205,gutenberg,37703,27,10.921826362609863
D,D_C_43122,chck_90M,43122,C,heldout_natural_source_repeat,heldoutcopy:4:673:57411,4,1.0467448041308671,16,0.0009564354550093412,simple_wiki,57411,25,1.0477012395858765
D,D_C_43122,chck_90M,43122,C,heldout_natural_source_repeat,heldoutcopy:4:674:23569,4,7.756667122244835,8,0.062181487679481506,gutenberg,23569,13,7.818848609924316
D,D_C_43122,chck_90M,43122,C,heldout_natural_source_repeat,heldoutcopy:4:675:41624,4,12.393802162259817,9,0.015922073274850845,open_subtitles,41624,15,12.409724235534668
D,D_C_43122,chck_90M,43122,C,heldout_natural_source_repeat,heldoutcopy:4:676:59011,4,6.804764241911471,28,0.010348825715482235,simple_wiki,59011,49,6.815113067626953
D,D_C_43122,chck_90M,43122,C,heldout_natural_source_repeat,heldoutcopy:4:677:3622,4,-0.0013448549434542656,9,0.012351686134934425,bnc_spoken,3622,15,0.01100683119148016
D,D_C_43122,chck_90M,43122,C,heldout_natural_source_repeat,heldoutcopy:4:678:45344,4,0.7558804778382182,10,0.014193889684975147,open_subtitles,45344,16,0.7700743675231934
D,D_C_43122,chck_90M,43122,C,heldout_natural_source_repeat,heldoutcopy:4:679:33713,4,0.016239832621067762,8,0.001914693508297205,gutenberg,33713,12,0.018154526129364967
D,D_C_43122,chck_90M,43122,C,heldout_natural_source_repeat,heldoutcopy:4:67:15751,4,0.00024469950585626066,8,2.95634672511369e-05,childes,15751,10,0.00027426297310739756
D,D_C_43122,chck_90M,43122,C,heldout_natural_source_repeat,heldoutcopy:4:680:53171,4,0.23365179635584354,19,0.02055930159986019,simple_wiki,53171,31,0.25421109795570374
D,D_C_43122,chck_90M,43122,C,heldout_natural_source_repeat,heldoutcopy:4:681:521,4,3.5768119022250175,11,0.08078611642122269,bnc_spoken,521,17,3.6575980186462402
D,D_C_43122,chck_90M,43122,C,heldout_natural_source_repeat,heldoutcopy:4:682:26735,4,7.162382014095783,12,0.06659137457609177,gutenberg,26735,20,7.228973388671875
D,D_C_43122,chck_90M,43122,C,heldout_natural_source_repeat,heldoutcopy:4:683:15635,4,3.8521502912044525,8,0.47967401146888733,childes,15635,12,4.33182430267334
D,D_C_43122,chck_90M,43122,C,heldout_natural_source_repeat,heldoutcopy:4:684:37763,4,6.343824282288551,8,0.17185507714748383,gutenberg,37763,13,6.515679359436035
D,D_C_43122,chck_90M,43122,C,heldout_natural_source_repeat,heldoutcopy:4:685:53683,4,-0.2239319086074829,9,0.5186925530433655,simple_wiki,53683,15,0.29476064443588257
D,D_C_43122,chck_90M,43122,C,heldout_natural_source_repeat,heldoutcopy:4:686:32341,4,0.022660366259515285,19,0.008870244957506657,gutenberg,32341,30,0.03153061121702194
D,D_C_43122,chck_90M,43122,C,heldout_natural_source_repeat,heldoutcopy:4:687:21483,4,0.01270747184753418,10,1.5240203142166138,childes,21483,16,1.536727786064148
D,D_C_43122,chck_90M,43122,C,heldout_natural_source_repeat,heldoutcopy:4:688:44893,4,10.154862962663174,9,0.03288403898477554,open_subtitles,44893,15,10.18774700164795
D,D_C_43122,chck_90M,43122,C,heldout_natural_source_repeat,heldoutcopy:4:689:7393,4,6.794885848648846e-06,11,2.9802276912960224e-06,childes,7393,17,9.775113539944869e-06
D,D_C_43122,chck_90M,43122,C,heldout_natural_source_repeat,heldoutcopy:4:68:43270,4,5.224362000823021,8,0.0740894228219986,open_subtitles,43270,10,5.2984514236450195
D,D_C_43122,chck_90M,43122,C,heldout_natural_source_repeat,heldoutcopy:4:690:41383,4,6.384120008908212,9,0.012500741519033909,open_subtitles,41383,15,6.396620750427246
D,D_C_43122,chck_90M,43122,C,heldout_natural_source_repeat,heldoutcopy:4:691:49476,4,1.1834384789690375,10,0.011961282230913639,open_subtitles,49476,16,1.1953997611999512
D,D_C_43122,chck_90M,43122,C,heldout_natural_source_repeat,heldoutcopy:4:692:20524,4,8.236997837229865e-05,11,2.9802276912960224e-06,childes,20524,17,8.535020606359467e-05
D,D_C_43122,chck_90M,43122,C,heldout_natural_source_repeat,heldoutcopy:4:693:30116,4,6.304957136511803,25,0.2143852859735489,gutenberg,30116,41,6.519342422485352
D,D_C_43122,chck_90M,43122,C,heldout_natural_source_repeat,heldoutcopy:4:694:1497,4,8.81565573066473,8,0.04992196708917618,bnc_spoken,1497,13,8.865577697753906
D,D_C_43122,chck_90M,43122,C,heldout_natural_source_repeat,heldoutcopy:4:695:29018,4,4.823842465877533,14,0.15196377038955688,gutenberg,29018,22,4.97580623626709
D,D_C_43122,chck_90M,43122,C,heldout_natural_source_repeat,heldoutcopy:4:696:44334,4,8.761919349431992,8,0.1410767138004303,open_subtitles,44334,11,8.902996063232422
D,D_C_43122,chck_90M,43122,C,heldout_natural_source_repeat,heldoutcopy:4:697:11860,4,1.5048938021063805,8,0.08361933380365372,childes,11860,13,1.5885131359100342
D,D_C_43122,chck_90M,43122,C,heldout_natural_source_repeat,heldoutcopy:4:698:16844,4,8.165394137904514e-05,8,1.3351351299206726e-05,childes,16844,10,9.500529267825186e-05
D,D_C_43122,chck_90M,43122,C,heldout_natural_source_repeat,heldoutcopy:4:699:18120,4,-0.0006639221683144569,14,0.011511805467307568,childes,18120,22,0.01084788329899311
D,D_C_43122,chck_90M,43122,C,heldout_natural_source_repeat,heldoutcopy:4:69:7032,4,10.955141372978687,8,0.12298744171857834,childes,7032,10,11.078128814697266
D,D_C_43122,chck_90M,43122,C,heldout_natural_source_repeat,heldoutcopy:4:6:12973,4,1.9707374572753906,10,0.055756568908691406,childes,12973,16,2.026494026184082
D,D_C_43122,chck_90M,43122,C,heldout_natural_source_repeat,heldoutcopy:4:700:29068,4,10.429379343986511,16,0.4796849489212036,gutenberg,29068,25,10.909064292907715
D,D_C_43122,chck_90M,43122,C,heldout_natural_source_repeat,heldoutcopy:4:701:60740,4,10.257504969835281,8,0.3563551604747772,simple_wiki,60740,10,10.613860130310059
D,D_C_43122,chck_90M,43122,C,heldout_natural_source_repeat,heldoutcopy:4:702:7225,4,5.21563795953989,8,0.06291552633047104,childes,7225,10,5.278553485870361
D,D_C_43122,chck_90M,43122,C,heldout_natural_source_repeat,heldoutcopy:4:703:862,4,10.813246864825487,13,0.018771033734083176,bnc_spoken,862,21,10.83201789855957
D,D_C_43122,chck_90M,43122,C,heldout_natural_source_repeat,heldoutcopy:4:704:964,4,0.03744184039533138,14,0.00280831940472126,bnc_spoken,964,23,0.04025015980005264
D,D_C_43122,chck_90M,43122,C,heldout_natural_source_repeat,heldoutcopy:4:705:59023,4,0.004194876179099083,8,0.023040322586894035,simple_wiki,59023,11,0.02723519876599312
D,D_C_43122,chck_90M,43122,C,heldout_natural_source_repeat,heldoutcopy:4:706:2827,4,5.025619853287935,11,0.016718517988920212,bnc_spoken,2827,18,5.0423383712768555
D,D_C_43122,chck_90M,43122,C,heldout_natural_source_repeat,heldoutcopy:4:707:11769,4,0.7202222347259521,8,0.29663658142089844,childes,11769,12,1.0168588161468506
D,D_C_43122,chck_90M,43122,C,heldout_natural_source_repeat,heldoutcopy:4:708:13248,4,0.0006920492378412746,8,0.00011383838864276186,childes,13248,10,0.0008058876264840364
D,D_C_43122,chck_90M,43122,C,heldout_natural_source_repeat,heldoutcopy:4:709:21847,4,0.8612676579505205,11,0.0274102371186018,childes,21847,17,0.8886778950691223
D,D_C_43122,chck_90M,43122,C,heldout_natural_source_repeat,heldoutcopy:4:70:43417,4,1.7632039114832878,9,0.0158734992146492,open_subtitles,43417,15,1.779077410697937
D,D_C_43122,chck_90M,43122,C,heldout_natural_source_repeat,heldoutcopy:4:710:27199,4,2.996367648243904,20,0.13836579024791718,gutenberg,27199,33,3.1347334384918213
D,D_C_43122,chck_90M,43122,C,heldout_natural_source_repeat,heldoutcopy:4:711:38023,4,3.3865696489810944,11,0.43839964270591736,gutenberg,38023,18,3.8249692916870117
D,D_C_43122,chck_90M,43122,C,heldout_natural_source_repeat,heldoutcopy:4:712:22519,4,2.035669729113579,12,0.17240293323993683,childes,22519,20,2.2080726623535156
D,D_C_43122,chck_90M,43122,C,heldout_natural_source_repeat,heldoutcopy:4:713:4078,4,7.83246386051178,16,1.9690593481063843,bnc_spoken,4078,25,9.801523208618164
D,D_C_43122,chck_90M,43122,C,heldout_natural_source_repeat,heldoutcopy:4:714:21424,4,4.575837925076485,12,0.07451407611370087,childes,21424,19,4.6503520011901855
D,D_C_43122,chck_90M,43122,C,heldout_natural_source_repeat,heldoutcopy:4:715:14208,4,1.56396256480366,16,0.013207568787038326,childes,14208,26,1.5771701335906982
D,D_C_43122,chck_90M,43122,C,heldout_natural_source_repeat,heldoutcopy:4:716:13884,4,11.84272981621325,12,0.024908771738409996,childes,13884,20,11.86763858795166
D,D_C_43122,chck_90M,43122,C,heldout_natural_source_repeat,heldoutcopy:4:717:43163,4,10.134429942816496,8,0.04650687053799629,open_subtitles,43163,10,10.180936813354492
D,D_C_43122,chck_90M,43122,C,heldout_natural_source_repeat,heldoutcopy:4:718:33362,4,8.472056902945042,9,0.08632131665945053,gutenberg,33362,15,8.558378219604492
D,D_C_43122,chck_90M,43122,C,heldout_natural_source_repeat,heldoutcopy:4:719:54333,4,9.371705474331975,15,0.027531204745173454,simple_wiki,54333,24,9.399236679077148
D,D_C_43122,chck_90M,43122,C,heldout_natural_source_repeat,heldoutcopy:4:71:10326,4,8.17195412516594,8,0.04301932454109192,childes,10326,12,8.214973449707031
D,D_C_43122,chck_90M,43122,C,heldout_natural_source_repeat,heldoutcopy:4:720:6070,4,5.527003802359104,9,0.009419403970241547,childes,6070,14,5.536423206329346
D,D_C_43122,chck_90M,43122,C,heldout_natural_source_repeat,heldoutcopy:4:721:11990,4,0.05671439319849014,9,0.09776420146226883,childes,11990,14,0.15447859466075897
D,D_C_43122,chck_90M,43122,C,heldout_natural_source_repeat,heldoutcopy:4:722:43552,4,0.7090622130781412,8,0.01283068023622036,open_subtitles,43552,10,0.7218928933143616
D,D_C_43122,chck_90M,43122,C,heldout_natural_source_repeat,heldoutcopy:4:723:22822,4,0.33079489320516586,22,0.018882520496845245,gutenberg,22822,35,0.3496774137020111
D,D_C_43122,chck_90M,43122,C,heldout_natural_source_repeat,heldoutcopy:4:724:5886,4,3.1534538716077805,8,0.044195130467414856,childes,5886,11,3.1976490020751953
D,D_C_43122,chck_90M,43122,C,heldout_natural_source_repeat,heldoutcopy:4:725:27447,4,1.9218952357769012,9,0.1713722050189972,gutenberg,27447,15,2.0932674407958984
D,D_C_43122,chck_90M,43122,C,heldout_natural_source_repeat,heldoutcopy:4:726:23826,4,1.132594590075314,8,0.009835000149905682,gutenberg,23826,13,1.1424295902252197
D,D_C_43122,chck_90M,43122,C,heldout_natural_source_repeat,heldoutcopy:4:727:13469,4,0.03850436280481517,8,0.0007680088747292757,childes,13469,10,0.03927237167954445
D,D_C_43122,chck_90M,43122,C,heldout_natural_source_repeat,heldoutcopy:4:728:23830,4,0.22148867533542216,15,0.003583440324291587,gutenberg,23830,24,0.22507211565971375
D,D_C_43122,chck_90M,43122,C,heldout_natural_source_repeat,heldoutcopy:4:729:21643,4,4.536231607198715,9,0.04274454712867737,childes,21643,14,4.578976154327393
D,D_C_43122,chck_90M,43122,C,heldout_natural_source_repeat,heldoutcopy:4:72:8165,4,1.7028222978115082,8,0.07832255959510803,childes,8165,13,1.7811448574066162
D,D_C_43122,chck_90M,43122,C,heldout_natural_source_repeat,heldoutcopy:4:730:55880,4,5.46922442317009,21,0.19702962040901184,simple_wiki,55880,34,5.666254043579102
D,D_C_43122,chck_90M,43122,C,heldout_natural_source_repeat,heldoutcopy:4:731:49440,4,4.441705118864775,8,0.062296975404024124,open_subtitles,49440,11,4.504002094268799
D,D_C_43122,chck_90M,43122,C,heldout_natural_source_repeat,heldoutcopy:4:732:37350,4,9.550147008150816,25,0.022543001919984818,gutenberg,37350,40,9.5726900100708
D,D_C_43122,chck_90M,43122,C,heldout_natural_source_repeat,heldoutcopy:4:733:18392,4,2.1689126938581467,8,0.025498583912849426,childes,18392,11,2.194411277770996
D,D_C_43122,chck_90M,43122,C,heldout_natural_source_repeat,heldoutcopy:4:734:13216,4,1.1540233474224806,8,0.008714975789189339,childes,13216,12,1.16273832321167
D,D_C_43122,chck_90M,43122,C,heldout_natural_source_repeat,heldoutcopy:4:735:57250,4,2.01117442548275,13,0.23261763155460358,simple_wiki,57250,21,2.2437920570373535
D,D_C_43122,chck_90M,43122,C,heldout_natural_source_repeat,heldoutcopy:4:736:56581,4,4.115707516670227,20,0.6556156873703003,simple_wiki,56581,33,4.771323204040527
D,D_C_43122,chck_90M,43122,C,heldout_natural_source_repeat,heldoutcopy:4:737:38621,4,0.00430627609603107,17,0.001420085085555911,open_subtitles,38621,27,0.005726361181586981
D,D_C_43122,chck_90M,43122,C,heldout_natural_source_repeat,heldoutcopy:4:738:5588,4,0.7618435509502888,8,0.01122434064745903,childes,5588,10,0.7730678915977478
D,D_C_43122,chck_90M,43122,C,heldout_natural_source_repeat,heldoutcopy:4:739:13497,4,6.794866749260109e-06,8,5.8412379075889476e-06,childes,13497,10,1.2636104656849056e-05
D,D_C_43122,chck_90M,43122,C,heldout_natural_source_repeat,heldoutcopy:4:73:3176,4,1.4343430548906326,11,0.13049261271953583,bnc_spoken,3176,17,1.5648356676101685
D,D_C_43122,chck_90M,43122,C,heldout_natural_source_repeat,heldoutcopy:4:740:32070,4,1.70767392963171,8,0.06675062328577042,gutenberg,32070,11,1.7744245529174805
D,D_C_43122,chck_90M,43122,C,heldout_natural_source_repeat,heldoutcopy:4:741:22608,4,9.792897909879684,15,0.1339285671710968,gutenberg,22608,24,9.926826477050781
D,D_C_43122,chck_90M,43122,C,heldout_natural_source_repeat,heldoutcopy:4:742:5833,4,1.6689127733116038e-06,22,9.179073458653875e-06,childes,5833,36,1.0847986231965479e-05
D,D_C_43122,chck_90M,43122,C,heldout_natural_source_repeat,heldoutcopy:4:743:40408,4,0.0025111380382440984,10,0.0009751332108862698,open_subtitles,40408,16,0.0034862712491303682
D,D_C_43122,chck_90M,43122,C,heldout_natural_source_repeat,heldoutcopy:4:744:15281,4,-0.4417073577642441,8,0.5479362607002258,childes,15281,10,0.10622890293598175
D,D_C_43122,chck_90M,43122,C,heldout_natural_source_repeat,heldoutcopy:4:745:17775,4,0.1877807886339724,9,0.004412913229316473,childes,17775,15,0.19219370186328888
D,D_C_43122,chck_90M,43122,C,heldout_natural_source_repeat,heldoutcopy:4:746:18202,4,0.04015360027551651,12,0.01695026084780693,childes,18202,19,0.05710386112332344
D,D_C_43122,chck_90M,43122,C,heldout_natural_source_repeat,heldoutcopy:4:747:34629,4,1.267845282331109,8,0.006812086328864098,gutenberg,34629,10,1.2746573686599731
D,D_C_43122,chck_90M,43122,C,heldout_natural_source_repeat,heldoutcopy:4:748:52023,4,4.207702953368425,8,0.03301922604441643,open_subtitles,52023,10,4.240722179412842
D,D_C_43122,chck_90M,43122,C,heldout_natural_source_repeat,heldoutcopy:4:749:7970,4,0.20739933103322983,8,0.017528854310512543,childes,7970,12,0.22492818534374237
D,D_C_43122,chck_90M,43122,C,heldout_natural_source_repeat,heldoutcopy:4:74:14015,4,6.9253270626068115,9,0.037978410720825195,childes,14015,14,6.963305473327637
D,D_C_43122,chck_90M,43122,C,heldout_natural_source_repeat,heldoutcopy:4:750:21812,4,7.702251464128494,9,0.09270045161247253,childes,21812,14,7.794951915740967
D,D_C_43122,chck_90M,43122,C,heldout_natural_source_repeat,heldoutcopy:4:751:39050,4,3.3214980624616146,8,0.032570693641901016,open_subtitles,39050,12,3.3540687561035156
D,D_C_43122,chck_90M,43122,C,heldout_natural_source_repeat,heldoutcopy:4:752:33420,4,0.44664703123271465,14,0.013526218011975288,gutenberg,33420,23,0.46017324924468994
D,D_C_43122,chck_90M,43122,C,heldout_natural_source_repeat,heldoutcopy:4:753:51497,4,6.752829443663359,13,0.060157883912324905,open_subtitles,51497,21,6.812987327575684
D,D_C_43122,chck_90M,43122,C,heldout_natural_source_repeat,heldoutcopy:4:754:42722,4,0.9374376572668552,8,0.015948470681905746,open_subtitles,42722,10,0.953386127948761
D,D_C_43122,chck_90M,43122,C,heldout_natural_source_repeat,heldoutcopy:4:755:53258,4,2.1694693714380264e-05,9,5.340433563105762e-05,simple_wiki,53258,14,7.509902934543788e-05
D,D_C_43122,chck_90M,43122,C,heldout_natural_source_repeat,heldoutcopy:4:756:24965,4,1.3894519805908203,26,0.17145967483520508,gutenberg,24965,42,1.5609116554260254
D,D_C_43122,chck_90M,43122,C,heldout_natural_source_repeat,heldoutcopy:4:757:57497,4,7.517738927155733,9,0.052130114287137985,simple_wiki,57497,15,7.569869041442871
D,D_C_43122,chck_90M,43122,C,heldout_natural_source_repeat,heldoutcopy:4:758:15653,4,0.017879097256809473,8,0.002300118561834097,childes,15653,11,0.02017921581864357
D,D_C_43122,chck_90M,43122,C,heldout_natural_source_repeat,heldoutcopy:4:759:37836,4,0.3259468348696828,8,0.01079434435814619,gutenberg,37836,10,0.336741179227829
D,D_C_43122,chck_90M,43122,C,heldout_natural_source_repeat,heldoutcopy:4:75:9557,4,0.09282847074791789,9,0.004833560902625322,childes,9557,14,0.09766203165054321
D,D_C_43122,chck_90M,43122,C,heldout_natural_source_repeat,heldoutcopy:4:760:43742,4,0.036499700509011745,9,0.005267550237476826,open_subtitles,43742,15,0.04176725074648857
D,D_C_43122,chck_90M,43122,C,heldout_natural_source_repeat,heldoutcopy:4:761:40555,4,0.09426162205636501,8,0.022387275472283363,open_subtitles,40555,11,0.11664889752864838
D,D_C_43122,chck_90M,43122,C,heldout_natural_source_repeat,heldoutcopy:4:762:2316,4,1.5357211753726006,8,0.11511767655611038,bnc_spoken,2316,10,1.650838851928711
D,D_C_43122,chck_90M,43122,C,heldout_natural_source_repeat,heldoutcopy:4:763:31284,4,2.309737518429756,14,0.10772101581096649,gutenberg,31284,23,2.4174585342407227
D,D_C_43122,chck_90M,43122,C,heldout_natural_source_repeat,heldoutcopy:4:764:20937,4,4.9465590454638,8,0.04194536432623863,childes,20937,10,4.988504409790039
D,D_C_43122,chck_90M,43122,C,heldout_natural_source_repeat,heldoutcopy:4:765:59305,4,9.638977561146021,8,0.04241987690329552,simple_wiki,59305,11,9.681397438049316
D,D_C_43122,chck_90M,43122,C,heldout_natural_source_repeat,heldoutcopy:4:766:52346,4,1.6415987759828568,8,0.025151178240776062,open_subtitles,52346,13,1.6667499542236328
D,D_C_43122,chck_90M,43122,C,heldout_natural_source_repeat,heldoutcopy:4:767:25201,4,7.8686180133372545,24,0.02699851803481579,gutenberg,25201,39,7.89561653137207
D,D_C_43122,chck_90M,43122,C,heldout_natural_source_repeat,heldoutcopy:4:768:2028,4,4.684103488922119,12,1.275648593902588,bnc_spoken,2028,20,5.959752082824707
D,D_C_43122,chck_90M,43122,C,heldout_natural_source_repeat,heldoutcopy:4:769:27172,4,2.199425809085369,22,0.1070936992764473,gutenberg,27172,36,2.3065195083618164
D,D_C_43122,chck_90M,43122,C,heldout_natural_source_repeat,heldoutcopy:4:76:24856,4,9.504908798262477,16,0.011836769059300423,gutenberg,24856,25,9.516745567321777
D,D_C_43122,chck_90M,43122,C,heldout_natural_source_repeat,heldoutcopy:4:770:14772,4,2.78358606249094,8,0.050010643899440765,childes,14772,12,2.833596706390381
D,D_C_43122,chck_90M,43122,C,heldout_natural_source_repeat,heldoutcopy:4:771:31988,4,2.2599675096571445,10,0.020647820085287094,gutenberg,31988,16,2.2806153297424316
D,D_C_43122,chck_90M,43122,C,heldout_natural_source_repeat,heldoutcopy:4:772:4282,4,0.33356182649731636,22,0.010655414313077927,bnc_spoken,4282,36,0.3442172408103943
D,D_C_43122,chck_90M,43122,C,heldout_natural_source_repeat,heldoutcopy:4:773:55763,4,6.321788648143411,11,0.015891214832663536,simple_wiki,55763,17,6.337679862976074
D,D_C_43122,chck_90M,43122,C,heldout_natural_source_repeat,heldoutcopy:4:774:17,4,4.8217417895793915,10,0.2644794285297394,bnc_spoken,17,16,5.086221218109131
D,D_C_43122,chck_90M,43122,C,heldout_natural_source_repeat,heldoutcopy:4:775:2498,4,2.083618998527527,12,0.764419436454773,bnc_spoken,2498,19,2.8480384349823
D,D_C_43122,chck_90M,43122,C,heldout_natural_source_repeat,heldoutcopy:4:776:49123,4,0.1820114254951477,9,0.002506569027900696,open_subtitles,49123,14,0.1845179945230484
D,D_C_43122,chck_90M,43122,C,heldout_natural_source_repeat,heldoutcopy:4:777:12708,4,0.0262751008849591,8,0.00354127143509686,childes,12708,12,0.02981637232005596
D,D_C_43122,chck_90M,43122,C,heldout_natural_source_repeat,heldoutcopy:4:778:62001,4,1.9102715365588665,9,0.038758862763643265,simple_wiki,62001,14,1.9490303993225098
D,D_C_43122,chck_90M,43122,C,heldout_natural_source_repeat,heldoutcopy:4:779:4611,4,5.340426921844482,25,2.079716205596924,bnc_spoken,4611,40,7.420143127441406
D,D_C_43122,chck_90M,43122,C,heldout_natural_source_repeat,heldoutcopy:4:77:14445,4,0.0011957441602135077,8,0.00013660451804753393,childes,14445,10,0.0013323486782610416
D,D_C_43122,chck_90M,43122,C,heldout_natural_source_repeat,heldoutcopy:4:780:57811,4,1.8966101654805243,9,0.005051468964666128,simple_wiki,57811,14,1.9016616344451904
D,D_C_43122,chck_90M,43122,C,heldout_natural_source_repeat,heldoutcopy:4:781:40078,4,-0.12801098823547363,8,2.296161413192749,open_subtitles,40078,13,2.1681504249572754
D,D_C_43122,chck_90M,43122,C,heldout_natural_source_repeat,heldoutcopy:4:782:8317,4,0.10047527332790196,10,0.00127948890440166,childes,8317,16,0.10175476223230362
D,D_C_43122,chck_90M,43122,C,heldout_natural_source_repeat,heldoutcopy:4:783:41601,4,5.1727097779512405,8,0.11639277637004852,open_subtitles,41601,10,5.289102554321289
D,D_C_43122,chck_90M,43122,C,heldout_natural_source_repeat,heldoutcopy:4:784:16162,4,0.004496255656704307,12,0.0026353413704782724,childes,16162,20,0.007131597027182579
D,D_C_43122,chck_90M,43122,C,heldout_natural_source_repeat,heldoutcopy:4:785:20577,4,10.570895224809647,8,0.15840908885002136,childes,20577,10,10.729304313659668
D,D_C_43122,chck_90M,43122,C,heldout_natural_source_repeat,heldoutcopy:4:786:2169,4,8.70422998815775,8,0.032502494752407074,bnc_spoken,2169,10,8.736732482910156
D,D_C_43122,chck_90M,43122,C,heldout_natural_source_repeat,heldoutcopy:4:787:16900,4,0.17021107859909534,8,0.028020022436976433,childes,16900,10,0.19823110103607178
D,D_C_43122,chck_90M,43122,C,heldout_natural_source_repeat,heldoutcopy:4:788:62443,4,3.7317993491888046,11,0.042327895760536194,switchboard,62443,17,3.774127244949341
D,D_C_43122,chck_90M,43122,C,heldout_natural_source_repeat,heldoutcopy:4:789:52856,4,8.117146434262395,11,0.031184254214167595,simple_wiki,52856,18,8.148330688476562
D,D_C_43122,chck_90M,43122,C,heldout_natural_source_repeat,heldoutcopy:4:78:58172,4,5.6397382859140635,21,0.02261141501367092,simple_wiki,58172,34,5.662349700927734
D,D_C_43122,chck_90M,43122,C,heldout_natural_source_repeat,heldoutcopy:4:790:30506,4,3.2867584824562073,17,0.11648052930831909,gutenberg,30506,28,3.4032390117645264
D,D_C_43122,chck_90M,43122,C,heldout_natural_source_repeat,heldoutcopy:4:791:1106,4,5.629151274915785,9,0.004265377763658762,bnc_spoken,1106,14,5.633416652679443
D,D_C_43122,chck_90M,43122,C,heldout_natural_source_repeat,heldoutcopy:4:792:60913,4,5.71509662643075,15,0.011244144290685654,simple_wiki,60913,24,5.7263407707214355
D,D_C_43122,chck_90M,43122,C,heldout_natural_source_repeat,heldoutcopy:4:793:6524,4,-2.6563415303826332e-05,22,0.0007759897271171212,childes,6524,36,0.0007494263118132949
D,D_C_43122,chck_90M,43122,C,heldout_natural_source_repeat,heldoutcopy:4:794:20010,4,1.222897605970502,8,0.007977528497576714,childes,20010,10,1.2308751344680786
D,D_C_43122,chck_90M,43122,C,heldout_natural_source_repeat,heldoutcopy:4:795:59034,4,1.216084343381226,25,0.005727428011596203,simple_wiki,59034,40,1.2218117713928223
D,D_C_43122,chck_90M,43122,C,heldout_natural_source_repeat,heldoutcopy:4:796:9547,4,0.054943857714533806,9,0.008188249543309212,childes,9547,15,0.06313210725784302
D,D_C_43122,chck_90M,43122,C,heldout_natural_source_repeat,heldoutcopy:4:797:23384,4,5.785668110474944,10,0.008947635069489479,gutenberg,23384,16,5.794615745544434
D,D_C_43122,chck_90M,43122,C,heldout_natural_source_repeat,heldoutcopy:4:798:55884,4,2.55721927061677,14,0.03841328248381615,simple_wiki,55884,23,2.595632553100586
D,D_C_43122,chck_90M,43122,C,heldout_natural_source_repeat,heldoutcopy:4:799:62199,4,3.3053371007554233,12,0.005122513044625521,simple_wiki,62199,19,3.310459613800049
D,D_C_43122,chck_90M,43122,C,heldout_natural_source_repeat,heldoutcopy:4:79:53393,4,11.344103327021003,25,0.018496999517083168,simple_wiki,53393,40,11.362600326538086
D,D_C_43122,chck_90M,43122,C,heldout_natural_source_repeat,heldoutcopy:4:7:4568,4,9.89839255809784,11,0.25981247425079346,bnc_spoken,4568,18,10.158205032348633
D,D_C_43122,chck_90M,43122,C,heldout_natural_source_repeat,heldoutcopy:4:800:21595,4,2.0551439747214317,8,0.023583270609378815,childes,21595,11,2.0787272453308105
D,D_C_43122,chck_90M,43122,C,heldout_natural_source_repeat,heldoutcopy:4:801:621,4,1.7013689614832401,8,0.018190231174230576,bnc_spoken,621,10,1.7195591926574707
D,D_C_43122,chck_90M,43122,C,heldout_natural_source_repeat,heldoutcopy:4:802:10391,4,0.8742964547127485,8,0.008206339552998543,childes,10391,11,0.8825027942657471
D,D_C_43122,chck_90M,43122,C,heldout_natural_source_repeat,heldoutcopy:4:803:26089,4,1.5055086873471737,28,0.032219503074884415,gutenberg,26089,54,1.537728190422058
D,D_C_43122,chck_90M,43122,C,heldout_natural_source_repeat,heldoutcopy:4:804:5745,4,5.936556845903397,8,0.450102299451828,childes,5745,10,6.386659145355225
D,D_C_43122,chck_90M,43122,C,heldout_natural_source_repeat,heldoutcopy:4:805:22598,4,8.666398068889976,17,0.025836924090981483,gutenberg,22598,27,8.692234992980957
D,D_C_43122,chck_90M,43122,C,heldout_natural_source_repeat,heldoutcopy:4:806:48065,4,1.3898739395663142,8,0.013160509057343006,open_subtitles,48065,11,1.4030344486236572
D,D_C_43122,chck_90M,43122,C,heldout_natural_source_repeat,heldoutcopy:4:807:22919,4,1.4180853813886642,17,0.1438496857881546,gutenberg,22919,28,1.5619350671768188
D,D_C_43122,chck_90M,43122,C,heldout_natural_source_repeat,heldoutcopy:4:808:45385,4,8.75633180886507,8,0.05907499045133591,open_subtitles,45385,10,8.815406799316406
D,D_C_43122,chck_90M,43122,C,heldout_natural_source_repeat,heldoutcopy:4:809:47930,4,2.635656416416168,25,0.7791747450828552,open_subtitles,47930,40,3.4148311614990234
D,D_C_43122,chck_90M,43122,C,heldout_natural_source_repeat,heldoutcopy:4:80:42785,4,6.571605801582336,9,0.2748755216598511,open_subtitles,42785,14,6.8464813232421875
D,D_C_43122,chck_90M,43122,C,heldout_natural_source_repeat,heldoutcopy:4:810:61418,4,0.9693773547187448,22,0.009708686731755733,simple_wiki,61418,36,0.9790860414505005
D,D_C_43122,chck_90M,43122,C,heldout_natural_source_repeat,heldoutcopy:4:811:22029,4,1.0728754205047153e-06,9,7.510157047363464e-06,childes,22029,14,8.583032467868179e-06
D,D_C_43122,chck_90M,43122,C,heldout_natural_source_repeat,heldoutcopy:4:812:43182,4,1.306602954864502,8,3.8985443115234375,open_subtitles,43182,10,5.2051472663879395
D,D_C_43122,chck_90M,43122,C,heldout_natural_source_repeat,heldoutcopy:4:813:1021,4,0.8216287195682526,8,0.40013977885246277,bnc_spoken,1021,10,1.2217684984207153
D,D_C_43122,chck_90M,43122,C,heldout_natural_source_repeat,heldoutcopy:4:814:16667,4,0.043316691066138446,14,0.0016183863626793027,childes,16667,23,0.04493507742881775
D,D_C_43122,chck_90M,43122,C,heldout_natural_source_repeat,heldoutcopy:4:815:14860,4,0.24738559126853943,8,0.06416735053062439,childes,14860,13,0.3115529417991638
D,D_C_43122,chck_90M,43122,C,heldout_natural_source_repeat,heldoutcopy:4:816:20633,4,1.1862887563183904,11,0.009164529852569103,childes,20633,17,1.1954532861709595
D,D_C_43122,chck_90M,43122,C,heldout_natural_source_repeat,heldoutcopy:4:817:39302,4,8.50536760687828,8,0.3320824205875397,open_subtitles,39302,10,8.83745002746582
D,D_C_43122,chck_90M,43122,C,heldout_natural_source_repeat,heldoutcopy:4:818:3416,4,7.214797168970108,8,0.27528366446495056,bnc_spoken,3416,12,7.490080833435059
D,D_C_43122,chck_90M,43122,C,heldout_natural_source_repeat,heldoutcopy:4:819:7608,4,6.286755319684744,8,0.0486447848379612,childes,7608,10,6.335400104522705
D,D_C_43122,chck_90M,43122,C,heldout_natural_source_repeat,heldoutcopy:4:81:56464,4,1.568516884552082,15,0.0002610342635307461,simple_wiki,56464,24,1.5687779188156128
D,D_C_43122,chck_90M,43122,C,heldout_natural_source_repeat,heldoutcopy:4:820:48514,4,5.214267730712891,8,1.7084426879882812,open_subtitles,48514,12,6.922710418701172
D,D_C_43122,chck_90M,43122,C,heldout_natural_source_repeat,heldoutcopy:4:821:39708,4,3.2120839953422546,8,0.6420431733131409,open_subtitles,39708,13,3.8541271686553955
D,D_C_43122,chck_90M,43122,C,heldout_natural_source_repeat,heldoutcopy:4:822:42196,4,10.054959405213594,8,0.05189789459109306,open_subtitles,42196,10,10.106857299804688
D,D_C_43122,chck_90M,43122,C,heldout_natural_source_repeat,heldoutcopy:4:823:2438,4,8.458375334739685,8,0.0347362756729126,bnc_spoken,2438,10,8.493111610412598
D,D_C_43122,chck_90M,43122,C,heldout_natural_source_repeat,heldoutcopy:4:824:39037,4,4.254892572760582,8,0.17125679552555084,open_subtitles,39037,10,4.426149368286133
D,D_C_43122,chck_90M,43122,C,heldout_natural_source_repeat,heldoutcopy:4:825:44343,4,5.725899636745453,8,0.3065224289894104,open_subtitles,44343,12,6.032422065734863
D,D_C_43122,chck_90M,43122,C,heldout_natural_source_repeat,heldoutcopy:4:826:20914,4,0.037436234299093485,8,0.005180032458156347,childes,20914,11,0.04261626675724983
D,D_C_43122,chck_90M,43122,C,heldout_natural_source_repeat,heldoutcopy:4:827:31635,4,7.121879119426012,19,0.038258057087659836,gutenberg,31635,31,7.160137176513672
D,D_C_43122,chck_90M,43122,C,heldout_natural_source_repeat,heldoutcopy:4:828:56150,4,3.9972520545125008,15,0.09965222328901291,simple_wiki,56150,24,4.096904277801514
D,D_C_43122,chck_90M,43122,C,heldout_natural_source_repeat,heldoutcopy:4:829:27293,4,12.035010600462556,12,0.025543903931975365,gutenberg,27293,20,12.060554504394531
D,D_C_43122,chck_90M,43122,C,heldout_natural_source_repeat,heldoutcopy:4:82:62077,4,0.0014897520304657519,11,0.0006187431863509119,simple_wiki,62077,18,0.0021084952168166637
D,D_C_43122,chck_90M,43122,C,heldout_natural_source_repeat,heldoutcopy:4:830:8902,4,1.1149105187505484,8,0.025158965960144997,childes,8902,10,1.1400694847106934
D,D_C_43122,chck_90M,43122,C,heldout_natural_source_repeat,heldoutcopy:4:831:7566,4,15.271108627319336,9,2.4279537200927734,childes,7566,15,17.69906234741211
D,D_C_43122,chck_90M,43122,C,heldout_natural_source_repeat,heldoutcopy:4:832:31805,4,0.1820416992995888,8,0.0018397325184196234,gutenberg,31805,12,0.18388143181800842
D,D_C_43122,chck_90M,43122,C,heldout_natural_source_repeat,heldoutcopy:4:833:58604,4,1.0422567022033036,8,0.0021225321106612682,simple_wiki,58604,11,1.0443792343139648
D,D_C_43122,chck_90M,43122,C,heldout_natural_source_repeat,heldoutcopy:4:834:29335,4,6.928915347903967,24,0.04284254088997841,gutenberg,29335,38,6.971757888793945
D,D_C_43122,chck_90M,43122,C,heldout_natural_source_repeat,heldoutcopy:4:835:32424,4,3.270542424172163,27,0.03427906706929207,gutenberg,32424,43,3.304821491241455
D,D_C_43122,chck_90M,43122,C,heldout_natural_source_repeat,heldoutcopy:4:836:32491,4,1.1369447340257466,13,0.003188646864145994,gutenberg,32491,21,1.1401333808898926
D,D_C_43122,chck_90M,43122,C,heldout_natural_source_repeat,heldoutcopy:4:837:17541,4,1.042946469038725,8,0.01590811088681221,childes,17541,10,1.058854579925537
D,D_C_43122,chck_90M,43122,C,heldout_natural_source_repeat,heldoutcopy:4:838:17100,4,-5.9604326452245e-07,14,5.483612312673358e-06,childes,17100,23,4.887569048150908e-06
D,D_C_43122,chck_90M,43122,C,heldout_natural_source_repeat,heldoutcopy:4:839:16116,4,0.12498193979263306,8,0.005926772952079773,childes,16116,11,0.13090871274471283
D,D_C_43122,chck_90M,43122,C,heldout_natural_source_repeat,heldoutcopy:4:83:19858,4,14.601946910843253,8,0.028468051925301552,childes,19858,10,14.630414962768555
D,D_C_43122,chck_90M,43122,C,heldout_natural_source_repeat,heldoutcopy:4:840:61880,4,0.09330272953957319,8,0.006274287588894367,simple_wiki,61880,12,0.09957701712846756
D,D_C_43122,chck_90M,43122,C,heldout_natural_source_repeat,heldoutcopy:4:841:4011,4,4.753854513168335,24,2.901163339614868,bnc_spoken,4011,39,7.655017852783203
D,D_C_43122,chck_90M,43122,C,heldout_natural_source_repeat,heldoutcopy:4:842:21502,4,9.063065208494663,17,0.0713094100356102,childes,21502,28,9.134374618530273
D,D_C_43122,chck_90M,43122,C,heldout_natural_source_repeat,heldoutcopy:4:843:34377,4,0.8878385238349438,9,0.012127120047807693,gutenberg,34377,14,0.8999656438827515
D,D_C_43122,chck_90M,43122,C,heldout_natural_source_repeat,heldoutcopy:4:844:9282,4,4.043959034606814,11,0.023225413635373116,childes,9282,17,4.0671844482421875
D,D_C_43122,chck_90M,43122,C,heldout_natural_source_repeat,heldoutcopy:4:845:41279,4,0.22006424982100725,8,0.008010405115783215,open_subtitles,41279,11,0.22807465493679047
D,D_C_43122,chck_90M,43122,C,heldout_natural_source_repeat,heldoutcopy:4:846:26595,4,2.5415055099874735,9,0.024849003180861473,gutenberg,26595,15,2.566354513168335
D,D_C_43122,chck_90M,43122,C,heldout_natural_source_repeat,heldoutcopy:4:847:37534,4,0.25331113091669977,19,0.0013171101454645395,gutenberg,37534,31,0.2546282410621643
D,D_C_43122,chck_90M,43122,C,heldout_natural_source_repeat,heldoutcopy:4:848:42726,4,0.3472400726750493,8,0.01357643585652113,open_subtitles,42726,13,0.36081650853157043
D,D_C_43122,chck_90M,43122,C,heldout_natural_source_repeat,heldoutcopy:4:849:2398,4,0.28355267457664013,8,0.005410077050328255,bnc_spoken,2398,10,0.2889627516269684
D,D_C_43122,chck_90M,43122,C,heldout_natural_source_repeat,heldoutcopy:4:84:51065,4,8.303655117750168,8,0.14722397923469543,open_subtitles,51065,11,8.450879096984863
D,D_C_43122,chck_90M,43122,C,heldout_natural_source_repeat,heldoutcopy:4:850:44506,4,0.7444545086473227,8,0.016825193539261818,open_subtitles,44506,10,0.7612797021865845
D,D_C_43122,chck_90M,43122,C,heldout_natural_source_repeat,heldoutcopy:4:851:34921,4,0.5709335058927536,12,0.15625037252902985,gutenberg,34921,20,0.7271838784217834
D,D_C_43122,chck_90M,43122,C,heldout_natural_source_repeat,heldoutcopy:4:852:45743,4,0.24356216005980968,8,0.016029538586735725,open_subtitles,45743,12,0.2595916986465454
D,D_C_43122,chck_90M,43122,C,heldout_natural_source_repeat,heldoutcopy:4:853:62412,4,2.8026532232761383,13,0.36288079619407654,switchboard,62412,21,3.165534019470215
D,D_C_43122,chck_90M,43122,C,heldout_natural_source_repeat,heldoutcopy:4:854:385,4,0.01978190615773201,9,0.05751665309071541,bnc_spoken,385,14,0.07729855924844742
D,D_C_43122,chck_90M,43122,C,heldout_natural_source_repeat,heldoutcopy:4:855:41416,4,1.3865839904174209,9,0.013347321189939976,open_subtitles,41416,14,1.3999313116073608
D,D_C_43122,chck_90M,43122,C,heldout_natural_source_repeat,heldoutcopy:4:856:1017,4,9.874042872339487,8,0.04251539334654808,bnc_spoken,1017,12,9.916558265686035
D,D_C_43122,chck_90M,43122,C,heldout_natural_source_repeat,heldoutcopy:4:857:2509,4,1.8102994244545698,8,0.013030143454670906,bnc_spoken,2509,11,1.8233295679092407
D,D_C_43122,chck_90M,43122,C,heldout_natural_source_repeat,heldoutcopy:4:858:11424,4,0.02592829061904922,10,0.00032884435495361686,childes,11424,16,0.026257134974002838
D,D_C_43122,chck_90M,43122,C,heldout_natural_source_repeat,heldoutcopy:4:859:47134,4,9.114573247730732,8,0.06870006769895554,open_subtitles,47134,11,9.183273315429688
D,D_C_43122,chck_90M,43122,C,heldout_natural_source_repeat,heldoutcopy:4:85:2742,4,3.7601356506347656,11,0.5730881690979004,bnc_spoken,2742,18,4.333223819732666
D,D_C_43122,chck_90M,43122,C,heldout_natural_source_repeat,heldoutcopy:4:860:28821,4,7.007854508236051,9,0.03107447735965252,gutenberg,28821,14,7.038928985595703
D,D_C_43122,chck_90M,43122,C,heldout_natural_source_repeat,heldoutcopy:4:861:32449,4,8.135476229712367,24,0.030527951195836067,gutenberg,32449,39,8.166004180908203
D,D_C_43122,chck_90M,43122,C,heldout_natural_source_repeat,heldoutcopy:4:862:52072,4,0.21504593454301357,8,0.022619688883423805,open_subtitles,52072,12,0.23766562342643738
D,D_C_43122,chck_90M,43122,C,heldout_natural_source_repeat,heldoutcopy:4:863:57823,4,3.304611921310425,14,1.7153422832489014,simple_wiki,57823,23,5.019954204559326
D,D_C_43122,chck_90M,43122,C,heldout_natural_source_repeat,heldoutcopy:4:864:13148,4,1.2405181899666786,8,0.06524195522069931,childes,13148,10,1.305760145187378
D,D_C_43122,chck_90M,43122,C,heldout_natural_source_repeat,heldoutcopy:4:865:22601,4,3.9537735134363174,24,0.01900218427181244,gutenberg,22601,38,3.97277569770813
D,D_C_43122,chck_90M,43122,C,heldout_natural_source_repeat,heldoutcopy:4:866:20828,4,2.305108740925789,11,0.1543164700269699,childes,20828,17,2.459425210952759
D,D_C_43122,chck_90M,43122,C,heldout_natural_source_repeat,heldoutcopy:4:867:29969,4,11.142669567838311,24,0.01654922030866146,gutenberg,29969,39,11.159218788146973
D,D_C_43122,chck_90M,43122,C,heldout_natural_source_repeat,heldoutcopy:4:868:18025,4,3.3454103097319603,11,0.06916884332895279,childes,18025,18,3.414579153060913
D,D_C_43122,chck_90M,43122,C,heldout_natural_source_repeat,heldoutcopy:4:869:43927,4,-0.19430840015411377,8,2.094558000564575,open_subtitles,43927,10,1.9002496004104614
D,D_C_43122,chck_90M,43122,C,heldout_natural_source_repeat,heldoutcopy:4:86:53193,4,10.324886359274387,12,0.08842083066701889,simple_wiki,53193,19,10.413307189941406
D,D_C_43122,chck_90M,43122,C,heldout_natural_source_repeat,heldoutcopy:4:870:19929,4,2.515750840306282,8,0.10016398131847382,childes,19929,10,2.615914821624756
D,D_C_43122,chck_90M,43122,C,heldout_natural_source_repeat,heldoutcopy:4:871:5690,4,-2.5033732526935637e-06,8,9.894321920000948e-06,childes,5690,10,7.390948667307384e-06
D,D_C_43122,chck_90M,43122,C,heldout_natural_source_repeat,heldoutcopy:4:872:57116,4,5.927521098405123,11,0.011755596846342087,simple_wiki,57116,17,5.939276695251465
D,D_C_43122,chck_90M,43122,C,heldout_natural_source_repeat,heldoutcopy:4:873:46374,4,4.5676295310258865,8,0.12684373557567596,open_subtitles,46374,11,4.6944732666015625
D,D_C_43122,chck_90M,43122,C,heldout_natural_source_repeat,heldoutcopy:4:874:48767,4,5.104315280914307,9,0.0876913070678711,open_subtitles,48767,14,5.192006587982178
D,D_C_43122,chck_90M,43122,C,heldout_natural_source_repeat,heldoutcopy:4:875:57919,4,0.7151540582999587,8,0.012636237777769566,simple_wiki,57919,12,0.7277902960777283
D,D_C_43122,chck_90M,43122,C,heldout_natural_source_repeat,heldoutcopy:4:876:26625,4,11.980078935623169,18,0.3240535259246826,gutenberg,26625,29,12.304132461547852
D,D_C_43122,chck_90M,43122,C,heldout_natural_source_repeat,heldoutcopy:4:877:2178,4,4.397929914295673,8,0.09429477900266647,bnc_spoken,2178,10,4.49222469329834
D,D_C_43122,chck_90M,43122,C,heldout_natural_source_repeat,heldoutcopy:4:878:4413,4,5.481202505528927,27,0.11522922664880753,bnc_spoken,4413,44,5.596431732177734
D,D_C_43122,chck_90M,43122,C,heldout_natural_source_repeat,heldoutcopy:4:879:13202,4,0.00019595784033299424,8,1.549708758830093e-05,childes,13202,10,0.00021145492792129517
D,D_C_43122,chck_90M,43122,C,heldout_natural_source_repeat,heldoutcopy:4:87:7684,4,4.076791992702056e-05,11,2.0265373677830212e-05,childes,7684,18,6.103329360485077e-05
D,D_C_43122,chck_90M,43122,C,heldout_natural_source_repeat,heldoutcopy:4:880:5429,4,0.5074191279709339,10,0.005435805767774582,childes,5429,16,0.5128549337387085
D,D_C_43122,chck_90M,43122,C,heldout_natural_source_repeat,heldoutcopy:4:881:24719,4,9.917024940252304,28,0.046325355768203735,gutenberg,24719,55,9.963350296020508
D,D_C_43122,chck_90M,43122,C,heldout_natural_source_repeat,heldoutcopy:4:882:30452,4,4.574875235557556,28,0.7842823266983032,gutenberg,30452,50,5.359157562255859
D,D_C_43122,chck_90M,43122,C,heldout_natural_source_repeat,heldoutcopy:4:883:13963,4,4.007200334221125,8,0.06249084696173668,childes,13963,11,4.069691181182861
D,D_C_43122,chck_90M,43122,C,heldout_natural_source_repeat,heldoutcopy:4:884:31303,4,2.7280360013246536,8,0.09965912997722626,gutenberg,31303,12,2.82769513130188
D,D_C_43122,chck_90M,43122,C,heldout_natural_source_repeat,heldoutcopy:4:885:3743,4,6.917860120534897,9,0.4335402548313141,bnc_spoken,3743,14,7.351400375366211
D,D_C_43122,chck_90M,43122,C,heldout_natural_source_repeat,heldoutcopy:4:886:28239,4,0.9515477083623409,11,0.007903967052698135,gutenberg,28239,17,0.9594516754150391
D,D_C_43122,chck_90M,43122,C,heldout_natural_source_repeat,heldoutcopy:4:887:8095,4,0.11904631182551384,22,0.03700551763176918,childes,8095,36,0.15605182945728302
D,D_C_43122,chck_90M,43122,C,heldout_natural_source_repeat,heldoutcopy:4:888:9966,4,0.001990867778658867,10,0.0005833592731505632,childes,9966,16,0.00257422705180943
D,D_C_43122,chck_90M,43122,C,heldout_natural_source_repeat,heldoutcopy:4:889:27580,4,8.737534284591675,8,3.2348453998565674,gutenberg,27580,13,11.972379684448242
D,D_C_43122,chck_90M,43122,C,heldout_natural_source_repeat,heldoutcopy:4:88:26402,4,0.05791767127811909,17,0.009261621162295341,gutenberg,26402,27,0.06717929244041443
D,D_C_43122,chck_90M,43122,C,heldout_natural_source_repeat,heldoutcopy:4:890:36078,4,0.5855515133589506,20,0.020293699577450752,gutenberg,36078,32,0.6058452129364014
D,D_C_43122,chck_90M,43122,C,heldout_natural_source_repeat,heldoutcopy:4:891:32669,4,0.2322119027376175,24,0.0655054897069931,gutenberg,32669,39,0.2977173924446106
D,D_C_43122,chck_90M,43122,C,heldout_natural_source_repeat,heldoutcopy:4:892:60140,4,5.716952085494995,8,0.42621493339538574,simple_wiki,60140,11,6.143167018890381
D,D_C_43122,chck_90M,43122,C,heldout_natural_source_repeat,heldoutcopy:4:893:59856,4,8.984961420297623,8,0.1957455575466156,simple_wiki,59856,13,9.180706977844238
D,D_C_43122,chck_90M,43122,C,heldout_natural_source_repeat,heldoutcopy:4:894:59127,4,4.820346569642425,16,0.016024375334382057,simple_wiki,59127,26,4.836370944976807
D,D_C_43122,chck_90M,43122,C,heldout_natural_source_repeat,heldoutcopy:4:895:14551,4,5.214465729892254,8,0.12253511697053909,childes,14551,10,5.337000846862793
D,D_C_43122,chck_90M,43122,C,heldout_natural_source_repeat,heldoutcopy:4:896:52459,4,7.741624355316162,8,1.3637070655822754,open_subtitles,52459,11,9.105331420898438
D,D_C_43122,chck_90M,43122,C,heldout_natural_source_repeat,heldoutcopy:4:897:4694,4,0.01937495870515704,10,0.006379714701324701,bnc_spoken,4694,16,0.025754673406481743
D,D_C_43122,chck_90M,43122,C,heldout_natural_source_repeat,heldoutcopy:4:898:42518,4,0.22724234126508236,8,0.01599305309355259,open_subtitles,42518,13,0.24323539435863495
D,D_C_43122,chck_90M,43122,C,heldout_natural_source_repeat,heldoutcopy:4:899:28372,4,1.4018955379724503,8,0.02119801938533783,gutenberg,28372,11,1.423093557357788
D,D_C_43122,chck_90M,43122,C,heldout_natural_source_repeat,heldoutcopy:4:89:19296,4,7.509347778977826e-05,15,7.390703103737906e-05,childes,19296,24,0.00014900050882715732
D,D_C_43122,chck_90M,43122,C,heldout_natural_source_repeat,heldoutcopy:4:8:34034,4,3.5078925816342235,22,0.00852611381560564,gutenberg,34034,35,3.516418695449829
D,D_C_43122,chck_90M,43122,C,heldout_natural_source_repeat,heldoutcopy:4:900:11179,4,1.8630263339728117,8,0.012730168178677559,childes,11179,10,1.8757565021514893
D,D_C_43122,chck_90M,43122,C,heldout_natural_source_repeat,heldoutcopy:4:901:57402,4,1.029518861323595,8,0.01958368346095085,simple_wiki,57402,10,1.049102544784546
D,D_C_43122,chck_90M,43122,C,heldout_natural_source_repeat,heldoutcopy:4:902:37885,4,0.1638767570257187,26,0.01753436028957367,gutenberg,37885,42,0.18141111731529236
D,D_C_43122,chck_90M,43122,C,heldout_natural_source_repeat,heldoutcopy:4:903:56585,4,1.8855003975331783,11,0.05393758788704872,simple_wiki,56585,17,1.939437985420227
D,D_C_43122,chck_90M,43122,C,heldout_natural_source_repeat,heldoutcopy:4:904:42018,4,11.780315279960632,8,1.0206433534622192,open_subtitles,42018,10,12.800958633422852
D,D_C_43122,chck_90M,43122,C,heldout_natural_source_repeat,heldoutcopy:4:905:31444,4,6.8357634879648685,11,0.019656624644994736,gutenberg,31444,18,6.855420112609863
D,D_C_43122,chck_90M,43122,C,heldout_natural_source_repeat,heldoutcopy:4:906:6509,4,6.679588258266449,8,0.05466562509536743,childes,6509,12,6.734253883361816
D,D_C_43122,chck_90M,43122,C,heldout_natural_source_repeat,heldoutcopy:4:907:39821,4,7.3370263278484344,14,0.014324456453323364,open_subtitles,39821,22,7.351350784301758
D,D_C_43122,chck_90M,43122,C,heldout_natural_source_repeat,heldoutcopy:4:908:28225,4,0.1698652715422213,8,0.006787577178329229,gutenberg,28225,10,0.17665284872055054
D,D_C_43122,chck_90M,43122,C,heldout_natural_source_repeat,heldoutcopy:4:909:37546,4,5.3466601967811584,8,0.29312652349472046,gutenberg,37546,12,5.639786720275879
D,D_C_43122,chck_90M,43122,C,heldout_natural_source_repeat,heldoutcopy:4:90:21992,4,6.404139161109924,8,1.977362036705017,childes,21992,11,8.381501197814941
D,D_C_43122,chck_90M,43122,C,heldout_natural_source_repeat,heldoutcopy:4:910:30021,4,0.9519318325910717,16,0.0021821276750415564,gutenberg,30021,25,0.9541139602661133
D,D_C_43122,chck_90M,43122,C,heldout_natural_source_repeat,heldoutcopy:4:911:24634,4,8.419967539608479,17,0.06546127051115036,gutenberg,24634,28,8.485428810119629
D,D_C_43122,chck_90M,43122,C,heldout_natural_source_repeat,heldoutcopy:4:912:33486,4,0.49907525442540646,12,0.02065143920481205,gutenberg,33486,20,0.5197266936302185
D,D_C_43122,chck_90M,43122,C,heldout_natural_source_repeat,heldoutcopy:4:913:22980,4,4.938899397850037,9,0.09165441989898682,gutenberg,22980,14,5.030553817749023
D,D_C_43122,chck_90M,43122,C,heldout_natural_source_repeat,heldoutcopy:4:914:15458,4,0.005615361500531435,19,0.004065463785082102,childes,15458,30,0.009680825285613537
D,D_C_43122,chck_90M,43122,C,heldout_natural_source_repeat,heldoutcopy:4:915:38729,4,2.269217411056161,8,0.010671218857169151,open_subtitles,38729,13,2.27988862991333
D,D_C_43122,chck_90M,43122,C,heldout_natural_source_repeat,heldoutcopy:4:916:55379,4,-0.0005156472325325012,12,0.008187539875507355,simple_wiki,55379,19,0.0076718926429748535
D,D_C_43122,chck_90M,43122,C,heldout_natural_source_repeat,heldoutcopy:4:917:21118,4,0.0594426984898746,9,0.0047034104354679585,childes,21118,15,0.06414610892534256
D,D_C_43122,chck_90M,43122,C,heldout_natural_source_repeat,heldoutcopy:4:918:15064,4,1.466315682977438,8,0.060559097677469254,childes,15064,13,1.5268747806549072
D,D_C_43122,chck_90M,43122,C,heldout_natural_source_repeat,heldoutcopy:4:919:41577,4,5.1225042045116425,8,0.3571219742298126,open_subtitles,41577,13,5.479626178741455
D,D_C_43122,chck_90M,43122,C,heldout_natural_source_repeat,heldoutcopy:4:91:52738,4,4.749496608972549,8,0.024019092321395874,open_subtitles,52738,10,4.773515701293945
D,D_C_43122,chck_90M,43122,C,heldout_natural_source_repeat,heldoutcopy:4:920:12203,4,0.243058443069458,22,0.24266618490219116,childes,12203,36,0.48572462797164917
D,D_C_43122,chck_90M,43122,C,heldout_natural_source_repeat,heldoutcopy:4:921:6709,4,8.116175286471844,8,0.026412375271320343,childes,6709,10,8.142587661743164
D,D_C_43122,chck_90M,43122,C,heldout_natural_source_repeat,heldoutcopy:4:922:7765,4,5.4701385870575905,8,0.07735439389944077,childes,7765,11,5.547492980957031
D,D_C_43122,chck_90M,43122,C,heldout_natural_source_repeat,heldoutcopy:4:923:58089,4,0.4984656445449218,8,0.0016111262375488877,simple_wiki,58089,11,0.5000767707824707
D,D_C_43122,chck_90M,43122,C,heldout_natural_source_repeat,heldoutcopy:4:924:25067,4,2.893890855833888,11,0.009664060547947884,gutenberg,25067,17,2.903554916381836
D,D_C_43122,chck_90M,43122,C,heldout_natural_source_repeat,heldoutcopy:4:925:54134,4,7.2038701474666595,9,0.14105620980262756,simple_wiki,54134,14,7.344926357269287
D,D_C_43122,chck_90M,43122,C,heldout_natural_source_repeat,heldoutcopy:4:926:41696,4,0.22122087888419628,8,0.01246565766632557,open_subtitles,41696,10,0.23368653655052185
D,D_C_43122,chck_90M,43122,C,heldout_natural_source_repeat,heldoutcopy:4:927:50330,4,-0.31757187843322754,8,3.655578374862671,open_subtitles,50330,10,3.3380064964294434
D,D_C_43122,chck_90M,43122,C,heldout_natural_source_repeat,heldoutcopy:4:928:847,4,11.844641119241714,28,0.18460997939109802,bnc_spoken,847,55,12.029251098632812
D,D_C_43122,chck_90M,43122,C,heldout_natural_source_repeat,heldoutcopy:4:929:59105,4,6.389979362487793,20,1.866628646850586,simple_wiki,59105,32,8.256608009338379
D,D_C_43122,chck_90M,43122,C,heldout_natural_source_repeat,heldoutcopy:4:92:1782,4,0.3161939177662134,19,0.026037296280264854,bnc_spoken,1782,31,0.34223121404647827
D,D_C_43122,chck_90M,43122,C,heldout_natural_source_repeat,heldoutcopy:4:930:57367,4,14.997707544825971,12,0.008970082737505436,simple_wiki,57367,19,15.006677627563477
D,D_C_43122,chck_90M,43122,C,heldout_natural_source_repeat,heldoutcopy:4:931:46622,4,7.277760554105043,8,0.016785573214292526,open_subtitles,46622,13,7.294546127319336
D,D_C_43122,chck_90M,43122,C,heldout_natural_source_repeat,heldoutcopy:4:932:41058,4,1.0250165238976479,10,0.03384377807378769,open_subtitles,41058,16,1.0588603019714355
D,D_C_43122,chck_90M,43122,C,heldout_natural_source_repeat,heldoutcopy:4:933:45346,4,0.01020023226737976,26,0.11719264090061188,open_subtitles,45346,42,0.12739287316799164
D,D_C_43122,chck_90M,43122,C,heldout_natural_source_repeat,heldoutcopy:4:934:13446,4,1.0951452925801277,10,0.038988880813121796,childes,13446,16,1.1341341733932495
D,D_C_43122,chck_90M,43122,C,heldout_natural_source_repeat,heldoutcopy:4:935:49051,4,1.5967839295044541,8,0.006766027770936489,open_subtitles,49051,11,1.6035499572753906
D,D_C_43122,chck_90M,43122,C,heldout_natural_source_repeat,heldoutcopy:4:936:12815,4,0.10546302050352097,8,0.031156174838542938,childes,12815,10,0.1366191953420639
D,D_C_43122,chck_90M,43122,C,heldout_natural_source_repeat,heldoutcopy:4:937:53678,4,13.270172894001007,11,0.8247939944267273,simple_wiki,53678,17,14.094966888427734
D,D_C_43122,chck_90M,43122,C,heldout_natural_source_repeat,heldoutcopy:4:938:13280,4,0.09838616847991943,9,0.29324692487716675,childes,13280,14,0.3916330933570862
D,D_C_43122,chck_90M,43122,C,heldout_natural_source_repeat,heldoutcopy:4:939:48948,4,4.981826983392239,8,0.022354401648044586,open_subtitles,48948,12,5.004181385040283
D,D_C_43122,chck_90M,43122,C,heldout_natural_source_repeat,heldoutcopy:4:93:9009,4,0.12887064181268215,11,0.027919286862015724,childes,9009,18,0.15678992867469788
D,D_C_43122,chck_90M,43122,C,heldout_natural_source_repeat,heldoutcopy:4:940:46184,4,3.9355695359408855,8,0.04413365200161934,open_subtitles,46184,10,3.979703187942505
D,D_C_43122,chck_90M,43122,C,heldout_natural_source_repeat,heldoutcopy:4:941:48987,4,4.321893664076924,9,0.029213933274149895,open_subtitles,48987,14,4.351107597351074
D,D_C_43122,chck_90M,43122,C,heldout_natural_source_repeat,heldoutcopy:4:942:45898,4,5.217486915178597,8,0.015519562177360058,open_subtitles,45898,12,5.233006477355957
D,D_C_43122,chck_90M,43122,C,heldout_natural_source_repeat,heldoutcopy:4:943:28689,4,4.468134015798569,10,0.3270491659641266,gutenberg,28689,16,4.795183181762695
D,D_C_43122,chck_90M,43122,C,heldout_natural_source_repeat,heldoutcopy:4:944:61685,4,-0.016214519739151,8,0.038320355117321014,simple_wiki,61685,10,0.022105835378170013
D,D_C_43122,chck_90M,43122,C,heldout_natural_source_repeat,heldoutcopy:4:945:10864,4,0.16632811725139618,8,0.06998224556446075,childes,10864,11,0.23631036281585693
D,D_C_43122,chck_90M,43122,C,heldout_natural_source_repeat,heldoutcopy:4:946:47898,4,2.871151940897107,8,0.021242601796984673,open_subtitles,47898,10,2.892394542694092
D,D_C_43122,chck_90M,43122,C,heldout_natural_source_repeat,heldoutcopy:4:947:33695,4,5.553727865219116,9,1.4125831127166748,gutenberg,33695,14,6.966310977935791
D,D_C_43122,chck_90M,43122,C,heldout_natural_source_repeat,heldoutcopy:4:948:42512,4,2.544392004609108,8,0.2144831269979477,open_subtitles,42512,10,2.7588751316070557
D,D_C_43122,chck_90M,43122,C,heldout_natural_source_repeat,heldoutcopy:4:949:33928,4,7.66659190505743,16,0.09785435348749161,gutenberg,33928,26,7.764446258544922
D,D_C_43122,chck_90M,43122,C,heldout_natural_source_repeat,heldoutcopy:4:94:35332,4,14.261885147541761,24,0.03814079239964485,gutenberg,35332,39,14.300025939941406
D,D_C_43122,chck_90M,43122,C,heldout_natural_source_repeat,heldoutcopy:4:950:61670,4,0.8995674401521683,13,0.023747190833091736,simple_wiki,61670,21,0.92331463098526
D,D_C_43122,chck_90M,43122,C,heldout_natural_source_repeat,heldoutcopy:4:951:29266,4,7.4913879204541445,21,0.012207908555865288,gutenberg,29266,34,7.50359582901001
D,D_C_43122,chck_90M,43122,C,heldout_natural_source_repeat,heldoutcopy:4:952:7226,4,3.3364116437733173,8,0.037862371653318405,childes,7226,11,3.3742740154266357
D,D_C_43122,chck_90M,43122,C,heldout_natural_source_repeat,heldoutcopy:4:953:43432,4,0.2330818884074688,8,0.006456468254327774,open_subtitles,43432,13,0.23953835666179657
D,D_C_43122,chck_90M,43122,C,heldout_natural_source_repeat,heldoutcopy:4:954:46053,4,6.246231406927109,8,0.3648463785648346,open_subtitles,46053,10,6.611077785491943
D,D_C_43122,chck_90M,43122,C,heldout_natural_source_repeat,heldoutcopy:4:955:39864,4,1.7727546589449048,9,0.010396371595561504,open_subtitles,39864,14,1.7831510305404663
D,D_C_43122,chck_90M,43122,C,heldout_natural_source_repeat,heldoutcopy:4:956:42117,4,13.071677573025227,8,0.12045060843229294,open_subtitles,42117,10,13.19212818145752
D,D_C_43122,chck_90M,43122,C,heldout_natural_source_repeat,heldoutcopy:4:957:1101,4,4.64091070741415,13,0.0975145474076271,bnc_spoken,1101,21,4.738425254821777
D,D_C_43122,chck_90M,43122,C,heldout_natural_source_repeat,heldoutcopy:4:958:44368,4,6.29786791652441,8,0.08600983768701553,open_subtitles,44368,11,6.383877754211426
D,D_C_43122,chck_90M,43122,C,heldout_natural_source_repeat,heldoutcopy:4:959:7962,4,7.940178167074919,9,0.053688276559114456,childes,7962,14,7.993866443634033
D,D_C_43122,chck_90M,43122,C,heldout_natural_source_repeat,heldoutcopy:4:95:36631,4,3.385546252131462,15,0.03183169662952423,gutenberg,36631,24,3.4173779487609863
D,D_C_43122,chck_90M,43122,C,heldout_natural_source_repeat,heldoutcopy:4:960:27754,4,3.858747258782387,11,0.052226290106773376,gutenberg,27754,17,3.91097354888916
D,D_C_43122,chck_90M,43122,C,heldout_natural_source_repeat,heldoutcopy:4:961:35581,4,3.2493271231651306,16,0.7825337052345276,gutenberg,35581,26,4.031860828399658
D,D_C_43122,chck_90M,43122,C,heldout_natural_source_repeat,heldoutcopy:4:962:3863,4,4.830010902136564,15,0.05570267513394356,bnc_spoken,3863,24,4.885713577270508
D,D_C_43122,chck_90M,43122,C,heldout_natural_source_repeat,heldoutcopy:4:963:22662,4,6.315186493098736,12,0.018044479191303253,gutenberg,22662,20,6.333230972290039
D,D_C_43122,chck_90M,43122,C,heldout_natural_source_repeat,heldoutcopy:4:964:21684,4,1.8831309080123901,8,0.36900627613067627,childes,21684,10,2.2521371841430664
D,D_C_43122,chck_90M,43122,C,heldout_natural_source_repeat,heldoutcopy:4:965:52900,4,7.784392677247524,9,0.06657854467630386,simple_wiki,52900,14,7.850971221923828
D,D_C_43122,chck_90M,43122,C,heldout_natural_source_repeat,heldoutcopy:4:966:58103,4,2.4370153807103634,8,0.03660646453499794,simple_wiki,58103,10,2.4736218452453613
D,D_C_43122,chck_90M,43122,C,heldout_natural_source_repeat,heldoutcopy:4:967:16831,4,2.6579458713531494,22,0.8652501106262207,childes,16831,35,3.52319598197937
D,D_C_43122,chck_90M,43122,C,heldout_natural_source_repeat,heldoutcopy:4:968:3770,4,5.785771802067757,11,0.08343653380870819,bnc_spoken,3770,17,5.869208335876465
D,D_C_43122,chck_90M,43122,C,heldout_natural_source_repeat,heldoutcopy:4:969:36445,4,7.951204858720303,28,0.09626904875040054,gutenberg,36445,46,8.047473907470703
D,D_C_43122,chck_90M,43122,C,heldout_natural_source_repeat,heldoutcopy:4:96:27893,4,0.43002405762672424,14,0.23612144589424133,gutenberg,27893,23,0.6661455035209656
D,D_C_43122,chck_90M,43122,C,heldout_natural_source_repeat,heldoutcopy:4:970:56701,4,11.655298233032227,12,1.1582164764404297,simple_wiki,56701,19,12.813514709472656
D,D_C_43122,chck_90M,43122,C,heldout_natural_source_repeat,heldoutcopy:4:971:1103,4,4.59907092154026,10,0.13751421868801117,bnc_spoken,1103,16,4.7365851402282715
D,D_C_43122,chck_90M,43122,C,heldout_natural_source_repeat,heldoutcopy:4:972:45869,4,0.03978952020406723,8,0.0005105622112751007,open_subtitles,45869,11,0.04030008241534233
D,D_C_43122,chck_90M,43122,C,heldout_natural_source_repeat,heldoutcopy:4:973:49195,4,0.12412589555606246,9,0.007125797215849161,open_subtitles,49195,14,0.13125169277191162
D,D_C_43122,chck_90M,43122,C,heldout_natural_source_repeat,heldoutcopy:4:974:60340,4,2.466544821858406,16,0.18378739058971405,simple_wiki,60340,25,2.65033221244812
D,D_C_43122,chck_90M,43122,C,heldout_natural_source_repeat,heldoutcopy:4:975:29116,4,4.709346127929166,25,0.002786802826449275,gutenberg,29116,40,4.712132930755615
D,D_C_43122,chck_90M,43122,C,heldout_natural_source_repeat,heldoutcopy:4:976:3248,4,2.9068082869052887,14,0.3898058831691742,bnc_spoken,3248,23,3.296614170074463
D,D_C_43122,chck_90M,43122,C,heldout_natural_source_repeat,heldoutcopy:4:977:42551,4,0.6289505185559392,8,0.015594678930938244,open_subtitles,42551,10,0.6445451974868774
D,D_C_43122,chck_90M,43122,C,heldout_natural_source_repeat,heldoutcopy:4:978:40906,4,5.671504735946655,8,0.7321021556854248,open_subtitles,40906,13,6.40360689163208
D,D_C_43122,chck_90M,43122,C,heldout_natural_source_repeat,heldoutcopy:4:979:34980,4,1.1451716325245798,8,0.006263981107622385,gutenberg,34980,11,1.1514356136322021
D,D_C_43122,chck_90M,43122,C,heldout_natural_source_repeat,heldoutcopy:4:97:45118,4,7.677448064088821,8,0.4221594035625458,open_subtitles,45118,12,8.099607467651367
D,D_C_43122,chck_90M,43122,C,heldout_natural_source_repeat,heldoutcopy:4:980:45182,4,5.1757179684937,22,0.036843638867139816,open_subtitles,45182,36,5.21256160736084
D,D_C_43122,chck_90M,43122,C,heldout_natural_source_repeat,heldoutcopy:4:981:23262,4,0.4367022244259715,9,0.008616176433861256,gutenberg,23262,15,0.44531840085983276
D,D_C_43122,chck_90M,43122,C,heldout_natural_source_repeat,heldoutcopy:4:982:14390,4,4.190670838812366,8,0.0031973214354366064,childes,14390,10,4.193868160247803
D,D_C_43122,chck_90M,43122,C,heldout_natural_source_repeat,heldoutcopy:4:983:47457,4,0.750504759605974,8,0.00563070410862565,open_subtitles,47457,10,0.7561354637145996
D,D_C_43122,chck_90M,43122,C,heldout_natural_source_repeat,heldoutcopy:4:984:22203,4,4.493955566431396e-05,10,2.9682672902708873e-05,childes,22203,16,7.462222856702283e-05
D,D_C_43122,chck_90M,43122,C,heldout_natural_source_repeat,heldoutcopy:4:985:12351,4,0.09959508897736669,8,0.004397365730255842,childes,12351,12,0.10399245470762253
D,D_C_43122,chck_90M,43122,C,heldout_natural_source_repeat,heldoutcopy:4:986:57437,4,5.058608204126358,11,0.1454542577266693,simple_wiki,57437,18,5.204062461853027
D,D_C_43122,chck_90M,43122,C,heldout_natural_source_repeat,heldoutcopy:4:987:29698,4,10.284759402275085,15,0.185339093208313,gutenberg,29698,24,10.470098495483398
D,D_C_43122,chck_90M,43122,C,heldout_natural_source_repeat,heldoutcopy:4:988:44843,4,5.924046143889427,8,0.06994523108005524,open_subtitles,44843,11,5.993991374969482
D,D_C_43122,chck_90M,43122,C,heldout_natural_source_repeat,heldoutcopy:4:989:35703,4,7.06093467772007,8,0.12661300599575043,gutenberg,35703,12,7.18754768371582
D,D_C_43122,chck_90M,43122,C,heldout_natural_source_repeat,heldoutcopy:4:98:13042,4,1.1374519155360758,9,0.006901474203914404,childes,13042,14,1.1443533897399902
D,D_C_43122,chck_90M,43122,C,heldout_natural_source_repeat,heldoutcopy:4:990:20603,4,0.6474658083170652,12,0.020137624815106392,childes,20603,20,0.6676034331321716
D,D_C_43122,chck_90M,43122,C,heldout_natural_source_repeat,heldoutcopy:4:991:13506,4,4.769441246986389,10,1.4596079587936401,childes,13506,16,6.229049205780029
D,D_C_43122,chck_90M,43122,C,heldout_natural_source_repeat,heldoutcopy:4:992:41712,4,0.030307799577713013,9,0.004274636507034302,open_subtitles,41712,14,0.034582436084747314
D,D_C_43122,chck_90M,43122,C,heldout_natural_source_repeat,heldoutcopy:4:993:54425,4,12.206496924161911,8,0.1804840862751007,simple_wiki,54425,13,12.386981010437012
D,D_C_43122,chck_90M,43122,C,heldout_natural_source_repeat,heldoutcopy:4:994:21878,4,3.8281363546848297,14,0.41568002104759216,childes,21878,23,4.243816375732422
D,D_C_43122,chck_90M,43122,C,heldout_natural_source_repeat,heldoutcopy:4:995:18742,4,0.0002887853734137025,8,5.900685573578812e-05,childes,18742,10,0.0003477922291494906
D,D_C_43122,chck_90M,43122,C,heldout_natural_source_repeat,heldoutcopy:4:996:55664,4,14.371341907419264,8,0.010906017385423183,simple_wiki,55664,11,14.382247924804688
D,D_C_43122,chck_90M,43122,C,heldout_natural_source_repeat,heldoutcopy:4:997:21953,4,0.07509531080722809,12,0.020309820771217346,childes,21953,19,0.09540513157844543
D,D_C_43122,chck_90M,43122,C,heldout_natural_source_repeat,heldoutcopy:4:998:26023,4,4.717156752943993,8,0.018919602036476135,gutenberg,26023,11,4.736076354980469
D,D_C_43122,chck_90M,43122,C,heldout_natural_source_repeat,heldoutcopy:4:999:14369,4,0.9616146720945835,8,0.03752761706709862,childes,14369,10,0.9991422891616821
D,D_C_43122,chck_90M,43122,C,heldout_natural_source_repeat,heldoutcopy:4:99:47026,4,2.9718122482299805,11,1.9445209503173828,open_subtitles,47026,17,4.916333198547363
D,D_C_43122,chck_90M,43122,C,heldout_natural_source_repeat,heldoutcopy:4:9:60763,4,0.9649487044662237,9,0.02929891087114811,simple_wiki,60763,15,0.9942476153373718
