target_label,target_selected_dir,target_prev,target_mid,target_next,target_window_string,target_window_role,target_mid_selected_cheap7,target_mid_selected_BLiMP,target_mid_selected_Supplement,target_mid_selected_EWoK,target_mid_selected_Entity,target_mid_selected_COMPS,target_mid_selected_GlobalPIQA,target_mid_selected_Reading,window,column,n_items,ref_gain,ref_loss,ref_net,ref_net_pct,ref_churn_pct,other_gain,other_loss,other_net,other_net_pct,other_churn_pct,same_gain,same_loss,same_signed_transition_on_ref_changed,opposite_signed_transition_on_ref_changed,other_zero_on_ref_changed,sign_agreement_on_ref_changed,opposition_on_ref_changed,other_zero_on_ref_changed_fraction,signed_transition_cosine,gain_jaccard,loss_jaccard
scale1p75_seed43022_reference,experiments/archive/frontier_consolidation/data/selected_trajectory_eval_scale1p75_seed43022_reference_common2M,chck_70M,chck_72M,chck_74M,chck_70M->chck_72M->chck_74M,background,42.93857142857143,67.32,60.96,48.6,26.82,52.2,36.635,8.035,rise,ALL,170722,4443,4501,-58,-0.03397336019962278,5.238926441817692,9220,9366,-146,-0.08551914808870562,10.886704701210155,626,636,1262,1369,6313,0.14110017889087656,0.15306350626118068,0.7058363148479427,-0.008298983784364463,0.04801718186699394,0.048068929030307614
scale1p75_seed43022_reference,experiments/archive/frontier_consolidation/data/selected_trajectory_eval_scale1p75_seed43022_reference_common2M,chck_70M,chck_72M,chck_74M,chck_70M->chck_72M->chck_74M,background,42.93857142857143,67.32,60.96,48.6,26.82,52.2,36.635,8.035,rise,BLiMP,59875,1015,1154,-139,-0.2321503131524008,3.622546972860125,2017,2164,-147,-0.24551148225469727,6.982881002087684,143,168,311,311,1547,0.1433840479483633,0.1433840479483633,0.7132319041032734,0.0,0.04949809622706819,0.05333333333333334
scale1p75_seed43022_reference,experiments/archive/frontier_consolidation/data/selected_trajectory_eval_scale1p75_seed43022_reference_common2M,chck_70M,chck_72M,chck_74M,chck_70M->chck_72M->chck_74M,background,42.93857142857143,67.32,60.96,48.6,26.82,52.2,36.635,8.035,rise,Supplement,5218,51,61,-10,-0.19164430816404754,2.146416251437332,148,184,-36,-0.6899195093905711,6.362591031046377,10,13,23,13,76,0.20535714285714285,0.11607142857142858,0.6785714285714286,0.05185873835281389,0.05291005291005291,0.05603448275862069
scale1p75_seed43022_reference,experiments/archive/frontier_consolidation/data/selected_trajectory_eval_scale1p75_seed43022_reference_common2M,chck_70M,chck_72M,chck_74M,chck_70M->chck_72M->chck_74M,background,42.93857142857143,67.32,60.96,48.6,26.82,52.2,36.635,8.035,rise,EWoK,7618,237,240,-3,-0.03938041480703597,6.261485954318719,441,440,1,0.013126804935678657,11.564715148332896,28,22,50,87,340,0.10482180293501048,0.18238993710691823,0.7127882599580713,-0.05707613813240726,0.043076923076923075,0.03343465045592705
scale1p75_seed43022_reference,experiments/archive/frontier_consolidation/data/selected_trajectory_eval_scale1p75_seed43022_reference_common2M,chck_70M,chck_72M,chck_74M,chck_70M->chck_72M->chck_74M,background,42.93857142857143,67.32,60.96,48.6,26.82,52.2,36.635,8.035,rise,Entity,6780,134,123,11,0.16224188790560473,3.7905604719764017,250,277,-27,-0.39823008849557523,7.772861356932154,27,20,47,47,163,0.1828793774319066,0.1828793774319066,0.6342412451361867,0.0,0.07563025210084033,0.05263157894736842
scale1p75_seed43022_reference,experiments/archive/frontier_consolidation/data/selected_trajectory_eval_scale1p75_seed43022_reference_common2M,chck_70M,chck_72M,chck_74M,chck_70M->chck_72M->chck_74M,background,42.93857142857143,67.32,60.96,48.6,26.82,52.2,36.635,8.035,rise,COMPS,91028,3001,2919,82,0.09008217251834601,6.503493430592784,6355,6296,59,0.06481522169002944,13.8979215186536,418,413,831,911,4178,0.14037162162162162,0.15388513513513513,0.7057432432432432,-0.009244144079008323,0.04676661445513538,0.046921154283117474
scale1p75_seed43022_reference,experiments/archive/frontier_consolidation/data/selected_trajectory_eval_scale1p75_seed43022_reference_common2M,chck_70M,chck_72M,chck_74M,chck_70M->chck_72M->chck_74M,background,42.93857142857143,67.32,60.96,48.6,26.82,52.2,36.635,8.035,rise,GlobalPIQA,203,5,4,1,0.49261083743842365,4.433497536945813,9,5,4,1.9704433497536946,6.896551724137931,0,0,0,0,9,0.0,0.0,1.0,0.0,0.0,0.0
scale1p75_seed43022_reference,experiments/archive/frontier_consolidation/data/selected_trajectory_eval_scale1p75_seed43022_reference_common2M,chck_70M,chck_72M,chck_74M,chck_70M->chck_72M->chck_74M,background,42.93857142857143,67.32,60.96,48.6,26.82,52.2,36.635,8.035,fall,ALL,170722,4225,4049,176,0.10309157577816568,4.846475556753084,8708,8393,315,0.1845104907393306,10.016869530581882,754,725,1479,1062,5733,0.1787527193618564,0.12835387962291517,0.6928934010152284,0.035056418369936844,0.061909844814845225,0.061875906802082443
scale1p75_seed43022_reference,experiments/archive/frontier_consolidation/data/selected_trajectory_eval_scale1p75_seed43022_reference_common2M,chck_70M,chck_72M,chck_74M,chck_70M->chck_72M->chck_74M,background,42.93857142857143,67.32,60.96,48.6,26.82,52.2,36.635,8.035,fall,BLiMP,59875,986,859,127,0.21210855949895616,3.0814196242171192,2188,1868,320,0.5344467640918581,6.7741127348643,174,123,297,266,1282,0.16097560975609757,0.14417344173441735,0.6948509485094851,0.011332207951203994,0.058,0.04723502304147465
scale1p75_seed43022_reference,experiments/archive/frontier_consolidation/data/selected_trajectory_eval_scale1p75_seed43022_reference_common2M,chck_70M,chck_72M,chck_74M,chck_70M->chck_72M->chck_74M,background,42.93857142857143,67.32,60.96,48.6,26.82,52.2,36.635,8.035,fall,Supplement,5218,64,47,17,0.32579532387888077,2.1272518206209274,161,134,27,0.5174396320429283,5.653507090839402,15,13,28,13,70,0.25225225225225223,0.11711711711711711,0.6306306306306306,0.08289317256396173,0.07142857142857142,0.07738095238095238
scale1p75_seed43022_reference,experiments/archive/frontier_consolidation/data/selected_trajectory_eval_scale1p75_seed43022_reference_common2M,chck_70M,chck_72M,chck_74M,chck_70M->chck_72M->chck_74M,background,42.93857142857143,67.32,60.96,48.6,26.82,52.2,36.635,8.035,fall,EWoK,7618,234,206,28,0.36755053819900235,5.7757941716986085,454,428,26,0.3412969283276451,11.577841953268575,40,34,74,52,314,0.16818181818181818,0.11818181818181818,0.7136363636363636,0.035315230890931734,0.06172839506172839,0.056666666666666664
scale1p75_seed43022_reference,experiments/archive/frontier_consolidation/data/selected_trajectory_eval_scale1p75_seed43022_reference_common2M,chck_70M,chck_72M,chck_74M,chck_70M->chck_72M->chck_74M,background,42.93857142857143,67.32,60.96,48.6,26.82,52.2,36.635,8.035,fall,Entity,6780,119,109,10,0.14749262536873156,3.3628318584070795,254,207,47,0.6932153392330384,6.7994100294985245,18,17,35,39,154,0.15350877192982457,0.17105263157894737,0.6754385964912281,-0.012337924409488586,0.05070422535211268,0.056856187290969896
scale1p75_seed43022_reference,experiments/archive/frontier_consolidation/data/selected_trajectory_eval_scale1p75_seed43022_reference_common2M,chck_70M,chck_72M,chck_74M,chck_70M->chck_72M->chck_74M,background,42.93857142857143,67.32,60.96,48.6,26.82,52.2,36.635,8.035,fall,COMPS,91028,2820,2822,-2,-0.0021971261589840488,6.198092894494002,5640,5745,-105,-0.11534912334666256,12.507140660016697,506,536,1042,691,3909,0.184686281460475,0.12247429989365473,0.6928394186458703,0.043794952342440935,0.06361579079708322,0.06674137716349147
scale1p75_seed43022_reference,experiments/archive/frontier_consolidation/data/selected_trajectory_eval_scale1p75_seed43022_reference_common2M,chck_70M,chck_72M,chck_74M,chck_70M->chck_72M->chck_74M,background,42.93857142857143,67.32,60.96,48.6,26.82,52.2,36.635,8.035,fall,GlobalPIQA,203,2,6,-4,-1.9704433497536946,3.9408866995073892,11,11,0,0.0,10.83743842364532,1,2,3,1,4,0.375,0.125,0.5,0.1507556722888818,0.08333333333333333,0.13333333333333333
scale1p75_seed43022_reference,experiments/archive/frontier_consolidation/data/selected_trajectory_eval_scale1p75_seed43022_reference_common2M,chck_72M,chck_74M,chck_76M,chck_72M->chck_74M->chck_76M,background,43.45,67.84,62.05,50.14,27.38,52.19,36.605000000000004,7.945,rise,ALL,170722,4443,4501,-58,-0.03397336019962278,5.238926441817692,8708,8393,315,0.1845104907393306,10.016869530581882,646,659,1305,1374,6265,0.14590787119856888,0.15362254025044722,0.7004695885509838,-0.0055792065766877294,0.0516593362654938,0.05386187167960768
scale1p75_seed43022_reference,experiments/archive/frontier_consolidation/data/selected_trajectory_eval_scale1p75_seed43022_reference_common2M,chck_72M,chck_74M,chck_76M,chck_72M->chck_74M->chck_76M,background,43.45,67.84,62.05,50.14,27.38,52.19,36.605000000000004,7.945,rise,BLiMP,59875,1015,1154,-139,-0.2321503131524008,3.622546972860125,2188,1868,320,0.5344467640918581,6.7741127348643,144,148,292,327,1550,0.13462425080682341,0.1507607192254495,0.7146150299677271,-0.011800198016883074,0.04707420725727362,0.05149617258176757
scale1p75_seed43022_reference,experiments/archive/frontier_consolidation/data/selected_trajectory_eval_scale1p75_seed43022_reference_common2M,chck_72M,chck_74M,chck_76M,chck_72M->chck_74M->chck_76M,background,43.45,67.84,62.05,50.14,27.38,52.19,36.605000000000004,7.945,rise,Supplement,5218,51,61,-10,-0.19164430816404754,2.146416251437332,161,134,27,0.5174396320429283,5.653507090839402,6,10,16,24,72,0.14285714285714285,0.21428571428571427,0.6428571428571429,-0.04401188481356615,0.02912621359223301,0.05405405405405406
scale1p75_seed43022_reference,experiments/archive/frontier_consolidation/data/selected_trajectory_eval_scale1p75_seed43022_reference_common2M,chck_72M,chck_74M,chck_76M,chck_72M->chck_74M->chck_76M,background,43.45,67.84,62.05,50.14,27.38,52.19,36.605000000000004,7.945,rise,EWoK,7618,237,240,-3,-0.03938041480703597,6.261485954318719,454,428,26,0.3412969283276451,11.577841953268575,43,28,71,71,335,0.1488469601677149,0.1488469601677149,0.7023060796645703,0.0,0.06635802469135803,0.04375
scale1p75_seed43022_reference,experiments/archive/frontier_consolidation/data/selected_trajectory_eval_scale1p75_seed43022_reference_common2M,chck_72M,chck_74M,chck_76M,chck_72M->chck_74M->chck_76M,background,43.45,67.84,62.05,50.14,27.38,52.19,36.605000000000004,7.945,rise,Entity,6780,134,123,11,0.16224188790560473,3.7905604719764017,254,207,47,0.6932153392330384,6.7994100294985245,14,19,33,44,180,0.12840466926070038,0.17120622568093385,0.7003891050583657,-0.03195771068928667,0.0374331550802139,0.06109324758842444
scale1p75_seed43022_reference,experiments/archive/frontier_consolidation/data/selected_trajectory_eval_scale1p75_seed43022_reference_common2M,chck_72M,chck_74M,chck_76M,chck_72M->chck_74M->chck_76M,background,43.45,67.84,62.05,50.14,27.38,52.19,36.605000000000004,7.945,rise,COMPS,91028,3001,2919,82,0.09008217251834601,6.503493430592784,5640,5745,-105,-0.11534912334666256,12.507140660016697,437,453,890,906,4124,0.15033783783783783,0.15304054054054053,0.6966216216216217,-0.0019489137148242057,0.05326669917113603,0.05516989404457435
scale1p75_seed43022_reference,experiments/archive/frontier_consolidation/data/selected_trajectory_eval_scale1p75_seed43022_reference_common2M,chck_72M,chck_74M,chck_76M,chck_72M->chck_74M->chck_76M,background,43.45,67.84,62.05,50.14,27.38,52.19,36.605000000000004,7.945,rise,GlobalPIQA,203,5,4,1,0.49261083743842365,4.433497536945813,11,11,0,0.0,10.83743842364532,2,1,3,2,4,0.3333333333333333,0.2222222222222222,0.4444444444444444,0.07106690545187015,0.14285714285714285,0.07142857142857142
scale1p75_seed43022_reference,experiments/archive/frontier_consolidation/data/selected_trajectory_eval_scale1p75_seed43022_reference_common2M,chck_72M,chck_74M,chck_76M,chck_72M->chck_74M->chck_76M,background,43.45,67.84,62.05,50.14,27.38,52.19,36.605000000000004,7.945,fall,ALL,170722,4225,4049,176,0.10309157577816568,4.846475556753084,7816,7605,211,0.12359274141586908,9.032813579972117,612,591,1203,1283,5788,0.1453952139231327,0.1550640560792845,0.6995407299975828,-0.007082326760584866,0.05354799195030186,0.053421314290879506
scale1p75_seed43022_reference,experiments/archive/frontier_consolidation/data/selected_trajectory_eval_scale1p75_seed43022_reference_common2M,chck_72M,chck_74M,chck_76M,chck_72M->chck_74M->chck_76M,background,43.45,67.84,62.05,50.14,27.38,52.19,36.605000000000004,7.945,fall,BLiMP,59875,986,859,127,0.21210855949895616,3.0814196242171192,2002,1746,256,0.42755741127348645,6.259707724425888,166,139,305,267,1273,0.16531165311653118,0.14471544715447154,0.6899728997289973,0.014450591367276229,0.058823529411764705,0.056366585563665854
scale1p75_seed43022_reference,experiments/archive/frontier_consolidation/data/selected_trajectory_eval_scale1p75_seed43022_reference_common2M,chck_72M,chck_74M,chck_76M,chck_72M->chck_74M->chck_76M,background,43.45,67.84,62.05,50.14,27.38,52.19,36.605000000000004,7.945,fall,Supplement,5218,64,47,17,0.32579532387888077,2.1272518206209274,180,87,93,1.7822920659256418,5.116903027980069,16,7,23,19,69,0.2072072072072072,0.17117117117117117,0.6216216216216216,0.023235010402516163,0.07017543859649122,0.05511811023622047
scale1p75_seed43022_reference,experiments/archive/frontier_consolidation/data/selected_trajectory_eval_scale1p75_seed43022_reference_common2M,chck_72M,chck_74M,chck_76M,chck_72M->chck_74M->chck_76M,background,43.45,67.84,62.05,50.14,27.38,52.19,36.605000000000004,7.945,fall,EWoK,7618,234,206,28,0.36755053819900235,5.7757941716986085,364,406,-42,-0.5513258072985036,10.107639800472565,17,23,40,69,331,0.09090909090909091,0.15681818181818183,0.7522727272727273,-0.049822589623943585,0.029259896729776247,0.03904923599320883
scale1p75_seed43022_reference,experiments/archive/frontier_consolidation/data/selected_trajectory_eval_scale1p75_seed43022_reference_common2M,chck_72M,chck_74M,chck_76M,chck_72M->chck_74M->chck_76M,background,43.45,67.84,62.05,50.14,27.38,52.19,36.605000000000004,7.945,fall,Entity,6780,119,109,10,0.14749262536873156,3.3628318584070795,212,258,-46,-0.6784660766961652,6.932153392330384,13,16,29,39,160,0.12719298245614036,0.17105263157894737,0.7017543859649122,-0.030548060885914035,0.040880503144654086,0.045584045584045586
scale1p75_seed43022_reference,experiments/archive/frontier_consolidation/data/selected_trajectory_eval_scale1p75_seed43022_reference_common2M,chck_72M,chck_74M,chck_76M,chck_72M->chck_74M->chck_76M,background,43.45,67.84,62.05,50.14,27.38,52.19,36.605000000000004,7.945,fall,COMPS,91028,2820,2822,-2,-0.0021971261589840488,6.198092894494002,5048,5099,-51,-0.05602671705409324,11.147119567605571,400,406,806,886,3950,0.14285714285714285,0.15703651187522155,0.7001063452676356,-0.010573155413511849,0.05356186395286556,0.054025282767797736
scale1p75_seed43022_reference,experiments/archive/frontier_consolidation/data/selected_trajectory_eval_scale1p75_seed43022_reference_common2M,chck_72M,chck_74M,chck_76M,chck_72M->chck_74M->chck_76M,background,43.45,67.84,62.05,50.14,27.38,52.19,36.605000000000004,7.945,fall,GlobalPIQA,203,2,6,-4,-1.9704433497536946,3.9408866995073892,10,9,1,0.49261083743842365,9.35960591133005,0,0,0,3,5,0.0,0.375,0.625,-0.24333213169614376,0.0,0.0
scale1p75_seed43022_reference,experiments/archive/frontier_consolidation/data/selected_trajectory_eval_scale1p75_seed43022_reference_common2M,chck_74M,chck_76M,chck_78M,chck_74M->chck_76M->chck_78M,background,43.581428571428575,68.29,64.06,49.12,26.37,51.95,37.12,8.16,rise,ALL,170722,4443,4501,-58,-0.03397336019962278,5.238926441817692,7816,7605,211,0.12359274141586908,9.032813579972117,620,608,1228,1398,6318,0.13729874776386405,0.15630590339892667,0.7063953488372093,-0.01447527281212969,0.053269181201134115,0.05287876152374326
scale1p75_seed43022_reference,experiments/archive/frontier_consolidation/data/selected_trajectory_eval_scale1p75_seed43022_reference_common2M,chck_74M,chck_76M,chck_78M,chck_74M->chck_76M->chck_78M,background,43.581428571428575,68.29,64.06,49.12,26.37,51.95,37.12,8.16,rise,BLiMP,59875,1015,1154,-139,-0.2321503131524008,3.622546972860125,2002,1746,256,0.42755741127348645,6.259707724425888,134,144,278,339,1552,0.12816966343937297,0.15629322268326418,0.7155371138773629,-0.021394407713170638,0.046479361775927854,0.05224963715529753
scale1p75_seed43022_reference,experiments/archive/frontier_consolidation/data/selected_trajectory_eval_scale1p75_seed43022_reference_common2M,chck_74M,chck_76M,chck_78M,chck_74M->chck_76M->chck_78M,background,43.581428571428575,68.29,64.06,49.12,26.37,51.95,37.12,8.16,rise,Supplement,5218,51,61,-10,-0.19164430816404754,2.146416251437332,180,87,93,1.7822920659256418,5.116903027980069,7,7,14,24,74,0.125,0.21428571428571427,0.6607142857142857,-0.05782762525740312,0.03125,0.04964539007092199
scale1p75_seed43022_reference,experiments/archive/frontier_consolidation/data/selected_trajectory_eval_scale1p75_seed43022_reference_common2M,chck_74M,chck_76M,chck_78M,chck_74M->chck_76M->chck_78M,background,43.581428571428575,68.29,64.06,49.12,26.37,51.95,37.12,8.16,rise,EWoK,7618,237,240,-3,-0.03938041480703597,6.261485954318719,364,406,-42,-0.5513258072985036,10.107639800472565,25,34,59,59,359,0.12368972746331237,0.12368972746331237,0.7526205450733753,0.0,0.043402777777777776,0.05555555555555555
scale1p75_seed43022_reference,experiments/archive/frontier_consolidation/data/selected_trajectory_eval_scale1p75_seed43022_reference_common2M,chck_74M,chck_76M,chck_78M,chck_74M->chck_76M->chck_78M,background,43.581428571428575,68.29,64.06,49.12,26.37,51.95,37.12,8.16,rise,Entity,6780,134,123,11,0.16224188790560473,3.7905604719764017,212,258,-46,-0.6784660766961652,6.932153392330384,19,18,37,42,178,0.14396887159533073,0.16342412451361868,0.6926070038910506,-0.014386478920377543,0.0581039755351682,0.049586776859504134
scale1p75_seed43022_reference,experiments/archive/frontier_consolidation/data/selected_trajectory_eval_scale1p75_seed43022_reference_common2M,chck_74M,chck_76M,chck_78M,chck_74M->chck_76M->chck_78M,background,43.581428571428575,68.29,64.06,49.12,26.37,51.95,37.12,8.16,rise,COMPS,91028,3001,2919,82,0.09008217251834601,6.503493430592784,5048,5099,-51,-0.05602671705409324,11.147119567605571,434,405,839,932,4149,0.14172297297297298,0.15743243243243243,0.7008445945945946,-0.011999226880131742,0.056992777413000656,0.05319847629055563
scale1p75_seed43022_reference,experiments/archive/frontier_consolidation/data/selected_trajectory_eval_scale1p75_seed43022_reference_common2M,chck_74M,chck_76M,chck_78M,chck_74M->chck_76M->chck_78M,background,43.581428571428575,68.29,64.06,49.12,26.37,51.95,37.12,8.16,rise,GlobalPIQA,203,5,4,1,0.49261083743842365,4.433497536945813,10,9,1,0.49261083743842365,9.35960591133005,1,0,1,2,6,0.1111111111111111,0.2222222222222222,0.6666666666666666,-0.07647191129018724,0.07142857142857142,0.0
scale1p75_seed43022_reference,experiments/archive/frontier_consolidation/data/selected_trajectory_eval_scale1p75_seed43022_reference_common2M,chck_74M,chck_76M,chck_78M,chck_74M->chck_76M->chck_78M,background,43.581428571428575,68.29,64.06,49.12,26.37,51.95,37.12,8.16,fall,ALL,170722,4225,4049,176,0.10309157577816568,4.846475556753084,7458,7367,91,0.05330303065802884,8.683708016541512,602,564,1166,1534,5574,0.1409233744259125,0.18540004834421078,0.6736765772298767,-0.0332271207233463,0.05432722678458623,0.05197198673055658
scale1p75_seed43022_reference,experiments/archive/frontier_consolidation/data/selected_trajectory_eval_scale1p75_seed43022_reference_common2M,chck_74M,chck_76M,chck_78M,chck_74M->chck_76M->chck_78M,background,43.581428571428575,68.29,64.06,49.12,26.37,51.95,37.12,8.16,fall,BLiMP,59875,986,859,127,0.21210855949895616,3.0814196242171192,1544,1702,-158,-0.2638830897703549,5.421294363256785,128,121,249,327,1269,0.13495934959349593,0.1772357723577236,0.6878048780487804,-0.03187294253255955,0.05328892589508743,0.04959016393442623
scale1p75_seed43022_reference,experiments/archive/frontier_consolidation/data/selected_trajectory_eval_scale1p75_seed43022_reference_common2M,chck_74M,chck_76M,chck_78M,chck_74M->chck_76M->chck_78M,background,43.581428571428575,68.29,64.06,49.12,26.37,51.95,37.12,8.16,fall,Supplement,5218,64,47,17,0.32579532387888077,2.1272518206209274,85,140,-55,-1.0540436949022614,4.311996933691069,4,8,12,14,85,0.10810810810810811,0.12612612612612611,0.7657657657657657,-0.012655439943366653,0.027586206896551724,0.0446927374301676
scale1p75_seed43022_reference,experiments/archive/frontier_consolidation/data/selected_trajectory_eval_scale1p75_seed43022_reference_common2M,chck_74M,chck_76M,chck_78M,chck_74M->chck_76M->chck_78M,background,43.581428571428575,68.29,64.06,49.12,26.37,51.95,37.12,8.16,fall,EWoK,7618,234,206,28,0.36755053819900235,5.7757941716986085,398,421,-23,-0.3019165135206091,10.750853242320819,29,39,68,86,286,0.15454545454545454,0.19545454545454546,0.65,-0.029985011240633196,0.04809286898839138,0.0663265306122449
scale1p75_seed43022_reference,experiments/archive/frontier_consolidation/data/selected_trajectory_eval_scale1p75_seed43022_reference_common2M,chck_74M,chck_76M,chck_78M,chck_74M->chck_76M->chck_78M,background,43.581428571428575,68.29,64.06,49.12,26.37,51.95,37.12,8.16,fall,Entity,6780,119,109,10,0.14749262536873156,3.3628318584070795,261,167,94,1.3864306784660767,6.312684365781711,25,9,34,31,163,0.14912280701754385,0.13596491228070176,0.7149122807017544,0.00960355320372328,0.07042253521126761,0.033707865168539325
scale1p75_seed43022_reference,experiments/archive/frontier_consolidation/data/selected_trajectory_eval_scale1p75_seed43022_reference_common2M,chck_74M,chck_76M,chck_78M,chck_74M->chck_76M->chck_78M,background,43.581428571428575,68.29,64.06,49.12,26.37,51.95,37.12,8.16,fall,COMPS,91028,2820,2822,-2,-0.0021971261589840488,6.198092894494002,5162,4930,232,0.2548666344421497,11.086698598233511,416,387,803,1075,3764,0.1423254165189649,0.19053527118043248,0.6671393123006026,-0.036046553095728205,0.054982817869415807,0.05254582484725051
scale1p75_seed43022_reference,experiments/archive/frontier_consolidation/data/selected_trajectory_eval_scale1p75_seed43022_reference_common2M,chck_74M,chck_76M,chck_78M,chck_74M->chck_76M->chck_78M,background,43.581428571428575,68.29,64.06,49.12,26.37,51.95,37.12,8.16,fall,GlobalPIQA,203,2,6,-4,-1.9704433497536946,3.9408866995073892,8,7,1,0.49261083743842365,7.389162561576355,0,0,0,1,7,0.0,0.125,0.875,-0.09128709291752767,0.0,0.0
scale1p75_seed43022_reference,experiments/archive/frontier_consolidation/data/selected_trajectory_eval_scale1p75_seed43022_reference_common2M,chck_76M,chck_78M,chck_80M,chck_76M->chck_78M->chck_80M,background,43.70214285714286,68.02,62.78,49.04,27.75,52.34,37.605000000000004,8.379999999999999,rise,ALL,170722,4443,4501,-58,-0.03397336019962278,5.238926441817692,7458,7367,91,0.05330303065802884,8.683708016541512,768,705,1473,1405,6066,0.16469141323792486,0.15708855098389982,0.6782200357781754,0.005905350323798985,0.06898410132039881,0.06315506584251546
scale1p75_seed43022_reference,experiments/archive/frontier_consolidation/data/selected_trajectory_eval_scale1p75_seed43022_reference_common2M,chck_76M,chck_78M,chck_80M,chck_76M->chck_78M->chck_80M,background,43.70214285714286,68.02,62.78,49.04,27.75,52.34,37.605000000000004,8.379999999999999,rise,BLiMP,59875,1015,1154,-139,-0.2321503131524008,3.622546972860125,1544,1702,-158,-0.2638830897703549,5.421294363256785,185,201,386,287,1496,0.17796219455970494,0.13231904103273398,0.6897187644075611,0.03731050788333031,0.07792754844144903,0.07570621468926554
scale1p75_seed43022_reference,experiments/archive/frontier_consolidation/data/selected_trajectory_eval_scale1p75_seed43022_reference_common2M,chck_76M,chck_78M,chck_80M,chck_76M->chck_78M->chck_80M,background,43.70214285714286,68.02,62.78,49.04,27.75,52.34,37.605000000000004,8.379999999999999,rise,Supplement,5218,51,61,-10,-0.19164430816404754,2.146416251437332,85,140,-55,-1.0540436949022614,4.311996933691069,10,9,19,13,80,0.16964285714285715,0.11607142857142858,0.7142857142857143,0.03779644730092272,0.07936507936507936,0.046875
scale1p75_seed43022_reference,experiments/archive/frontier_consolidation/data/selected_trajectory_eval_scale1p75_seed43022_reference_common2M,chck_76M,chck_78M,chck_80M,chck_76M->chck_78M->chck_80M,background,43.70214285714286,68.02,62.78,49.04,27.75,52.34,37.605000000000004,8.379999999999999,rise,EWoK,7618,237,240,-3,-0.03938041480703597,6.261485954318719,398,421,-23,-0.3019165135206091,10.750853242320819,33,33,66,79,332,0.13836477987421383,0.16561844863731656,0.6960167714884696,-0.02079898836180852,0.054817275747508304,0.052547770700636945
scale1p75_seed43022_reference,experiments/archive/frontier_consolidation/data/selected_trajectory_eval_scale1p75_seed43022_reference_common2M,chck_76M,chck_78M,chck_80M,chck_76M->chck_78M->chck_80M,background,43.70214285714286,68.02,62.78,49.04,27.75,52.34,37.605000000000004,8.379999999999999,rise,Entity,6780,134,123,11,0.16224188790560473,3.7905604719764017,261,167,94,1.3864306784660767,6.312684365781711,25,21,46,34,177,0.17898832684824903,0.13229571984435798,0.688715953307393,0.036182019210206966,0.06756756756756757,0.07806691449814127
scale1p75_seed43022_reference,experiments/archive/frontier_consolidation/data/selected_trajectory_eval_scale1p75_seed43022_reference_common2M,chck_76M,chck_78M,chck_80M,chck_76M->chck_78M->chck_80M,background,43.70214285714286,68.02,62.78,49.04,27.75,52.34,37.605000000000004,8.379999999999999,rise,COMPS,91028,3001,2919,82,0.09008217251834601,6.503493430592784,5162,4930,232,0.2548666344421497,11.086698598233511,515,439,954,988,3978,0.16114864864864864,0.16689189189189188,0.6719594594594595,-0.004398751650082023,0.06733786610878661,0.0592442645074224
scale1p75_seed43022_reference,experiments/archive/frontier_consolidation/data/selected_trajectory_eval_scale1p75_seed43022_reference_common2M,chck_76M,chck_78M,chck_80M,chck_76M->chck_78M->chck_80M,background,43.70214285714286,68.02,62.78,49.04,27.75,52.34,37.605000000000004,8.379999999999999,rise,GlobalPIQA,203,5,4,1,0.49261083743842365,4.433497536945813,8,7,1,0.49261083743842365,7.389162561576355,0,2,2,4,3,0.2222222222222222,0.4444444444444444,0.3333333333333333,-0.17213259316477406,0.0,0.2222222222222222
scale1p75_seed43022_reference,experiments/archive/frontier_consolidation/data/selected_trajectory_eval_scale1p75_seed43022_reference_common2M,chck_76M,chck_78M,chck_80M,chck_76M->chck_78M->chck_80M,background,43.70214285714286,68.02,62.78,49.04,27.75,52.34,37.605000000000004,8.379999999999999,fall,ALL,170722,4225,4049,176,0.10309157577816568,4.846475556753084,6126,6237,-111,-0.06501798245100222,7.2415974508264895,579,564,1143,1291,5840,0.13814358230601886,0.1560309402948997,0.7058254773990814,-0.014633291450146016,0.059250920998772,0.05801275457724748
scale1p75_seed43022_reference,experiments/archive/frontier_consolidation/data/selected_trajectory_eval_scale1p75_seed43022_reference_common2M,chck_76M,chck_78M,chck_80M,chck_76M->chck_78M->chck_80M,background,43.70214285714286,68.02,62.78,49.04,27.75,52.34,37.605000000000004,8.379999999999999,fall,BLiMP,59875,986,859,127,0.21210855949895616,3.0814196242171192,1425,1377,48,0.0801670146137787,4.679749478079332,144,117,261,316,1268,0.14146341463414633,0.17127371273712738,0.6872628726287263,-0.02418969757625795,0.06352007057785619,0.05521472392638037
scale1p75_seed43022_reference,experiments/archive/frontier_consolidation/data/selected_trajectory_eval_scale1p75_seed43022_reference_common2M,chck_76M,chck_78M,chck_80M,chck_76M->chck_78M->chck_80M,background,43.70214285714286,68.02,62.78,49.04,27.75,52.34,37.605000000000004,8.379999999999999,fall,Supplement,5218,64,47,17,0.32579532387888077,2.1272518206209274,101,98,3,0.05749329244921426,3.8137217324645456,5,12,17,18,76,0.15315315315315314,0.16216216216216217,0.6846846846846847,-0.006728402637723285,0.03125,0.09022556390977443
scale1p75_seed43022_reference,experiments/archive/frontier_consolidation/data/selected_trajectory_eval_scale1p75_seed43022_reference_common2M,chck_76M,chck_78M,chck_80M,chck_76M->chck_78M->chck_80M,background,43.70214285714286,68.02,62.78,49.04,27.75,52.34,37.605000000000004,8.379999999999999,fall,EWoK,7618,234,206,28,0.36755053819900235,5.7757941716986085,345,340,5,0.06563402467839327,8.991861380939879,36,33,69,81,290,0.15681818181818183,0.18409090909090908,0.6590909090909091,-0.021857959757893782,0.06629834254143646,0.06432748538011696
scale1p75_seed43022_reference,experiments/archive/frontier_consolidation/data/selected_trajectory_eval_scale1p75_seed43022_reference_common2M,chck_76M,chck_78M,chck_80M,chck_76M->chck_78M->chck_80M,background,43.70214285714286,68.02,62.78,49.04,27.75,52.34,37.605000000000004,8.379999999999999,fall,Entity,6780,119,109,10,0.14749262536873156,3.3628318584070795,228,229,-1,-0.014749262536873156,6.740412979351032,21,7,28,51,149,0.12280701754385964,0.2236842105263158,0.6535087719298246,-0.07125286187344643,0.06441717791411043,0.021148036253776436
scale1p75_seed43022_reference,experiments/archive/frontier_consolidation/data/selected_trajectory_eval_scale1p75_seed43022_reference_common2M,chck_76M,chck_78M,chck_80M,chck_76M->chck_78M->chck_80M,background,43.70214285714286,68.02,62.78,49.04,27.75,52.34,37.605000000000004,8.379999999999999,fall,COMPS,91028,2820,2822,-2,-0.0021971261589840488,6.198092894494002,4022,4189,-167,-0.18346003427516808,9.020301445709013,373,394,767,823,4052,0.1359447004608295,0.14587025877348458,0.7181850407656859,-0.008227605503937549,0.05765960735816973,0.059543599818648936
scale1p75_seed43022_reference,experiments/archive/frontier_consolidation/data/selected_trajectory_eval_scale1p75_seed43022_reference_common2M,chck_76M,chck_78M,chck_80M,chck_76M->chck_78M->chck_80M,background,43.70214285714286,68.02,62.78,49.04,27.75,52.34,37.605000000000004,8.379999999999999,fall,GlobalPIQA,203,2,6,-4,-1.9704433497536946,3.9408866995073892,5,4,1,0.49261083743842365,4.433497536945813,0,1,1,2,5,0.125,0.25,0.625,-0.1178511301977579,0.0,0.1111111111111111
scale1p75_seed43022_reference,experiments/archive/frontier_consolidation/data/selected_trajectory_eval_scale1p75_seed43022_reference_common2M,chck_78M,chck_80M,chck_82M,chck_78M->chck_80M->chck_82M,background,43.81214285714286,68.11,62.62,49.24,28.2,52.11,38.105000000000004,8.3,rise,ALL,170722,4443,4501,-58,-0.03397336019962278,5.238926441817692,6126,6237,-111,-0.06501798245100222,7.2415974508264895,558,577,1135,1682,6127,0.12690071556350627,0.18805903398926654,0.6850402504472272,-0.052018700228012846,0.05573868744381181,0.05678574943411081
scale1p75_seed43022_reference,experiments/archive/frontier_consolidation/data/selected_trajectory_eval_scale1p75_seed43022_reference_common2M,chck_78M,chck_80M,chck_82M,chck_78M->chck_80M->chck_82M,background,43.81214285714286,68.11,62.62,49.24,28.2,52.11,38.105000000000004,8.3,rise,BLiMP,59875,1015,1154,-139,-0.2321503131524008,3.622546972860125,1425,1377,48,0.0801670146137787,4.679749478079332,134,142,276,447,1446,0.1272475795297372,0.20608575380359612,0.6666666666666666,-0.06936370282352058,0.058109280138768434,0.0594390958560067
scale1p75_seed43022_reference,experiments/archive/frontier_consolidation/data/selected_trajectory_eval_scale1p75_seed43022_reference_common2M,chck_78M,chck_80M,chck_82M,chck_78M->chck_80M->chck_82M,background,43.81214285714286,68.11,62.62,49.24,28.2,52.11,38.105000000000004,8.3,rise,Supplement,5218,51,61,-10,-0.19164430816404754,2.146416251437332,101,98,3,0.05749329244921426,3.8137217324645456,5,7,12,27,73,0.10714285714285714,0.24107142857142858,0.6517857142857143,-0.10047446665392061,0.034013605442176874,0.046052631578947366
scale1p75_seed43022_reference,experiments/archive/frontier_consolidation/data/selected_trajectory_eval_scale1p75_seed43022_reference_common2M,chck_78M,chck_80M,chck_82M,chck_78M->chck_80M->chck_82M,background,43.81214285714286,68.11,62.62,49.24,28.2,52.11,38.105000000000004,8.3,rise,EWoK,7618,237,240,-3,-0.03938041480703597,6.261485954318719,345,340,5,0.06563402467839327,8.991861380939879,38,41,79,97,301,0.16561844863731656,0.20335429769392033,0.6310272536687631,-0.031489664229905914,0.06985294117647059,0.07606679035250463
scale1p75_seed43022_reference,experiments/archive/frontier_consolidation/data/selected_trajectory_eval_scale1p75_seed43022_reference_common2M,chck_78M,chck_80M,chck_82M,chck_78M->chck_80M->chck_82M,background,43.81214285714286,68.11,62.62,49.24,28.2,52.11,38.105000000000004,8.3,rise,Entity,6780,134,123,11,0.16224188790560473,3.7905604719764017,228,229,-1,-0.014749262536873156,6.740412979351032,29,20,49,51,157,0.19066147859922178,0.19844357976653695,0.6108949416342413,-0.005835866304530567,0.08708708708708708,0.060240963855421686
scale1p75_seed43022_reference,experiments/archive/frontier_consolidation/data/selected_trajectory_eval_scale1p75_seed43022_reference_common2M,chck_78M,chck_80M,chck_82M,chck_78M->chck_80M->chck_82M,background,43.81214285714286,68.11,62.62,49.24,28.2,52.11,38.105000000000004,8.3,rise,COMPS,91028,3001,2919,82,0.09008217251834601,6.503493430592784,4022,4189,-167,-0.18346003427516808,9.020301445709013,352,367,719,1059,4142,0.1214527027027027,0.17888513513513513,0.6996621621621621,-0.04876632600542711,0.05276570229350922,0.05444296098501706
scale1p75_seed43022_reference,experiments/archive/frontier_consolidation/data/selected_trajectory_eval_scale1p75_seed43022_reference_common2M,chck_78M,chck_80M,chck_82M,chck_78M->chck_80M->chck_82M,background,43.81214285714286,68.11,62.62,49.24,28.2,52.11,38.105000000000004,8.3,rise,GlobalPIQA,203,5,4,1,0.49261083743842365,4.433497536945813,5,4,1,0.49261083743842365,4.433497536945813,0,0,0,1,8,0.0,0.1111111111111111,0.8888888888888888,-0.1111111111111111,0.0,0.0
scale1p75_seed43022_reference,experiments/archive/frontier_consolidation/data/selected_trajectory_eval_scale1p75_seed43022_reference_common2M,chck_78M,chck_80M,chck_82M,chck_78M->chck_80M->chck_82M,background,43.81214285714286,68.11,62.62,49.24,28.2,52.11,38.105000000000004,8.3,fall,ALL,170722,4225,4049,176,0.10309157577816568,4.846475556753084,5840,5476,364,0.21321212263211536,6.628319724464333,580,531,1111,1659,5504,0.13427604544355815,0.20050761421319796,0.665216340343244,-0.056633881897725,0.061149182920400634,0.0590393595730487
scale1p75_seed43022_reference,experiments/archive/frontier_consolidation/data/selected_trajectory_eval_scale1p75_seed43022_reference_common2M,chck_78M,chck_80M,chck_82M,chck_78M->chck_80M->chck_82M,background,43.81214285714286,68.11,62.62,49.24,28.2,52.11,38.105000000000004,8.3,fall,BLiMP,59875,986,859,127,0.21210855949895616,3.0814196242171192,1366,1140,226,0.3774530271398748,4.1853862212943636,165,108,273,315,1257,0.14796747967479676,0.17073170731707318,0.6813008130081301,-0.019532623180369524,0.07544581618655692,0.05711263881544157
scale1p75_seed43022_reference,experiments/archive/frontier_consolidation/data/selected_trajectory_eval_scale1p75_seed43022_reference_common2M,chck_78M,chck_80M,chck_82M,chck_78M->chck_80M->chck_82M,background,43.81214285714286,68.11,62.62,49.24,28.2,52.11,38.105000000000004,8.3,fall,Supplement,5218,64,47,17,0.32579532387888077,2.1272518206209274,87,67,20,0.3832886163280951,2.951322345726332,7,5,12,26,73,0.10810810810810811,0.23423423423423423,0.6576576576576577,-0.10707946332519352,0.04861111111111111,0.045871559633027525
scale1p75_seed43022_reference,experiments/archive/frontier_consolidation/data/selected_trajectory_eval_scale1p75_seed43022_reference_common2M,chck_78M,chck_80M,chck_82M,chck_78M->chck_80M->chck_82M,background,43.81214285714286,68.11,62.62,49.24,28.2,52.11,38.105000000000004,8.3,fall,EWoK,7618,234,206,28,0.36755053819900235,5.7757941716986085,279,229,50,0.6563402467839329,6.668416907324757,39,22,61,76,303,0.13863636363636364,0.17272727272727273,0.6886363636363636,-0.0317272963144432,0.08227848101265822,0.053268765133171914
scale1p75_seed43022_reference,experiments/archive/frontier_consolidation/data/selected_trajectory_eval_scale1p75_seed43022_reference_common2M,chck_78M,chck_80M,chck_82M,chck_78M->chck_80M->chck_82M,background,43.81214285714286,68.11,62.62,49.24,28.2,52.11,38.105000000000004,8.3,fall,Entity,6780,119,109,10,0.14749262536873156,3.3628318584070795,146,135,11,0.16224188790560473,4.1445427728613575,18,28,46,35,147,0.20175438596491227,0.15350877192982457,0.6447368421052632,0.04345823676831069,0.0728744939271255,0.12962962962962962
scale1p75_seed43022_reference,experiments/archive/frontier_consolidation/data/selected_trajectory_eval_scale1p75_seed43022_reference_common2M,chck_78M,chck_80M,chck_82M,chck_78M->chck_80M->chck_82M,background,43.81214285714286,68.11,62.62,49.24,28.2,52.11,38.105000000000004,8.3,fall,COMPS,91028,2820,2822,-2,-0.0021971261589840488,6.198092894494002,3959,3901,58,0.06371665861053742,8.634705804807313,351,368,719,1206,3717,0.12743707904998228,0.21375398794753633,0.6588089330024814,-0.0731309385775973,0.05460485376477909,0.05790715971675846
scale1p75_seed43022_reference,experiments/archive/frontier_consolidation/data/selected_trajectory_eval_scale1p75_seed43022_reference_common2M,chck_78M,chck_80M,chck_82M,chck_78M->chck_80M->chck_82M,background,43.81214285714286,68.11,62.62,49.24,28.2,52.11,38.105000000000004,8.3,fall,GlobalPIQA,203,2,6,-4,-1.9704433497536946,3.9408866995073892,3,4,-1,-0.49261083743842365,3.4482758620689653,0,0,0,1,7,0.0,0.125,0.875,-0.13363062095621217,0.0,0.0
scale1p75_seed43022_reference,experiments/archive/frontier_consolidation/data/selected_trajectory_eval_scale1p75_seed43022_reference_common2M,chck_80M,chck_82M,chck_84M,chck_80M->chck_82M->chck_84M,background,43.95857142857143,68.48,62.94,50.06,28.31,52.19,37.58,8.15,rise,ALL,170722,4443,4501,-58,-0.03397336019962278,5.238926441817692,5840,5476,364,0.21321212263211536,6.628319724464333,0,0,0,3807,5137,0.0,0.4256484794275492,0.5743515205724508,-0.37841688998800943,0.0,0.0
scale1p75_seed43022_reference,experiments/archive/frontier_consolidation/data/selected_trajectory_eval_scale1p75_seed43022_reference_common2M,chck_80M,chck_82M,chck_84M,chck_80M->chck_82M->chck_84M,background,43.95857142857143,68.48,62.94,50.06,28.31,52.19,37.58,8.15,rise,BLiMP,59875,1015,1154,-139,-0.2321503131524008,3.622546972860125,1366,1140,226,0.3774530271398748,4.1853862212943636,0,0,0,928,1241,0.0,0.42784693407100044,0.5721530659289995,-0.3980408700685991,0.0,0.0
scale1p75_seed43022_reference,experiments/archive/frontier_consolidation/data/selected_trajectory_eval_scale1p75_seed43022_reference_common2M,chck_80M,chck_82M,chck_84M,chck_80M->chck_82M->chck_84M,background,43.95857142857143,68.48,62.94,50.06,28.31,52.19,37.58,8.15,rise,Supplement,5218,51,61,-10,-0.19164430816404754,2.146416251437332,87,67,20,0.3832886163280951,2.951322345726332,0,0,0,35,77,0.0,0.3125,0.6875,-0.26650089544451305,0.0,0.0
scale1p75_seed43022_reference,experiments/archive/frontier_consolidation/data/selected_trajectory_eval_scale1p75_seed43022_reference_common2M,chck_80M,chck_82M,chck_84M,chck_80M->chck_82M->chck_84M,background,43.95857142857143,68.48,62.94,50.06,28.31,52.19,37.58,8.15,rise,EWoK,7618,237,240,-3,-0.03938041480703597,6.261485954318719,279,229,50,0.6563402467839329,6.668416907324757,0,0,0,180,297,0.0,0.37735849056603776,0.6226415094339622,-0.3656633716708127,0.0,0.0
scale1p75_seed43022_reference,experiments/archive/frontier_consolidation/data/selected_trajectory_eval_scale1p75_seed43022_reference_common2M,chck_80M,chck_82M,chck_84M,chck_80M->chck_82M->chck_84M,background,43.95857142857143,68.48,62.94,50.06,28.31,52.19,37.58,8.15,rise,Entity,6780,134,123,11,0.16224188790560473,3.7905604719764017,146,135,11,0.16224188790560473,4.1445427728613575,0,0,0,102,155,0.0,0.3968871595330739,0.603112840466926,-0.37956001064527933,0.0,0.0
scale1p75_seed43022_reference,experiments/archive/frontier_consolidation/data/selected_trajectory_eval_scale1p75_seed43022_reference_common2M,chck_80M,chck_82M,chck_84M,chck_80M->chck_82M->chck_84M,background,43.95857142857143,68.48,62.94,50.06,28.31,52.19,37.58,8.15,rise,COMPS,91028,3001,2919,82,0.09008217251834601,6.503493430592784,3959,3901,58,0.06371665861053742,8.634705804807313,0,0,0,2560,3360,0.0,0.43243243243243246,0.5675675675675675,-0.3752907315795921,0.0,0.0
scale1p75_seed43022_reference,experiments/archive/frontier_consolidation/data/selected_trajectory_eval_scale1p75_seed43022_reference_common2M,chck_80M,chck_82M,chck_84M,chck_80M->chck_82M->chck_84M,background,43.95857142857143,68.48,62.94,50.06,28.31,52.19,37.58,8.15,rise,GlobalPIQA,203,5,4,1,0.49261083743842365,4.433497536945813,3,4,-1,-0.49261083743842365,3.4482758620689653,0,0,0,2,7,0.0,0.2222222222222222,0.7777777777777778,-0.2519763153394848,0.0,0.0
scale1p75_seed43022_reference,experiments/archive/frontier_consolidation/data/selected_trajectory_eval_scale1p75_seed43022_reference_common2M,chck_80M,chck_82M,chck_84M,chck_80M->chck_82M->chck_84M,background,43.95857142857143,68.48,62.94,50.06,28.31,52.19,37.58,8.15,fall,ALL,170722,4225,4049,176,0.10309157577816568,4.846475556753084,4443,4501,-58,-0.03397336019962278,5.238926441817692,0,0,0,3302,4972,0.0,0.3990814599951656,0.6009185400048345,-0.3838428147714941,0.0,0.0
scale1p75_seed43022_reference,experiments/archive/frontier_consolidation/data/selected_trajectory_eval_scale1p75_seed43022_reference_common2M,chck_80M,chck_82M,chck_84M,chck_80M->chck_82M->chck_84M,background,43.95857142857143,68.48,62.94,50.06,28.31,52.19,37.58,8.15,fall,BLiMP,59875,986,859,127,0.21210855949895616,3.0814196242171192,1015,1154,-139,-0.2321503131524008,3.622546972860125,0,0,0,829,1016,0.0,0.44932249322493223,0.5506775067750678,-0.41440651007680634,0.0,0.0
scale1p75_seed43022_reference,experiments/archive/frontier_consolidation/data/selected_trajectory_eval_scale1p75_seed43022_reference_common2M,chck_80M,chck_82M,chck_84M,chck_80M->chck_82M->chck_84M,background,43.95857142857143,68.48,62.94,50.06,28.31,52.19,37.58,8.15,fall,Supplement,5218,64,47,17,0.32579532387888077,2.1272518206209274,51,61,-10,-0.19164430816404754,2.146416251437332,0,0,0,44,67,0.0,0.3963963963963964,0.6036036036036037,-0.3946228018337964,0.0,0.0
scale1p75_seed43022_reference,experiments/archive/frontier_consolidation/data/selected_trajectory_eval_scale1p75_seed43022_reference_common2M,chck_80M,chck_82M,chck_84M,chck_80M->chck_82M->chck_84M,background,43.95857142857143,68.48,62.94,50.06,28.31,52.19,37.58,8.15,fall,EWoK,7618,234,206,28,0.36755053819900235,5.7757941716986085,237,240,-3,-0.03938041480703597,6.261485954318719,0,0,0,196,244,0.0,0.44545454545454544,0.5545454545454546,-0.4278293192783225,0.0,0.0
scale1p75_seed43022_reference,experiments/archive/frontier_consolidation/data/selected_trajectory_eval_scale1p75_seed43022_reference_common2M,chck_80M,chck_82M,chck_84M,chck_80M->chck_82M->chck_84M,background,43.95857142857143,68.48,62.94,50.06,28.31,52.19,37.58,8.15,fall,Entity,6780,119,109,10,0.14749262536873156,3.3628318584070795,134,123,11,0.16224188790560473,3.7905604719764017,0,0,0,108,120,0.0,0.47368421052631576,0.5263157894736842,-0.4461591153103149,0.0,0.0
scale1p75_seed43022_reference,experiments/archive/frontier_consolidation/data/selected_trajectory_eval_scale1p75_seed43022_reference_common2M,chck_80M,chck_82M,chck_84M,chck_80M->chck_82M->chck_84M,background,43.95857142857143,68.48,62.94,50.06,28.31,52.19,37.58,8.15,fall,COMPS,91028,2820,2822,-2,-0.0021971261589840488,6.198092894494002,3001,2919,82,0.09008217251834601,6.503493430592784,0,0,0,2124,3518,0.0,0.37646224742998935,0.6235377525700107,-0.3675167337478371,0.0,0.0
scale1p75_seed43022_reference,experiments/archive/frontier_consolidation/data/selected_trajectory_eval_scale1p75_seed43022_reference_common2M,chck_80M,chck_82M,chck_84M,chck_80M->chck_82M->chck_84M,background,43.95857142857143,68.48,62.94,50.06,28.31,52.19,37.58,8.15,fall,GlobalPIQA,203,2,6,-4,-1.9704433497536946,3.9408866995073892,5,4,1,0.49261083743842365,4.433497536945813,0,0,0,1,7,0.0,0.125,0.875,-0.1178511301977579,0.0,0.0
scale1p75_seed43022_reference,experiments/archive/frontier_consolidation/data/selected_trajectory_eval_scale1p75_seed43022_reference_common2M,chck_82M,chck_84M,chck_86M,chck_82M->chck_84M->chck_86M,own_peak_and_fixed_82_84_86,44.12357142857143,68.25,63.48,50.07,28.58,52.21,38.12,8.155,rise,ALL,170722,4443,4501,-58,-0.03397336019962278,5.238926441817692,4443,4501,-58,-0.03397336019962278,5.238926441817692,4443,4501,8944,0,0,1.0,0.0,0.0,1.0,1.0,1.0
scale1p75_seed43022_reference,experiments/archive/frontier_consolidation/data/selected_trajectory_eval_scale1p75_seed43022_reference_common2M,chck_82M,chck_84M,chck_86M,chck_82M->chck_84M->chck_86M,own_peak_and_fixed_82_84_86,44.12357142857143,68.25,63.48,50.07,28.58,52.21,38.12,8.155,rise,BLiMP,59875,1015,1154,-139,-0.2321503131524008,3.622546972860125,1015,1154,-139,-0.2321503131524008,3.622546972860125,1015,1154,2169,0,0,1.0,0.0,0.0,1.0,1.0,1.0
scale1p75_seed43022_reference,experiments/archive/frontier_consolidation/data/selected_trajectory_eval_scale1p75_seed43022_reference_common2M,chck_82M,chck_84M,chck_86M,chck_82M->chck_84M->chck_86M,own_peak_and_fixed_82_84_86,44.12357142857143,68.25,63.48,50.07,28.58,52.21,38.12,8.155,rise,Supplement,5218,51,61,-10,-0.19164430816404754,2.146416251437332,51,61,-10,-0.19164430816404754,2.146416251437332,51,61,112,0,0,1.0,0.0,0.0,0.9999999999999999,1.0,1.0
scale1p75_seed43022_reference,experiments/archive/frontier_consolidation/data/selected_trajectory_eval_scale1p75_seed43022_reference_common2M,chck_82M,chck_84M,chck_86M,chck_82M->chck_84M->chck_86M,own_peak_and_fixed_82_84_86,44.12357142857143,68.25,63.48,50.07,28.58,52.21,38.12,8.155,rise,EWoK,7618,237,240,-3,-0.03938041480703597,6.261485954318719,237,240,-3,-0.03938041480703597,6.261485954318719,237,240,477,0,0,1.0,0.0,0.0,1.0,1.0,1.0
scale1p75_seed43022_reference,experiments/archive/frontier_consolidation/data/selected_trajectory_eval_scale1p75_seed43022_reference_common2M,chck_82M,chck_84M,chck_86M,chck_82M->chck_84M->chck_86M,own_peak_and_fixed_82_84_86,44.12357142857143,68.25,63.48,50.07,28.58,52.21,38.12,8.155,rise,Entity,6780,134,123,11,0.16224188790560473,3.7905604719764017,134,123,11,0.16224188790560473,3.7905604719764017,134,123,257,0,0,1.0,0.0,0.0,0.9999999999999998,1.0,1.0
scale1p75_seed43022_reference,experiments/archive/frontier_consolidation/data/selected_trajectory_eval_scale1p75_seed43022_reference_common2M,chck_82M,chck_84M,chck_86M,chck_82M->chck_84M->chck_86M,own_peak_and_fixed_82_84_86,44.12357142857143,68.25,63.48,50.07,28.58,52.21,38.12,8.155,rise,COMPS,91028,3001,2919,82,0.09008217251834601,6.503493430592784,3001,2919,82,0.09008217251834601,6.503493430592784,3001,2919,5920,0,0,1.0,0.0,0.0,1.0000000000000002,1.0,1.0
scale1p75_seed43022_reference,experiments/archive/frontier_consolidation/data/selected_trajectory_eval_scale1p75_seed43022_reference_common2M,chck_82M,chck_84M,chck_86M,chck_82M->chck_84M->chck_86M,own_peak_and_fixed_82_84_86,44.12357142857143,68.25,63.48,50.07,28.58,52.21,38.12,8.155,rise,GlobalPIQA,203,5,4,1,0.49261083743842365,4.433497536945813,5,4,1,0.49261083743842365,4.433497536945813,5,4,9,0,0,1.0,0.0,0.0,1.0,1.0,1.0
scale1p75_seed43022_reference,experiments/archive/frontier_consolidation/data/selected_trajectory_eval_scale1p75_seed43022_reference_common2M,chck_82M,chck_84M,chck_86M,chck_82M->chck_84M->chck_86M,own_peak_and_fixed_82_84_86,44.12357142857143,68.25,63.48,50.07,28.58,52.21,38.12,8.155,fall,ALL,170722,4225,4049,176,0.10309157577816568,4.846475556753084,4225,4049,176,0.10309157577816568,4.846475556753084,4225,4049,8274,0,0,1.0,0.0,0.0,1.0,1.0,1.0
scale1p75_seed43022_reference,experiments/archive/frontier_consolidation/data/selected_trajectory_eval_scale1p75_seed43022_reference_common2M,chck_82M,chck_84M,chck_86M,chck_82M->chck_84M->chck_86M,own_peak_and_fixed_82_84_86,44.12357142857143,68.25,63.48,50.07,28.58,52.21,38.12,8.155,fall,BLiMP,59875,986,859,127,0.21210855949895616,3.0814196242171192,986,859,127,0.21210855949895616,3.0814196242171192,986,859,1845,0,0,1.0,0.0,0.0,1.0,1.0,1.0
scale1p75_seed43022_reference,experiments/archive/frontier_consolidation/data/selected_trajectory_eval_scale1p75_seed43022_reference_common2M,chck_82M,chck_84M,chck_86M,chck_82M->chck_84M->chck_86M,own_peak_and_fixed_82_84_86,44.12357142857143,68.25,63.48,50.07,28.58,52.21,38.12,8.155,fall,Supplement,5218,64,47,17,0.32579532387888077,2.1272518206209274,64,47,17,0.32579532387888077,2.1272518206209274,64,47,111,0,0,1.0,0.0,0.0,1.0000000000000002,1.0,1.0
scale1p75_seed43022_reference,experiments/archive/frontier_consolidation/data/selected_trajectory_eval_scale1p75_seed43022_reference_common2M,chck_82M,chck_84M,chck_86M,chck_82M->chck_84M->chck_86M,own_peak_and_fixed_82_84_86,44.12357142857143,68.25,63.48,50.07,28.58,52.21,38.12,8.155,fall,EWoK,7618,234,206,28,0.36755053819900235,5.7757941716986085,234,206,28,0.36755053819900235,5.7757941716986085,234,206,440,0,0,1.0,0.0,0.0,1.0,1.0,1.0
scale1p75_seed43022_reference,experiments/archive/frontier_consolidation/data/selected_trajectory_eval_scale1p75_seed43022_reference_common2M,chck_82M,chck_84M,chck_86M,chck_82M->chck_84M->chck_86M,own_peak_and_fixed_82_84_86,44.12357142857143,68.25,63.48,50.07,28.58,52.21,38.12,8.155,fall,Entity,6780,119,109,10,0.14749262536873156,3.3628318584070795,119,109,10,0.14749262536873156,3.3628318584070795,119,109,228,0,0,1.0,0.0,0.0,1.0,1.0,1.0
scale1p75_seed43022_reference,experiments/archive/frontier_consolidation/data/selected_trajectory_eval_scale1p75_seed43022_reference_common2M,chck_82M,chck_84M,chck_86M,chck_82M->chck_84M->chck_86M,own_peak_and_fixed_82_84_86,44.12357142857143,68.25,63.48,50.07,28.58,52.21,38.12,8.155,fall,COMPS,91028,2820,2822,-2,-0.0021971261589840488,6.198092894494002,2820,2822,-2,-0.0021971261589840488,6.198092894494002,2820,2822,5642,0,0,1.0,0.0,0.0,1.0,1.0,1.0
scale1p75_seed43022_reference,experiments/archive/frontier_consolidation/data/selected_trajectory_eval_scale1p75_seed43022_reference_common2M,chck_82M,chck_84M,chck_86M,chck_82M->chck_84M->chck_86M,own_peak_and_fixed_82_84_86,44.12357142857143,68.25,63.48,50.07,28.58,52.21,38.12,8.155,fall,GlobalPIQA,203,2,6,-4,-1.9704433497536946,3.9408866995073892,2,6,-4,-1.9704433497536946,3.9408866995073892,2,6,8,0,0,1.0,0.0,0.0,0.9999999999999998,1.0,1.0
scale1p75_seed43022_reference,experiments/archive/frontier_consolidation/data/selected_trajectory_eval_scale1p75_seed43022_reference_common2M,chck_84M,chck_86M,chck_88M,chck_84M->chck_86M->chck_88M,background,43.770714285714284,68.47,62.68,50.14,28.58,52.29,36.135,8.1,rise,ALL,170722,4443,4501,-58,-0.03397336019962278,5.238926441817692,4225,4049,176,0.10309157577816568,4.846475556753084,0,0,0,3302,5642,0.0,0.3691860465116279,0.6308139534883721,-0.3838428147714941,0.0,0.0
scale1p75_seed43022_reference,experiments/archive/frontier_consolidation/data/selected_trajectory_eval_scale1p75_seed43022_reference_common2M,chck_84M,chck_86M,chck_88M,chck_84M->chck_86M->chck_88M,background,43.770714285714284,68.47,62.68,50.14,28.58,52.29,36.135,8.1,rise,BLiMP,59875,1015,1154,-139,-0.2321503131524008,3.622546972860125,986,859,127,0.21210855949895616,3.0814196242171192,0,0,0,829,1340,0.0,0.3822037805440295,0.6177962194559705,-0.41440651007680634,0.0,0.0
scale1p75_seed43022_reference,experiments/archive/frontier_consolidation/data/selected_trajectory_eval_scale1p75_seed43022_reference_common2M,chck_84M,chck_86M,chck_88M,chck_84M->chck_86M->chck_88M,background,43.770714285714284,68.47,62.68,50.14,28.58,52.29,36.135,8.1,rise,Supplement,5218,51,61,-10,-0.19164430816404754,2.146416251437332,64,47,17,0.32579532387888077,2.1272518206209274,0,0,0,44,68,0.0,0.39285714285714285,0.6071428571428571,-0.3946228018337964,0.0,0.0
scale1p75_seed43022_reference,experiments/archive/frontier_consolidation/data/selected_trajectory_eval_scale1p75_seed43022_reference_common2M,chck_84M,chck_86M,chck_88M,chck_84M->chck_86M->chck_88M,background,43.770714285714284,68.47,62.68,50.14,28.58,52.29,36.135,8.1,rise,EWoK,7618,237,240,-3,-0.03938041480703597,6.261485954318719,234,206,28,0.36755053819900235,5.7757941716986085,0,0,0,196,281,0.0,0.4109014675052411,0.589098532494759,-0.4278293192783225,0.0,0.0
scale1p75_seed43022_reference,experiments/archive/frontier_consolidation/data/selected_trajectory_eval_scale1p75_seed43022_reference_common2M,chck_84M,chck_86M,chck_88M,chck_84M->chck_86M->chck_88M,background,43.770714285714284,68.47,62.68,50.14,28.58,52.29,36.135,8.1,rise,Entity,6780,134,123,11,0.16224188790560473,3.7905604719764017,119,109,10,0.14749262536873156,3.3628318584070795,0,0,0,108,149,0.0,0.42023346303501946,0.5797665369649806,-0.4461591153103149,0.0,0.0
scale1p75_seed43022_reference,experiments/archive/frontier_consolidation/data/selected_trajectory_eval_scale1p75_seed43022_reference_common2M,chck_84M,chck_86M,chck_88M,chck_84M->chck_86M->chck_88M,background,43.770714285714284,68.47,62.68,50.14,28.58,52.29,36.135,8.1,rise,COMPS,91028,3001,2919,82,0.09008217251834601,6.503493430592784,2820,2822,-2,-0.0021971261589840488,6.198092894494002,0,0,0,2124,3796,0.0,0.3587837837837838,0.6412162162162162,-0.3675167337478371,0.0,0.0
scale1p75_seed43022_reference,experiments/archive/frontier_consolidation/data/selected_trajectory_eval_scale1p75_seed43022_reference_common2M,chck_84M,chck_86M,chck_88M,chck_84M->chck_86M->chck_88M,background,43.770714285714284,68.47,62.68,50.14,28.58,52.29,36.135,8.1,rise,GlobalPIQA,203,5,4,1,0.49261083743842365,4.433497536945813,2,6,-4,-1.9704433497536946,3.9408866995073892,0,0,0,1,8,0.0,0.1111111111111111,0.8888888888888888,-0.1178511301977579,0.0,0.0
scale1p75_seed43022_reference,experiments/archive/frontier_consolidation/data/selected_trajectory_eval_scale1p75_seed43022_reference_common2M,chck_84M,chck_86M,chck_88M,chck_84M->chck_86M->chck_88M,background,43.770714285714284,68.47,62.68,50.14,28.58,52.29,36.135,8.1,fall,ALL,170722,4225,4049,176,0.10309157577816568,4.846475556753084,3076,3089,-13,-0.007614718665432691,3.611133890184042,0,0,0,2730,5544,0.0,0.3299492385786802,0.6700507614213198,-0.38224195029809077,0.0,0.0
scale1p75_seed43022_reference,experiments/archive/frontier_consolidation/data/selected_trajectory_eval_scale1p75_seed43022_reference_common2M,chck_84M,chck_86M,chck_88M,chck_84M->chck_86M->chck_88M,background,43.770714285714284,68.47,62.68,50.14,28.58,52.29,36.135,8.1,fall,BLiMP,59875,986,859,127,0.21210855949895616,3.0814196242171192,648,633,15,0.025052192066805846,2.1394572025052194,0,0,0,504,1341,0.0,0.2731707317073171,0.7268292682926829,-0.32783686369339476,0.0,0.0
scale1p75_seed43022_reference,experiments/archive/frontier_consolidation/data/selected_trajectory_eval_scale1p75_seed43022_reference_common2M,chck_84M,chck_86M,chck_88M,chck_84M->chck_86M->chck_88M,background,43.770714285714284,68.47,62.68,50.14,28.58,52.29,36.135,8.1,fall,Supplement,5218,64,47,17,0.32579532387888077,2.1272518206209274,33,62,-29,-0.5557684936757379,1.8206209275584515,0,0,0,40,71,0.0,0.36036036036036034,0.6396396396396397,-0.38952622254023866,0.0,0.0
scale1p75_seed43022_reference,experiments/archive/frontier_consolidation/data/selected_trajectory_eval_scale1p75_seed43022_reference_common2M,chck_84M,chck_86M,chck_88M,chck_84M->chck_86M->chck_88M,background,43.770714285714284,68.47,62.68,50.14,28.58,52.29,36.135,8.1,fall,EWoK,7618,234,206,28,0.36755053819900235,5.7757941716986085,147,176,-29,-0.380677343134681,4.239957994224206,0,0,0,155,285,0.0,0.3522727272727273,0.6477272727272727,-0.4111536014500718,0.0,0.0
scale1p75_seed43022_reference,experiments/archive/frontier_consolidation/data/selected_trajectory_eval_scale1p75_seed43022_reference_common2M,chck_84M,chck_86M,chck_88M,chck_84M->chck_86M->chck_88M,background,43.770714285714284,68.47,62.68,50.14,28.58,52.29,36.135,8.1,fall,Entity,6780,119,109,10,0.14749262536873156,3.3628318584070795,96,77,19,0.28023598820059,2.551622418879056,0,0,0,53,175,0.0,0.2324561403508772,0.7675438596491229,-0.2668611753858238,0.0,0.0
scale1p75_seed43022_reference,experiments/archive/frontier_consolidation/data/selected_trajectory_eval_scale1p75_seed43022_reference_common2M,chck_84M,chck_86M,chck_88M,chck_84M->chck_86M->chck_88M,background,43.770714285714284,68.47,62.68,50.14,28.58,52.29,36.135,8.1,fall,COMPS,91028,2820,2822,-2,-0.0021971261589840488,6.198092894494002,2150,2138,12,0.013182756953904293,4.710638484861801,0,0,0,1976,3666,0.0,0.35023041474654376,0.6497695852534562,-0.40173809050509474,0.0,0.0
scale1p75_seed43022_reference,experiments/archive/frontier_consolidation/data/selected_trajectory_eval_scale1p75_seed43022_reference_common2M,chck_84M,chck_86M,chck_88M,chck_84M->chck_86M->chck_88M,background,43.770714285714284,68.47,62.68,50.14,28.58,52.29,36.135,8.1,fall,GlobalPIQA,203,2,6,-4,-1.9704433497536946,3.9408866995073892,2,3,-1,-0.49261083743842365,2.4630541871921183,0,0,0,2,6,0.0,0.25,0.75,-0.31622776601683794,0.0,0.0
scale1p75_seed43022_reference,experiments/archive/frontier_consolidation/data/selected_trajectory_eval_scale1p75_seed43022_reference_common2M,chck_86M,chck_88M,chck_90M,chck_86M->chck_88M->chck_90M,background,43.71071428571428,68.49,62.83,49.4,29.14,52.24,35.635,8.24,rise,ALL,170722,4443,4501,-58,-0.03397336019962278,5.238926441817692,3076,3089,-13,-0.007614718665432691,3.611133890184042,358,409,767,1089,7088,0.08575581395348837,0.12175760286225402,0.7924865831842576,-0.043363410914071344,0.04999301773495322,0.056955855730399664
scale1p75_seed43022_reference,experiments/archive/frontier_consolidation/data/selected_trajectory_eval_scale1p75_seed43022_reference_common2M,chck_86M,chck_88M,chck_90M,chck_86M->chck_88M->chck_90M,background,43.71071428571428,68.49,62.83,49.4,29.14,52.24,35.635,8.24,rise,BLiMP,59875,1015,1154,-139,-0.2321503131524008,3.622546972860125,648,633,15,0.025052192066805846,2.1394572025052194,68,88,156,265,1748,0.07192254495159059,0.12217611802674043,0.805901337021669,-0.06539162909942975,0.042633228840125395,0.05179517363154797
scale1p75_seed43022_reference,experiments/archive/frontier_consolidation/data/selected_trajectory_eval_scale1p75_seed43022_reference_common2M,chck_86M,chck_88M,chck_90M,chck_86M->chck_88M->chck_90M,background,43.71071428571428,68.49,62.83,49.4,29.14,52.24,35.635,8.24,rise,Supplement,5218,51,61,-10,-0.19164430816404754,2.146416251437332,33,62,-29,-0.5557684936757379,1.8206209275584515,3,9,12,15,85,0.10714285714285714,0.13392857142857142,0.7589285714285714,-0.02908375253735555,0.037037037037037035,0.07894736842105263
scale1p75_seed43022_reference,experiments/archive/frontier_consolidation/data/selected_trajectory_eval_scale1p75_seed43022_reference_common2M,chck_86M,chck_88M,chck_90M,chck_86M->chck_88M->chck_90M,background,43.71071428571428,68.49,62.83,49.4,29.14,52.24,35.635,8.24,rise,EWoK,7618,237,240,-3,-0.03938041480703597,6.261485954318719,147,176,-29,-0.380677343134681,4.239957994224206,18,31,49,51,377,0.10272536687631027,0.1069182389937107,0.790356394129979,-0.005095297484395956,0.04918032786885246,0.08051948051948052
scale1p75_seed43022_reference,experiments/archive/frontier_consolidation/data/selected_trajectory_eval_scale1p75_seed43022_reference_common2M,chck_86M,chck_88M,chck_90M,chck_86M->chck_88M->chck_90M,background,43.71071428571428,68.49,62.83,49.4,29.14,52.24,35.635,8.24,rise,Entity,6780,134,123,11,0.16224188790560473,3.7905604719764017,96,77,19,0.28023598820059,2.551622418879056,16,6,22,37,198,0.08560311284046693,0.14396887159533073,0.7704280155642024,-0.07113799913507513,0.07476635514018691,0.030927835051546393
scale1p75_seed43022_reference,experiments/archive/frontier_consolidation/data/selected_trajectory_eval_scale1p75_seed43022_reference_common2M,chck_86M,chck_88M,chck_90M,chck_86M->chck_88M->chck_90M,background,43.71071428571428,68.49,62.83,49.4,29.14,52.24,35.635,8.24,rise,COMPS,91028,3001,2919,82,0.09008217251834601,6.503493430592784,2150,2138,12,0.013182756953904293,4.710638484861801,253,275,528,719,4673,0.0891891891891892,0.1214527027027027,0.7893581081081081,-0.037909244165012915,0.05165373621886484,0.0575073191133417
scale1p75_seed43022_reference,experiments/archive/frontier_consolidation/data/selected_trajectory_eval_scale1p75_seed43022_reference_common2M,chck_86M,chck_88M,chck_90M,chck_86M->chck_88M->chck_90M,background,43.71071428571428,68.49,62.83,49.4,29.14,52.24,35.635,8.24,rise,GlobalPIQA,203,5,4,1,0.49261083743842365,4.433497536945813,2,3,-1,-0.49261083743842365,2.4630541871921183,0,0,0,2,7,0.0,0.2222222222222222,0.7777777777777778,-0.29814239699997197,0.0,0.0
scale1p75_seed43022_reference,experiments/archive/frontier_consolidation/data/selected_trajectory_eval_scale1p75_seed43022_reference_common2M,chck_86M,chck_88M,chck_90M,chck_86M->chck_88M->chck_90M,background,43.71071428571428,68.49,62.83,49.4,29.14,52.24,35.635,8.24,fall,ALL,170722,4225,4049,176,0.10309157577816568,4.846475556753084,2384,2419,-35,-0.0205011656377034,2.8133456730825555,319,292,611,1015,6648,0.07384578196760938,0.12267343485617598,0.8034807831762146,-0.06408661210526526,0.050715421303656597,0.04727979274611399
scale1p75_seed43022_reference,experiments/archive/frontier_consolidation/data/selected_trajectory_eval_scale1p75_seed43022_reference_common2M,chck_86M,chck_88M,chck_90M,chck_86M->chck_88M->chck_90M,background,43.71071428571428,68.49,62.83,49.4,29.14,52.24,35.635,8.24,fall,BLiMP,59875,986,859,127,0.21210855949895616,3.0814196242171192,583,522,61,0.10187891440501043,1.8455114822546974,79,54,133,266,1446,0.07208672086720867,0.14417344173441735,0.7837398373983739,-0.0931477388058908,0.053020134228187916,0.04069329314242653
scale1p75_seed43022_reference,experiments/archive/frontier_consolidation/data/selected_trajectory_eval_scale1p75_seed43022_reference_common2M,chck_86M,chck_88M,chck_90M,chck_86M->chck_88M->chck_90M,background,43.71071428571428,68.49,62.83,49.4,29.14,52.24,35.635,8.24,fall,Supplement,5218,64,47,17,0.32579532387888077,2.1272518206209274,30,34,-4,-0.07665772326561901,1.2265235722499042,3,4,7,7,97,0.06306306306306306,0.06306306306306306,0.8738738738738738,0.0,0.03296703296703297,0.05194805194805195
scale1p75_seed43022_reference,experiments/archive/frontier_consolidation/data/selected_trajectory_eval_scale1p75_seed43022_reference_common2M,chck_86M,chck_88M,chck_90M,chck_86M->chck_88M->chck_90M,background,43.71071428571428,68.49,62.83,49.4,29.14,52.24,35.635,8.24,fall,EWoK,7618,234,206,28,0.36755053819900235,5.7757941716986085,114,141,-27,-0.3544237332633237,3.3473352585980574,28,19,47,54,339,0.10681818181818181,0.12272727272727273,0.7704545454545455,-0.020897850190928626,0.0875,0.057926829268292686
scale1p75_seed43022_reference,experiments/archive/frontier_consolidation/data/selected_trajectory_eval_scale1p75_seed43022_reference_common2M,chck_86M,chck_88M,chck_90M,chck_86M->chck_88M->chck_90M,background,43.71071428571428,68.49,62.83,49.4,29.14,52.24,35.635,8.24,fall,Entity,6780,119,109,10,0.14749262536873156,3.3628318584070795,60,107,-47,-0.6932153392330384,2.463126843657817,6,11,17,34,177,0.07456140350877193,0.14912280701754385,0.7763157894736842,-0.0871210823619112,0.03468208092485549,0.05365853658536585
scale1p75_seed43022_reference,experiments/archive/frontier_consolidation/data/selected_trajectory_eval_scale1p75_seed43022_reference_common2M,chck_86M,chck_88M,chck_90M,chck_86M->chck_88M->chck_90M,background,43.71071428571428,68.49,62.83,49.4,29.14,52.24,35.635,8.24,fall,COMPS,91028,2820,2822,-2,-0.0021971261589840488,6.198092894494002,1597,1611,-14,-0.015379883112888343,3.524190359010414,203,204,407,653,4582,0.07213753987947537,0.11573909961006736,0.8121233605104573,-0.0578231020135817,0.04817275747508306,0.048238354220856
scale1p75_seed43022_reference,experiments/archive/frontier_consolidation/data/selected_trajectory_eval_scale1p75_seed43022_reference_common2M,chck_86M,chck_88M,chck_90M,chck_86M->chck_88M->chck_90M,background,43.71071428571428,68.49,62.83,49.4,29.14,52.24,35.635,8.24,fall,GlobalPIQA,203,2,6,-4,-1.9704433497536946,3.9408866995073892,0,4,-4,-1.9704433497536946,1.9704433497536946,0,0,0,1,7,0.0,0.125,0.875,-0.17677669529663687,0.0,0.0
scale1p75_seed43022_reference,experiments/archive/frontier_consolidation/data/selected_trajectory_eval_scale1p75_seed43022_reference_common2M,chck_88M,chck_90M,chck_92M,chck_88M->chck_90M->chck_92M,background,43.27214285714286,68.59,62.89,49.09,28.17,52.24,33.65,8.275,rise,ALL,170722,4443,4501,-58,-0.03397336019962278,5.238926441817692,2384,2419,-35,-0.0205011656377034,2.8133456730825555,326,356,682,742,7520,0.07625223613595707,0.08296064400715564,0.8407871198568873,-0.009154382649252025,0.050146131364405475,0.05423522242535039
scale1p75_seed43022_reference,experiments/archive/frontier_consolidation/data/selected_trajectory_eval_scale1p75_seed43022_reference_common2M,chck_88M,chck_90M,chck_92M,chck_88M->chck_90M->chck_92M,background,43.27214285714286,68.59,62.89,49.09,28.17,52.24,33.65,8.275,rise,BLiMP,59875,1015,1154,-139,-0.2321503131524008,3.622546972860125,583,522,61,0.10187891440501043,1.8455114822546974,68,107,175,173,1821,0.08068234209313048,0.07976025818349469,0.8395573997233748,0.0012918707958565077,0.044444444444444446,0.06819630337794774
scale1p75_seed43022_reference,experiments/archive/frontier_consolidation/data/selected_trajectory_eval_scale1p75_seed43022_reference_common2M,chck_88M,chck_90M,chck_92M,chck_88M->chck_90M->chck_92M,background,43.27214285714286,68.59,62.89,49.09,28.17,52.24,33.65,8.275,rise,Supplement,5218,51,61,-10,-0.19164430816404754,2.146416251437332,30,34,-4,-0.07665772326561901,1.2265235722499042,0,1,1,12,99,0.008928571428571428,0.10714285714285714,0.8839285714285714,-0.12992528759692185,0.0,0.010638297872340425
scale1p75_seed43022_reference,experiments/archive/frontier_consolidation/data/selected_trajectory_eval_scale1p75_seed43022_reference_common2M,chck_88M,chck_90M,chck_92M,chck_88M->chck_90M->chck_92M,background,43.27214285714286,68.59,62.89,49.09,28.17,52.24,33.65,8.275,rise,EWoK,7618,237,240,-3,-0.03938041480703597,6.261485954318719,114,141,-27,-0.3544237332633237,3.3473352585980574,21,20,41,43,393,0.0859538784067086,0.09014675052410902,0.8238993710691824,-0.005734568118788275,0.06363636363636363,0.055401662049861494
scale1p75_seed43022_reference,experiments/archive/frontier_consolidation/data/selected_trajectory_eval_scale1p75_seed43022_reference_common2M,chck_88M,chck_90M,chck_92M,chck_88M->chck_90M->chck_92M,background,43.27214285714286,68.59,62.89,49.09,28.17,52.24,33.65,8.275,rise,Entity,6780,134,123,11,0.16224188790560473,3.7905604719764017,60,107,-47,-0.6932153392330384,2.463126843657817,11,13,24,32,201,0.0933852140077821,0.1245136186770428,0.7821011673151751,-0.038615813626032953,0.060109289617486336,0.059907834101382486
scale1p75_seed43022_reference,experiments/archive/frontier_consolidation/data/selected_trajectory_eval_scale1p75_seed43022_reference_common2M,chck_88M,chck_90M,chck_92M,chck_88M->chck_90M->chck_92M,background,43.27214285714286,68.59,62.89,49.09,28.17,52.24,33.65,8.275,rise,COMPS,91028,3001,2919,82,0.09008217251834601,6.503493430592784,1597,1611,-14,-0.015379883112888343,3.524190359010414,226,215,441,481,4998,0.07449324324324325,0.08125,0.8442567567567567,-0.009178716542417266,0.05169258920402562,0.04982618771726535
scale1p75_seed43022_reference,experiments/archive/frontier_consolidation/data/selected_trajectory_eval_scale1p75_seed43022_reference_common2M,chck_88M,chck_90M,chck_92M,chck_88M->chck_90M->chck_92M,background,43.27214285714286,68.59,62.89,49.09,28.17,52.24,33.65,8.275,rise,GlobalPIQA,203,5,4,1,0.49261083743842365,4.433497536945813,0,4,-4,-1.9704433497536946,1.9704433497536946,0,0,0,1,8,0.0,0.1111111111111111,0.8888888888888888,-0.16666666666666666,0.0,0.0
scale1p75_seed43022_reference,experiments/archive/frontier_consolidation/data/selected_trajectory_eval_scale1p75_seed43022_reference_common2M,chck_88M,chck_90M,chck_92M,chck_88M->chck_90M->chck_92M,background,43.27214285714286,68.59,62.89,49.09,28.17,52.24,33.65,8.275,fall,ALL,170722,4225,4049,176,0.10309157577816568,4.846475556753084,1976,1864,112,0.06560373004065088,2.2492707442508872,208,195,403,765,7106,0.048706792361614695,0.09245830311820159,0.8588349045201837,-0.06422220315915472,0.03470715835140998,0.03410283315844701
scale1p75_seed43022_reference,experiments/archive/frontier_consolidation/data/selected_trajectory_eval_scale1p75_seed43022_reference_common2M,chck_88M,chck_90M,chck_92M,chck_88M->chck_90M->chck_92M,background,43.27214285714286,68.59,62.89,49.09,28.17,52.24,33.65,8.275,fall,BLiMP,59875,986,859,127,0.21210855949895616,3.0814196242171192,400,367,33,0.055114822546972864,1.2810020876826722,51,40,91,148,1606,0.04932249322493225,0.08021680216802168,0.870460704607046,-0.047915827024829695,0.038202247191011236,0.03372681281618887
scale1p75_seed43022_reference,experiments/archive/frontier_consolidation/data/selected_trajectory_eval_scale1p75_seed43022_reference_common2M,chck_88M,chck_90M,chck_92M,chck_88M->chck_90M->chck_92M,background,43.27214285714286,68.59,62.89,49.09,28.17,52.24,33.65,8.275,fall,Supplement,5218,64,47,17,0.32579532387888077,2.1272518206209274,28,22,6,0.11498658489842851,0.9582215408202376,2,0,2,8,101,0.018018018018018018,0.07207207207207207,0.9099099099099099,-0.08053872662568291,0.022222222222222223,0.0
scale1p75_seed43022_reference,experiments/archive/frontier_consolidation/data/selected_trajectory_eval_scale1p75_seed43022_reference_common2M,chck_88M,chck_90M,chck_92M,chck_88M->chck_90M->chck_92M,background,43.27214285714286,68.59,62.89,49.09,28.17,52.24,33.65,8.275,fall,EWoK,7618,234,206,28,0.36755053819900235,5.7757941716986085,126,119,7,0.09188763454975059,3.2160672092412703,14,15,29,65,346,0.0659090909090909,0.14772727272727273,0.7863636363636364,-0.10964608269717108,0.04046242774566474,0.04838709677419355
scale1p75_seed43022_reference,experiments/archive/frontier_consolidation/data/selected_trajectory_eval_scale1p75_seed43022_reference_common2M,chck_88M,chck_90M,chck_92M,chck_88M->chck_90M->chck_92M,background,43.27214285714286,68.59,62.89,49.09,28.17,52.24,33.65,8.275,fall,Entity,6780,119,109,10,0.14749262536873156,3.3628318584070795,55,72,-17,-0.25073746312684364,1.8731563421828907,8,7,15,23,190,0.06578947368421052,0.10087719298245613,0.8333333333333334,-0.0470132963589574,0.04819277108433735,0.040229885057471264
scale1p75_seed43022_reference,experiments/archive/frontier_consolidation/data/selected_trajectory_eval_scale1p75_seed43022_reference_common2M,chck_88M,chck_90M,chck_92M,chck_88M->chck_90M->chck_92M,background,43.27214285714286,68.59,62.89,49.09,28.17,52.24,33.65,8.275,fall,COMPS,91028,2820,2822,-2,-0.0021971261589840488,6.198092894494002,1365,1284,81,0.08898360943885399,2.9100935975743725,132,133,265,521,4856,0.04696915987238568,0.0923431407302375,0.8606876993973768,-0.06621897365924649,0.03256846780162842,0.03347596274855273
scale1p75_seed43022_reference,experiments/archive/frontier_consolidation/data/selected_trajectory_eval_scale1p75_seed43022_reference_common2M,chck_88M,chck_90M,chck_92M,chck_88M->chck_90M->chck_92M,background,43.27214285714286,68.59,62.89,49.09,28.17,52.24,33.65,8.275,fall,GlobalPIQA,203,2,6,-4,-1.9704433497536946,3.9408866995073892,2,0,2,0.9852216748768473,0.9852216748768473,1,0,1,0,7,0.125,0.0,0.875,0.24999999999999994,0.3333333333333333,0.0
scale1p75_seed43022_reference,experiments/archive/frontier_consolidation/data/selected_trajectory_eval_scale1p75_seed43022_reference_common2M,chck_90M,chck_92M,chck_94M,chck_90M->chck_92M->chck_94M,background,43.36714285714286,68.65,62.85,48.99,27.8,52.32,34.635,8.325,rise,ALL,170722,4443,4501,-58,-0.03397336019962278,5.238926441817692,1976,1864,112,0.06560373004065088,2.2492707442508872,273,264,537,506,7901,0.06004025044722719,0.0565742397137746,0.8833855098389982,0.005289689576613641,0.04441913439635535,0.043271594820521224
scale1p75_seed43022_reference,experiments/archive/frontier_consolidation/data/selected_trajectory_eval_scale1p75_seed43022_reference_common2M,chck_90M,chck_92M,chck_94M,chck_90M->chck_92M->chck_94M,background,43.36714285714286,68.65,62.85,48.99,27.8,52.32,34.635,8.325,rise,BLiMP,59875,1015,1154,-139,-0.2321503131524008,3.622546972860125,400,367,33,0.055114822546972864,1.2810020876826722,56,57,113,108,1948,0.052097740894421395,0.04979253112033195,0.8981097279852467,0.00387652461834303,0.041206769683590876,0.0389344262295082
scale1p75_seed43022_reference,experiments/archive/frontier_consolidation/data/selected_trajectory_eval_scale1p75_seed43022_reference_common2M,chck_90M,chck_92M,chck_94M,chck_90M->chck_92M->chck_94M,background,43.36714285714286,68.65,62.85,48.99,27.8,52.32,34.635,8.325,rise,Supplement,5218,51,61,-10,-0.19164430816404754,2.146416251437332,28,22,6,0.11498658489842851,0.9582215408202376,7,3,10,4,98,0.08928571428571429,0.03571428571428571,0.875,0.08017837257372731,0.09722222222222222,0.0375
scale1p75_seed43022_reference,experiments/archive/frontier_consolidation/data/selected_trajectory_eval_scale1p75_seed43022_reference_common2M,chck_90M,chck_92M,chck_94M,chck_90M->chck_92M->chck_94M,background,43.36714285714286,68.65,62.85,48.99,27.8,52.32,34.635,8.325,rise,EWoK,7618,237,240,-3,-0.03938041480703597,6.261485954318719,126,119,7,0.09188763454975059,3.2160672092412703,21,26,47,33,397,0.09853249475890985,0.06918238993710692,0.8322851153039832,0.04095300778893008,0.06140350877192982,0.07807807807807808
scale1p75_seed43022_reference,experiments/archive/frontier_consolidation/data/selected_trajectory_eval_scale1p75_seed43022_reference_common2M,chck_90M,chck_92M,chck_94M,chck_90M->chck_92M->chck_94M,background,43.36714285714286,68.65,62.85,48.99,27.8,52.32,34.635,8.325,rise,Entity,6780,134,123,11,0.16224188790560473,3.7905604719764017,55,72,-17,-0.25073746312684364,1.8731563421828907,9,7,16,17,224,0.0622568093385214,0.06614785992217899,0.8715953307392996,-0.0055351778266020495,0.05,0.03723404255319149
scale1p75_seed43022_reference,experiments/archive/frontier_consolidation/data/selected_trajectory_eval_scale1p75_seed43022_reference_common2M,chck_90M,chck_92M,chck_94M,chck_90M->chck_92M->chck_94M,background,43.36714285714286,68.65,62.85,48.99,27.8,52.32,34.635,8.325,rise,COMPS,91028,3001,2919,82,0.09008217251834601,6.503493430592784,1365,1284,81,0.08898360943885399,2.9100935975743725,180,171,351,344,5225,0.05929054054054054,0.05810810810810811,0.8826013513513513,0.0017676497147813216,0.04300047778308648,0.04241071428571429
scale1p75_seed43022_reference,experiments/archive/frontier_consolidation/data/selected_trajectory_eval_scale1p75_seed43022_reference_common2M,chck_90M,chck_92M,chck_94M,chck_90M->chck_92M->chck_94M,background,43.36714285714286,68.65,62.85,48.99,27.8,52.32,34.635,8.325,rise,GlobalPIQA,203,5,4,1,0.49261083743842365,4.433497536945813,2,0,2,0.9852216748768473,0.9852216748768473,0,0,0,0,9,0.0,0.0,1.0,0.0,0.0,0.0
scale1p75_seed43022_reference,experiments/archive/frontier_consolidation/data/selected_trajectory_eval_scale1p75_seed43022_reference_common2M,chck_90M,chck_92M,chck_94M,chck_90M->chck_92M->chck_94M,background,43.36714285714286,68.65,62.85,48.99,27.8,52.32,34.635,8.325,fall,ALL,170722,4225,4049,176,0.10309157577816568,4.846475556753084,1370,1355,15,0.008786213844730028,1.596162181792622,245,234,479,358,7437,0.05789219240995891,0.04326806864877931,0.8988397389412618,0.025482636470851864,0.04579439252336449,0.04526112185686654
scale1p75_seed43022_reference,experiments/archive/frontier_consolidation/data/selected_trajectory_eval_scale1p75_seed43022_reference_common2M,chck_90M,chck_92M,chck_94M,chck_90M->chck_92M->chck_94M,background,43.36714285714286,68.65,62.85,48.99,27.8,52.32,34.635,8.325,fall,BLiMP,59875,986,859,127,0.21210855949895616,3.0814196242171192,283,270,13,0.021711899791231733,0.9235908141962422,56,42,98,87,1660,0.053116531165311655,0.04715447154471545,0.8997289972899729,0.01089010166774122,0.046166529266281946,0.03863845446182153
scale1p75_seed43022_reference,experiments/archive/frontier_consolidation/data/selected_trajectory_eval_scale1p75_seed43022_reference_common2M,chck_90M,chck_92M,chck_94M,chck_90M->chck_92M->chck_94M,background,43.36714285714286,68.65,62.85,48.99,27.8,52.32,34.635,8.325,fall,Supplement,5218,64,47,17,0.32579532387888077,2.1272518206209274,22,14,8,0.15331544653123802,0.6899195093905711,5,4,9,3,99,0.08108108108108109,0.02702702702702703,0.8918918918918919,0.0949157995752499,0.06172839506172839,0.07017543859649122
scale1p75_seed43022_reference,experiments/archive/frontier_consolidation/data/selected_trajectory_eval_scale1p75_seed43022_reference_common2M,chck_90M,chck_92M,chck_94M,chck_90M->chck_92M->chck_94M,background,43.36714285714286,68.65,62.85,48.99,27.8,52.32,34.635,8.325,fall,EWoK,7618,234,206,28,0.36755053819900235,5.7757941716986085,86,74,12,0.15752165922814387,2.1002887897085847,14,19,33,16,391,0.075,0.03636363636363636,0.8886363636363637,0.06407116072277476,0.0457516339869281,0.07279693486590039
scale1p75_seed43022_reference,experiments/archive/frontier_consolidation/data/selected_trajectory_eval_scale1p75_seed43022_reference_common2M,chck_90M,chck_92M,chck_94M,chck_90M->chck_92M->chck_94M,background,43.36714285714286,68.65,62.85,48.99,27.8,52.32,34.635,8.325,fall,Entity,6780,119,109,10,0.14749262536873156,3.3628318584070795,40,67,-27,-0.39823008849557523,1.5781710914454277,7,6,13,8,207,0.05701754385964912,0.03508771929824561,0.9078947368421053,0.03201184401241094,0.046052631578947366,0.03529411764705882
scale1p75_seed43022_reference,experiments/archive/frontier_consolidation/data/selected_trajectory_eval_scale1p75_seed43022_reference_common2M,chck_90M,chck_92M,chck_94M,chck_90M->chck_92M->chck_94M,background,43.36714285714286,68.65,62.85,48.99,27.8,52.32,34.635,8.325,fall,COMPS,91028,2820,2822,-2,-0.0021971261589840488,6.198092894494002,935,930,5,0.005492815397460122,2.0488201432526254,162,163,325,243,5074,0.0576036866359447,0.04306983339241404,0.8993264799716413,0.02527888378997973,0.04508767047035903,0.04541655057118975
scale1p75_seed43022_reference,experiments/archive/frontier_consolidation/data/selected_trajectory_eval_scale1p75_seed43022_reference_common2M,chck_90M,chck_92M,chck_94M,chck_90M->chck_92M->chck_94M,background,43.36714285714286,68.65,62.85,48.99,27.8,52.32,34.635,8.325,fall,GlobalPIQA,203,2,6,-4,-1.9704433497536946,3.9408866995073892,4,0,4,1.9704433497536946,1.9704433497536946,1,0,1,1,6,0.125,0.125,0.75,0.0,0.2,0.0
scale1p75_seed43022_reference,experiments/archive/frontier_consolidation/data/selected_trajectory_eval_scale1p75_seed43022_reference_common2M,chck_92M,chck_94M,chck_96M,chck_92M->chck_94M->chck_96M,background,43.55357142857143,68.67,62.64,49.2,27.12,52.33,36.605000000000004,8.31,rise,ALL,170722,4443,4501,-58,-0.03397336019962278,5.238926441817692,1370,1355,15,0.008786213844730028,1.596162181792622,174,174,348,408,8188,0.0389087656529517,0.04561717352415027,0.9154740608228981,-0.012153520610055799,0.030856534846604007,0.030623020063357972
scale1p75_seed43022_reference,experiments/archive/frontier_consolidation/data/selected_trajectory_eval_scale1p75_seed43022_reference_common2M,chck_92M,chck_94M,chck_96M,chck_92M->chck_94M->chck_96M,background,43.55357142857143,68.67,62.64,49.2,27.12,52.33,36.605000000000004,8.31,rise,BLiMP,59875,1015,1154,-139,-0.2321503131524008,3.622546972860125,283,270,13,0.021711899791231733,0.9235908141962422,31,44,75,74,2020,0.034578146611341634,0.03411710465652374,0.9313047487321346,0.000913077536342955,0.0244672454617206,0.03188405797101449
scale1p75_seed43022_reference,experiments/archive/frontier_consolidation/data/selected_trajectory_eval_scale1p75_seed43022_reference_common2M,chck_92M,chck_94M,chck_96M,chck_92M->chck_94M->chck_96M,background,43.55357142857143,68.67,62.64,49.2,27.12,52.33,36.605000000000004,8.31,rise,Supplement,5218,51,61,-10,-0.19164430816404754,2.146416251437332,22,14,8,0.15331544653123802,0.6899195093905711,2,2,4,7,101,0.03571428571428571,0.0625,0.9017857142857143,-0.0472455591261534,0.028169014084507043,0.0273972602739726
scale1p75_seed43022_reference,experiments/archive/frontier_consolidation/data/selected_trajectory_eval_scale1p75_seed43022_reference_common2M,chck_92M,chck_94M,chck_96M,chck_92M->chck_94M->chck_96M,background,43.55357142857143,68.67,62.64,49.2,27.12,52.33,36.605000000000004,8.31,rise,EWoK,7618,237,240,-3,-0.03938041480703597,6.261485954318719,86,74,12,0.15752165922814387,2.1002887897085847,6,11,17,36,424,0.03563941299790356,0.07547169811320754,0.8888888888888888,-0.06877560510415265,0.01892744479495268,0.036303630363036306
scale1p75_seed43022_reference,experiments/archive/frontier_consolidation/data/selected_trajectory_eval_scale1p75_seed43022_reference_common2M,chck_92M,chck_94M,chck_96M,chck_92M->chck_94M->chck_96M,background,43.55357142857143,68.67,62.64,49.2,27.12,52.33,36.605000000000004,8.31,rise,Entity,6780,134,123,11,0.16224188790560473,3.7905604719764017,40,67,-27,-0.39823008849557523,1.5781710914454277,2,5,7,17,233,0.027237354085603113,0.06614785992217899,0.9066147859922179,-0.060303365350344945,0.011627906976744186,0.02702702702702703
scale1p75_seed43022_reference,experiments/archive/frontier_consolidation/data/selected_trajectory_eval_scale1p75_seed43022_reference_common2M,chck_92M,chck_94M,chck_96M,chck_92M->chck_94M->chck_96M,background,43.55357142857143,68.67,62.64,49.2,27.12,52.33,36.605000000000004,8.31,rise,COMPS,91028,3001,2919,82,0.09008217251834601,6.503493430592784,935,930,5,0.005492815397460122,2.0488201432526254,132,112,244,274,5402,0.04121621621621622,0.04628378378378378,0.9125,-0.009028611863740377,0.03470031545741325,0.02997056462402997
scale1p75_seed43022_reference,experiments/archive/frontier_consolidation/data/selected_trajectory_eval_scale1p75_seed43022_reference_common2M,chck_92M,chck_94M,chck_96M,chck_92M->chck_94M->chck_96M,background,43.55357142857143,68.67,62.64,49.2,27.12,52.33,36.605000000000004,8.31,rise,GlobalPIQA,203,5,4,1,0.49261083743842365,4.433497536945813,4,0,4,1.9704433497536946,1.9704433497536946,1,0,1,0,8,0.1111111111111111,0.0,0.8888888888888888,0.16666666666666666,0.125,0.0
scale1p75_seed43022_reference,experiments/archive/frontier_consolidation/data/selected_trajectory_eval_scale1p75_seed43022_reference_common2M,chck_92M,chck_94M,chck_96M,chck_92M->chck_94M->chck_96M,background,43.55357142857143,68.67,62.64,49.2,27.12,52.33,36.605000000000004,8.31,fall,ALL,170722,4225,4049,176,0.10309157577816568,4.846475556753084,713,731,-18,-0.010543456613676035,0.8458195194526775,112,116,228,245,7801,0.02755620014503263,0.02961082910321489,0.9428329707517524,-0.004918215639391271,0.023207625362619146,0.024871355060034305
scale1p75_seed43022_reference,experiments/archive/frontier_consolidation/data/selected_trajectory_eval_scale1p75_seed43022_reference_common2M,chck_92M,chck_94M,chck_96M,chck_92M->chck_94M->chck_96M,background,43.55357142857143,68.67,62.64,49.2,27.12,52.33,36.605000000000004,8.31,fall,BLiMP,59875,986,859,127,0.21210855949895616,3.0814196242171192,137,145,-8,-0.013361169102296452,0.4709812108559499,16,22,38,49,1758,0.020596205962059622,0.026558265582655827,0.9528455284552846,-0.015250003584066347,0.014453477868112014,0.02240325865580448
scale1p75_seed43022_reference,experiments/archive/frontier_consolidation/data/selected_trajectory_eval_scale1p75_seed43022_reference_common2M,chck_92M,chck_94M,chck_96M,chck_92M->chck_94M->chck_96M,background,43.55357142857143,68.67,62.64,49.2,27.12,52.33,36.605000000000004,8.31,fall,Supplement,5218,64,47,17,0.32579532387888077,2.1272518206209274,10,6,4,0.07665772326561901,0.30663089306247604,2,2,4,5,102,0.036036036036036036,0.04504504504504504,0.918918918918919,-0.023728949893812475,0.027777777777777776,0.0392156862745098
scale1p75_seed43022_reference,experiments/archive/frontier_consolidation/data/selected_trajectory_eval_scale1p75_seed43022_reference_common2M,chck_92M,chck_94M,chck_96M,chck_92M->chck_94M->chck_96M,background,43.55357142857143,68.67,62.64,49.2,27.12,52.33,36.605000000000004,8.31,fall,EWoK,7618,234,206,28,0.36755053819900235,5.7757941716986085,37,40,-3,-0.03938041480703597,1.0107639800472565,2,5,7,10,423,0.015909090909090907,0.022727272727272728,0.9613636363636363,-0.016298571945469003,0.007434944237918215,0.02074688796680498
scale1p75_seed43022_reference,experiments/archive/frontier_consolidation/data/selected_trajectory_eval_scale1p75_seed43022_reference_common2M,chck_92M,chck_94M,chck_96M,chck_92M->chck_94M->chck_96M,background,43.55357142857143,68.67,62.64,49.2,27.12,52.33,36.605000000000004,8.31,fall,Entity,6780,119,109,10,0.14749262536873156,3.3628318584070795,32,22,10,0.14749262536873156,0.7964601769911505,2,2,4,5,219,0.017543859649122806,0.021929824561403508,0.9605263157894737,-0.009012301173931252,0.013422818791946308,0.015503875968992248
scale1p75_seed43022_reference,experiments/archive/frontier_consolidation/data/selected_trajectory_eval_scale1p75_seed43022_reference_common2M,chck_92M,chck_94M,chck_96M,chck_92M->chck_94M->chck_96M,background,43.55357142857143,68.67,62.64,49.2,27.12,52.33,36.605000000000004,8.31,fall,COMPS,91028,2820,2822,-2,-0.0021971261589840488,6.198092894494002,497,517,-20,-0.021971261589840488,1.1139429626049129,90,85,175,176,5291,0.031017369727047148,0.03119461183977313,0.9377880184331797,-0.0004180848992303847,0.027889680818097305,0.026121696373693916
scale1p75_seed43022_reference,experiments/archive/frontier_consolidation/data/selected_trajectory_eval_scale1p75_seed43022_reference_common2M,chck_92M,chck_94M,chck_96M,chck_92M->chck_94M->chck_96M,background,43.55357142857143,68.67,62.64,49.2,27.12,52.33,36.605000000000004,8.31,fall,GlobalPIQA,203,2,6,-4,-1.9704433497536946,3.9408866995073892,0,1,-1,-0.49261083743842365,0.49261083743842365,0,0,0,0,8,0.0,0.0,1.0,0.0,0.0,0.0
scale1p75_seed43022_reference,experiments/archive/frontier_consolidation/data/selected_trajectory_eval_scale1p75_seed43022_reference_common2M,chck_94M,chck_96M,chck_98M,chck_94M->chck_96M->chck_98M,background,43.54571428571429,68.65,62.82,49.29,27.37,52.26,36.105000000000004,8.325,rise,ALL,170722,4443,4501,-58,-0.03397336019962278,5.238926441817692,713,731,-18,-0.010543456613676035,0.8458195194526775,103,118,221,180,8543,0.024709302325581394,0.020125223613595707,0.9551654740608229,0.011408652836809445,0.020383930338412824,0.023073914743840438
scale1p75_seed43022_reference,experiments/archive/frontier_consolidation/data/selected_trajectory_eval_scale1p75_seed43022_reference_common2M,chck_94M,chck_96M,chck_98M,chck_94M->chck_96M->chck_98M,background,43.54571428571429,68.65,62.82,49.29,27.37,52.26,36.105000000000004,8.325,rise,BLiMP,59875,1015,1154,-139,-0.2321503131524008,3.622546972860125,137,145,-8,-0.013361169102296452,0.4709812108559499,14,24,38,40,2091,0.01751959428307976,0.018441678192715538,0.9640387275242047,-0.002557264592489095,0.012302284710017574,0.018823529411764704
scale1p75_seed43022_reference,experiments/archive/frontier_consolidation/data/selected_trajectory_eval_scale1p75_seed43022_reference_common2M,chck_94M,chck_96M,chck_98M,chck_94M->chck_96M->chck_98M,background,43.54571428571429,68.65,62.82,49.29,27.37,52.26,36.105000000000004,8.325,rise,Supplement,5218,51,61,-10,-0.19164430816404754,2.146416251437332,10,6,4,0.07665772326561901,0.30663089306247604,1,1,2,4,106,0.017857142857142856,0.03571428571428571,0.9464285714285714,-0.0472455591261534,0.016666666666666666,0.015151515151515152
scale1p75_seed43022_reference,experiments/archive/frontier_consolidation/data/selected_trajectory_eval_scale1p75_seed43022_reference_common2M,chck_94M,chck_96M,chck_98M,chck_94M->chck_96M->chck_98M,background,43.54571428571429,68.65,62.82,49.29,27.37,52.26,36.105000000000004,8.325,rise,EWoK,7618,237,240,-3,-0.03938041480703597,6.261485954318719,37,40,-3,-0.03938041480703597,1.0107639800472565,7,13,20,6,451,0.041928721174004195,0.012578616352201259,0.9454926624737946,0.07305054890192995,0.026217228464419477,0.04868913857677903
scale1p75_seed43022_reference,experiments/archive/frontier_consolidation/data/selected_trajectory_eval_scale1p75_seed43022_reference_common2M,chck_94M,chck_96M,chck_98M,chck_94M->chck_96M->chck_98M,background,43.54571428571429,68.65,62.82,49.29,27.37,52.26,36.105000000000004,8.325,rise,Entity,6780,134,123,11,0.16224188790560473,3.7905604719764017,32,22,10,0.14749262536873156,0.7964601769911505,6,3,9,3,245,0.03501945525291829,0.011673151750972763,0.953307392996109,0.050931657369836215,0.0375,0.02112676056338028
scale1p75_seed43022_reference,experiments/archive/frontier_consolidation/data/selected_trajectory_eval_scale1p75_seed43022_reference_common2M,chck_94M,chck_96M,chck_98M,chck_94M->chck_96M->chck_98M,background,43.54571428571429,68.65,62.82,49.29,27.37,52.26,36.105000000000004,8.325,rise,COMPS,91028,3001,2919,82,0.09008217251834601,6.503493430592784,497,517,-20,-0.021971261589840488,1.1139429626049129,75,77,152,127,5641,0.025675675675675677,0.021452702702702702,0.9528716216216216,0.010203758653317522,0.021910604732690624,0.022923489133670736
scale1p75_seed43022_reference,experiments/archive/frontier_consolidation/data/selected_trajectory_eval_scale1p75_seed43022_reference_common2M,chck_94M,chck_96M,chck_98M,chck_94M->chck_96M->chck_98M,background,43.54571428571429,68.65,62.82,49.29,27.37,52.26,36.105000000000004,8.325,rise,GlobalPIQA,203,5,4,1,0.49261083743842365,4.433497536945813,0,1,-1,-0.49261083743842365,0.49261083743842365,0,0,0,0,9,0.0,0.0,1.0,0.0,0.0,0.0
scale1p75_seed43022_reference,experiments/archive/frontier_consolidation/data/selected_trajectory_eval_scale1p75_seed43022_reference_common2M,chck_94M,chck_96M,chck_98M,chck_94M->chck_96M->chck_98M,background,43.54571428571429,68.65,62.82,49.29,27.37,52.26,36.105000000000004,8.325,fall,ALL,170722,4225,4049,176,0.10309157577816568,4.846475556753084,316,280,36,0.02108691322735207,0.3491055634306065,52,44,96,95,8083,0.011602610587382161,0.011481750060430264,0.9769156393521876,0.0004503177978348268,0.011583871686344397,0.010268378063010501
scale1p75_seed43022_reference,experiments/archive/frontier_consolidation/data/selected_trajectory_eval_scale1p75_seed43022_reference_common2M,chck_94M,chck_96M,chck_98M,chck_94M->chck_96M->chck_98M,background,43.54571428571429,68.65,62.82,49.29,27.37,52.26,36.105000000000004,8.325,fall,BLiMP,59875,986,859,127,0.21210855949895616,3.0814196242171192,48,71,-23,-0.038413361169102295,0.1987473903966597,5,10,15,25,1805,0.008130081300813009,0.013550135501355014,0.978319783197832,-0.021341666747031383,0.004859086491739553,0.010869565217391304
scale1p75_seed43022_reference,experiments/archive/frontier_consolidation/data/selected_trajectory_eval_scale1p75_seed43022_reference_common2M,chck_94M,chck_96M,chck_98M,chck_94M->chck_96M->chck_98M,background,43.54571428571429,68.65,62.82,49.29,27.37,52.26,36.105000000000004,8.325,fall,Supplement,5218,64,47,17,0.32579532387888077,2.1272518206209274,7,0,7,0.13415101571483326,0.13415101571483326,1,0,1,0,110,0.009009009009009009,0.0,0.990990990990991,0.03587480016670876,0.014285714285714285,0.0
scale1p75_seed43022_reference,experiments/archive/frontier_consolidation/data/selected_trajectory_eval_scale1p75_seed43022_reference_common2M,chck_94M,chck_96M,chck_98M,chck_94M->chck_96M->chck_98M,background,43.54571428571429,68.65,62.82,49.29,27.37,52.26,36.105000000000004,8.325,fall,EWoK,7618,234,206,28,0.36755053819900235,5.7757941716986085,14,16,-2,-0.026253609871357313,0.3938041480703596,2,2,4,3,433,0.00909090909090909,0.006818181818181818,0.9840909090909091,0.008703882797784892,0.008130081300813009,0.00909090909090909
scale1p75_seed43022_reference,experiments/archive/frontier_consolidation/data/selected_trajectory_eval_scale1p75_seed43022_reference_common2M,chck_94M,chck_96M,chck_98M,chck_94M->chck_96M->chck_98M,background,43.54571428571429,68.65,62.82,49.29,27.37,52.26,36.105000000000004,8.325,fall,Entity,6780,119,109,10,0.14749262536873156,3.3628318584070795,12,6,6,0.08849557522123894,0.2654867256637168,3,1,4,2,222,0.017543859649122806,0.008771929824561403,0.9736842105263158,0.031219527052723135,0.0234375,0.008771929824561403
scale1p75_seed43022_reference,experiments/archive/frontier_consolidation/data/selected_trajectory_eval_scale1p75_seed43022_reference_common2M,chck_94M,chck_96M,chck_98M,chck_94M->chck_96M->chck_98M,background,43.54571428571429,68.65,62.82,49.29,27.37,52.26,36.105000000000004,8.325,fall,COMPS,91028,2820,2822,-2,-0.0021971261589840488,6.198092894494002,235,187,48,0.05273102781561717,0.46359361954563433,41,31,72,65,5505,0.012761432116270826,0.01152073732718894,0.9757178305565403,0.0045365455267774146,0.013603185136031851,0.010409670920080591
scale1p75_seed43022_reference,experiments/archive/frontier_consolidation/data/selected_trajectory_eval_scale1p75_seed43022_reference_common2M,chck_94M,chck_96M,chck_98M,chck_94M->chck_96M->chck_98M,background,43.54571428571429,68.65,62.82,49.29,27.37,52.26,36.105000000000004,8.325,fall,GlobalPIQA,203,2,6,-4,-1.9704433497536946,3.9408866995073892,0,0,0,0.0,0.0,0,0,0,0,8,0.0,0.0,1.0,,0.0,0.0
scale1p75_seed43022_reference,experiments/archive/frontier_consolidation/data/selected_trajectory_eval_scale1p75_seed43022_reference_common2M,chck_96M,chck_98M,chck_100M,chck_96M->chck_98M->chck_100M,background,43.55714285714286,68.62,62.89,49.17,27.49,52.31,36.105000000000004,8.315,rise,ALL,170722,4443,4501,-58,-0.03397336019962278,5.238926441817692,316,280,36,0.02108691322735207,0.3491055634306065,26,30,56,106,8782,0.006261180679785331,0.011851520572450805,0.9818872987477638,-0.02165613645203093,0.005493344601732516,0.006314460113660282
scale1p75_seed43022_reference,experiments/archive/frontier_consolidation/data/selected_trajectory_eval_scale1p75_seed43022_reference_common2M,chck_96M,chck_98M,chck_100M,chck_96M->chck_98M->chck_100M,background,43.55714285714286,68.62,62.89,49.17,27.49,52.31,36.105000000000004,8.315,rise,BLiMP,59875,1015,1154,-139,-0.2321503131524008,3.622546972860125,48,71,-23,-0.038413361169102295,0.1987473903966597,5,12,17,16,2136,0.007837713231904103,0.007376671277086215,0.9847856154910097,0.001968324704241349,0.004725897920604915,0.00989282769991756
scale1p75_seed43022_reference,experiments/archive/frontier_consolidation/data/selected_trajectory_eval_scale1p75_seed43022_reference_common2M,chck_96M,chck_98M,chck_100M,chck_96M->chck_98M->chck_100M,background,43.55714285714286,68.62,62.89,49.17,27.49,52.31,36.105000000000004,8.315,rise,Supplement,5218,51,61,-10,-0.19164430816404754,2.146416251437332,7,0,7,0.13415101571483326,0.13415101571483326,1,0,1,3,108,0.008928571428571428,0.026785714285714284,0.9642857142857143,-0.07142857142857142,0.017543859649122806,0.0
scale1p75_seed43022_reference,experiments/archive/frontier_consolidation/data/selected_trajectory_eval_scale1p75_seed43022_reference_common2M,chck_96M,chck_98M,chck_100M,chck_96M->chck_98M->chck_100M,background,43.55714285714286,68.62,62.89,49.17,27.49,52.31,36.105000000000004,8.315,rise,EWoK,7618,237,240,-3,-0.03938041480703597,6.261485954318719,14,16,-2,-0.026253609871357313,0.3938041480703596,0,3,3,5,469,0.006289308176100629,0.010482180293501049,0.9832285115303984,-0.01671899541918397,0.0,0.011857707509881422
scale1p75_seed43022_reference,experiments/archive/frontier_consolidation/data/selected_trajectory_eval_scale1p75_seed43022_reference_common2M,chck_96M,chck_98M,chck_100M,chck_96M->chck_98M->chck_100M,background,43.55714285714286,68.62,62.89,49.17,27.49,52.31,36.105000000000004,8.315,rise,Entity,6780,134,123,11,0.16224188790560473,3.7905604719764017,12,6,6,0.08849557522123894,0.2654867256637168,2,0,2,4,251,0.007782101167315175,0.01556420233463035,0.9766536964980544,-0.02940540609274873,0.013888888888888888,0.0
scale1p75_seed43022_reference,experiments/archive/frontier_consolidation/data/selected_trajectory_eval_scale1p75_seed43022_reference_common2M,chck_96M,chck_98M,chck_100M,chck_96M->chck_98M->chck_100M,background,43.55714285714286,68.62,62.89,49.17,27.49,52.31,36.105000000000004,8.315,rise,COMPS,91028,3001,2919,82,0.09008217251834601,6.503493430592784,235,187,48,0.05273102781561717,0.46359361954563433,18,15,33,78,5809,0.005574324324324325,0.013175675675675676,0.98125,-0.028470522329802437,0.005593536357986327,0.004852798447104497
scale1p75_seed43022_reference,experiments/archive/frontier_consolidation/data/selected_trajectory_eval_scale1p75_seed43022_reference_common2M,chck_96M,chck_98M,chck_100M,chck_96M->chck_98M->chck_100M,background,43.55714285714286,68.62,62.89,49.17,27.49,52.31,36.105000000000004,8.315,rise,GlobalPIQA,203,5,4,1,0.49261083743842365,4.433497536945813,0,0,0,0.0,0.0,0,0,0,0,9,0.0,0.0,1.0,,0.0,0.0
scale1p75_seed43022_reference,experiments/archive/frontier_consolidation/data/selected_trajectory_eval_scale1p75_seed43022_reference_common2M,chck_96M,chck_98M,chck_100M,chck_96M->chck_98M->chck_100M,background,43.55714285714286,68.62,62.89,49.17,27.49,52.31,36.105000000000004,8.315,fall,ALL,170722,4225,4049,176,0.10309157577816568,4.846475556753084,79,73,6,0.0035144855378920112,0.08903363362659762,12,13,25,26,8223,0.003021513173797438,0.0031423737007493352,0.9938361131254533,-0.000891703451678958,0.0027958993476234857,0.003163786809442687
scale1p75_seed43022_reference,experiments/archive/frontier_consolidation/data/selected_trajectory_eval_scale1p75_seed43022_reference_common2M,chck_96M,chck_98M,chck_100M,chck_96M->chck_98M->chck_100M,background,43.55714285714286,68.62,62.89,49.17,27.49,52.31,36.105000000000004,8.315,fall,BLiMP,59875,986,859,127,0.21210855949895616,3.0814196242171192,22,15,7,0.011691022964509395,0.06179540709812108,6,4,10,7,1828,0.005420054200542005,0.003794037940379404,0.9907859078590786,0.011482123332789982,0.005988023952095809,0.004597701149425287
scale1p75_seed43022_reference,experiments/archive/frontier_consolidation/data/selected_trajectory_eval_scale1p75_seed43022_reference_common2M,chck_96M,chck_98M,chck_100M,chck_96M->chck_98M->chck_100M,background,43.55714285714286,68.62,62.89,49.17,27.49,52.31,36.105000000000004,8.315,fall,Supplement,5218,64,47,17,0.32579532387888077,2.1272518206209274,1,0,1,0.019164430816404752,0.019164430816404752,0,0,0,0,111,0.0,0.0,1.0,0.0,0.0,0.0
scale1p75_seed43022_reference,experiments/archive/frontier_consolidation/data/selected_trajectory_eval_scale1p75_seed43022_reference_common2M,chck_96M,chck_98M,chck_100M,chck_96M->chck_98M->chck_100M,background,43.55714285714286,68.62,62.89,49.17,27.49,52.31,36.105000000000004,8.315,fall,EWoK,7618,234,206,28,0.36755053819900235,5.7757941716986085,4,9,-5,-0.06563402467839327,0.17064846416382254,3,3,6,0,434,0.013636363636363636,0.0,0.9863636363636363,0.07933288280219176,0.01276595744680851,0.014150943396226415
scale1p75_seed43022_reference,experiments/archive/frontier_consolidation/data/selected_trajectory_eval_scale1p75_seed43022_reference_common2M,chck_96M,chck_98M,chck_100M,chck_96M->chck_98M->chck_100M,background,43.55714285714286,68.62,62.89,49.17,27.49,52.31,36.105000000000004,8.315,fall,Entity,6780,119,109,10,0.14749262536873156,3.3628318584070795,0,2,-2,-0.029498525073746312,0.029498525073746312,0,0,0,0,228,0.0,0.0,1.0,0.0,0.0,0.0
scale1p75_seed43022_reference,experiments/archive/frontier_consolidation/data/selected_trajectory_eval_scale1p75_seed43022_reference_common2M,chck_96M,chck_98M,chck_100M,chck_96M->chck_98M->chck_100M,background,43.55714285714286,68.62,62.89,49.17,27.49,52.31,36.105000000000004,8.315,fall,COMPS,91028,2820,2822,-2,-0.0021971261589840488,6.198092894494002,52,47,5,0.005492815397460122,0.10875774486971042,3,6,9,19,5614,0.0015951790145338532,0.00336760014179369,0.9950372208436724,-0.013380300336575154,0.0010456605088881143,0.00209570380719525
scale1p75_seed43022_reference,experiments/archive/frontier_consolidation/data/selected_trajectory_eval_scale1p75_seed43022_reference_common2M,chck_96M,chck_98M,chck_100M,chck_96M->chck_98M->chck_100M,background,43.55714285714286,68.62,62.89,49.17,27.49,52.31,36.105000000000004,8.315,fall,GlobalPIQA,203,2,6,-4,-1.9704433497536946,3.9408866995073892,0,0,0,0.0,0.0,0,0,0,0,8,0.0,0.0,1.0,,0.0,0.0
scale1p25_seed43022_dense,experiments/archive/frontier_consolidation/data/selected_trajectory_eval_scale1p25_seed43022_dense_common2M,chck_70M,chck_72M,chck_74M,chck_70M->chck_72M->chck_74M,background,42.63285714285714,65.32,60.67,48.78,26.35,52.02,37.565,7.725,rise,ALL,170722,4443,4501,-58,-0.03397336019962278,5.238926441817692,10205,10144,61,0.03573060296856878,11.919377701760757,340,388,728,693,7523,0.08139534883720931,0.07748211091234347,0.8411225402504472,0.0025943622308856854,0.023762929829466033,0.02721470155011573
scale1p25_seed43022_dense,experiments/archive/frontier_consolidation/data/selected_trajectory_eval_scale1p25_seed43022_dense_common2M,chck_70M,chck_72M,chck_74M,chck_70M->chck_72M->chck_74M,background,42.63285714285714,65.32,60.67,48.78,26.35,52.02,37.565,7.725,rise,BLiMP,59875,1015,1154,-139,-0.2321503131524008,3.622546972860125,2436,2383,53,0.08851774530271399,8.048434237995824,73,88,161,170,1838,0.07422775472568004,0.07837713231904103,0.8473951129552789,-0.0027837758973336623,0.021610420367081114,0.02551464192519571
scale1p25_seed43022_dense,experiments/archive/frontier_consolidation/data/selected_trajectory_eval_scale1p25_seed43022_dense_common2M,chck_70M,chck_72M,chck_74M,chck_70M->chck_72M->chck_74M,background,42.63285714285714,65.32,60.67,48.78,26.35,52.02,37.565,7.725,rise,Supplement,5218,51,61,-10,-0.19164430816404754,2.146416251437332,169,171,-2,-0.038328861632809505,6.515906477577616,5,0,5,7,100,0.044642857142857144,0.0625,0.8928571428571429,-0.010249000771134846,0.023255813953488372,0.0
scale1p25_seed43022_dense,experiments/archive/frontier_consolidation/data/selected_trajectory_eval_scale1p25_seed43022_dense_common2M,chck_70M,chck_72M,chck_74M,chck_70M->chck_72M->chck_74M,background,42.63285714285714,65.32,60.67,48.78,26.35,52.02,37.565,7.725,rise,EWoK,7618,237,240,-3,-0.03938041480703597,6.261485954318719,497,534,-37,-0.48569178262011026,13.533735888684696,9,19,28,36,413,0.05870020964360587,0.07547169811320754,0.8658280922431866,-0.011407788606441073,0.012413793103448275,0.025165562913907286
scale1p25_seed43022_dense,experiments/archive/frontier_consolidation/data/selected_trajectory_eval_scale1p25_seed43022_dense_common2M,chck_70M,chck_72M,chck_74M,chck_70M->chck_72M->chck_74M,background,42.63285714285714,65.32,60.67,48.78,26.35,52.02,37.565,7.725,rise,Entity,6780,134,123,11,0.16224188790560473,3.7905604719764017,304,253,51,0.7522123893805309,8.215339233038348,12,11,23,18,216,0.08949416342412451,0.07003891050583658,0.8404669260700389,0.013215264050875489,0.028169014084507043,0.030136986301369864
scale1p25_seed43022_dense,experiments/archive/frontier_consolidation/data/selected_trajectory_eval_scale1p25_seed43022_dense_common2M,chck_70M,chck_72M,chck_74M,chck_70M->chck_72M->chck_74M,background,42.63285714285714,65.32,60.67,48.78,26.35,52.02,37.565,7.725,rise,COMPS,91028,3001,2919,82,0.09008217251834601,6.503493430592784,6796,6800,-4,-0.0043942523179680976,14.936063628773564,241,270,511,461,4948,0.08631756756756757,0.07787162162162162,0.8358108108108108,0.005573186456059004,0.025219757220594392,0.028574452322997143
scale1p25_seed43022_dense,experiments/archive/frontier_consolidation/data/selected_trajectory_eval_scale1p25_seed43022_dense_common2M,chck_70M,chck_72M,chck_74M,chck_70M->chck_72M->chck_74M,background,42.63285714285714,65.32,60.67,48.78,26.35,52.02,37.565,7.725,rise,GlobalPIQA,203,5,4,1,0.49261083743842365,4.433497536945813,3,3,0,0.0,2.955665024630542,0,0,0,1,8,0.0,0.1111111111111111,0.8888888888888888,-0.13608276348795434,0.0,0.0
scale1p25_seed43022_dense,experiments/archive/frontier_consolidation/data/selected_trajectory_eval_scale1p25_seed43022_dense_common2M,chck_70M,chck_72M,chck_74M,chck_70M->chck_72M->chck_74M,background,42.63285714285714,65.32,60.67,48.78,26.35,52.02,37.565,7.725,fall,ALL,170722,4225,4049,176,0.10309157577816568,4.846475556753084,9469,9359,110,0.06443223486135354,11.028455617905133,342,320,662,597,7015,0.08000966884215616,0.07215373459028282,0.847836596567561,0.005207790482209784,0.0256141402037148,0.02444987775061125
scale1p25_seed43022_dense,experiments/archive/frontier_consolidation/data/selected_trajectory_eval_scale1p25_seed43022_dense_common2M,chck_70M,chck_72M,chck_74M,chck_70M->chck_72M->chck_74M,background,42.63285714285714,65.32,60.67,48.78,26.35,52.02,37.565,7.725,fall,BLiMP,59875,986,859,127,0.21210855949895616,3.0814196242171192,2343,2299,44,0.07348643006263048,7.752818371607516,72,76,148,144,1553,0.08021680216802168,0.07804878048780488,0.8417344173441734,0.001366813431867272,0.02210623272950568,0.02465931213497729
scale1p25_seed43022_dense,experiments/archive/frontier_consolidation/data/selected_trajectory_eval_scale1p25_seed43022_dense_common2M,chck_70M,chck_72M,chck_74M,chck_70M->chck_72M->chck_74M,background,42.63285714285714,65.32,60.67,48.78,26.35,52.02,37.565,7.725,fall,Supplement,5218,64,47,17,0.32579532387888077,2.1272518206209274,174,135,39,0.7474128018397853,5.921809122269068,3,4,7,5,99,0.06306306306306306,0.04504504504504504,0.8918918918918919,0.010799142366168565,0.01276595744680851,0.02247191011235955
scale1p25_seed43022_dense,experiments/archive/frontier_consolidation/data/selected_trajectory_eval_scale1p25_seed43022_dense_common2M,chck_70M,chck_72M,chck_74M,chck_70M->chck_72M->chck_74M,background,42.63285714285714,65.32,60.67,48.78,26.35,52.02,37.565,7.725,fall,EWoK,7618,234,206,28,0.36755053819900235,5.7757941716986085,511,428,83,1.0895248096613286,12.326069834602258,12,11,23,44,373,0.05227272727272727,0.1,0.8477272727272728,-0.03267082943754397,0.01637107776261937,0.01765650080256822
scale1p25_seed43022_dense,experiments/archive/frontier_consolidation/data/selected_trajectory_eval_scale1p25_seed43022_dense_common2M,chck_70M,chck_72M,chck_74M,chck_70M->chck_72M->chck_74M,background,42.63285714285714,65.32,60.67,48.78,26.35,52.02,37.565,7.725,fall,Entity,6780,119,109,10,0.14749262536873156,3.3628318584070795,222,273,-51,-0.7522123893805309,7.300884955752212,8,8,16,14,198,0.07017543859649122,0.06140350877192982,0.868421052631579,0.005953330219742443,0.024024024024024024,0.0213903743315508
scale1p25_seed43022_dense,experiments/archive/frontier_consolidation/data/selected_trajectory_eval_scale1p25_seed43022_dense_common2M,chck_70M,chck_72M,chck_74M,chck_70M->chck_72M->chck_74M,background,42.63285714285714,65.32,60.67,48.78,26.35,52.02,37.565,7.725,fall,COMPS,91028,2820,2822,-2,-0.0021971261589840488,6.198092894494002,6215,6216,-1,-0.0010985630794920244,13.656237641165356,247,220,467,389,4786,0.08277206664303438,0.06894718185040766,0.8482807515065579,0.00931375969663493,0.028106508875739646,0.024948968019959175
scale1p25_seed43022_dense,experiments/archive/frontier_consolidation/data/selected_trajectory_eval_scale1p25_seed43022_dense_common2M,chck_70M,chck_72M,chck_74M,chck_70M->chck_72M->chck_74M,background,42.63285714285714,65.32,60.67,48.78,26.35,52.02,37.565,7.725,fall,GlobalPIQA,203,2,6,-4,-1.9704433497536946,3.9408866995073892,4,8,-4,-1.9704433497536946,5.911330049261084,0,1,1,1,6,0.125,0.125,0.75,0.0,0.0,0.07692307692307693
scale1p25_seed43022_dense,experiments/archive/frontier_consolidation/data/selected_trajectory_eval_scale1p25_seed43022_dense_common2M,chck_72M,chck_74M,chck_76M,chck_72M->chck_74M->chck_76M,background,42.527142857142856,65.39,61.14,50.24,25.67,51.84,35.59,7.82,rise,ALL,170722,4443,4501,-58,-0.03397336019962278,5.238926441817692,9469,9359,110,0.06443223486135354,11.028455617905133,320,375,695,687,7562,0.07770572450805009,0.07681127012522361,0.8454830053667263,0.0006164842659381842,0.023543260741612712,0.027808676307007785
scale1p25_seed43022_dense,experiments/archive/frontier_consolidation/data/selected_trajectory_eval_scale1p25_seed43022_dense_common2M,chck_72M,chck_74M,chck_76M,chck_72M->chck_74M->chck_76M,background,42.527142857142856,65.39,61.14,50.24,25.67,51.84,35.59,7.82,rise,BLiMP,59875,1015,1154,-139,-0.2321503131524008,3.622546972860125,2343,2299,44,0.07348643006263048,7.752818371607516,67,99,166,167,1836,0.07653296449976948,0.07699400645458737,0.8464730290456431,-0.00031515024996905125,0.02035855363111516,0.029516994633273702
scale1p25_seed43022_dense,experiments/archive/frontier_consolidation/data/selected_trajectory_eval_scale1p25_seed43022_dense_common2M,chck_72M,chck_74M,chck_76M,chck_72M->chck_74M->chck_76M,background,42.527142857142856,65.39,61.14,50.24,25.67,51.84,35.59,7.82,rise,Supplement,5218,51,61,-10,-0.19164430816404754,2.146416251437332,174,135,39,0.7474128018397853,5.921809122269068,2,5,7,5,100,0.0625,0.044642857142857144,0.8928571428571429,0.010750823813438264,0.008968609865470852,0.02617801047120419
scale1p25_seed43022_dense,experiments/archive/frontier_consolidation/data/selected_trajectory_eval_scale1p25_seed43022_dense_common2M,chck_72M,chck_74M,chck_76M,chck_72M->chck_74M->chck_76M,background,42.527142857142856,65.39,61.14,50.24,25.67,51.84,35.59,7.82,rise,EWoK,7618,237,240,-3,-0.03938041480703597,6.261485954318719,511,428,83,1.0895248096613286,12.326069834602258,20,20,40,30,407,0.08385744234800839,0.06289308176100629,0.8532494758909853,0.014941975306486764,0.027472527472527472,0.030864197530864196
scale1p25_seed43022_dense,experiments/archive/frontier_consolidation/data/selected_trajectory_eval_scale1p25_seed43022_dense_common2M,chck_72M,chck_74M,chck_76M,chck_72M->chck_74M->chck_76M,background,42.527142857142856,65.39,61.14,50.24,25.67,51.84,35.59,7.82,rise,Entity,6780,134,123,11,0.16224188790560473,3.7905604719764017,222,273,-51,-0.7522123893805309,7.300884955752212,9,10,19,23,215,0.07392996108949416,0.08949416342412451,0.8365758754863813,-0.011214781852404127,0.025936599423631124,0.025906735751295335
scale1p25_seed43022_dense,experiments/archive/frontier_consolidation/data/selected_trajectory_eval_scale1p25_seed43022_dense_common2M,chck_72M,chck_74M,chck_76M,chck_72M->chck_74M->chck_76M,background,42.527142857142856,65.39,61.14,50.24,25.67,51.84,35.59,7.82,rise,COMPS,91028,3001,2919,82,0.09008217251834601,6.503493430592784,6215,6216,-1,-0.0010985630794920244,13.656237641165356,221,240,461,461,4998,0.07787162162162162,0.07787162162162162,0.8442567567567567,0.0,0.024569205113952195,0.026981450252951095
scale1p25_seed43022_dense,experiments/archive/frontier_consolidation/data/selected_trajectory_eval_scale1p25_seed43022_dense_common2M,chck_72M,chck_74M,chck_76M,chck_72M->chck_74M->chck_76M,background,42.527142857142856,65.39,61.14,50.24,25.67,51.84,35.59,7.82,rise,GlobalPIQA,203,5,4,1,0.49261083743842365,4.433497536945813,4,8,-4,-1.9704433497536946,5.911330049261084,1,1,2,1,6,0.2222222222222222,0.1111111111111111,0.6666666666666666,0.09622504486493763,0.125,0.09090909090909091
scale1p25_seed43022_dense,experiments/archive/frontier_consolidation/data/selected_trajectory_eval_scale1p25_seed43022_dense_common2M,chck_72M,chck_74M,chck_76M,chck_72M->chck_74M->chck_76M,background,42.527142857142856,65.39,61.14,50.24,25.67,51.84,35.59,7.82,fall,ALL,170722,4225,4049,176,0.10309157577816568,4.846475556753084,8438,8274,164,0.09606260470238165,9.789013718208551,259,287,546,584,7144,0.06598984771573604,0.07058254773990814,0.8634276045443559,-0.0032315555430431422,0.0208803611738149,0.02384513127284812
scale1p25_seed43022_dense,experiments/archive/frontier_consolidation/data/selected_trajectory_eval_scale1p25_seed43022_dense_common2M,chck_72M,chck_74M,chck_76M,chck_72M->chck_74M->chck_76M,background,42.527142857142856,65.39,61.14,50.24,25.67,51.84,35.59,7.82,fall,BLiMP,59875,986,859,127,0.21210855949895616,3.0814196242171192,2002,1942,60,0.10020876826722339,6.587056367432151,58,69,127,116,1602,0.06883468834688347,0.06287262872628727,0.8682926829268293,0.0040778011759610025,0.019795221843003412,0.025256222547584188
scale1p25_seed43022_dense,experiments/archive/frontier_consolidation/data/selected_trajectory_eval_scale1p25_seed43022_dense_common2M,chck_72M,chck_74M,chck_76M,chck_72M->chck_74M->chck_76M,background,42.527142857142856,65.39,61.14,50.24,25.67,51.84,35.59,7.82,fall,Supplement,5218,64,47,17,0.32579532387888077,2.1272518206209274,165,121,44,0.8432349559218091,5.4810272134917595,4,0,4,10,97,0.036036036036036036,0.09009009009009009,0.8738738738738738,-0.033674933318436344,0.017777777777777778,0.0
scale1p25_seed43022_dense,experiments/archive/frontier_consolidation/data/selected_trajectory_eval_scale1p25_seed43022_dense_common2M,chck_72M,chck_74M,chck_76M,chck_72M->chck_74M->chck_76M,background,42.527142857142856,65.39,61.14,50.24,25.67,51.84,35.59,7.82,fall,EWoK,7618,234,206,28,0.36755053819900235,5.7757941716986085,367,412,-45,-0.5907062221055395,10.225781044893672,10,15,25,27,388,0.056818181818181816,0.06136363636363636,0.8818181818181818,-0.003416134241955625,0.01692047377326565,0.024875621890547265
scale1p25_seed43022_dense,experiments/archive/frontier_consolidation/data/selected_trajectory_eval_scale1p25_seed43022_dense_common2M,chck_72M,chck_74M,chck_76M,chck_72M->chck_74M->chck_76M,background,42.527142857142856,65.39,61.14,50.24,25.67,51.84,35.59,7.82,fall,Entity,6780,119,109,10,0.14749262536873156,3.3628318584070795,221,206,15,0.22123893805309736,6.297935103244838,12,4,16,13,199,0.07017543859649122,0.05701754385964912,0.8728070175438597,0.009614792005935013,0.036585365853658534,0.012861736334405145
scale1p25_seed43022_dense,experiments/archive/frontier_consolidation/data/selected_trajectory_eval_scale1p25_seed43022_dense_common2M,chck_72M,chck_74M,chck_76M,chck_72M->chck_74M->chck_76M,background,42.527142857142856,65.39,61.14,50.24,25.67,51.84,35.59,7.82,fall,COMPS,91028,2820,2822,-2,-0.0021971261589840488,6.198092894494002,5675,5588,87,0.09557498791580613,12.373115964318671,175,199,374,417,4851,0.0662885501595179,0.0739099610067352,0.8598014888337469,-0.005394173021546046,0.021033653846153848,0.024235781269029352
scale1p25_seed43022_dense,experiments/archive/frontier_consolidation/data/selected_trajectory_eval_scale1p25_seed43022_dense_common2M,chck_72M,chck_74M,chck_76M,chck_72M->chck_74M->chck_76M,background,42.527142857142856,65.39,61.14,50.24,25.67,51.84,35.59,7.82,fall,GlobalPIQA,203,2,6,-4,-1.9704433497536946,3.9408866995073892,8,5,3,1.477832512315271,6.403940886699508,0,0,0,1,7,0.0,0.125,0.875,-0.09805806756909201,0.0,0.0
scale1p25_seed43022_dense,experiments/archive/frontier_consolidation/data/selected_trajectory_eval_scale1p25_seed43022_dense_common2M,chck_74M,chck_76M,chck_78M,chck_74M->chck_76M->chck_78M,background,42.675714285714285,65.52,60.89,49.44,25.82,52.02,37.08,7.96,rise,ALL,170722,4443,4501,-58,-0.03397336019962278,5.238926441817692,8438,8274,164,0.09606260470238165,9.789013718208551,303,277,580,615,7749,0.0648479427549195,0.06876118067978533,0.8663908765652951,-0.0028627797436821386,0.024089680394339324,0.02216354616738678
scale1p25_seed43022_dense,experiments/archive/frontier_consolidation/data/selected_trajectory_eval_scale1p25_seed43022_dense_common2M,chck_74M,chck_76M,chck_78M,chck_74M->chck_76M->chck_78M,background,42.675714285714285,65.52,60.89,49.44,25.82,52.02,37.08,7.96,rise,BLiMP,59875,1015,1154,-139,-0.2321503131524008,3.622546972860125,2002,1942,60,0.10020876826722339,6.587056367432151,50,67,117,167,1885,0.05394190871369295,0.07699400645458737,0.8690640848317197,-0.017095105101140703,0.016852039096730706,0.022119511389897657
scale1p25_seed43022_dense,experiments/archive/frontier_consolidation/data/selected_trajectory_eval_scale1p25_seed43022_dense_common2M,chck_74M,chck_76M,chck_78M,chck_74M->chck_76M->chck_78M,background,42.675714285714285,65.52,60.89,49.44,25.82,52.02,37.08,7.96,rise,Supplement,5218,51,61,-10,-0.19164430816404754,2.146416251437332,165,121,44,0.8432349559218091,5.4810272134917595,2,3,5,7,100,0.044642857142857144,0.0625,0.8928571428571429,-0.011174753906691854,0.009345794392523364,0.01675977653631285
scale1p25_seed43022_dense,experiments/archive/frontier_consolidation/data/selected_trajectory_eval_scale1p25_seed43022_dense_common2M,chck_74M,chck_76M,chck_78M,chck_74M->chck_76M->chck_78M,background,42.675714285714285,65.52,60.89,49.44,25.82,52.02,37.08,7.96,rise,EWoK,7618,237,240,-3,-0.03938041480703597,6.261485954318719,367,412,-45,-0.5907062221055395,10.225781044893672,18,19,37,18,422,0.07756813417190776,0.03773584905660377,0.8846960167714885,0.03116920193321856,0.030716723549488054,0.030015797788309637
scale1p25_seed43022_dense,experiments/archive/frontier_consolidation/data/selected_trajectory_eval_scale1p25_seed43022_dense_common2M,chck_74M,chck_76M,chck_78M,chck_74M->chck_76M->chck_78M,background,42.675714285714285,65.52,60.89,49.44,25.82,52.02,37.08,7.96,rise,Entity,6780,134,123,11,0.16224188790560473,3.7905604719764017,221,206,15,0.22123893805309736,6.297935103244838,7,6,13,16,228,0.05058365758754864,0.0622568093385214,0.8871595330739299,-0.009056090534439157,0.020114942528735632,0.018575851393188854
scale1p25_seed43022_dense,experiments/archive/frontier_consolidation/data/selected_trajectory_eval_scale1p25_seed43022_dense_common2M,chck_74M,chck_76M,chck_78M,chck_74M->chck_76M->chck_78M,background,42.675714285714285,65.52,60.89,49.44,25.82,52.02,37.08,7.96,rise,COMPS,91028,3001,2919,82,0.09008217251834601,6.503493430592784,5675,5588,87,0.09557498791580613,12.373115964318671,226,182,408,405,5107,0.06891891891891892,0.06841216216216216,0.862668918918919,0.0003673950996105103,0.026745562130177515,0.021861861861861863
scale1p25_seed43022_dense,experiments/archive/frontier_consolidation/data/selected_trajectory_eval_scale1p25_seed43022_dense_common2M,chck_74M,chck_76M,chck_78M,chck_74M->chck_76M->chck_78M,background,42.675714285714285,65.52,60.89,49.44,25.82,52.02,37.08,7.96,rise,GlobalPIQA,203,5,4,1,0.49261083743842365,4.433497536945813,8,5,3,1.477832512315271,6.403940886699508,0,0,0,2,7,0.0,0.2222222222222222,0.7777777777777778,-0.18490006540840973,0.0,0.0
scale1p25_seed43022_dense,experiments/archive/frontier_consolidation/data/selected_trajectory_eval_scale1p25_seed43022_dense_common2M,chck_74M,chck_76M,chck_78M,chck_74M->chck_76M->chck_78M,background,42.675714285714285,65.52,60.89,49.44,25.82,52.02,37.08,7.96,fall,ALL,170722,4225,4049,176,0.10309157577816568,4.846475556753084,7562,7049,513,0.300488513489767,8.558358032356697,269,225,494,517,7263,0.05970510031423737,0.062484892434131016,0.8778100072516316,-0.0020918479189312215,0.0233547490883834,0.02069346086636623
scale1p25_seed43022_dense,experiments/archive/frontier_consolidation/data/selected_trajectory_eval_scale1p25_seed43022_dense_common2M,chck_74M,chck_76M,chck_78M,chck_74M->chck_76M->chck_78M,background,42.675714285714285,65.52,60.89,49.44,25.82,52.02,37.08,7.96,fall,BLiMP,59875,986,859,127,0.21210855949895616,3.0814196242171192,1843,1542,301,0.502713987473904,5.653444676409186,61,39,100,105,1640,0.05420054200542006,0.056910569105691054,0.8888888888888888,-0.0020007484198897394,0.02203757225433526,0.01651143099068586
scale1p25_seed43022_dense,experiments/archive/frontier_consolidation/data/selected_trajectory_eval_scale1p25_seed43022_dense_common2M,chck_74M,chck_76M,chck_78M,chck_74M->chck_76M->chck_78M,background,42.675714285714285,65.52,60.89,49.44,25.82,52.02,37.08,7.96,fall,Supplement,5218,64,47,17,0.32579532387888077,2.1272518206209274,139,106,33,0.6324262169413568,4.695285550019165,5,2,7,4,100,0.06306306306306306,0.036036036036036036,0.9009009009009009,0.018191843999057523,0.025252525252525252,0.013245033112582781
scale1p25_seed43022_dense,experiments/archive/frontier_consolidation/data/selected_trajectory_eval_scale1p25_seed43022_dense_common2M,chck_74M,chck_76M,chck_78M,chck_74M->chck_76M->chck_78M,background,42.675714285714285,65.52,60.89,49.44,25.82,52.02,37.08,7.96,fall,EWoK,7618,234,206,28,0.36755053819900235,5.7757941716986085,390,340,50,0.6563402467839329,9.582567603045419,18,18,36,29,375,0.08181818181818182,0.0659090909090909,0.8522727272727273,0.012351231781710246,0.0297029702970297,0.03409090909090909
scale1p25_seed43022_dense,experiments/archive/frontier_consolidation/data/selected_trajectory_eval_scale1p25_seed43022_dense_common2M,chck_74M,chck_76M,chck_78M,chck_74M->chck_76M->chck_78M,background,42.675714285714285,65.52,60.89,49.44,25.82,52.02,37.08,7.96,fall,Entity,6780,119,109,10,0.14749262536873156,3.3628318584070795,197,161,36,0.5309734513274336,5.28023598820059,11,4,15,19,194,0.06578947368421052,0.08333333333333333,0.8508771929824561,-0.01400074205899421,0.036065573770491806,0.015037593984962405
scale1p25_seed43022_dense,experiments/archive/frontier_consolidation/data/selected_trajectory_eval_scale1p25_seed43022_dense_common2M,chck_74M,chck_76M,chck_78M,chck_74M->chck_76M->chck_78M,background,42.675714285714285,65.52,60.89,49.44,25.82,52.02,37.08,7.96,fall,COMPS,91028,2820,2822,-2,-0.0021971261589840488,6.198092894494002,4987,4896,91,0.09996924023377422,10.857098914619677,174,161,335,359,4948,0.05937610776320454,0.06362991846862814,0.8769939737681673,-0.003214032789542137,0.022795755273156033,0.021304750562392484
scale1p25_seed43022_dense,experiments/archive/frontier_consolidation/data/selected_trajectory_eval_scale1p25_seed43022_dense_common2M,chck_74M,chck_76M,chck_78M,chck_74M->chck_76M->chck_78M,background,42.675714285714285,65.52,60.89,49.44,25.82,52.02,37.08,7.96,fall,GlobalPIQA,203,2,6,-4,-1.9704433497536946,3.9408866995073892,6,4,2,0.9852216748768473,4.926108374384237,0,1,1,1,6,0.125,0.125,0.75,0.0,0.0,0.1111111111111111
scale1p25_seed43022_dense,experiments/archive/frontier_consolidation/data/selected_trajectory_eval_scale1p25_seed43022_dense_common2M,chck_76M,chck_78M,chck_80M,chck_76M->chck_78M->chck_80M,background,43.19285714285714,65.98,61.18,50.67,26.41,52.07,38.035,8.005,rise,ALL,170722,4443,4501,-58,-0.03397336019962278,5.238926441817692,7562,7049,513,0.300488513489767,8.558358032356697,284,272,556,516,7872,0.06216457960644007,0.057692307692307696,0.8801431127012522,0.0034990820443838344,0.02423001450388192,0.024117751374357156
scale1p25_seed43022_dense,experiments/archive/frontier_consolidation/data/selected_trajectory_eval_scale1p25_seed43022_dense_common2M,chck_76M,chck_78M,chck_80M,chck_76M->chck_78M->chck_80M,background,43.19285714285714,65.98,61.18,50.67,26.41,52.07,38.035,8.005,rise,BLiMP,59875,1015,1154,-139,-0.2321503131524008,3.622546972860125,1843,1542,301,0.502713987473904,5.653444676409186,70,75,145,105,1919,0.06685108344859382,0.048409405255878286,0.8847395112955279,0.01476219299465393,0.025107604017216643,0.02861503243037009
scale1p25_seed43022_dense,experiments/archive/frontier_consolidation/data/selected_trajectory_eval_scale1p25_seed43022_dense_common2M,chck_76M,chck_78M,chck_80M,chck_76M->chck_78M->chck_80M,background,43.19285714285714,65.98,61.18,50.67,26.41,52.07,38.035,8.005,rise,Supplement,5218,51,61,-10,-0.19164430816404754,2.146416251437332,139,106,33,0.6324262169413568,4.695285550019165,2,1,3,6,103,0.026785714285714284,0.05357142857142857,0.9196428571428571,-0.018110448315611066,0.010638297872340425,0.006024096385542169
scale1p25_seed43022_dense,experiments/archive/frontier_consolidation/data/selected_trajectory_eval_scale1p25_seed43022_dense_common2M,chck_76M,chck_78M,chck_80M,chck_76M->chck_78M->chck_80M,background,43.19285714285714,65.98,61.18,50.67,26.41,52.07,38.035,8.005,rise,EWoK,7618,237,240,-3,-0.03938041480703597,6.261485954318719,390,340,50,0.6563402467839329,9.582567603045419,16,9,25,37,415,0.05241090146750524,0.07756813417190776,0.870020964360587,-0.020335770241258305,0.02618657937806874,0.01576182136602452
scale1p25_seed43022_dense,experiments/archive/frontier_consolidation/data/selected_trajectory_eval_scale1p25_seed43022_dense_common2M,chck_76M,chck_78M,chck_80M,chck_76M->chck_78M->chck_80M,background,43.19285714285714,65.98,61.18,50.67,26.41,52.07,38.035,8.005,rise,Entity,6780,134,123,11,0.16224188790560473,3.7905604719764017,197,161,36,0.5309734513274336,5.28023598820059,9,9,18,15,224,0.07003891050583658,0.058365758754863814,0.8715953307392996,0.00989038459365389,0.027950310559006212,0.03272727272727273
scale1p25_seed43022_dense,experiments/archive/frontier_consolidation/data/selected_trajectory_eval_scale1p25_seed43022_dense_common2M,chck_76M,chck_78M,chck_80M,chck_76M->chck_78M->chck_80M,background,43.19285714285714,65.98,61.18,50.67,26.41,52.07,38.035,8.005,rise,COMPS,91028,3001,2919,82,0.09008217251834601,6.503493430592784,4987,4896,91,0.09996924023377422,10.857098914619677,186,178,364,353,5203,0.06148648648648649,0.05962837837837838,0.8788851351351351,0.0014380945291086924,0.023840041015124328,0.023307581511064553
scale1p25_seed43022_dense,experiments/archive/frontier_consolidation/data/selected_trajectory_eval_scale1p25_seed43022_dense_common2M,chck_76M,chck_78M,chck_80M,chck_76M->chck_78M->chck_80M,background,43.19285714285714,65.98,61.18,50.67,26.41,52.07,38.035,8.005,rise,GlobalPIQA,203,5,4,1,0.49261083743842365,4.433497536945813,6,4,2,0.9852216748768473,4.926108374384237,1,0,1,0,8,0.1111111111111111,0.0,0.8888888888888888,0.10540925533894598,0.1,0.0
scale1p25_seed43022_dense,experiments/archive/frontier_consolidation/data/selected_trajectory_eval_scale1p25_seed43022_dense_common2M,chck_76M,chck_78M,chck_80M,chck_76M->chck_78M->chck_80M,background,43.19285714285714,65.98,61.18,50.67,26.41,52.07,38.035,8.005,fall,ALL,170722,4225,4049,176,0.10309157577816568,4.846475556753084,6578,7128,-550,-0.3221611743067677,8.028256463724652,235,275,510,461,7303,0.06163886874546773,0.05571670292482475,0.8826444283297075,0.004601325515405709,0.02223694171082513,0.025224729407448174
scale1p25_seed43022_dense,experiments/archive/frontier_consolidation/data/selected_trajectory_eval_scale1p25_seed43022_dense_common2M,chck_76M,chck_78M,chck_80M,chck_76M->chck_78M->chck_80M,background,43.19285714285714,65.98,61.18,50.67,26.41,52.07,38.035,8.005,fall,BLiMP,59875,986,859,127,0.21210855949895616,3.0814196242171192,1355,1548,-193,-0.32233820459290186,4.848434237995825,35,47,82,78,1685,0.044444444444444446,0.04227642276422764,0.9132791327913279,0.001728376242919422,0.015177797051170859,0.019915254237288134
scale1p25_seed43022_dense,experiments/archive/frontier_consolidation/data/selected_trajectory_eval_scale1p25_seed43022_dense_common2M,chck_76M,chck_78M,chck_80M,chck_76M->chck_78M->chck_80M,background,43.19285714285714,65.98,61.18,50.67,26.41,52.07,38.035,8.005,fall,Supplement,5218,64,47,17,0.32579532387888077,2.1272518206209274,101,144,-43,-0.8240705251054044,4.695285550019165,3,2,5,6,100,0.04504504504504504,0.05405405405405406,0.9009009009009009,-0.006063947999685841,0.018518518518518517,0.010582010582010581
scale1p25_seed43022_dense,experiments/archive/frontier_consolidation/data/selected_trajectory_eval_scale1p25_seed43022_dense_common2M,chck_76M,chck_78M,chck_80M,chck_76M->chck_78M->chck_80M,background,43.19285714285714,65.98,61.18,50.67,26.41,52.07,38.035,8.005,fall,EWoK,7618,234,206,28,0.36755053819900235,5.7757941716986085,318,355,-37,-0.48569178262011026,8.834339721711736,10,14,24,32,384,0.05454545454545454,0.07272727272727272,0.8727272727272727,-0.014701312748014252,0.01845018450184502,0.025594149908592323
scale1p25_seed43022_dense,experiments/archive/frontier_consolidation/data/selected_trajectory_eval_scale1p25_seed43022_dense_common2M,chck_76M,chck_78M,chck_80M,chck_76M->chck_78M->chck_80M,background,43.19285714285714,65.98,61.18,50.67,26.41,52.07,38.035,8.005,fall,Entity,6780,119,109,10,0.14749262536873156,3.3628318584070795,200,189,11,0.16224188790560473,5.737463126843658,10,4,14,18,196,0.06140350877192982,0.07894736842105263,0.8596491228070176,-0.013431291266328577,0.032362459546925564,0.013605442176870748
scale1p25_seed43022_dense,experiments/archive/frontier_consolidation/data/selected_trajectory_eval_scale1p25_seed43022_dense_common2M,chck_76M,chck_78M,chck_80M,chck_76M->chck_78M->chck_80M,background,43.19285714285714,65.98,61.18,50.67,26.41,52.07,38.035,8.005,fall,COMPS,91028,2820,2822,-2,-0.0021971261589840488,6.198092894494002,4598,4888,-290,-0.31858329305268707,10.420969372061343,177,208,385,327,4930,0.06823821339950373,0.057958170861396666,0.8738036157390996,0.007928114112498236,0.024444137550062146,0.02772593974940016
scale1p25_seed43022_dense,experiments/archive/frontier_consolidation/data/selected_trajectory_eval_scale1p25_seed43022_dense_common2M,chck_76M,chck_78M,chck_80M,chck_76M->chck_78M->chck_80M,background,43.19285714285714,65.98,61.18,50.67,26.41,52.07,38.035,8.005,fall,GlobalPIQA,203,2,6,-4,-1.9704433497536946,3.9408866995073892,6,4,2,0.9852216748768473,4.926108374384237,0,0,0,0,8,0.0,0.0,1.0,0.0,0.0,0.0
scale1p25_seed43022_dense,experiments/archive/frontier_consolidation/data/selected_trajectory_eval_scale1p25_seed43022_dense_common2M,chck_78M,chck_80M,chck_82M,chck_78M->chck_80M->chck_82M,background,43.167142857142856,65.68,60.71,50.23,26.74,51.71,39.019999999999996,8.08,rise,ALL,170722,4443,4501,-58,-0.03397336019962278,5.238926441817692,6578,7128,-550,-0.3221611743067677,8.028256463724652,233,249,482,526,7936,0.05389087656529517,0.058810375670840784,0.8872987477638641,-0.0039740325273249,0.02159807193177605,0.0218804920913884
scale1p25_seed43022_dense,experiments/archive/frontier_consolidation/data/selected_trajectory_eval_scale1p25_seed43022_dense_common2M,chck_78M,chck_80M,chck_82M,chck_78M->chck_80M->chck_82M,background,43.167142857142856,65.68,60.71,50.23,26.74,51.71,39.019999999999996,8.08,rise,BLiMP,59875,1015,1154,-139,-0.2321503131524008,3.622546972860125,1355,1548,-193,-0.32233820459290186,4.848434237995825,43,53,96,115,1958,0.04426002766251729,0.05301982480405717,0.9027201475334256,-0.007571820450137979,0.01847872797593468,0.020007550018875046
scale1p25_seed43022_dense,experiments/archive/frontier_consolidation/data/selected_trajectory_eval_scale1p25_seed43022_dense_common2M,chck_78M,chck_80M,chck_82M,chck_78M->chck_80M->chck_82M,background,43.167142857142856,65.68,60.71,50.23,26.74,51.71,39.019999999999996,8.08,rise,Supplement,5218,51,61,-10,-0.19164430816404754,2.146416251437332,101,144,-43,-0.8240705251054044,4.695285550019165,2,3,5,3,104,0.044642857142857144,0.026785714285714284,0.9285714285714286,0.012073632210407378,0.013333333333333334,0.01485148514851485
scale1p25_seed43022_dense,experiments/archive/frontier_consolidation/data/selected_trajectory_eval_scale1p25_seed43022_dense_common2M,chck_78M,chck_80M,chck_82M,chck_78M->chck_80M->chck_82M,background,43.167142857142856,65.68,60.71,50.23,26.74,51.71,39.019999999999996,8.08,rise,EWoK,7618,237,240,-3,-0.03938041480703597,6.261485954318719,318,355,-37,-0.48569178262011026,8.834339721711736,16,19,35,29,413,0.07337526205450734,0.06079664570230608,0.8658280922431866,0.010589721257186832,0.029684601113172542,0.03298611111111111
scale1p25_seed43022_dense,experiments/archive/frontier_consolidation/data/selected_trajectory_eval_scale1p25_seed43022_dense_common2M,chck_78M,chck_80M,chck_82M,chck_78M->chck_80M->chck_82M,background,43.167142857142856,65.68,60.71,50.23,26.74,51.71,39.019999999999996,8.08,rise,Entity,6780,134,123,11,0.16224188790560473,3.7905604719764017,200,189,11,0.16224188790560473,5.737463126843658,11,8,19,12,226,0.07392996108949416,0.04669260700389105,0.8793774319066148,0.02213893257884506,0.034055727554179564,0.02631578947368421
scale1p25_seed43022_dense,experiments/archive/frontier_consolidation/data/selected_trajectory_eval_scale1p25_seed43022_dense_common2M,chck_78M,chck_80M,chck_82M,chck_78M->chck_80M->chck_82M,background,43.167142857142856,65.68,60.71,50.23,26.74,51.71,39.019999999999996,8.08,rise,COMPS,91028,3001,2919,82,0.09008217251834601,6.503493430592784,4598,4888,-290,-0.31858329305268707,10.420969372061343,161,166,327,367,5226,0.055236486486486484,0.06199324324324324,0.8827702702702702,-0.005337741993770292,0.021645603656897015,0.021724905117131266
scale1p25_seed43022_dense,experiments/archive/frontier_consolidation/data/selected_trajectory_eval_scale1p25_seed43022_dense_common2M,chck_78M,chck_80M,chck_82M,chck_78M->chck_80M->chck_82M,background,43.167142857142856,65.68,60.71,50.23,26.74,51.71,39.019999999999996,8.08,rise,GlobalPIQA,203,5,4,1,0.49261083743842365,4.433497536945813,6,4,2,0.9852216748768473,4.926108374384237,0,0,0,0,9,0.0,0.0,1.0,0.0,0.0,0.0
scale1p25_seed43022_dense,experiments/archive/frontier_consolidation/data/selected_trajectory_eval_scale1p25_seed43022_dense_common2M,chck_78M,chck_80M,chck_82M,chck_78M->chck_80M->chck_82M,background,43.167142857142856,65.68,60.71,50.23,26.74,51.71,39.019999999999996,8.08,fall,ALL,170722,4225,4049,176,0.10309157577816568,4.846475556753084,6102,5376,726,0.4252527500849334,6.723210833987419,181,162,343,443,7488,0.04145516074450085,0.053541213439690594,0.9050036258158085,-0.010261459408032327,0.017839542676917012,0.01748893447047393
scale1p25_seed43022_dense,experiments/archive/frontier_consolidation/data/selected_trajectory_eval_scale1p25_seed43022_dense_common2M,chck_78M,chck_80M,chck_82M,chck_78M->chck_80M->chck_82M,background,43.167142857142856,65.68,60.71,50.23,26.74,51.71,39.019999999999996,8.08,fall,BLiMP,59875,986,859,127,0.21210855949895616,3.0814196242171192,1421,1093,328,0.5478079331941544,4.19874739039666,43,27,70,76,1699,0.037940379403794036,0.041192411924119245,0.9208672086720867,-0.0027859314653548863,0.018189509306260575,0.014025974025974027
scale1p25_seed43022_dense,experiments/archive/frontier_consolidation/data/selected_trajectory_eval_scale1p25_seed43022_dense_common2M,chck_78M,chck_80M,chck_82M,chck_78M->chck_80M->chck_82M,background,43.167142857142856,65.68,60.71,50.23,26.74,51.71,39.019999999999996,8.08,fall,Supplement,5218,64,47,17,0.32579532387888077,2.1272518206209274,130,74,56,1.073208125718666,3.9095438865465697,4,3,7,2,102,0.06306306306306306,0.018018018018018018,0.918918918918919,0.03322717595120416,0.021052631578947368,0.025423728813559324
scale1p25_seed43022_dense,experiments/archive/frontier_consolidation/data/selected_trajectory_eval_scale1p25_seed43022_dense_common2M,chck_78M,chck_80M,chck_82M,chck_78M->chck_80M->chck_82M,background,43.167142857142856,65.68,60.71,50.23,26.74,51.71,39.019999999999996,8.08,fall,EWoK,7618,234,206,28,0.36755053819900235,5.7757941716986085,297,299,-2,-0.026253609871357313,7.823575741664479,9,11,20,17,403,0.045454545454545456,0.038636363636363635,0.9159090909090909,0.005858302410980428,0.017241379310344827,0.022267206477732792
scale1p25_seed43022_dense,experiments/archive/frontier_consolidation/data/selected_trajectory_eval_scale1p25_seed43022_dense_common2M,chck_78M,chck_80M,chck_82M,chck_78M->chck_80M->chck_82M,background,43.167142857142856,65.68,60.71,50.23,26.74,51.71,39.019999999999996,8.08,fall,Entity,6780,119,109,10,0.14749262536873156,3.3628318584070795,169,115,54,0.7964601769911505,4.188790560471976,6,4,10,14,204,0.043859649122807015,0.06140350877192982,0.8947368421052632,-0.015719307070490657,0.02127659574468085,0.01818181818181818
scale1p25_seed43022_dense,experiments/archive/frontier_consolidation/data/selected_trajectory_eval_scale1p25_seed43022_dense_common2M,chck_78M,chck_80M,chck_82M,chck_78M->chck_80M->chck_82M,background,43.167142857142856,65.68,60.71,50.23,26.74,51.71,39.019999999999996,8.08,fall,COMPS,91028,2820,2822,-2,-0.0021971261589840488,6.198092894494002,4080,3790,290,0.31858329305268707,8.645691435602231,119,117,236,334,5072,0.04182913860333215,0.059198865650478556,0.8989719957461892,-0.014706934851779234,0.01754903406577201,0.018013856812933025
scale1p25_seed43022_dense,experiments/archive/frontier_consolidation/data/selected_trajectory_eval_scale1p25_seed43022_dense_common2M,chck_78M,chck_80M,chck_82M,chck_78M->chck_80M->chck_82M,background,43.167142857142856,65.68,60.71,50.23,26.74,51.71,39.019999999999996,8.08,fall,GlobalPIQA,203,2,6,-4,-1.9704433497536946,3.9408866995073892,5,5,0,0.0,4.926108374384237,0,0,0,0,8,0.0,0.0,1.0,0.0,0.0,0.0
scale1p25_seed43022_dense,experiments/archive/frontier_consolidation/data/selected_trajectory_eval_scale1p25_seed43022_dense_common2M,chck_80M,chck_82M,chck_84M,chck_80M->chck_82M->chck_84M,background,43.33142857142857,66.24,60.78,49.52,27.52,52.04,39.035,8.185,rise,ALL,170722,4443,4501,-58,-0.03397336019962278,5.238926441817692,6102,5376,726,0.4252527500849334,6.723210833987419,206,183,389,426,8129,0.04349284436493739,0.04762969588550984,0.9088774597495528,-0.0036517641317374175,0.019924557500725408,0.018877656282236435
scale1p25_seed43022_dense,experiments/archive/frontier_consolidation/data/selected_trajectory_eval_scale1p25_seed43022_dense_common2M,chck_80M,chck_82M,chck_84M,chck_80M->chck_82M->chck_84M,background,43.33142857142857,66.24,60.78,49.52,27.52,52.04,39.035,8.185,rise,BLiMP,59875,1015,1154,-139,-0.2321503131524008,3.622546972860125,1421,1093,328,0.5478079331941544,4.19874739039666,42,36,78,104,1987,0.035961272475795295,0.0479483633010604,0.9160903642231443,-0.011134249151131117,0.017543859649122806,0.016282225237449117
scale1p25_seed43022_dense,experiments/archive/frontier_consolidation/data/selected_trajectory_eval_scale1p25_seed43022_dense_common2M,chck_80M,chck_82M,chck_84M,chck_80M->chck_82M->chck_84M,background,43.33142857142857,66.24,60.78,49.52,27.52,52.04,39.035,8.185,rise,Supplement,5218,51,61,-10,-0.19164430816404754,2.146416251437332,130,74,56,1.073208125718666,3.9095438865465697,5,1,6,6,100,0.05357142857142857,0.05357142857142857,0.8928571428571429,0.0,0.028409090909090908,0.007462686567164179
scale1p25_seed43022_dense,experiments/archive/frontier_consolidation/data/selected_trajectory_eval_scale1p25_seed43022_dense_common2M,chck_80M,chck_82M,chck_84M,chck_80M->chck_82M->chck_84M,background,43.33142857142857,66.24,60.78,49.52,27.52,52.04,39.035,8.185,rise,EWoK,7618,237,240,-3,-0.03938041480703597,6.261485954318719,297,299,-2,-0.026253609871357313,7.823575741664479,3,7,10,28,439,0.020964360587002098,0.05870020964360587,0.9203354297693921,-0.0337590475821789,0.005649717514124294,0.013157894736842105
scale1p25_seed43022_dense,experiments/archive/frontier_consolidation/data/selected_trajectory_eval_scale1p25_seed43022_dense_common2M,chck_80M,chck_82M,chck_84M,chck_80M->chck_82M->chck_84M,background,43.33142857142857,66.24,60.78,49.52,27.52,52.04,39.035,8.185,rise,Entity,6780,134,123,11,0.16224188790560473,3.7905604719764017,169,115,54,0.7964601769911505,4.188790560471976,7,3,10,9,238,0.038910505836575876,0.03501945525291829,0.9260700389105059,0.0037014702939267914,0.02364864864864865,0.01276595744680851
scale1p25_seed43022_dense,experiments/archive/frontier_consolidation/data/selected_trajectory_eval_scale1p25_seed43022_dense_common2M,chck_80M,chck_82M,chck_84M,chck_80M->chck_82M->chck_84M,background,43.33142857142857,66.24,60.78,49.52,27.52,52.04,39.035,8.185,rise,COMPS,91028,3001,2919,82,0.09008217251834601,6.503493430592784,4080,3790,290,0.31858329305268707,8.645691435602231,149,136,285,279,5356,0.04814189189189189,0.047128378378378376,0.9047297297297298,0.0008790286513509923,0.021494518176572417,0.020690704396774683
scale1p25_seed43022_dense,experiments/archive/frontier_consolidation/data/selected_trajectory_eval_scale1p25_seed43022_dense_common2M,chck_80M,chck_82M,chck_84M,chck_80M->chck_82M->chck_84M,background,43.33142857142857,66.24,60.78,49.52,27.52,52.04,39.035,8.185,rise,GlobalPIQA,203,5,4,1,0.49261083743842365,4.433497536945813,5,5,0,0.0,4.926108374384237,0,0,0,0,9,0.0,0.0,1.0,0.0,0.0,0.0
scale1p25_seed43022_dense,experiments/archive/frontier_consolidation/data/selected_trajectory_eval_scale1p25_seed43022_dense_common2M,chck_80M,chck_82M,chck_84M,chck_80M->chck_82M->chck_84M,background,43.33142857142857,66.24,60.78,49.52,27.52,52.04,39.035,8.185,fall,ALL,170722,4225,4049,176,0.10309157577816568,4.846475556753084,5272,5468,-196,-0.11480652757113906,6.2909291128267,210,202,412,355,7507,0.049794537104181774,0.04290548706792362,0.9072999758278946,0.006046651751104529,0.0226122536879509,0.02168545356951154
scale1p25_seed43022_dense,experiments/archive/frontier_consolidation/data/selected_trajectory_eval_scale1p25_seed43022_dense_common2M,chck_80M,chck_82M,chck_84M,chck_80M->chck_82M->chck_84M,background,43.33142857142857,66.24,60.78,49.52,27.52,52.04,39.035,8.185,fall,BLiMP,59875,986,859,127,0.21210855949895616,3.0814196242171192,1125,1308,-183,-0.3056367432150313,4.063465553235908,32,42,74,78,1693,0.04010840108401084,0.04227642276422764,0.9176151761517615,-0.0018879511443834543,0.015392015392015393,0.01976470588235294
scale1p25_seed43022_dense,experiments/archive/frontier_consolidation/data/selected_trajectory_eval_scale1p25_seed43022_dense_common2M,chck_80M,chck_82M,chck_84M,chck_80M->chck_82M->chck_84M,background,43.33142857142857,66.24,60.78,49.52,27.52,52.04,39.035,8.185,fall,Supplement,5218,64,47,17,0.32579532387888077,2.1272518206209274,86,90,-4,-0.07665772326561901,3.3729398236872363,2,1,3,2,106,0.02702702702702703,0.018018018018018018,0.954954954954955,0.007154547587901781,0.013513513513513514,0.007352941176470588
scale1p25_seed43022_dense,experiments/archive/frontier_consolidation/data/selected_trajectory_eval_scale1p25_seed43022_dense_common2M,chck_80M,chck_82M,chck_84M,chck_80M->chck_82M->chck_84M,background,43.33142857142857,66.24,60.78,49.52,27.52,52.04,39.035,8.185,fall,EWoK,7618,234,206,28,0.36755053819900235,5.7757941716986085,284,254,30,0.3938041480703596,7.062221055395117,19,5,24,18,398,0.05454545454545454,0.04090909090909091,0.9045454545454545,0.01233200733321664,0.03807615230460922,0.01098901098901099
scale1p25_seed43022_dense,experiments/archive/frontier_consolidation/data/selected_trajectory_eval_scale1p25_seed43022_dense_common2M,chck_80M,chck_82M,chck_84M,chck_80M->chck_82M->chck_84M,background,43.33142857142857,66.24,60.78,49.52,27.52,52.04,39.035,8.185,fall,Entity,6780,119,109,10,0.14749262536873156,3.3628318584070795,127,160,-33,-0.48672566371681414,4.233038348082596,4,9,13,14,201,0.05701754385964912,0.06140350877192982,0.881578947368421,-0.003909233647186508,0.01652892561983471,0.03461538461538462
scale1p25_seed43022_dense,experiments/archive/frontier_consolidation/data/selected_trajectory_eval_scale1p25_seed43022_dense_common2M,chck_80M,chck_82M,chck_84M,chck_80M->chck_82M->chck_84M,background,43.33142857142857,66.24,60.78,49.52,27.52,52.04,39.035,8.185,fall,COMPS,91028,2820,2822,-2,-0.0021971261589840488,6.198092894494002,3644,3652,-8,-0.008788504635936195,8.015116227973811,153,145,298,243,5101,0.05281814959234314,0.04306983339241404,0.9041120170152428,0.00857242582420676,0.024243384566629694,0.022910412387422974
scale1p25_seed43022_dense,experiments/archive/frontier_consolidation/data/selected_trajectory_eval_scale1p25_seed43022_dense_common2M,chck_80M,chck_82M,chck_84M,chck_80M->chck_82M->chck_84M,background,43.33142857142857,66.24,60.78,49.52,27.52,52.04,39.035,8.185,fall,GlobalPIQA,203,2,6,-4,-1.9704433497536946,3.9408866995073892,6,4,2,0.9852216748768473,4.926108374384237,0,0,0,0,8,0.0,0.0,1.0,0.0,0.0,0.0
scale1p25_seed43022_dense,experiments/archive/frontier_consolidation/data/selected_trajectory_eval_scale1p25_seed43022_dense_common2M,chck_82M,chck_84M,chck_86M,chck_82M->chck_84M->chck_86M,fixed_82_84_86,43.50071428571429,65.95,61.22,50.08,27.25,51.95,40.019999999999996,8.035,rise,ALL,170722,4443,4501,-58,-0.03397336019962278,5.238926441817692,5272,5468,-196,-0.11480652757113906,6.2909291128267,253,233,486,298,8160,0.05433810375670841,0.03331842576028623,0.9123434704830053,0.01918182008859693,0.02673853307968717,0.02393179950698439
scale1p25_seed43022_dense,experiments/archive/frontier_consolidation/data/selected_trajectory_eval_scale1p25_seed43022_dense_common2M,chck_82M,chck_84M,chck_86M,chck_82M->chck_84M->chck_86M,fixed_82_84_86,43.50071428571429,65.95,61.22,50.08,27.25,51.95,40.019999999999996,8.035,rise,BLiMP,59875,1015,1154,-139,-0.2321503131524008,3.622546972860125,1125,1308,-183,-0.3056367432150313,4.063465553235908,55,59,114,54,2001,0.05255878284923928,0.024896265560165973,0.9225449515905948,0.026118631608805253,0.026378896882494004,0.02455264253017062
scale1p25_seed43022_dense,experiments/archive/frontier_consolidation/data/selected_trajectory_eval_scale1p25_seed43022_dense_common2M,chck_82M,chck_84M,chck_86M,chck_82M->chck_84M->chck_86M,fixed_82_84_86,43.50071428571429,65.95,61.22,50.08,27.25,51.95,40.019999999999996,8.035,rise,Supplement,5218,51,61,-10,-0.19164430816404754,2.146416251437332,86,90,-4,-0.07665772326561901,3.3729398236872363,3,0,3,5,104,0.026785714285714284,0.044642857142857144,0.9285714285714286,-0.014245072057454743,0.022388059701492536,0.0
scale1p25_seed43022_dense,experiments/archive/frontier_consolidation/data/selected_trajectory_eval_scale1p25_seed43022_dense_common2M,chck_82M,chck_84M,chck_86M,chck_82M->chck_84M->chck_86M,fixed_82_84_86,43.50071428571429,65.95,61.22,50.08,27.25,51.95,40.019999999999996,8.035,rise,EWoK,7618,237,240,-3,-0.03938041480703597,6.261485954318719,284,254,30,0.3938041480703596,7.062221055395117,13,15,28,17,432,0.05870020964360587,0.03563941299790356,0.9056603773584906,0.021714126211814563,0.025590551181102362,0.031315240083507306
scale1p25_seed43022_dense,experiments/archive/frontier_consolidation/data/selected_trajectory_eval_scale1p25_seed43022_dense_common2M,chck_82M,chck_84M,chck_86M,chck_82M->chck_84M->chck_86M,fixed_82_84_86,43.50071428571429,65.95,61.22,50.08,27.25,51.95,40.019999999999996,8.035,rise,Entity,6780,134,123,11,0.16224188790560473,3.7905604719764017,127,160,-33,-0.48672566371681414,4.233038348082596,4,9,13,7,237,0.05058365758754864,0.027237354085603113,0.9221789883268483,0.02209244285722061,0.01556420233463035,0.032846715328467155
scale1p25_seed43022_dense,experiments/archive/frontier_consolidation/data/selected_trajectory_eval_scale1p25_seed43022_dense_common2M,chck_82M,chck_84M,chck_86M,chck_82M->chck_84M->chck_86M,fixed_82_84_86,43.50071428571429,65.95,61.22,50.08,27.25,51.95,40.019999999999996,8.035,rise,COMPS,91028,3001,2919,82,0.09008217251834601,6.503493430592784,3644,3652,-8,-0.008788504635936195,8.015116227973811,178,150,328,215,5377,0.05540540540540541,0.036317567567567564,0.9082770270270271,0.017193930916815224,0.02752435441472089,0.02336084722005918
scale1p25_seed43022_dense,experiments/archive/frontier_consolidation/data/selected_trajectory_eval_scale1p25_seed43022_dense_common2M,chck_82M,chck_84M,chck_86M,chck_82M->chck_84M->chck_86M,fixed_82_84_86,43.50071428571429,65.95,61.22,50.08,27.25,51.95,40.019999999999996,8.035,rise,GlobalPIQA,203,5,4,1,0.49261083743842365,4.433497536945813,6,4,2,0.9852216748768473,4.926108374384237,0,0,0,0,9,0.0,0.0,1.0,0.0,0.0,0.0
scale1p25_seed43022_dense,experiments/archive/frontier_consolidation/data/selected_trajectory_eval_scale1p25_seed43022_dense_common2M,chck_82M,chck_84M,chck_86M,chck_82M->chck_84M->chck_86M,fixed_82_84_86,43.50071428571429,65.95,61.22,50.08,27.25,51.95,40.019999999999996,8.035,fall,ALL,170722,4225,4049,176,0.10309157577816568,4.846475556753084,4844,4458,386,0.22609856960438607,5.448624078911915,199,172,371,254,7649,0.04483925549915398,0.03069857384578197,0.9244621706550641,0.013336440627768266,0.022435174746335964,0.020635872825434914
scale1p25_seed43022_dense,experiments/archive/frontier_consolidation/data/selected_trajectory_eval_scale1p25_seed43022_dense_common2M,chck_82M,chck_84M,chck_86M,chck_82M->chck_84M->chck_86M,fixed_82_84_86,43.50071428571429,65.95,61.22,50.08,27.25,51.95,40.019999999999996,8.035,fall,BLiMP,59875,986,859,127,0.21210855949895616,3.0814196242171192,1164,929,235,0.3924843423799582,3.495615866388309,43,30,73,51,1721,0.03956639566395664,0.027642276422764227,0.9327913279132791,0.011195406865368645,0.02040816326530612,0.017064846416382253
scale1p25_seed43022_dense,experiments/archive/frontier_consolidation/data/selected_trajectory_eval_scale1p25_seed43022_dense_common2M,chck_82M,chck_84M,chck_86M,chck_82M->chck_84M->chck_86M,fixed_82_84_86,43.50071428571429,65.95,61.22,50.08,27.25,51.95,40.019999999999996,8.035,fall,Supplement,5218,64,47,17,0.32579532387888077,2.1272518206209274,72,47,25,0.4791107704101188,2.2805672671521657,2,1,3,3,105,0.02702702702702703,0.02702702702702703,0.9459459459459459,0.0,0.014925373134328358,0.010752688172043012
scale1p25_seed43022_dense,experiments/archive/frontier_consolidation/data/selected_trajectory_eval_scale1p25_seed43022_dense_common2M,chck_82M,chck_84M,chck_86M,chck_82M->chck_84M->chck_86M,fixed_82_84_86,43.50071428571429,65.95,61.22,50.08,27.25,51.95,40.019999999999996,8.035,fall,EWoK,7618,234,206,28,0.36755053819900235,5.7757941716986085,203,244,-41,-0.5381990023628249,5.86768180624836,17,12,29,11,400,0.0659090909090909,0.025,0.9090909090909091,0.040587509687685396,0.04047619047619048,0.0273972602739726
scale1p25_seed43022_dense,experiments/archive/frontier_consolidation/data/selected_trajectory_eval_scale1p25_seed43022_dense_common2M,chck_82M,chck_84M,chck_86M,chck_82M->chck_84M->chck_86M,fixed_82_84_86,43.50071428571429,65.95,61.22,50.08,27.25,51.95,40.019999999999996,8.035,fall,Entity,6780,119,109,10,0.14749262536873156,3.3628318584070795,178,142,36,0.5309734513274336,4.71976401179941,9,7,16,8,204,0.07017543859649122,0.03508771929824561,0.8947368421052632,0.029617443887954616,0.03125,0.028688524590163935
scale1p25_seed43022_dense,experiments/archive/frontier_consolidation/data/selected_trajectory_eval_scale1p25_seed43022_dense_common2M,chck_82M,chck_84M,chck_86M,chck_82M->chck_84M->chck_86M,fixed_82_84_86,43.50071428571429,65.95,61.22,50.08,27.25,51.95,40.019999999999996,8.035,fall,COMPS,91028,2820,2822,-2,-0.0021971261589840488,6.198092894494002,3224,3093,131,0.14391176341345518,6.939622973151119,128,122,250,181,5211,0.044310528181495924,0.03208082240340305,0.923608649415101,0.011557851532127005,0.021636240703177823,0.02105989987916451
scale1p25_seed43022_dense,experiments/archive/frontier_consolidation/data/selected_trajectory_eval_scale1p25_seed43022_dense_common2M,chck_82M,chck_84M,chck_86M,chck_82M->chck_84M->chck_86M,fixed_82_84_86,43.50071428571429,65.95,61.22,50.08,27.25,51.95,40.019999999999996,8.035,fall,GlobalPIQA,203,2,6,-4,-1.9704433497536946,3.9408866995073892,3,3,0,0.0,2.955665024630542,0,0,0,0,8,0.0,0.0,1.0,0.0,0.0,0.0
scale1p25_seed43022_dense,experiments/archive/frontier_consolidation/data/selected_trajectory_eval_scale1p25_seed43022_dense_common2M,chck_84M,chck_86M,chck_88M,chck_84M->chck_86M->chck_88M,own_peak,43.53785714285714,66.34,61.16,49.23,27.72,52.23,40.019999999999996,8.065,rise,ALL,170722,4443,4501,-58,-0.03397336019962278,5.238926441817692,4844,4458,386,0.22609856960438607,5.448624078911915,163,153,316,370,8258,0.0353309481216458,0.04136851520572451,0.9233005366726297,-0.005920245235520622,0.017864971503726436,0.017374517374517374
scale1p25_seed43022_dense,experiments/archive/frontier_consolidation/data/selected_trajectory_eval_scale1p25_seed43022_dense_common2M,chck_84M,chck_86M,chck_88M,chck_84M->chck_86M->chck_88M,own_peak,43.53785714285714,66.34,61.16,49.23,27.72,52.23,40.019999999999996,8.065,rise,BLiMP,59875,1015,1154,-139,-0.2321503131524008,3.622546972860125,1164,929,235,0.3924843423799582,3.495615866388309,34,28,62,92,2015,0.02858460119870908,0.04241585984324574,0.9289995389580452,-0.014080136482015141,0.015850815850815853,0.013625304136253041
scale1p25_seed43022_dense,experiments/archive/frontier_consolidation/data/selected_trajectory_eval_scale1p25_seed43022_dense_common2M,chck_84M,chck_86M,chck_88M,chck_84M->chck_86M->chck_88M,own_peak,43.53785714285714,66.34,61.16,49.23,27.72,52.23,40.019999999999996,8.065,rise,Supplement,5218,51,61,-10,-0.19164430816404754,2.146416251437332,72,47,25,0.4791107704101188,2.2805672671521657,2,2,4,3,105,0.03571428571428571,0.026785714285714284,0.9375,0.008661986608440463,0.01652892561983471,0.018867924528301886
scale1p25_seed43022_dense,experiments/archive/frontier_consolidation/data/selected_trajectory_eval_scale1p25_seed43022_dense_common2M,chck_84M,chck_86M,chck_88M,chck_84M->chck_86M->chck_88M,own_peak,43.53785714285714,66.34,61.16,49.23,27.72,52.23,40.019999999999996,8.065,rise,EWoK,7618,237,240,-3,-0.03938041480703597,6.261485954318719,203,244,-41,-0.5381990023628249,5.86768180624836,10,14,24,26,427,0.050314465408805034,0.05450733752620545,0.8951781970649895,-0.004331287824256971,0.023255813953488372,0.029787234042553193
scale1p25_seed43022_dense,experiments/archive/frontier_consolidation/data/selected_trajectory_eval_scale1p25_seed43022_dense_common2M,chck_84M,chck_86M,chck_88M,chck_84M->chck_86M->chck_88M,own_peak,43.53785714285714,66.34,61.16,49.23,27.72,52.23,40.019999999999996,8.065,rise,Entity,6780,134,123,11,0.16224188790560473,3.7905604719764017,178,142,36,0.5309734513274336,4.71976401179941,3,3,6,16,235,0.023346303501945526,0.0622568093385214,0.914396887159533,-0.034870522040729414,0.009708737864077669,0.011450381679389313
scale1p25_seed43022_dense,experiments/archive/frontier_consolidation/data/selected_trajectory_eval_scale1p25_seed43022_dense_common2M,chck_84M,chck_86M,chck_88M,chck_84M->chck_86M->chck_88M,own_peak,43.53785714285714,66.34,61.16,49.23,27.72,52.23,40.019999999999996,8.065,rise,COMPS,91028,3001,2919,82,0.09008217251834601,6.503493430592784,3224,3093,131,0.14391176341345518,6.939622973151119,114,106,220,233,5467,0.037162162162162164,0.03935810810810811,0.9234797297297297,-0.0021258227991953617,0.018654884634266077,0.017947849644429394
scale1p25_seed43022_dense,experiments/archive/frontier_consolidation/data/selected_trajectory_eval_scale1p25_seed43022_dense_common2M,chck_84M,chck_86M,chck_88M,chck_84M->chck_86M->chck_88M,own_peak,43.53785714285714,66.34,61.16,49.23,27.72,52.23,40.019999999999996,8.065,rise,GlobalPIQA,203,5,4,1,0.49261083743842365,4.433497536945813,3,3,0,0.0,2.955665024630542,0,0,0,0,9,0.0,0.0,1.0,0.0,0.0,0.0
scale1p25_seed43022_dense,experiments/archive/frontier_consolidation/data/selected_trajectory_eval_scale1p25_seed43022_dense_common2M,chck_84M,chck_86M,chck_88M,chck_84M->chck_86M->chck_88M,own_peak,43.53785714285714,66.34,61.16,49.23,27.72,52.23,40.019999999999996,8.065,fall,ALL,170722,4225,4049,176,0.10309157577816568,4.846475556753084,3323,3105,218,0.12769297454340975,3.7651855062616417,109,108,217,248,7809,0.02622673434856176,0.029973410684070584,0.9437998549673676,-0.004250754287191483,0.014652507057400187,0.01532784558614817
scale1p25_seed43022_dense,experiments/archive/frontier_consolidation/data/selected_trajectory_eval_scale1p25_seed43022_dense_common2M,chck_84M,chck_86M,chck_88M,chck_84M->chck_86M->chck_88M,own_peak,43.53785714285714,66.34,61.16,49.23,27.72,52.23,40.019999999999996,8.065,fall,BLiMP,59875,986,859,127,0.21210855949895616,3.0814196242171192,751,669,82,0.1369519832985386,2.3716075156576197,33,16,49,42,1754,0.026558265582655827,0.022764227642276424,0.9506775067750678,0.004324696975679078,0.01936619718309859,0.010582010582010581
scale1p25_seed43022_dense,experiments/archive/frontier_consolidation/data/selected_trajectory_eval_scale1p25_seed43022_dense_common2M,chck_84M,chck_86M,chck_88M,chck_84M->chck_86M->chck_88M,own_peak,43.53785714285714,66.34,61.16,49.23,27.72,52.23,40.019999999999996,8.065,fall,Supplement,5218,64,47,17,0.32579532387888077,2.1272518206209274,36,44,-8,-0.15331544653123802,1.5331544653123803,4,2,6,3,102,0.05405405405405406,0.02702702702702703,0.918918918918919,0.03183572699835066,0.041666666666666664,0.02247191011235955
scale1p25_seed43022_dense,experiments/archive/frontier_consolidation/data/selected_trajectory_eval_scale1p25_seed43022_dense_common2M,chck_84M,chck_86M,chck_88M,chck_84M->chck_86M->chck_88M,own_peak,43.53785714285714,66.34,61.16,49.23,27.72,52.23,40.019999999999996,8.065,fall,EWoK,7618,234,206,28,0.36755053819900235,5.7757941716986085,140,150,-10,-0.13126804935678654,3.8067734313468105,1,3,4,15,421,0.00909090909090909,0.03409090909090909,0.9568181818181818,-0.030794088102571983,0.002680965147453083,0.0084985835694051
scale1p25_seed43022_dense,experiments/archive/frontier_consolidation/data/selected_trajectory_eval_scale1p25_seed43022_dense_common2M,chck_84M,chck_86M,chck_88M,chck_84M->chck_86M->chck_88M,own_peak,43.53785714285714,66.34,61.16,49.23,27.72,52.23,40.019999999999996,8.065,fall,Entity,6780,119,109,10,0.14749262536873156,3.3628318584070795,97,101,-4,-0.058997050147492625,2.920353982300885,6,3,9,6,213,0.039473684210526314,0.02631578947368421,0.9342105263157895,0.014119562368122625,0.02857142857142857,0.014492753623188406
scale1p25_seed43022_dense,experiments/archive/frontier_consolidation/data/selected_trajectory_eval_scale1p25_seed43022_dense_common2M,chck_84M,chck_86M,chck_88M,chck_84M->chck_86M->chck_88M,own_peak,43.53785714285714,66.34,61.16,49.23,27.72,52.23,40.019999999999996,8.065,fall,COMPS,91028,2820,2822,-2,-0.0021971261589840488,6.198092894494002,2297,2136,161,0.17686865579821595,4.869930131388144,65,83,148,182,5312,0.02623183268344559,0.03225806451612903,0.9415101028004254,-0.0067985063962439024,0.012866191607284245,0.017025641025641025
scale1p25_seed43022_dense,experiments/archive/frontier_consolidation/data/selected_trajectory_eval_scale1p25_seed43022_dense_common2M,chck_84M,chck_86M,chck_88M,chck_84M->chck_86M->chck_88M,own_peak,43.53785714285714,66.34,61.16,49.23,27.72,52.23,40.019999999999996,8.065,fall,GlobalPIQA,203,2,6,-4,-1.9704433497536946,3.9408866995073892,2,5,-3,-1.477832512315271,3.4482758620689653,0,1,1,0,7,0.125,0.0,0.875,0.13363062095621217,0.0,0.1
scale1p25_seed43022_dense,experiments/archive/frontier_consolidation/data/selected_trajectory_eval_scale1p25_seed43022_dense_common2M,chck_86M,chck_88M,chck_90M,chck_86M->chck_88M->chck_90M,background,43.26714285714286,66.47,60.92,48.86,27.61,52.36,38.565,8.085,rise,ALL,170722,4443,4501,-58,-0.03397336019962278,5.238926441817692,3323,3105,218,0.12769297454340975,3.7651855062616417,111,106,217,236,8491,0.024262075134168157,0.026386404293381037,0.9493515205724508,-0.0025058194255208163,0.01450032658393207,0.014133333333333333
scale1p25_seed43022_dense,experiments/archive/frontier_consolidation/data/selected_trajectory_eval_scale1p25_seed43022_dense_common2M,chck_86M,chck_88M,chck_90M,chck_86M->chck_88M->chck_90M,background,43.26714285714286,66.47,60.92,48.86,27.61,52.36,38.565,8.085,rise,BLiMP,59875,1015,1154,-139,-0.2321503131524008,3.622546972860125,751,669,82,0.1369519832985386,2.3716075156576197,21,26,47,51,2071,0.021668971876440755,0.02351313969571231,0.954817888427847,-0.0022792189292662303,0.012034383954154728,0.014468558708959377
scale1p25_seed43022_dense,experiments/archive/frontier_consolidation/data/selected_trajectory_eval_scale1p25_seed43022_dense_common2M,chck_86M,chck_88M,chck_90M,chck_86M->chck_88M->chck_90M,background,43.26714285714286,66.47,60.92,48.86,27.61,52.36,38.565,8.085,rise,Supplement,5218,51,61,-10,-0.19164430816404754,2.146416251437332,36,44,-8,-0.15331544653123802,1.5331544653123803,1,2,3,4,105,0.026785714285714284,0.03571428571428571,0.9375,-0.010564428184106455,0.011627906976744186,0.019417475728155338
scale1p25_seed43022_dense,experiments/archive/frontier_consolidation/data/selected_trajectory_eval_scale1p25_seed43022_dense_common2M,chck_86M,chck_88M,chck_90M,chck_86M->chck_88M->chck_90M,background,43.26714285714286,66.47,60.92,48.86,27.61,52.36,38.565,8.085,rise,EWoK,7618,237,240,-3,-0.03938041480703597,6.261485954318719,140,150,-10,-0.13126804935678654,3.8067734313468105,7,8,15,12,450,0.031446540880503145,0.025157232704402517,0.9433962264150944,0.008066090051461264,0.01891891891891892,0.020942408376963352
scale1p25_seed43022_dense,experiments/archive/frontier_consolidation/data/selected_trajectory_eval_scale1p25_seed43022_dense_common2M,chck_86M,chck_88M,chck_90M,chck_86M->chck_88M->chck_90M,background,43.26714285714286,66.47,60.92,48.86,27.61,52.36,38.565,8.085,rise,Entity,6780,134,123,11,0.16224188790560473,3.7905604719764017,97,101,-4,-0.058997050147492625,2.920353982300885,7,2,9,9,239,0.03501945525291829,0.03501945525291829,0.9299610894941635,0.0,0.03125,0.009009009009009009
scale1p25_seed43022_dense,experiments/archive/frontier_consolidation/data/selected_trajectory_eval_scale1p25_seed43022_dense_common2M,chck_86M,chck_88M,chck_90M,chck_86M->chck_88M->chck_90M,background,43.26714285714286,66.47,60.92,48.86,27.61,52.36,38.565,8.085,rise,COMPS,91028,3001,2919,82,0.09008217251834601,6.503493430592784,2297,2136,161,0.17686865579821595,4.869930131388144,75,68,143,159,5618,0.024155405405405405,0.026858108108108108,0.9489864864864865,-0.0031232752783777935,0.014359563469270534,0.013635452175656707
scale1p25_seed43022_dense,experiments/archive/frontier_consolidation/data/selected_trajectory_eval_scale1p25_seed43022_dense_common2M,chck_86M,chck_88M,chck_90M,chck_86M->chck_88M->chck_90M,background,43.26714285714286,66.47,60.92,48.86,27.61,52.36,38.565,8.085,rise,GlobalPIQA,203,5,4,1,0.49261083743842365,4.433497536945813,2,5,-3,-1.477832512315271,3.4482758620689653,0,0,0,1,8,0.0,0.1111111111111111,0.8888888888888888,-0.1259881576697424,0.0,0.0
scale1p25_seed43022_dense,experiments/archive/frontier_consolidation/data/selected_trajectory_eval_scale1p25_seed43022_dense_common2M,chck_86M,chck_88M,chck_90M,chck_86M->chck_88M->chck_90M,background,43.26714285714286,66.47,60.92,48.86,27.61,52.36,38.565,8.085,fall,ALL,170722,4225,4049,176,0.10309157577816568,4.846475556753084,2592,2685,-93,-0.05447452583732618,3.090990030576024,99,114,213,171,7890,0.02574329224075417,0.020667150108774474,0.9535895576504714,0.006356206308795744,0.01473652872878833,0.017220543806646525
scale1p25_seed43022_dense,experiments/archive/frontier_consolidation/data/selected_trajectory_eval_scale1p25_seed43022_dense_common2M,chck_86M,chck_88M,chck_90M,chck_86M->chck_88M->chck_90M,background,43.26714285714286,66.47,60.92,48.86,27.61,52.36,38.565,8.085,fall,BLiMP,59875,986,859,127,0.21210855949895616,3.0814196242171192,575,579,-4,-0.006680584551148226,1.9273486430062632,16,20,36,44,1765,0.01951219512195122,0.023848238482384824,0.9566395663956639,-0.005482629484915409,0.010355987055016181,0.014104372355430184
scale1p25_seed43022_dense,experiments/archive/frontier_consolidation/data/selected_trajectory_eval_scale1p25_seed43022_dense_common2M,chck_86M,chck_88M,chck_90M,chck_86M->chck_88M->chck_90M,background,43.26714285714286,66.47,60.92,48.86,27.61,52.36,38.565,8.085,fall,Supplement,5218,64,47,17,0.32579532387888077,2.1272518206209274,28,55,-27,-0.5174396320429283,1.5906477577615943,0,1,1,4,106,0.009009009009009009,0.036036036036036036,0.954954954954955,-0.03125508750512121,0.0,0.009900990099009901
scale1p25_seed43022_dense,experiments/archive/frontier_consolidation/data/selected_trajectory_eval_scale1p25_seed43022_dense_common2M,chck_86M,chck_88M,chck_90M,chck_86M->chck_88M->chck_90M,background,43.26714285714286,66.47,60.92,48.86,27.61,52.36,38.565,8.085,fall,EWoK,7618,234,206,28,0.36755053819900235,5.7757941716986085,127,140,-13,-0.17064846416382254,3.504856917826201,6,5,11,6,423,0.025,0.013636363636363636,0.9613636363636363,0.01458774071247203,0.016901408450704224,0.01466275659824047
scale1p25_seed43022_dense,experiments/archive/frontier_consolidation/data/selected_trajectory_eval_scale1p25_seed43022_dense_common2M,chck_86M,chck_88M,chck_90M,chck_86M->chck_88M->chck_90M,background,43.26714285714286,66.47,60.92,48.86,27.61,52.36,38.565,8.085,fall,Entity,6780,119,109,10,0.14749262536873156,3.3628318584070795,77,102,-25,-0.3687315634218289,2.640117994100295,2,5,7,13,208,0.03070175438596491,0.05701754385964912,0.9122807017543859,-0.029700058954675538,0.010309278350515464,0.024271844660194174
scale1p25_seed43022_dense,experiments/archive/frontier_consolidation/data/selected_trajectory_eval_scale1p25_seed43022_dense_common2M,chck_86M,chck_88M,chck_90M,chck_86M->chck_88M->chck_90M,background,43.26714285714286,66.47,60.92,48.86,27.61,52.36,38.565,8.085,fall,COMPS,91028,2820,2822,-2,-0.0021971261589840488,6.198092894494002,1781,1805,-24,-0.026365513907808585,3.9394472030583993,75,83,158,103,5381,0.028004253810705423,0.018255937610776322,0.9537398085785183,0.01222759388212382,0.01657092355280601,0.018265845070422535
scale1p25_seed43022_dense,experiments/archive/frontier_consolidation/data/selected_trajectory_eval_scale1p25_seed43022_dense_common2M,chck_86M,chck_88M,chck_90M,chck_86M->chck_88M->chck_90M,background,43.26714285714286,66.47,60.92,48.86,27.61,52.36,38.565,8.085,fall,GlobalPIQA,203,2,6,-4,-1.9704433497536946,3.9408866995073892,4,4,0,0.0,3.9408866995073892,0,0,0,1,7,0.0,0.125,0.875,-0.12499999999999997,0.0,0.0
scale1p25_seed43022_dense,experiments/archive/frontier_consolidation/data/selected_trajectory_eval_scale1p25_seed43022_dense_common2M,chck_88M,chck_90M,chck_92M,chck_88M->chck_90M->chck_92M,background,43.31785714285714,66.47,61.4,49.16,27.31,52.27,38.519999999999996,8.095,rise,ALL,170722,4443,4501,-58,-0.03397336019962278,5.238926441817692,2592,2685,-93,-0.05447452583732618,3.090990030576024,92,91,183,185,8576,0.020460644007155634,0.020684257602862254,0.9588550983899821,-0.0002911190016988419,0.013250756157280715,0.012825933756166315
scale1p25_seed43022_dense,experiments/archive/frontier_consolidation/data/selected_trajectory_eval_scale1p25_seed43022_dense_common2M,chck_88M,chck_90M,chck_92M,chck_88M->chck_90M->chck_92M,background,43.31785714285714,66.47,61.4,49.16,27.31,52.27,38.519999999999996,8.095,rise,BLiMP,59875,1015,1154,-139,-0.2321503131524008,3.622546972860125,575,579,-4,-0.006680584551148226,1.9273486430062632,16,20,36,31,2102,0.016597510373443983,0.01429230059935454,0.9691101890272015,0.0031603655853350027,0.010165184243964422,0.011675423234092236
scale1p25_seed43022_dense,experiments/archive/frontier_consolidation/data/selected_trajectory_eval_scale1p25_seed43022_dense_common2M,chck_88M,chck_90M,chck_92M,chck_88M->chck_90M->chck_92M,background,43.31785714285714,66.47,61.4,49.16,27.31,52.27,38.519999999999996,8.095,rise,Supplement,5218,51,61,-10,-0.19164430816404754,2.146416251437332,28,55,-27,-0.5174396320429283,1.5906477577615943,0,1,1,2,109,0.008928571428571428,0.017857142857142856,0.9732142857142857,-0.01037174767056278,0.0,0.008695652173913044
scale1p25_seed43022_dense,experiments/archive/frontier_consolidation/data/selected_trajectory_eval_scale1p25_seed43022_dense_common2M,chck_88M,chck_90M,chck_92M,chck_88M->chck_90M->chck_92M,background,43.31785714285714,66.47,61.4,49.16,27.31,52.27,38.519999999999996,8.095,rise,EWoK,7618,237,240,-3,-0.03938041480703597,6.261485954318719,127,140,-13,-0.17064846416382254,3.504856917826201,5,5,10,13,454,0.020964360587002098,0.027253668763102725,0.9517819706498952,-0.008406329995969148,0.013927576601671309,0.013333333333333334
scale1p25_seed43022_dense,experiments/archive/frontier_consolidation/data/selected_trajectory_eval_scale1p25_seed43022_dense_common2M,chck_88M,chck_90M,chck_92M,chck_88M->chck_90M->chck_92M,background,43.31785714285714,66.47,61.4,49.16,27.31,52.27,38.519999999999996,8.095,rise,Entity,6780,134,123,11,0.16224188790560473,3.7905604719764017,77,102,-25,-0.3687315634218289,2.640117994100295,6,7,13,6,238,0.05058365758754864,0.023346303501945526,0.9260700389105059,0.03263660406867291,0.02926829268292683,0.03211009174311927
scale1p25_seed43022_dense,experiments/archive/frontier_consolidation/data/selected_trajectory_eval_scale1p25_seed43022_dense_common2M,chck_88M,chck_90M,chck_92M,chck_88M->chck_90M->chck_92M,background,43.31785714285714,66.47,61.4,49.16,27.31,52.27,38.519999999999996,8.095,rise,COMPS,91028,3001,2919,82,0.09008217251834601,6.503493430592784,1781,1805,-24,-0.026365513907808585,3.9394472030583993,64,58,122,133,5665,0.02060810810810811,0.022466216216216216,0.9569256756756757,-0.0023874082438977645,0.013565069944891903,0.012430347192456065
scale1p25_seed43022_dense,experiments/archive/frontier_consolidation/data/selected_trajectory_eval_scale1p25_seed43022_dense_common2M,chck_88M,chck_90M,chck_92M,chck_88M->chck_90M->chck_92M,background,43.31785714285714,66.47,61.4,49.16,27.31,52.27,38.519999999999996,8.095,rise,GlobalPIQA,203,5,4,1,0.49261083743842365,4.433497536945813,4,4,0,0.0,3.9408866995073892,1,0,1,0,8,0.1111111111111111,0.0,0.8888888888888888,0.1178511301977579,0.125,0.0
scale1p25_seed43022_dense,experiments/archive/frontier_consolidation/data/selected_trajectory_eval_scale1p25_seed43022_dense_common2M,chck_88M,chck_90M,chck_92M,chck_88M->chck_90M->chck_92M,background,43.31785714285714,66.47,61.4,49.16,27.31,52.27,38.519999999999996,8.095,fall,ALL,170722,4225,4049,176,0.10309157577816568,4.846475556753084,1828,1876,-48,-0.02811588430313609,2.1696090720586687,47,47,94,142,8038,0.011360889533478366,0.017162194827169446,0.9714769156393522,-0.008670576814379358,0.007825507825507826,0.007995916978564138
scale1p25_seed43022_dense,experiments/archive/frontier_consolidation/data/selected_trajectory_eval_scale1p25_seed43022_dense_common2M,chck_88M,chck_90M,chck_92M,chck_88M->chck_90M->chck_92M,background,43.31785714285714,66.47,61.4,49.16,27.31,52.27,38.519999999999996,8.095,fall,BLiMP,59875,986,859,127,0.21210855949895616,3.0814196242171192,411,437,-26,-0.043423799582463465,1.4162839248434238,12,11,23,29,1793,0.012466124661246613,0.015718157181571817,0.9718157181571816,-0.004796838965287947,0.008664259927797834,0.008560311284046693
scale1p25_seed43022_dense,experiments/archive/frontier_consolidation/data/selected_trajectory_eval_scale1p25_seed43022_dense_common2M,chck_88M,chck_90M,chck_92M,chck_88M->chck_90M->chck_92M,background,43.31785714285714,66.47,61.4,49.16,27.31,52.27,38.519999999999996,8.095,fall,Supplement,5218,64,47,17,0.32579532387888077,2.1272518206209274,31,24,7,0.13415101571483326,1.0540436949022614,2,1,3,0,108,0.02702702702702703,0.0,0.972972972972973,0.03839533141153328,0.021505376344086023,0.014285714285714285
scale1p25_seed43022_dense,experiments/archive/frontier_consolidation/data/selected_trajectory_eval_scale1p25_seed43022_dense_common2M,chck_88M,chck_90M,chck_92M,chck_88M->chck_90M->chck_92M,background,43.31785714285714,66.47,61.4,49.16,27.31,52.27,38.519999999999996,8.095,fall,EWoK,7618,234,206,28,0.36755053819900235,5.7757941716986085,102,100,2,0.026253609871357313,2.6516145970070886,3,0,3,7,430,0.006818181818181818,0.015909090909090907,0.9772727272727273,-0.01341707873570771,0.009009009009009009,0.0
scale1p25_seed43022_dense,experiments/archive/frontier_consolidation/data/selected_trajectory_eval_scale1p25_seed43022_dense_common2M,chck_88M,chck_90M,chck_92M,chck_88M->chck_90M->chck_92M,background,43.31785714285714,66.47,61.4,49.16,27.31,52.27,38.519999999999996,8.095,fall,Entity,6780,119,109,10,0.14749262536873156,3.3628318584070795,40,63,-23,-0.3392330383480826,1.519174041297935,1,0,1,2,225,0.0043859649122807015,0.008771929824561403,0.9868421052631579,-0.006525502556460747,0.006329113924050633,0.0
scale1p25_seed43022_dense,experiments/archive/frontier_consolidation/data/selected_trajectory_eval_scale1p25_seed43022_dense_common2M,chck_88M,chck_90M,chck_92M,chck_88M->chck_90M->chck_92M,background,43.31785714285714,66.47,61.4,49.16,27.31,52.27,38.519999999999996,8.095,fall,COMPS,91028,2820,2822,-2,-0.0021971261589840488,6.198092894494002,1244,1252,-8,-0.008788504635936195,2.742013446412093,29,35,64,104,5474,0.011343495214462956,0.018433179723502304,0.9702233250620348,-0.010659115297571024,0.007187112763320942,0.008665511265164644
scale1p25_seed43022_dense,experiments/archive/frontier_consolidation/data/selected_trajectory_eval_scale1p25_seed43022_dense_common2M,chck_88M,chck_90M,chck_92M,chck_88M->chck_90M->chck_92M,background,43.31785714285714,66.47,61.4,49.16,27.31,52.27,38.519999999999996,8.095,fall,GlobalPIQA,203,2,6,-4,-1.9704433497536946,3.9408866995073892,0,0,0,0.0,0.0,0,0,0,0,8,0.0,0.0,1.0,,0.0,0.0
scale1p25_seed43022_dense,experiments/archive/frontier_consolidation/data/selected_trajectory_eval_scale1p25_seed43022_dense_common2M,chck_90M,chck_92M,chck_94M,chck_90M->chck_92M->chck_94M,background,43.22642857142857,66.42,60.99,49.32,26.85,52.32,38.519999999999996,8.165000000000001,rise,ALL,170722,4443,4501,-58,-0.03397336019962278,5.238926441817692,1828,1876,-48,-0.02811588430313609,2.1696090720586687,72,68,140,116,8688,0.015652951699463326,0.0129695885509839,0.9713774597495528,0.004169748464591846,0.011614776576867237,0.01077825328895229
scale1p25_seed43022_dense,experiments/archive/frontier_consolidation/data/selected_trajectory_eval_scale1p25_seed43022_dense_common2M,chck_90M,chck_92M,chck_94M,chck_90M->chck_92M->chck_94M,background,43.22642857142857,66.42,60.99,49.32,26.85,52.32,38.519999999999996,8.165000000000001,rise,BLiMP,59875,1015,1154,-139,-0.2321503131524008,3.622546972860125,411,437,-26,-0.043423799582463465,1.4162839248434238,15,23,38,26,2105,0.01751959428307976,0.0119870908252651,0.9704933148916551,0.008848171747370312,0.010630758327427357,0.014668367346938776
scale1p25_seed43022_dense,experiments/archive/frontier_consolidation/data/selected_trajectory_eval_scale1p25_seed43022_dense_common2M,chck_90M,chck_92M,chck_94M,chck_90M->chck_92M->chck_94M,background,43.22642857142857,66.42,60.99,49.32,26.85,52.32,38.519999999999996,8.165000000000001,rise,Supplement,5218,51,61,-10,-0.19164430816404754,2.146416251437332,31,24,7,0.13415101571483326,1.0540436949022614,3,0,3,1,108,0.026785714285714284,0.008928571428571428,0.9642857142857143,0.025482359571881275,0.0379746835443038,0.0
scale1p25_seed43022_dense,experiments/archive/frontier_consolidation/data/selected_trajectory_eval_scale1p25_seed43022_dense_common2M,chck_90M,chck_92M,chck_94M,chck_90M->chck_92M->chck_94M,background,43.22642857142857,66.42,60.99,49.32,26.85,52.32,38.519999999999996,8.165000000000001,rise,EWoK,7618,237,240,-3,-0.03938041480703597,6.261485954318719,102,100,2,0.026253609871357313,2.6516145970070886,3,4,7,7,463,0.014675052410901468,0.014675052410901468,0.9706498951781971,0.0,0.008928571428571428,0.011904761904761904
scale1p25_seed43022_dense,experiments/archive/frontier_consolidation/data/selected_trajectory_eval_scale1p25_seed43022_dense_common2M,chck_90M,chck_92M,chck_94M,chck_90M->chck_92M->chck_94M,background,43.22642857142857,66.42,60.99,49.32,26.85,52.32,38.519999999999996,8.165000000000001,rise,Entity,6780,134,123,11,0.16224188790560473,3.7905604719764017,40,63,-23,-0.3392330383480826,1.519174041297935,2,2,4,3,250,0.01556420233463035,0.011673151750972763,0.9727626459143969,0.006146315167040975,0.011627906976744186,0.010869565217391304
scale1p25_seed43022_dense,experiments/archive/frontier_consolidation/data/selected_trajectory_eval_scale1p25_seed43022_dense_common2M,chck_90M,chck_92M,chck_94M,chck_90M->chck_92M->chck_94M,background,43.22642857142857,66.42,60.99,49.32,26.85,52.32,38.519999999999996,8.165000000000001,rise,COMPS,91028,3001,2919,82,0.09008217251834601,6.503493430592784,1244,1252,-8,-0.008788504635936195,2.742013446412093,49,39,88,79,5753,0.014864864864864866,0.013344594594594595,0.9717905405405406,0.0023413124018365774,0.011677788369876072,0.009438528557599225
scale1p25_seed43022_dense,experiments/archive/frontier_consolidation/data/selected_trajectory_eval_scale1p25_seed43022_dense_common2M,chck_90M,chck_92M,chck_94M,chck_90M->chck_92M->chck_94M,background,43.22642857142857,66.42,60.99,49.32,26.85,52.32,38.519999999999996,8.165000000000001,rise,GlobalPIQA,203,5,4,1,0.49261083743842365,4.433497536945813,0,0,0,0.0,0.0,0,0,0,0,9,0.0,0.0,1.0,,0.0,0.0
scale1p25_seed43022_dense,experiments/archive/frontier_consolidation/data/selected_trajectory_eval_scale1p25_seed43022_dense_common2M,chck_90M,chck_92M,chck_94M,chck_90M->chck_92M->chck_94M,background,43.22642857142857,66.42,60.99,49.32,26.85,52.32,38.519999999999996,8.165000000000001,fall,ALL,170722,4225,4049,176,0.10309157577816568,4.846475556753084,1300,1327,-27,-0.015815184920514053,1.5387589180070524,47,56,103,103,8068,0.012448634276045444,0.012448634276045444,0.9751027314479092,0.0,0.008579773640014604,0.010526315789473684
scale1p25_seed43022_dense,experiments/archive/frontier_consolidation/data/selected_trajectory_eval_scale1p25_seed43022_dense_common2M,chck_90M,chck_92M,chck_94M,chck_90M->chck_92M->chck_94M,background,43.22642857142857,66.42,60.99,49.32,26.85,52.32,38.519999999999996,8.165000000000001,fall,BLiMP,59875,986,859,127,0.21210855949895616,3.0814196242171192,263,334,-71,-0.118580375782881,0.9970772442588727,9,10,19,16,1810,0.010298102981029811,0.008672086720867209,0.981029810298103,0.002858484910003303,0.007258064516129033,0.0084530853761623
scale1p25_seed43022_dense,experiments/archive/frontier_consolidation/data/selected_trajectory_eval_scale1p25_seed43022_dense_common2M,chck_90M,chck_92M,chck_94M,chck_90M->chck_92M->chck_94M,background,43.22642857142857,66.42,60.99,49.32,26.85,52.32,38.519999999999996,8.165000000000001,fall,Supplement,5218,64,47,17,0.32579532387888077,2.1272518206209274,31,13,18,0.34495975469528556,0.8432349559218091,1,0,1,4,106,0.009009009009009009,0.036036036036036036,0.954954954954955,-0.04292728552741069,0.010638297872340425,0.0
scale1p25_seed43022_dense,experiments/archive/frontier_consolidation/data/selected_trajectory_eval_scale1p25_seed43022_dense_common2M,chck_90M,chck_92M,chck_94M,chck_90M->chck_92M->chck_94M,background,43.22642857142857,66.42,60.99,49.32,26.85,52.32,38.519999999999996,8.165000000000001,fall,EWoK,7618,234,206,28,0.36755053819900235,5.7757941716986085,73,71,2,0.026253609871357313,1.8902599107377265,1,2,3,5,432,0.006818181818181818,0.011363636363636364,0.9818181818181818,-0.007945521577046604,0.0032679738562091504,0.007272727272727273
scale1p25_seed43022_dense,experiments/archive/frontier_consolidation/data/selected_trajectory_eval_scale1p25_seed43022_dense_common2M,chck_90M,chck_92M,chck_94M,chck_90M->chck_92M->chck_94M,background,43.22642857142857,66.42,60.99,49.32,26.85,52.32,38.519999999999996,8.165000000000001,fall,Entity,6780,119,109,10,0.14749262536873156,3.3628318584070795,30,38,-8,-0.11799410029498525,1.0029498525073746,3,1,4,2,222,0.017543859649122806,0.008771929824561403,0.9736842105263158,0.01606231415508089,0.02054794520547945,0.00684931506849315
scale1p25_seed43022_dense,experiments/archive/frontier_consolidation/data/selected_trajectory_eval_scale1p25_seed43022_dense_common2M,chck_90M,chck_92M,chck_94M,chck_90M->chck_92M->chck_94M,background,43.22642857142857,66.42,60.99,49.32,26.85,52.32,38.519999999999996,8.165000000000001,fall,COMPS,91028,2820,2822,-2,-0.0021971261589840488,6.198092894494002,901,869,32,0.03515401854374478,1.9444566507008834,33,43,76,76,5490,0.01347040056717476,0.01347040056717476,0.9730591988656505,0.0,0.008947939262472886,0.011787280701754386
scale1p25_seed43022_dense,experiments/archive/frontier_consolidation/data/selected_trajectory_eval_scale1p25_seed43022_dense_common2M,chck_90M,chck_92M,chck_94M,chck_90M->chck_92M->chck_94M,background,43.22642857142857,66.42,60.99,49.32,26.85,52.32,38.519999999999996,8.165000000000001,fall,GlobalPIQA,203,2,6,-4,-1.9704433497536946,3.9408866995073892,2,2,0,0.0,1.9704433497536946,0,0,0,0,8,0.0,0.0,1.0,0.0,0.0,0.0
scale1p25_seed43022_dense,experiments/archive/frontier_consolidation/data/selected_trajectory_eval_scale1p25_seed43022_dense_common2M,chck_92M,chck_94M,chck_96M,chck_92M->chck_94M->chck_96M,background,43.24214285714286,66.31,61.31,49.22,26.75,52.35,38.519999999999996,8.235,rise,ALL,170722,4443,4501,-58,-0.03397336019962278,5.238926441817692,1300,1327,-27,-0.015815184920514053,1.5387589180070524,48,38,86,100,8758,0.009615384615384616,0.011180679785330949,0.9792039355992844,-0.0028882321901701796,0.008428446005267778,0.0065630397236614854
scale1p25_seed43022_dense,experiments/archive/frontier_consolidation/data/selected_trajectory_eval_scale1p25_seed43022_dense_common2M,chck_92M,chck_94M,chck_96M,chck_92M->chck_94M->chck_96M,background,43.24214285714286,66.31,61.31,49.22,26.75,52.35,38.519999999999996,8.235,rise,BLiMP,59875,1015,1154,-139,-0.2321503131524008,3.622546972860125,263,334,-71,-0.118580375782881,0.9970772442588727,8,9,17,19,2133,0.007837713231904103,0.00875979714153988,0.983402489626556,-0.0017575717122603979,0.006299212598425197,0.006085192697768763
scale1p25_seed43022_dense,experiments/archive/frontier_consolidation/data/selected_trajectory_eval_scale1p25_seed43022_dense_common2M,chck_92M,chck_94M,chck_96M,chck_92M->chck_94M->chck_96M,background,43.24214285714286,66.31,61.31,49.22,26.75,52.35,38.519999999999996,8.235,rise,Supplement,5218,51,61,-10,-0.19164430816404754,2.146416251437332,31,13,18,0.34495975469528556,0.8432349559218091,2,1,3,4,105,0.026785714285714284,0.03571428571428571,0.9375,-0.014245072057454743,0.025,0.0136986301369863
scale1p25_seed43022_dense,experiments/archive/frontier_consolidation/data/selected_trajectory_eval_scale1p25_seed43022_dense_common2M,chck_92M,chck_94M,chck_96M,chck_92M->chck_94M->chck_96M,background,43.24214285714286,66.31,61.31,49.22,26.75,52.35,38.519999999999996,8.235,rise,EWoK,7618,237,240,-3,-0.03938041480703597,6.261485954318719,73,71,2,0.026253609871357313,1.8902599107377265,3,0,3,6,468,0.006289308176100629,0.012578616352201259,0.9811320754716981,-0.011446713662390752,0.009771986970684038,0.0
scale1p25_seed43022_dense,experiments/archive/frontier_consolidation/data/selected_trajectory_eval_scale1p25_seed43022_dense_common2M,chck_92M,chck_94M,chck_96M,chck_92M->chck_94M->chck_96M,background,43.24214285714286,66.31,61.31,49.22,26.75,52.35,38.519999999999996,8.235,rise,Entity,6780,134,123,11,0.16224188790560473,3.7905604719764017,30,38,-8,-0.11799410029498525,1.0029498525073746,0,1,1,3,253,0.0038910505836575876,0.011673151750972763,0.9844357976653697,-0.015128956621341944,0.0,0.00625
scale1p25_seed43022_dense,experiments/archive/frontier_consolidation/data/selected_trajectory_eval_scale1p25_seed43022_dense_common2M,chck_92M,chck_94M,chck_96M,chck_92M->chck_94M->chck_96M,background,43.24214285714286,66.31,61.31,49.22,26.75,52.35,38.519999999999996,8.235,rise,COMPS,91028,3001,2919,82,0.09008217251834601,6.503493430592784,901,869,32,0.03515401854374478,1.9444566507008834,35,27,62,68,5790,0.010472972972972974,0.011486486486486487,0.9780405405405406,-0.0018535476872363894,0.009050943884147919,0.007178941770805637
scale1p25_seed43022_dense,experiments/archive/frontier_consolidation/data/selected_trajectory_eval_scale1p25_seed43022_dense_common2M,chck_92M,chck_94M,chck_96M,chck_92M->chck_94M->chck_96M,background,43.24214285714286,66.31,61.31,49.22,26.75,52.35,38.519999999999996,8.235,rise,GlobalPIQA,203,5,4,1,0.49261083743842365,4.433497536945813,2,2,0,0.0,1.9704433497536946,0,0,0,0,9,0.0,0.0,1.0,0.0,0.0,0.0
scale1p25_seed43022_dense,experiments/archive/frontier_consolidation/data/selected_trajectory_eval_scale1p25_seed43022_dense_common2M,chck_92M,chck_94M,chck_96M,chck_92M->chck_94M->chck_96M,background,43.24214285714286,66.31,61.31,49.22,26.75,52.35,38.519999999999996,8.235,fall,ALL,170722,4225,4049,176,0.10309157577816568,4.846475556753084,803,788,15,0.008786213844730028,0.9319244151310317,33,40,73,62,8139,0.008822818467488518,0.007493352671017646,0.9836838288614939,0.0030317950325730514,0.006606606606606606,0.008338544923910778
scale1p25_seed43022_dense,experiments/archive/frontier_consolidation/data/selected_trajectory_eval_scale1p25_seed43022_dense_common2M,chck_92M,chck_94M,chck_96M,chck_92M->chck_94M->chck_96M,background,43.24214285714286,66.31,61.31,49.22,26.75,52.35,38.519999999999996,8.235,fall,BLiMP,59875,986,859,127,0.21210855949895616,3.0814196242171192,185,160,25,0.04175365344467641,0.5762004175365345,5,1,6,13,1826,0.0032520325203252032,0.007046070460704607,0.9897018970189702,-0.008773852058801027,0.004288164665523156,0.0009823182711198428
scale1p25_seed43022_dense,experiments/archive/frontier_consolidation/data/selected_trajectory_eval_scale1p25_seed43022_dense_common2M,chck_92M,chck_94M,chck_96M,chck_92M->chck_94M->chck_96M,background,43.24214285714286,66.31,61.31,49.22,26.75,52.35,38.519999999999996,8.235,fall,Supplement,5218,64,47,17,0.32579532387888077,2.1272518206209274,13,15,-2,-0.038328861632809505,0.536604062859333,1,1,2,2,107,0.018018018018018018,0.018018018018018018,0.963963963963964,0.0,0.013157894736842105,0.01639344262295082
scale1p25_seed43022_dense,experiments/archive/frontier_consolidation/data/selected_trajectory_eval_scale1p25_seed43022_dense_common2M,chck_92M,chck_94M,chck_96M,chck_92M->chck_94M->chck_96M,background,43.24214285714286,66.31,61.31,49.22,26.75,52.35,38.519999999999996,8.235,fall,EWoK,7618,234,206,28,0.36755053819900235,5.7757941716986085,47,57,-10,-0.13126804935678654,1.3651877133105803,3,7,10,1,429,0.022727272727272728,0.0022727272727272726,0.975,0.042072614550380576,0.01079136690647482,0.02734375
scale1p25_seed43022_dense,experiments/archive/frontier_consolidation/data/selected_trajectory_eval_scale1p25_seed43022_dense_common2M,chck_92M,chck_94M,chck_96M,chck_92M->chck_94M->chck_96M,background,43.24214285714286,66.31,61.31,49.22,26.75,52.35,38.519999999999996,8.235,fall,Entity,6780,119,109,10,0.14749262536873156,3.3628318584070795,25,18,7,0.10324483775811209,0.6342182890855457,0,0,0,0,228,0.0,0.0,1.0,0.0,0.0,0.0
scale1p25_seed43022_dense,experiments/archive/frontier_consolidation/data/selected_trajectory_eval_scale1p25_seed43022_dense_common2M,chck_92M,chck_94M,chck_96M,chck_92M->chck_94M->chck_96M,background,43.24214285714286,66.31,61.31,49.22,26.75,52.35,38.519999999999996,8.235,fall,COMPS,91028,2820,2822,-2,-0.0021971261589840488,6.198092894494002,533,536,-3,-0.003295689238476073,1.174363931976974,24,31,55,46,5541,0.009748316199929103,0.00815313718539525,0.9820985466146757,0.003664688926852279,0.00720937218383899,0.009317703636910129
scale1p25_seed43022_dense,experiments/archive/frontier_consolidation/data/selected_trajectory_eval_scale1p25_seed43022_dense_common2M,chck_92M,chck_94M,chck_96M,chck_92M->chck_94M->chck_96M,background,43.24214285714286,66.31,61.31,49.22,26.75,52.35,38.519999999999996,8.235,fall,GlobalPIQA,203,2,6,-4,-1.9704433497536946,3.9408866995073892,0,2,-2,-0.9852216748768473,0.9852216748768473,0,0,0,0,8,0.0,0.0,1.0,0.0,0.0,0.0
scale1p25_seed43022_dense,experiments/archive/frontier_consolidation/data/selected_trajectory_eval_scale1p25_seed43022_dense_common2M,chck_94M,chck_96M,chck_98M,chck_94M->chck_96M->chck_98M,background,43.17071428571428,66.36,61.69,49.11,26.93,52.34,37.535,8.23,rise,ALL,170722,4443,4501,-58,-0.03397336019962278,5.238926441817692,803,788,15,0.008786213844730028,0.9319244151310317,31,35,66,65,8813,0.0073792486583184255,0.007267441860465116,0.9853533094812165,0.00026509346080671694,0.005944391179290508,0.006661591168633422
scale1p25_seed43022_dense,experiments/archive/frontier_consolidation/data/selected_trajectory_eval_scale1p25_seed43022_dense_common2M,chck_94M,chck_96M,chck_98M,chck_94M->chck_96M->chck_98M,background,43.17071428571428,66.36,61.69,49.11,26.93,52.34,37.535,8.23,rise,BLiMP,59875,1015,1154,-139,-0.2321503131524008,3.622546972860125,185,160,25,0.04175365344467641,0.5762004175365345,6,4,10,11,2148,0.004610419548178884,0.005071461502996773,0.9903181189488244,-0.0011560075658168347,0.005025125628140704,0.0030534351145038168
scale1p25_seed43022_dense,experiments/archive/frontier_consolidation/data/selected_trajectory_eval_scale1p25_seed43022_dense_common2M,chck_94M,chck_96M,chck_98M,chck_94M->chck_96M->chck_98M,background,43.17071428571428,66.36,61.69,49.11,26.93,52.34,37.535,8.23,rise,Supplement,5218,51,61,-10,-0.19164430816404754,2.146416251437332,13,15,-2,-0.038328861632809505,0.536604062859333,1,2,3,2,107,0.026785714285714284,0.017857142857142856,0.9553571428571429,0.017857142857142856,0.015873015873015872,0.02702702702702703
scale1p25_seed43022_dense,experiments/archive/frontier_consolidation/data/selected_trajectory_eval_scale1p25_seed43022_dense_common2M,chck_94M,chck_96M,chck_98M,chck_94M->chck_96M->chck_98M,background,43.17071428571428,66.36,61.69,49.11,26.93,52.34,37.535,8.23,rise,EWoK,7618,237,240,-3,-0.03938041480703597,6.261485954318719,47,57,-10,-0.13126804935678654,1.3651877133105803,1,2,3,3,471,0.006289308176100629,0.006289308176100629,0.9874213836477987,0.0,0.0035335689045936395,0.006779661016949152
scale1p25_seed43022_dense,experiments/archive/frontier_consolidation/data/selected_trajectory_eval_scale1p25_seed43022_dense_common2M,chck_94M,chck_96M,chck_98M,chck_94M->chck_96M->chck_98M,background,43.17071428571428,66.36,61.69,49.11,26.93,52.34,37.535,8.23,rise,Entity,6780,134,123,11,0.16224188790560473,3.7905604719764017,25,18,7,0.10324483775811209,0.6342182890855457,2,0,2,1,254,0.007782101167315175,0.0038910505836575876,0.9883268482490273,0.009512599458463139,0.012738853503184714,0.0
scale1p25_seed43022_dense,experiments/archive/frontier_consolidation/data/selected_trajectory_eval_scale1p25_seed43022_dense_common2M,chck_94M,chck_96M,chck_98M,chck_94M->chck_96M->chck_98M,background,43.17071428571428,66.36,61.69,49.11,26.93,52.34,37.535,8.23,rise,COMPS,91028,3001,2919,82,0.09008217251834601,6.503493430592784,533,536,-3,-0.003295689238476073,1.174363931976974,21,27,48,48,5824,0.008108108108108109,0.008108108108108109,0.9837837837837838,0.0,0.005977796754910333,0.007876312718786464
scale1p25_seed43022_dense,experiments/archive/frontier_consolidation/data/selected_trajectory_eval_scale1p25_seed43022_dense_common2M,chck_94M,chck_96M,chck_98M,chck_94M->chck_96M->chck_98M,background,43.17071428571428,66.36,61.69,49.11,26.93,52.34,37.535,8.23,rise,GlobalPIQA,203,5,4,1,0.49261083743842365,4.433497536945813,0,2,-2,-0.9852216748768473,0.9852216748768473,0,0,0,0,9,0.0,0.0,1.0,0.0,0.0,0.0
scale1p25_seed43022_dense,experiments/archive/frontier_consolidation/data/selected_trajectory_eval_scale1p25_seed43022_dense_common2M,chck_94M,chck_96M,chck_98M,chck_94M->chck_96M->chck_98M,background,43.17071428571428,66.36,61.69,49.11,26.93,52.34,37.535,8.23,fall,ALL,170722,4225,4049,176,0.10309157577816568,4.846475556753084,369,391,-22,-0.01288644697227071,0.44516816813298815,12,9,21,33,8220,0.0025380710659898475,0.003988397389412618,0.9934735315445975,-0.004785382880940838,0.0026189436927106066,0.002031144211238998
scale1p25_seed43022_dense,experiments/archive/frontier_consolidation/data/selected_trajectory_eval_scale1p25_seed43022_dense_common2M,chck_94M,chck_96M,chck_98M,chck_94M->chck_96M->chck_98M,background,43.17071428571428,66.36,61.69,49.11,26.93,52.34,37.535,8.23,fall,BLiMP,59875,986,859,127,0.21210855949895616,3.0814196242171192,92,96,-4,-0.006680584551148226,0.3139874739039666,7,2,9,6,1830,0.004878048780487805,0.0032520325203252032,0.991869918699187,0.005093826457715075,0.006535947712418301,0.002098635886673662
scale1p25_seed43022_dense,experiments/archive/frontier_consolidation/data/selected_trajectory_eval_scale1p25_seed43022_dense_common2M,chck_94M,chck_96M,chck_98M,chck_94M->chck_96M->chck_98M,background,43.17071428571428,66.36,61.69,49.11,26.93,52.34,37.535,8.23,fall,Supplement,5218,64,47,17,0.32579532387888077,2.1272518206209274,4,1,3,0.05749329244921426,0.09582215408202377,0,0,0,0,111,0.0,0.0,1.0,0.0,0.0,0.0
scale1p25_seed43022_dense,experiments/archive/frontier_consolidation/data/selected_trajectory_eval_scale1p25_seed43022_dense_common2M,chck_94M,chck_96M,chck_98M,chck_94M->chck_96M->chck_98M,background,43.17071428571428,66.36,61.69,49.11,26.93,52.34,37.535,8.23,fall,EWoK,7618,234,206,28,0.36755053819900235,5.7757941716986085,15,22,-7,-0.09188763454975059,0.48569178262011026,0,0,0,2,438,0.0,0.004545454545454545,0.9954545454545455,-0.015674828410551924,0.0,0.0
scale1p25_seed43022_dense,experiments/archive/frontier_consolidation/data/selected_trajectory_eval_scale1p25_seed43022_dense_common2M,chck_94M,chck_96M,chck_98M,chck_94M->chck_96M->chck_98M,background,43.17071428571428,66.36,61.69,49.11,26.93,52.34,37.535,8.23,fall,Entity,6780,119,109,10,0.14749262536873156,3.3628318584070795,13,8,5,0.07374631268436578,0.30973451327433627,1,0,1,1,226,0.0043859649122807015,0.0043859649122807015,0.9912280701754386,0.0,0.007633587786259542,0.0
scale1p25_seed43022_dense,experiments/archive/frontier_consolidation/data/selected_trajectory_eval_scale1p25_seed43022_dense_common2M,chck_94M,chck_96M,chck_98M,chck_94M->chck_96M->chck_98M,background,43.17071428571428,66.36,61.69,49.11,26.93,52.34,37.535,8.23,fall,COMPS,91028,2820,2822,-2,-0.0021971261589840488,6.198092894494002,242,264,-22,-0.024168387748824537,0.5558729182229644,4,7,11,24,5607,0.0019496632399858206,0.004253810705423609,0.9937965260545906,-0.007693988856702211,0.0013080444735120995,0.0022734654108476776
scale1p25_seed43022_dense,experiments/archive/frontier_consolidation/data/selected_trajectory_eval_scale1p25_seed43022_dense_common2M,chck_94M,chck_96M,chck_98M,chck_94M->chck_96M->chck_98M,background,43.17071428571428,66.36,61.69,49.11,26.93,52.34,37.535,8.23,fall,GlobalPIQA,203,2,6,-4,-1.9704433497536946,3.9408866995073892,3,0,3,1.477832512315271,1.477832512315271,0,0,0,0,8,0.0,0.0,1.0,0.0,0.0,0.0
scale1p25_seed43022_dense,experiments/archive/frontier_consolidation/data/selected_trajectory_eval_scale1p25_seed43022_dense_common2M,chck_96M,chck_98M,chck_100M,chck_96M->chck_98M->chck_100M,background,43.34571428571428,66.35,61.66,48.91,26.96,52.3,39.019999999999996,8.219999999999999,rise,ALL,170722,4443,4501,-58,-0.03397336019962278,5.238926441817692,369,391,-22,-0.01288644697227071,0.44516816813298815,16,11,27,28,8889,0.003018783542039356,0.0031305903398926656,0.993850626118068,-0.00038355469975183854,0.003336113427856547,0.0022536365498873182
scale1p25_seed43022_dense,experiments/archive/frontier_consolidation/data/selected_trajectory_eval_scale1p25_seed43022_dense_common2M,chck_96M,chck_98M,chck_100M,chck_96M->chck_98M->chck_100M,background,43.34571428571428,66.35,61.66,48.91,26.96,52.3,39.019999999999996,8.219999999999999,rise,BLiMP,59875,1015,1154,-139,-0.2321503131524008,3.622546972860125,92,96,-4,-0.006680584551148226,0.3139874739039666,6,2,8,8,2153,0.0036883356385431073,0.0036883356385431073,0.9926233287229138,0.0,0.005449591280653951,0.0016025641025641025
scale1p25_seed43022_dense,experiments/archive/frontier_consolidation/data/selected_trajectory_eval_scale1p25_seed43022_dense_common2M,chck_96M,chck_98M,chck_100M,chck_96M->chck_98M->chck_100M,background,43.34571428571428,66.35,61.66,48.91,26.96,52.3,39.019999999999996,8.219999999999999,rise,Supplement,5218,51,61,-10,-0.19164430816404754,2.146416251437332,4,1,3,0.05749329244921426,0.09582215408202377,0,0,0,0,112,0.0,0.0,1.0,0.0,0.0,0.0
scale1p25_seed43022_dense,experiments/archive/frontier_consolidation/data/selected_trajectory_eval_scale1p25_seed43022_dense_common2M,chck_96M,chck_98M,chck_100M,chck_96M->chck_98M->chck_100M,background,43.34571428571428,66.35,61.66,48.91,26.96,52.3,39.019999999999996,8.219999999999999,rise,EWoK,7618,237,240,-3,-0.03938041480703597,6.261485954318719,15,22,-7,-0.09188763454975059,0.48569178262011026,0,1,1,1,475,0.0020964360587002098,0.0020964360587002098,0.9958071278825996,0.0,0.0,0.0038314176245210726
scale1p25_seed43022_dense,experiments/archive/frontier_consolidation/data/selected_trajectory_eval_scale1p25_seed43022_dense_common2M,chck_96M,chck_98M,chck_100M,chck_96M->chck_98M->chck_100M,background,43.34571428571428,66.35,61.66,48.91,26.96,52.3,39.019999999999996,8.219999999999999,rise,Entity,6780,134,123,11,0.16224188790560473,3.7905604719764017,13,8,5,0.07374631268436578,0.30973451327433627,0,1,1,1,255,0.0038910505836575876,0.0038910505836575876,0.9922178988326849,0.0,0.0,0.007692307692307693
scale1p25_seed43022_dense,experiments/archive/frontier_consolidation/data/selected_trajectory_eval_scale1p25_seed43022_dense_common2M,chck_96M,chck_98M,chck_100M,chck_96M->chck_98M->chck_100M,background,43.34571428571428,66.35,61.66,48.91,26.96,52.3,39.019999999999996,8.219999999999999,rise,COMPS,91028,3001,2919,82,0.09008217251834601,6.503493430592784,242,264,-22,-0.024168387748824537,0.5558729182229644,10,7,17,18,5885,0.0028716216216216218,0.0030405405405405407,0.9940878378378378,-0.0005777818408110332,0.003093102381688834,0.002204030226700252
scale1p25_seed43022_dense,experiments/archive/frontier_consolidation/data/selected_trajectory_eval_scale1p25_seed43022_dense_common2M,chck_96M,chck_98M,chck_100M,chck_96M->chck_98M->chck_100M,background,43.34571428571428,66.35,61.66,48.91,26.96,52.3,39.019999999999996,8.219999999999999,rise,GlobalPIQA,203,5,4,1,0.49261083743842365,4.433497536945813,3,0,3,1.477832512315271,1.477832512315271,0,0,0,0,9,0.0,0.0,1.0,0.0,0.0,0.0
scale1p25_seed43022_dense,experiments/archive/frontier_consolidation/data/selected_trajectory_eval_scale1p25_seed43022_dense_common2M,chck_96M,chck_98M,chck_100M,chck_96M->chck_98M->chck_100M,background,43.34571428571428,66.35,61.66,48.91,26.96,52.3,39.019999999999996,8.219999999999999,fall,ALL,170722,4225,4049,176,0.10309157577816568,4.846475556753084,74,63,11,0.006443223486135355,0.0802474197818676,2,5,7,1,8266,0.0008460236886632825,0.00012086052695189751,0.9990331157843848,0.005635509789353583,0.00046544100535257155,0.0012174336498660824
scale1p25_seed43022_dense,experiments/archive/frontier_consolidation/data/selected_trajectory_eval_scale1p25_seed43022_dense_common2M,chck_96M,chck_98M,chck_100M,chck_96M->chck_98M->chck_100M,background,43.34571428571428,66.35,61.66,48.91,26.96,52.3,39.019999999999996,8.219999999999999,fall,BLiMP,59875,986,859,127,0.21210855949895616,3.0814196242171192,16,18,-2,-0.003340292275574113,0.056784968684759914,0,1,1,1,1843,0.0005420054200542005,0.0005420054200542005,0.9989159891598915,0.0,0.0,0.001141552511415525
scale1p25_seed43022_dense,experiments/archive/frontier_consolidation/data/selected_trajectory_eval_scale1p25_seed43022_dense_common2M,chck_96M,chck_98M,chck_100M,chck_96M->chck_98M->chck_100M,background,43.34571428571428,66.35,61.66,48.91,26.96,52.3,39.019999999999996,8.219999999999999,fall,Supplement,5218,64,47,17,0.32579532387888077,2.1272518206209274,1,2,-1,-0.019164430816404752,0.05749329244921426,0,0,0,0,111,0.0,0.0,1.0,0.0,0.0,0.0
scale1p25_seed43022_dense,experiments/archive/frontier_consolidation/data/selected_trajectory_eval_scale1p25_seed43022_dense_common2M,chck_96M,chck_98M,chck_100M,chck_96M->chck_98M->chck_100M,background,43.34571428571428,66.35,61.66,48.91,26.96,52.3,39.019999999999996,8.219999999999999,fall,EWoK,7618,234,206,28,0.36755053819900235,5.7757941716986085,2,1,1,0.013126804935678657,0.03938041480703597,0,0,0,0,440,0.0,0.0,1.0,0.0,0.0,0.0
scale1p25_seed43022_dense,experiments/archive/frontier_consolidation/data/selected_trajectory_eval_scale1p25_seed43022_dense_common2M,chck_96M,chck_98M,chck_100M,chck_96M->chck_98M->chck_100M,background,43.34571428571428,66.35,61.66,48.91,26.96,52.3,39.019999999999996,8.219999999999999,fall,Entity,6780,119,109,10,0.14749262536873156,3.3628318584070795,2,1,1,0.014749262536873156,0.04424778761061947,0,1,1,0,227,0.0043859649122807015,0.0,0.9956140350877193,0.03823595564509363,0.0,0.009174311926605505
scale1p25_seed43022_dense,experiments/archive/frontier_consolidation/data/selected_trajectory_eval_scale1p25_seed43022_dense_common2M,chck_96M,chck_98M,chck_100M,chck_96M->chck_98M->chck_100M,background,43.34571428571428,66.35,61.66,48.91,26.96,52.3,39.019999999999996,8.219999999999999,fall,COMPS,91028,2820,2822,-2,-0.0021971261589840488,6.198092894494002,53,41,12,0.013182756953904293,0.1032649294722503,2,3,5,0,5637,0.0008862105636299185,0.0,0.9991137894363701,0.0068657745205875234,0.0006966213862765587,0.001048951048951049
scale1p25_seed43022_dense,experiments/archive/frontier_consolidation/data/selected_trajectory_eval_scale1p25_seed43022_dense_common2M,chck_96M,chck_98M,chck_100M,chck_96M->chck_98M->chck_100M,background,43.34571428571428,66.35,61.66,48.91,26.96,52.3,39.019999999999996,8.219999999999999,fall,GlobalPIQA,203,2,6,-4,-1.9704433497536946,3.9408866995073892,0,0,0,0.0,0.0,0,0,0,0,8,0.0,0.0,1.0,,0.0,0.0
