arm,checkpoint,correct,domain,family,index,interaction,margin,model,numops,option_count,split,uid,words
dose1_view,chck_80M,True,agent-properties,EWoK,89,-1.2315527929458767,0.05962138017639518,dose1_view_chck_80M,,,,agent-properties_89,80000000
dose1_view,chck_80M,True,agent-properties,EWoK,421,11.530522480607033,4.6849136389791965,dose1_view_chck_80M,,,,agent-properties_421,80000000
dose1_view,chck_80M,False,agent-properties,EWoK,809,0.8264786889776587,-0.46581672318279743,dose1_view_chck_80M,,,,agent-properties_809,80000000
dose1_view,chck_80M,True,agent-properties,EWoK,1406,12.851881843991578,9.374575121328235,dose1_view_chck_80M,,,,agent-properties_1406,80000000
dose1_view,chck_80M,False,agent-properties,EWoK,1821,-35.689591409638524,-19.796442510560155,dose1_view_chck_80M,,,,agent-properties_1821,80000000
dose1_view,chck_80M,True,material-dynamics,EWoK,10,0.8091186285018921,0.9729422330856323,dose1_view_chck_80M,,,,material-dynamics_10,80000000
dose1_view,chck_80M,False,material-dynamics,EWoK,37,4.574394702911377,-0.29685235023498535,dose1_view_chck_80M,,,,material-dynamics_37,80000000
dose1_view,chck_80M,False,material-dynamics,EWoK,480,-2.156440496444702,-1.8922719955444336,dose1_view_chck_80M,,,,material-dynamics_480,80000000
dose1_view,chck_80M,True,material-dynamics,EWoK,567,0.15283167362213135,2.104831099510193,dose1_view_chck_80M,,,,material-dynamics_567,80000000
dose1_view,chck_80M,False,material-dynamics,EWoK,643,0.7175801042467356,-0.0715126059949398,dose1_view_chck_80M,,,,material-dynamics_643,80000000
dose1_view,chck_80M,True,material-properties,EWoK,0,-0.16016040742397308,0.040628910064697266,dose1_view_chck_80M,,,,material-properties_0,80000000
dose1_view,chck_80M,True,material-properties,EWoK,59,0.8381701670587063,0.8622064925730228,dose1_view_chck_80M,,,,material-properties_59,80000000
dose1_view,chck_80M,True,material-properties,EWoK,145,0.5643670810386539,3.8652592012658715,dose1_view_chck_80M,,,,material-properties_145,80000000
dose1_view,chck_80M,True,material-properties,EWoK,149,-0.2393762469291687,0.20418655686080456,dose1_view_chck_80M,,,,material-properties_149,80000000
dose1_view,chck_80M,False,material-properties,EWoK,156,0.3164978474378586,-0.04679757356643677,dose1_view_chck_80M,,,,material-properties_156,80000000
dose1_view,chck_80M,False,physical-dynamics,EWoK,4,-2.003696020692587,-1.8792920485138893,dose1_view_chck_80M,,,,physical-dynamics_4,80000000
dose1_view,chck_80M,False,physical-dynamics,EWoK,16,-0.9098601043224335,-0.15770264342427254,dose1_view_chck_80M,,,,physical-dynamics_16,80000000
dose1_view,chck_80M,True,physical-dynamics,EWoK,66,3.0203110426664352,1.8948054164648056,dose1_view_chck_80M,,,,physical-dynamics_66,80000000
dose1_view,chck_80M,False,physical-dynamics,EWoK,88,-2.592556230723858,-3.241347899660468,dose1_view_chck_80M,,,,physical-dynamics_88,80000000
dose1_view,chck_80M,False,physical-dynamics,EWoK,103,0.6880056336522102,-2.1378055214881897,dose1_view_chck_80M,,,,physical-dynamics_103,80000000
dose1_view,chck_80M,True,physical-interactions,EWoK,25,2.718474328517914,0.7834825292229652,dose1_view_chck_80M,,,,physical-interactions_25,80000000
dose1_view,chck_80M,True,physical-interactions,EWoK,330,0.6166583597660065,1.0641698390245438,dose1_view_chck_80M,,,,physical-interactions_330,80000000
dose1_view,chck_80M,False,physical-interactions,EWoK,345,-0.5475210882723331,-2.951469022780657,dose1_view_chck_80M,,,,physical-interactions_345,80000000
dose1_view,chck_80M,True,physical-interactions,EWoK,414,-1.1610298343002796,3.4844811148941517,dose1_view_chck_80M,,,,physical-interactions_414,80000000
dose1_view,chck_80M,True,physical-interactions,EWoK,479,4.461412032134831,4.339450783561915,dose1_view_chck_80M,,,,physical-interactions_479,80000000
dose1_view,chck_80M,True,physical-relations,EWoK,64,-0.16176596097648144,17.49706887640059,dose1_view_chck_80M,,,,physical-relations_64,80000000
dose1_view,chck_80M,False,physical-relations,EWoK,558,0.20689869951456785,-4.007377260364592,dose1_view_chck_80M,,,,physical-relations_558,80000000
dose1_view,chck_80M,False,physical-relations,EWoK,644,-0.4243034506216645,-0.17298952210694551,dose1_view_chck_80M,,,,physical-relations_644,80000000
dose1_view,chck_80M,True,physical-relations,EWoK,675,2.2655930258333683,0.022831641137599945,dose1_view_chck_80M,,,,physical-relations_675,80000000
dose1_view,chck_80M,False,physical-relations,EWoK,799,-21.27667141892016,-9.14171632938087,dose1_view_chck_80M,,,,physical-relations_799,80000000
dose1_view,chck_80M,True,quantitative-properties,EWoK,57,4.278869368135929,0.09707005321979523,dose1_view_chck_80M,,,,quantitative-properties_57,80000000
dose1_view,chck_80M,False,quantitative-properties,EWoK,173,-1.9626370146870613,-4.165299214422703,dose1_view_chck_80M,,,,quantitative-properties_173,80000000
dose1_view,chck_80M,True,quantitative-properties,EWoK,234,-0.005953505635261536,0.8921647369861603,dose1_view_chck_80M,,,,quantitative-properties_234,80000000
dose1_view,chck_80M,False,quantitative-properties,EWoK,252,0.9795875027775764,-1.0348535291850567,dose1_view_chck_80M,,,,quantitative-properties_252,80000000
dose1_view,chck_80M,False,quantitative-properties,EWoK,311,0.010425329208374023,-0.5797814317047596,dose1_view_chck_80M,,,,quantitative-properties_311,80000000
dose1_view,chck_80M,True,social-interactions,EWoK,118,0.9262328976765275,0.16833895072340965,dose1_view_chck_80M,,,,social-interactions_118,80000000
dose1_view,chck_80M,True,social-interactions,EWoK,161,5.498497201129794,2.1349595356732607,dose1_view_chck_80M,,,,social-interactions_161,80000000
dose1_view,chck_80M,True,social-interactions,EWoK,243,2.089362185448408,2.4020124785602093,dose1_view_chck_80M,,,,social-interactions_243,80000000
dose1_view,chck_80M,True,social-interactions,EWoK,265,1.4369062334299088,1.1388260163366795,dose1_view_chck_80M,,,,social-interactions_265,80000000
dose1_view,chck_80M,False,social-interactions,EWoK,293,-3.8379191551357508,-2.1864694952964783,dose1_view_chck_80M,,,,social-interactions_293,80000000
dose1_view,chck_80M,False,social-properties,EWoK,46,0.39728593826293945,-0.6595587730407715,dose1_view_chck_80M,,,,social-properties_46,80000000
dose1_view,chck_80M,True,social-properties,EWoK,48,-0.08476842939853668,2.3506379276514053,dose1_view_chck_80M,,,,social-properties_48,80000000
dose1_view,chck_80M,True,social-properties,EWoK,103,-1.6924699675291777,3.4629196664318442,dose1_view_chck_80M,,,,social-properties_103,80000000
dose1_view,chck_80M,False,social-properties,EWoK,194,-4.406287111341953,-3.0061099976301193,dose1_view_chck_80M,,,,social-properties_194,80000000
dose1_view,chck_80M,False,social-properties,EWoK,210,0.5310972332954407,-1.0127781927585602,dose1_view_chck_80M,,,,social-properties_210,80000000
dose1_view,chck_80M,True,social-relations,EWoK,34,1.345005692448467,0.5324516370892525,dose1_view_chck_80M,,,,social-relations_34,80000000
dose1_view,chck_80M,False,social-relations,EWoK,62,4.247260017320514,-14.706758186221123,dose1_view_chck_80M,,,,social-relations_62,80000000
dose1_view,chck_80M,False,social-relations,EWoK,386,-5.411911380011588,-2.035851000342518,dose1_view_chck_80M,,,,social-relations_386,80000000
dose1_view,chck_80M,True,social-relations,EWoK,640,1.2609637677669525,2.147549629211426,dose1_view_chck_80M,,,,social-relations_640,80000000
dose1_view,chck_80M,False,social-relations,EWoK,1407,4.033120542764664,-0.20849773287773132,dose1_view_chck_80M,,,,social-relations_1407,80000000
dose1_view,chck_80M,False,spatial-relations,EWoK,143,-6.352429664693773,-4.481367284432054,dose1_view_chck_80M,,,,spatial-relations_143,80000000
dose1_view,chck_80M,True,spatial-relations,EWoK,187,5.16948053939268,6.1355933006852865,dose1_view_chck_80M,,,,spatial-relations_187,80000000
dose1_view,chck_80M,False,spatial-relations,EWoK,247,-4.9359223616775125,-0.8062144527211785,dose1_view_chck_80M,,,,spatial-relations_247,80000000
dose1_view,chck_80M,False,spatial-relations,EWoK,289,-5.181536947377026,-1.9197135125286877,dose1_view_chck_80M,,,,spatial-relations_289,80000000
dose1_view,chck_80M,True,spatial-relations,EWoK,425,1.1582475546747446,0.9542885050177574,dose1_view_chck_80M,,,,spatial-relations_425,80000000
dose1_view,chck_80M,False,,Entity,14,,-17.014768389053643,dose1_view_chck_80M,0,5,ambiref,ambiref_0_ops_11,80000000
dose1_view,chck_80M,False,,Entity,125,,-7.323032882064581,dose1_view_chck_80M,0,5,ambiref,ambiref_0_ops_101,80000000
dose1_view,chck_80M,False,,Entity,212,,-2.7074475064873695,dose1_view_chck_80M,0,5,ambiref,ambiref_0_ops_175,80000000
dose1_view,chck_80M,True,,Entity,270,,0.9823472881689668,dose1_view_chck_80M,0,5,ambiref,ambiref_0_ops_227,80000000
dose1_view,chck_80M,False,,Entity,587,,-8.062715663574636,dose1_view_chck_80M,0,5,ambiref,ambiref_0_ops_491,80000000
dose1_view,chck_80M,False,,Entity,615,,-5.156159555539489,dose1_view_chck_80M,1,5,ambiref,ambiref_1_ops_5,80000000
dose1_view,chck_80M,False,,Entity,632,,-23.212111983448267,dose1_view_chck_80M,1,5,ambiref,ambiref_1_ops_18,80000000
dose1_view,chck_80M,False,,Entity,682,,-14.594895751215518,dose1_view_chck_80M,1,5,ambiref,ambiref_1_ops_52,80000000
dose1_view,chck_80M,False,,Entity,954,,-16.621276241727173,dose1_view_chck_80M,1,5,ambiref,ambiref_1_ops_240,80000000
dose1_view,chck_80M,True,,Entity,1014,,0.5801088884472847,dose1_view_chck_80M,1,5,ambiref,ambiref_1_ops_283,80000000
dose1_view,chck_80M,False,,Entity,1214,,-7.711960881948471,dose1_view_chck_80M,2,5,ambiref,ambiref_2_ops_0,80000000
dose1_view,chck_80M,False,,Entity,1395,,-7.200832650065422,dose1_view_chck_80M,2,5,ambiref,ambiref_2_ops_118,80000000
dose1_view,chck_80M,False,,Entity,1654,,-7.092148266732693,dose1_view_chck_80M,2,5,ambiref,ambiref_2_ops_298,80000000
dose1_view,chck_80M,False,,Entity,1670,,-3.467930417507887,dose1_view_chck_80M,2,5,ambiref,ambiref_2_ops_312,80000000
dose1_view,chck_80M,False,,Entity,1681,,-11.457992561161518,dose1_view_chck_80M,2,5,ambiref,ambiref_2_ops_321,80000000
dose1_view,chck_80M,False,,Entity,1853,,-6.808418422937393,dose1_view_chck_80M,3,5,ambiref,ambiref_3_ops_19,80000000
dose1_view,chck_80M,True,,Entity,1926,,1.6480357460677624,dose1_view_chck_80M,3,5,ambiref,ambiref_3_ops_67,80000000
dose1_view,chck_80M,True,,Entity,2222,,7.830470040440559,dose1_view_chck_80M,3,5,ambiref,ambiref_3_ops_266,80000000
dose1_view,chck_80M,False,,Entity,2256,,-0.44216688722372055,dose1_view_chck_80M,3,5,ambiref,ambiref_3_ops_290,80000000
dose1_view,chck_80M,True,,Entity,2346,,0.4092484600841999,dose1_view_chck_80M,3,5,ambiref,ambiref_3_ops_353,80000000
dose1_view,chck_80M,False,,Entity,2441,,-7.006416290998459,dose1_view_chck_80M,4,5,ambiref,ambiref_4_ops_12,80000000
dose1_view,chck_80M,True,,Entity,2657,,8.945523489266634,dose1_view_chck_80M,4,5,ambiref,ambiref_4_ops_165,80000000
dose1_view,chck_80M,False,,Entity,2717,,-7.566732004284859,dose1_view_chck_80M,4,5,ambiref,ambiref_4_ops_207,80000000
dose1_view,chck_80M,False,,Entity,2760,,-5.995454011484981,dose1_view_chck_80M,4,5,ambiref,ambiref_4_ops_239,80000000
dose1_view,chck_80M,True,,Entity,2827,,7.495230704545975,dose1_view_chck_80M,4,5,ambiref,ambiref_4_ops_284,80000000
dose1_view,chck_80M,False,,Entity,3050,,-21.808401515707374,dose1_view_chck_80M,5,5,ambiref,ambiref_5_ops_8,80000000
dose1_view,chck_80M,False,,Entity,3101,,-13.251220528036356,dose1_view_chck_80M,5,5,ambiref,ambiref_5_ops_43,80000000
dose1_view,chck_80M,False,,Entity,3143,,-11.735595971345901,dose1_view_chck_80M,5,5,ambiref,ambiref_5_ops_69,80000000
dose1_view,chck_80M,True,,Entity,3178,,0.7195446416735649,dose1_view_chck_80M,5,5,ambiref,ambiref_5_ops_97,80000000
dose1_view,chck_80M,True,,Entity,3180,,3.0757348872721195,dose1_view_chck_80M,5,5,ambiref,ambiref_5_ops_99,80000000
dose1_view,chck_80M,True,,Entity,132,,7.1965780183672905,dose1_view_chck_80M,0,5,move_contents,move_contents_0_ops_114,80000000
dose1_view,chck_80M,True,,Entity,265,,3.263231173157692,dose1_view_chck_80M,0,5,move_contents,move_contents_0_ops_236,80000000
dose1_view,chck_80M,False,,Entity,389,,-7.104457879438996,dose1_view_chck_80M,0,5,move_contents,move_contents_0_ops_346,80000000
dose1_view,chck_80M,False,,Entity,539,,-1.0064272806048393,dose1_view_chck_80M,0,5,move_contents,move_contents_0_ops_468,80000000
dose1_view,chck_80M,False,,Entity,593,,-1.3804169185459614,dose1_view_chck_80M,0,5,move_contents,move_contents_0_ops_504,80000000
dose1_view,chck_80M,False,,Entity,815,,-0.4947778172791004,dose1_view_chck_80M,1,5,move_contents,move_contents_1_ops_161,80000000
dose1_view,chck_80M,False,,Entity,860,,-5.1022816225886345,dose1_view_chck_80M,1,5,move_contents,move_contents_1_ops_194,80000000
dose1_view,chck_80M,False,,Entity,930,,-3.1819425560534,dose1_view_chck_80M,1,5,move_contents,move_contents_1_ops_243,80000000
dose1_view,chck_80M,True,,Entity,958,,0.3290383219718933,dose1_view_chck_80M,1,5,move_contents,move_contents_1_ops_265,80000000
dose1_view,chck_80M,False,,Entity,1004,,-5.3014223808422685,dose1_view_chck_80M,1,5,move_contents,move_contents_1_ops_293,80000000
dose1_view,chck_80M,True,,Entity,1278,,4.712797356769443,dose1_view_chck_80M,2,5,move_contents,move_contents_2_ops_46,80000000
dose1_view,chck_80M,False,,Entity,1280,,-0.9024800136685371,dose1_view_chck_80M,2,5,move_contents,move_contents_2_ops_48,80000000
dose1_view,chck_80M,True,,Entity,1359,,7.496696243993938,dose1_view_chck_80M,2,5,move_contents,move_contents_2_ops_103,80000000
dose1_view,chck_80M,True,,Entity,1447,,2.2062997221946716,dose1_view_chck_80M,2,5,move_contents,move_contents_2_ops_160,80000000
dose1_view,chck_80M,False,,Entity,1516,,-0.0063269734382629395,dose1_view_chck_80M,2,5,move_contents,move_contents_2_ops_210,80000000
dose1_view,chck_80M,False,,Entity,1828,,-12.891597207635641,dose1_view_chck_80M,3,5,move_contents,move_contents_3_ops_8,80000000
dose1_view,chck_80M,False,,Entity,1838,,-13.77253849990666,dose1_view_chck_80M,3,5,move_contents,move_contents_3_ops_15,80000000
dose1_view,chck_80M,False,,Entity,1967,,-1.6784273236989975,dose1_view_chck_80M,3,5,move_contents,move_contents_3_ops_96,80000000
dose1_view,chck_80M,False,,Entity,2193,,-4.793788067996502,dose1_view_chck_80M,3,5,move_contents,move_contents_3_ops_247,80000000
dose1_view,chck_80M,False,,Entity,2345,,-1.1733552291989326,dose1_view_chck_80M,3,5,move_contents,move_contents_3_ops_351,80000000
dose1_view,chck_80M,True,,Entity,2644,,3.34906685911119,dose1_view_chck_80M,4,5,move_contents,move_contents_4_ops_143,80000000
dose1_view,chck_80M,False,,Entity,2707,,-6.250767333433032,dose1_view_chck_80M,4,5,move_contents,move_contents_4_ops_187,80000000
dose1_view,chck_80M,False,,Entity,2737,,-7.52631307579577,dose1_view_chck_80M,4,5,move_contents,move_contents_4_ops_204,80000000
dose1_view,chck_80M,True,,Entity,2801,,6.350294830743223,dose1_view_chck_80M,4,5,move_contents,move_contents_4_ops_249,80000000
dose1_view,chck_80M,False,,Entity,2860,,-0.8379871184006333,dose1_view_chck_80M,4,5,move_contents,move_contents_4_ops_289,80000000
dose1_view,chck_80M,True,,Entity,2990,,7.097173981368542,dose1_view_chck_80M,5,5,move_contents,move_contents_5_ops_28,80000000
dose1_view,chck_80M,True,,Entity,2997,,4.971196688711643,dose1_view_chck_80M,5,5,move_contents,move_contents_5_ops_33,80000000
dose1_view,chck_80M,False,,Entity,3046,,-16.23311418108642,dose1_view_chck_80M,5,5,move_contents,move_contents_5_ops_71,80000000
dose1_view,chck_80M,True,,Entity,3055,,3.658292330801487,dose1_view_chck_80M,5,5,move_contents,move_contents_5_ops_77,80000000
dose1_view,chck_80M,False,,Entity,3099,,-7.992051165550947,dose1_view_chck_80M,5,5,move_contents,move_contents_5_ops_108,80000000
dose1_view,chck_80M,False,,Entity,232,,-0.8406208176165819,dose1_view_chck_80M,0,5,regular,regular_0_ops_213,80000000
dose1_view,chck_80M,False,,Entity,291,,-2.735786449164152,dose1_view_chck_80M,0,5,regular,regular_0_ops_263,80000000
dose1_view,chck_80M,True,,Entity,350,,1.0779269207268953,dose1_view_chck_80M,0,5,regular,regular_0_ops_314,80000000
dose1_view,chck_80M,False,,Entity,363,,-5.519507873803377,dose1_view_chck_80M,0,5,regular,regular_0_ops_325,80000000
dose1_view,chck_80M,False,,Entity,418,,-4.832978971302509,dose1_view_chck_80M,0,5,regular,regular_0_ops_373,80000000
dose1_view,chck_80M,False,,Entity,696,,-10.830784127116203,dose1_view_chck_80M,1,5,regular,regular_1_ops_70,80000000
dose1_view,chck_80M,False,,Entity,712,,-0.7913903817534447,dose1_view_chck_80M,1,5,regular,regular_1_ops_81,80000000
dose1_view,chck_80M,False,,Entity,1053,,-4.20036668330431,dose1_view_chck_80M,1,5,regular,regular_1_ops_306,80000000
dose1_view,chck_80M,False,,Entity,1060,,-4.262110732495785,dose1_view_chck_80M,1,5,regular,regular_1_ops_311,80000000
dose1_view,chck_80M,False,,Entity,1177,,-7.907849686220288,dose1_view_chck_80M,1,5,regular,regular_1_ops_385,80000000
dose1_view,chck_80M,False,,Entity,1282,,-19.232894244603813,dose1_view_chck_80M,2,5,regular,regular_2_ops_58,80000000
dose1_view,chck_80M,False,,Entity,1344,,-7.88269916549325,dose1_view_chck_80M,2,5,regular,regular_2_ops_97,80000000
dose1_view,chck_80M,False,,Entity,1394,,-2.3314002342522144,dose1_view_chck_80M,2,5,regular,regular_2_ops_132,80000000
dose1_view,chck_80M,False,,Entity,1721,,-7.6124250534921885,dose1_view_chck_80M,2,5,regular,regular_2_ops_344,80000000
dose1_view,chck_80M,False,,Entity,1725,,-3.7749031130224466,dose1_view_chck_80M,2,5,regular,regular_2_ops_348,80000000
dose1_view,chck_80M,False,,Entity,1928,,-24.22828578390181,dose1_view_chck_80M,3,5,regular,regular_3_ops_78,80000000
dose1_view,chck_80M,False,,Entity,1936,,-4.515933429822326,dose1_view_chck_80M,3,5,regular,regular_3_ops_85,80000000
dose1_view,chck_80M,False,,Entity,2091,,-0.1559548992663622,dose1_view_chck_80M,3,5,regular,regular_3_ops_197,80000000
dose1_view,chck_80M,False,,Entity,2133,,-0.18263239040970802,dose1_view_chck_80M,3,5,regular,regular_3_ops_226,80000000
dose1_view,chck_80M,True,,Entity,2356,,4.272889764979482,dose1_view_chck_80M,3,5,regular,regular_3_ops_372,80000000
dose1_view,chck_80M,True,,Entity,2455,,0.3999055912718177,dose1_view_chck_80M,4,5,regular,regular_4_ops_16,80000000
dose1_view,chck_80M,False,,Entity,2615,,-8.017001047730446,dose1_view_chck_80M,4,5,regular,regular_4_ops_121,80000000
dose1_view,chck_80M,False,,Entity,2631,,-1.0651984959840775,dose1_view_chck_80M,4,5,regular,regular_4_ops_131,80000000
dose1_view,chck_80M,True,,Entity,2646,,3.633509799838066,dose1_view_chck_80M,4,5,regular,regular_4_ops_143,80000000
dose1_view,chck_80M,True,,Entity,2879,,1.166786041110754,dose1_view_chck_80M,4,5,regular,regular_4_ops_300,80000000
dose1_view,chck_80M,False,,Entity,3027,,-2.938345216214657,dose1_view_chck_80M,5,5,regular,regular_5_ops_18,80000000
dose1_view,chck_80M,False,,Entity,3116,,-5.422865986824036,dose1_view_chck_80M,5,5,regular,regular_5_ops_75,80000000
dose1_view,chck_80M,False,,Entity,3126,,-5.995166949927807,dose1_view_chck_80M,5,5,regular,regular_5_ops_82,80000000
dose1_view,chck_80M,False,,Entity,3132,,-4.514397509396076,dose1_view_chck_80M,5,5,regular,regular_5_ops_86,80000000
dose1_view,chck_80M,True,,Entity,3149,,1.7795563042163849,dose1_view_chck_80M,5,5,regular,regular_5_ops_93,80000000
dose1_repeat,chck_80M,False,agent-properties,EWoK,89,0.4324175080982968,-0.485504187643528,dose1_repeat_chck_80M,,,,agent-properties_89,80000000
dose1_repeat,chck_80M,True,agent-properties,EWoK,421,9.566241819411516,2.9659538473933935,dose1_repeat_chck_80M,,,,agent-properties_421,80000000
dose1_repeat,chck_80M,False,agent-properties,EWoK,809,-0.44674264872446656,-0.9416148071177304,dose1_repeat_chck_80M,,,,agent-properties_809,80000000
dose1_repeat,chck_80M,True,agent-properties,EWoK,1406,15.197260558139533,10.042966157197952,dose1_repeat_chck_80M,,,,agent-properties_1406,80000000
dose1_repeat,chck_80M,False,agent-properties,EWoK,1821,-54.05898564425297,-28.142522963229567,dose1_repeat_chck_80M,,,,agent-properties_1821,80000000
dose1_repeat,chck_80M,False,material-dynamics,EWoK,10,4.187281250953674,-0.15134704113006592,dose1_repeat_chck_80M,,,,material-dynamics_10,80000000
dose1_repeat,chck_80M,True,material-dynamics,EWoK,37,1.03277188539505,2.8210976123809814,dose1_repeat_chck_80M,,,,material-dynamics_37,80000000
dose1_repeat,chck_80M,False,material-dynamics,EWoK,480,-3.8110158443450928,-3.941179394721985,dose1_repeat_chck_80M,,,,material-dynamics_480,80000000
dose1_repeat,chck_80M,False,material-dynamics,EWoK,567,-2.5436068773269653,-0.5075007677078247,dose1_repeat_chck_80M,,,,material-dynamics_567,80000000
dose1_repeat,chck_80M,True,material-dynamics,EWoK,643,1.0348358927294612,1.0325077641755342,dose1_repeat_chck_80M,,,,material-dynamics_643,80000000
dose1_repeat,chck_80M,True,material-properties,EWoK,0,-1.139614850282669,0.40432263910770416,dose1_repeat_chck_80M,,,,material-properties_0,80000000
dose1_repeat,chck_80M,False,material-properties,EWoK,59,1.2533545941114426,-0.026835214346647263,dose1_repeat_chck_80M,,,,material-properties_59,80000000
dose1_repeat,chck_80M,True,material-properties,EWoK,145,-1.1198979616165161,1.210730567574501,dose1_repeat_chck_80M,,,,material-properties_145,80000000
dose1_repeat,chck_80M,False,material-properties,EWoK,149,-2.254676967859268,-0.41475022211670876,dose1_repeat_chck_80M,,,,material-properties_149,80000000
dose1_repeat,chck_80M,False,material-properties,EWoK,156,0.41744451597332954,-0.24444155022501945,dose1_repeat_chck_80M,,,,material-properties_156,80000000
dose1_repeat,chck_80M,True,physical-dynamics,EWoK,4,-1.8534131739288568,4.038280684500933,dose1_repeat_chck_80M,,,,physical-dynamics_4,80000000
dose1_repeat,chck_80M,False,physical-dynamics,EWoK,16,-1.3241103701293468,-0.18886782974004745,dose1_repeat_chck_80M,,,,physical-dynamics_16,80000000
dose1_repeat,chck_80M,True,physical-dynamics,EWoK,66,2.3401281498372555,0.6990450359880924,dose1_repeat_chck_80M,,,,physical-dynamics_66,80000000
dose1_repeat,chck_80M,False,physical-dynamics,EWoK,88,-5.58105387352407,-6.734857292845845,dose1_repeat_chck_80M,,,,physical-dynamics_88,80000000
dose1_repeat,chck_80M,True,physical-dynamics,EWoK,103,3.1696896255016327,3.494727708399296,dose1_repeat_chck_80M,,,,physical-dynamics_103,80000000
dose1_repeat,chck_80M,False,physical-interactions,EWoK,25,0.9490086361765862,-2.5847450755536556,dose1_repeat_chck_80M,,,,physical-interactions_25,80000000
dose1_repeat,chck_80M,False,physical-interactions,EWoK,330,0.42568764090538025,-0.11762890219688416,dose1_repeat_chck_80M,,,,physical-interactions_330,80000000
dose1_repeat,chck_80M,False,physical-interactions,EWoK,345,1.1364510585553944,-0.024282177444547415,dose1_repeat_chck_80M,,,,physical-interactions_345,80000000
dose1_repeat,chck_80M,True,physical-interactions,EWoK,414,-1.3022099286317825,5.4793902933597565,dose1_repeat_chck_80M,,,,physical-interactions_414,80000000
dose1_repeat,chck_80M,True,physical-interactions,EWoK,479,0.5415856018662453,2.8506847005337477,dose1_repeat_chck_80M,,,,physical-interactions_479,80000000
dose1_repeat,chck_80M,True,physical-relations,EWoK,64,1.0326331859687343,33.2098023602739,dose1_repeat_chck_80M,,,,physical-relations_64,80000000
dose1_repeat,chck_80M,False,physical-relations,EWoK,558,-2.2220663456246257,-2.0727382665500045,dose1_repeat_chck_80M,,,,physical-relations_558,80000000
dose1_repeat,chck_80M,True,physical-relations,EWoK,644,0.42857475206255913,0.42460719123482704,dose1_repeat_chck_80M,,,,physical-relations_644,80000000
dose1_repeat,chck_80M,True,physical-relations,EWoK,675,-0.17487330362200737,1.7589029464870691,dose1_repeat_chck_80M,,,,physical-relations_675,80000000
dose1_repeat,chck_80M,False,physical-relations,EWoK,799,-40.40024216566235,-18.582485410384834,dose1_repeat_chck_80M,,,,physical-relations_799,80000000
dose1_repeat,chck_80M,False,quantitative-properties,EWoK,57,-0.4925912618637085,-2.441628873348236,dose1_repeat_chck_80M,,,,quantitative-properties_57,80000000
dose1_repeat,chck_80M,False,quantitative-properties,EWoK,173,0.7179983854293823,-1.911378726363182,dose1_repeat_chck_80M,,,,quantitative-properties_173,80000000
dose1_repeat,chck_80M,False,quantitative-properties,EWoK,234,0.16097936034202576,-1.9867176413536072,dose1_repeat_chck_80M,,,,quantitative-properties_234,80000000
dose1_repeat,chck_80M,False,quantitative-properties,EWoK,252,0.08572018146514893,-0.8273850679397583,dose1_repeat_chck_80M,,,,quantitative-properties_252,80000000
dose1_repeat,chck_80M,False,quantitative-properties,EWoK,311,-0.3720186986029148,-0.29846219904720783,dose1_repeat_chck_80M,,,,quantitative-properties_311,80000000
dose1_repeat,chck_80M,False,social-interactions,EWoK,118,2.538632171228528,-2.453607091680169,dose1_repeat_chck_80M,,,,social-interactions_118,80000000
dose1_repeat,chck_80M,True,social-interactions,EWoK,161,2.2603235580027103,0.04580981284379959,dose1_repeat_chck_80M,,,,social-interactions_161,80000000
dose1_repeat,chck_80M,False,social-interactions,EWoK,243,0.6309892311692238,-0.3939043991267681,dose1_repeat_chck_80M,,,,social-interactions_243,80000000
dose1_repeat,chck_80M,False,social-interactions,EWoK,265,0.3638999070972204,-0.8420637492090464,dose1_repeat_chck_80M,,,,social-interactions_265,80000000
dose1_repeat,chck_80M,True,social-interactions,EWoK,293,-0.9397758720442653,0.42880595941096544,dose1_repeat_chck_80M,,,,social-interactions_293,80000000
dose1_repeat,chck_80M,False,social-properties,EWoK,46,-0.390700101852417,-0.346907377243042,dose1_repeat_chck_80M,,,,social-properties_46,80000000
dose1_repeat,chck_80M,True,social-properties,EWoK,48,-1.3305559754371643,0.11424165964126587,dose1_repeat_chck_80M,,,,social-properties_48,80000000
dose1_repeat,chck_80M,True,social-properties,EWoK,103,-3.4043222535401583,1.2612000349909067,dose1_repeat_chck_80M,,,,social-properties_103,80000000
dose1_repeat,chck_80M,False,social-properties,EWoK,194,1.9666134733706713,-0.13431794568896294,dose1_repeat_chck_80M,,,,social-properties_194,80000000
dose1_repeat,chck_80M,False,social-properties,EWoK,210,0.23554056882858276,-1.9814082980155945,dose1_repeat_chck_80M,,,,social-properties_210,80000000
dose1_repeat,chck_80M,False,social-relations,EWoK,34,-0.0703431461006403,-2.610229253768921,dose1_repeat_chck_80M,,,,social-relations_34,80000000
dose1_repeat,chck_80M,False,social-relations,EWoK,62,4.8587685415986925,-21.07863493077457,dose1_repeat_chck_80M,,,,social-relations_62,80000000
dose1_repeat,chck_80M,True,social-relations,EWoK,386,-0.8314326358959079,0.053222907707095146,dose1_repeat_chck_80M,,,,social-relations_386,80000000
dose1_repeat,chck_80M,False,social-relations,EWoK,640,1.6400092840194702,-1.145491600036621,dose1_repeat_chck_80M,,,,social-relations_640,80000000
dose1_repeat,chck_80M,True,social-relations,EWoK,1407,6.8131086230278015,3.8189889192581177,dose1_repeat_chck_80M,,,,social-relations_1407,80000000
dose1_repeat,chck_80M,False,spatial-relations,EWoK,143,-2.913553797174245,-0.956216296646744,dose1_repeat_chck_80M,,,,spatial-relations_143,80000000
dose1_repeat,chck_80M,True,spatial-relations,EWoK,187,2.820167154073715,3.2809586878865957,dose1_repeat_chck_80M,,,,spatial-relations_187,80000000
dose1_repeat,chck_80M,False,spatial-relations,EWoK,247,-4.702709274599329,-1.60173525265418,dose1_repeat_chck_80M,,,,spatial-relations_247,80000000
dose1_repeat,chck_80M,False,spatial-relations,EWoK,289,-5.1253478090511635,-2.4168080423260108,dose1_repeat_chck_80M,,,,spatial-relations_289,80000000
dose1_repeat,chck_80M,True,spatial-relations,EWoK,425,0.7439581709913909,1.1416734387166798,dose1_repeat_chck_80M,,,,spatial-relations_425,80000000
dose1_repeat,chck_80M,False,,Entity,14,,-15.793137292610481,dose1_repeat_chck_80M,0,5,ambiref,ambiref_0_ops_11,80000000
dose1_repeat,chck_80M,False,,Entity,125,,-10.531633038073778,dose1_repeat_chck_80M,0,5,ambiref,ambiref_0_ops_101,80000000
dose1_repeat,chck_80M,False,,Entity,212,,-11.95660326257348,dose1_repeat_chck_80M,0,5,ambiref,ambiref_0_ops_175,80000000
dose1_repeat,chck_80M,False,,Entity,270,,-2.12988225184381,dose1_repeat_chck_80M,0,5,ambiref,ambiref_0_ops_227,80000000
dose1_repeat,chck_80M,False,,Entity,587,,-13.494658985640854,dose1_repeat_chck_80M,0,5,ambiref,ambiref_0_ops_491,80000000
dose1_repeat,chck_80M,True,,Entity,615,,0.4468195220688358,dose1_repeat_chck_80M,1,5,ambiref,ambiref_1_ops_5,80000000
dose1_repeat,chck_80M,False,,Entity,632,,-25.4200689450372,dose1_repeat_chck_80M,1,5,ambiref,ambiref_1_ops_18,80000000
dose1_repeat,chck_80M,False,,Entity,682,,-14.562354188179597,dose1_repeat_chck_80M,1,5,ambiref,ambiref_1_ops_52,80000000
dose1_repeat,chck_80M,False,,Entity,954,,-19.502168712206185,dose1_repeat_chck_80M,1,5,ambiref,ambiref_1_ops_240,80000000
dose1_repeat,chck_80M,False,,Entity,1014,,-1.1814517304301262,dose1_repeat_chck_80M,1,5,ambiref,ambiref_1_ops_283,80000000
dose1_repeat,chck_80M,False,,Entity,1214,,-3.6104525327682495,dose1_repeat_chck_80M,2,5,ambiref,ambiref_2_ops_0,80000000
dose1_repeat,chck_80M,False,,Entity,1395,,-11.288700733799487,dose1_repeat_chck_80M,2,5,ambiref,ambiref_2_ops_118,80000000
dose1_repeat,chck_80M,False,,Entity,1654,,-4.207449026405811,dose1_repeat_chck_80M,2,5,ambiref,ambiref_2_ops_298,80000000
dose1_repeat,chck_80M,False,,Entity,1670,,-13.91776682715863,dose1_repeat_chck_80M,2,5,ambiref,ambiref_2_ops_312,80000000
dose1_repeat,chck_80M,False,,Entity,1681,,-11.520238237455487,dose1_repeat_chck_80M,2,5,ambiref,ambiref_2_ops_321,80000000
dose1_repeat,chck_80M,False,,Entity,1853,,-5.98192935064435,dose1_repeat_chck_80M,3,5,ambiref,ambiref_3_ops_19,80000000
dose1_repeat,chck_80M,False,,Entity,1926,,-0.5876060202717781,dose1_repeat_chck_80M,3,5,ambiref,ambiref_3_ops_67,80000000
dose1_repeat,chck_80M,True,,Entity,2222,,3.043583232909441,dose1_repeat_chck_80M,3,5,ambiref,ambiref_3_ops_266,80000000
dose1_repeat,chck_80M,True,,Entity,2256,,2.994714854285121,dose1_repeat_chck_80M,3,5,ambiref,ambiref_3_ops_290,80000000
dose1_repeat,chck_80M,False,,Entity,2346,,-8.743197619915009,dose1_repeat_chck_80M,3,5,ambiref,ambiref_3_ops_353,80000000
dose1_repeat,chck_80M,False,,Entity,2441,,-3.579781875014305,dose1_repeat_chck_80M,4,5,ambiref,ambiref_4_ops_12,80000000
dose1_repeat,chck_80M,True,,Entity,2657,,0.7044233386404812,dose1_repeat_chck_80M,4,5,ambiref,ambiref_4_ops_165,80000000
dose1_repeat,chck_80M,False,,Entity,2717,,-3.48365718126297,dose1_repeat_chck_80M,4,5,ambiref,ambiref_4_ops_207,80000000
dose1_repeat,chck_80M,True,,Entity,2760,,0.12347818538546562,dose1_repeat_chck_80M,4,5,ambiref,ambiref_4_ops_239,80000000
dose1_repeat,chck_80M,True,,Entity,2827,,6.651857040822506,dose1_repeat_chck_80M,4,5,ambiref,ambiref_4_ops_284,80000000
dose1_repeat,chck_80M,False,,Entity,3050,,-29.63167783524841,dose1_repeat_chck_80M,5,5,ambiref,ambiref_5_ops_8,80000000
dose1_repeat,chck_80M,False,,Entity,3101,,-21.088600233430043,dose1_repeat_chck_80M,5,5,ambiref,ambiref_5_ops_43,80000000
dose1_repeat,chck_80M,False,,Entity,3143,,-9.838851545006037,dose1_repeat_chck_80M,5,5,ambiref,ambiref_5_ops_69,80000000
dose1_repeat,chck_80M,True,,Entity,3178,,4.059505667537451,dose1_repeat_chck_80M,5,5,ambiref,ambiref_5_ops_97,80000000
dose1_repeat,chck_80M,False,,Entity,3180,,-1.8771870788186789,dose1_repeat_chck_80M,5,5,ambiref,ambiref_5_ops_99,80000000
dose1_repeat,chck_80M,True,,Entity,132,,14.787680753041059,dose1_repeat_chck_80M,0,5,move_contents,move_contents_0_ops_114,80000000
dose1_repeat,chck_80M,True,,Entity,265,,2.6020717961946502,dose1_repeat_chck_80M,0,5,move_contents,move_contents_0_ops_236,80000000
dose1_repeat,chck_80M,True,,Entity,389,,0.09934905893169343,dose1_repeat_chck_80M,0,5,move_contents,move_contents_0_ops_346,80000000
dose1_repeat,chck_80M,False,,Entity,539,,-3.6963883275166154,dose1_repeat_chck_80M,0,5,move_contents,move_contents_0_ops_468,80000000
dose1_repeat,chck_80M,True,,Entity,593,,6.553114988841116,dose1_repeat_chck_80M,0,5,move_contents,move_contents_0_ops_504,80000000
dose1_repeat,chck_80M,True,,Entity,815,,4.692732945084572,dose1_repeat_chck_80M,1,5,move_contents,move_contents_1_ops_161,80000000
dose1_repeat,chck_80M,False,,Entity,860,,-1.6350156366825104,dose1_repeat_chck_80M,1,5,move_contents,move_contents_1_ops_194,80000000
dose1_repeat,chck_80M,False,,Entity,930,,-15.216412032023072,dose1_repeat_chck_80M,1,5,move_contents,move_contents_1_ops_243,80000000
dose1_repeat,chck_80M,False,,Entity,958,,-0.8957754075527191,dose1_repeat_chck_80M,1,5,move_contents,move_contents_1_ops_265,80000000
dose1_repeat,chck_80M,False,,Entity,1004,,-20.093787860823795,dose1_repeat_chck_80M,1,5,move_contents,move_contents_1_ops_293,80000000
dose1_repeat,chck_80M,True,,Entity,1278,,6.660868462175131,dose1_repeat_chck_80M,2,5,move_contents,move_contents_2_ops_46,80000000
dose1_repeat,chck_80M,False,,Entity,1280,,-3.5705798398703337,dose1_repeat_chck_80M,2,5,move_contents,move_contents_2_ops_48,80000000
dose1_repeat,chck_80M,True,,Entity,1359,,4.143679193686694,dose1_repeat_chck_80M,2,5,move_contents,move_contents_2_ops_103,80000000
dose1_repeat,chck_80M,False,,Entity,1447,,-3.882037937641144,dose1_repeat_chck_80M,2,5,move_contents,move_contents_2_ops_160,80000000
dose1_repeat,chck_80M,False,,Entity,1516,,-4.765497464686632,dose1_repeat_chck_80M,2,5,move_contents,move_contents_2_ops_210,80000000
dose1_repeat,chck_80M,False,,Entity,1828,,-19.62405870598741,dose1_repeat_chck_80M,3,5,move_contents,move_contents_3_ops_8,80000000
dose1_repeat,chck_80M,False,,Entity,1838,,-23.46775044023525,dose1_repeat_chck_80M,3,5,move_contents,move_contents_3_ops_15,80000000
dose1_repeat,chck_80M,False,,Entity,1967,,-1.3230451624840498,dose1_repeat_chck_80M,3,5,move_contents,move_contents_3_ops_96,80000000
dose1_repeat,chck_80M,False,,Entity,2193,,-1.0745292901992798,dose1_repeat_chck_80M,3,5,move_contents,move_contents_3_ops_247,80000000
dose1_repeat,chck_80M,False,,Entity,2345,,-15.442454635282047,dose1_repeat_chck_80M,3,5,move_contents,move_contents_3_ops_351,80000000
dose1_repeat,chck_80M,False,,Entity,2644,,-3.2775415517389774,dose1_repeat_chck_80M,4,5,move_contents,move_contents_4_ops_143,80000000
dose1_repeat,chck_80M,True,,Entity,2707,,3.130050115287304,dose1_repeat_chck_80M,4,5,move_contents,move_contents_4_ops_187,80000000
dose1_repeat,chck_80M,False,,Entity,2737,,-11.892285254318267,dose1_repeat_chck_80M,4,5,move_contents,move_contents_4_ops_204,80000000
dose1_repeat,chck_80M,True,,Entity,2801,,5.086405627895147,dose1_repeat_chck_80M,4,5,move_contents,move_contents_4_ops_249,80000000
dose1_repeat,chck_80M,False,,Entity,2860,,-0.406887992285192,dose1_repeat_chck_80M,4,5,move_contents,move_contents_4_ops_289,80000000
dose1_repeat,chck_80M,False,,Entity,2990,,-0.42430680990219116,dose1_repeat_chck_80M,5,5,move_contents,move_contents_5_ops_28,80000000
dose1_repeat,chck_80M,True,,Entity,2997,,7.458511935546994,dose1_repeat_chck_80M,5,5,move_contents,move_contents_5_ops_33,80000000
dose1_repeat,chck_80M,False,,Entity,3046,,-19.6550113405101,dose1_repeat_chck_80M,5,5,move_contents,move_contents_5_ops_71,80000000
dose1_repeat,chck_80M,True,,Entity,3055,,6.561542356736027,dose1_repeat_chck_80M,5,5,move_contents,move_contents_5_ops_77,80000000
dose1_repeat,chck_80M,False,,Entity,3099,,-4.612016517901793,dose1_repeat_chck_80M,5,5,move_contents,move_contents_5_ops_108,80000000
dose1_repeat,chck_80M,True,,Entity,232,,3.9335731137543917,dose1_repeat_chck_80M,0,5,regular,regular_0_ops_213,80000000
dose1_repeat,chck_80M,False,,Entity,291,,-4.100220057589468,dose1_repeat_chck_80M,0,5,regular,regular_0_ops_263,80000000
dose1_repeat,chck_80M,True,,Entity,350,,1.795968234189786,dose1_repeat_chck_80M,0,5,regular,regular_0_ops_314,80000000
dose1_repeat,chck_80M,False,,Entity,363,,-8.024593563284725,dose1_repeat_chck_80M,0,5,regular,regular_0_ops_325,80000000
dose1_repeat,chck_80M,False,,Entity,418,,-3.459360122680664,dose1_repeat_chck_80M,0,5,regular,regular_0_ops_373,80000000
dose1_repeat,chck_80M,False,,Entity,696,,-9.8080675303936,dose1_repeat_chck_80M,1,5,regular,regular_1_ops_70,80000000
dose1_repeat,chck_80M,True,,Entity,712,,4.271747948601842,dose1_repeat_chck_80M,1,5,regular,regular_1_ops_81,80000000
dose1_repeat,chck_80M,False,,Entity,1053,,-2.9488680362701416,dose1_repeat_chck_80M,1,5,regular,regular_1_ops_306,80000000
dose1_repeat,chck_80M,False,,Entity,1060,,-5.356837414205074,dose1_repeat_chck_80M,1,5,regular,regular_1_ops_311,80000000
dose1_repeat,chck_80M,False,,Entity,1177,,-15.408523594029248,dose1_repeat_chck_80M,1,5,regular,regular_1_ops_385,80000000
dose1_repeat,chck_80M,False,,Entity,1282,,-21.39347536722198,dose1_repeat_chck_80M,2,5,regular,regular_2_ops_58,80000000
dose1_repeat,chck_80M,False,,Entity,1344,,-5.467676725238562,dose1_repeat_chck_80M,2,5,regular,regular_2_ops_97,80000000
dose1_repeat,chck_80M,False,,Entity,1394,,-6.260825714096427,dose1_repeat_chck_80M,2,5,regular,regular_2_ops_132,80000000
dose1_repeat,chck_80M,False,,Entity,1721,,-8.608084172010422,dose1_repeat_chck_80M,2,5,regular,regular_2_ops_344,80000000
dose1_repeat,chck_80M,False,,Entity,1725,,-7.538687078282237,dose1_repeat_chck_80M,2,5,regular,regular_2_ops_348,80000000
dose1_repeat,chck_80M,False,,Entity,1928,,-19.32913404656574,dose1_repeat_chck_80M,3,5,regular,regular_3_ops_78,80000000
dose1_repeat,chck_80M,False,,Entity,1936,,-4.073015078902245,dose1_repeat_chck_80M,3,5,regular,regular_3_ops_85,80000000
dose1_repeat,chck_80M,True,,Entity,2091,,3.2687964867800474,dose1_repeat_chck_80M,3,5,regular,regular_3_ops_197,80000000
dose1_repeat,chck_80M,True,,Entity,2133,,3.2261616634204984,dose1_repeat_chck_80M,3,5,regular,regular_3_ops_226,80000000
dose1_repeat,chck_80M,True,,Entity,2356,,2.5141255725175142,dose1_repeat_chck_80M,3,5,regular,regular_3_ops_372,80000000
dose1_repeat,chck_80M,True,,Entity,2455,,6.3615379352122545,dose1_repeat_chck_80M,4,5,regular,regular_4_ops_16,80000000
dose1_repeat,chck_80M,False,,Entity,2615,,-5.316390872001648,dose1_repeat_chck_80M,4,5,regular,regular_4_ops_121,80000000
dose1_repeat,chck_80M,True,,Entity,2631,,1.1755274087190628,dose1_repeat_chck_80M,4,5,regular,regular_4_ops_131,80000000
dose1_repeat,chck_80M,True,,Entity,2646,,6.090478874742985,dose1_repeat_chck_80M,4,5,regular,regular_4_ops_143,80000000
dose1_repeat,chck_80M,True,,Entity,2879,,5.231318882200867,dose1_repeat_chck_80M,4,5,regular,regular_4_ops_300,80000000
dose1_repeat,chck_80M,False,,Entity,3027,,-1.960895812138915,dose1_repeat_chck_80M,5,5,regular,regular_5_ops_18,80000000
dose1_repeat,chck_80M,False,,Entity,3116,,-7.682003535330296,dose1_repeat_chck_80M,5,5,regular,regular_5_ops_75,80000000
dose1_repeat,chck_80M,False,,Entity,3126,,-4.497601089649834,dose1_repeat_chck_80M,5,5,regular,regular_5_ops_82,80000000
dose1_repeat,chck_80M,False,,Entity,3132,,-3.5712691843509674,dose1_repeat_chck_80M,5,5,regular,regular_5_ops_86,80000000
dose1_repeat,chck_80M,False,,Entity,3149,,-1.052190162241459,dose1_repeat_chck_80M,5,5,regular,regular_5_ops_93,80000000
dose1p82_view,chck_80M,True,agent-properties,EWoK,89,-1.1100701804971322,3.377485011704266,dose1p82_view_chck_80M,,,,agent-properties_89,80000000
dose1p82_view,chck_80M,True,agent-properties,EWoK,421,10.22287697903812,2.6840029638260603,dose1p82_view_chck_80M,,,,agent-properties_421,80000000
dose1p82_view,chck_80M,True,agent-properties,EWoK,809,-0.063404506072402,0.39672094490379095,dose1p82_view_chck_80M,,,,agent-properties_809,80000000
dose1p82_view,chck_80M,True,agent-properties,EWoK,1406,2.4126809695735574,2.2781419437378645,dose1p82_view_chck_80M,,,,agent-properties_1406,80000000
dose1p82_view,chck_80M,False,agent-properties,EWoK,1821,-42.16233275900595,-22.978518738178536,dose1p82_view_chck_80M,,,,agent-properties_1821,80000000
dose1p82_view,chck_80M,True,material-dynamics,EWoK,10,1.0613147020339966,0.08186542987823486,dose1p82_view_chck_80M,,,,material-dynamics_10,80000000
dose1p82_view,chck_80M,True,material-dynamics,EWoK,37,4.808061003684998,4.204654216766357,dose1p82_view_chck_80M,,,,material-dynamics_37,80000000
dose1p82_view,chck_80M,False,material-dynamics,EWoK,480,-1.4118037223815918,-1.691657304763794,dose1p82_view_chck_80M,,,,material-dynamics_480,80000000
dose1p82_view,chck_80M,True,material-dynamics,EWoK,567,-1.000571846961975,1.0738277435302734,dose1p82_view_chck_80M,,,,material-dynamics_567,80000000
dose1p82_view,chck_80M,True,material-dynamics,EWoK,643,1.337006994523108,2.261941391043365,dose1p82_view_chck_80M,,,,material-dynamics_643,80000000
dose1p82_view,chck_80M,False,material-properties,EWoK,0,-1.3458106741309166,-2.3931815400719643,dose1p82_view_chck_80M,,,,material-properties_0,80000000
dose1p82_view,chck_80M,True,material-properties,EWoK,59,1.1592340972274542,2.05790738761425,dose1p82_view_chck_80M,,,,material-properties_59,80000000
dose1p82_view,chck_80M,False,material-properties,EWoK,145,0.9061485771089792,-0.10072239954024553,dose1p82_view_chck_80M,,,,material-properties_145,80000000
dose1p82_view,chck_80M,False,material-properties,EWoK,149,-0.002765878103673458,-0.19162861770018935,dose1p82_view_chck_80M,,,,material-properties_149,80000000
dose1p82_view,chck_80M,True,material-properties,EWoK,156,0.3589307442307472,0.14992229640483856,dose1p82_view_chck_80M,,,,material-properties_156,80000000
dose1p82_view,chck_80M,True,physical-dynamics,EWoK,4,3.1195167619735003,5.258741395547986,dose1p82_view_chck_80M,,,,physical-dynamics_4,80000000
dose1p82_view,chck_80M,False,physical-dynamics,EWoK,16,-0.5698627606034279,-0.5198849365115166,dose1p82_view_chck_80M,,,,physical-dynamics_16,80000000
dose1p82_view,chck_80M,True,physical-dynamics,EWoK,66,1.1961662732064724,0.9576606042683125,dose1p82_view_chck_80M,,,,physical-dynamics_66,80000000
dose1p82_view,chck_80M,False,physical-dynamics,EWoK,88,-7.680863467976451,-5.209210125729442,dose1p82_view_chck_80M,,,,physical-dynamics_88,80000000
dose1p82_view,chck_80M,True,physical-dynamics,EWoK,103,1.2750056236982346,2.727632563561201,dose1p82_view_chck_80M,,,,physical-dynamics_103,80000000
dose1p82_view,chck_80M,False,physical-interactions,EWoK,25,4.138368571177125,-1.3610416520386934,dose1p82_view_chck_80M,,,,physical-interactions_25,80000000
dose1p82_view,chck_80M,False,physical-interactions,EWoK,330,-0.05311250686645508,-1.332759603857994,dose1p82_view_chck_80M,,,,physical-interactions_330,80000000
dose1p82_view,chck_80M,True,physical-interactions,EWoK,345,0.973600722849369,3.886344138532877,dose1p82_view_chck_80M,,,,physical-interactions_345,80000000
dose1p82_view,chck_80M,True,physical-interactions,EWoK,414,-2.151102164760232,3.1627867445349693,dose1p82_view_chck_80M,,,,physical-interactions_414,80000000
dose1p82_view,chck_80M,True,physical-interactions,EWoK,479,5.778840346261859,3.226365958340466,dose1p82_view_chck_80M,,,,physical-interactions_479,80000000
dose1p82_view,chck_80M,True,physical-relations,EWoK,64,0.0772772942436859,18.803160722134635,dose1p82_view_chck_80M,,,,physical-relations_64,80000000
dose1p82_view,chck_80M,False,physical-relations,EWoK,558,-3.03444158192724,-0.6819559438154101,dose1p82_view_chck_80M,,,,physical-relations_558,80000000
dose1p82_view,chck_80M,False,physical-relations,EWoK,644,0.10565480962395668,-0.4603462629020214,dose1p82_view_chck_80M,,,,physical-relations_644,80000000
dose1p82_view,chck_80M,False,physical-relations,EWoK,675,-0.24321646592579782,-0.9820343188475817,dose1p82_view_chck_80M,,,,physical-relations_675,80000000
dose1p82_view,chck_80M,False,physical-relations,EWoK,799,-33.6300106192939,-14.42175285704434,dose1p82_view_chck_80M,,,,physical-relations_799,80000000
dose1p82_view,chck_80M,False,quantitative-properties,EWoK,57,-1.6350563913583755,-0.36363910138607025,dose1p82_view_chck_80M,,,,quantitative-properties_57,80000000
dose1p82_view,chck_80M,False,quantitative-properties,EWoK,173,0.888282734900713,-1.919651448726654,dose1p82_view_chck_80M,,,,quantitative-properties_173,80000000
dose1p82_view,chck_80M,False,quantitative-properties,EWoK,234,-0.7255673371255398,-0.7894661352038383,dose1p82_view_chck_80M,,,,quantitative-properties_234,80000000
dose1p82_view,chck_80M,True,quantitative-properties,EWoK,252,0.4247379098087549,1.5199561323970556,dose1p82_view_chck_80M,,,,quantitative-properties_252,80000000
dose1p82_view,chck_80M,False,quantitative-properties,EWoK,311,0.1672142632305622,-0.25637025013566017,dose1p82_view_chck_80M,,,,quantitative-properties_311,80000000
dose1p82_view,chck_80M,False,social-interactions,EWoK,118,0.28592413663864136,-0.5813760999590158,dose1p82_view_chck_80M,,,,social-interactions_118,80000000
dose1p82_view,chck_80M,False,social-interactions,EWoK,161,1.4503037128597498,-1.2460382394492626,dose1p82_view_chck_80M,,,,social-interactions_161,80000000
dose1p82_view,chck_80M,True,social-interactions,EWoK,243,-0.027481192722916603,0.035173362120985985,dose1p82_view_chck_80M,,,,social-interactions_243,80000000
dose1p82_view,chck_80M,False,social-interactions,EWoK,265,-2.0299725215882063,-1.724596681073308,dose1p82_view_chck_80M,,,,social-interactions_265,80000000
dose1p82_view,chck_80M,False,social-interactions,EWoK,293,-2.419433072209358,-1.8807406583800912,dose1p82_view_chck_80M,,,,social-interactions_293,80000000
dose1p82_view,chck_80M,False,social-properties,EWoK,46,-3.175287425518036,-1.3659412860870361,dose1p82_view_chck_80M,,,,social-properties_46,80000000
dose1p82_view,chck_80M,True,social-properties,EWoK,48,2.305092990398407,4.515558481216431,dose1p82_view_chck_80M,,,,social-properties_48,80000000
dose1p82_view,chck_80M,True,social-properties,EWoK,103,0.3659021891653538,5.789366781711578,dose1p82_view_chck_80M,,,,social-properties_103,80000000
dose1p82_view,chck_80M,False,social-properties,EWoK,194,-0.6662315130233765,-0.15770453214645386,dose1p82_view_chck_80M,,,,social-properties_194,80000000
dose1p82_view,chck_80M,False,social-properties,EWoK,210,-3.8797949366271496,-0.5925904810428619,dose1p82_view_chck_80M,,,,social-properties_210,80000000
dose1p82_view,chck_80M,False,social-relations,EWoK,34,-2.363151776138693,-4.469400856643915,dose1p82_view_chck_80M,,,,social-relations_34,80000000
dose1p82_view,chck_80M,False,social-relations,EWoK,62,1.3738011252135038,-15.881555704399943,dose1p82_view_chck_80M,,,,social-relations_62,80000000
dose1p82_view,chck_80M,False,social-relations,EWoK,386,-9.412448104005307,-5.1605160417966545,dose1p82_view_chck_80M,,,,social-relations_386,80000000
dose1p82_view,chck_80M,True,social-relations,EWoK,640,1.4338771998882294,1.7756785154342651,dose1p82_view_chck_80M,,,,social-relations_640,80000000
dose1p82_view,chck_80M,True,social-relations,EWoK,1407,11.76151418685913,5.616510450839996,dose1p82_view_chck_80M,,,,social-relations_1407,80000000
dose1p82_view,chck_80M,False,spatial-relations,EWoK,143,-5.960227453149855,-3.991584822535515,dose1p82_view_chck_80M,,,,spatial-relations_143,80000000
dose1p82_view,chck_80M,True,spatial-relations,EWoK,187,2.8679816657677293,3.926616738550365,dose1p82_view_chck_80M,,,,spatial-relations_187,80000000
dose1p82_view,chck_80M,False,spatial-relations,EWoK,247,-6.328384748834651,-3.0463634560001083,dose1p82_view_chck_80M,,,,spatial-relations_247,80000000
dose1p82_view,chck_80M,False,spatial-relations,EWoK,289,-7.155083313351497,-3.7237200448289514,dose1p82_view_chck_80M,,,,spatial-relations_289,80000000
dose1p82_view,chck_80M,False,spatial-relations,EWoK,425,0.950041236821562,-0.12662117136642337,dose1p82_view_chck_80M,,,,spatial-relations_425,80000000
dose1p82_view,chck_80M,False,,Entity,14,,-15.202954711392522,dose1p82_view_chck_80M,0,5,ambiref,ambiref_0_ops_11,80000000
dose1p82_view,chck_80M,False,,Entity,125,,-7.621517062187195,dose1p82_view_chck_80M,0,5,ambiref,ambiref_0_ops_101,80000000
dose1p82_view,chck_80M,False,,Entity,212,,-15.537482624873519,dose1p82_view_chck_80M,0,5,ambiref,ambiref_0_ops_175,80000000
dose1p82_view,chck_80M,True,,Entity,270,,3.653098280541599,dose1p82_view_chck_80M,0,5,ambiref,ambiref_0_ops_227,80000000
dose1p82_view,chck_80M,False,,Entity,587,,-2.4955115290358663,dose1p82_view_chck_80M,0,5,ambiref,ambiref_0_ops_491,80000000
dose1p82_view,chck_80M,True,,Entity,615,,3.8941715285182,dose1p82_view_chck_80M,1,5,ambiref,ambiref_1_ops_5,80000000
dose1p82_view,chck_80M,False,,Entity,632,,-20.30951832048595,dose1p82_view_chck_80M,1,5,ambiref,ambiref_1_ops_18,80000000
dose1p82_view,chck_80M,False,,Entity,682,,-7.703190306201577,dose1p82_view_chck_80M,1,5,ambiref,ambiref_1_ops_52,80000000
dose1p82_view,chck_80M,False,,Entity,954,,-29.007413550047204,dose1p82_view_chck_80M,1,5,ambiref,ambiref_1_ops_240,80000000
dose1p82_view,chck_80M,False,,Entity,1014,,-0.3307475447654724,dose1p82_view_chck_80M,1,5,ambiref,ambiref_1_ops_283,80000000
dose1p82_view,chck_80M,False,,Entity,1214,,-5.936780050396919,dose1p82_view_chck_80M,2,5,ambiref,ambiref_2_ops_0,80000000
dose1p82_view,chck_80M,False,,Entity,1395,,-5.386214490514249,dose1p82_view_chck_80M,2,5,ambiref,ambiref_2_ops_118,80000000
dose1p82_view,chck_80M,True,,Entity,1654,,1.5892238020896912,dose1p82_view_chck_80M,2,5,ambiref,ambiref_2_ops_298,80000000
dose1p82_view,chck_80M,False,,Entity,1670,,-6.6914923414587975,dose1p82_view_chck_80M,2,5,ambiref,ambiref_2_ops_312,80000000
dose1p82_view,chck_80M,False,,Entity,1681,,-21.34115047007799,dose1p82_view_chck_80M,2,5,ambiref,ambiref_2_ops_321,80000000
dose1p82_view,chck_80M,False,,Entity,1853,,-9.816064476035535,dose1p82_view_chck_80M,3,5,ambiref,ambiref_3_ops_19,80000000
dose1p82_view,chck_80M,True,,Entity,1926,,4.748939603567123,dose1p82_view_chck_80M,3,5,ambiref,ambiref_3_ops_67,80000000
dose1p82_view,chck_80M,True,,Entity,2222,,10.448647364974022,dose1p82_view_chck_80M,3,5,ambiref,ambiref_3_ops_266,80000000
dose1p82_view,chck_80M,True,,Entity,2256,,2.574543982744217,dose1p82_view_chck_80M,3,5,ambiref,ambiref_3_ops_290,80000000
dose1p82_view,chck_80M,True,,Entity,2346,,2.5426360368728638,dose1p82_view_chck_80M,3,5,ambiref,ambiref_3_ops_353,80000000
dose1p82_view,chck_80M,False,,Entity,2441,,-9.454668879508972,dose1p82_view_chck_80M,4,5,ambiref,ambiref_4_ops_12,80000000
dose1p82_view,chck_80M,True,,Entity,2657,,11.599573569372296,dose1p82_view_chck_80M,4,5,ambiref,ambiref_4_ops_165,80000000
dose1p82_view,chck_80M,False,,Entity,2717,,-6.443456590175629,dose1p82_view_chck_80M,4,5,ambiref,ambiref_4_ops_207,80000000
dose1p82_view,chck_80M,False,,Entity,2760,,-12.837440093047917,dose1p82_view_chck_80M,4,5,ambiref,ambiref_4_ops_239,80000000
dose1p82_view,chck_80M,True,,Entity,2827,,6.997660875320435,dose1p82_view_chck_80M,4,5,ambiref,ambiref_4_ops_284,80000000
dose1p82_view,chck_80M,False,,Entity,3050,,-34.59017948061228,dose1p82_view_chck_80M,5,5,ambiref,ambiref_5_ops_8,80000000
dose1p82_view,chck_80M,False,,Entity,3101,,-19.624822828918695,dose1p82_view_chck_80M,5,5,ambiref,ambiref_5_ops_43,80000000
dose1p82_view,chck_80M,False,,Entity,3143,,-10.115773677825928,dose1p82_view_chck_80M,5,5,ambiref,ambiref_5_ops_69,80000000
dose1p82_view,chck_80M,True,,Entity,3178,,0.507373034954071,dose1p82_view_chck_80M,5,5,ambiref,ambiref_5_ops_97,80000000
dose1p82_view,chck_80M,True,,Entity,3180,,8.919648054987192,dose1p82_view_chck_80M,5,5,ambiref,ambiref_5_ops_99,80000000
dose1p82_view,chck_80M,True,,Entity,132,,11.412811145186424,dose1p82_view_chck_80M,0,5,move_contents,move_contents_0_ops_114,80000000
dose1p82_view,chck_80M,True,,Entity,265,,4.536224124021828,dose1p82_view_chck_80M,0,5,move_contents,move_contents_0_ops_236,80000000
dose1p82_view,chck_80M,False,,Entity,389,,-1.2644180292263627,dose1p82_view_chck_80M,0,5,move_contents,move_contents_0_ops_346,80000000
dose1p82_view,chck_80M,True,,Entity,539,,6.307936788536608,dose1p82_view_chck_80M,0,5,move_contents,move_contents_0_ops_468,80000000
dose1p82_view,chck_80M,True,,Entity,593,,9.432978023774922,dose1p82_view_chck_80M,0,5,move_contents,move_contents_0_ops_504,80000000
dose1p82_view,chck_80M,False,,Entity,815,,-7.437539237551391,dose1p82_view_chck_80M,1,5,move_contents,move_contents_1_ops_161,80000000
dose1p82_view,chck_80M,False,,Entity,860,,-7.059143036603928,dose1p82_view_chck_80M,1,5,move_contents,move_contents_1_ops_194,80000000
dose1p82_view,chck_80M,False,,Entity,930,,-12.720921276137233,dose1p82_view_chck_80M,1,5,move_contents,move_contents_1_ops_243,80000000
dose1p82_view,chck_80M,False,,Entity,958,,-1.8086216449737549,dose1p82_view_chck_80M,1,5,move_contents,move_contents_1_ops_265,80000000
dose1p82_view,chck_80M,False,,Entity,1004,,-6.928210513200611,dose1p82_view_chck_80M,1,5,move_contents,move_contents_1_ops_293,80000000
dose1p82_view,chck_80M,True,,Entity,1278,,9.526332802139223,dose1p82_view_chck_80M,2,5,move_contents,move_contents_2_ops_46,80000000
dose1p82_view,chck_80M,False,,Entity,1280,,-0.9784024059772491,dose1p82_view_chck_80M,2,5,move_contents,move_contents_2_ops_48,80000000
dose1p82_view,chck_80M,True,,Entity,1359,,2.702159337233752,dose1p82_view_chck_80M,2,5,move_contents,move_contents_2_ops_103,80000000
dose1p82_view,chck_80M,True,,Entity,1447,,3.046893924474716,dose1p82_view_chck_80M,2,5,move_contents,move_contents_2_ops_160,80000000
dose1p82_view,chck_80M,False,,Entity,1516,,-2.03148153424263,dose1p82_view_chck_80M,2,5,move_contents,move_contents_2_ops_210,80000000
dose1p82_view,chck_80M,False,,Entity,1828,,-9.6295344713144,dose1p82_view_chck_80M,3,5,move_contents,move_contents_3_ops_8,80000000
dose1p82_view,chck_80M,False,,Entity,1838,,-17.6740291621536,dose1p82_view_chck_80M,3,5,move_contents,move_contents_3_ops_15,80000000
dose1p82_view,chck_80M,True,,Entity,1967,,0.28930097073316574,dose1p82_view_chck_80M,3,5,move_contents,move_contents_3_ops_96,80000000
dose1p82_view,chck_80M,False,,Entity,2193,,-2.3596117198467255,dose1p82_view_chck_80M,3,5,move_contents,move_contents_3_ops_247,80000000
dose1p82_view,chck_80M,False,,Entity,2345,,-7.484979536850005,dose1p82_view_chck_80M,3,5,move_contents,move_contents_3_ops_351,80000000
dose1p82_view,chck_80M,True,,Entity,2644,,2.597460702061653,dose1p82_view_chck_80M,4,5,move_contents,move_contents_4_ops_143,80000000
dose1p82_view,chck_80M,True,,Entity,2707,,0.5457131434231997,dose1p82_view_chck_80M,4,5,move_contents,move_contents_4_ops_187,80000000
dose1p82_view,chck_80M,False,,Entity,2737,,-7.059400998055935,dose1p82_view_chck_80M,4,5,move_contents,move_contents_4_ops_204,80000000
dose1p82_view,chck_80M,True,,Entity,2801,,7.78734922921285,dose1p82_view_chck_80M,4,5,move_contents,move_contents_4_ops_249,80000000
dose1p82_view,chck_80M,False,,Entity,2860,,-0.991402380168438,dose1p82_view_chck_80M,4,5,move_contents,move_contents_4_ops_289,80000000
dose1p82_view,chck_80M,True,,Entity,2990,,7.158261939883232,dose1p82_view_chck_80M,5,5,move_contents,move_contents_5_ops_28,80000000
dose1p82_view,chck_80M,True,,Entity,2997,,12.117670826613903,dose1p82_view_chck_80M,5,5,move_contents,move_contents_5_ops_33,80000000
dose1p82_view,chck_80M,False,,Entity,3046,,-5.96024186629802,dose1p82_view_chck_80M,5,5,move_contents,move_contents_5_ops_71,80000000
dose1p82_view,chck_80M,False,,Entity,3055,,-1.8712920062243938,dose1p82_view_chck_80M,5,5,move_contents,move_contents_5_ops_77,80000000
dose1p82_view,chck_80M,False,,Entity,3099,,-2.8471089508384466,dose1p82_view_chck_80M,5,5,move_contents,move_contents_5_ops_108,80000000
dose1p82_view,chck_80M,False,,Entity,232,,-0.49593857675790787,dose1p82_view_chck_80M,0,5,regular,regular_0_ops_213,80000000
dose1p82_view,chck_80M,False,,Entity,291,,-9.748602183070034,dose1p82_view_chck_80M,0,5,regular,regular_0_ops_263,80000000
dose1p82_view,chck_80M,True,,Entity,350,,1.7521112225949764,dose1p82_view_chck_80M,0,5,regular,regular_0_ops_314,80000000
dose1p82_view,chck_80M,False,,Entity,363,,-11.047449993900955,dose1p82_view_chck_80M,0,5,regular,regular_0_ops_325,80000000
dose1p82_view,chck_80M,False,,Entity,418,,-5.059689521789551,dose1p82_view_chck_80M,0,5,regular,regular_0_ops_373,80000000
dose1p82_view,chck_80M,False,,Entity,696,,-12.650646954774857,dose1p82_view_chck_80M,1,5,regular,regular_1_ops_70,80000000
dose1p82_view,chck_80M,True,,Entity,712,,3.886958811432123,dose1p82_view_chck_80M,1,5,regular,regular_1_ops_81,80000000
dose1p82_view,chck_80M,False,,Entity,1053,,-4.241168856620789,dose1p82_view_chck_80M,1,5,regular,regular_1_ops_306,80000000
dose1p82_view,chck_80M,False,,Entity,1060,,-7.120624393224716,dose1p82_view_chck_80M,1,5,regular,regular_1_ops_311,80000000
dose1p82_view,chck_80M,False,,Entity,1177,,-23.2190973283723,dose1p82_view_chck_80M,1,5,regular,regular_1_ops_385,80000000
dose1p82_view,chck_80M,False,,Entity,1282,,-18.189018949866295,dose1p82_view_chck_80M,2,5,regular,regular_2_ops_58,80000000
dose1p82_view,chck_80M,False,,Entity,1344,,-6.5578223168849945,dose1p82_view_chck_80M,2,5,regular,regular_2_ops_97,80000000
dose1p82_view,chck_80M,False,,Entity,1394,,-11.464276641607285,dose1p82_view_chck_80M,2,5,regular,regular_2_ops_132,80000000
dose1p82_view,chck_80M,False,,Entity,1721,,-12.108131736516953,dose1p82_view_chck_80M,2,5,regular,regular_2_ops_344,80000000
dose1p82_view,chck_80M,False,,Entity,1725,,-4.193181956186891,dose1p82_view_chck_80M,2,5,regular,regular_2_ops_348,80000000
dose1p82_view,chck_80M,False,,Entity,1928,,-18.75389449391514,dose1p82_view_chck_80M,3,5,regular,regular_3_ops_78,80000000
dose1p82_view,chck_80M,True,,Entity,1936,,5.770034339278936,dose1p82_view_chck_80M,3,5,regular,regular_3_ops_85,80000000
dose1p82_view,chck_80M,False,,Entity,2091,,-13.563341161236167,dose1p82_view_chck_80M,3,5,regular,regular_3_ops_197,80000000
dose1p82_view,chck_80M,True,,Entity,2133,,2.4082689061760902,dose1p82_view_chck_80M,3,5,regular,regular_3_ops_226,80000000
dose1p82_view,chck_80M,True,,Entity,2356,,7.538606189191341,dose1p82_view_chck_80M,3,5,regular,regular_3_ops_372,80000000
dose1p82_view,chck_80M,True,,Entity,2455,,13.152618153952062,dose1p82_view_chck_80M,4,5,regular,regular_4_ops_16,80000000
dose1p82_view,chck_80M,False,,Entity,2615,,-6.73853000998497,dose1p82_view_chck_80M,4,5,regular,regular_4_ops_121,80000000
dose1p82_view,chck_80M,False,,Entity,2631,,-1.160419300198555,dose1p82_view_chck_80M,4,5,regular,regular_4_ops_131,80000000
dose1p82_view,chck_80M,True,,Entity,2646,,5.206097424030304,dose1p82_view_chck_80M,4,5,regular,regular_4_ops_143,80000000
dose1p82_view,chck_80M,True,,Entity,2879,,5.964198024012148,dose1p82_view_chck_80M,4,5,regular,regular_4_ops_300,80000000
dose1p82_view,chck_80M,True,,Entity,3027,,3.188398629426956,dose1p82_view_chck_80M,5,5,regular,regular_5_ops_18,80000000
dose1p82_view,chck_80M,False,,Entity,3116,,-5.081018537282944,dose1p82_view_chck_80M,5,5,regular,regular_5_ops_75,80000000
dose1p82_view,chck_80M,True,,Entity,3126,,5.300316040404141,dose1p82_view_chck_80M,5,5,regular,regular_5_ops_82,80000000
dose1p82_view,chck_80M,False,,Entity,3132,,-5.357764005661011,dose1p82_view_chck_80M,5,5,regular,regular_5_ops_86,80000000
dose1p82_view,chck_80M,False,,Entity,3149,,-3.3900251388549805,dose1p82_view_chck_80M,5,5,regular,regular_5_ops_93,80000000
dose1p82_repeat,chck_80M,True,agent-properties,EWoK,89,-0.09579404164105654,0.524071779102087,dose1p82_repeat_chck_80M,,,,agent-properties_89,80000000
dose1p82_repeat,chck_80M,True,agent-properties,EWoK,421,14.980689959600568,3.729440400376916,dose1p82_repeat_chck_80M,,,,agent-properties_421,80000000
dose1p82_repeat,chck_80M,False,agent-properties,EWoK,809,-0.6541534569114447,-2.561032960191369,dose1p82_repeat_chck_80M,,,,agent-properties_809,80000000
dose1p82_repeat,chck_80M,True,agent-properties,EWoK,1406,20.144229855388403,11.681391021236777,dose1p82_repeat_chck_80M,,,,agent-properties_1406,80000000
dose1p82_repeat,chck_80M,False,agent-properties,EWoK,1821,-44.11112956190482,-22.67360179661773,dose1p82_repeat_chck_80M,,,,agent-properties_1821,80000000
dose1p82_repeat,chck_80M,False,material-dynamics,EWoK,10,0.3144875764846802,-1.4483407735824585,dose1p82_repeat_chck_80M,,,,material-dynamics_10,80000000
dose1p82_repeat,chck_80M,True,material-dynamics,EWoK,37,-0.35525619983673096,1.0792484283447266,dose1p82_repeat_chck_80M,,,,material-dynamics_37,80000000
dose1p82_repeat,chck_80M,False,material-dynamics,EWoK,480,-2.05118191242218,-1.9165695905685425,dose1p82_repeat_chck_80M,,,,material-dynamics_480,80000000
dose1p82_repeat,chck_80M,True,material-dynamics,EWoK,567,-0.5361984372138977,1.6887110471725464,dose1p82_repeat_chck_80M,,,,material-dynamics_567,80000000
dose1p82_repeat,chck_80M,True,material-dynamics,EWoK,643,0.7909699538722634,2.8279399713501334,dose1p82_repeat_chck_80M,,,,material-dynamics_643,80000000
dose1p82_repeat,chck_80M,False,material-properties,EWoK,0,-0.18655962496995926,-0.2149261236190796,dose1p82_repeat_chck_80M,,,,material-properties_0,80000000
dose1p82_repeat,chck_80M,False,material-properties,EWoK,59,-0.6661365870386362,-1.1136794574558735,dose1p82_repeat_chck_80M,,,,material-properties_59,80000000
dose1p82_repeat,chck_80M,True,material-properties,EWoK,145,2.3401390332728624,2.7459450773894787,dose1p82_repeat_chck_80M,,,,material-properties_145,80000000
dose1p82_repeat,chck_80M,True,material-properties,EWoK,149,0.831980761140585,1.3685560673475266,dose1p82_repeat_chck_80M,,,,material-properties_149,80000000
dose1p82_repeat,chck_80M,True,material-properties,EWoK,156,1.3775512613356113,0.5058911554515362,dose1p82_repeat_chck_80M,,,,material-properties_156,80000000
dose1p82_repeat,chck_80M,True,physical-dynamics,EWoK,4,1.399888884741813,4.810994751751423,dose1p82_repeat_chck_80M,,,,physical-dynamics_4,80000000
dose1p82_repeat,chck_80M,False,physical-dynamics,EWoK,16,-0.8545633014291525,-1.0001230333000422,dose1p82_repeat_chck_80M,,,,physical-dynamics_16,80000000
dose1p82_repeat,chck_80M,True,physical-dynamics,EWoK,66,1.9303358644247055,2.317729279398918,dose1p82_repeat_chck_80M,,,,physical-dynamics_66,80000000
dose1p82_repeat,chck_80M,False,physical-dynamics,EWoK,88,-7.300759601406753,-9.637385594658554,dose1p82_repeat_chck_80M,,,,physical-dynamics_88,80000000
dose1p82_repeat,chck_80M,True,physical-dynamics,EWoK,103,3.7290383353829384,4.581300400197506,dose1p82_repeat_chck_80M,,,,physical-dynamics_103,80000000
dose1p82_repeat,chck_80M,False,physical-interactions,EWoK,25,1.925803597085178,-0.6616304470226169,dose1p82_repeat_chck_80M,,,,physical-interactions_25,80000000
dose1p82_repeat,chck_80M,True,physical-interactions,EWoK,330,0.19632387161254883,0.07940101623535156,dose1p82_repeat_chck_80M,,,,physical-interactions_330,80000000
dose1p82_repeat,chck_80M,True,physical-interactions,EWoK,345,2.285364091396332,2.6340046785771847,dose1p82_repeat_chck_80M,,,,physical-interactions_345,80000000
dose1p82_repeat,chck_80M,True,physical-interactions,EWoK,414,0.5075337458401918,1.3759252838790417,dose1p82_repeat_chck_80M,,,,physical-interactions_414,80000000
dose1p82_repeat,chck_80M,True,physical-interactions,EWoK,479,4.88743387395516,4.422902547288686,dose1p82_repeat_chck_80M,,,,physical-interactions_479,80000000
dose1p82_repeat,chck_80M,True,physical-relations,EWoK,64,0.028213100042194128,22.11701499368064,dose1p82_repeat_chck_80M,,,,physical-relations_64,80000000
dose1p82_repeat,chck_80M,False,physical-relations,EWoK,558,0.5885118776932359,-4.90469279140234,dose1p82_repeat_chck_80M,,,,physical-relations_558,80000000
dose1p82_repeat,chck_80M,True,physical-relations,EWoK,644,1.0935542043298483,0.12528840731829405,dose1p82_repeat_chck_80M,,,,physical-relations_644,80000000
dose1p82_repeat,chck_80M,True,physical-relations,EWoK,675,-0.704771064221859,1.1737442901358008,dose1p82_repeat_chck_80M,,,,physical-relations_675,80000000
dose1p82_repeat,chck_80M,False,physical-relations,EWoK,799,-27.913422176614404,-13.43304968252778,dose1p82_repeat_chck_80M,,,,physical-relations_799,80000000
dose1p82_repeat,chck_80M,False,quantitative-properties,EWoK,57,-0.5386863350868225,-1.2967283725738525,dose1p82_repeat_chck_80M,,,,quantitative-properties_57,80000000
dose1p82_repeat,chck_80M,True,quantitative-properties,EWoK,173,0.8849278278648853,2.5461415611207485,dose1p82_repeat_chck_80M,,,,quantitative-properties_173,80000000
dose1p82_repeat,chck_80M,False,quantitative-properties,EWoK,234,0.18373729288578033,-0.8516439348459244,dose1p82_repeat_chck_80M,,,,quantitative-properties_234,80000000
dose1p82_repeat,chck_80M,False,quantitative-properties,EWoK,252,3.5612963624298573,-0.4693861398845911,dose1p82_repeat_chck_80M,,,,quantitative-properties_252,80000000
dose1p82_repeat,chck_80M,True,quantitative-properties,EWoK,311,0.3452613386325538,0.12059005768969655,dose1p82_repeat_chck_80M,,,,quantitative-properties_311,80000000
dose1p82_repeat,chck_80M,False,social-interactions,EWoK,118,-1.8941876254975796,-2.309179361909628,dose1p82_repeat_chck_80M,,,,social-interactions_118,80000000
dose1p82_repeat,chck_80M,True,social-interactions,EWoK,161,3.003544667735696,1.1280019227415323,dose1p82_repeat_chck_80M,,,,social-interactions_161,80000000
dose1p82_repeat,chck_80M,False,social-interactions,EWoK,243,0.14398850873112679,-0.598604716360569,dose1p82_repeat_chck_80M,,,,social-interactions_243,80000000
dose1p82_repeat,chck_80M,True,social-interactions,EWoK,265,0.5461945775896311,0.9940802194178104,dose1p82_repeat_chck_80M,,,,social-interactions_265,80000000
dose1p82_repeat,chck_80M,False,social-interactions,EWoK,293,-8.411712773609906,-4.331662691663951,dose1p82_repeat_chck_80M,,,,social-interactions_293,80000000
dose1p82_repeat,chck_80M,True,social-properties,EWoK,46,0.396251916885376,0.08354353904724121,dose1p82_repeat_chck_80M,,,,social-properties_46,80000000
dose1p82_repeat,chck_80M,False,social-properties,EWoK,48,1.5478334426879883,-2.2108817100524902,dose1p82_repeat_chck_80M,,,,social-properties_48,80000000
dose1p82_repeat,chck_80M,False,social-properties,EWoK,103,-5.089646535459906,-1.755038875155151,dose1p82_repeat_chck_80M,,,,social-properties_103,80000000
dose1p82_repeat,chck_80M,False,social-properties,EWoK,194,-2.3395971711724997,-1.7418333292007446,dose1p82_repeat_chck_80M,,,,social-properties_194,80000000
dose1p82_repeat,chck_80M,True,social-properties,EWoK,210,2.0472434163093567,0.308854341506958,dose1p82_repeat_chck_80M,,,,social-properties_210,80000000
dose1p82_repeat,chck_80M,True,social-relations,EWoK,34,0.24111704714596272,0.7530343607068062,dose1p82_repeat_chck_80M,,,,social-relations_34,80000000
dose1p82_repeat,chck_80M,False,social-relations,EWoK,62,2.4035655395127833,-19.188717621844262,dose1p82_repeat_chck_80M,,,,social-relations_62,80000000
dose1p82_repeat,chck_80M,True,social-relations,EWoK,386,0.1970961270853877,0.1656370898708701,dose1p82_repeat_chck_80M,,,,social-relations_386,80000000
dose1p82_repeat,chck_80M,False,social-relations,EWoK,640,0.9387338161468506,-1.069918155670166,dose1p82_repeat_chck_80M,,,,social-relations_640,80000000
dose1p82_repeat,chck_80M,True,social-relations,EWoK,1407,10.642417877912521,6.691985309123993,dose1p82_repeat_chck_80M,,,,social-relations_1407,80000000
dose1p82_repeat,chck_80M,False,spatial-relations,EWoK,143,-11.976130039431155,-10.013777603395283,dose1p82_repeat_chck_80M,,,,spatial-relations_143,80000000
dose1p82_repeat,chck_80M,True,spatial-relations,EWoK,187,7.299435853026807,7.327271645888686,dose1p82_repeat_chck_80M,,,,spatial-relations_187,80000000
dose1p82_repeat,chck_80M,False,spatial-relations,EWoK,247,-5.813156974618323,-3.151806753478013,dose1p82_repeat_chck_80M,,,,spatial-relations_247,80000000
dose1p82_repeat,chck_80M,False,spatial-relations,EWoK,289,-6.930237422697246,-3.3753221756778657,dose1p82_repeat_chck_80M,,,,spatial-relations_289,80000000
dose1p82_repeat,chck_80M,True,spatial-relations,EWoK,425,-0.6603215597569942,1.5770311821252108,dose1p82_repeat_chck_80M,,,,spatial-relations_425,80000000
dose1p82_repeat,chck_80M,False,,Entity,14,,-18.99983281409368,dose1p82_repeat_chck_80M,0,5,ambiref,ambiref_0_ops_11,80000000
dose1p82_repeat,chck_80M,False,,Entity,125,,-3.317713907454163,dose1p82_repeat_chck_80M,0,5,ambiref,ambiref_0_ops_101,80000000
dose1p82_repeat,chck_80M,False,,Entity,212,,-11.649428731761873,dose1p82_repeat_chck_80M,0,5,ambiref,ambiref_0_ops_175,80000000
dose1p82_repeat,chck_80M,True,,Entity,270,,0.39162193424999714,dose1p82_repeat_chck_80M,0,5,ambiref,ambiref_0_ops_227,80000000
dose1p82_repeat,chck_80M,False,,Entity,587,,-2.3110344214364886,dose1p82_repeat_chck_80M,0,5,ambiref,ambiref_0_ops_491,80000000
dose1p82_repeat,chck_80M,True,,Entity,615,,8.491255291970447,dose1p82_repeat_chck_80M,1,5,ambiref,ambiref_1_ops_5,80000000
dose1p82_repeat,chck_80M,False,,Entity,632,,-30.191834931261837,dose1p82_repeat_chck_80M,1,5,ambiref,ambiref_1_ops_18,80000000
dose1p82_repeat,chck_80M,False,,Entity,682,,-14.413148664985783,dose1p82_repeat_chck_80M,1,5,ambiref,ambiref_1_ops_52,80000000
dose1p82_repeat,chck_80M,False,,Entity,954,,-20.988824451807886,dose1p82_repeat_chck_80M,1,5,ambiref,ambiref_1_ops_240,80000000
dose1p82_repeat,chck_80M,True,,Entity,1014,,0.9380229972302914,dose1p82_repeat_chck_80M,1,5,ambiref,ambiref_1_ops_283,80000000
dose1p82_repeat,chck_80M,False,,Entity,1214,,-5.950403603725135,dose1p82_repeat_chck_80M,2,5,ambiref,ambiref_2_ops_0,80000000
dose1p82_repeat,chck_80M,False,,Entity,1395,,-8.610541698522866,dose1p82_repeat_chck_80M,2,5,ambiref,ambiref_2_ops_118,80000000
dose1p82_repeat,chck_80M,False,,Entity,1654,,-3.728043721988797,dose1p82_repeat_chck_80M,2,5,ambiref,ambiref_2_ops_298,80000000
dose1p82_repeat,chck_80M,False,,Entity,1670,,-6.195545883849263,dose1p82_repeat_chck_80M,2,5,ambiref,ambiref_2_ops_312,80000000
dose1p82_repeat,chck_80M,False,,Entity,1681,,-27.979804618284106,dose1p82_repeat_chck_80M,2,5,ambiref,ambiref_2_ops_321,80000000
dose1p82_repeat,chck_80M,False,,Entity,1853,,-4.252263831440359,dose1p82_repeat_chck_80M,3,5,ambiref,ambiref_3_ops_19,80000000
dose1p82_repeat,chck_80M,True,,Entity,1926,,3.636739685200155,dose1p82_repeat_chck_80M,3,5,ambiref,ambiref_3_ops_67,80000000
dose1p82_repeat,chck_80M,True,,Entity,2222,,6.605912184342742,dose1p82_repeat_chck_80M,3,5,ambiref,ambiref_3_ops_266,80000000
dose1p82_repeat,chck_80M,False,,Entity,2256,,-0.4109686650335789,dose1p82_repeat_chck_80M,3,5,ambiref,ambiref_3_ops_290,80000000
dose1p82_repeat,chck_80M,False,,Entity,2346,,-0.6425348483026028,dose1p82_repeat_chck_80M,3,5,ambiref,ambiref_3_ops_353,80000000
dose1p82_repeat,chck_80M,False,,Entity,2441,,-2.2076887246221304,dose1p82_repeat_chck_80M,4,5,ambiref,ambiref_4_ops_12,80000000
dose1p82_repeat,chck_80M,True,,Entity,2657,,5.971862429287285,dose1p82_repeat_chck_80M,4,5,ambiref,ambiref_4_ops_165,80000000
dose1p82_repeat,chck_80M,False,,Entity,2717,,-6.155882723629475,dose1p82_repeat_chck_80M,4,5,ambiref,ambiref_4_ops_207,80000000
dose1p82_repeat,chck_80M,False,,Entity,2760,,-12.074257190804929,dose1p82_repeat_chck_80M,4,5,ambiref,ambiref_4_ops_239,80000000
dose1p82_repeat,chck_80M,True,,Entity,2827,,8.090037550777197,dose1p82_repeat_chck_80M,4,5,ambiref,ambiref_4_ops_284,80000000
dose1p82_repeat,chck_80M,False,,Entity,3050,,-24.3077290202491,dose1p82_repeat_chck_80M,5,5,ambiref,ambiref_5_ops_8,80000000
dose1p82_repeat,chck_80M,False,,Entity,3101,,-17.303282651584595,dose1p82_repeat_chck_80M,5,5,ambiref,ambiref_5_ops_43,80000000
dose1p82_repeat,chck_80M,False,,Entity,3143,,-8.21228608302772,dose1p82_repeat_chck_80M,5,5,ambiref,ambiref_5_ops_69,80000000
dose1p82_repeat,chck_80M,True,,Entity,3178,,4.485806133598089,dose1p82_repeat_chck_80M,5,5,ambiref,ambiref_5_ops_97,80000000
dose1p82_repeat,chck_80M,True,,Entity,3180,,9.735508967190981,dose1p82_repeat_chck_80M,5,5,ambiref,ambiref_5_ops_99,80000000
dose1p82_repeat,chck_80M,True,,Entity,132,,9.496434578672051,dose1p82_repeat_chck_80M,0,5,move_contents,move_contents_0_ops_114,80000000
dose1p82_repeat,chck_80M,True,,Entity,265,,3.2228016280569136,dose1p82_repeat_chck_80M,0,5,move_contents,move_contents_0_ops_236,80000000
dose1p82_repeat,chck_80M,False,,Entity,389,,-0.34448043815791607,dose1p82_repeat_chck_80M,0,5,move_contents,move_contents_0_ops_346,80000000
dose1p82_repeat,chck_80M,True,,Entity,539,,5.622217018157244,dose1p82_repeat_chck_80M,0,5,move_contents,move_contents_0_ops_468,80000000
dose1p82_repeat,chck_80M,True,,Entity,593,,2.967755088582635,dose1p82_repeat_chck_80M,0,5,move_contents,move_contents_0_ops_504,80000000
dose1p82_repeat,chck_80M,True,,Entity,815,,1.8253169357776642,dose1p82_repeat_chck_80M,1,5,move_contents,move_contents_1_ops_161,80000000
dose1p82_repeat,chck_80M,False,,Entity,860,,-5.356660306453705,dose1p82_repeat_chck_80M,1,5,move_contents,move_contents_1_ops_194,80000000
dose1p82_repeat,chck_80M,False,,Entity,930,,-6.87397918663919,dose1p82_repeat_chck_80M,1,5,move_contents,move_contents_1_ops_243,80000000
dose1p82_repeat,chck_80M,False,,Entity,958,,-2.8381304815411568,dose1p82_repeat_chck_80M,1,5,move_contents,move_contents_1_ops_265,80000000
dose1p82_repeat,chck_80M,False,,Entity,1004,,-8.767638566205278,dose1p82_repeat_chck_80M,1,5,move_contents,move_contents_1_ops_293,80000000
dose1p82_repeat,chck_80M,True,,Entity,1278,,6.367129608057439,dose1p82_repeat_chck_80M,2,5,move_contents,move_contents_2_ops_46,80000000
dose1p82_repeat,chck_80M,False,,Entity,1280,,-2.8457289338111877,dose1p82_repeat_chck_80M,2,5,move_contents,move_contents_2_ops_48,80000000
dose1p82_repeat,chck_80M,True,,Entity,1359,,11.53956180717796,dose1p82_repeat_chck_80M,2,5,move_contents,move_contents_2_ops_103,80000000
dose1p82_repeat,chck_80M,False,,Entity,1447,,-5.010152094066143,dose1p82_repeat_chck_80M,2,5,move_contents,move_contents_2_ops_160,80000000
dose1p82_repeat,chck_80M,False,,Entity,1516,,-5.655497893691063,dose1p82_repeat_chck_80M,2,5,move_contents,move_contents_2_ops_210,80000000
dose1p82_repeat,chck_80M,False,,Entity,1828,,-16.88143398007378,dose1p82_repeat_chck_80M,3,5,move_contents,move_contents_3_ops_8,80000000
dose1p82_repeat,chck_80M,False,,Entity,1838,,-9.604620544239879,dose1p82_repeat_chck_80M,3,5,move_contents,move_contents_3_ops_15,80000000
dose1p82_repeat,chck_80M,True,,Entity,1967,,1.368162076920271,dose1p82_repeat_chck_80M,3,5,move_contents,move_contents_3_ops_96,80000000
dose1p82_repeat,chck_80M,False,,Entity,2193,,-2.3873751759529114,dose1p82_repeat_chck_80M,3,5,move_contents,move_contents_3_ops_247,80000000
dose1p82_repeat,chck_80M,False,,Entity,2345,,-6.98547451198101,dose1p82_repeat_chck_80M,3,5,move_contents,move_contents_3_ops_351,80000000
dose1p82_repeat,chck_80M,True,,Entity,2644,,1.5401098430156708,dose1p82_repeat_chck_80M,4,5,move_contents,move_contents_4_ops_143,80000000
dose1p82_repeat,chck_80M,False,,Entity,2707,,-0.12769869901239872,dose1p82_repeat_chck_80M,4,5,move_contents,move_contents_4_ops_187,80000000
dose1p82_repeat,chck_80M,False,,Entity,2737,,-11.285059890709817,dose1p82_repeat_chck_80M,4,5,move_contents,move_contents_4_ops_204,80000000
dose1p82_repeat,chck_80M,True,,Entity,2801,,3.7863085763528943,dose1p82_repeat_chck_80M,4,5,move_contents,move_contents_4_ops_249,80000000
dose1p82_repeat,chck_80M,False,,Entity,2860,,-6.1690515000373125,dose1p82_repeat_chck_80M,4,5,move_contents,move_contents_4_ops_289,80000000
dose1p82_repeat,chck_80M,False,,Entity,2990,,-3.387974351644516,dose1p82_repeat_chck_80M,5,5,move_contents,move_contents_5_ops_28,80000000
dose1p82_repeat,chck_80M,True,,Entity,2997,,4.173271218314767,dose1p82_repeat_chck_80M,5,5,move_contents,move_contents_5_ops_33,80000000
dose1p82_repeat,chck_80M,False,,Entity,3046,,-23.1597811402753,dose1p82_repeat_chck_80M,5,5,move_contents,move_contents_5_ops_71,80000000
dose1p82_repeat,chck_80M,True,,Entity,3055,,5.74447927903384,dose1p82_repeat_chck_80M,5,5,move_contents,move_contents_5_ops_77,80000000
dose1p82_repeat,chck_80M,True,,Entity,3099,,0.07323534227907658,dose1p82_repeat_chck_80M,5,5,move_contents,move_contents_5_ops_108,80000000
dose1p82_repeat,chck_80M,True,,Entity,232,,7.093331750482321,dose1p82_repeat_chck_80M,0,5,regular,regular_0_ops_213,80000000
dose1p82_repeat,chck_80M,True,,Entity,291,,0.8021498252637684,dose1p82_repeat_chck_80M,0,5,regular,regular_0_ops_263,80000000
dose1p82_repeat,chck_80M,True,,Entity,350,,2.108595493482426,dose1p82_repeat_chck_80M,0,5,regular,regular_0_ops_314,80000000
dose1p82_repeat,chck_80M,False,,Entity,363,,-3.0264067063108087,dose1p82_repeat_chck_80M,0,5,regular,regular_0_ops_325,80000000
dose1p82_repeat,chck_80M,False,,Entity,418,,-1.350491188466549,dose1p82_repeat_chck_80M,0,5,regular,regular_0_ops_373,80000000
dose1p82_repeat,chck_80M,False,,Entity,696,,-11.451368562877178,dose1p82_repeat_chck_80M,1,5,regular,regular_1_ops_70,80000000
dose1p82_repeat,chck_80M,True,,Entity,712,,0.8055570656433702,dose1p82_repeat_chck_80M,1,5,regular,regular_1_ops_81,80000000
dose1p82_repeat,chck_80M,False,,Entity,1053,,-6.70131516456604,dose1p82_repeat_chck_80M,1,5,regular,regular_1_ops_306,80000000
dose1p82_repeat,chck_80M,False,,Entity,1060,,-3.193948343396187,dose1p82_repeat_chck_80M,1,5,regular,regular_1_ops_311,80000000
dose1p82_repeat,chck_80M,False,,Entity,1177,,-7.223019685596228,dose1p82_repeat_chck_80M,1,5,regular,regular_1_ops_385,80000000
dose1p82_repeat,chck_80M,False,,Entity,1282,,-18.65267042024061,dose1p82_repeat_chck_80M,2,5,regular,regular_2_ops_58,80000000
dose1p82_repeat,chck_80M,False,,Entity,1344,,-4.091183319687843,dose1p82_repeat_chck_80M,2,5,regular,regular_2_ops_97,80000000
dose1p82_repeat,chck_80M,False,,Entity,1394,,-8.16761396639049,dose1p82_repeat_chck_80M,2,5,regular,regular_2_ops_132,80000000
dose1p82_repeat,chck_80M,False,,Entity,1721,,-11.93313579633832,dose1p82_repeat_chck_80M,2,5,regular,regular_2_ops_344,80000000
dose1p82_repeat,chck_80M,False,,Entity,1725,,-4.387465909123421,dose1p82_repeat_chck_80M,2,5,regular,regular_2_ops_348,80000000
dose1p82_repeat,chck_80M,False,,Entity,1928,,-20.21599521767348,dose1p82_repeat_chck_80M,3,5,regular,regular_3_ops_78,80000000
dose1p82_repeat,chck_80M,False,,Entity,1936,,-1.5094224698841572,dose1p82_repeat_chck_80M,3,5,regular,regular_3_ops_85,80000000
dose1p82_repeat,chck_80M,False,,Entity,2091,,-4.946334608830512,dose1p82_repeat_chck_80M,3,5,regular,regular_3_ops_197,80000000
dose1p82_repeat,chck_80M,False,,Entity,2133,,-0.30172575963661075,dose1p82_repeat_chck_80M,3,5,regular,regular_3_ops_226,80000000
dose1p82_repeat,chck_80M,True,,Entity,2356,,0.7886971579864621,dose1p82_repeat_chck_80M,3,5,regular,regular_3_ops_372,80000000
dose1p82_repeat,chck_80M,True,,Entity,2455,,12.232486095279455,dose1p82_repeat_chck_80M,4,5,regular,regular_4_ops_16,80000000
dose1p82_repeat,chck_80M,False,,Entity,2615,,-6.984131298959255,dose1p82_repeat_chck_80M,4,5,regular,regular_4_ops_121,80000000
dose1p82_repeat,chck_80M,True,,Entity,2631,,1.9883888810873032,dose1p82_repeat_chck_80M,4,5,regular,regular_4_ops_131,80000000
dose1p82_repeat,chck_80M,True,,Entity,2646,,5.539320785552263,dose1p82_repeat_chck_80M,4,5,regular,regular_4_ops_143,80000000
dose1p82_repeat,chck_80M,True,,Entity,2879,,2.950238633900881,dose1p82_repeat_chck_80M,4,5,regular,regular_4_ops_300,80000000
dose1p82_repeat,chck_80M,False,,Entity,3027,,-2.0417864341288805,dose1p82_repeat_chck_80M,5,5,regular,regular_5_ops_18,80000000
dose1p82_repeat,chck_80M,False,,Entity,3116,,-12.39491280913353,dose1p82_repeat_chck_80M,5,5,regular,regular_5_ops_75,80000000
dose1p82_repeat,chck_80M,False,,Entity,3126,,-10.019472022540867,dose1p82_repeat_chck_80M,5,5,regular,regular_5_ops_82,80000000
dose1p82_repeat,chck_80M,False,,Entity,3132,,-5.986769538372755,dose1p82_repeat_chck_80M,5,5,regular,regular_5_ops_86,80000000
dose1p82_repeat,chck_80M,False,,Entity,3149,,-0.9720442593097687,dose1p82_repeat_chck_80M,5,5,regular,regular_5_ops_93,80000000
max_view,chck_80M,True,agent-properties,EWoK,89,0.07239640899933875,4.147047899663448,max_view_chck_80M,,,,agent-properties_89,80000000
max_view,chck_80M,True,agent-properties,EWoK,421,19.622552739456296,10.940231941640377,max_view_chck_80M,,,,agent-properties_421,80000000
max_view,chck_80M,True,agent-properties,EWoK,809,1.9858082877472043,0.23017912358045578,max_view_chck_80M,,,,agent-properties_809,80000000
max_view,chck_80M,True,agent-properties,EWoK,1406,7.679565990809351,4.306657209992409,max_view_chck_80M,,,,agent-properties_1406,80000000
max_view,chck_80M,False,agent-properties,EWoK,1821,-39.0118412876036,-20.832701109116897,max_view_chck_80M,,,,agent-properties_1821,80000000
max_view,chck_80M,False,material-dynamics,EWoK,10,-1.7537415027618408,-0.0821082592010498,max_view_chck_80M,,,,material-dynamics_10,80000000
max_view,chck_80M,True,material-dynamics,EWoK,37,1.6558318138122559,2.5722808837890625,max_view_chck_80M,,,,material-dynamics_37,80000000
max_view,chck_80M,False,material-dynamics,EWoK,480,0.1467275619506836,-1.4039303064346313,max_view_chck_80M,,,,material-dynamics_480,80000000
max_view,chck_80M,True,material-dynamics,EWoK,567,-1.0536763668060303,1.813852071762085,max_view_chck_80M,,,,material-dynamics_567,80000000
max_view,chck_80M,True,material-dynamics,EWoK,643,-0.17036195332184434,0.47849315777421,max_view_chck_80M,,,,material-dynamics_643,80000000
max_view,chck_80M,True,material-properties,EWoK,0,-0.15647314302623272,0.37392318435013294,max_view_chck_80M,,,,material-properties_0,80000000
max_view,chck_80M,False,material-properties,EWoK,59,-1.1472047232091427,-0.7584856376051903,max_view_chck_80M,,,,material-properties_59,80000000
max_view,chck_80M,True,material-properties,EWoK,145,-0.42679477855563164,2.880582269281149,max_view_chck_80M,,,,material-properties_145,80000000
max_view,chck_80M,False,material-properties,EWoK,149,0.42579546943306923,-2.124949127435684,max_view_chck_80M,,,,material-properties_149,80000000
max_view,chck_80M,True,material-properties,EWoK,156,-0.010929170995950699,0.04081733524799347,max_view_chck_80M,,,,material-properties_156,80000000
max_view,chck_80M,True,physical-dynamics,EWoK,4,3.6527367774397135,4.889250699430704,max_view_chck_80M,,,,physical-dynamics_4,80000000
max_view,chck_80M,False,physical-dynamics,EWoK,16,-0.7678991220891476,-1.1018792018294334,max_view_chck_80M,,,,physical-dynamics_16,80000000
max_view,chck_80M,True,physical-dynamics,EWoK,66,0.08527810126543045,3.6496408954262733,max_view_chck_80M,,,,physical-dynamics_66,80000000
max_view,chck_80M,False,physical-dynamics,EWoK,88,-7.440541330724955,-7.985122397542,max_view_chck_80M,,,,physical-dynamics_88,80000000
max_view,chck_80M,False,physical-dynamics,EWoK,103,-2.016446717083454,-4.67938331887126,max_view_chck_80M,,,,physical-dynamics_103,80000000
max_view,chck_80M,True,physical-interactions,EWoK,25,2.090599475428462,1.1579558663070202,max_view_chck_80M,,,,physical-interactions_25,80000000
max_view,chck_80M,True,physical-interactions,EWoK,330,0.8877162486314774,0.2455110028386116,max_view_chck_80M,,,,physical-interactions_330,80000000
max_view,chck_80M,False,physical-interactions,EWoK,345,-1.4892212823033333,-2.887766357511282,max_view_chck_80M,,,,physical-interactions_345,80000000
max_view,chck_80M,True,physical-interactions,EWoK,414,-2.5312146116048098,1.2974658496677876,max_view_chck_80M,,,,physical-interactions_414,80000000
max_view,chck_80M,True,physical-interactions,EWoK,479,5.867721118032932,4.58177317911759,max_view_chck_80M,,,,physical-interactions_479,80000000
max_view,chck_80M,True,physical-relations,EWoK,64,-1.6622473443858325,18.728605178184807,max_view_chck_80M,,,,physical-relations_64,80000000
max_view,chck_80M,False,physical-relations,EWoK,558,-0.20006299018859863,-1.746712177991867,max_view_chck_80M,,,,physical-relations_558,80000000
max_view,chck_80M,True,physical-relations,EWoK,644,0.2189168189652264,0.501754080876708,max_view_chck_80M,,,,physical-relations_644,80000000
max_view,chck_80M,True,physical-relations,EWoK,675,-0.6575964549556375,1.2584789926186204,max_view_chck_80M,,,,physical-relations_675,80000000
max_view,chck_80M,False,physical-relations,EWoK,799,-22.710492097772658,-12.945830471813679,max_view_chck_80M,,,,physical-relations_799,80000000
max_view,chck_80M,True,quantitative-properties,EWoK,57,2.046754330396652,0.5088925659656525,max_view_chck_80M,,,,quantitative-properties_57,80000000
max_view,chck_80M,False,quantitative-properties,EWoK,173,-2.7865676023066044,-5.262064319103956,max_view_chck_80M,,,,quantitative-properties_173,80000000
max_view,chck_80M,False,quantitative-properties,EWoK,234,0.10571631323546171,-0.023170502856373787,max_view_chck_80M,,,,quantitative-properties_234,80000000
max_view,chck_80M,True,quantitative-properties,EWoK,252,0.5510795190930367,0.5178203471004963,max_view_chck_80M,,,,quantitative-properties_252,80000000
max_view,chck_80M,False,quantitative-properties,EWoK,311,-0.46652746945619583,-0.26210885029286146,max_view_chck_80M,,,,quantitative-properties_311,80000000
max_view,chck_80M,False,social-interactions,EWoK,118,-0.7707104459404945,-2.772146701812744,max_view_chck_80M,,,,social-interactions_118,80000000
max_view,chck_80M,False,social-interactions,EWoK,161,-1.1970585733652115,-2.9640740528702736,max_view_chck_80M,,,,social-interactions_161,80000000
max_view,chck_80M,True,social-interactions,EWoK,243,3.2253269609063864,1.8103265892714262,max_view_chck_80M,,,,social-interactions_243,80000000
max_view,chck_80M,True,social-interactions,EWoK,265,1.4136874228715897,1.8226419612765312,max_view_chck_80M,,,,social-interactions_265,80000000
max_view,chck_80M,True,social-interactions,EWoK,293,-1.312636355869472,0.5044836923480034,max_view_chck_80M,,,,social-interactions_293,80000000
max_view,chck_80M,False,social-properties,EWoK,46,0.894031286239624,-1.121201753616333,max_view_chck_80M,,,,social-properties_46,80000000
max_view,chck_80M,True,social-properties,EWoK,48,1.0309975147247314,1.6753164529800415,max_view_chck_80M,,,,social-properties_48,80000000
max_view,chck_80M,True,social-properties,EWoK,103,3.662238273769617,5.505907531827688,max_view_chck_80M,,,,social-properties_103,80000000
max_view,chck_80M,False,social-properties,EWoK,194,-1.9505979176610708,-1.4284670166671276,max_view_chck_80M,,,,social-properties_194,80000000
max_view,chck_80M,False,social-properties,EWoK,210,-0.5924380421638489,-0.8045907318592072,max_view_chck_80M,,,,social-properties_210,80000000
max_view,chck_80M,False,social-relations,EWoK,34,0.03735603764653206,-2.459808425977826,max_view_chck_80M,,,,social-relations_34,80000000
max_view,chck_80M,False,social-relations,EWoK,62,0.16042249277234077,-11.502210727892816,max_view_chck_80M,,,,social-relations_62,80000000
max_view,chck_80M,False,social-relations,EWoK,386,-6.382331573404372,-0.8227245388552547,max_view_chck_80M,,,,social-relations_386,80000000
max_view,chck_80M,True,social-relations,EWoK,640,1.708799958229065,0.6805834770202637,max_view_chck_80M,,,,social-relations_640,80000000
max_view,chck_80M,True,social-relations,EWoK,1407,10.580743074417114,5.570847988128662,max_view_chck_80M,,,,social-relations_1407,80000000
max_view,chck_80M,False,spatial-relations,EWoK,143,-2.362303014844656,-1.804507076740265,max_view_chck_80M,,,,spatial-relations_143,80000000
max_view,chck_80M,True,spatial-relations,EWoK,187,3.634534851182252,4.7920797052793205,max_view_chck_80M,,,,spatial-relations_187,80000000
max_view,chck_80M,False,spatial-relations,EWoK,247,-6.490900456556119,-3.721192823839374,max_view_chck_80M,,,,spatial-relations_247,80000000
max_view,chck_80M,False,spatial-relations,EWoK,289,-8.001143277273513,-3.903333985246718,max_view_chck_80M,,,,spatial-relations_289,80000000
max_view,chck_80M,False,spatial-relations,EWoK,425,0.6241152938455343,-0.29005954321473837,max_view_chck_80M,,,,spatial-relations_425,80000000
max_view,chck_80M,False,,Entity,14,,-26.7079483224079,max_view_chck_80M,0,5,ambiref,ambiref_0_ops_11,80000000
max_view,chck_80M,False,,Entity,125,,-6.595623768866062,max_view_chck_80M,0,5,ambiref,ambiref_0_ops_101,80000000
max_view,chck_80M,False,,Entity,212,,-4.185976970940828,max_view_chck_80M,0,5,ambiref,ambiref_0_ops_175,80000000
max_view,chck_80M,False,,Entity,270,,-2.186222083866596,max_view_chck_80M,0,5,ambiref,ambiref_0_ops_227,80000000
max_view,chck_80M,False,,Entity,587,,-7.603339057415724,max_view_chck_80M,0,5,ambiref,ambiref_0_ops_491,80000000
max_view,chck_80M,True,,Entity,615,,12.644907271489501,max_view_chck_80M,1,5,ambiref,ambiref_1_ops_5,80000000
max_view,chck_80M,False,,Entity,632,,-18.89986257534474,max_view_chck_80M,1,5,ambiref,ambiref_1_ops_18,80000000
max_view,chck_80M,False,,Entity,682,,-16.094092836603522,max_view_chck_80M,1,5,ambiref,ambiref_1_ops_52,80000000
max_view,chck_80M,False,,Entity,954,,-28.992481807246804,max_view_chck_80M,1,5,ambiref,ambiref_1_ops_240,80000000
max_view,chck_80M,True,,Entity,1014,,5.986905664205551,max_view_chck_80M,1,5,ambiref,ambiref_1_ops_283,80000000
max_view,chck_80M,False,,Entity,1214,,-9.536462843418121,max_view_chck_80M,2,5,ambiref,ambiref_2_ops_0,80000000
max_view,chck_80M,False,,Entity,1395,,-13.131546944379807,max_view_chck_80M,2,5,ambiref,ambiref_2_ops_118,80000000
max_view,chck_80M,False,,Entity,1654,,-5.989351287484169,max_view_chck_80M,2,5,ambiref,ambiref_2_ops_298,80000000
max_view,chck_80M,True,,Entity,1670,,1.7216325215995312,max_view_chck_80M,2,5,ambiref,ambiref_2_ops_312,80000000
max_view,chck_80M,False,,Entity,1681,,-20.22419973090291,max_view_chck_80M,2,5,ambiref,ambiref_2_ops_321,80000000
max_view,chck_80M,False,,Entity,1853,,-4.07961511425674,max_view_chck_80M,3,5,ambiref,ambiref_3_ops_19,80000000
max_view,chck_80M,True,,Entity,1926,,1.560127779841423,max_view_chck_80M,3,5,ambiref,ambiref_3_ops_67,80000000
max_view,chck_80M,True,,Entity,2222,,11.672829568386078,max_view_chck_80M,3,5,ambiref,ambiref_3_ops_266,80000000
max_view,chck_80M,True,,Entity,2256,,0.19734080135822296,max_view_chck_80M,3,5,ambiref,ambiref_3_ops_290,80000000
max_view,chck_80M,True,,Entity,2346,,2.4100790321826935,max_view_chck_80M,3,5,ambiref,ambiref_3_ops_353,80000000
max_view,chck_80M,False,,Entity,2441,,-8.72338317334652,max_view_chck_80M,4,5,ambiref,ambiref_4_ops_12,80000000
max_view,chck_80M,True,,Entity,2657,,10.991977012250572,max_view_chck_80M,4,5,ambiref,ambiref_4_ops_165,80000000
max_view,chck_80M,False,,Entity,2717,,-4.882780060172081,max_view_chck_80M,4,5,ambiref,ambiref_4_ops_207,80000000
max_view,chck_80M,False,,Entity,2760,,-20.370527431368828,max_view_chck_80M,4,5,ambiref,ambiref_4_ops_239,80000000
max_view,chck_80M,True,,Entity,2827,,8.151730015873909,max_view_chck_80M,4,5,ambiref,ambiref_4_ops_284,80000000
max_view,chck_80M,False,,Entity,3050,,-24.206974210217595,max_view_chck_80M,5,5,ambiref,ambiref_5_ops_8,80000000
max_view,chck_80M,False,,Entity,3101,,-20.525684165768325,max_view_chck_80M,5,5,ambiref,ambiref_5_ops_43,80000000
max_view,chck_80M,False,,Entity,3143,,-7.138464890420437,max_view_chck_80M,5,5,ambiref,ambiref_5_ops_69,80000000
max_view,chck_80M,False,,Entity,3178,,-7.6999504417181015,max_view_chck_80M,5,5,ambiref,ambiref_5_ops_97,80000000
max_view,chck_80M,True,,Entity,3180,,9.311740439385176,max_view_chck_80M,5,5,ambiref,ambiref_5_ops_99,80000000
max_view,chck_80M,True,,Entity,132,,8.695674600079656,max_view_chck_80M,0,5,move_contents,move_contents_0_ops_114,80000000
max_view,chck_80M,True,,Entity,265,,5.582174870185554,max_view_chck_80M,0,5,move_contents,move_contents_0_ops_236,80000000
max_view,chck_80M,False,,Entity,389,,-2.495316471904516,max_view_chck_80M,0,5,move_contents,move_contents_0_ops_346,80000000
max_view,chck_80M,True,,Entity,539,,4.798183299601078,max_view_chck_80M,0,5,move_contents,move_contents_0_ops_468,80000000
max_view,chck_80M,True,,Entity,593,,1.6291057970374823,max_view_chck_80M,0,5,move_contents,move_contents_0_ops_504,80000000
max_view,chck_80M,False,,Entity,815,,-1.4009203873574734,max_view_chck_80M,1,5,move_contents,move_contents_1_ops_161,80000000
max_view,chck_80M,False,,Entity,860,,-4.408782094717026,max_view_chck_80M,1,5,move_contents,move_contents_1_ops_194,80000000
max_view,chck_80M,False,,Entity,930,,-8.324839872308075,max_view_chck_80M,1,5,move_contents,move_contents_1_ops_243,80000000
max_view,chck_80M,False,,Entity,958,,-3.201603949069977,max_view_chck_80M,1,5,move_contents,move_contents_1_ops_265,80000000
max_view,chck_80M,False,,Entity,1004,,-9.392819526605308,max_view_chck_80M,1,5,move_contents,move_contents_1_ops_293,80000000
max_view,chck_80M,True,,Entity,1278,,6.6478479616343975,max_view_chck_80M,2,5,move_contents,move_contents_2_ops_46,80000000
max_view,chck_80M,True,,Entity,1280,,1.7389736697077751,max_view_chck_80M,2,5,move_contents,move_contents_2_ops_48,80000000
max_view,chck_80M,True,,Entity,1359,,4.281078601256013,max_view_chck_80M,2,5,move_contents,move_contents_2_ops_103,80000000
max_view,chck_80M,False,,Entity,1447,,-0.6658458113670349,max_view_chck_80M,2,5,move_contents,move_contents_2_ops_160,80000000
max_view,chck_80M,False,,Entity,1516,,-3.6351455450057983,max_view_chck_80M,2,5,move_contents,move_contents_2_ops_210,80000000
max_view,chck_80M,False,,Entity,1828,,-18.54689670354128,max_view_chck_80M,3,5,move_contents,move_contents_3_ops_8,80000000
max_view,chck_80M,False,,Entity,1838,,-20.003878840245306,max_view_chck_80M,3,5,move_contents,move_contents_3_ops_15,80000000
max_view,chck_80M,False,,Entity,1967,,-0.09963108971714973,max_view_chck_80M,3,5,move_contents,move_contents_3_ops_96,80000000
max_view,chck_80M,False,,Entity,2193,,-1.9618078768253326,max_view_chck_80M,3,5,move_contents,move_contents_3_ops_247,80000000
max_view,chck_80M,False,,Entity,2345,,-17.83717256691307,max_view_chck_80M,3,5,move_contents,move_contents_3_ops_351,80000000
max_view,chck_80M,True,,Entity,2644,,4.657307032495737,max_view_chck_80M,4,5,move_contents,move_contents_4_ops_143,80000000
max_view,chck_80M,False,,Entity,2707,,-0.2195986732840538,max_view_chck_80M,4,5,move_contents,move_contents_4_ops_187,80000000
max_view,chck_80M,False,,Entity,2737,,-8.000478656962514,max_view_chck_80M,4,5,move_contents,move_contents_4_ops_204,80000000
max_view,chck_80M,True,,Entity,2801,,9.78570949845016,max_view_chck_80M,4,5,move_contents,move_contents_4_ops_249,80000000
max_view,chck_80M,False,,Entity,2860,,-5.933797176927328,max_view_chck_80M,4,5,move_contents,move_contents_4_ops_289,80000000
max_view,chck_80M,True,,Entity,2990,,6.266408525407314,max_view_chck_80M,5,5,move_contents,move_contents_5_ops_28,80000000
max_view,chck_80M,True,,Entity,2997,,4.5667791571468115,max_view_chck_80M,5,5,move_contents,move_contents_5_ops_33,80000000
max_view,chck_80M,False,,Entity,3046,,-13.772543543949723,max_view_chck_80M,5,5,move_contents,move_contents_5_ops_71,80000000
max_view,chck_80M,True,,Entity,3055,,11.621082164347172,max_view_chck_80M,5,5,move_contents,move_contents_5_ops_77,80000000
max_view,chck_80M,False,,Entity,3099,,-4.116730717010796,max_view_chck_80M,5,5,move_contents,move_contents_5_ops_108,80000000
max_view,chck_80M,True,,Entity,232,,0.37762944400310516,max_view_chck_80M,0,5,regular,regular_0_ops_213,80000000
max_view,chck_80M,False,,Entity,291,,-3.922662688419223,max_view_chck_80M,0,5,regular,regular_0_ops_263,80000000
max_view,chck_80M,True,,Entity,350,,0.48162300884723663,max_view_chck_80M,0,5,regular,regular_0_ops_314,80000000
max_view,chck_80M,False,,Entity,363,,-11.266916155815125,max_view_chck_80M,0,5,regular,regular_0_ops_325,80000000
max_view,chck_80M,False,,Entity,418,,-2.144096076488495,max_view_chck_80M,0,5,regular,regular_0_ops_373,80000000
max_view,chck_80M,False,,Entity,696,,-8.539528828114271,max_view_chck_80M,1,5,regular,regular_1_ops_70,80000000
max_view,chck_80M,True,,Entity,712,,2.434361968189478,max_view_chck_80M,1,5,regular,regular_1_ops_81,80000000
max_view,chck_80M,False,,Entity,1053,,-5.860522374510765,max_view_chck_80M,1,5,regular,regular_1_ops_306,80000000
max_view,chck_80M,False,,Entity,1060,,-3.1722888499498367,max_view_chck_80M,1,5,regular,regular_1_ops_311,80000000
max_view,chck_80M,False,,Entity,1177,,-9.949654720723629,max_view_chck_80M,1,5,regular,regular_1_ops_385,80000000
max_view,chck_80M,False,,Entity,1282,,-23.634785427711904,max_view_chck_80M,2,5,regular,regular_2_ops_58,80000000
max_view,chck_80M,False,,Entity,1344,,-4.259398356080055,max_view_chck_80M,2,5,regular,regular_2_ops_97,80000000
max_view,chck_80M,False,,Entity,1394,,-3.9324124325066805,max_view_chck_80M,2,5,regular,regular_2_ops_132,80000000
max_view,chck_80M,False,,Entity,1721,,-7.670256361365318,max_view_chck_80M,2,5,regular,regular_2_ops_344,80000000
max_view,chck_80M,False,,Entity,1725,,-13.121363822370768,max_view_chck_80M,2,5,regular,regular_2_ops_348,80000000
max_view,chck_80M,False,,Entity,1928,,-21.72911232872866,max_view_chck_80M,3,5,regular,regular_3_ops_78,80000000
max_view,chck_80M,False,,Entity,1936,,-6.48342215269804,max_view_chck_80M,3,5,regular,regular_3_ops_85,80000000
max_view,chck_80M,False,,Entity,2091,,-4.727431437000632,max_view_chck_80M,3,5,regular,regular_3_ops_197,80000000
max_view,chck_80M,True,,Entity,2133,,3.4931448604911566,max_view_chck_80M,3,5,regular,regular_3_ops_226,80000000
max_view,chck_80M,True,,Entity,2356,,8.200374868698418,max_view_chck_80M,3,5,regular,regular_3_ops_372,80000000
max_view,chck_80M,True,,Entity,2455,,9.908456491306424,max_view_chck_80M,4,5,regular,regular_4_ops_16,80000000
max_view,chck_80M,False,,Entity,2615,,-6.971181958913803,max_view_chck_80M,4,5,regular,regular_4_ops_121,80000000
max_view,chck_80M,False,,Entity,2631,,-3.1046185940504074,max_view_chck_80M,4,5,regular,regular_4_ops_131,80000000
max_view,chck_80M,True,,Entity,2646,,5.424196306616068,max_view_chck_80M,4,5,regular,regular_4_ops_143,80000000
max_view,chck_80M,True,,Entity,2879,,3.0561785101890564,max_view_chck_80M,4,5,regular,regular_4_ops_300,80000000
max_view,chck_80M,False,,Entity,3027,,-5.073654420673847,max_view_chck_80M,5,5,regular,regular_5_ops_18,80000000
max_view,chck_80M,False,,Entity,3116,,-5.460927963256836,max_view_chck_80M,5,5,regular,regular_5_ops_75,80000000
max_view,chck_80M,True,,Entity,3126,,3.890456703491509,max_view_chck_80M,5,5,regular,regular_5_ops_82,80000000
max_view,chck_80M,False,,Entity,3132,,-5.2586458921432495,max_view_chck_80M,5,5,regular,regular_5_ops_86,80000000
max_view,chck_80M,False,,Entity,3149,,-1.2954415082931519,max_view_chck_80M,5,5,regular,regular_5_ops_93,80000000
max_repeat,chck_80M,True,agent-properties,EWoK,89,0.23666758672334254,1.478794740512967,max_repeat_chck_80M,,,,agent-properties_89,80000000
max_repeat,chck_80M,True,agent-properties,EWoK,421,20.671048152726144,13.485810346901417,max_repeat_chck_80M,,,,agent-properties_421,80000000
max_repeat,chck_80M,True,agent-properties,EWoK,809,0.15131651051342487,0.6539220260456204,max_repeat_chck_80M,,,,agent-properties_809,80000000
max_repeat,chck_80M,True,agent-properties,EWoK,1406,18.255818956065923,11.446303808130324,max_repeat_chck_80M,,,,agent-properties_1406,80000000
max_repeat,chck_80M,False,agent-properties,EWoK,1821,-44.60936708771624,-23.235433185240254,max_repeat_chck_80M,,,,agent-properties_1821,80000000
max_repeat,chck_80M,False,material-dynamics,EWoK,10,0.5340368747711182,-0.4082152843475342,max_repeat_chck_80M,,,,material-dynamics_10,80000000
max_repeat,chck_80M,True,material-dynamics,EWoK,37,1.4045822620391846,2.253009796142578,max_repeat_chck_80M,,,,material-dynamics_37,80000000
max_repeat,chck_80M,False,material-dynamics,EWoK,480,1.167662501335144,-1.4754680395126343,max_repeat_chck_80M,,,,material-dynamics_480,80000000
max_repeat,chck_80M,True,material-dynamics,EWoK,567,-0.08081483840942383,0.014675617218017578,max_repeat_chck_80M,,,,material-dynamics_567,80000000
max_repeat,chck_80M,True,material-dynamics,EWoK,643,1.5477882828563452,0.9438545824959874,max_repeat_chck_80M,,,,material-dynamics_643,80000000
max_repeat,chck_80M,False,material-properties,EWoK,0,-0.3352297507226467,-0.3163170702755451,max_repeat_chck_80M,,,,material-properties_0,80000000
max_repeat,chck_80M,False,material-properties,EWoK,59,-0.4308692794293165,-1.1343201100826263,max_repeat_chck_80M,,,,material-properties_59,80000000
max_repeat,chck_80M,True,material-properties,EWoK,145,2.6291582230478525,3.143061187118292,max_repeat_chck_80M,,,,material-properties_145,80000000
max_repeat,chck_80M,True,material-properties,EWoK,149,0.4944609273225069,0.93986039981246,max_repeat_chck_80M,,,,material-properties_149,80000000
max_repeat,chck_80M,True,material-properties,EWoK,156,1.0533339381217957,0.45797792077064514,max_repeat_chck_80M,,,,material-properties_156,80000000
max_repeat,chck_80M,True,physical-dynamics,EWoK,4,3.0317731800023466,3.2371318305376917,max_repeat_chck_80M,,,,physical-dynamics_4,80000000
max_repeat,chck_80M,False,physical-dynamics,EWoK,16,-1.9157671052962542,-2.9819348314777017,max_repeat_chck_80M,,,,physical-dynamics_16,80000000
max_repeat,chck_80M,False,physical-dynamics,EWoK,66,1.8484830558300018,-0.7472887188196182,max_repeat_chck_80M,,,,physical-dynamics_66,80000000
max_repeat,chck_80M,False,physical-dynamics,EWoK,88,3.022629647050053,-2.87922136252746,max_repeat_chck_80M,,,,physical-dynamics_88,80000000
max_repeat,chck_80M,True,physical-dynamics,EWoK,103,1.4249038696289062,3.6210276782512665,max_repeat_chck_80M,,,,physical-dynamics_103,80000000
max_repeat,chck_80M,False,physical-interactions,EWoK,25,2.496228590607643,-0.45281122624874115,max_repeat_chck_80M,,,,physical-interactions_25,80000000
max_repeat,chck_80M,False,physical-interactions,EWoK,330,-0.5751541927456856,-1.0696589723229408,max_repeat_chck_80M,,,,physical-interactions_330,80000000
max_repeat,chck_80M,False,physical-interactions,EWoK,345,-0.36160806100815535,-3.0167263383045793,max_repeat_chck_80M,,,,physical-interactions_345,80000000
max_repeat,chck_80M,True,physical-interactions,EWoK,414,-0.5400706082582474,4.622647143900394,max_repeat_chck_80M,,,,physical-interactions_414,80000000
max_repeat,chck_80M,True,physical-interactions,EWoK,479,3.264706243760884,4.368683988694102,max_repeat_chck_80M,,,,physical-interactions_479,80000000
max_repeat,chck_80M,True,physical-relations,EWoK,64,0.8566975999856368,30.335304513922893,max_repeat_chck_80M,,,,physical-relations_64,80000000
max_repeat,chck_80M,False,physical-relations,EWoK,558,6.581562083680183,-2.728237668517977,max_repeat_chck_80M,,,,physical-relations_558,80000000
max_repeat,chck_80M,False,physical-relations,EWoK,644,-0.14552717423066497,-0.5576897147111595,max_repeat_chck_80M,,,,physical-relations_644,80000000
max_repeat,chck_80M,False,physical-relations,EWoK,675,0.13252213143277913,-0.07048309769015759,max_repeat_chck_80M,,,,physical-relations_675,80000000
max_repeat,chck_80M,False,physical-relations,EWoK,799,-27.994833611883223,-11.815238818526268,max_repeat_chck_80M,,,,physical-relations_799,80000000
max_repeat,chck_80M,False,quantitative-properties,EWoK,57,1.1845685988664627,-1.4255498200654984,max_repeat_chck_80M,,,,quantitative-properties_57,80000000
max_repeat,chck_80M,True,quantitative-properties,EWoK,173,3.255393922328949,1.208368331193924,max_repeat_chck_80M,,,,quantitative-properties_173,80000000
max_repeat,chck_80M,True,quantitative-properties,EWoK,234,0.791670523583889,0.33183322846889496,max_repeat_chck_80M,,,,quantitative-properties_234,80000000
max_repeat,chck_80M,False,quantitative-properties,EWoK,252,1.2468025144189596,-1.1540720257908106,max_repeat_chck_80M,,,,quantitative-properties_252,80000000
max_repeat,chck_80M,True,quantitative-properties,EWoK,311,0.45795225352048874,0.5829820390790701,max_repeat_chck_80M,,,,quantitative-properties_311,80000000
max_repeat,chck_80M,False,social-interactions,EWoK,118,1.6934436508454382,-0.5467467717826366,max_repeat_chck_80M,,,,social-interactions_118,80000000
max_repeat,chck_80M,False,social-interactions,EWoK,161,0.1376819796860218,-0.3624344188719988,max_repeat_chck_80M,,,,social-interactions_161,80000000
max_repeat,chck_80M,True,social-interactions,EWoK,243,-0.632677223533392,0.4714534040540457,max_repeat_chck_80M,,,,social-interactions_243,80000000
max_repeat,chck_80M,True,social-interactions,EWoK,265,1.0225127153098583,1.1365999095141888,max_repeat_chck_80M,,,,social-interactions_265,80000000
max_repeat,chck_80M,True,social-interactions,EWoK,293,-3.8935836404561996,0.13767759851180017,max_repeat_chck_80M,,,,social-interactions_293,80000000
max_repeat,chck_80M,False,social-properties,EWoK,46,-0.4248237609863281,-0.29811644554138184,max_repeat_chck_80M,,,,social-properties_46,80000000
max_repeat,chck_80M,True,social-properties,EWoK,48,-0.7404693365097046,2.667704164981842,max_repeat_chck_80M,,,,social-properties_48,80000000
max_repeat,chck_80M,True,social-properties,EWoK,103,8.728196494281292,9.68219001032412,max_repeat_chck_80M,,,,social-properties_103,80000000
max_repeat,chck_80M,False,social-properties,EWoK,194,-2.501497821882367,-5.005192780867219,max_repeat_chck_80M,,,,social-properties_194,80000000
max_repeat,chck_80M,False,social-properties,EWoK,210,0.0396452322602272,-0.041774995625019073,max_repeat_chck_80M,,,,social-properties_210,80000000
max_repeat,chck_80M,False,social-relations,EWoK,34,-2.0415638075210154,-1.89326923340559,max_repeat_chck_80M,,,,social-relations_34,80000000
max_repeat,chck_80M,False,social-relations,EWoK,62,2.325661335606128,-13.725518303923309,max_repeat_chck_80M,,,,social-relations_62,80000000
max_repeat,chck_80M,False,social-relations,EWoK,386,-3.408601104747504,-0.22735120309516788,max_repeat_chck_80M,,,,social-relations_386,80000000
max_repeat,chck_80M,False,social-relations,EWoK,640,0.834730863571167,-1.122835397720337,max_repeat_chck_80M,,,,social-relations_640,80000000
max_repeat,chck_80M,True,social-relations,EWoK,1407,5.591241896152496,5.081343173980713,max_repeat_chck_80M,,,,social-relations_1407,80000000
max_repeat,chck_80M,False,spatial-relations,EWoK,143,-9.87797286361456,-10.299465111922473,max_repeat_chck_80M,,,,spatial-relations_143,80000000
max_repeat,chck_80M,False,spatial-relations,EWoK,187,1.207620119675994,-1.0388507125899196,max_repeat_chck_80M,,,,spatial-relations_187,80000000
max_repeat,chck_80M,False,spatial-relations,EWoK,247,-6.679800458747195,-3.4944015182263684,max_repeat_chck_80M,,,,spatial-relations_247,80000000
max_repeat,chck_80M,False,spatial-relations,EWoK,289,-7.024580515339039,-2.6593583662761375,max_repeat_chck_80M,,,,spatial-relations_289,80000000
max_repeat,chck_80M,True,spatial-relations,EWoK,425,-1.137539668707177,1.9526257398538291,max_repeat_chck_80M,,,,spatial-relations_425,80000000
max_repeat,chck_80M,False,,Entity,14,,-10.815198358846828,max_repeat_chck_80M,0,5,ambiref,ambiref_0_ops_11,80000000
max_repeat,chck_80M,False,,Entity,125,,-0.3023945093154907,max_repeat_chck_80M,0,5,ambiref,ambiref_0_ops_101,80000000
max_repeat,chck_80M,False,,Entity,212,,-1.0282558649778366,max_repeat_chck_80M,0,5,ambiref,ambiref_0_ops_175,80000000
max_repeat,chck_80M,False,,Entity,270,,-4.887665085145272,max_repeat_chck_80M,0,5,ambiref,ambiref_0_ops_227,80000000
max_repeat,chck_80M,False,,Entity,587,,-2.531630632642191,max_repeat_chck_80M,0,5,ambiref,ambiref_0_ops_491,80000000
max_repeat,chck_80M,True,,Entity,615,,7.139286850113422,max_repeat_chck_80M,1,5,ambiref,ambiref_1_ops_5,80000000
max_repeat,chck_80M,False,,Entity,632,,-14.796924757771194,max_repeat_chck_80M,1,5,ambiref,ambiref_1_ops_18,80000000
max_repeat,chck_80M,False,,Entity,682,,-12.785548624699004,max_repeat_chck_80M,1,5,ambiref,ambiref_1_ops_52,80000000
max_repeat,chck_80M,False,,Entity,954,,-28.546158387849573,max_repeat_chck_80M,1,5,ambiref,ambiref_1_ops_240,80000000
max_repeat,chck_80M,True,,Entity,1014,,2.404739805031568,max_repeat_chck_80M,1,5,ambiref,ambiref_1_ops_283,80000000
max_repeat,chck_80M,False,,Entity,1214,,-7.977444535586983,max_repeat_chck_80M,2,5,ambiref,ambiref_2_ops_0,80000000
max_repeat,chck_80M,False,,Entity,1395,,-11.284068156499416,max_repeat_chck_80M,2,5,ambiref,ambiref_2_ops_118,80000000
max_repeat,chck_80M,False,,Entity,1654,,-3.170989040285349,max_repeat_chck_80M,2,5,ambiref,ambiref_2_ops_298,80000000
max_repeat,chck_80M,False,,Entity,1670,,-8.501974451355636,max_repeat_chck_80M,2,5,ambiref,ambiref_2_ops_312,80000000
max_repeat,chck_80M,False,,Entity,1681,,-9.371852942742407,max_repeat_chck_80M,2,5,ambiref,ambiref_2_ops_321,80000000
max_repeat,chck_80M,False,,Entity,1853,,-4.488675009924918,max_repeat_chck_80M,3,5,ambiref,ambiref_3_ops_19,80000000
max_repeat,chck_80M,True,,Entity,1926,,1.235706122359261,max_repeat_chck_80M,3,5,ambiref,ambiref_3_ops_67,80000000
max_repeat,chck_80M,True,,Entity,2222,,7.210673514287919,max_repeat_chck_80M,3,5,ambiref,ambiref_3_ops_266,80000000
max_repeat,chck_80M,False,,Entity,2256,,-2.064512270502746,max_repeat_chck_80M,3,5,ambiref,ambiref_3_ops_290,80000000
max_repeat,chck_80M,False,,Entity,2346,,-5.282566662644967,max_repeat_chck_80M,3,5,ambiref,ambiref_3_ops_353,80000000
max_repeat,chck_80M,False,,Entity,2441,,-5.241931750439107,max_repeat_chck_80M,4,5,ambiref,ambiref_4_ops_12,80000000
max_repeat,chck_80M,True,,Entity,2657,,5.798902486159932,max_repeat_chck_80M,4,5,ambiref,ambiref_4_ops_165,80000000
max_repeat,chck_80M,False,,Entity,2717,,-4.211006747558713,max_repeat_chck_80M,4,5,ambiref,ambiref_4_ops_207,80000000
max_repeat,chck_80M,False,,Entity,2760,,-21.25054896977963,max_repeat_chck_80M,4,5,ambiref,ambiref_4_ops_239,80000000
max_repeat,chck_80M,True,,Entity,2827,,5.6003109170123935,max_repeat_chck_80M,4,5,ambiref,ambiref_4_ops_284,80000000
max_repeat,chck_80M,False,,Entity,3050,,-30.63347296277061,max_repeat_chck_80M,5,5,ambiref,ambiref_5_ops_8,80000000
max_repeat,chck_80M,False,,Entity,3101,,-18.33060259668855,max_repeat_chck_80M,5,5,ambiref,ambiref_5_ops_43,80000000
max_repeat,chck_80M,False,,Entity,3143,,-4.563551020342857,max_repeat_chck_80M,5,5,ambiref,ambiref_5_ops_69,80000000
max_repeat,chck_80M,False,,Entity,3178,,-2.5866419933736324,max_repeat_chck_80M,5,5,ambiref,ambiref_5_ops_97,80000000
max_repeat,chck_80M,True,,Entity,3180,,1.8567740533035249,max_repeat_chck_80M,5,5,ambiref,ambiref_5_ops_99,80000000
max_repeat,chck_80M,True,,Entity,132,,7.6984599572606385,max_repeat_chck_80M,0,5,move_contents,move_contents_0_ops_114,80000000
max_repeat,chck_80M,True,,Entity,265,,4.945518549415283,max_repeat_chck_80M,0,5,move_contents,move_contents_0_ops_236,80000000
max_repeat,chck_80M,False,,Entity,389,,-4.143630386999575,max_repeat_chck_80M,0,5,move_contents,move_contents_0_ops_346,80000000
max_repeat,chck_80M,False,,Entity,539,,-2.4770174318691716,max_repeat_chck_80M,0,5,move_contents,move_contents_0_ops_468,80000000
max_repeat,chck_80M,True,,Entity,593,,5.55858219176298,max_repeat_chck_80M,0,5,move_contents,move_contents_0_ops_504,80000000
max_repeat,chck_80M,True,,Entity,815,,2.9914248102577403,max_repeat_chck_80M,1,5,move_contents,move_contents_1_ops_161,80000000
max_repeat,chck_80M,False,,Entity,860,,-7.709244064986706,max_repeat_chck_80M,1,5,move_contents,move_contents_1_ops_194,80000000
max_repeat,chck_80M,False,,Entity,930,,-18.72883108165115,max_repeat_chck_80M,1,5,move_contents,move_contents_1_ops_243,80000000
max_repeat,chck_80M,False,,Entity,958,,-6.894681608304381,max_repeat_chck_80M,1,5,move_contents,move_contents_1_ops_265,80000000
max_repeat,chck_80M,False,,Entity,1004,,-17.917592696438078,max_repeat_chck_80M,1,5,move_contents,move_contents_1_ops_293,80000000
max_repeat,chck_80M,True,,Entity,1278,,6.415532374288887,max_repeat_chck_80M,2,5,move_contents,move_contents_2_ops_46,80000000
max_repeat,chck_80M,False,,Entity,1280,,-3.156710537848994,max_repeat_chck_80M,2,5,move_contents,move_contents_2_ops_48,80000000
max_repeat,chck_80M,True,,Entity,1359,,7.467402335081715,max_repeat_chck_80M,2,5,move_contents,move_contents_2_ops_103,80000000
max_repeat,chck_80M,False,,Entity,1447,,-12.9635438779369,max_repeat_chck_80M,2,5,move_contents,move_contents_2_ops_160,80000000
max_repeat,chck_80M,True,,Entity,1516,,0.011428474448621273,max_repeat_chck_80M,2,5,move_contents,move_contents_2_ops_210,80000000
max_repeat,chck_80M,False,,Entity,1828,,-21.086801540921442,max_repeat_chck_80M,3,5,move_contents,move_contents_3_ops_8,80000000
max_repeat,chck_80M,False,,Entity,1838,,-25.086852748529054,max_repeat_chck_80M,3,5,move_contents,move_contents_3_ops_15,80000000
max_repeat,chck_80M,False,,Entity,1967,,-4.086182557046413,max_repeat_chck_80M,3,5,move_contents,move_contents_3_ops_96,80000000
max_repeat,chck_80M,True,,Entity,2193,,0.2409183531999588,max_repeat_chck_80M,3,5,move_contents,move_contents_3_ops_247,80000000
max_repeat,chck_80M,False,,Entity,2345,,-7.17090713098878,max_repeat_chck_80M,3,5,move_contents,move_contents_3_ops_351,80000000
max_repeat,chck_80M,False,,Entity,2644,,-3.859862762503326,max_repeat_chck_80M,4,5,move_contents,move_contents_4_ops_143,80000000
max_repeat,chck_80M,False,,Entity,2707,,-0.5962816791143268,max_repeat_chck_80M,4,5,move_contents,move_contents_4_ops_187,80000000
max_repeat,chck_80M,False,,Entity,2737,,-5.2158515935298055,max_repeat_chck_80M,4,5,move_contents,move_contents_4_ops_204,80000000
max_repeat,chck_80M,True,,Entity,2801,,4.159437421272742,max_repeat_chck_80M,4,5,move_contents,move_contents_4_ops_249,80000000
max_repeat,chck_80M,True,,Entity,2860,,1.6318560531362891,max_repeat_chck_80M,4,5,move_contents,move_contents_4_ops_289,80000000
max_repeat,chck_80M,False,,Entity,2990,,-3.287932538660243,max_repeat_chck_80M,5,5,move_contents,move_contents_5_ops_28,80000000
max_repeat,chck_80M,False,,Entity,2997,,-3.9002843148773536,max_repeat_chck_80M,5,5,move_contents,move_contents_5_ops_33,80000000
max_repeat,chck_80M,False,,Entity,3046,,-25.686477558716433,max_repeat_chck_80M,5,5,move_contents,move_contents_5_ops_71,80000000
max_repeat,chck_80M,False,,Entity,3055,,-4.644764677796047,max_repeat_chck_80M,5,5,move_contents,move_contents_5_ops_77,80000000
max_repeat,chck_80M,False,,Entity,3099,,-2.4039381552138366,max_repeat_chck_80M,5,5,move_contents,move_contents_5_ops_108,80000000
max_repeat,chck_80M,True,,Entity,232,,4.645234828814864,max_repeat_chck_80M,0,5,regular,regular_0_ops_213,80000000
max_repeat,chck_80M,False,,Entity,291,,-3.1753295434464235,max_repeat_chck_80M,0,5,regular,regular_0_ops_263,80000000
max_repeat,chck_80M,False,,Entity,350,,-3.5309435006347485,max_repeat_chck_80M,0,5,regular,regular_0_ops_314,80000000
max_repeat,chck_80M,False,,Entity,363,,-0.06212749896803871,max_repeat_chck_80M,0,5,regular,regular_0_ops_325,80000000
max_repeat,chck_80M,True,,Entity,418,,4.6785930916666985,max_repeat_chck_80M,0,5,regular,regular_0_ops_373,80000000
max_repeat,chck_80M,False,,Entity,696,,-6.546537421643734,max_repeat_chck_80M,1,5,regular,regular_1_ops_70,80000000
max_repeat,chck_80M,False,,Entity,712,,-1.930805477197282,max_repeat_chck_80M,1,5,regular,regular_1_ops_81,80000000
max_repeat,chck_80M,False,,Entity,1053,,-2.4662252236157656,max_repeat_chck_80M,1,5,regular,regular_1_ops_306,80000000
max_repeat,chck_80M,False,,Entity,1060,,-7.315845294389874,max_repeat_chck_80M,1,5,regular,regular_1_ops_311,80000000
max_repeat,chck_80M,False,,Entity,1177,,-1.4394088544650003,max_repeat_chck_80M,1,5,regular,regular_1_ops_385,80000000
max_repeat,chck_80M,False,,Entity,1282,,-14.197640540776774,max_repeat_chck_80M,2,5,regular,regular_2_ops_58,80000000
max_repeat,chck_80M,False,,Entity,1344,,-7.182310903212056,max_repeat_chck_80M,2,5,regular,regular_2_ops_97,80000000
max_repeat,chck_80M,False,,Entity,1394,,-5.98369842779357,max_repeat_chck_80M,2,5,regular,regular_2_ops_132,80000000
max_repeat,chck_80M,False,,Entity,1721,,-6.12759027001448,max_repeat_chck_80M,2,5,regular,regular_2_ops_344,80000000
max_repeat,chck_80M,False,,Entity,1725,,-7.273879025364295,max_repeat_chck_80M,2,5,regular,regular_2_ops_348,80000000
max_repeat,chck_80M,False,,Entity,1928,,-16.407319677760825,max_repeat_chck_80M,3,5,regular,regular_3_ops_78,80000000
max_repeat,chck_80M,False,,Entity,1936,,-16.507641915697604,max_repeat_chck_80M,3,5,regular,regular_3_ops_85,80000000
max_repeat,chck_80M,False,,Entity,2091,,-8.16284969530534,max_repeat_chck_80M,3,5,regular,regular_3_ops_197,80000000
max_repeat,chck_80M,True,,Entity,2133,,0.09776280773803592,max_repeat_chck_80M,3,5,regular,regular_3_ops_226,80000000
max_repeat,chck_80M,False,,Entity,2356,,-4.4105916793923825,max_repeat_chck_80M,3,5,regular,regular_3_ops_372,80000000
max_repeat,chck_80M,True,,Entity,2455,,0.3672199090360664,max_repeat_chck_80M,4,5,regular,regular_4_ops_16,80000000
max_repeat,chck_80M,False,,Entity,2615,,-10.269331583753228,max_repeat_chck_80M,4,5,regular,regular_4_ops_121,80000000
max_repeat,chck_80M,False,,Entity,2631,,-2.5806800201535225,max_repeat_chck_80M,4,5,regular,regular_4_ops_131,80000000
max_repeat,chck_80M,True,,Entity,2646,,11.934343085624278,max_repeat_chck_80M,4,5,regular,regular_4_ops_143,80000000
max_repeat,chck_80M,True,,Entity,2879,,6.076994765899144,max_repeat_chck_80M,4,5,regular,regular_4_ops_300,80000000
max_repeat,chck_80M,False,,Entity,3027,,-9.282628612592816,max_repeat_chck_80M,5,5,regular,regular_5_ops_18,80000000
max_repeat,chck_80M,False,,Entity,3116,,-9.677372166886926,max_repeat_chck_80M,5,5,regular,regular_5_ops_75,80000000
max_repeat,chck_80M,False,,Entity,3126,,-10.024919106741436,max_repeat_chck_80M,5,5,regular,regular_5_ops_82,80000000
max_repeat,chck_80M,False,,Entity,3132,,-3.529972071526572,max_repeat_chck_80M,5,5,regular,regular_5_ops_86,80000000
max_repeat,chck_80M,False,,Entity,3149,,-1.7275377304758877,max_repeat_chck_80M,5,5,regular,regular_5_ops_93,80000000
