base_id,family,object,label,none_c1,none_c2,prior_c1,prior_c2,action_c1,action_c2,combined_c1,combined_c2,pred_c1,pred_c2,residual_c1,residual_c2,residual_mean,action_effect_mean,prior_effect_mean,combined_effect_mean,combined_crossed,action_crossed
BASE_0001,empty_full,glass,direct_adjacent,2.8986191749572754,-2.8986191749572754,-4.054846942424774,-9.629537776112556,2.409726619720459,-2.4438095092773438,-4.285448044538498,-9.12731547653675,-4.543739497661591,-9.174728110432625,0.25829145312309265,0.04741263389587402,0.15285204350948334,-0.017041444778442383,-6.842192359268665,-6.706381760537624,False,False
BASE_0001,empty_full,glass,direct_then,2.8986191749572754,-2.8986191749572754,-4.054846942424774,-9.629537776112556,2.409726619720459,-2.4438095092773438,-4.179989039897919,-9.031991809606552,-4.543739497661591,-9.174728110432625,0.3637504577636719,0.1427363008260727,0.2532433792948723,-0.017041444778442383,-6.842192359268665,-6.605990424752235,False,False
BASE_0001,empty_full,glass,direct_distance,2.8986191749572754,-2.8986191749572754,-4.054846942424774,-9.629537776112556,3.5163352489471436,-3.764958143234253,-2.86016845703125,-9.003873497247696,-3.437130868434906,-10.495876744389534,0.576962411403656,1.492003247141838,1.034482829272747,-0.12431144714355469,-6.842192359268665,-5.932020977139473,False,False
BASE_0001,empty_full,glass,targetfree_adjacent,2.8986191749572754,-2.8986191749572754,2.109828233718872,-2.870232343673706,2.276900291442871,-1.6346228122711182,1.8424174785614014,-2.217329740524292,1.4881093502044678,-1.6062359809875488,0.3543081283569336,-0.6110937595367432,-0.12839281558990479,0.32113873958587646,-0.380202054977417,-0.1874561309814453,False,False
BASE_0001,empty_full,glass,targetfree_distance,2.8986191749572754,-2.8986191749572754,2.109828233718872,-2.870232343673706,2.276900291442871,-1.6346228122711182,3.3020427227020264,-2.9664969444274902,1.4881093502044678,-1.6062359809875488,1.8139333724975586,-1.3602609634399414,0.2268362045288086,0.32113873958587646,-0.380202054977417,0.16777288913726807,False,False
BASE_0002,empty_full,glass,direct_adjacent,2.8986191749572754,-2.8986191749572754,-4.054846942424774,-9.629537776112556,3.2838594913482666,-2.7522988319396973,-4.243063867092133,-9.521428927779198,-3.669606626033783,-9.483217433094978,-0.5734572410583496,-0.03821149468421936,-0.3058343678712845,0.26578032970428467,-6.842192359268665,-6.882246397435665,False,False
BASE_0002,empty_full,glass,direct_then,2.8986191749572754,-2.8986191749572754,-4.054846942424774,-9.629537776112556,3.2838594913482666,-2.7522988319396973,-4.152963727712631,-9.270403429865837,-3.669606626033783,-9.483217433094978,-0.48335710167884827,0.21281400322914124,-0.13527154922485352,0.26578032970428467,-6.842192359268665,-6.711683578789234,False,False
BASE_0002,empty_full,glass,direct_distance,2.8986191749572754,-2.8986191749572754,-4.054846942424774,-9.629537776112556,4.111295938491821,-4.069513559341431,-2.8385324478149414,-9.229820758104324,-2.8421701788902283,-10.800432160496712,0.0036377310752868652,1.5706114023923874,0.7871245667338371,0.020891189575195312,-6.842192359268665,-6.034176602959633,False,False
BASE_0002,empty_full,glass,targetfree_adjacent,2.8986191749572754,-2.8986191749572754,2.109828233718872,-2.870232343673706,2.781402111053467,-1.9463493824005127,2.2717113494873047,-2.4344067573547363,1.9926111698150635,-1.9179625511169434,0.2791001796722412,-0.516444206237793,-0.11867201328277588,0.41752636432647705,-0.380202054977417,-0.08134770393371582,False,False
BASE_0002,empty_full,glass,targetfree_distance,2.8986191749572754,-2.8986191749572754,2.109828233718872,-2.870232343673706,2.781402111053467,-1.9463493824005127,3.5649967193603516,-3.135439872741699,1.9926111698150635,-1.9179625511169434,1.572385549545288,-1.2174773216247559,0.1774541139602661,0.41752636432647705,-0.380202054977417,0.21477842330932617,False,False
BASE_0003,empty_full,glass,direct_adjacent,2.8986191749572754,-2.8986191749572754,-4.054846942424774,-9.629537776112556,2.94061017036438,-2.4717020988464355,-4.458687961101532,-9.16764049232006,-4.01285594701767,-9.202620700001717,-0.4458320140838623,0.034980207681655884,-0.2054259032011032,0.23445403575897217,-6.842192359268665,-6.813164226710796,False,False
BASE_0003,empty_full,glass,direct_then,2.8986191749572754,-2.8986191749572754,-4.054846942424774,-9.629537776112556,2.94061017036438,-2.4717020988464355,-4.216309666633606,-9.072925791144371,-4.01285594701767,-9.202620700001717,-0.20345371961593628,0.12969490885734558,-0.03687940537929535,0.23445403575897217,-6.842192359268665,-6.6446177288889885,False,False
BASE_0003,empty_full,glass,direct_distance,2.8986191749572754,-2.8986191749572754,-4.054846942424774,-9.629537776112556,3.704627513885498,-3.797262668609619,-2.937740385532379,-8.924129098653793,-3.2488386034965515,-10.5281812697649,0.31109821796417236,1.6040521711111069,0.9575751945376396,-0.04631757736206055,-6.842192359268665,-5.930934742093086,False,False
BASE_0003,empty_full,glass,targetfree_adjacent,2.8986191749572754,-2.8986191749572754,2.109828233718872,-2.870232343673706,2.5422306060791016,-1.76572847366333,2.0209763050079346,-2.3055522441864014,1.7534396648406982,-1.7373416423797607,0.26753664016723633,-0.5682106018066406,-0.15033698081970215,0.38825106620788574,-0.380202054977417,-0.1422879695892334,False,False
BASE_0003,empty_full,glass,targetfree_distance,2.8986191749572754,-2.8986191749572754,2.109828233718872,-2.870232343673706,2.5422306060791016,-1.76572847366333,3.4613053798675537,-3.0350589752197266,1.7534396648406982,-1.7373416423797607,1.7078657150268555,-1.2977173328399658,0.20507419109344482,0.38825106620788574,-0.380202054977417,0.21312320232391357,False,False
BASE_0004,empty_full,glass,direct_adjacent,2.8986191749572754,-2.8986191749572754,-4.054846942424774,-9.629537776112556,2.698748826980591,-2.7520251274108887,-4.478959828615189,-9.157730370759964,-4.254717290401459,-9.48294372856617,-0.22424253821372986,0.32521335780620575,0.050485409796237946,-0.026638150215148926,-6.842192359268665,-6.818345099687576,False,False
BASE_0004,empty_full,glass,direct_then,2.8986191749572754,-2.8986191749572754,-4.054846942424774,-9.629537776112556,2.698748826980591,-2.7520251274108887,-4.2094630897045135,-9.06961776316166,-4.254717290401459,-9.48294372856617,0.04525420069694519,0.4133259654045105,0.22929008305072784,-0.026638150215148926,-6.842192359268665,-6.639540426433086,False,False
BASE_0004,empty_full,glass,direct_distance,2.8986191749572754,-2.8986191749572754,-4.054846942424774,-9.629537776112556,3.842327117919922,-4.080511569976807,-2.897662103176117,-9.278053387999535,-3.1111389994621277,-10.811430171132088,0.21347689628601074,1.533376783132553,0.8734268397092819,-0.11909222602844238,-6.842192359268665,-6.087857745587826,False,False
BASE_0004,empty_full,glass,targetfree_adjacent,2.8986191749572754,-2.8986191749572754,2.109828233718872,-2.870232343673706,2.5485715866088867,-1.6986606121063232,1.9997389316558838,-2.350564956665039,1.7597806453704834,-1.670273780822754,0.2399582862854004,-0.6802911758422852,-0.22016644477844238,0.42495548725128174,-0.380202054977417,-0.17541301250457764,False,False
BASE_0004,empty_full,glass,targetfree_distance,2.8986191749572754,-2.8986191749572754,2.109828233718872,-2.870232343673706,2.5485715866088867,-1.6986606121063232,3.541686773300171,-3.129988670349121,1.7597806453704834,-1.670273780822754,1.7819061279296875,-1.4597148895263672,0.16109561920166016,0.42495548725128174,-0.380202054977417,0.2058490514755249,False,False
BASE_0005,empty_full,glass,direct_adjacent,2.8986191749572754,-2.8986191749572754,-4.054846942424774,-9.629537776112556,2.2789230346679688,-2.2850449085235596,-4.413514345884323,-9.114139378070831,-4.674543082714081,-9.01596350967884,0.2610287368297577,-0.09817586839199066,0.08142643421888351,-0.00306093692779541,-6.842192359268665,-6.763826861977577,False,False
BASE_0005,empty_full,glass,direct_then,2.8986191749572754,-2.8986191749572754,-4.054846942424774,-9.629537776112556,2.2789230346679688,-2.2850449085235596,-4.281957745552063,-9.045158803462982,-4.674543082714081,-9.01596350967884,0.3925853371620178,-0.02919529378414154,0.18169502168893814,-0.00306093692779541,-6.842192359268665,-6.663558274507523,False,False
BASE_0005,empty_full,glass,direct_distance,2.8986191749572754,-2.8986191749572754,-4.054846942424774,-9.629537776112556,3.301071882247925,-3.3828563690185547,-3.01008403301239,-8.83141639828682,-3.6523942351341248,-10.113774970173836,0.6423102021217346,1.2823585718870163,0.9623343870043755,-0.04089224338531494,-6.842192359268665,-5.920750215649605,False,False
BASE_0005,empty_full,glass,targetfree_adjacent,2.8986191749572754,-2.8986191749572754,2.109828233718872,-2.870232343673706,2.297048330307007,-1.3141002655029297,1.8643407821655273,-2.2093355655670166,1.5082573890686035,-1.2857134342193604,0.35608339309692383,-0.9236221313476562,-0.2837693691253662,0.4914740324020386,-0.380202054977417,-0.17249739170074463,False,False
BASE_0005,empty_full,glass,targetfree_distance,2.8986191749572754,-2.8986191749572754,2.109828233718872,-2.870232343673706,2.297048330307007,-1.3141002655029297,3.294090986251831,-2.8718583583831787,1.5082573890686035,-1.2857134342193604,1.7858335971832275,-1.5861449241638184,0.09984433650970459,0.4914740324020386,-0.380202054977417,0.21111631393432617,False,False
BASE_0006,empty_full,glass,direct_adjacent,2.8986191749572754,-2.8986191749572754,-4.054846942424774,-9.629537776112556,2.369497299194336,-2.4880495071411133,-4.78238570690155,-9.353575095534325,-4.583968818187714,-9.218968108296394,-0.19841688871383667,-0.1346069872379303,-0.16651193797588348,-0.05927610397338867,-6.842192359268665,-7.0679804012179375,False,False
BASE_0006,empty_full,glass,direct_then,2.8986191749572754,-2.8986191749572754,-4.054846942424774,-9.629537776112556,2.369497299194336,-2.4880495071411133,-4.510791897773743,-9.153821662068367,-4.583968818187714,-9.218968108296394,0.07317692041397095,0.06514644622802734,0.06916168332099915,-0.05927610397338867,-6.842192359268665,-6.832306779921055,False,False
BASE_0006,empty_full,glass,direct_distance,2.8986191749572754,-2.8986191749572754,-4.054846942424774,-9.629537776112556,3.826673746109009,-3.952749490737915,-3.462488353252411,-9.298280701041222,-3.1267923712730408,-10.683668091893196,-0.3356959819793701,1.3853873908519745,0.5248457044363022,-0.06303787231445312,-6.842192359268665,-6.380384527146816,False,False
BASE_0006,empty_full,glass,targetfree_adjacent,2.8986191749572754,-2.8986191749572754,2.109828233718872,-2.870232343673706,2.238558292388916,-1.7967054843902588,1.9784080982208252,-2.4251651763916016,1.4497673511505127,-1.7683186531066895,0.5286407470703125,-0.6568465232849121,-0.0641028881072998,0.2209264039993286,-0.380202054977417,-0.22337853908538818,False,False
BASE_0006,empty_full,glass,targetfree_distance,2.8986191749572754,-2.8986191749572754,2.109828233718872,-2.870232343673706,2.238558292388916,-1.7967054843902588,3.5237345695495605,-3.134493350982666,1.4497673511505127,-1.7683186531066895,2.073967218399048,-1.3661746978759766,0.35389626026153564,0.2209264039993286,-0.380202054977417,0.19462060928344727,False,False
BASE_0007,empty_full,glass,direct_adjacent,2.8986191749572754,-2.8986191749572754,-4.054846942424774,-9.629537776112556,2.9236888885498047,-2.801772117614746,-4.410455882549286,-9.376370817422867,-4.029777228832245,-9.532690718770027,-0.380678653717041,0.15631990134716034,-0.11217937618494034,0.0609583854675293,-6.842192359268665,-6.893413349986076,False,False
BASE_0007,empty_full,glass,direct_then,2.8986191749572754,-2.8986191749572754,-4.054846942424774,-9.629537776112556,2.9236888885498047,-2.801772117614746,-4.194230318069458,-9.184606894850731,-4.029777228832245,-9.532690718770027,-0.16445308923721313,0.34808382391929626,0.09181536734104156,0.0609583854675293,-6.842192359268665,-6.6894186064600945,False,False
BASE_0007,empty_full,glass,direct_distance,2.8986191749572754,-2.8986191749572754,-4.054846942424774,-9.629537776112556,3.929940700531006,-4.079096078872681,-2.8565977811813354,-9.163813397288322,-3.0235254168510437,-10.810014680027962,0.16692763566970825,1.6462012827396393,0.9065644592046738,-0.0745776891708374,-6.842192359268665,-6.010205589234829,False,False
BASE_0007,empty_full,glass,targetfree_adjacent,2.8986191749572754,-2.8986191749572754,2.109828233718872,-2.870232343673706,2.6355977058410645,-1.6996972560882568,2.013693332672119,-2.3259365558624268,1.8468067646026611,-1.6713104248046875,0.166886568069458,-0.6546261310577393,-0.24386978149414062,0.4679502248764038,-0.380202054977417,-0.1561216115951538,False,False
BASE_0007,empty_full,glass,targetfree_distance,2.8986191749572754,-2.8986191749572754,2.109828233718872,-2.870232343673706,2.6355977058410645,-1.6996972560882568,3.5738794803619385,-3.1061935424804688,1.8468067646026611,-1.6713104248046875,1.7270727157592773,-1.4348831176757812,0.14609479904174805,0.4679502248764038,-0.380202054977417,0.23384296894073486,False,False
BASE_0008,empty_full,glass,direct_adjacent,2.8986191749572754,-2.8986191749572754,-4.054846942424774,-9.629537776112556,3.0788540840148926,-2.521573543548584,-4.330005705356598,-9.49411529302597,-3.874612033367157,-9.252492144703865,-0.4553936719894409,-0.2416231483221054,-0.34850841015577316,0.2786402702331543,-6.842192359268665,-6.912060499191284,False,False
BASE_0008,empty_full,glass,direct_then,2.8986191749572754,-2.8986191749572754,-4.054846942424774,-9.629537776112556,3.0788540840148926,-2.521573543548584,-4.22642719745636,-9.193333148956299,-3.874612033367157,-9.252492144703865,-0.3518151640892029,0.05915899574756622,-0.14632808417081833,0.2786402702331543,-6.842192359268665,-6.709880173206329,False,False
BASE_0008,empty_full,glass,direct_distance,2.8986191749572754,-2.8986191749572754,-4.054846942424774,-9.629537776112556,4.047040700912476,-3.9286587238311768,-2.770205497741699,-9.223366975784302,-2.906425416469574,-10.659577324986458,0.13621991872787476,1.436210349202156,0.7862151339650154,0.059190988540649414,-6.842192359268665,-5.9967862367630005,False,False
BASE_0008,empty_full,glass,targetfree_adjacent,2.8986191749572754,-2.8986191749572754,2.109828233718872,-2.870232343673706,2.72348690032959,-1.5244176387786865,2.32879900932312,-2.4691250324249268,1.9346959590911865,-1.4960308074951172,0.3941030502319336,-0.9730942249298096,-0.289495587348938,0.5995346307754517,-0.380202054977417,-0.07016301155090332,False,False
BASE_0008,empty_full,glass,targetfree_distance,2.8986191749572754,-2.8986191749572754,2.109828233718872,-2.870232343673706,2.72348690032959,-1.5244176387786865,3.6709742546081543,-3.1491382122039795,1.9346959590911865,-1.4960308074951172,1.7362782955169678,-1.6531074047088623,0.041585445404052734,0.5995346307754517,-0.380202054977417,0.2609180212020874,False,False
BASE_0009,empty_full,glass,direct_adjacent,2.8986191749572754,-2.8986191749572754,-4.054846942424774,-9.629537776112556,2.888122797012329,-2.7636544704437256,-4.38973543047905,-9.231182754039764,-4.0653433203697205,-9.494573071599007,-0.3243921101093292,0.26339031755924225,-0.030500896275043488,0.06223416328430176,-6.842192359268665,-6.810459092259407,False,False
BASE_0009,empty_full,glass,direct_then,2.8986191749572754,-2.8986191749572754,-4.054846942424774,-9.629537776112556,2.888122797012329,-2.7636544704437256,-4.267086893320084,-9.206175222992897,-4.0653433203697205,-9.494573071599007,-0.20174357295036316,0.2883978486061096,0.04332713782787323,0.06223416328430176,-6.842192359268665,-6.73663105815649,False,False
BASE_0009,empty_full,glass,direct_distance,2.8986191749572754,-2.8986191749572754,-4.054846942424774,-9.629537776112556,3.6442108154296875,-3.792947769165039,-2.857979893684387,-9.104572266340256,-3.309255301952362,-10.52386637032032,0.45127540826797485,1.4192941039800644,0.9352847561240196,-0.07436847686767578,-6.842192359268665,-5.9812760800123215,False,False
BASE_0009,empty_full,glass,targetfree_adjacent,2.8986191749572754,-2.8986191749572754,2.109828233718872,-2.870232343673706,2.6111466884613037,-1.6190855503082275,1.9346563816070557,-2.272012948989868,1.8223557472229004,-1.5906987190246582,0.11230063438415527,-0.68131422996521,-0.28450679779052734,0.4960305690765381,-0.380202054977417,-0.16867828369140625,False,False
BASE_0009,empty_full,glass,targetfree_distance,2.8986191749572754,-2.8986191749572754,2.109828233718872,-2.870232343673706,2.6111466884613037,-1.6190855503082275,3.4642462730407715,-3.0375139713287354,1.8223557472229004,-1.5906987190246582,1.641890525817871,-1.4468152523040771,0.09753763675689697,0.4960305690765381,-0.380202054977417,0.21336615085601807,False,False
BASE_0010,empty_full,glass,direct_adjacent,2.8986191749572754,-2.8986191749572754,-4.054846942424774,-9.629537776112556,2.12564754486084,-2.439054250717163,-4.420911908149719,-9.352185770869255,-4.82781857252121,-9.169972851872444,0.4069066643714905,-0.1822129189968109,0.11234687268733978,-0.15670335292816162,-6.842192359268665,-6.886548839509487,False,False
BASE_0010,empty_full,glass,direct_then,2.8986191749572754,-2.8986191749572754,-4.054846942424774,-9.629537776112556,2.12564754486084,-2.439054250717163,-4.291672646999359,-9.182798862457275,-4.82781857252121,-9.169972851872444,0.5361459255218506,-0.012826010584831238,0.2616599574685097,-0.15670335292816162,-6.842192359268665,-6.737235754728317,False,False
BASE_0010,empty_full,glass,direct_distance,2.8986191749572754,-2.8986191749572754,-4.054846942424774,-9.629537776112556,3.6121890544891357,-3.8073792457580566,-3.032163619995117,-9.195257470011711,-3.341277062892914,-10.538297846913338,0.30911344289779663,1.3430403769016266,0.8260769098997116,-0.09759509563446045,-6.842192359268665,-6.113710545003414,False,False
BASE_0010,empty_full,glass,targetfree_adjacent,2.8986191749572754,-2.8986191749572754,2.109828233718872,-2.870232343673706,2.1787822246551514,-1.696739912033081,1.9847729206085205,-2.334327220916748,1.389991283416748,-1.6683530807495117,0.5947816371917725,-0.6659741401672363,-0.035596251487731934,0.24102115631103516,-0.380202054977417,-0.17477715015411377,False,False
BASE_0010,empty_full,glass,targetfree_distance,2.8986191749572754,-2.8986191749572754,2.109828233718872,-2.870232343673706,2.1787822246551514,-1.696739912033081,3.4012532234191895,-3.040597438812256,1.389991283416748,-1.6683530807495117,2.0112619400024414,-1.3722443580627441,0.31950879096984863,0.24102115631103516,-0.380202054977417,0.1803278923034668,False,False
BASE_0011,empty_full,cup,direct_adjacent,2.3692688941955566,-2.3692688941955566,-4.604809015989304,-8.995001137256622,1.3979473114013672,-1.7634482383728027,-4.565934330224991,-8.033886134624481,-5.576130598783493,-8.389180481433868,1.0101962685585022,0.3552943468093872,0.6827453076839447,-0.18275046348571777,-6.799905076622963,-6.299910232424736,False,False
BASE_0011,empty_full,cup,direct_then,2.3692688941955566,-2.3692688941955566,-4.604809015989304,-8.995001137256622,1.3979473114013672,-1.7634482383728027,-4.194041281938553,-8.111346304416656,-5.576130598783493,-8.389180481433868,1.3820893168449402,0.2778341770172119,0.829961746931076,-0.18275046348571777,-6.799905076622963,-6.152693793177605,False,False
BASE_0011,empty_full,cup,direct_distance,2.3692688941955566,-2.3692688941955566,-4.604809015989304,-8.995001137256622,2.4850289821624756,-2.8434464931488037,-3.1175259351730347,-8.027797430753708,-4.489048928022385,-9.46917873620987,1.37152299284935,1.4413813054561615,1.4064521491527557,-0.17920875549316406,-6.799905076622963,-5.572661682963371,False,False
BASE_0011,empty_full,cup,targetfree_adjacent,2.3692688941955566,-2.3692688941955566,1.8966453075408936,-2.2240869998931885,1.5283195972442627,-1.3278207778930664,1.1740021705627441,-1.4249565601348877,1.0556960105895996,-1.1826388835906982,0.11830615997314453,-0.24231767654418945,-0.06200575828552246,0.10024940967559814,-0.16372084617614746,-0.12547719478607178,False,False
BASE_0011,empty_full,cup,targetfree_distance,2.3692688941955566,-2.3692688941955566,1.8966453075408936,-2.2240869998931885,1.5283195972442627,-1.3278207778930664,2.427866220474243,-2.1566061973571777,1.0556960105895996,-1.1826388835906982,1.3721702098846436,-0.9739673137664795,0.19910144805908203,0.10024940967559814,-0.16372084617614746,0.13563001155853271,False,False
BASE_0012,empty_full,cup,direct_adjacent,2.3692688941955566,-2.3692688941955566,-4.604809015989304,-8.995001137256622,2.3383119106292725,-2.176575183868408,-4.341985493898392,-8.507212042808533,-4.635765999555588,-8.802307426929474,0.29378050565719604,0.29509538412094116,0.2944379448890686,0.08086836338043213,-6.799905076622963,-6.424598768353462,False,False
BASE_0012,empty_full,cup,direct_then,2.3692688941955566,-2.3692688941955566,-4.604809015989304,-8.995001137256622,2.3383119106292725,-2.176575183868408,-4.01812356710434,-8.435281410813332,-4.635765999555588,-8.802307426929474,0.6176424324512482,0.3670260161161423,0.4923342242836952,0.08086836338043213,-6.799905076622963,-6.226702488958836,False,False
BASE_0012,empty_full,cup,direct_distance,2.3692688941955566,-2.3692688941955566,-4.604809015989304,-8.995001137256622,3.0894479751586914,-3.183884382247925,-3.074021339416504,-8.39226147532463,-3.884629935026169,-9.80961662530899,0.8106085956096649,1.4173551499843597,1.1139818727970123,-0.0472182035446167,-6.799905076622963,-5.733141407370567,False,False
BASE_0012,empty_full,cup,targetfree_adjacent,2.3692688941955566,-2.3692688941955566,1.8966453075408936,-2.2240869998931885,2.316188097000122,-1.440749168395996,1.9811749458312988,-1.6636340618133545,1.843564510345459,-1.295567274093628,0.13761043548583984,-0.36806678771972656,-0.11522817611694336,0.437719464302063,-0.16372084617614746,0.15877044200897217,False,False
BASE_0012,empty_full,cup,targetfree_distance,2.3692688941955566,-2.3692688941955566,1.8966453075408936,-2.2240869998931885,2.316188097000122,-1.440749168395996,2.9036481380462646,-2.3301239013671875,1.843564510345459,-1.295567274093628,1.0600836277008057,-1.0345566272735596,0.012763500213623047,0.437719464302063,-0.16372084617614746,0.2867621183395386,False,False
BASE_0013,empty_full,cup,direct_adjacent,2.3692688941955566,-2.3692688941955566,-4.604809015989304,-8.995001137256622,1.8506486415863037,-1.7866606712341309,-4.695112079381943,-8.02951854467392,-5.1234292685985565,-8.412392914295197,0.42831718921661377,0.38287436962127686,0.4055957794189453,0.031993985176086426,-6.799905076622963,-6.362315312027931,False,False
BASE_0013,empty_full,cup,direct_then,2.3692688941955566,-2.3692688941955566,-4.604809015989304,-8.995001137256622,1.8506486415863037,-1.7866606712341309,-4.31768599152565,-8.190860897302628,-5.1234292685985565,-8.412392914295197,0.8057432770729065,0.22153201699256897,0.5136376470327377,0.031993985176086426,-6.799905076622963,-6.254273444414139,False,False
BASE_0013,empty_full,cup,direct_distance,2.3692688941955566,-2.3692688941955566,-4.604809015989304,-8.995001137256622,2.647204875946045,-2.7963829040527344,-3.2414894700050354,-7.9259563982486725,-4.326873034238815,-9.4221151471138,1.08538356423378,1.4961587488651276,1.2907711565494537,-0.07458901405334473,-6.799905076622963,-5.583722934126854,False,False
BASE_0013,empty_full,cup,targetfree_adjacent,2.3692688941955566,-2.3692688941955566,1.8966453075408936,-2.2240869998931885,2.0300347805023193,-1.32619047164917,1.544985294342041,-1.5269370079040527,1.5574111938476562,-1.1810085773468018,-0.012425899505615234,-0.345928430557251,-0.1791771650314331,0.3519221544265747,-0.16372084617614746,0.00902414321899414,False,False
BASE_0013,empty_full,cup,targetfree_distance,2.3692688941955566,-2.3692688941955566,1.8966453075408936,-2.2240869998931885,2.0300347805023193,-1.32619047164917,2.6812446117401123,-2.211223602294922,1.5574111938476562,-1.1810085773468018,1.123833417892456,-1.0302150249481201,0.04680919647216797,0.3519221544265747,-0.16372084617614746,0.23501050472259521,False,False
BASE_0014,empty_full,cup,direct_adjacent,2.3692688941955566,-2.3692688941955566,-4.604809015989304,-8.995001137256622,1.5430819988250732,-1.9775161743164062,-4.734533190727234,-8.08579871058464,-5.430995911359787,-8.603248417377472,0.6964627206325531,0.5174497067928314,0.6069562137126923,-0.2172170877456665,-6.799905076622963,-6.410165950655937,False,False
BASE_0014,empty_full,cup,direct_then,2.3692688941955566,-2.3692688941955566,-4.604809015989304,-8.995001137256622,1.5430819988250732,-1.9775161743164062,-4.195733189582825,-8.175076246261597,-5.430995911359787,-8.603248417377472,1.2352627217769623,0.42817217111587524,0.8317174464464188,-0.2172170877456665,-6.799905076622963,-6.185404717922211,False,False
BASE_0014,empty_full,cup,direct_distance,2.3692688941955566,-2.3692688941955566,-4.604809015989304,-8.995001137256622,2.794879198074341,-3.1380512714385986,-3.125409185886383,-8.420835584402084,-4.179198712110519,-9.763783514499664,1.0537895262241364,1.34294793009758,1.1983687281608582,-0.1715860366821289,-6.799905076622963,-5.773122385144234,False,False
BASE_0014,empty_full,cup,targetfree_adjacent,2.3692688941955566,-2.3692688941955566,1.8966453075408936,-2.2240869998931885,1.9109911918640137,-1.2211253643035889,1.5750646591186523,-1.56003999710083,1.4383676052093506,-1.0759434700012207,0.13669705390930176,-0.4840965270996094,-0.1736997365951538,0.3449329137802124,-0.16372084617614746,0.007512331008911133,False,False
BASE_0014,empty_full,cup,targetfree_distance,2.3692688941955566,-2.3692688941955566,1.8966453075408936,-2.2240869998931885,1.9109911918640137,-1.2211253643035889,2.755603551864624,-2.3148419857025146,1.4383676052093506,-1.0759434700012207,1.3172359466552734,-1.238898515701294,0.039168715476989746,0.3449329137802124,-0.16372084617614746,0.2203807830810547,False,False
BASE_0015,empty_full,cup,direct_adjacent,2.3692688941955566,-2.3692688941955566,-4.604809015989304,-8.995001137256622,1.7136807441711426,-1.731518030166626,-4.6703393161296844,-8.107957363128662,-5.260397166013718,-8.357250273227692,0.5900578498840332,0.24929291009902954,0.41967537999153137,-0.0089186429977417,-6.799905076622963,-6.389148339629173,False,False
BASE_0015,empty_full,cup,direct_then,2.3692688941955566,-2.3692688941955566,-4.604809015989304,-8.995001137256622,1.7136807441711426,-1.731518030166626,-4.284750014543533,-8.228047907352448,-5.260397166013718,-8.357250273227692,0.9756471514701843,0.12920236587524414,0.5524247586727142,-0.0089186429977417,-6.799905076622963,-6.25639896094799,False,False
BASE_0015,empty_full,cup,direct_distance,2.3692688941955566,-2.3692688941955566,-4.604809015989304,-8.995001137256622,2.371187925338745,-2.426651954650879,-3.2851752042770386,-7.925611615180969,-4.602889984846115,-9.052384197711945,1.3177147805690765,1.1267725825309753,1.222243681550026,-0.027732014656066895,-6.799905076622963,-5.605393409729004,False,False
BASE_0015,empty_full,cup,targetfree_adjacent,2.3692688941955566,-2.3692688941955566,1.8966453075408936,-2.2240869998931885,1.6993811130523682,-1.0078692436218262,1.3348426818847656,-1.4100556373596191,1.226757526397705,-0.862687349319458,0.10808515548706055,-0.5473682880401611,-0.2196415662765503,0.345755934715271,-0.16372084617614746,-0.03760647773742676,False,False
BASE_0015,empty_full,cup,targetfree_distance,2.3692688941955566,-2.3692688941955566,1.8966453075408936,-2.2240869998931885,1.6993811130523682,-1.0078692436218262,2.4943807125091553,-2.0737457275390625,1.226757526397705,-0.862687349319458,1.2676231861114502,-1.2110583782196045,0.02828240394592285,0.345755934715271,-0.16372084617614746,0.2103174924850464,False,False
BASE_0016,empty_full,cup,direct_adjacent,2.3692688941955566,-2.3692688941955566,-4.604809015989304,-8.995001137256622,1.7853703498840332,-1.8751702308654785,-5.039064139127731,-8.34415379166603,-5.188707560300827,-8.500902473926544,0.1496434211730957,0.1567486822605133,0.1531960517168045,-0.044899940490722656,-6.799905076622963,-6.691608965396881,False,False
BASE_0016,empty_full,cup,direct_then,2.3692688941955566,-2.3692688941955566,-4.604809015989304,-8.995001137256622,1.7853703498840332,-1.8751702308654785,-4.545068979263306,-8.383502662181854,-5.188707560300827,-8.500902473926544,0.6436385810375214,0.11739981174468994,0.38051919639110565,-0.044899940490722656,-6.799905076622963,-6.46428582072258,False,False
BASE_0016,empty_full,cup,direct_distance,2.3692688941955566,-2.3692688941955566,-4.604809015989304,-8.995001137256622,2.8132407665252686,-3.0331475734710693,-3.6592511534690857,-8.425165474414825,-4.160837143659592,-9.658879816532135,0.501585990190506,1.2337143421173096,0.8676501661539078,-0.10995340347290039,-6.799905076622963,-6.042208313941956,False,False
BASE_0016,empty_full,cup,targetfree_adjacent,2.3692688941955566,-2.3692688941955566,1.8966453075408936,-2.2240869998931885,1.779405117034912,-1.4361848831176758,1.6087169647216797,-1.677497386932373,1.306781530380249,-1.2910029888153076,0.30193543434143066,-0.38649439811706543,-0.04227948188781738,0.17161011695861816,-0.16372084617614746,-0.03439021110534668,False,False
BASE_0016,empty_full,cup,targetfree_distance,2.3692688941955566,-2.3692688941955566,1.8966453075408936,-2.2240869998931885,1.779405117034912,-1.4361848831176758,2.7914071083068848,-2.327890634536743,1.306781530380249,-1.2910029888153076,1.4846255779266357,-1.0368876457214355,0.2238689661026001,0.17161011695861816,-0.16372084617614746,0.2317582368850708,False,False
BASE_0017,empty_full,cup,direct_adjacent,2.3692688941955566,-2.3692688941955566,-4.604809015989304,-8.995001137256622,1.9844975471496582,-1.9751091003417969,-4.562553375959396,-8.118192940950394,-4.989580363035202,-8.600841343402863,0.42702698707580566,0.48264840245246887,0.45483769476413727,0.004694223403930664,-6.799905076622963,-6.340373158454895,False,False
BASE_0017,empty_full,cup,direct_then,2.3692688941955566,-2.3692688941955566,-4.604809015989304,-8.995001137256622,1.9844975471496582,-1.9751091003417969,-4.099808484315872,-8.146333426237106,-4.989580363035202,-8.600841343402863,0.8897718787193298,0.4545079171657562,0.672139897942543,0.004694223403930664,-6.799905076622963,-6.123070955276489,False,False
BASE_0017,empty_full,cup,direct_distance,2.3692688941955566,-2.3692688941955566,-4.604809015989304,-8.995001137256622,2.8507933616638184,-3.073181390762329,-3.0313491821289062,-8.138237327337265,-4.123284548521042,-9.698913633823395,1.0919353663921356,1.5606763064861298,1.3263058364391327,-0.11119401454925537,-6.799905076622963,-5.584793254733086,False,False
BASE_0017,empty_full,cup,targetfree_adjacent,2.3692688941955566,-2.3692688941955566,1.8966453075408936,-2.2240869998931885,1.8663177490234375,-1.3254928588867188,1.3341848850250244,-1.4845783710479736,1.3936941623687744,-1.1803109645843506,-0.05950927734375,-0.30426740646362305,-0.18188834190368652,0.2704124450683594,-0.16372084617614746,-0.07519674301147461,False,False
BASE_0017,empty_full,cup,targetfree_distance,2.3692688941955566,-2.3692688941955566,1.8966453075408936,-2.2240869998931885,1.8663177490234375,-1.3254928588867188,2.733938455581665,-2.2706961631774902,1.3936941623687744,-1.1803109645843506,1.3402442932128906,-1.0903851985931396,0.12492954730987549,0.2704124450683594,-0.16372084617614746,0.2316211462020874,False,False
BASE_0018,empty_full,cup,direct_adjacent,2.3692688941955566,-2.3692688941955566,-4.604809015989304,-8.995001137256622,1.9255561828613281,-1.7285254001617432,-4.44437962770462,-8.370009630918503,-5.048521727323532,-8.354257643222809,0.6041420996189117,-0.01575198769569397,0.2941950559616089,0.09851539134979248,-6.799905076622963,-6.407194629311562,False,False
BASE_0018,empty_full,cup,direct_then,2.3692688941955566,-2.3692688941955566,-4.604809015989304,-8.995001137256622,1.9255561828613281,-1.7285254001617432,-4.0350072383880615,-8.350785911083221,-5.048521727323532,-8.354257643222809,1.0135144889354706,0.0034717321395874023,0.508493110537529,0.09851539134979248,-6.799905076622963,-6.1928965747356415,False,False
BASE_0018,empty_full,cup,direct_distance,2.3692688941955566,-2.3692688941955566,-4.604809015989304,-8.995001137256622,2.978989601135254,-2.9978809356689453,-2.9766825437545776,-8.259376615285873,-3.9950883090496063,-9.623613178730011,1.0184057652950287,1.3642365634441376,1.1913211643695831,-0.009445667266845703,-6.799905076622963,-5.6180295795202255,False,False
BASE_0018,empty_full,cup,targetfree_adjacent,2.3692688941955566,-2.3692688941955566,1.8966453075408936,-2.2240869998931885,2.025040864944458,-1.2073314189910889,1.844106674194336,-1.6569488048553467,1.552417278289795,-1.0621495246887207,0.291689395904541,-0.594799280166626,-0.15155494213104248,0.40885472297668457,-0.16372084617614746,0.09357893466949463,False,False
BASE_0018,empty_full,cup,targetfree_distance,2.3692688941955566,-2.3692688941955566,1.8966453075408936,-2.2240869998931885,2.025040864944458,-1.2073314189910889,2.875162124633789,-2.326216220855713,1.552417278289795,-1.0621495246887207,1.3227448463439941,-1.2640666961669922,0.029339075088500977,0.40885472297668457,-0.16372084617614746,0.2744729518890381,False,False
BASE_0019,empty_full,cup,direct_adjacent,2.3692688941955566,-2.3692688941955566,-4.604809015989304,-8.995001137256622,1.8724133968353271,-1.9229953289031982,-4.51964271068573,-8.012275725603104,-5.101664513349533,-8.548727571964264,0.5820218026638031,0.5364518463611603,0.5592368245124817,-0.025290966033935547,-6.799905076622963,-6.265959218144417,False,False
BASE_0019,empty_full,cup,direct_then,2.3692688941955566,-2.3692688941955566,-4.604809015989304,-8.995001137256622,1.8724133968353271,-1.9229953289031982,-4.167582452297211,-8.168248474597931,-5.101664513349533,-8.548727571964264,0.9340820610523224,0.380479097366333,0.6572805792093277,-0.025290966033935547,-6.799905076622963,-6.167915463447571,False,False
BASE_0019,empty_full,cup,direct_distance,2.3692688941955566,-2.3692688941955566,-4.604809015989304,-8.995001137256622,2.5413434505462646,-2.7163195610046387,-3.094273626804352,-8.070334196090698,-4.432734459638596,-9.342051804065704,1.3384608328342438,1.271717607975006,1.305089220404625,-0.08748805522918701,-6.799905076622963,-5.582303911447525,False,False
BASE_0019,empty_full,cup,targetfree_adjacent,2.3692688941955566,-2.3692688941955566,1.8966453075408936,-2.2240869998931885,1.94173002243042,-1.247694730758667,1.2418971061706543,-1.4688174724578857,1.4691064357757568,-1.1025128364562988,-0.22720932960510254,-0.3663046360015869,-0.2967569828033447,0.34701764583587646,-0.16372084617614746,-0.11346018314361572,False,False
BASE_0019,empty_full,cup,targetfree_distance,2.3692688941955566,-2.3692688941955566,1.8966453075408936,-2.2240869998931885,1.94173002243042,-1.247694730758667,2.614299774169922,-2.220802068710327,1.4691064357757568,-1.1025128364562988,1.145193338394165,-1.1182892322540283,0.01345205307006836,0.34701764583587646,-0.16372084617614746,0.19674885272979736,False,False
BASE_0020,empty_full,cup,direct_adjacent,2.3692688941955566,-2.3692688941955566,-4.604809015989304,-8.995001137256622,1.403890609741211,-1.9061081409454346,-4.517961204051971,-8.46032902598381,-5.570187300443649,-8.5318403840065,1.0522260963916779,0.07151135802268982,0.5618687272071838,-0.2511087656021118,-6.799905076622963,-6.489145115017891,False,False
BASE_0020,empty_full,cup,direct_then,2.3692688941955566,-2.3692688941955566,-4.604809015989304,-8.995001137256622,1.403890609741211,-1.9061081409454346,-4.170083999633789,-8.422502383589745,-5.570187300443649,-8.5318403840065,1.4001033008098602,0.10933800041675568,0.754720650613308,-0.2511087656021118,-6.799905076622963,-6.296293191611767,False,False
BASE_0020,empty_full,cup,direct_distance,2.3692688941955566,-2.3692688941955566,-4.604809015989304,-8.995001137256622,2.659656286239624,-2.9498391151428223,-3.208778440952301,-8.397659927606583,-4.314421623945236,-9.575571358203888,1.1056431829929352,1.1779114305973053,1.1417773067951202,-0.14509141445159912,-6.799905076622963,-5.803219184279442,False,False
BASE_0020,empty_full,cup,targetfree_adjacent,2.3692688941955566,-2.3692688941955566,1.8966453075408936,-2.2240869998931885,1.4700603485107422,-1.29378080368042,1.5002074241638184,-1.598064661026001,0.9974367618560791,-1.1485989093780518,0.5027706623077393,-0.4494657516479492,0.02665245532989502,0.08813977241516113,-0.16372084617614746,-0.04892861843109131,False,False
BASE_0020,empty_full,cup,targetfree_distance,2.3692688941955566,-2.3692688941955566,1.8966453075408936,-2.2240869998931885,1.4700603485107422,-1.29378080368042,2.662604331970215,-2.2741265296936035,0.9974367618560791,-1.1485989093780518,1.6651675701141357,-1.1255276203155518,0.269819974899292,0.08813977241516113,-0.16372084617614746,0.19423890113830566,False,False
BASE_0021,empty_full,bottle,direct_adjacent,3.1314573287963867,-3.1314573287963867,-4.433214634656906,-9.782945841550827,2.203995943069458,-2.8262500762939453,-4.391279101371765,-9.220112279057503,-5.360676020383835,-9.477738589048386,0.9693969190120697,0.2576263099908829,0.6135116145014763,-0.31112706661224365,-7.108080238103867,-6.805695690214634,False,False
BASE_0021,empty_full,bottle,direct_then,3.1314573287963867,-3.1314573287963867,-4.433214634656906,-9.782945841550827,2.203995943069458,-2.8262500762939453,-4.138868153095245,-9.056262612342834,-5.360676020383835,-9.477738589048386,1.2218078672885895,0.42147597670555115,0.8216419219970703,-0.31112706661224365,-7.108080238103867,-6.59756538271904,False,False
BASE_0021,empty_full,bottle,direct_distance,3.1314573287963867,-3.1314573287963867,-4.433214634656906,-9.782945841550827,3.2539937496185303,-3.6141507625579834,-3.3499318063259125,-8.894926443696022,-4.310678213834763,-10.265639275312424,0.9607464075088501,1.3707128316164017,1.1657296195626259,-0.18007850646972656,-7.108080238103867,-6.122429125010967,False,False
BASE_0021,empty_full,bottle,targetfree_adjacent,3.1314573287963867,-3.1314573287963867,2.770172119140625,-2.7506325244903564,2.124638557434082,-2.2352073192596436,2.000521421432495,-2.1776978969573975,1.7633533477783203,-1.8543825149536133,0.2371680736541748,-0.3233153820037842,-0.04307365417480469,-0.05528438091278076,0.009769797325134277,-0.08858823776245117,False,False
BASE_0021,empty_full,bottle,targetfree_distance,3.1314573287963867,-3.1314573287963867,2.770172119140625,-2.7506325244903564,2.124638557434082,-2.2352073192596436,3.1427783966064453,-2.9269933700561523,1.7633533477783203,-1.8543825149536133,1.379425048828125,-1.072610855102539,0.15340709686279297,-0.05528438091278076,0.009769797325134277,0.10789251327514648,False,False
BASE_0022,empty_full,bottle,direct_adjacent,3.1314573287963867,-3.1314573287963867,-4.433214634656906,-9.782945841550827,3.666581392288208,-3.5096428394317627,-4.274525761604309,-9.59182421863079,-3.898090571165085,-10.161131352186203,-0.37643519043922424,0.5693071335554123,0.09643597155809402,0.07846927642822266,-7.108080238103867,-6.93317499011755,False,False
BASE_0022,empty_full,bottle,direct_then,3.1314573287963867,-3.1314573287963867,-4.433214634656906,-9.782945841550827,3.666581392288208,-3.5096428394317627,-4.13027086853981,-9.308488339185715,-3.898090571165085,-10.161131352186203,-0.23218029737472534,0.8526430130004883,0.31023135781288147,0.07846927642822266,-7.108080238103867,-6.7193796038627625,False,False
BASE_0022,empty_full,bottle,direct_distance,3.1314573287963867,-3.1314573287963867,-4.433214634656906,-9.782945841550827,4.067225217819214,-3.981900215148926,-3.2943695783615112,-9.234911143779755,-3.497446745634079,-10.633388727903366,0.20307716727256775,1.3984775841236115,0.8007773756980896,0.04266250133514404,-7.108080238103867,-6.264640361070633,False,False
BASE_0022,empty_full,bottle,targetfree_adjacent,3.1314573287963867,-3.1314573287963867,2.770172119140625,-2.7506325244903564,2.978738307952881,-2.4351727962493896,2.6277809143066406,-2.393874406814575,2.617453098297119,-2.0543479919433594,0.010327816009521484,-0.3395264148712158,-0.16459929943084717,0.2717827558517456,0.009769797325134277,0.11695325374603271,False,False
BASE_0022,empty_full,bottle,targetfree_distance,3.1314573287963867,-3.1314573287963867,2.770172119140625,-2.7506325244903564,2.978738307952881,-2.4351727962493896,3.587869644165039,-3.113279342651367,2.617453098297119,-2.0543479919433594,0.9704165458679199,-1.0589313507080078,-0.044257402420043945,0.2717827558517456,0.009769797325134277,0.23729515075683594,False,False
BASE_0023,empty_full,bottle,direct_adjacent,3.1314573287963867,-3.1314573287963867,-4.433214634656906,-9.782945841550827,3.144829750061035,-3.0861306190490723,-4.468377947807312,-9.306494295597076,-4.419842213392258,-9.737619131803513,-0.04853573441505432,0.43112483620643616,0.19129455089569092,0.029349565505981445,-7.108080238103867,-6.887436121702194,False,False
BASE_0023,empty_full,bottle,direct_then,3.1314573287963867,-3.1314573287963867,-4.433214634656906,-9.782945841550827,3.144829750061035,-3.0861306190490723,-4.157560467720032,-9.22494751214981,-4.419842213392258,-9.737619131803513,0.26228174567222595,0.5126716196537018,0.38747668266296387,0.029349565505981445,-7.108080238103867,-6.691253989934921,False,False
BASE_0023,empty_full,bottle,direct_distance,3.1314573287963867,-3.1314573287963867,-4.433214634656906,-9.782945841550827,3.594160556793213,-3.647578477859497,-3.3996047377586365,-8.879066362977028,-3.97051140666008,-10.299066990613937,0.5709066689014435,1.4200006276369095,0.9954536482691765,-0.02670896053314209,-7.108080238103867,-6.139335550367832,False,False
BASE_0023,empty_full,bottle,targetfree_adjacent,3.1314573287963867,-3.1314573287963867,2.770172119140625,-2.7506325244903564,2.8783464431762695,-2.3718767166137695,2.531708002090454,-2.3615050315856934,2.517061233520508,-1.9910519123077393,0.014646768569946289,-0.3704531192779541,-0.1779031753540039,0.25323486328125,0.009769797325134277,0.08510148525238037,False,False
BASE_0023,empty_full,bottle,targetfree_distance,3.1314573287963867,-3.1314573287963867,2.770172119140625,-2.7506325244903564,2.8783464431762695,-2.3718767166137695,3.5049173831939697,-3.0485572814941406,2.517061233520508,-1.9910519123077393,0.9878561496734619,-1.0575053691864014,-0.03482460975646973,0.25323486328125,0.009769797325134277,0.22818005084991455,False,False
BASE_0024,empty_full,bottle,direct_adjacent,3.1314573287963867,-3.1314573287963867,-4.433214634656906,-9.782945841550827,2.652589797973633,-3.213507652282715,-4.530332416296005,-9.26694168150425,-4.91208216547966,-9.864996165037155,0.3817497491836548,0.5980544835329056,0.4899021163582802,-0.280458927154541,-7.108080238103867,-6.898637048900127,False,False
BASE_0024,empty_full,bottle,direct_then,3.1314573287963867,-3.1314573287963867,-4.433214634656906,-9.782945841550827,2.652589797973633,-3.213507652282715,-4.1233959794044495,-9.139083206653595,-4.91208216547966,-9.864996165037155,0.7886861860752106,0.7259129583835602,0.7572995722293854,-0.280458927154541,-7.108080238103867,-6.631239593029022,False,False
BASE_0024,empty_full,bottle,direct_distance,3.1314573287963867,-3.1314573287963867,-4.433214634656906,-9.782945841550827,3.651531219482422,-3.964155673980713,-3.3281508088111877,-9.165426805615425,-3.913140743970871,-10.615644186735153,0.5849899351596832,1.450217381119728,1.0176036581397057,-0.1563122272491455,-7.108080238103867,-6.246788807213306,False,False
BASE_0024,empty_full,bottle,targetfree_adjacent,3.1314573287963867,-3.1314573287963867,2.770172119140625,-2.7506325244903564,2.7326316833496094,-2.1318469047546387,2.394134044647217,-2.294023275375366,2.3713464736938477,-1.7510221004486084,0.02278757095336914,-0.5430011749267578,-0.26010680198669434,0.30039238929748535,0.009769797325134277,0.05005538463592529,False,False
BASE_0024,empty_full,bottle,targetfree_distance,3.1314573287963867,-3.1314573287963867,2.770172119140625,-2.7506325244903564,2.7326316833496094,-2.1318469047546387,3.493856430053711,-3.0734524726867676,2.3713464736938477,-1.7510221004486084,1.1225099563598633,-1.3224303722381592,-0.09996020793914795,0.30039238929748535,0.009769797325134277,0.21020197868347168,False,False
BASE_0025,empty_full,bottle,direct_adjacent,3.1314573287963867,-3.1314573287963867,-4.433214634656906,-9.782945841550827,2.378472089767456,-2.605038642883301,-4.662449896335602,-9.33116763830185,-5.186199873685837,-9.256527155637741,0.523749977350235,-0.07464048266410828,0.22455474734306335,-0.11328327655792236,-7.108080238103867,-6.996808767318726,False,False
BASE_0025,empty_full,bottle,direct_then,3.1314573287963867,-3.1314573287963867,-4.433214634656906,-9.782945841550827,2.378472089767456,-2.605038642883301,-4.436119914054871,-9.214411228895187,-5.186199873685837,-9.256527155637741,0.7500799596309662,0.04211592674255371,0.39609794318675995,-0.11328327655792236,-7.108080238103867,-6.825265571475029,False,False
BASE_0025,empty_full,bottle,direct_distance,3.1314573287963867,-3.1314573287963867,-4.433214634656906,-9.782945841550827,2.987671375274658,-3.145887613296509,-3.5376719534397125,-8.818829879164696,-4.577000588178635,-9.797376126050949,1.0393286347389221,0.9785462468862534,1.0089374408125877,-0.07910811901092529,-7.108080238103867,-6.178250916302204,False,False
BASE_0025,empty_full,bottle,targetfree_adjacent,3.1314573287963867,-3.1314573287963867,2.770172119140625,-2.7506325244903564,2.0520904064178467,-1.730175495147705,2.149549961090088,-2.1735715866088867,1.690805196762085,-1.3493506908416748,0.45874476432800293,-0.8242208957672119,-0.1827380657196045,0.1609574556350708,0.009769797325134277,-0.012010812759399414,False,False
BASE_0025,empty_full,bottle,targetfree_distance,3.1314573287963867,-3.1314573287963867,2.770172119140625,-2.7506325244903564,2.0520904064178467,-1.730175495147705,3.231276750564575,-2.825223922729492,1.690805196762085,-1.3493506908416748,1.5404715538024902,-1.4758732318878174,0.032299160957336426,0.1609574556350708,0.009769797325134277,0.2030264139175415,False,False
BASE_0026,empty_full,bottle,direct_adjacent,3.1314573287963867,-3.1314573287963867,-4.433214634656906,-9.782945841550827,2.5868752002716064,-2.9859561920166016,-4.759016692638397,-9.481644496321678,-4.977796763181686,-9.637444704771042,0.21878007054328918,0.1558002084493637,0.18729013949632645,-0.19954049587249756,-7.108080238103867,-7.120330594480038,False,False
BASE_0026,empty_full,bottle,direct_then,3.1314573287963867,-3.1314573287963867,-4.433214634656906,-9.782945841550827,2.5868752002716064,-2.9859561920166016,-4.424162864685059,-9.284148767590523,-4.977796763181686,-9.637444704771042,0.5536338984966278,0.3532959371805191,0.45346491783857346,-0.19954049587249756,-7.108080238103867,-6.854155816137791,False,False
BASE_0026,empty_full,bottle,direct_distance,3.1314573287963867,-3.1314573287963867,-4.433214634656906,-9.782945841550827,3.729372978210449,-3.833439588546753,-3.8714532256126404,-9.300468564033508,-3.8352989852428436,-10.484928101301193,-0.03615424036979675,1.184459537267685,0.5741526484489441,-0.052033305168151855,-7.108080238103867,-6.585960894823074,False,False
BASE_0026,empty_full,bottle,targetfree_adjacent,3.1314573287963867,-3.1314573287963867,2.770172119140625,-2.7506325244903564,2.5208914279937744,-2.430788516998291,2.4363820552825928,-2.387809991836548,2.1596062183380127,-2.0499637126922607,0.2767758369445801,-0.3378462791442871,-0.030535221099853516,0.0450514554977417,0.009769797325134277,0.02428603172302246,False,False
BASE_0026,empty_full,bottle,targetfree_distance,3.1314573287963867,-3.1314573287963867,2.770172119140625,-2.7506325244903564,2.5208914279937744,-2.430788516998291,3.5603363513946533,-3.1140589714050293,2.1596062183380127,-2.0499637126922607,1.4007301330566406,-1.0640952587127686,0.16831743717193604,0.0450514554977417,0.009769797325134277,0.223138689994812,False,False
BASE_0027,empty_full,bottle,direct_adjacent,3.1314573287963867,-3.1314573287963867,-4.433214634656906,-9.782945841550827,2.938832998275757,-3.145477771759033,-4.278387933969498,-9.244461119174957,-4.625838965177536,-9.796966284513474,0.34745103120803833,0.5525051653385162,0.4499780982732773,-0.10332238674163818,-7.108080238103867,-6.7614245265722275,False,False
BASE_0027,empty_full,bottle,direct_then,3.1314573287963867,-3.1314573287963867,-4.433214634656906,-9.782945841550827,2.938832998275757,-3.145477771759033,-3.9433803260326385,-9.052817076444626,-4.625838965177536,-9.796966284513474,0.6824586391448975,0.7441492080688477,0.7133039236068726,-0.10332238674163818,-7.108080238103867,-6.498098701238632,False,False
BASE_0027,empty_full,bottle,direct_distance,3.1314573287963867,-3.1314573287963867,-4.433214634656906,-9.782945841550827,3.7203094959259033,-3.8745970726013184,-3.216924697160721,-8.992524668574333,-3.8443624675273895,-10.526085585355759,0.6274377703666687,1.5335609167814255,1.080499343574047,-0.07714378833770752,-7.108080238103867,-6.104724682867527,False,False
BASE_0027,empty_full,bottle,targetfree_adjacent,3.1314573287963867,-3.1314573287963867,2.770172119140625,-2.7506325244903564,2.560635566711426,-2.253213882446289,2.2097415924072266,-2.265608549118042,2.199350357055664,-1.8723890781402588,0.0103912353515625,-0.3932194709777832,-0.19141411781311035,0.15371084213256836,0.009769797325134277,-0.027933478355407715,False,False
BASE_0027,empty_full,bottle,targetfree_distance,3.1314573287963867,-3.1314573287963867,2.770172119140625,-2.7506325244903564,2.560635566711426,-2.253213882446289,3.4612009525299072,-3.0781476497650146,2.199350357055664,-1.8723890781402588,1.2618505954742432,-1.2057585716247559,0.028046011924743652,0.15371084213256836,0.009769797325134277,0.1915266513824463,False,False
BASE_0028,empty_full,bottle,direct_adjacent,3.1314573287963867,-3.1314573287963867,-4.433214634656906,-9.782945841550827,3.054434061050415,-2.843538999557495,-4.305504024028778,-9.472560197114944,-4.510237902402878,-9.495027512311935,0.20473387837409973,0.022467315196990967,0.11360059678554535,0.10544753074645996,-7.108080238103867,-6.889032110571861,False,False
BASE_0028,empty_full,bottle,direct_then,3.1314573287963867,-3.1314573287963867,-4.433214634656906,-9.782945841550827,3.054434061050415,-2.843538999557495,-4.126787960529327,-9.256311133503914,-4.510237902402878,-9.495027512311935,0.3834499418735504,0.23871637880802155,0.311083160340786,0.10544753074645996,-7.108080238103867,-6.691549547016621,False,False
BASE_0028,empty_full,bottle,direct_distance,3.1314573287963867,-3.1314573287963867,-4.433214634656906,-9.782945841550827,3.8946499824523926,-3.773150682449341,-3.2246952652931213,-9.12259528040886,-3.6700219810009003,-10.424639195203781,0.44532671570777893,1.3020439147949219,0.8736853152513504,0.06074965000152588,-7.108080238103867,-6.17364527285099,False,False
BASE_0028,empty_full,bottle,targetfree_adjacent,3.1314573287963867,-3.1314573287963867,2.770172119140625,-2.7506325244903564,2.6391117572784424,-2.0576207637786865,2.619905471801758,-2.3580148220062256,2.2778265476226807,-1.6767959594726562,0.34207892417907715,-0.6812188625335693,-0.1695699691772461,0.29074549674987793,0.009769797325134277,0.1309453248977661,False,False
BASE_0028,empty_full,bottle,targetfree_distance,3.1314573287963867,-3.1314573287963867,2.770172119140625,-2.7506325244903564,2.6391117572784424,-2.0576207637786865,3.6263370513916016,-3.0881128311157227,2.2778265476226807,-1.6767959594726562,1.348510503768921,-1.4113168716430664,-0.031403183937072754,0.29074549674987793,0.009769797325134277,0.26911211013793945,False,False
BASE_0029,empty_full,bottle,direct_adjacent,3.1314573287963867,-3.1314573287963867,-4.433214634656906,-9.782945841550827,3.0280704498291016,-3.2181813716888428,-4.335648417472839,-9.21822403371334,-4.536601513624191,-9.869669884443283,0.20095309615135193,0.6514458507299423,0.4261994734406471,-0.0950554609298706,-7.108080238103867,-6.77693622559309,False,False
BASE_0029,empty_full,bottle,direct_then,3.1314573287963867,-3.1314573287963867,-4.433214634656906,-9.782945841550827,3.0280704498291016,-3.2181813716888428,-4.100152164697647,-9.133375272154808,-4.536601513624191,-9.869669884443283,0.4364493489265442,0.736294612288475,0.5863719806075096,-0.0950554609298706,-7.108080238103867,-6.616763718426228,False,False
BASE_0029,empty_full,bottle,direct_distance,3.1314573287963867,-3.1314573287963867,-4.433214634656906,-9.782945841550827,3.293813467025757,-3.5465221405029297,-3.259592115879059,-8.971683368086815,-4.270858496427536,-10.19801065325737,1.0112663805484772,1.2263272851705551,1.1187968328595161,-0.12635433673858643,-7.108080238103867,-6.115637741982937,False,False
BASE_0029,empty_full,bottle,targetfree_adjacent,3.1314573287963867,-3.1314573287963867,2.770172119140625,-2.7506325244903564,2.7111308574676514,-2.136627197265625,2.116647958755493,-2.2170281410217285,2.3498456478118896,-1.7558023929595947,-0.23319768905639648,-0.4612257480621338,-0.34721171855926514,0.2872518301010132,0.009769797325134277,-0.050190091133117676,False,False
BASE_0029,empty_full,bottle,targetfree_distance,3.1314573287963867,-3.1314573287963867,2.770172119140625,-2.7506325244903564,2.7111308574676514,-2.136627197265625,3.3554444313049316,-2.9845094680786133,2.3498456478118896,-1.7558023929595947,1.005598783493042,-1.2287070751190186,-0.11155414581298828,0.2872518301010132,0.009769797325134277,0.18546748161315918,False,False
BASE_0030,empty_full,bottle,direct_adjacent,3.1314573287963867,-3.1314573287963867,-4.433214634656906,-9.782945841550827,2.043487548828125,-2.948629379272461,-4.541276723146439,-9.431552469730377,-5.521184414625168,-9.600117892026901,0.9799076914787292,0.16856542229652405,0.5742365568876266,-0.45257091522216797,-7.108080238103867,-6.986414596438408,False,False
BASE_0030,empty_full,bottle,direct_then,3.1314573287963867,-3.1314573287963867,-4.433214634656906,-9.782945841550827,2.043487548828125,-2.948629379272461,-4.296914100646973,-9.22612352669239,-5.521184414625168,-9.600117892026901,1.2242703139781952,0.3739943653345108,0.799132339656353,-0.45257091522216797,-7.108080238103867,-6.7615188136696815,False,False
BASE_0030,empty_full,bottle,direct_distance,3.1314573287963867,-3.1314573287963867,-4.433214634656906,-9.782945841550827,3.3395731449127197,-3.690110206604004,-3.489859640598297,-9.158494770526886,-4.225098818540573,-10.341598719358444,0.735239177942276,1.1831039488315582,0.9591715633869171,-0.1752685308456421,-7.108080238103867,-6.3241772055625916,False,False
BASE_0030,empty_full,bottle,targetfree_adjacent,3.1314573287963867,-3.1314573287963867,2.770172119140625,-2.7506325244903564,2.056703567504883,-2.147834539413452,2.2212483882904053,-2.2983217239379883,1.695418357849121,-1.7670097351074219,0.5258300304412842,-0.5313119888305664,-0.0027409791946411133,-0.04556548595428467,0.009769797325134277,-0.038536667823791504,False,False
BASE_0030,empty_full,bottle,targetfree_distance,3.1314573287963867,-3.1314573287963867,2.770172119140625,-2.7506325244903564,2.056703567504883,-2.147834539413452,3.3441033363342285,-3.0272934436798096,1.695418357849121,-1.7670097351074219,1.6486849784851074,-1.2602837085723877,0.19420063495635986,-0.04556548595428467,0.009769797325134277,0.15840494632720947,False,False
BASE_0031,open_closed,box,direct_adjacent,-0.21962404251098633,0.21962404251098633,-5.163980271667242,-4.74409581720829,-0.45759010314941406,4.035340148955584,-4.977843342348933,-3.2971315532922745,-5.40194633230567,-0.9283797107636929,0.42410298995673656,-2.3687518425285816,-0.9723244262859225,1.7888750229030848,-4.954038044437766,-4.137487447820604,False,False
BASE_0031,open_closed,box,direct_then,-0.21962404251098633,0.21962404251098633,-5.163980271667242,-4.74409581720829,-0.45759010314941406,4.035340148955584,-4.70727239176631,-3.7744570076465607,-5.40194633230567,-0.9283797107636929,0.69467394053936,-2.846077296882868,-1.0757016781717539,1.7888750229030848,-4.954038044437766,-4.240864699706435,False,False
BASE_0031,open_closed,box,direct_distance,-0.21962404251098633,0.21962404251098633,-5.163980271667242,-4.74409581720829,0.6193904876708984,1.5521144270896912,-4.462101731449366,-2.9798402041196823,-4.324965741485357,-3.4116054326295853,-0.13713598996400833,0.43176522850990295,0.1473146192729473,1.0857524573802948,-4.954038044437766,-3.720970967784524,False,True
BASE_0031,open_closed,box,targetfree_adjacent,-0.21962404251098633,0.21962404251098633,-1.685983657836914,1.6243200302124023,1.3446712493896484,1.8077783584594727,-0.8081321716308594,1.4531203508377075,-0.1216883659362793,3.2124743461608887,-0.6864438056945801,-1.7593539953231812,-1.2228989005088806,1.5762248039245605,-0.03083181381225586,0.3224940896034241,False,True
BASE_0031,open_closed,box,targetfree_distance,-0.21962404251098633,0.21962404251098633,-1.685983657836914,1.6243200302124023,1.3446712493896484,1.8077783584594727,-0.768956184387207,1.4323004484176636,-0.1216883659362793,3.2124743461608887,-0.6472678184509277,-1.780173897743225,-1.2137208580970764,1.5762248039245605,-0.03083181381225586,0.33167213201522827,False,True
BASE_0032,open_closed,box,direct_adjacent,-0.21962404251098633,0.21962404251098633,-5.163980271667242,-4.74409581720829,-1.1193169355392456,4.098958902060986,-5.067382048815489,-3.527242712676525,-6.063673164695501,-0.8647609576582909,0.9962911158800125,-2.6624817550182343,-0.8330953195691109,1.48982098326087,-4.954038044437766,-4.297312380746007,False,False
BASE_0032,open_closed,box,direct_then,-0.21962404251098633,0.21962404251098633,-5.163980271667242,-4.74409581720829,-1.1193169355392456,4.098958902060986,-4.8329668790102005,-3.8060263991355896,-6.063673164695501,-0.8647609576582909,1.2307062856853008,-2.9412654414772987,-0.855279577895999,1.48982098326087,-4.954038044437766,-4.319496639072895,False,False
BASE_0032,open_closed,box,direct_distance,-0.21962404251098633,0.21962404251098633,-5.163980271667242,-4.74409581720829,0.350677490234375,1.0067834258079529,-4.528169799596071,-3.4574556946754456,-4.593678738921881,-3.9569364339113235,0.06550893932580948,0.499480739235878,0.28249483928084373,0.6787304580211639,-4.954038044437766,-3.9928127471357584,False,True
BASE_0032,open_closed,box,targetfree_adjacent,-0.21962404251098633,0.21962404251098633,-1.6859807968139648,1.6243200302124023,1.0713977813720703,1.8619508743286133,-0.9112701416015625,1.5759810209274292,-0.3949589729309082,3.2666468620300293,-0.5163111686706543,-1.6906658411026,-1.1034885048866272,1.4666743278503418,-0.03083038330078125,0.33235543966293335,False,True
BASE_0032,open_closed,box,targetfree_distance,-0.21962404251098633,0.21962404251098633,-1.6859807968139648,1.6243200302124023,1.0713977813720703,1.8619508743286133,-0.8687648773193359,1.4936000108718872,-0.3949589729309082,3.2666468620300293,-0.47380590438842773,-1.773046851158142,-1.123426377773285,1.4666743278503418,-0.03083038330078125,0.31241756677627563,False,True
BASE_0033,open_closed,box,direct_adjacent,-0.21962404251098633,0.21962404251098633,-5.1639812253415585,-4.74409581720829,-0.7043361663818359,4.415226154029369,-5.123372046276927,-3.3102341443300247,-5.648693349212408,-0.5484937056899071,0.5253213029354811,-2.7617404386401176,-1.1182095678523183,1.8554449938237667,-4.954038521274924,-4.216803095303476,False,False
BASE_0033,open_closed,box,direct_then,-0.21962404251098633,0.21962404251098633,-5.1639812253415585,-4.74409581720829,-0.7043361663818359,4.415226154029369,-4.850940547883511,-3.7394095584750175,-5.648693349212408,-0.5484937056899071,0.7977528013288975,-3.1909158527851105,-1.1965815257281065,1.8554449938237667,-4.954038521274924,-4.295175053179264,False,False
BASE_0033,open_closed,box,direct_distance,-0.21962404251098633,0.21962404251098633,-5.1639812253415585,-4.74409581720829,0.26723384857177734,1.4038733839988708,-4.566161252558231,-3.0310201793909073,-4.677123334258795,-3.5598464757204056,0.11096208170056343,0.5288262963294983,0.31989418901503086,0.8355536162853241,-4.954038521274924,-3.7985907159745693,False,True
BASE_0033,open_closed,box,targetfree_adjacent,-0.21962404251098633,0.21962404251098633,-1.6859807968139648,1.6243200302124023,1.2598192691802979,1.9329595565795898,-0.9227045774459839,1.562108039855957,-0.20653748512268066,3.337655544281006,-0.7161670923233032,-1.7755475044250488,-1.245857298374176,1.5963894128799438,-0.03083038330078125,0.3197017312049866,False,True
BASE_0033,open_closed,box,targetfree_distance,-0.21962404251098633,0.21962404251098633,-1.6859807968139648,1.6243200302124023,1.2598192691802979,1.9329595565795898,-0.9655961990356445,1.5819958448410034,-0.20653748512268066,3.337655544281006,-0.7590587139129639,-1.7556596994400024,-1.2573592066764832,1.5963894128799438,-0.03083038330078125,0.30819982290267944,False,True
BASE_0034,open_closed,box,direct_adjacent,-0.21962404251098633,0.21962404251098633,-5.1639812253415585,-4.74409581720829,-0.6806268692016602,4.431053975597024,-4.944446356967092,-3.496810831129551,-5.624984052032232,-0.5326658841222525,0.6805376950651407,-2.9641449470072985,-1.1418036259710789,1.875213553197682,-4.954038521274924,-4.220628594048321,False,False
BASE_0034,open_closed,box,direct_then,-0.21962404251098633,0.21962404251098633,-5.1639812253415585,-4.74409581720829,-0.6806268692016602,4.431053975597024,-4.70943271741271,-4.017019383609295,-5.624984052032232,-0.5326658841222525,0.9155513346195221,-3.4843534994870424,-1.2844010824337602,1.875213553197682,-4.954038521274924,-4.3632260505110025,False,False
BASE_0034,open_closed,box,direct_distance,-0.21962404251098633,0.21962404251098633,-5.1639812253415585,-4.74409581720829,0.5931549072265625,1.4418754279613495,-4.369409758597612,-3.3441171795129776,-4.35120227560401,-3.521844431757927,-0.018207482993602753,0.17772725224494934,0.0797598846256733,1.017515167593956,-4.954038521274924,-3.856763469055295,False,True
BASE_0034,open_closed,box,targetfree_adjacent,-0.21962404251098633,0.21962404251098633,-1.6859807968139648,1.6243200302124023,1.2097723484039307,1.9724797010421753,-0.8705434799194336,1.4266643524169922,-0.25658440589904785,3.3771756887435913,-0.6139590740203857,-1.9505113363265991,-1.2822352051734924,1.591126024723053,-0.03083038330078125,0.2780604362487793,False,True
BASE_0034,open_closed,box,targetfree_distance,-0.21962404251098633,0.21962404251098633,-1.6859807968139648,1.6243200302124023,1.2097723484039307,1.9724797010421753,-0.7260417938232422,1.3693361282348633,-0.25658440589904785,3.3771756887435913,-0.46945738792419434,-2.007839560508728,-1.2386484742164612,1.591126024723053,-0.03083038330078125,0.32164716720581055,False,True
BASE_0035,open_closed,box,direct_adjacent,-0.21962404251098633,0.21962404251098633,-5.1639812253415585,-4.74409581720829,-0.8750818967819214,3.904600027948618,-5.201441830024123,-3.515886388719082,-5.8194390796124935,-1.0591198317706585,0.6179972495883703,-2.4567665569484234,-0.9193846536800265,1.5147590655833483,-4.954038521274924,-4.3586641093716025,False,False
BASE_0035,open_closed,box,direct_then,-0.21962404251098633,0.21962404251098633,-5.1639812253415585,-4.74409581720829,-0.8750818967819214,3.904600027948618,-4.87226084806025,-3.9214230738580227,-5.8194390796124935,-1.0591198317706585,0.9471782315522432,-2.862303242087364,-0.9575625052675605,1.5147590655833483,-4.954038521274924,-4.3968419609591365,False,False
BASE_0035,open_closed,box,direct_distance,-0.21962404251098633,0.21962404251098633,-5.1639812253415585,-4.74409581720829,0.4332238435745239,0.797050416469574,-4.612220715731382,-3.3576899394392967,-4.511133339256048,-4.1666694432497025,-0.10108737647533417,0.8089795038104057,0.3539460636675358,0.615137130022049,-4.954038521274924,-3.9849553275853395,False,True
BASE_0035,open_closed,box,targetfree_adjacent,-0.21962404251098633,0.21962404251098633,-1.6859807968139648,1.6243200302124023,0.9944610595703125,1.8847035765647888,-0.9899692535400391,1.4892377853393555,-0.471895694732666,3.289399564266205,-0.518073558807373,-1.8001617789268494,-1.1591176688671112,1.4395823180675507,-0.03083038330078125,0.2496342658996582,False,True
BASE_0035,open_closed,box,targetfree_distance,-0.21962404251098633,0.21962404251098633,-1.6859807968139648,1.6243200302124023,0.9944610595703125,1.8847035765647888,-0.9420614838600159,1.4673508405685425,-0.471895694732666,3.289399564266205,-0.47016578912734985,-1.8220487236976624,-1.146107256412506,1.4395823180675507,-0.03083038330078125,0.2626446783542633,False,True
BASE_0036,open_closed,box,direct_adjacent,-0.21962404251098633,0.21962404251098633,-5.1639812253415585,-4.74409581720829,-0.4200258255004883,3.8543043173849583,-5.019457949325442,-3.3707141131162643,-5.36438300833106,-1.1094155423343182,0.3449250590056181,-2.261298570781946,-0.958186755888164,1.717139245942235,-4.954038521274924,-4.195086031220853,False,False
BASE_0036,open_closed,box,direct_then,-0.21962404251098633,0.21962404251098633,-5.1639812253415585,-4.74409581720829,-0.4200258255004883,3.8543043173849583,-4.676753867417574,-3.8614416122436523,-5.36438300833106,-1.1094155423343182,0.6876291409134865,-2.752026069909334,-1.0321984644979239,1.717139245942235,-4.954038521274924,-4.269097739830613,False,False
BASE_0036,open_closed,box,direct_distance,-0.21962404251098633,0.21962404251098633,-5.1639812253415585,-4.74409581720829,0.60491943359375,1.4011402428150177,-4.575690120458603,-3.156541846692562,-4.339437749236822,-3.5625796169042587,-0.23625237122178078,0.4060377702116966,0.08489269949495792,1.0030298382043839,-4.954038521274924,-3.8661159835755825,False,True
BASE_0036,open_closed,box,targetfree_adjacent,-0.21962404251098633,0.21962404251098633,-1.6859807968139648,1.6243200302124023,1.3131208419799805,1.6657047867774963,-0.9275579452514648,1.5586509704589844,-0.15323591232299805,3.0704007744789124,-0.7743220329284668,-1.511749804019928,-1.1430359184741974,1.4894128143787384,-0.03083038330078125,0.31554651260375977,False,True
BASE_0036,open_closed,box,targetfree_distance,-0.21962404251098633,0.21962404251098633,-1.6859807968139648,1.6243200302124023,1.3131208419799805,1.6657047867774963,-0.9134092330932617,1.5093088150024414,-0.15323591232299805,3.0704007744789124,-0.7601733207702637,-1.561091959476471,-1.1606326401233673,1.4894128143787384,-0.03083038330078125,0.29794979095458984,False,True
BASE_0037,open_closed,box,direct_adjacent,-0.21962404251098633,0.21962404251098633,-5.1639812253415585,-4.74409581720829,0.028528213500976562,3.7440653555095196,-5.112489553168416,-3.3547992184758186,-4.915828969329596,-1.2196545042097569,-0.19666058383882046,-2.135144714266062,-1.1659026490524411,1.886296784505248,-4.954038521274924,-4.233644385822117,False,True
BASE_0037,open_closed,box,direct_then,-0.21962404251098633,0.21962404251098633,-5.1639812253415585,-4.74409581720829,0.028528213500976562,3.7440653555095196,-4.8167897909879684,-3.824700277298689,-4.915828969329596,-1.2196545042097569,0.09903917834162712,-2.605045773088932,-1.2530032973736525,1.886296784505248,-4.954038521274924,-4.320745034143329,False,True
BASE_0037,open_closed,box,direct_distance,-0.21962404251098633,0.21962404251098633,-5.1639812253415585,-4.74409581720829,0.8218793869018555,1.2638512253761292,-4.466240733861923,-3.183712087571621,-4.122477795928717,-3.6998686343431473,-0.34376293793320656,0.5161565467715263,0.08619680441915989,1.0428653061389923,-4.954038521274924,-3.824976410716772,False,True
BASE_0037,open_closed,box,targetfree_adjacent,-0.21962404251098633,0.21962404251098633,-1.6859807968139648,1.6243200302124023,1.265751838684082,1.737341821193695,-0.9224214553833008,1.4642372131347656,-0.20060491561889648,3.142037808895111,-0.7218165397644043,-1.6778005957603455,-1.1998085677623749,1.5015468299388885,-0.03083038330078125,0.2709078788757324,False,True
BASE_0037,open_closed,box,targetfree_distance,-0.21962404251098633,0.21962404251098633,-1.6859807968139648,1.6243200302124023,1.265751838684082,1.737341821193695,-0.8261165618896484,1.464559555053711,-0.20060491561889648,3.142037808895111,-0.625511646270752,-1.6774782538414001,-1.151494950056076,1.5015468299388885,-0.03083038330078125,0.31922149658203125,False,True
BASE_0038,open_closed,box,direct_adjacent,-0.21962404251098633,0.21962404251098633,-5.1639812253415585,-4.74409581720829,-0.6610651016235352,3.8181695081293583,-5.061682818457484,-3.51912971585989,-5.605422284454107,-1.1455503515899181,0.543739465996623,-2.373579364269972,-0.9149199491366744,1.5785522032529116,-4.954038521274924,-4.290406267158687,False,False
BASE_0038,open_closed,box,direct_then,-0.21962404251098633,0.21962404251098633,-5.1639812253415585,-4.74409581720829,-0.6610651016235352,3.8181695081293583,-4.775658827275038,-3.9456195384263992,-5.605422284454107,-1.1455503515899181,0.8297634571790695,-2.800069186836481,-0.9851528648287058,1.5785522032529116,-4.954038521274924,-4.3606391828507185,False,False
BASE_0038,open_closed,box,direct_distance,-0.21962404251098633,0.21962404251098633,-5.1639812253415585,-4.74409581720829,0.46801280975341797,0.93145751953125,-4.475941821932793,-3.310404658317566,-4.476344373077154,-4.032262340188026,0.00040255114436149597,0.7218576818704605,0.361130116507411,0.699735164642334,-4.954038521274924,-3.8931732401251793,False,True
BASE_0038,open_closed,box,targetfree_adjacent,-0.21962404251098633,0.21962404251098633,-1.6859807968139648,1.6243200302124023,1.2662887573242188,1.7560845613479614,-0.9521951675415039,1.461708903312683,-0.20006799697875977,3.1607805490493774,-0.7521271705627441,-1.6990716457366943,-1.2255994081497192,1.51118665933609,-0.03083038330078125,0.2547568678855896,False,True
BASE_0038,open_closed,box,targetfree_distance,-0.21962404251098633,0.21962404251098633,-1.6859807968139648,1.6243200302124023,1.2662887573242188,1.7560845613479614,-0.8834209442138672,1.461021363735199,-0.20006799697875977,3.1607805490493774,-0.6833529472351074,-1.6997591853141785,-1.191556066274643,1.51118665933609,-0.03083038330078125,0.2888002097606659,False,True
BASE_0039,open_closed,box,direct_adjacent,-0.21962404251098633,0.21962404251098633,-5.1639812253415585,-4.74409581720829,-0.5253944396972656,4.053142506629229,-5.061100769788027,-3.5002879425883293,-5.469751622527838,-0.9105773530900478,0.40865085273981094,-2.5897105894982815,-1.0905298683792353,1.7638740334659815,-4.954038521274924,-4.280694356188178,False,False
BASE_0039,open_closed,box,direct_then,-0.21962404251098633,0.21962404251098633,-5.1639812253415585,-4.74409581720829,-0.5253944396972656,4.053142506629229,-4.812397766858339,-3.8789815194904804,-5.469751622527838,-0.9105773530900478,0.6573538556694984,-2.9684041664004326,-1.155525155365467,1.7638740334659815,-4.954038521274924,-4.34568964317441,False,False
BASE_0039,open_closed,box,direct_distance,-0.21962404251098633,0.21962404251098633,-5.1639812253415585,-4.74409581720829,0.49003326892852783,1.2963380813598633,-4.575270544737577,-3.181970663368702,-4.454323913902044,-3.667381778359413,-0.12094663083553314,0.4854111149907112,0.18223224207758904,0.8931856751441956,-4.954038521274924,-3.8786206040531397,False,True
BASE_0039,open_closed,box,targetfree_adjacent,-0.21962404251098633,0.21962404251098633,-1.6859807968139648,1.6243200302124023,1.1571216583251953,1.959003508090973,-0.8586665391921997,1.3837051391601562,-0.3092350959777832,3.363699495792389,-0.5494314432144165,-1.9799943566322327,-1.2647128999233246,1.558062583208084,-0.03083038330078125,0.26251929998397827,False,True
BASE_0039,open_closed,box,targetfree_distance,-0.21962404251098633,0.21962404251098633,-1.6859807968139648,1.6243200302124023,1.1571216583251953,1.959003508090973,-0.892181396484375,1.4890861511230469,-0.3092350959777832,3.363699495792389,-0.5829463005065918,-1.874613344669342,-1.228779822587967,1.558062583208084,-0.03083038330078125,0.29845237731933594,False,True
BASE_0040,open_closed,box,direct_adjacent,-0.21962404251098633,0.21962404251098633,-5.1639812253415585,-4.74409581720829,-1.3791732788085938,4.268055748194456,-5.004173139110208,-3.300424464046955,-6.323530461639166,-0.6956641115248203,1.3193573225289583,-2.604760352522135,-0.6427015149965882,1.4444412346929312,-4.954038521274924,-4.152298801578581,False,False
BASE_0040,open_closed,box,direct_then,-0.21962404251098633,0.21962404251098633,-5.1639812253415585,-4.74409581720829,-1.3791732788085938,4.268055748194456,-4.741192035377026,-3.8184833228588104,-6.323530461639166,-0.6956641115248203,1.5823384262621403,-3.12281921133399,-0.7702403925359249,1.4444412346929312,-4.954038521274924,-4.279837679117918,False,False
BASE_0040,open_closed,box,direct_distance,-0.21962404251098633,0.21962404251098633,-5.1639812253415585,-4.74409581720829,0.019186019897460938,1.567885398864746,-4.51192557439208,-3.0543222203850746,-4.925171162933111,-3.3958344608545303,0.4132455885410309,0.3415122404694557,0.3773789145052433,0.7935357093811035,-4.954038521274924,-3.7831238973885775,False,True
BASE_0040,open_closed,box,targetfree_adjacent,-0.21962404251098633,0.21962404251098633,-1.6859807968139648,1.6243200302124023,0.9414854049682617,1.958956778049469,-0.830897331237793,1.5414094924926758,-0.5248713493347168,3.363652765750885,-0.30602598190307617,-1.8222432732582092,-1.0641346275806427,1.4502210915088654,-0.03083038330078125,0.3552560806274414,False,True
BASE_0040,open_closed,box,targetfree_distance,-0.21962404251098633,0.21962404251098633,-1.6859807968139648,1.6243200302124023,0.9414854049682617,1.958956778049469,-0.8536796569824219,1.534733772277832,-0.5248713493347168,3.363652765750885,-0.3288083076477051,-1.828918993473053,-1.078863650560379,1.4502210915088654,-0.03083038330078125,0.3405270576477051,False,True
BASE_0041,open_closed,bag,direct_adjacent,-0.3900008201599121,0.3900008201599121,-5.497452612966299,-3.9031497091054916,-0.7757054567337036,4.322782289236784,-5.282985486090183,-2.711955025792122,-5.883157249540091,0.029631759971380234,0.6001717634499073,-2.741586785763502,-1.0707075111567974,1.7735384162515402,-4.700301161035895,-3.9974702559411526,False,False
BASE_0041,open_closed,bag,direct_then,-0.3900008201599121,0.3900008201599121,-5.497452612966299,-3.9031497091054916,-0.7757054567337036,4.322782289236784,-5.047078985720873,-3.155644327402115,-5.883157249540091,0.029631759971380234,0.8360782638192177,-3.185276087373495,-1.1745989117771387,1.7735384162515402,-4.700301161035895,-4.101361656561494,False,False
BASE_0041,open_closed,bag,direct_distance,-0.3900008201599121,0.3900008201599121,-5.497452612966299,-3.9031497091054916,0.23863792419433594,1.8686743378639221,-4.686233580112457,-2.4533644169569016,-4.868813868612051,-2.4244761914014816,0.18258028849959373,-0.028888225555419922,0.0768460314720869,1.053656131029129,-4.700301161035895,-3.5697989985346794,False,True
BASE_0041,open_closed,bag,targetfree_adjacent,-0.3900008201599121,0.3900008201599121,-2.231264114379883,2.0774383544921875,0.8576648235321045,1.9199037551879883,-1.275345802307129,1.6949806213378906,-0.9835984706878662,3.6073412895202637,-0.2917473316192627,-1.912360668182373,-1.1020539999008179,1.3887842893600464,-0.07691287994384766,0.20981740951538086,False,True
BASE_0041,open_closed,bag,targetfree_distance,-0.3900008201599121,0.3900008201599121,-2.231264114379883,2.0774383544921875,0.8576648235321045,1.9199037551879883,-1.0953893661499023,1.5931826829910278,-0.9835984706878662,3.6073412895202637,-0.11179089546203613,-2.014158606529236,-1.062974750995636,1.3887842893600464,-0.07691287994384766,0.24889665842056274,False,True
BASE_0042,open_closed,bag,direct_adjacent,-0.3900008201599121,0.3900008201599121,-5.497452612966299,-3.9031497091054916,-1.3965436220169067,4.214404195547104,-5.407734654843807,-2.9631434306502342,-6.503995414823294,-0.07874633371829987,1.0962607599794865,-2.8843970969319344,-0.894068168476224,1.4089302867650986,-4.700301161035895,-4.185439042747021,False,False
BASE_0042,open_closed,bag,direct_then,-0.3900008201599121,0.3900008201599121,-5.497452612966299,-3.9031497091054916,-1.3965436220169067,4.214404195547104,-5.204501260071993,-3.21811855584383,-6.503995414823294,-0.07874633371829987,1.2994941547513008,-3.1393722221255302,-0.9199390336871147,1.4089302867650986,-4.700301161035895,-4.2113099079579115,False,False
BASE_0042,open_closed,bag,direct_distance,-0.3900008201599121,0.3900008201599121,-5.497452612966299,-3.9031497091054916,-0.23079490661621094,1.437393307685852,-4.8301918134093285,-2.9345255196094513,-5.338246699422598,-2.8557572215795517,0.5080548860132694,-0.0787682980298996,0.2146432939916849,0.6032992005348206,-4.700301161035895,-3.88235866650939,False,False
BASE_0042,open_closed,bag,targetfree_adjacent,-0.3900008201599121,0.3900008201599121,-2.231264114379883,2.0774383544921875,0.5848608016967773,1.9732123613357544,-1.37859046459198,1.8508052825927734,-1.2564024925231934,3.66064989566803,-0.12218797206878662,-1.8098446130752563,-0.9660162925720215,1.2790365815162659,-0.07691287994384766,0.23610740900039673,False,True
BASE_0042,open_closed,bag,targetfree_distance,-0.3900008201599121,0.3900008201599121,-2.231264114379883,2.0774383544921875,0.5848608016967773,1.9732123613357544,-1.2559908628463745,1.717150628566742,-1.2564024925231934,3.66064989566803,0.00041162967681884766,-1.9434992671012878,-0.9715438187122345,1.2790365815162659,-0.07691287994384766,0.23057988286018372,False,True
BASE_0043,open_closed,bag,direct_adjacent,-0.3900008201599121,0.3900008201599121,-5.497452612966299,-3.9031497091054916,-1.1416025161743164,4.676886398345232,-5.4602354150265455,-2.7031031250953674,-6.249054308980703,0.38373586907982826,0.7888188939541578,-3.0868389941751957,-1.149010050110519,1.7676419410854578,-4.700301161035895,-4.0816692700609565,False,False
BASE_0043,open_closed,bag,direct_then,-0.3900008201599121,0.3900008201599121,-5.497452612966299,-3.9031497091054916,-1.1416025161743164,4.676886398345232,-5.249288372695446,-3.1332654282450676,-6.249054308980703,0.38373586907982826,0.9997659362852573,-3.517001297324896,-1.2586176805198193,1.7676419410854578,-4.700301161035895,-4.191276900470257,False,False
BASE_0043,open_closed,bag,direct_distance,-0.3900008201599121,0.3900008201599121,-5.497452612966299,-3.9031497091054916,-0.27341556549072266,1.8132753372192383,-4.905716020613909,-2.509841948747635,-5.38086735829711,-2.4798751920461655,0.47515133768320084,-0.02996675670146942,0.2225922904908657,0.7699298858642578,-4.700301161035895,-3.707778984680772,False,False
BASE_0043,open_closed,bag,targetfree_adjacent,-0.3900008201599121,0.3900008201599121,-2.231264114379883,2.0774383544921875,0.7033615112304688,2.170266032218933,-1.4344111680984497,1.8743486404418945,-1.137901782989502,3.8577035665512085,-0.29650938510894775,-1.983354926109314,-1.1399321556091309,1.436813771724701,-0.07691287994384766,0.2199687361717224,False,True
BASE_0043,open_closed,bag,targetfree_distance,-0.3900008201599121,0.3900008201599121,-2.231264114379883,2.0774383544921875,0.7033615112304688,2.170266032218933,-1.3833417296409607,1.8307591080665588,-1.137901782989502,3.8577035665512085,-0.24543994665145874,-2.0269444584846497,-1.1361922025680542,1.436813771724701,-0.07691287994384766,0.22370868921279907,False,True
BASE_0044,open_closed,bag,direct_adjacent,-0.3900008201599121,0.3900008201599121,-5.497452612966299,-3.9031497091054916,-1.1384086608886719,4.701104328036308,-5.318161815404892,-2.8317012041807175,-6.245860453695059,0.40795379877090454,0.9276986382901669,-3.239655002951622,-1.1559781823307276,1.7813478335738182,-4.700301161035895,-4.074931509792805,False,False
BASE_0044,open_closed,bag,direct_then,-0.3900008201599121,0.3900008201599121,-5.497452612966299,-3.9031497091054916,-1.1384086608886719,4.701104328036308,-5.122771108523011,-3.339009314775467,-6.245860453695059,0.40795379877090454,1.1230893451720476,-3.7469631135463715,-1.311936884187162,1.7813478335738182,-4.700301161035895,-4.230890211649239,False,False
BASE_0044,open_closed,bag,direct_distance,-0.3900008201599121,0.3900008201599121,-5.497452612966299,-3.9031497091054916,0.07607746124267578,1.897335946559906,-4.647115718573332,-2.786862477660179,-5.031374331563711,-2.3958145827054977,0.38425861299037933,-0.3910478949546814,-0.0033946409821510315,0.9867067039012909,-4.700301161035895,-3.7169890981167555,False,True
BASE_0044,open_closed,bag,targetfree_adjacent,-0.3900008201599121,0.3900008201599121,-2.231264114379883,2.0774383544921875,0.6623334884643555,2.1496992111206055,-1.359976887702942,1.7335597276687622,-1.1789298057556152,3.837136745452881,-0.18104708194732666,-2.1035770177841187,-1.1423120498657227,1.4060163497924805,-0.07691287994384766,0.18679141998291016,False,True
BASE_0044,open_closed,bag,targetfree_distance,-0.3900008201599121,0.3900008201599121,-2.231264114379883,2.0774383544921875,0.6623334884643555,2.1496992111206055,-1.1106539964675903,1.601974368095398,-1.1789298057556152,3.837136745452881,0.0682758092880249,-2.235162377357483,-1.083443284034729,1.4060163497924805,-0.07691287994384766,0.2456601858139038,False,True
BASE_0045,open_closed,bag,direct_adjacent,-0.3900008201599121,0.3900008201599121,-5.497452612966299,-3.9031497091054916,-1.0580722093582153,4.158556722104549,-5.486220536753535,-2.863303206861019,-6.165524002164602,-0.13459380716085434,0.679303465411067,-2.728709399700165,-1.024702967144549,1.550242256373167,-4.700301161035895,-4.174761871807277,False,False
BASE_0045,open_closed,bag,direct_then,-0.3900008201599121,0.3900008201599121,-5.497452612966299,-3.9031497091054916,-1.0580722093582153,4.158556722104549,-5.226676007732749,-3.2650947868824005,-6.165524002164602,-0.13459380716085434,0.9388479944318533,-3.130500979721546,-1.0958264926448464,1.550242256373167,-4.700301161035895,-4.245885397307575,False,False
BASE_0045,open_closed,bag,direct_distance,-0.3900008201599121,0.3900008201599121,-5.497452612966299,-3.9031497091054916,-0.09821224212646484,1.3596200346946716,-4.874713782221079,-2.7232676297426224,-5.205664034932852,-2.933530494570732,0.3309502527117729,0.21026286482810974,0.27060655876994133,0.6307038962841034,-4.700301161035895,-3.7989907059818506,False,False
BASE_0045,open_closed,bag,targetfree_adjacent,-0.3900008201599121,0.3900008201599121,-2.231264114379883,2.0774383544921875,0.49892425537109375,1.9702700972557068,-1.456182599067688,1.7488535642623901,-1.342339038848877,3.657707631587982,-0.11384356021881104,-1.908854067325592,-1.0113488137722015,1.2345971763134003,-0.07691287994384766,0.14633548259735107,False,True
BASE_0045,open_closed,bag,targetfree_distance,-0.3900008201599121,0.3900008201599121,-2.231264114379883,2.0774383544921875,0.49892425537109375,1.9702700972557068,-1.3203306198120117,1.6777562499046326,-1.342339038848877,3.657707631587982,0.022008419036865234,-1.9799513816833496,-0.9789714813232422,1.2345971763134003,-0.07691287994384766,0.17871281504631042,False,True
BASE_0046,open_closed,bag,direct_adjacent,-0.3900008201599121,0.3900008201599121,-5.497452612966299,-3.9031497091054916,-0.8056955337524414,4.148268818855286,-5.3967369347810745,-2.7389699146151543,-5.913147326558828,-0.1448817104101181,0.5164103917777538,-2.594088204205036,-1.0388389062136412,1.6712866425514221,-4.700301161035895,-4.067853424698114,False,False
BASE_0046,open_closed,bag,direct_then,-0.3900008201599121,0.3900008201599121,-5.497452612966299,-3.9031497091054916,-0.8056955337524414,4.148268818855286,-5.087679993361235,-3.249659463763237,-5.913147326558828,-0.1448817104101181,0.8254673331975937,-3.104777753353119,-1.1396552100777626,1.6712866425514221,-4.700301161035895,-4.168669728562236,False,False
BASE_0046,open_closed,bag,direct_distance,-0.3900008201599121,0.3900008201599121,-5.497452612966299,-3.9031497091054916,0.06693363189697266,1.8964529633522034,-4.908381637185812,-2.639087736606598,-5.040518160909414,-2.3966975659132004,0.1321365237236023,-0.24239017069339752,-0.055126823484897614,0.981693297624588,-4.700301161035895,-3.773734686896205,False,True
BASE_0046,open_closed,bag,targetfree_adjacent,-0.3900008201599121,0.3900008201599121,-2.231264114379883,2.0774383544921875,0.7516028881072998,1.9215269684791565,-1.4289722442626953,1.855259895324707,-1.089660406112671,3.608964502811432,-0.3393118381500244,-1.7537046074867249,-1.0465082228183746,1.3365649282932281,-0.07691287994384766,0.21314382553100586,False,True
BASE_0046,open_closed,bag,targetfree_distance,-0.3900008201599121,0.3900008201599121,-2.231264114379883,2.0774383544921875,0.7516028881072998,1.9215269684791565,-1.309335708618164,1.7503986358642578,-1.089660406112671,3.608964502811432,-0.21967530250549316,-1.858565866947174,-1.0391205847263336,1.3365649282932281,-0.07691287994384766,0.22053146362304688,False,True
BASE_0047,open_closed,bag,direct_adjacent,-0.3900008201599121,0.3900008201599121,-5.497452612966299,-3.9031497091054916,-0.01602458953857422,3.9933300837874413,-5.3725012596696615,-2.7215185165405273,-5.123476382344961,-0.2998204454779625,-0.24902487732470036,-2.421698071062565,-1.3353614741936326,1.9886527471244335,-4.700301161035895,-4.047009888105094,False,False
BASE_0047,open_closed,bag,direct_then,-0.3900008201599121,0.3900008201599121,-5.497452612966299,-3.9031497091054916,-0.01602458953857422,3.9933300837874413,-5.1210812367498875,-3.2251006215810776,-5.123476382344961,-0.2998204454779625,0.0023951455950737,-2.925280176103115,-1.4614425152540207,1.9886527471244335,-4.700301161035895,-4.1730909291654825,False,False
BASE_0047,open_closed,bag,direct_distance,-0.3900008201599121,0.3900008201599121,-5.497452612966299,-3.9031497091054916,0.4685136079788208,1.722844123840332,-4.7237489596009254,-2.594697892665863,-4.638938184827566,-2.5703064054250717,-0.0848107747733593,-0.02439148724079132,-0.05460113100707531,1.0956788659095764,-4.700301161035895,-3.6592234261333942,False,True
BASE_0047,open_closed,bag,targetfree_adjacent,-0.3900008201599121,0.3900008201599121,-2.231264114379883,2.0774383544921875,0.8000059127807617,1.8736497163772583,-1.3669624328613281,1.7306631803512573,-1.041257381439209,3.5610872507095337,-0.32570505142211914,-1.8304240703582764,-1.0780645608901978,1.33682781457901,-0.07691287994384766,0.1818503737449646,False,True
BASE_0047,open_closed,bag,targetfree_distance,-0.3900008201599121,0.3900008201599121,-2.231264114379883,2.0774383544921875,0.8000059127807617,1.8736497163772583,-1.171630859375,1.6551381349563599,-1.041257381439209,3.5610872507095337,-0.13037347793579102,-1.9059491157531738,-1.0181612968444824,1.33682781457901,-0.07691287994384766,0.24175363779067993,False,True
BASE_0048,open_closed,bag,direct_adjacent,-0.3900008201599121,0.3900008201599121,-5.497452612966299,-3.9031497091054916,-0.8860654830932617,4.036800175905228,-5.351397305727005,-2.884518526494503,-5.993517275899649,-0.2563503533601761,0.6421199701726437,-2.628168173134327,-0.9930241014808416,1.575367346405983,-4.700301161035895,-4.117957916110754,False,False
BASE_0048,open_closed,bag,direct_then,-0.3900008201599121,0.3900008201599121,-5.497452612966299,-3.9031497091054916,-0.8860654830932617,4.036800175905228,-5.10325694270432,-3.331253133714199,-5.993517275899649,-0.2563503533601761,0.8902603331953287,-3.074902780354023,-1.0923212235793471,1.575367346405983,-4.700301161035895,-4.2172550382092595,False,False
BASE_0048,open_closed,bag,direct_distance,-0.3900008201599121,0.3900008201599121,-5.497452612966299,-3.9031497091054916,-0.010506629943847656,1.4369382858276367,-4.748782280832529,-2.7266684621572495,-5.117958422750235,-2.856212243437767,0.36917614191770554,0.12954378128051758,0.24935996159911156,0.7132158279418945,-4.700301161035895,-3.7377253714948893,False,False
BASE_0048,open_closed,bag,targetfree_adjacent,-0.3900008201599121,0.3900008201599121,-2.231264114379883,2.0774383544921875,0.7970561981201172,1.8312395811080933,-1.4204187393188477,1.748214840888977,-1.0442070960998535,3.5186771154403687,-0.37621164321899414,-1.7704622745513916,-1.0733369588851929,1.3141478896141052,-0.07691287994384766,0.1638980507850647,False,True
BASE_0048,open_closed,bag,targetfree_distance,-0.3900008201599121,0.3900008201599121,-2.231264114379883,2.0774383544921875,0.7970561981201172,1.8312395811080933,-1.2310753464698792,1.6633653044700623,-1.0442070960998535,3.5186771154403687,-0.18686825037002563,-1.8553118109703064,-1.021090030670166,1.3141478896141052,-0.07691287994384766,0.21614497900009155,False,True
BASE_0049,open_closed,bag,direct_adjacent,-0.3900008201599121,0.3900008201599121,-5.497452612966299,-3.9031497091054916,-0.6676034927368164,4.37024137750268,-5.395265385508537,-2.8269976675510406,-5.775055285543203,0.07709084823727608,0.37978990003466606,-2.9040885157883167,-1.2621493078768253,1.8513189423829317,-4.700301161035895,-4.111131526529789,False,False
BASE_0049,open_closed,bag,direct_then,-0.3900008201599121,0.3900008201599121,-5.497452612966299,-3.9031497091054916,-0.6676034927368164,4.37024137750268,-5.201228950172663,-3.1958742812275887,-5.775055285543203,0.07709084823727608,0.5738263353705406,-3.2729651294648647,-1.349569397047162,1.8513189423829317,-4.700301161035895,-4.198551615700126,False,False
BASE_0049,open_closed,bag,direct_distance,-0.3900008201599121,0.3900008201599121,-5.497452612966299,-3.9031497091054916,0.016757965087890625,1.7718791365623474,-4.871469486504793,-2.588531404733658,-5.090693827718496,-2.5212713927030563,0.21922434121370316,-0.0672600120306015,0.07598216459155083,0.894318550825119,-4.700301161035895,-3.7300004456192255,False,True
BASE_0049,open_closed,bag,targetfree_adjacent,-0.3900008201599121,0.3900008201599121,-2.231264114379883,2.0774383544921875,0.7010326385498047,2.05342960357666,-1.3211003541946411,1.64677894115448,-1.140230655670166,3.7408671379089355,-0.1808696985244751,-2.0940881967544556,-1.1374789476394653,1.3772311210632324,-0.07691287994384766,0.16283929347991943,False,True
BASE_0049,open_closed,bag,targetfree_distance,-0.3900008201599121,0.3900008201599121,-2.231264114379883,2.0774383544921875,0.7010326385498047,2.05342960357666,-1.2602996826171875,1.6880340576171875,-1.140230655670166,3.7408671379089355,-0.12006902694702148,-2.052833080291748,-1.0864510536193848,1.3772311210632324,-0.07691287994384766,0.2138671875,False,True
BASE_0050,open_closed,bag,direct_adjacent,-0.3900008201599121,0.3900008201599121,-5.497452612966299,-3.9031497091054916,-1.859318733215332,4.483703624457121,-5.375547600910068,-2.725538194179535,-6.966770526021719,0.19055309519171715,1.5912229251116514,-2.916091289371252,-0.6624341821298003,1.3121924456208944,-4.700301161035895,-4.050542897544801,False,False
BASE_0050,open_closed,bag,direct_then,-0.3900008201599121,0.3900008201599121,-5.497452612966299,-3.9031497091054916,-1.859318733215332,4.483703624457121,-5.121902588754892,-3.221272401511669,-6.966770526021719,0.19055309519171715,1.8448679372668266,-3.4118254967033863,-0.7834787797182798,1.3121924456208944,-4.700301161035895,-4.171587495133281,False,False
BASE_0050,open_closed,bag,direct_distance,-0.3900008201599121,0.3900008201599121,-5.497452612966299,-3.9031497091054916,-0.6218663454055786,2.072018623352051,-4.848737917840481,-2.5032987892627716,-5.729318138211966,-2.221131905913353,0.8805802203714848,-0.28216688334941864,0.29920666851103306,0.7250761389732361,-4.700301161035895,-3.676018353551626,False,False
BASE_0050,open_closed,bag,targetfree_adjacent,-0.3900008201599121,0.3900008201599121,-2.231264114379883,2.0774383544921875,0.4013547897338867,2.0934295058250427,-1.320426106452942,1.8422003984451294,-1.439908504486084,3.780867040157318,0.11948239803314209,-1.9386666417121887,-0.9095921218395233,1.2473921477794647,-0.07691287994384766,0.26088714599609375,False,True
BASE_0050,open_closed,bag,targetfree_distance,-0.3900008201599121,0.3900008201599121,-2.231264114379883,2.0774383544921875,0.4013547897338867,2.0934295058250427,-1.2684956789016724,1.7932929396629333,-1.439908504486084,3.780867040157318,0.17141282558441162,-1.9875741004943848,-0.9080806374549866,1.2473921477794647,-0.07691287994384766,0.2623986303806305,False,True
BASE_0051,open_closed,window,direct_adjacent,-0.2472553253173828,0.2472553253173828,-4.604612208902836,-4.332123972475529,0.021590232849121094,4.046048365533352,-4.299863588064909,-3.123596079647541,-4.335766650736332,-0.5333309322595596,0.03590306267142296,-2.5902651473879814,-1.2771810423582792,2.0338192991912365,-4.468368090689182,-3.711729833856225,False,True
BASE_0051,open_closed,window,direct_then,-0.2472553253173828,0.2472553253173828,-4.604612208902836,-4.332123972475529,0.021590232849121094,4.046048365533352,-3.9811467826366425,-3.566836342215538,-4.335766650736332,-0.5333309322595596,0.3546198680996895,-3.0335054099559784,-1.3394427709281445,2.0338192991912365,-4.468368090689182,-3.7739915624260902,False,True
BASE_0051,open_closed,window,direct_distance,-0.2472553253173828,0.2472553253173828,-4.604612208902836,-4.332123972475529,0.9924362897872925,1.23718923330307,-3.9182882383465767,-3.309265099465847,-3.3649205937981606,-3.3421900644898415,-0.5533676445484161,0.032924965023994446,-0.26022133976221085,1.1148127615451813,-4.468368090689182,-3.613776668906212,False,True
BASE_0051,open_closed,window,targetfree_adjacent,-0.2472553253173828,0.2472553253173828,-1.477386474609375,1.7966526746749878,1.7176342010498047,1.08001708984375,-0.41524314880371094,1.3010808229446411,0.4875030517578125,2.629414439201355,-0.9027462005615234,-1.3283336162567139,-1.1155399084091187,1.3988256454467773,0.1596331000328064,0.4429188370704651,False,True
BASE_0051,open_closed,window,targetfree_distance,-0.2472553253173828,0.2472553253173828,-1.477386474609375,1.7966526746749878,1.7176342010498047,1.08001708984375,-0.44001007080078125,1.1217421293258667,0.4875030517578125,2.629414439201355,-0.9275131225585938,-1.5076723098754883,-1.217592716217041,1.3988256454467773,0.1596331000328064,0.3408660292625427,False,True
BASE_0052,open_closed,window,direct_adjacent,-0.2472553253173828,0.2472553253173828,-4.604612208902836,-4.332123972475529,-0.5261791944503784,3.8331508114933968,-4.31274139136076,-3.3479642793536186,-4.8835360780358315,-0.7462284862995148,0.5707946866750717,-2.601735793054104,-1.015470553189516,1.6534858085215092,-4.468368090689182,-3.830352835357189,False,False
BASE_0052,open_closed,window,direct_then,-0.2472553253173828,0.2472553253173828,-4.604612208902836,-4.332123972475529,-0.5261791944503784,3.8331508114933968,-4.031579133123159,-3.653069570660591,-4.8835360780358315,-0.7462284862995148,0.851956944912672,-2.9068410843610764,-1.0274420697242022,1.6534858085215092,-4.468368090689182,-3.8423243518918753,False,False
BASE_0052,open_closed,window,direct_distance,-0.2472553253173828,0.2472553253173828,-4.604612208902836,-4.332123972475529,0.5490111112594604,0.9635152816772461,-3.9814165011048317,-3.6259184405207634,-3.8083457723259926,-3.6158640161156654,-0.1730707287788391,-0.010054424405097961,-0.09156257659196854,0.7562631964683533,-4.468368090689182,-3.8036674708127975,False,True
BASE_0052,open_closed,window,targetfree_adjacent,-0.2472553253173828,0.2472553253173828,-1.477386474609375,1.7966526746749878,1.5263128280639648,1.0234251022338867,-0.40443503856658936,1.391758918762207,0.29618167877197266,2.5728224515914917,-0.700616717338562,-1.1810635328292847,-0.9408401250839233,1.2748689651489258,0.1596331000328064,0.49366194009780884,False,True
BASE_0052,open_closed,window,targetfree_distance,-0.2472553253173828,0.2472553253173828,-1.477386474609375,1.7966526746749878,1.5263128280639648,1.0234251022338867,-0.4907054901123047,1.1725053787231445,0.29618167877197266,2.5728224515914917,-0.7868871688842773,-1.4003170728683472,-1.0936021208763123,1.2748689651489258,0.1596331000328064,0.3408999443054199,False,True
BASE_0053,open_closed,window,direct_adjacent,-0.2472553253173828,0.2472553253173828,-4.604612208902836,-4.332123972475529,-0.21290302276611328,4.351562466472387,-4.411307346075773,-3.126702219247818,-4.570259906351566,-0.22781683132052422,0.15895256027579308,-2.8988853879272938,-1.3699664138257504,2.069329721853137,-4.468368090689182,-3.7690047826617956,False,False
BASE_0053,open_closed,window,direct_then,-0.2472553253173828,0.2472553253173828,-4.604612208902836,-4.332123972475529,-0.21290302276611328,4.351562466472387,-4.064091760665178,-3.4874143227934837,-4.570259906351566,-0.22781683132052422,0.506168145686388,-3.2595974914729595,-1.3767146728932858,2.069329721853137,-4.468368090689182,-3.775753041729331,False,False
BASE_0053,open_closed,window,direct_distance,-0.2472553253173828,0.2472553253173828,-4.604612208902836,-4.332123972475529,0.4173012971878052,1.3546066284179688,-4.024730496108532,-3.2835387215018272,-3.940055586397648,-3.224772669374943,-0.0846749097108841,-0.05876605212688446,-0.07172048091888428,0.885953962802887,-4.468368090689182,-3.6541346088051796,False,True
BASE_0053,open_closed,window,targetfree_adjacent,-0.2472553253173828,0.2472553253173828,-1.477386474609375,1.7966526746749878,1.6347599029541016,1.3020210266113281,-0.48261451721191406,1.4118632078170776,0.4046287536621094,2.851418375968933,-0.8872432708740234,-1.4395551681518555,-1.1633992195129395,1.4683904647827148,0.1596331000328064,0.4646243453025818,False,True
BASE_0053,open_closed,window,targetfree_distance,-0.2472553253173828,0.2472553253173828,-1.477386474609375,1.7966526746749878,1.6347599029541016,1.3020210266113281,-0.6166038513183594,1.2859382629394531,0.4046287536621094,2.851418375968933,-1.0212326049804688,-1.56548011302948,-1.2933563590049744,1.4683904647827148,0.1596331000328064,0.3346672058105469,False,True
BASE_0054,open_closed,window,direct_adjacent,-0.2472553253173828,0.2472553253173828,-4.604612208902836,-4.332123972475529,-0.25838184356689453,4.464357443153858,-4.318842995911837,-3.217986024916172,-4.615738727152348,-0.11502185463905334,0.29689573124051094,-3.1029641702771187,-1.4030342195183039,2.102987799793482,-4.468368090689182,-3.7684145104140043,False,False
BASE_0054,open_closed,window,direct_then,-0.2472553253173828,0.2472553253173828,-4.604612208902836,-4.332123972475529,-0.25838184356689453,4.464357443153858,-4.015482023358345,-3.7110834196209908,-4.615738727152348,-0.11502185463905334,0.6002567037940025,-3.5960615649819374,-1.4979024305939674,2.102987799793482,-4.468368090689182,-3.863282721489668,False,False
BASE_0054,open_closed,window,direct_distance,-0.2472553253173828,0.2472553253173828,-4.604612208902836,-4.332123972475529,0.8245658874511719,1.2898073196411133,-3.8563071005046368,-3.4655847176909447,-3.532790996134281,-3.2895719781517982,-0.3235161043703556,-0.17601273953914642,-0.24976442195475101,1.0571866035461426,-4.468368090689182,-3.6609459090977907,False,True
BASE_0054,open_closed,window,targetfree_adjacent,-0.2472553253173828,0.2472553253173828,-1.477386474609375,1.7966526746749878,1.6105926036834717,1.344419538974762,-0.4583789110183716,1.3024368286132812,0.3804614543914795,2.893816888332367,-0.8388403654098511,-1.5913800597190857,-1.2151102125644684,1.4775060713291168,0.1596331000328064,0.42202895879745483,False,True
BASE_0054,open_closed,window,targetfree_distance,-0.2472553253173828,0.2472553253173828,-1.477386474609375,1.7966526746749878,1.6105926036834717,1.344419538974762,-0.4203910827636719,1.1006736755371094,0.3804614543914795,2.893816888332367,-0.8008525371551514,-1.7931432127952576,-1.2969978749752045,1.4775060713291168,0.1596331000328064,0.34014129638671875,False,True
BASE_0055,open_closed,window,direct_adjacent,-0.2472553253173828,0.2472553253173828,-4.604612208902836,-4.332123972475529,-0.2290802001953125,3.949650604277849,-4.486793477088213,-3.2774515002965927,-4.5864370837807655,-0.6297286935150623,0.09964360669255257,-2.6477228067815304,-1.274039600044489,1.8602852020412683,-4.468368090689182,-3.882122488692403,False,False
BASE_0055,open_closed,window,direct_then,-0.2472553253173828,0.2472553253173828,-4.604612208902836,-4.332123972475529,-0.2290802001953125,3.949650604277849,-4.100668728351593,-3.706866182386875,-4.5864370837807655,-0.6297286935150623,0.4857683554291725,-3.077137488871813,-1.2956845667213202,1.8602852020412683,-4.468368090689182,-3.903767455369234,False,False
BASE_0055,open_closed,window,direct_distance,-0.2472553253173828,0.2472553253173828,-4.604612208902836,-4.332123972475529,0.723957896232605,0.7384605407714844,-4.041090834885836,-3.4971790313720703,-3.633398987352848,-3.840918757021427,-0.4076918475329876,0.34373972564935684,-0.031976060941815376,0.7312092185020447,-4.468368090689182,-3.769134933128953,False,True
BASE_0055,open_closed,window,targetfree_adjacent,-0.2472553253173828,0.2472553253173828,-1.477386474609375,1.7966526746749878,1.4900903701782227,1.1999950408935547,-0.5668411254882812,1.3359155654907227,0.25995922088623047,2.7493923902511597,-0.8268003463745117,-1.413476824760437,-1.1201385855674744,1.3450427055358887,0.1596331000328064,0.3845372200012207,False,True
BASE_0055,open_closed,window,targetfree_distance,-0.2472553253173828,0.2472553253173828,-1.477386474609375,1.7966526746749878,1.4900903701782227,1.1999950408935547,-0.5801982879638672,1.159591555595398,0.25995922088623047,2.7493923902511597,-0.8401575088500977,-1.5898008346557617,-1.2149791717529297,1.3450427055358887,0.1596331000328064,0.2896966338157654,False,True
BASE_0056,open_closed,window,direct_adjacent,-0.2472553253173828,0.2472553253173828,-4.604612208902836,-4.332123972475529,-0.08763885498046875,4.124796137213707,-4.353484157472849,-3.1241817101836205,-4.444995738565922,-0.45458316057920456,0.09151158109307289,-2.669598549604416,-1.2890434842556715,2.018578641116619,-4.468368090689182,-3.7388329338282347,False,False
BASE_0056,open_closed,window,direct_then,-0.2472553253173828,0.2472553253173828,-4.604612208902836,-4.332123972475529,-0.08763885498046875,4.124796137213707,-3.9578915908932686,-3.5779762119054794,-4.444995738565922,-0.45458316057920456,0.4871041476726532,-3.123393051326275,-1.3181444518268108,2.018578641116619,-4.468368090689182,-3.767933901399374,False,False
BASE_0056,open_closed,window,direct_distance,-0.2472553253173828,0.2472553253173828,-4.604612208902836,-4.332123972475529,0.9212055206298828,1.2776736617088318,-3.9638683572411537,-3.365956224501133,-3.43615136295557,-3.3017056360840797,-0.5277169942855835,-0.06425058841705322,-0.29598379135131836,1.0994395911693573,-4.468368090689182,-3.6649122908711433,False,True
BASE_0056,open_closed,window,targetfree_adjacent,-0.2472553253173828,0.2472553253173828,-1.477386474609375,1.7966526746749878,1.6962623596191406,1.0957985520362854,-0.49645519256591797,1.415318489074707,0.46613121032714844,2.6451959013938904,-0.9625864028930664,-1.2298774123191833,-1.0962319076061249,1.396030455827713,0.1596331000328064,0.45943164825439453,False,True
BASE_0056,open_closed,window,targetfree_distance,-0.2472553253173828,0.2472553253173828,-1.477386474609375,1.7966526746749878,1.6962623596191406,1.0957985520362854,-0.5283298492431641,1.1875925064086914,0.46613121032714844,2.6451959013938904,-0.9944610595703125,-1.457603394985199,-1.2260322272777557,1.396030455827713,0.1596331000328064,0.32963132858276367,False,True
BASE_0057,open_closed,window,direct_adjacent,-0.2472553253173828,0.2472553253173828,-4.604612208902836,-4.332123972475529,0.19989299774169922,3.9657925441861153,-4.410941895097494,-3.195911355316639,-4.157463885843754,-0.6135867536067963,-0.2534780092537403,-2.5823246017098427,-1.4179013054817915,2.0828427709639072,-4.468368090689182,-3.8034266252070665,False,True
BASE_0057,open_closed,window,direct_then,-0.2472553253173828,0.2472553253173828,-4.604612208902836,-4.332123972475529,0.19989299774169922,3.9657925441861153,-4.011742427945137,-3.6225166842341423,-4.157463885843754,-0.6135867536067963,0.1457214578986168,-3.008929930627346,-1.4316042363643646,2.0828427709639072,-4.468368090689182,-3.8171295560896397,False,True
BASE_0057,open_closed,window,direct_distance,-0.2472553253173828,0.2472553253173828,-4.604612208902836,-4.332123972475529,1.1329994201660156,1.0252294540405273,-3.932337701320648,-3.4402246102690697,-3.2243574634194374,-3.554149843752384,-0.7079802379012108,0.11392523348331451,-0.29702750220894814,1.0791144371032715,-4.468368090689182,-3.686281155794859,False,True
BASE_0057,open_closed,window,targetfree_adjacent,-0.2472553253173828,0.2472553253173828,-1.477386474609375,1.7966526746749878,1.677231788635254,1.0471593141555786,-0.48645782470703125,1.3261786699295044,0.4471006393432617,2.5965566635131836,-0.933558464050293,-1.2703779935836792,-1.101968228816986,1.3621955513954163,0.1596331000328064,0.4198604226112366,False,True
BASE_0057,open_closed,window,targetfree_distance,-0.2472553253173828,0.2472553253173828,-1.477386474609375,1.7966526746749878,1.677231788635254,1.0471593141555786,-0.4883689880371094,1.1752146482467651,0.4471006393432617,2.5965566635131836,-0.9354696273803711,-1.4213420152664185,-1.1784058213233948,1.3621955513954163,0.1596331000328064,0.3434228301048279,False,True
BASE_0058,open_closed,window,direct_adjacent,-0.2472553253173828,0.2472553253173828,-4.604612208902836,-4.332123972475529,0.0046367645263671875,3.61494529992342,-4.350034914910793,-3.4027470499277115,-4.352720119059086,-0.9644339978694916,0.0026852041482925415,-2.43831305205822,-1.2178139239549637,1.8097910322248936,-4.468368090689182,-3.8763909824192524,False,True
BASE_0058,open_closed,window,direct_then,-0.2472553253173828,0.2472553253173828,-4.604612208902836,-4.332123972475529,0.0046367645263671875,3.61494529992342,-4.0002185851335526,-3.798153907060623,-4.352720119059086,-0.9644339978694916,0.3525015339255333,-2.8337199091911316,-1.2406091876327991,1.8097910322248936,-4.468368090689182,-3.899186246097088,False,True
BASE_0058,open_closed,window,direct_distance,-0.2472553253173828,0.2472553253173828,-4.604612208902836,-4.332123972475529,0.8286914825439453,0.7569265365600586,-3.9217022992670536,-3.5438729524612427,-3.5286654010415077,-3.822452761232853,-0.3930368982255459,0.27857980877161026,-0.05722854472696781,0.792809009552002,-4.468368090689182,-3.732787625864148,False,True
BASE_0058,open_closed,window,targetfree_adjacent,-0.2472553253173828,0.2472553253173828,-1.477386474609375,1.7966526746749878,1.680098533630371,0.9623775482177734,-0.5121402740478516,1.3153799772262573,0.4499673843383789,2.5117748975753784,-0.9621076583862305,-1.196394920349121,-1.0792512893676758,1.3212380409240723,0.1596331000328064,0.4016198515892029,False,True
BASE_0058,open_closed,window,targetfree_distance,-0.2472553253173828,0.2472553253173828,-1.477386474609375,1.7966526746749878,1.680098533630371,0.9623775482177734,-0.5102691650390625,1.1500120162963867,0.4499673843383789,2.5117748975753784,-0.9602365493774414,-1.3617628812789917,-1.1609997153282166,1.3212380409240723,0.1596331000328064,0.3198714256286621,False,True
BASE_0059,open_closed,window,direct_adjacent,-0.2472553253173828,0.2472553253173828,-4.604612208902836,-4.332123972475529,-0.14611244201660156,4.041294928640127,-4.448723886162043,-3.2637175768613815,-4.503469325602055,-0.5380843691527843,0.05474543944001198,-2.725633207708597,-1.3354438841342926,1.9475912433117628,-4.468368090689182,-3.856220731511712,False,False
BASE_0059,open_closed,window,direct_then,-0.2472553253173828,0.2472553253173828,-4.604612208902836,-4.332123972475529,-0.14611244201660156,4.041294928640127,-4.099373072385788,-3.6624594554305077,-4.503469325602055,-0.5380843691527843,0.40409625321626663,-3.1243750862777233,-1.3601394165307283,1.9475912433117628,-4.468368090689182,-3.880916263908148,False,False
BASE_0059,open_closed,window,direct_distance,-0.2472553253173828,0.2472553253173828,-4.604612208902836,-4.332123972475529,0.784479022026062,1.112441062927246,-4.047254733741283,-3.38832276314497,-3.572877861559391,-3.4669382348656654,-0.4743768721818924,0.0786154717206955,-0.19788070023059845,0.948460042476654,-4.468368090689182,-3.7177887484431267,False,True
BASE_0059,open_closed,window,targetfree_adjacent,-0.2472553253173828,0.2472553253173828,-1.477386474609375,1.7966526746749878,1.580704927444458,1.2639236450195312,-0.4961996078491211,1.2700556516647339,0.3505737781524658,2.8133209943771362,-0.8467733860015869,-1.5432653427124023,-1.1950193643569946,1.4223142862319946,0.1596331000328064,0.3869280219078064,False,True
BASE_0059,open_closed,window,targetfree_distance,-0.2472553253173828,0.2472553253173828,-1.477386474609375,1.7966526746749878,1.580704927444458,1.2639236450195312,-0.5675067901611328,1.202235221862793,0.3505737781524658,2.8133209943771362,-0.9180805683135986,-1.6110857725143433,-1.264583170413971,1.4223142862319946,0.1596331000328064,0.3173642158508301,False,True
BASE_0060,open_closed,window,direct_adjacent,-0.2472553253173828,0.2472553253173828,-4.604612208902836,-4.332123972475529,-0.818389892578125,4.3272478468716145,-4.200374498963356,-3.1367282047867775,-5.175746776163578,-0.2521314509212971,0.975372277200222,-2.8845967538654804,-0.9546122383326292,1.7544289771467447,-4.468368090689182,-3.6685513518750668,False,False
BASE_0060,open_closed,window,direct_then,-0.2472553253173828,0.2472553253173828,-4.604612208902836,-4.332123972475529,-0.818389892578125,4.3272478468716145,-3.9081402979791164,-3.630863219499588,-5.175746776163578,-0.2521314509212971,1.2676064781844616,-3.378731768578291,-1.0555626451969147,1.7544289771467447,-4.468368090689182,-3.7695017587393522,False,False
BASE_0060,open_closed,window,direct_distance,-0.2472553253173828,0.2472553253173828,-4.604612208902836,-4.332123972475529,0.2051076889038086,1.425032615661621,-3.9427053555846214,-3.2647342532873154,-4.152249194681644,-3.1543466821312904,0.209543839097023,-0.11038757115602493,0.04957813397049904,0.8150701522827148,-4.468368090689182,-3.6037198044359684,False,True
BASE_0060,open_closed,window,targetfree_adjacent,-0.2472553253173828,0.2472553253173828,-1.477386474609375,1.7966526746749878,1.4740238189697266,1.2413339018821716,-0.2929067611694336,1.3373908996582031,0.24389266967773438,2.7907312512397766,-0.536799430847168,-1.4533403515815735,-0.9950698912143707,1.357678860425949,0.1596331000328064,0.5222420692443848,False,True
BASE_0060,open_closed,window,targetfree_distance,-0.2472553253173828,0.2472553253173828,-1.477386474609375,1.7966526746749878,1.4740238189697266,1.2413339018821716,-0.4820833206176758,1.2238997220993042,0.24389266967773438,2.7907312512397766,-0.7259759902954102,-1.5668315291404724,-1.1464037597179413,1.357678860425949,0.1596331000328064,0.3709082007408142,False,True
BASE_0061,open_closed,door,direct_adjacent,-0.9093828201293945,0.9093828201293945,-4.664414279162884,-3.8072643652558327,-0.5192556381225586,3.844798155128956,-4.1773393750190735,-2.4976633936166763,-4.274287097156048,-0.8718490302562714,0.09694772213697433,-1.625814363360405,-0.7644333206117153,1.6627712585031986,-4.235839322209358,-3.337501384317875,False,False
BASE_0061,open_closed,door,direct_then,-0.9093828201293945,0.9093828201293945,-4.664414279162884,-3.8072643652558327,-0.5192556381225586,3.844798155128956,-3.8130645528435707,-3.022854909300804,-4.274287097156048,-0.8718490302562714,0.4612225443124771,-2.1510058790445328,-0.8448916673660278,1.6627712585031986,-4.235839322209358,-3.4179597310721874,False,False
BASE_0061,open_closed,door,direct_distance,-0.9093828201293945,0.9093828201293945,-4.664414279162884,-3.8072643652558327,0.549616813659668,0.9884376525878906,-3.4485540315508842,-2.8750010281801224,-3.2054146453738213,-3.7282095327973366,-0.243139386177063,0.8532085046172142,0.3050345592200756,0.7690272331237793,-4.235839322209358,-3.1617775298655033,False,True
BASE_0061,open_closed,door,targetfree_adjacent,-0.9093828201293945,0.9093828201293945,-1.723536491394043,1.7970839738845825,1.1082019805908203,1.3880043029785156,-0.6116466522216797,1.3744583129882812,0.2940483093261719,2.2757054567337036,-0.9056949615478516,-0.9012471437454224,-0.903471052646637,1.248103141784668,0.036773741245269775,0.3814058303833008,False,True
BASE_0061,open_closed,door,targetfree_distance,-0.9093828201293945,0.9093828201293945,-1.723536491394043,1.7970839738845825,1.1082019805908203,1.3880043029785156,-0.5140867233276367,1.0689115524291992,0.2940483093261719,2.2757054567337036,-0.8081350326538086,-1.2067939043045044,-1.0074644684791565,1.248103141784668,0.036773741245269775,0.27741241455078125,False,True
BASE_0062,open_closed,door,direct_adjacent,-0.9093828201293945,0.9093828201293945,-4.664414279162884,-3.8072643652558327,-1.0800352692604065,3.6904524713754654,-4.316387075930834,-2.6483450680971146,-4.835066728293896,-1.0261947140097618,0.5186796523630619,-1.6221503540873528,-0.5517353508621454,1.3052086010575294,-4.235839322209358,-3.482366072013974,False,False
BASE_0062,open_closed,door,direct_then,-0.9093828201293945,0.9093828201293945,-4.664414279162884,-3.8072643652558327,-1.0800352692604065,3.6904524713754654,-3.928408671170473,-3.017929144203663,-4.835066728293896,-1.0261947140097618,0.9066580571234226,-1.991734430193901,-0.5425381865352392,1.3052086010575294,-4.235839322209358,-3.473168907687068,False,False
BASE_0062,open_closed,door,direct_distance,-0.9093828201293945,0.9093828201293945,-4.664414279162884,-3.8072643652558327,0.14808082580566406,0.9211616516113281,-3.553004242479801,-3.029564008116722,-3.606950633227825,-3.795485533773899,0.05394639074802399,0.765921525657177,0.4099339582026005,0.5346212387084961,-4.235839322209358,-3.2912841252982616,False,True
BASE_0062,open_closed,door,targetfree_adjacent,-0.9093828201293945,0.9093828201293945,-1.723536491394043,1.7970839738845825,0.8864536285400391,1.3573960661888123,-0.644312858581543,1.5141944885253906,0.07229995727539062,2.2450972199440002,-0.7166128158569336,-0.7309027314186096,-0.7237577736377716,1.1219248473644257,0.036773741245269775,0.43494081497192383,False,True
BASE_0062,open_closed,door,targetfree_distance,-0.9093828201293945,0.9093828201293945,-1.723536491394043,1.7970839738845825,0.8864536285400391,1.3573960661888123,-0.6058416366577148,1.1392784118652344,0.07229995727539062,2.2450972199440002,-0.6781415939331055,-1.1058188080787659,-0.8919802010059357,1.1219248473644257,0.036773741245269775,0.26671838760375977,False,True
BASE_0063,open_closed,door,direct_adjacent,-0.9093828201293945,0.9093828201293945,-4.664414279162884,-3.8072643652558327,-0.9185047149658203,4.275860868394375,-4.388071000576019,-2.4115734100341797,-4.6735361739993095,-0.44078631699085236,0.28546517342329025,-1.9707870930433273,-0.8426609598100185,1.6786780767142773,-4.235839322209358,-3.3998222053050995,False,False
BASE_0063,open_closed,door,direct_then,-0.9093828201293945,0.9093828201293945,-4.664414279162884,-3.8072643652558327,-0.9185047149658203,4.275860868394375,-3.9401589520275593,-2.8842869624495506,-4.6735361739993095,-0.44078631699085236,0.7333772219717503,-2.4435006454586983,-0.855061711743474,1.6786780767142773,-4.235839322209358,-3.412222957238555,False,False
BASE_0063,open_closed,door,direct_distance,-0.9093828201293945,0.9093828201293945,-4.664414279162884,-3.8072643652558327,0.0059757232666015625,1.2101516723632812,-3.6254997849464417,-2.75112247467041,-3.7490557357668877,-3.506495513021946,0.12355595082044601,0.7553730383515358,0.4394644945859909,0.6080636978149414,-4.235839322209358,-3.188311129808426,False,True
BASE_0063,open_closed,door,targetfree_adjacent,-0.9093828201293945,0.9093828201293945,-1.723536491394043,1.7970839738845825,0.9065275192260742,1.659672737121582,-0.745610237121582,1.552225112915039,0.09237384796142578,2.54737389087677,-0.8379840850830078,-0.995148777961731,-0.9165664315223694,1.2831001281738281,0.036773741245269775,0.4033074378967285,False,True
BASE_0063,open_closed,door,targetfree_distance,-0.9093828201293945,0.9093828201293945,-1.723536491394043,1.7970839738845825,0.9065275192260742,1.659672737121582,-0.7255849838256836,1.2525444030761719,0.09237384796142578,2.54737389087677,-0.8179588317871094,-1.2948294878005981,-1.0563941597938538,1.2831001281738281,0.036773741245269775,0.26347970962524414,False,True
BASE_0064,open_closed,door,direct_adjacent,-0.9093828201293945,0.9093828201293945,-4.664414279162884,-3.8072643652558327,-0.8233737945556641,4.202850293368101,-4.220329485833645,-2.5819951221346855,-4.578405253589153,-0.5137968920171261,0.3580757677555084,-2.0681982301175594,-0.8550612311810255,1.6897382494062185,-4.235839322209358,-3.401162303984165,False,False
BASE_0064,open_closed,door,direct_then,-0.9093828201293945,0.9093828201293945,-4.664414279162884,-3.8072643652558327,-0.8233737945556641,4.202850293368101,-3.8234988003969193,-3.1774339824914932,-4.578405253589153,-0.5137968920171261,0.754906453192234,-2.663637090474367,-0.9543653186410666,1.6897382494062185,-4.235839322209358,-3.5004663914442062,False,False
BASE_0064,open_closed,door,direct_distance,-0.9093828201293945,0.9093828201293945,-4.664414279162884,-3.8072643652558327,0.4622344970703125,1.0076904296875,-3.4114856347441673,-3.0257882177829742,-3.2927969619631767,-3.708956755697727,-0.1186886727809906,0.683168537914753,0.2822399325668812,0.7349624633789062,-4.235839322209358,-3.218636926263571,False,True
BASE_0064,open_closed,door,targetfree_adjacent,-0.9093828201293945,0.9093828201293945,-1.723536491394043,1.7970839738845825,0.9553909301757812,1.6151542663574219,-0.665496826171875,1.434512972831726,0.1412372589111328,2.50285542011261,-0.8067340850830078,-1.0683424472808838,-0.9375382661819458,1.2852725982666016,0.036773741245269775,0.38450807332992554,False,True
BASE_0064,open_closed,door,targetfree_distance,-0.9093828201293945,0.9093828201293945,-1.723536491394043,1.7970839738845825,0.9553909301757812,1.6151542663574219,-0.4947223663330078,1.0552082061767578,0.1412372589111328,2.50285542011261,-0.6359596252441406,-1.447647213935852,-1.0418034195899963,1.2852725982666016,0.036773741245269775,0.280242919921875,False,True
BASE_0065,open_closed,door,direct_adjacent,-0.9093828201293945,0.9093828201293945,-4.664414279162884,-3.8072643652558327,-0.9672746062278748,3.850641179829836,-4.4519626423716545,-2.541725069284439,-4.722306065261364,-0.8660060055553913,0.2703434228897095,-1.6757190637290478,-0.7026878204196692,1.4416832868009806,-4.235839322209358,-3.496843855828047,False,False
BASE_0065,open_closed,door,direct_then,-0.9093828201293945,0.9093828201293945,-4.664414279162884,-3.8072643652558327,-0.9672746062278748,3.850641179829836,-3.988531943410635,-3.053326666355133,-4.722306065261364,-0.8660060055553913,0.733774121850729,-2.1873206607997417,-0.7267732694745064,1.4416832868009806,-4.235839322209358,-3.520929304882884,False,False
BASE_0065,open_closed,door,direct_distance,-0.9093828201293945,0.9093828201293945,-4.664414279162884,-3.8072643652558327,0.2834196090698242,0.7876882553100586,-3.6433915942907333,-2.9080524146556854,-3.471611849963665,-3.9289589300751686,-0.17177974432706833,1.0209065154194832,0.42456338554620743,0.5355539321899414,-4.235839322209358,-3.2757220044732094,False,True
BASE_0065,open_closed,door,targetfree_adjacent,-0.9093828201293945,0.9093828201293945,-1.723536491394043,1.7970839738845825,0.8325605392456055,1.481943130493164,-0.8288936614990234,1.48870849609375,0.01840686798095703,2.369644284248352,-0.8473005294799805,-0.880935788154602,-0.8641181588172913,1.1572518348693848,0.036773741245269775,0.3299074172973633,False,True
BASE_0065,open_closed,door,targetfree_distance,-0.9093828201293945,0.9093828201293945,-1.723536491394043,1.7970839738845825,0.8325605392456055,1.481943130493164,-0.6977663040161133,1.1481963396072388,0.01840686798095703,2.369644284248352,-0.7161731719970703,-1.2214479446411133,-0.9688105583190918,1.1572518348693848,0.036773741245269775,0.22521501779556274,False,True
BASE_0066,open_closed,door,direct_adjacent,-0.9093828201293945,0.9093828201293945,-4.664414279162884,-3.8072643652558327,-0.5704793334007263,3.951522957533598,-4.371721044182777,-2.463660344481468,-4.3255107924342155,-0.7651242278516293,-0.04621025174856186,-1.698536116629839,-0.8723731841892004,1.6905218120664358,-4.235839322209358,-3.417690694332123,False,False
BASE_0066,open_closed,door,direct_then,-0.9093828201293945,0.9093828201293945,-4.664414279162884,-3.8072643652558327,-0.5704793334007263,3.951522957533598,-3.8574762158095837,-3.019157312810421,-4.3255107924342155,-0.7651242278516293,0.4680345766246319,-2.2540330849587917,-0.8929992541670799,1.6905218120664358,-4.235839322209358,-3.4383167643100023,False,False
BASE_0066,open_closed,door,direct_distance,-0.9093828201293945,0.9093828201293945,-4.664414279162884,-3.8072643652558327,0.46700572967529297,1.0990952849388123,-3.5990885496139526,-2.878870904445648,-3.2880257293581963,-3.617551900446415,-0.3110628202557564,0.7386809960007668,0.2138090878725052,0.7830505073070526,-4.235839322209358,-3.2389797270298004,False,True
BASE_0066,open_closed,door,targetfree_adjacent,-0.9093828201293945,0.9093828201293945,-1.723536491394043,1.7970839738845825,0.9053850173950195,1.4949636459350586,-0.7829055786132812,1.5754785537719727,0.0912313461303711,2.3826647996902466,-0.8741369247436523,-0.8071862459182739,-0.8406615853309631,1.200174331665039,0.036773741245269775,0.3962864875793457,False,True
BASE_0066,open_closed,door,targetfree_distance,-0.9093828201293945,0.9093828201293945,-1.723536491394043,1.7970839738845825,0.9053850173950195,1.4949636459350586,-0.6649017333984375,1.1938276290893555,0.0912313461303711,2.3826647996902466,-0.7561330795288086,-1.1888371706008911,-0.9724851250648499,1.200174331665039,0.036773741245269775,0.264462947845459,False,True
BASE_0067,open_closed,door,direct_adjacent,-0.9093828201293945,0.9093828201293945,-4.664414279162884,-3.8072643652558327,-0.22358989715576172,3.7488356232643127,-4.303246688097715,-2.481177270412445,-3.978621356189251,-0.9678115621209145,-0.32462533190846443,-1.5133657082915306,-0.9189955200999975,1.7626228630542755,-4.235839322209358,-3.3922119792550802,False,False
BASE_0067,open_closed,door,direct_then,-0.9093828201293945,0.9093828201293945,-4.664414279162884,-3.8072643652558327,-0.22358989715576172,3.7488356232643127,-3.8470316603779793,-3.0351868495345116,-3.978621356189251,-0.9678115621209145,0.13158969581127167,-2.067375287413597,-0.9678927958011627,1.7626228630542755,-4.235839322209358,-3.4411092549562454,False,False
BASE_0067,open_closed,door,direct_distance,-0.9093828201293945,0.9093828201293945,-4.664414279162884,-3.8072643652558327,0.6738548278808594,0.8887509703636169,-3.480034850537777,-2.882086679339409,-3.08117663115263,-3.8278962150216103,-0.3988582193851471,0.9458095356822014,0.27347565814852715,0.7813028991222382,-4.235839322209358,-3.181060764938593,False,True
BASE_0067,open_closed,door,targetfree_adjacent,-0.9093828201293945,0.9093828201293945,-1.723536491394043,1.7970839738845825,0.9640769958496094,1.400115966796875,-0.7339602708816528,1.4599103927612305,0.14992332458496094,2.287817120552063,-0.8838835954666138,-0.8279067277908325,-0.8558951616287231,1.1820964813232422,0.036773741245269775,0.3629750609397888,False,True
BASE_0067,open_closed,door,targetfree_distance,-0.9093828201293945,0.9093828201293945,-1.723536491394043,1.7970839738845825,0.9640769958496094,1.400115966796875,-0.6149654388427734,1.1492949724197388,0.14992332458496094,2.287817120552063,-0.7648887634277344,-1.1385221481323242,-0.9517054557800293,1.1820964813232422,0.036773741245269775,0.26716476678848267,False,True
BASE_0068,open_closed,door,direct_adjacent,-0.9093828201293945,0.9093828201293945,-4.664414279162884,-3.8072643652558327,-0.45749276876449585,3.2041463181376457,-4.258519370108843,-2.6526413038372993,-4.212524227797985,-1.5125008672475815,-0.04599514231085777,-1.1401404365897179,-0.5930677894502878,1.373326774686575,-4.235839322209358,-3.455580336973071,False,False
BASE_0068,open_closed,door,direct_then,-0.9093828201293945,0.9093828201293945,-4.664414279162884,-3.8072643652558327,-0.45749276876449585,3.2041463181376457,-3.837675951421261,-3.1622523590922356,-4.212524227797985,-1.5125008672475815,0.37484827637672424,-1.649751491844654,-0.6374516077339649,1.373326774686575,-4.235839322209358,-3.499964155256748,False,False
BASE_0068,open_closed,door,direct_distance,-0.9093828201293945,0.9093828201293945,-4.664414279162884,-3.8072643652558327,0.4397706985473633,0.6681413650512695,-3.505028784275055,-3.0135622546076775,-3.315260760486126,-4.048505820333958,-0.18976802378892899,1.0349435657262802,0.4225877709686756,0.5539560317993164,-4.235839322209358,-3.259295519441366,False,True
BASE_0068,open_closed,door,targetfree_adjacent,-0.9093828201293945,0.9093828201293945,-1.723536491394043,1.7970839738845825,1.0453815460205078,1.1558789610862732,-0.7017631530761719,1.4462709426879883,0.23122787475585938,2.043580114841461,-0.9329910278320312,-0.5973091721534729,-0.7651500999927521,1.1006302535533905,0.036773741245269775,0.3722538948059082,False,True
BASE_0068,open_closed,door,targetfree_distance,-0.9093828201293945,0.9093828201293945,-1.723536491394043,1.7970839738845825,1.0453815460205078,1.1558789610862732,-0.5863580703735352,1.0933133363723755,0.23122787475585938,2.043580114841461,-0.8175859451293945,-0.9502667784690857,-0.8839263617992401,1.1006302535533905,0.036773741245269775,0.25347763299942017,False,True
BASE_0069,open_closed,door,direct_adjacent,-0.9093828201293945,0.9093828201293945,-4.664414279162884,-3.8072643652558327,-0.7648801207542419,3.9653890654444695,-4.3086586482822895,-2.575333595275879,-4.519911579787731,-0.7512581199407578,0.21125293150544167,-1.8240754753351212,-0.8064112719148397,1.6002544723451138,-4.235839322209358,-3.441996121779084,False,False
BASE_0069,open_closed,door,direct_then,-0.9093828201293945,0.9093828201293945,-4.664414279162884,-3.8072643652558327,-0.7648801207542419,3.9653890654444695,-3.891097016632557,-3.0708131566643715,-4.519911579787731,-0.7512581199407578,0.6288145631551743,-2.3195550367236137,-0.8453702367842197,1.6002544723451138,-4.235839322209358,-3.480955086648464,False,False
BASE_0069,open_closed,door,direct_distance,-0.9093828201293945,0.9093828201293945,-4.664414279162884,-3.8072643652558327,0.3944587707519531,0.9278106689453125,-3.5732326805591583,-2.8736600130796432,-3.360572688281536,-3.7888365164399147,-0.21265999227762222,0.9151765033602715,0.3512582555413246,0.6611347198486328,-4.235839322209358,-3.223446346819401,False,True
BASE_0069,open_closed,door,targetfree_adjacent,-0.9093828201293945,0.9093828201293945,-1.723536491394043,1.7970839738845825,0.922968864440918,1.5366439819335938,-0.7243279218673706,1.3839054107666016,0.10881519317626953,2.4243451356887817,-0.8331431150436401,-1.0404397249221802,-0.9367914199829102,1.2298064231872559,0.036773741245269775,0.3297887444496155,False,True
BASE_0069,open_closed,door,targetfree_distance,-0.9093828201293945,0.9093828201293945,-1.723536491394043,1.7970839738845825,0.922968864440918,1.5366439819335938,-0.6632013320922852,1.1529855728149414,0.10881519317626953,2.4243451356887817,-0.7720165252685547,-1.2713595628738403,-1.0216880440711975,1.2298064231872559,0.036773741245269775,0.24489212036132812,False,True
BASE_0070,open_closed,door,direct_adjacent,-0.9093828201293945,0.9093828201293945,-4.664414279162884,-3.8072643652558327,-1.4353656768798828,4.0388582944869995,-4.199467793107033,-2.4363175332546234,-5.190397135913372,-0.6777888908982277,0.9909293428063393,-1.7585286423563957,-0.38379964977502823,1.3017463088035583,-4.235839322209358,-3.317892663180828,False,False
BASE_0070,open_closed,door,direct_then,-0.9093828201293945,0.9093828201293945,-4.664414279162884,-3.8072643652558327,-1.4353656768798828,4.0388582944869995,-3.7893028929829597,-3.024805001914501,-5.190397135913372,-0.6777888908982277,1.4010942429304123,-2.3470161110162735,-0.4729609340429306,1.3017463088035583,-4.235839322209358,-3.4070539474487305,False,False
BASE_0070,open_closed,door,direct_distance,-0.9093828201293945,0.9093828201293945,-4.664414279162884,-3.8072643652558327,-0.16094589233398438,1.2800054550170898,-3.518123507499695,-2.7670564502477646,-3.9159773513674736,-3.4366417303681374,0.3978538438677788,0.6695852801203728,0.5337195619940758,0.5595297813415527,-4.235839322209358,-3.1425899788737297,False,False
BASE_0070,open_closed,door,targetfree_adjacent,-0.9093828201293945,0.9093828201293945,-1.723536491394043,1.7970839738845825,0.8812112808227539,1.5146541595458984,-0.5528726577758789,1.4777392148971558,0.06705760955810547,2.4023553133010864,-0.6199302673339844,-0.9246160984039307,-0.7722731828689575,1.1979327201843262,0.036773741245269775,0.4624332785606384,False,True
BASE_0070,open_closed,door,targetfree_distance,-0.9093828201293945,0.9093828201293945,-1.723536491394043,1.7970839738845825,0.8812112808227539,1.5146541595458984,-0.6007709503173828,1.192341685295105,0.06705760955810547,2.4023553133010864,-0.6678285598754883,-1.2100136280059814,-0.9389210939407349,1.1979327201843262,0.036773741245269775,0.2957853674888611,False,True
BASE_0071,open_closed,drawer,direct_adjacent,-0.12058472633361816,0.12058472633361816,-5.597302243113518,-4.585644867271185,-0.2381143569946289,4.523091230541468,-5.367358947172761,-3.44870176166296,-5.7148318737745285,-0.18313836306333542,0.34747292660176754,-3.2655633985996246,-1.4590452359989285,2.1424884367734194,-5.091473555192351,-4.4080303544178605,False,False
BASE_0071,open_closed,drawer,direct_then,-0.12058472633361816,0.12058472633361816,-5.597302243113518,-4.585644867271185,-0.2381143569946289,4.523091230541468,-5.139638792723417,-4.032955069094896,-5.7148318737745285,-0.18313836306333542,0.5751930810511112,-3.849816706031561,-1.6373118124902248,2.1424884367734194,-5.091473555192351,-4.586296930909157,False,False
BASE_0071,open_closed,drawer,direct_distance,-0.12058472633361816,0.12058472633361816,-5.597302243113518,-4.585644867271185,0.9342126846313477,1.587911605834961,-4.79243853315711,-3.4667968675494194,-4.542504832148552,-3.118317987769842,-0.24993370100855827,-0.34847887977957726,-0.29920629039406776,1.2610621452331543,-5.091473555192351,-4.129617700353265,False,True
BASE_0071,open_closed,drawer,targetfree_adjacent,-0.12058472633361816,0.12058472633361816,-1.956275224685669,1.9036951065063477,1.5253760814666748,1.979110598564148,-1.230528712272644,1.6239776611328125,-0.310314416885376,3.7622209787368774,-0.9202142953872681,-2.138243317604065,-1.5292288064956665,1.7522433400154114,-0.026290059089660645,0.19672447443008423,False,True
BASE_0071,open_closed,drawer,targetfree_distance,-0.12058472633361816,0.12058472633361816,-1.956275224685669,1.9036951065063477,1.5253760814666748,1.979110598564148,-0.8977174758911133,1.467637062072754,-0.310314416885376,3.7622209787368774,-0.5874030590057373,-2.2945839166641235,-1.4409934878349304,1.7522433400154114,-0.026290059089660645,0.2849597930908203,False,True
BASE_0072,open_closed,drawer,direct_adjacent,-0.12058472633361816,0.12058472633361816,-5.597302243113518,-4.585644867271185,-0.69837486743927,4.215519964694977,-5.412345131859183,-3.751318834722042,-6.17509238421917,-0.4907096289098263,0.7627472523599863,-3.260609205812216,-1.2489309767261147,1.7585725486278534,-5.091473555192351,-4.581831983290613,False,False
BASE_0072,open_closed,drawer,direct_then,-0.12058472633361816,0.12058472633361816,-5.597302243113518,-4.585644867271185,-0.69837486743927,4.215519964694977,-5.209085538983345,-4.129005264490843,-6.17509238421917,-0.4907096289098263,0.9660068452358246,-3.6382956355810165,-1.336144395172596,1.7585725486278534,-5.091473555192351,-4.669045401737094,False,False
BASE_0072,open_closed,drawer,direct_distance,-0.12058472633361816,0.12058472633361816,-5.597302243113518,-4.585644867271185,0.6773557662963867,0.9528417587280273,-4.797898273915052,-3.9839076474308968,-4.799361750483513,-3.7533878348767757,0.0014634765684604645,-0.23051981255412102,-0.11452816799283028,0.815098762512207,-5.091473555192351,-4.390902960672975,False,True
BASE_0072,open_closed,drawer,targetfree_adjacent,-0.12058472633361816,0.12058472633361816,-1.956275224685669,1.9036951065063477,1.4137821197509766,2.0555115938186646,-1.2518644332885742,1.635995864868164,-0.4219083786010742,3.838621973991394,-0.8299560546875,-2.20262610912323,-1.516291081905365,1.7346468567848206,-0.026290059089660645,0.19206571578979492,False,True
BASE_0072,open_closed,drawer,targetfree_distance,-0.12058472633361816,0.12058472633361816,-1.956275224685669,1.9036951065063477,1.4137821197509766,2.0555115938186646,-0.9363718032836914,1.4685543775558472,-0.4219083786010742,3.838621973991394,-0.5144634246826172,-2.370067596435547,-1.442265510559082,1.7346468567848206,-0.026290059089660645,0.2660912871360779,False,True
BASE_0073,open_closed,drawer,direct_adjacent,-0.12058472633361816,0.12058472633361816,-5.597302243113518,-4.585644867271185,-0.35450077056884766,4.699122481048107,-5.455835435539484,-3.410365179181099,-5.831218287348747,-0.007107112556695938,0.37538285180926323,-3.403258066624403,-1.5139376074075699,2.1723108552396297,-5.091473555192351,-4.4331003073602915,False,False
BASE_0073,open_closed,drawer,direct_then,-0.12058472633361816,0.12058472633361816,-5.597302243113518,-4.585644867271185,-0.35450077056884766,4.699122481048107,-5.2425756752491,-3.9907081723213196,-5.831218287348747,-0.007107112556695938,0.5886426120996475,-3.9836010597646236,-1.697479223832488,2.1723108552396297,-5.091473555192351,-4.61664192378521,False,False
BASE_0073,open_closed,drawer,direct_distance,-0.12058472633361816,0.12058472633361816,-5.597302243113518,-4.585644867271185,0.5852556228637695,1.556870460510254,-4.848412435501814,-3.485054850578308,-4.89146189391613,-3.149359133094549,0.04304945841431618,-0.3356957174837589,-0.14632312953472137,1.0710630416870117,-5.091473555192351,-4.166733643040061,False,True
BASE_0073,open_closed,drawer,targetfree_adjacent,-0.12058472633361816,0.12058472633361816,-1.956275224685669,1.9036951065063477,1.5169470310211182,2.067450523376465,-1.2599191665649414,1.6773968935012817,-0.3187434673309326,3.8505609035491943,-0.9411756992340088,-2.1731640100479126,-1.5571698546409607,1.7921987771987915,-0.026290059089660645,0.20873886346817017,False,True
BASE_0073,open_closed,drawer,targetfree_distance,-0.12058472633361816,0.12058472633361816,-1.956275224685669,1.9036951065063477,1.5169470310211182,2.067450523376465,-1.0529946088790894,1.5847749710083008,-0.3187434673309326,3.8505609035491943,-0.7342511415481567,-2.2657859325408936,-1.5000185370445251,1.7921987771987915,-0.026290059089660645,0.2658901810646057,False,True
BASE_0074,open_closed,drawer,direct_adjacent,-0.12058472633361816,0.12058472633361816,-5.597302243113518,-4.585644867271185,-0.5323123931884766,4.832478407770395,-5.328641127794981,-3.6400270462036133,-6.009029909968376,0.1262488141655922,0.6803887821733952,-3.7662758603692055,-1.5429435390979052,2.1500830072909594,-5.091473555192351,-4.484334086999297,False,False
BASE_0074,open_closed,drawer,direct_then,-0.12058472633361816,0.12058472633361816,-5.597302243113518,-4.585644867271185,-0.5323123931884766,4.832478407770395,-5.186488017439842,-4.190220095217228,-6.009029909968376,0.1262488141655922,0.8225418925285339,-4.31646890938282,-1.746963508427143,2.1500830072909594,-5.091473555192351,-4.688354056328535,False,False
BASE_0074,open_closed,drawer,direct_distance,-0.12058472633361816,0.12058472633361816,-5.597302243113518,-4.585644867271185,0.8973464965820312,1.6365270018577576,-4.722151011228561,-3.701302595436573,-4.579371020197868,-3.0697025917470455,-0.14277999103069305,-0.6316000036895275,-0.3871899973601103,1.2669367492198944,-5.091473555192351,-4.211726803332567,False,True
BASE_0074,open_closed,drawer,targetfree_adjacent,-0.12058472633361816,0.12058472633361816,-1.956275224685669,1.9036951065063477,1.278681755065918,2.1512869596481323,-1.2939252853393555,1.5545940399169922,-0.5570087432861328,3.934397339820862,-0.7369165420532227,-2.3798032999038696,-1.5583599209785461,1.7149843573570251,-0.026290059089660645,0.13033437728881836,False,True
BASE_0074,open_closed,drawer,targetfree_distance,-0.12058472633361816,0.12058472633361816,-1.956275224685669,1.9036951065063477,1.278681755065918,2.1512869596481323,-0.8796453475952148,1.4259682893753052,-0.5570087432861328,3.934397339820862,-0.32263660430908203,-2.5084290504455566,-1.4155328273773193,1.7149843573570251,-0.026290059089660645,0.27316147089004517,False,True
BASE_0075,open_closed,drawer,direct_adjacent,-0.12058472633361816,0.12058472633361816,-5.597302243113518,-4.585644867271185,-0.511378288269043,4.208659403026104,-5.525808138772845,-3.59032429009676,-5.988095805048943,-0.4975701905786991,0.4622876662760973,-3.0927540995180607,-1.3152332166209817,1.8486405573785305,-5.091473555192351,-4.5580662144348025,False,False
BASE_0075,open_closed,drawer,direct_then,-0.12058472633361816,0.12058472633361816,-5.597302243113518,-4.585644867271185,-0.511378288269043,4.208659403026104,-5.254472617059946,-4.181537434458733,-5.988095805048943,-0.4975701905786991,0.7336231879889965,-3.6839672438800335,-1.4751720279455185,1.8486405573785305,-5.091473555192351,-4.718005025759339,False,False
BASE_0075,open_closed,drawer,direct_distance,-0.12058472633361816,0.12058472633361816,-5.597302243113518,-4.585644867271185,0.7616682052612305,0.8880014419555664,-4.898527283221483,-3.7934551164507866,-4.715049311518669,-3.8182281516492367,-0.1834779717028141,0.02477303519845009,-0.079352468252182,0.8248348236083984,-5.091473555192351,-4.345991199836135,False,True
BASE_0075,open_closed,drawer,targetfree_adjacent,-0.12058472633361816,0.12058472633361816,-1.956275224685669,1.9036951065063477,1.254267692565918,2.0185118317604065,-1.3650197982788086,1.624114990234375,-0.5814228057861328,3.801622211933136,-0.7835969924926758,-2.177507221698761,-1.4805521070957184,1.6363897621631622,-0.026290059089660645,0.1295475959777832,False,True
BASE_0075,open_closed,drawer,targetfree_distance,-0.12058472633361816,0.12058472633361816,-1.956275224685669,1.9036951065063477,1.254267692565918,2.0185118317604065,-1.0139026641845703,1.4627513885498047,-0.5814228057861328,3.801622211933136,-0.4324798583984375,-2.3388708233833313,-1.3856753408908844,1.6363897621631622,-0.026290059089660645,0.2244243621826172,False,True
BASE_0076,open_closed,drawer,direct_adjacent,-0.12058472633361816,0.12058472633361816,-5.597302243113518,-4.585644867271185,-0.43412303924560547,4.52448345720768,-5.437012562528253,-3.572782427072525,-5.910840556025505,-0.18174613639712334,0.47382799349725246,-3.3910362906754017,-1.4586041485890746,2.045180208981037,-5.091473555192351,-4.504897494800389,False,False
BASE_0076,open_closed,drawer,direct_then,-0.12058472633361816,0.12058472633361816,-5.597302243113518,-4.585644867271185,-0.43412303924560547,4.52448345720768,-5.13505825586617,-4.129448719322681,-5.910840556025505,-0.18174613639712334,0.7757823001593351,-3.947702582925558,-1.5859601413831115,2.045180208981037,-5.091473555192351,-4.632253487594426,False,False
BASE_0076,open_closed,drawer,direct_distance,-0.12058472633361816,0.12058472633361816,-5.597302243113518,-4.585644867271185,0.9476920366287231,1.4773988723754883,-4.8915957771241665,-3.6532411873340607,-4.5290254801511765,-3.228830721229315,-0.36257029697299004,-0.42441046610474586,-0.39349038153886795,1.2125454545021057,-5.091473555192351,-4.272418482229114,False,True
BASE_0076,open_closed,drawer,targetfree_adjacent,-0.12058472633361816,0.12058472633361816,-1.956275224685669,1.9036951065063477,1.3683786392211914,2.0171642303466797,-1.3470287322998047,1.6665440797805786,-0.4673118591308594,3.800274610519409,-0.8797168731689453,-2.1337305307388306,-1.506723701953888,1.6927714347839355,-0.026290059089660645,0.15975767374038696,False,True
BASE_0076,open_closed,drawer,targetfree_distance,-0.12058472633361816,0.12058472633361816,-1.956275224685669,1.9036951065063477,1.3683786392211914,2.0171642303466797,-0.9907951354980469,1.5069704055786133,-0.4673118591308594,3.800274610519409,-0.5234832763671875,-2.293304204940796,-1.4083937406539917,1.6927714347839355,-0.026290059089660645,0.2580876350402832,False,True
BASE_0077,open_closed,drawer,direct_adjacent,-0.12058472633361816,0.12058472633361816,-5.597302243113518,-4.585644867271185,0.04716300964355469,4.197561379522085,-5.423811124637723,-3.5040092766284943,-5.429554507136345,-0.5086682140827179,0.005743382498621941,-2.9953410625457764,-1.4947988400235772,2.12236219458282,-5.091473555192351,-4.463910200633109,False,True
BASE_0077,open_closed,drawer,direct_then,-0.12058472633361816,0.12058472633361816,-5.597302243113518,-4.585644867271185,0.04716300964355469,4.197561379522085,-5.206920526921749,-4.071212790906429,-5.429554507136345,-0.5086682140827179,0.2226339802145958,-3.5625445768237114,-1.6699552983045578,2.12236219458282,-5.091473555192351,-4.639066658914089,False,True
BASE_0077,open_closed,drawer,direct_distance,-0.12058472633361816,0.12058472633361816,-5.597302243113518,-4.585644867271185,1.1774234771728516,1.2164755463600159,-4.807532139122486,-3.642229087650776,-4.299294039607048,-3.489754047244787,-0.5082380995154381,-0.1524750404059887,-0.3303565699607134,1.1969495117664337,-5.091473555192351,-4.224880613386631,False,True
BASE_0077,open_closed,drawer,targetfree_adjacent,-0.12058472633361816,0.12058472633361816,-1.956275224685669,1.9036951065063477,1.5518734455108643,1.9242916107177734,-1.2779998779296875,1.610442042350769,-0.2838170528411865,3.707401990890503,-0.994182825088501,-2.096959948539734,-1.5455713868141174,1.7380825281143188,-0.026290059089660645,0.16622108221054077,False,True
BASE_0077,open_closed,drawer,targetfree_distance,-0.12058472633361816,0.12058472633361816,-1.956275224685669,1.9036951065063477,1.5518734455108643,1.9242916107177734,-0.9332599639892578,1.4666366577148438,-0.2838170528411865,3.707401990890503,-0.6494429111480713,-2.240765333175659,-1.4451041221618652,1.7380825281143188,-0.026290059089660645,0.26668834686279297,False,True
BASE_0078,open_closed,drawer,direct_adjacent,-0.12058472633361816,0.12058472633361816,-5.597302243113518,-4.585644867271185,-0.2147359848022461,4.21942064166069,-5.37888322584331,-3.6411590203642845,-5.691453501582146,-0.4868089519441128,0.31257027573883533,-3.1543500684201717,-1.4208898963406682,2.002342328429222,-5.091473555192351,-4.510021123103797,False,False
BASE_0078,open_closed,drawer,direct_then,-0.12058472633361816,0.12058472633361816,-5.597302243113518,-4.585644867271185,-0.2147359848022461,4.21942064166069,-5.201443694531918,-4.234646908938885,-5.691453501582146,-0.4868089519441128,0.4900098070502281,-3.747837956994772,-1.628914074972272,2.002342328429222,-5.091473555192351,-4.718045301735401,False,False
BASE_0078,open_closed,drawer,direct_distance,-0.12058472633361816,0.12058472633361816,-5.597302243113518,-4.585644867271185,0.9153366088867188,0.9570160508155823,-4.78166663646698,-3.7696219608187675,-4.561380907893181,-3.749213542789221,-0.22028572857379913,-0.020408418029546738,-0.12034707330167294,0.9361763298511505,-5.091473555192351,-4.275644298642874,False,True
BASE_0078,open_closed,drawer,targetfree_adjacent,-0.12058472633361816,0.12058472633361816,-1.956275224685669,1.9036951065063477,1.4548728466033936,1.9299593567848206,-1.362168312072754,1.6047402620315552,-0.3808176517486572,3.71306973695755,-0.9813506603240967,-2.108329474925995,-1.5448400676250458,1.692416101694107,-0.026290059089660645,0.12128597497940063,False,True
BASE_0078,open_closed,drawer,targetfree_distance,-0.12058472633361816,0.12058472633361816,-1.956275224685669,1.9036951065063477,1.4548728466033936,1.9299593567848206,-0.9985389709472656,1.4817390441894531,-0.3808176517486572,3.71306973695755,-0.6177213191986084,-2.231330692768097,-1.4245260059833527,1.692416101694107,-0.026290059089660645,0.24160003662109375,False,True
BASE_0079,open_closed,drawer,direct_adjacent,-0.12058472633361816,0.12058472633361816,-5.597302243113518,-4.585644867271185,-0.32793331146240234,4.301859062165022,-5.442093797028065,-3.532864585518837,-5.804650828242302,-0.4043705314397812,0.3625570312142372,-3.128494054079056,-1.3829685114324093,1.9869628753513098,-5.091473555192351,-4.487479191273451,False,False
BASE_0079,open_closed,drawer,direct_then,-0.12058472633361816,0.12058472633361816,-5.597302243113518,-4.585644867271185,-0.32793331146240234,4.301859062165022,-5.253957536071539,-4.0685012973845005,-5.804650828242302,-0.4043705314397812,0.550693292170763,-3.6641307659447193,-1.5567187368869781,1.9869628753513098,-5.091473555192351,-4.66122941672802,False,False
BASE_0079,open_closed,drawer,direct_distance,-0.12058472633361816,0.12058472633361816,-5.597302243113518,-4.585644867271185,0.8728276491165161,1.3260374069213867,-4.9083889946341515,-3.5905275493860245,-4.6038898676633835,-3.3801921866834164,-0.304499126970768,-0.2103353627026081,-0.25741724483668804,1.0994325280189514,-5.091473555192351,-4.249458272010088,False,True
BASE_0079,open_closed,drawer,targetfree_adjacent,-0.12058472633361816,0.12058472633361816,-1.956275224685669,1.9036951065063477,1.4033136367797852,2.1088991165161133,-1.2723169326782227,1.5340576171875,-0.4323768615722656,3.8920094966888428,-0.839940071105957,-2.3579518795013428,-1.59894597530365,1.7561063766479492,-0.026290059089660645,0.13087034225463867,False,True
BASE_0079,open_closed,drawer,targetfree_distance,-0.12058472633361816,0.12058472633361816,-1.956275224685669,1.9036951065063477,1.4033136367797852,2.1088991165161133,-0.9969462156295776,1.5025625228881836,-0.4323768615722656,3.8920094966888428,-0.564569354057312,-2.389446973800659,-1.4770081639289856,1.7561063766479492,-0.026290059089660645,0.252808153629303,False,True
BASE_0080,open_closed,drawer,direct_adjacent,-0.12058472633361816,0.12058472633361816,-5.597302243113518,-4.585644867271185,-0.9478796720504761,4.6716023199260235,-5.3463498670607805,-3.6393584460020065,-6.424597188830376,-0.0346272736787796,1.0782473217695951,-3.604731172323227,-1.263241925276816,1.8618613239377737,-5.091473555192351,-4.4928541565313935,False,False
BASE_0080,open_closed,drawer,direct_then,-0.12058472633361816,0.12058472633361816,-5.597302243113518,-4.585644867271185,-0.9478796720504761,4.6716023199260235,-5.179507119581103,-4.143710892647505,-6.424597188830376,-0.0346272736787796,1.2450900692492723,-4.109083618968725,-1.4319967748597264,1.8618613239377737,-5.091473555192351,-4.661609006114304,False,False
BASE_0080,open_closed,drawer,direct_distance,-0.12058472633361816,0.12058472633361816,-5.597302243113518,-4.585644867271185,0.36475181579589844,1.5018978118896484,-4.802204862236977,-3.651383303105831,-5.111965700984001,-3.2043317817151546,0.30976083874702454,-0.4470515213906765,-0.06864534132182598,0.9333248138427734,-5.091473555192351,-4.226794082671404,False,True
BASE_0080,open_closed,drawer,targetfree_adjacent,-0.12058472633361816,0.12058472633361816,-1.956275224685669,1.9036951065063477,1.2700529098510742,2.166762411594391,-1.1687469482421875,1.605422854423523,-0.5656375885009766,3.9498727917671204,-0.6031093597412109,-2.3444499373435974,-1.4737796485424042,1.7184076607227325,-0.026290059089660645,0.21833795309066772,False,True
BASE_0080,open_closed,drawer,targetfree_distance,-0.12058472633361816,0.12058472633361816,-1.956275224685669,1.9036951065063477,1.2700529098510742,2.166762411594391,-0.9432439804077148,1.5106173753738403,-0.5656375885009766,3.9498727917671204,-0.3776063919067383,-2.43925541639328,-1.4084309041500092,1.7184076607227325,-0.026290059089660645,0.28368669748306274,False,True
