label,uid,domain,idx,ConceptA,ConceptB,ContextType,ContextDiff,TargetDiff,selection_pattern,selection_DiD_item,margin_430,margin_431,delta_431_minus_430,correct_430,correct_431,pattern
oldtok_50M,material-dynamics_0,material-dynamics,0,break,drip,direct,material,concept swap,0110,-2,-1.655191421508789,-0.3571815490722656,1.2980098724365234,0,0,00
oldtok_50M,material-dynamics_4,material-dynamics,4,break,drip,direct,material,concept swap,0110,-2,-1.752676010131836,0.02060413360595703,1.773280143737793,0,1,01
oldtok_50M,material-dynamics_20,material-dynamics,20,break,flap,direct,material,concept swap,0110,-2,0.0140838623046875,-1.7111968994140625,-1.72528076171875,1,0,10
oldtok_50M,material-dynamics_22,material-dynamics,22,break,flap,direct,material,concept swap,0110,-2,-0.8399391174316406,-3.472911834716797,-2.6329727172851562,0,0,00
oldtok_50M,material-dynamics_24,material-dynamics,24,break,flap,direct,material,concept swap,0110,-2,-0.5087261199951172,-1.281620979309082,-0.7728948593139648,0,0,00
oldtok_50M,material-dynamics_26,material-dynamics,26,break,flap,direct,material,concept swap,0110,-2,-0.8064441680908203,-0.5799989700317383,0.22644519805908203,0,0,00
oldtok_50M,material-dynamics_28,material-dynamics,28,break,flap,direct,material,concept swap,0110,-2,-0.8214950561523438,-1.5791130065917969,-0.7576179504394531,0,0,00
oldtok_50M,material-dynamics_40,material-dynamics,40,break,rip ,direct,material,concept swap,0110,-2,0.0140838623046875,-1.7111968994140625,-1.72528076171875,1,0,10
oldtok_50M,material-dynamics_42,material-dynamics,42,break,rip ,direct,material,concept swap,0110,-2,-0.8399391174316406,-3.472911834716797,-2.6329727172851562,0,0,00
oldtok_50M,material-dynamics_44,material-dynamics,44,break,rip ,direct,material,concept swap,0110,-2,-0.5087261199951172,-1.281620979309082,-0.7728948593139648,0,0,00
oldtok_50M,material-dynamics_46,material-dynamics,46,break,rip ,direct,material,concept swap,0110,-2,-0.8064441680908203,-0.5799989700317383,0.22644519805908203,0,0,00
oldtok_50M,material-dynamics_48,material-dynamics,48,break,rip ,direct,material,concept swap,0110,-2,-0.8214950561523438,-1.5791130065917969,-0.7576179504394531,0,0,00
oldtok_50M,material-dynamics_50,material-dynamics,50,break,ripple,direct,material,concept swap,0110,-2,0.0140838623046875,-1.7111968994140625,-1.72528076171875,1,0,10
oldtok_50M,material-dynamics_52,material-dynamics,52,break,ripple,direct,material,concept swap,0110,-2,-1.655191421508789,-0.3571815490722656,1.2980098724365234,0,0,00
oldtok_50M,material-dynamics_54,material-dynamics,54,break,ripple,direct,material,concept swap,0110,-2,-0.8399391174316406,-3.472911834716797,-2.6329727172851562,0,0,00
oldtok_50M,material-dynamics_58,material-dynamics,58,break,ripple,direct,material,concept swap,0110,-2,-0.5087261199951172,-1.281620979309082,-0.7728948593139648,0,0,00
oldtok_50M,material-dynamics_60,material-dynamics,60,break,ripple,direct,material,concept swap,0110,-2,-1.752676010131836,0.02060413360595703,1.773280143737793,0,1,01
oldtok_50M,material-dynamics_62,material-dynamics,62,break,ripple,direct,material,concept swap,0110,-2,-0.8064441680908203,-0.5799989700317383,0.22644519805908203,0,0,00
oldtok_50M,material-dynamics_66,material-dynamics,66,break,ripple,direct,material,concept swap,0110,-2,-0.8214950561523438,-1.5791130065917969,-0.7576179504394531,0,0,00
oldtok_50M,material-dynamics_90,material-dynamics,90,break,splash,direct,material,concept swap,0110,-2,-1.655191421508789,-0.3571815490722656,1.2980098724365234,0,0,00
oldtok_50M,material-dynamics_94,material-dynamics,94,break,splash,direct,material,concept swap,0110,-2,-1.752676010131836,0.02060413360595703,1.773280143737793,0,1,01
oldtok_50M,material-dynamics_110,material-dynamics,110,break,wrinkle,direct,material,concept swap,0110,-2,0.0140838623046875,-1.7111968994140625,-1.72528076171875,1,0,10
oldtok_50M,material-dynamics_112,material-dynamics,112,break,wrinkle,direct,material,concept swap,0110,-2,-0.8399391174316406,-3.472911834716797,-2.6329727172851562,0,0,00
oldtok_50M,material-dynamics_114,material-dynamics,114,break,wrinkle,direct,material,concept swap,0110,-2,-0.5087261199951172,-1.281620979309082,-0.7728948593139648,0,0,00
oldtok_50M,material-dynamics_116,material-dynamics,116,break,wrinkle,direct,material,concept swap,0110,-2,-0.8064441680908203,-0.5799989700317383,0.22644519805908203,0,0,00
oldtok_50M,material-dynamics_118,material-dynamics,118,break,wrinkle,direct,material,concept swap,0110,-2,-0.8214950561523438,-1.5791130065917969,-0.7576179504394531,0,0,00
oldtok_50M,material-dynamics_130,material-dynamics,130,drape,pour,direct,material,concept swap,0110,-2,1.3246498107910156,0.089111328125,-1.2355384826660156,1,1,11
oldtok_50M,material-dynamics_134,material-dynamics,134,drape,pour,direct,material,concept swap,0110,-2,3.2256088256835938,-0.03269195556640625,-3.25830078125,1,0,10
oldtok_50M,material-dynamics_136,material-dynamics,136,drape,pour,direct,material,concept swap,0110,-2,1.9270687103271484,0.4241142272949219,-1.5029544830322266,1,1,11
oldtok_50M,material-dynamics_138,material-dynamics,138,drape,pour,direct,material,concept swap,0110,-2,3.932209014892578,0.6338310241699219,-3.2983779907226562,1,1,11
oldtok_50M,material-dynamics_152,material-dynamics,152,drape,stir,direct,material,concept swap,0110,-2,1.3246498107910156,0.089111328125,-1.2355384826660156,1,1,11
oldtok_50M,material-dynamics_160,material-dynamics,160,drape,stir,direct,material,concept swap,0110,-2,3.2256088256835938,-0.03269195556640625,-3.25830078125,1,0,10
oldtok_50M,material-dynamics_164,material-dynamics,164,drape,stir,direct,material,concept swap,0110,-2,1.9270687103271484,0.4241142272949219,-1.5029544830322266,1,1,11
oldtok_50M,material-dynamics_168,material-dynamics,168,drape,stir,direct,material,concept swap,0110,-2,3.932209014892578,0.6338310241699219,-3.2983779907226562,1,1,11
oldtok_50M,material-dynamics_404,material-dynamics,404,rip ,pour,direct,material,concept swap,0110,-2,2.7552757263183594,0.2690143585205078,-2.4862613677978516,1,1,11
oldtok_50M,material-dynamics_406,material-dynamics,406,rip ,pour,direct,material,concept swap,0110,-2,1.9893608093261719,0.7425918579101562,-1.2467689514160156,1,1,11
oldtok_50M,material-dynamics_408,material-dynamics,408,rip ,pour,direct,material,concept swap,0110,-2,2.643463134765625,1.5128936767578125,-1.1305694580078125,1,1,11
oldtok_50M,material-dynamics_440,material-dynamics,440,rip ,stir,direct,material,concept swap,0110,-2,2.7552757263183594,0.2690143585205078,-2.4862613677978516,1,1,11
oldtok_50M,material-dynamics_444,material-dynamics,444,rip ,stir,direct,material,concept swap,0110,-2,1.9893608093261719,0.7425918579101562,-1.2467689514160156,1,1,11
oldtok_50M,material-dynamics_448,material-dynamics,448,rip ,stir,direct,material,concept swap,0110,-2,2.643463134765625,1.5128936767578125,-1.1305694580078125,1,1,11
oldtok_50M,material-dynamics_478,material-dynamics,478,squeeze,pour,direct,material,concept swap,0110,-2,1.3288803100585938,-0.49811363220214844,-1.8269939422607422,1,0,10
oldtok_50M,material-dynamics_482,material-dynamics,482,squeeze,pour,direct,material,concept swap,0110,-2,1.1450939178466797,0.5219459533691406,-0.6231479644775391,1,1,11
oldtok_50M,material-dynamics_486,material-dynamics,486,squeeze,pour,direct,material,concept swap,0110,-2,1.8469219207763672,0.4809398651123047,-1.3659820556640625,1,1,11
oldtok_50M,material-dynamics_525,material-dynamics,525,squeeze,stir,direct,material,concept swap,0110,-2,-1.0580406188964844,1.7255935668945312,2.7836341857910156,0,1,01
oldtok_50M,material-dynamics_538,material-dynamics,538,squeeze,stir,direct,material,concept swap,0110,-2,1.3288803100585938,-0.49811363220214844,-1.8269939422607422,1,0,10
oldtok_50M,material-dynamics_541,material-dynamics,541,squeeze,stir,direct,material,concept swap,0110,-2,-0.2498321533203125,2.5597476959228516,2.809579849243164,0,1,01
oldtok_50M,material-dynamics_546,material-dynamics,546,squeeze,stir,direct,material,concept swap,0110,-2,1.1450939178466797,0.5219459533691406,-0.6231479644775391,1,1,11
oldtok_50M,material-dynamics_554,material-dynamics,554,squeeze,stir,direct,material,concept swap,0110,-2,1.8469219207763672,0.4809398651123047,-1.3659820556640625,1,1,11
oldtok_50M,material-dynamics_661,material-dynamics,661,tap,stir,direct,material,concept swap,0110,-2,-1.0580406188964844,1.7255935668945312,2.7836341857910156,0,1,01
oldtok_50M,material-dynamics_665,material-dynamics,665,tap,stir,direct,material,concept swap,0110,-2,-0.2498321533203125,2.5597476959228516,2.809579849243164,0,1,01
oldtok_50M,material-dynamics_31,material-dynamics,31,break,flap,indirect,material,concept swap,0110,-2,-0.9873695373535156,-4.913852691650391,-3.926483154296875,0,0,00
oldtok_50M,material-dynamics_177,material-dynamics,177,drape,stir,indirect,material,concept swap,0110,-2,-1.2551956176757812,-0.16588401794433594,1.0893115997314453,0,0,00
oldtok_50M,material-dynamics_187,material-dynamics,187,drape,stir,indirect,material,concept swap,0110,-2,0.4503002166748047,-3.422147750854492,-3.872447967529297,1,0,10
oldtok_50M,material-dynamics_257,material-dynamics,257,fold,stir,indirect,material,concept swap,0110,-2,-1.2551956176757812,-0.16588401794433594,1.0893115997314453,0,0,00
oldtok_50M,material-dynamics_260,material-dynamics,260,fold,stir,indirect,material,concept swap,0110,-2,0.7008552551269531,-2.402505874633789,-3.103361129760742,1,0,10
oldtok_50M,material-dynamics_267,material-dynamics,267,fold,stir,indirect,material,concept swap,0110,-2,0.4503002166748047,-3.422147750854492,-3.872447967529297,1,0,10
oldtok_50M,material-dynamics_317,material-dynamics,317,hang,stir,indirect,material,concept swap,0110,-2,-1.2551956176757812,-0.16588401794433594,1.0893115997314453,0,0,00
oldtok_50M,material-dynamics_320,material-dynamics,320,hang,stir,indirect,material,concept swap,0110,-2,0.15452003479003906,-2.34259033203125,-2.497110366821289,1,0,10
oldtok_50M,material-dynamics_327,material-dynamics,327,hang,stir,indirect,material,concept swap,0110,-2,0.4503002166748047,-3.422147750854492,-3.872447967529297,1,0,10
oldtok_50M,material-dynamics_457,material-dynamics,457,rip ,stir,indirect,material,concept swap,0110,-2,-1.2551956176757812,-0.16588401794433594,1.0893115997314453,0,0,00
oldtok_50M,material-dynamics_467,material-dynamics,467,rip ,stir,indirect,material,concept swap,0110,-2,0.4503002166748047,-3.422147750854492,-3.872447967529297,1,0,10
oldtok_50M,material-dynamics_503,material-dynamics,503,squeeze,pour,indirect,material,concept swap,0110,-2,1.18878173828125,-0.2317352294921875,-1.4205169677734375,1,0,10
oldtok_50M,material-dynamics_579,material-dynamics,579,squeeze,stir,indirect,material,concept swap,0110,-2,-1.2551956176757812,-0.16588401794433594,1.0893115997314453,0,0,00
oldtok_50M,material-dynamics_585,material-dynamics,585,squeeze,stir,indirect,material,concept swap,0110,-2,1.5434532165527344,-0.017930984497070312,-1.5613842010498047,1,0,10
oldtok_50M,material-dynamics_611,material-dynamics,611,squeeze,stir,indirect,material,concept swap,0110,-2,-0.2972393035888672,-6.164628982543945,-5.867389678955078,0,0,00
oldtok_50M,material-dynamics_617,material-dynamics,617,squeeze,stir,indirect,material,concept swap,0110,-2,0.4503002166748047,-3.422147750854492,-3.872447967529297,1,0,10
oldtok_50M,material-dynamics_682,material-dynamics,682,tap,stir,indirect,material,concept swap,0110,-2,1.9515724182128906,-0.29371070861816406,-2.2452831268310547,1,0,10
oldtok_50M,material-dynamics_687,material-dynamics,687,tap,stir,indirect,material,concept swap,0110,-2,-0.2972393035888672,-6.164628982543945,-5.867389678955078,0,0,00
oldtok_50M,material-dynamics_757,material-dynamics,757,wrinkle,stir,indirect,material,concept swap,0110,-2,-1.2551956176757812,-0.16588401794433594,1.0893115997314453,0,0,00
oldtok_50M,material-dynamics_767,material-dynamics,767,wrinkle,stir,indirect,material,concept swap,0110,-2,0.4503002166748047,-3.422147750854492,-3.872447967529297,1,0,10
oldtok_50M,material-dynamics_2,material-dynamics,2,break,drip,direct,material,concept swap,1110,-1,-2.52142333984375,-1.8616390228271484,0.6597843170166016,0,0,00
oldtok_50M,material-dynamics_6,material-dynamics,6,break,drip,direct,material,concept swap,0010,-1,-2.063081741333008,0.7822675704956055,2.8453493118286133,0,1,01
oldtok_50M,material-dynamics_8,material-dynamics,8,break,drip,direct,material,concept swap,0010,-1,-2.43060302734375,-0.16094398498535156,2.2696590423583984,0,0,00
oldtok_50M,material-dynamics_21,material-dynamics,21,break,flap,direct,material,concept swap,1110,-1,5.950386047363281,0.9677162170410156,-4.982669830322266,1,1,11
oldtok_50M,material-dynamics_23,material-dynamics,23,break,flap,direct,material,concept swap,1110,-1,5.140005111694336,-0.06803703308105469,-5.208042144775391,1,0,10
oldtok_50M,material-dynamics_25,material-dynamics,25,break,flap,direct,material,concept swap,1110,-1,6.529485702514648,1.1500225067138672,-5.379463195800781,1,1,11
oldtok_50M,material-dynamics_27,material-dynamics,27,break,flap,direct,material,concept swap,1110,-1,7.108125686645508,1.2627010345458984,-5.845424652099609,1,1,11
oldtok_50M,material-dynamics_29,material-dynamics,29,break,flap,direct,material,concept swap,1110,-1,6.7558746337890625,0.8644065856933594,-5.891468048095703,1,1,11
oldtok_50M,material-dynamics_56,material-dynamics,56,break,ripple,direct,material,concept swap,1110,-1,-2.52142333984375,-1.8616390228271484,0.6597843170166016,0,0,00
oldtok_50M,material-dynamics_64,material-dynamics,64,break,ripple,direct,material,concept swap,0010,-1,-2.063081741333008,0.7822675704956055,2.8453493118286133,0,1,01
oldtok_50M,material-dynamics_68,material-dynamics,68,break,ripple,direct,material,concept swap,0010,-1,-2.43060302734375,-0.16094398498535156,2.2696590423583984,0,0,00
oldtok_50M,material-dynamics_92,material-dynamics,92,break,splash,direct,material,concept swap,1110,-1,-2.52142333984375,-1.8616390228271484,0.6597843170166016,0,0,00
oldtok_50M,material-dynamics_96,material-dynamics,96,break,splash,direct,material,concept swap,0010,-1,-2.063081741333008,0.7822675704956055,2.8453493118286133,0,1,01
oldtok_50M,material-dynamics_98,material-dynamics,98,break,splash,direct,material,concept swap,0010,-1,-2.43060302734375,-0.16094398498535156,2.2696590423583984,0,0,00
oldtok_50M,material-dynamics_155,material-dynamics,155,drape,stir,direct,material,concept swap,1110,-1,-1.194732666015625,-1.6701698303222656,-0.4754371643066406,0,0,00
oldtok_50M,material-dynamics_157,material-dynamics,157,drape,stir,direct,material,concept swap,1110,-1,-1.5124931335449219,-1.3914642333984375,0.12102890014648438,0,0,00
oldtok_50M,material-dynamics_159,material-dynamics,159,drape,stir,direct,material,concept swap,1110,-1,-0.5852489471435547,1.0574111938476562,1.642660140991211,0,1,01
oldtok_50M,material-dynamics_162,material-dynamics,162,drape,stir,direct,material,concept swap,0010,-1,1.2695903778076172,-0.9556560516357422,-2.2252464294433594,1,0,10
oldtok_50M,material-dynamics_166,material-dynamics,166,drape,stir,direct,material,concept swap,0111,-1,2.256744384765625,-0.9477157592773438,-3.2044601440429688,1,0,10
oldtok_50M,material-dynamics_191,material-dynamics,191,flap,drip,direct,material,concept swap,0111,-1,-1.0037479400634766,-0.15932083129882812,0.8444271087646484,0,0,00
oldtok_50M,material-dynamics_193,material-dynamics,193,flap,drip,direct,material,concept swap,0111,-1,-1.7950687408447266,-0.11148452758789062,1.683584213256836,0,0,00
oldtok_50M,material-dynamics_195,material-dynamics,195,flap,drip,direct,material,concept swap,0111,-1,-1.4050636291503906,0.0258331298828125,1.4308967590332031,0,1,01
oldtok_50M,material-dynamics_197,material-dynamics,197,flap,drip,direct,material,concept swap,0111,-1,-1.120248794555664,-0.07335281372070312,1.046895980834961,0,0,00
oldtok_50M,material-dynamics_199,material-dynamics,199,flap,drip,direct,material,concept swap,0111,-1,-1.2542991638183594,0.11998367309570312,1.3742828369140625,0,1,01
oldtok_50M,material-dynamics_210,material-dynamics,210,fold,pour,direct,material,concept swap,0111,-1,-0.7709827423095703,1.2218189239501953,1.9928016662597656,0,1,01
oldtok_50M,material-dynamics_214,material-dynamics,214,fold,pour,direct,material,concept swap,0111,-1,0.45231056213378906,0.11197471618652344,-0.3403358459472656,1,1,11
oldtok_50M,material-dynamics_218,material-dynamics,218,fold,pour,direct,material,concept swap,0111,-1,1.2198848724365234,0.5288410186767578,-0.6910438537597656,1,1,11
oldtok_50M,material-dynamics_232,material-dynamics,232,fold,stir,direct,material,concept swap,0111,-1,-0.7709827423095703,1.2218189239501953,1.9928016662597656,0,1,01
oldtok_50M,material-dynamics_234,material-dynamics,234,fold,stir,direct,material,concept swap,0111,-1,1.8693904876708984,1.059988021850586,-0.8094024658203125,1,1,11
oldtok_50M,material-dynamics_235,material-dynamics,235,fold,stir,direct,material,concept swap,1110,-1,-1.194732666015625,-1.6701698303222656,-0.4754371643066406,0,0,00
oldtok_50M,material-dynamics_13,material-dynamics,13,break,drip,indirect,material,concept swap,1111,0,2.6356353759765625,0.8126087188720703,-1.8230266571044922,1,1,11
oldtok_50M,material-dynamics_15,material-dynamics,15,break,drip,indirect,material,concept swap,1111,0,-2.376659393310547,2.1050376892089844,4.481697082519531,0,1,01
oldtok_50M,material-dynamics_17,material-dynamics,17,break,drip,indirect,material,concept swap,1111,0,2.7518539428710938,2.2353343963623047,-0.5165195465087891,1,1,11
oldtok_50M,material-dynamics_19,material-dynamics,19,break,drip,indirect,material,concept swap,1111,0,2.9259166717529297,-0.8630714416503906,-3.7889881134033203,1,0,10
oldtok_50M,material-dynamics_30,material-dynamics,30,break,flap,indirect,material,concept swap,1111,0,-0.41773033142089844,2.540726661682129,2.9584569931030273,0,1,01
oldtok_50M,material-dynamics_34,material-dynamics,34,break,flap,indirect,material,concept swap,1111,0,1.0648517608642578,2.2781848907470703,1.2133331298828125,1,1,11
oldtok_50M,material-dynamics_39,material-dynamics,39,break,flap,indirect,material,concept swap,1111,0,-0.3437080383300781,3.6726760864257812,4.016384124755859,0,1,01
oldtok_50M,material-dynamics_53,material-dynamics,53,break,ripple,direct,material,concept swap,1111,0,2.6592254638671875,2.850536346435547,0.19131088256835938,1,1,11
oldtok_50M,material-dynamics_61,material-dynamics,61,break,ripple,direct,material,concept swap,1111,0,2.521026611328125,2.651042938232422,0.13001632690429688,1,1,11
oldtok_50M,material-dynamics_65,material-dynamics,65,break,ripple,direct,material,concept swap,1111,0,2.372844696044922,3.03131103515625,0.6584663391113281,1,1,11
oldtok_50M,material-dynamics_12,material-dynamics,12,break,drip,indirect,material,concept swap,0000,0,-3.961702346801758,0.32444000244140625,4.286142349243164,0,1,01
oldtok_50M,material-dynamics_16,material-dynamics,16,break,drip,indirect,material,concept swap,0000,0,-0.8515548706054688,-1.2644672393798828,-0.41291236877441406,0,0,00
oldtok_50M,material-dynamics_18,material-dynamics,18,break,drip,indirect,material,concept swap,0000,0,-1.4625663757324219,-1.3923072814941406,0.07025909423828125,0,0,00
oldtok_50M,material-dynamics_33,material-dynamics,33,break,flap,indirect,material,concept swap,0000,0,2.1886844635009766,0.5606002807617188,-1.6280841827392578,1,1,11
oldtok_50M,material-dynamics_38,material-dynamics,38,break,flap,indirect,material,concept swap,0000,0,-3.330892562866211,-1.9999055862426758,1.3309869766235352,0,0,00
oldtok_50M,material-dynamics_76,material-dynamics,76,break,ripple,indirect,material,concept swap,0000,0,-3.961702346801758,0.32444000244140625,4.286142349243164,0,1,01
oldtok_50M,material-dynamics_82,material-dynamics,82,break,ripple,indirect,material,concept swap,0000,0,-0.8515548706054688,-1.2644672393798828,-0.41291236877441406,0,0,00
oldtok_50M,material-dynamics_86,material-dynamics,86,break,ripple,indirect,material,concept swap,0000,0,-1.4625663757324219,-1.3923072814941406,0.07025909423828125,0,0,00
oldtok_50M,material-dynamics_88,material-dynamics,88,break,ripple,indirect,material,concept swap,0000,0,-3.330892562866211,-1.9999055862426758,1.3309869766235352,0,0,00
oldtok_50M,material-dynamics_102,material-dynamics,102,break,splash,indirect,material,concept swap,0000,0,-3.961702346801758,0.32444000244140625,4.286142349243164,0,1,01
oldtok_50M,physical-dynamics_5,physical-dynamics,5,accelerate,slow down,direct,antonym,concept swap,0110,-2,-1.0539798736572266,-1.0152740478515625,0.03870582580566406,0,0,00
oldtok_50M,physical-dynamics_7,physical-dynamics,7,accelerate,slow down,direct,antonym,concept swap,0110,-2,-0.15949249267578125,0.8411655426025391,1.0006580352783203,0,1,01
oldtok_50M,physical-dynamics_1,physical-dynamics,1,accelerate,slow down,direct,antonym,concept swap,0100,-1,-1.3436470031738281,-1.1054821014404297,0.23816490173339844,0,0,00
oldtok_50M,physical-dynamics_3,physical-dynamics,3,accelerate,slow down,direct,antonym,concept swap,1110,-1,-0.7148590087890625,-0.3045501708984375,0.410308837890625,0,0,00
oldtok_50M,physical-dynamics_9,physical-dynamics,9,accelerate,slow down,direct,antonym,concept swap,0100,-1,-0.36953163146972656,-1.1814460754394531,-0.8119144439697266,0,0,00
oldtok_50M,physical-dynamics_24,physical-dynamics,24,fall,rise,direct,antonym,concept swap,0111,-1,0.5218238830566406,-0.11890602111816406,-0.6407299041748047,1,0,10
oldtok_50M,physical-dynamics_26,physical-dynamics,26,fall,rise,direct,antonym,concept swap,0100,-1,1.4100608825683594,-0.8881816864013672,-2.2982425689697266,1,0,10
oldtok_50M,physical-dynamics_40,physical-dynamics,40,grow,shrink,direct,antonym,concept swap,0010,-1,-0.5610408782958984,-0.6872959136962891,-0.12625503540039062,0,0,00
oldtok_50M,physical-dynamics_42,physical-dynamics,42,grow,shrink,direct,antonym,concept swap,0010,-1,-0.438140869140625,-0.4273509979248047,0.010789871215820312,0,0,00
oldtok_50M,physical-dynamics_44,physical-dynamics,44,grow,shrink,direct,antonym,concept swap,0010,-1,-0.11920356750488281,-0.051540374755859375,0.06766319274902344,0,0,00
oldtok_50M,physical-dynamics_45,physical-dynamics,45,grow,shrink,direct,antonym,concept swap,1110,-1,-0.4569988250732422,-0.4361991882324219,0.020799636840820312,0,0,00
oldtok_50M,physical-dynamics_46,physical-dynamics,46,grow,shrink,direct,antonym,concept swap,0010,-1,-0.3862419128417969,-0.31690216064453125,0.06933975219726562,0,0,00
oldtok_50M,physical-dynamics_48,physical-dynamics,48,grow,shrink,direct,antonym,concept swap,0010,-1,-0.5223598480224609,-0.19318389892578125,0.3291759490966797,0,0,00
oldtok_50M,physical-dynamics_49,physical-dynamics,49,grow,shrink,direct,antonym,concept swap,1110,-1,-0.4217376708984375,-0.25002479553222656,0.17171287536621094,0,0,00
oldtok_50M,physical-dynamics_81,physical-dynamics,81,sink,float,direct,antonym,concept swap,0100,-1,0.6237459182739258,-1.6234683990478516,-2.2472143173217773,1,0,10
oldtok_50M,physical-dynamics_83,physical-dynamics,83,sink,float,direct,antonym,concept swap,0100,-1,1.9233226776123047,-0.0420684814453125,-1.9653911590576172,1,0,10
oldtok_50M,physical-dynamics_95,physical-dynamics,95,sink,float,direct,antonym,concept swap,0100,-1,1.6381902694702148,0.3230171203613281,-1.3151731491088867,1,1,11
oldtok_50M,physical-dynamics_99,physical-dynamics,99,sink,float,direct,antonym,concept swap,0100,-1,2.23040771484375,1.993722915649414,-0.23668479919433594,1,1,11
oldtok_50M,physical-dynamics_103,physical-dynamics,103,sink,float,indirect,antonym,concept swap,1110,-1,-0.3757820129394531,0.7469635009765625,1.1227455139160156,0,1,01
oldtok_50M,physical-dynamics_107,physical-dynamics,107,sink,float,indirect,antonym,concept swap,1110,-1,-0.9227848052978516,1.3394050598144531,2.2621898651123047,0,1,01
oldtok_50M,physical-dynamics_110,physical-dynamics,110,sink,float,indirect,antonym,concept swap,0010,-1,-0.8240470886230469,-2.829427719116211,-2.005380630493164,0,0,00
oldtok_50M,physical-dynamics_112,physical-dynamics,112,sink,float,indirect,antonym,concept swap,0010,-1,-0.5453243255615234,-2.3592586517333984,-1.813934326171875,0,0,00
oldtok_50M,physical-dynamics_114,physical-dynamics,114,sink,float,indirect,antonym,concept swap,0010,-1,0.10457229614257812,-3.103322982788086,-3.207895278930664,1,0,10
oldtok_50M,physical-dynamics_115,physical-dynamics,115,sink,float,indirect,antonym,concept swap,0111,-1,-0.6676292419433594,2.8318233489990234,3.499452590942383,0,1,01
oldtok_50M,physical-dynamics_116,physical-dynamics,116,sink,float,indirect,antonym,concept swap,0010,-1,-1.212320327758789,-1.479269027709961,-0.2669486999511719,0,0,00
oldtok_50M,physical-dynamics_118,physical-dynamics,118,sink,float,indirect,antonym,concept swap,0010,-1,-0.9870243072509766,-3.058408737182617,-2.0713844299316406,0,0,00
oldtok_50M,physical-dynamics_51,physical-dynamics,51,roll,slide,indirect,negation,concept swap,0010,-1,-0.5062808990478516,0.2669343948364258,0.7732152938842773,0,1,01
oldtok_50M,physical-dynamics_52,physical-dynamics,52,roll,slide,indirect,negation,concept swap,1110,-1,-0.3973121643066406,0.5862045288085938,0.9835166931152344,0,1,01
oldtok_50M,physical-dynamics_59,physical-dynamics,59,roll,slide,indirect,negation,concept swap,0010,-1,-0.33277130126953125,-0.25234127044677734,0.0804300308227539,0,0,00
oldtok_50M,physical-dynamics_62,physical-dynamics,62,roll,slide,indirect,other,concept swap,1110,-1,3.2316226959228516,-0.6778564453125,-3.9094791412353516,1,0,10
oldtok_50M,physical-dynamics_64,physical-dynamics,64,roll,slide,indirect,other,concept swap,1110,-1,4.525787353515625,2.517024040222168,-2.008763313293457,1,1,11
oldtok_50M,physical-dynamics_66,physical-dynamics,66,roll,slide,indirect,other,concept swap,0100,-1,3.354677200317383,-4.820995330810547,-8.17567253112793,1,0,10
oldtok_50M,physical-dynamics_0,physical-dynamics,0,accelerate,slow down,direct,antonym,concept swap,1111,0,0.5638370513916016,-2.688446044921875,-3.2522830963134766,1,0,10
oldtok_50M,physical-dynamics_2,physical-dynamics,2,accelerate,slow down,direct,antonym,concept swap,1111,0,0.8701705932617188,-2.922748565673828,-3.792919158935547,1,0,10
oldtok_50M,physical-dynamics_4,physical-dynamics,4,accelerate,slow down,direct,antonym,concept swap,1111,0,0.40196990966796875,-2.7416152954101562,-3.143585205078125,1,0,10
oldtok_50M,physical-dynamics_6,physical-dynamics,6,accelerate,slow down,direct,antonym,concept swap,1111,0,0.4126758575439453,-3.464212417602539,-3.8768882751464844,1,0,10
oldtok_50M,physical-dynamics_8,physical-dynamics,8,accelerate,slow down,direct,antonym,concept swap,1111,0,0.0051364898681640625,-3.0626907348632812,-3.0678272247314453,1,0,10
oldtok_50M,physical-dynamics_10,physical-dynamics,10,accelerate,slow down,indirect,antonym,concept swap,1111,0,0.8049106597900391,-0.8882579803466797,-1.6931686401367188,1,0,10
oldtok_50M,physical-dynamics_12,physical-dynamics,12,accelerate,slow down,indirect,antonym,concept swap,1111,0,0.3949756622314453,-1.3845033645629883,-1.7794790267944336,1,0,10
oldtok_50M,physical-dynamics_14,physical-dynamics,14,accelerate,slow down,indirect,antonym,concept swap,1111,0,0.3550529479980469,-1.3967914581298828,-1.7518444061279297,1,0,10
oldtok_50M,physical-dynamics_16,physical-dynamics,16,accelerate,slow down,indirect,antonym,concept swap,1111,0,0.3966178894042969,-1.4805669784545898,-1.8771848678588867,1,0,10
oldtok_50M,physical-dynamics_18,physical-dynamics,18,accelerate,slow down,indirect,antonym,concept swap,1111,0,1.20660400390625,-1.4128189086914062,-2.6194229125976562,1,0,10
oldtok_50M,physical-dynamics_20,physical-dynamics,20,fall,rise,direct,antonym,concept swap,0000,0,0.3030071258544922,0.016416549682617188,-0.286590576171875,1,1,11
oldtok_50M,physical-dynamics_22,physical-dynamics,22,fall,rise,direct,antonym,concept swap,0000,0,1.4760398864746094,-0.8606386184692383,-2.3366785049438477,1,0,10
oldtok_50M,physical-dynamics_28,physical-dynamics,28,fall,rise,direct,antonym,concept swap,0000,0,0.4647216796875,-0.00046443939208984375,-0.46518611907958984,1,0,10
oldtok_50M,physical-dynamics_33,physical-dynamics,33,fall,rise,direct,antonym,concept swap,0000,0,-0.4197826385498047,-2.433032989501953,-2.0132503509521484,0,0,00
oldtok_50M,physical-dynamics_36,physical-dynamics,36,fall,rise,direct,antonym,concept swap,0000,0,0.2949676513671875,0.35637950897216797,0.06141185760498047,1,1,11
oldtok_50M,physical-dynamics_38,physical-dynamics,38,fall,rise,direct,antonym,concept swap,0000,0,0.8996067047119141,-0.9256048202514648,-1.825211524963379,1,0,10
oldtok_50M,physical-dynamics_57,physical-dynamics,57,roll,slide,indirect,negation,concept swap,0000,0,-0.5332927703857422,-0.07336997985839844,0.45992279052734375,0,0,00
oldtok_50M,physical-dynamics_70,physical-dynamics,70,roll,slide,indirect,other,concept swap,0000,0,-4.075624465942383,-0.1769886016845703,3.8986358642578125,0,0,00
oldtok_50M,physical-dynamics_72,physical-dynamics,72,roll,slide,indirect,other,concept swap,0000,0,-4.481477737426758,-0.26819324493408203,4.213284492492676,0,0,00
oldtok_50M,physical-dynamics_74,physical-dynamics,74,roll,slide,indirect,other,concept swap,0000,0,-4.085773468017578,-0.1787405014038086,3.9070329666137695,0,0,00
oldtok_50M,spatial-relations_355,spatial-relations,355,left,right,direct,antonym,concept swap,0110,-2,-1.2825126647949219,0.5691490173339844,1.8516616821289062,0,1,01
oldtok_50M,spatial-relations_359,spatial-relations,359,left,right,direct,antonym,concept swap,0110,-2,-0.4636344909667969,1.2462043762207031,1.7098388671875,0,1,01
oldtok_50M,spatial-relations_363,spatial-relations,363,left,right,direct,antonym,concept swap,0110,-2,0.41242218017578125,2.1837081909179688,1.7712860107421875,1,1,11
oldtok_50M,spatial-relations_375,spatial-relations,375,left,right,direct,antonym,variable swap,0110,-2,-1.2825126647949219,0.5691490173339844,1.8516616821289062,0,1,01
oldtok_50M,spatial-relations_379,spatial-relations,379,left,right,direct,antonym,variable swap,0110,-2,-0.4636344909667969,1.2462043762207031,1.7098388671875,0,1,01
oldtok_50M,spatial-relations_383,spatial-relations,383,left,right,direct,antonym,variable swap,0110,-2,0.41242218017578125,2.1837081909179688,1.7712860107421875,1,1,11
oldtok_50M,spatial-relations_25,spatial-relations,25,above,below,indirect,antonym,concept swap,0110,-2,2.706277847290039,-3.243734359741211,-5.95001220703125,1,0,10
oldtok_50M,spatial-relations_29,spatial-relations,29,above,below,indirect,antonym,concept swap,0110,-2,-0.19719696044921875,-1.9094657897949219,-1.7122688293457031,0,0,00
oldtok_50M,spatial-relations_36,spatial-relations,36,above,below,indirect,antonym,concept swap,0110,-2,-0.00315093994140625,-2.1804275512695312,-2.177276611328125,0,0,00
oldtok_50M,spatial-relations_304,spatial-relations,304,front,behind,indirect,antonym,concept swap,0110,-2,0.9423789978027344,-0.0131988525390625,-0.9555778503417969,1,0,10
oldtok_50M,spatial-relations_322,spatial-relations,322,front,behind,indirect,antonym,concept swap,0110,-2,0.6357326507568359,-1.1246371269226074,-1.7603697776794434,1,0,10
oldtok_50M,spatial-relations_342,spatial-relations,342,front,behind,indirect,antonym,concept swap,0110,-2,0.6655654907226562,-0.5649194717407227,-1.230484962463379,1,0,10
oldtok_50M,spatial-relations_405,spatial-relations,405,left,right,indirect,antonym,concept swap,0110,-2,-0.7335624694824219,-0.5956974029541016,0.1378650665283203,0,0,00
oldtok_50M,spatial-relations_113,spatial-relations,113,above,below,indirect,variable swap,concept swap,0110,-2,-0.8038864135742188,-0.07904624938964844,0.7248401641845703,0,0,00
oldtok_50M,spatial-relations_429,spatial-relations,429,left,right,indirect,variable swap,concept swap,0110,-2,-0.47135162353515625,-3.742626190185547,-3.2712745666503906,0,0,00
oldtok_50M,spatial-relations_177,spatial-relations,177,above,below,indirect,variable swap,variable swap,0110,-2,-0.8038864135742188,-0.07904624938964844,0.7248401641845703,0,0,00
oldtok_50M,spatial-relations_0,spatial-relations,0,above,below,direct,antonym,concept swap,0100,-1,-0.3598060607910156,-1.435739517211914,-1.0759334564208984,0,0,00
oldtok_50M,spatial-relations_2,spatial-relations,2,above,below,direct,antonym,concept swap,0100,-1,2.6517696380615234,0.07957077026367188,-2.5721988677978516,1,1,11
oldtok_50M,spatial-relations_6,spatial-relations,6,above,below,direct,antonym,concept swap,0100,-1,2.7462081909179688,-0.167266845703125,-2.9134750366210938,1,0,10
oldtok_50M,spatial-relations_7,spatial-relations,7,above,below,direct,antonym,concept swap,0010,-1,-8.171077728271484,-4.947841644287109,3.223236083984375,0,0,00
oldtok_50M,spatial-relations_210,spatial-relations,210,close,far,direct,antonym,concept swap,1110,-1,4.7880401611328125,4.028694152832031,-0.7593460083007812,1,1,11
oldtok_50M,spatial-relations_223,spatial-relations,223,close,far,direct,antonym,concept swap,1110,-1,5.127988815307617,2.2134132385253906,-2.9145755767822266,1,1,11
oldtok_50M,spatial-relations_240,spatial-relations,240,east,west,direct,antonym,concept swap,0010,-1,-2.3810348510742188,-3.1643009185791016,-0.7832660675048828,0,0,00
oldtok_50M,spatial-relations_291,spatial-relations,291,front,behind,direct,antonym,concept swap,1110,-1,-0.7650032043457031,-2.5592784881591797,-1.7942752838134766,0,0,00
oldtok_50M,spatial-relations_295,spatial-relations,295,front,behind,direct,antonym,concept swap,1110,-1,-1.804281234741211,-2.397054672241211,-0.5927734375,0,0,00
oldtok_50M,spatial-relations_297,spatial-relations,297,front,behind,direct,antonym,concept swap,1110,-1,-1.3841476440429688,1.183603286743164,2.567750930786133,0,1,01
oldtok_50M,spatial-relations_351,spatial-relations,351,left,right,direct,antonym,concept swap,0010,-1,0.3366889953613281,1.0127525329589844,0.6760635375976562,1,1,11
oldtok_50M,spatial-relations_358,spatial-relations,358,left,right,direct,antonym,concept swap,0010,-1,-0.31671142578125,-1.1604080200195312,-0.8436965942382812,0,0,00
oldtok_50M,spatial-relations_366,spatial-relations,366,left,right,direct,antonym,concept swap,0010,-1,1.5777626037597656,1.6557865142822266,0.07802391052246094,1,1,11
oldtok_50M,spatial-relations_367,spatial-relations,367,left,right,direct,antonym,concept swap,0111,-1,0.6396350860595703,0.9758319854736328,0.3361968994140625,1,1,11
oldtok_50M,spatial-relations_447,spatial-relations,447,north,south,direct,antonym,concept swap,0100,-1,-1.5775279998779297,-1.0946769714355469,0.4828510284423828,0,0,00
oldtok_50M,spatial-relations_448,spatial-relations,448,north,south,direct,antonym,concept swap,0010,-1,-3.5657176971435547,-2.498516082763672,1.0672016143798828,0,0,00
oldtok_50M,spatial-relations_449,spatial-relations,449,north,south,direct,antonym,concept swap,0100,-1,0.9410476684570312,-0.8293399810791016,-1.7703876495361328,1,0,10
oldtok_50M,spatial-relations_371,spatial-relations,371,left,right,direct,antonym,variable swap,0010,-1,0.3366889953613281,1.0127525329589844,0.6760635375976562,1,1,11
oldtok_50M,spatial-relations_380,spatial-relations,380,left,right,direct,antonym,variable swap,0010,-1,-0.31671142578125,-1.1604080200195312,-0.8436965942382812,0,0,00
oldtok_50M,spatial-relations_386,spatial-relations,386,left,right,direct,antonym,variable swap,0010,-1,1.5777626037597656,1.6557865142822266,0.07802391052246094,1,1,11
oldtok_50M,spatial-relations_389,spatial-relations,389,left,right,direct,antonym,variable swap,0111,-1,0.6396350860595703,0.9758319854736328,0.3361968994140625,1,1,11
oldtok_50M,spatial-relations_13,spatial-relations,13,above,below,indirect,antonym,concept swap,0010,-1,-5.9827117919921875,-0.5728111267089844,5.409900665283203,0,0,00
oldtok_50M,spatial-relations_14,spatial-relations,14,above,below,indirect,antonym,concept swap,0100,-1,1.3845062255859375,-0.23006439208984375,-1.6145706176757812,1,0,10
oldtok_50M,spatial-relations_16,spatial-relations,16,above,below,indirect,antonym,concept swap,0010,-1,0.8031044006347656,1.0122509002685547,0.20914649963378906,1,1,11
oldtok_50M,spatial-relations_21,spatial-relations,21,above,below,indirect,antonym,concept swap,0100,-1,-1.9782600402832031,-2.0193004608154297,-0.04104042053222656,0,0,00
oldtok_50M,spatial-relations_22,spatial-relations,22,above,below,indirect,antonym,concept swap,0100,-1,0.8019752502441406,0.5343055725097656,-0.267669677734375,1,1,11
oldtok_50M,spatial-relations_30,spatial-relations,30,above,below,indirect,antonym,concept swap,0100,-1,-1.1047687530517578,0.1571369171142578,1.2619056701660156,0,1,01
oldtok_50M,spatial-relations_32,spatial-relations,32,above,below,indirect,antonym,concept swap,0100,-1,0.35776329040527344,-1.764007568359375,-2.1217708587646484,1,0,10
oldtok_50M,spatial-relations_34,spatial-relations,34,above,below,indirect,antonym,concept swap,0100,-1,-0.9156112670898438,-1.9334640502929688,-1.017852783203125,0,0,00
oldtok_50M,spatial-relations_39,spatial-relations,39,above,below,indirect,antonym,concept swap,0010,-1,-1.13714599609375,0.13968276977539062,1.2768287658691406,0,1,01
oldtok_50M,spatial-relations_19,spatial-relations,19,above,below,indirect,antonym,concept swap,1111,0,1.8833465576171875,0.9157066345214844,-0.9676399230957031,1,1,11
oldtok_50M,spatial-relations_27,spatial-relations,27,above,below,indirect,antonym,concept swap,1111,0,-0.07487678527832031,0.08974456787109375,0.16462135314941406,0,1,01
oldtok_50M,spatial-relations_38,spatial-relations,38,above,below,indirect,antonym,concept swap,1111,0,2.08087158203125,-0.26042747497558594,-2.341299057006836,1,0,10
oldtok_50M,spatial-relations_59,spatial-relations,59,above,below,indirect,antonym,variable swap,1111,0,1.8833465576171875,0.9157066345214844,-0.9676399230957031,1,1,11
oldtok_50M,spatial-relations_61,spatial-relations,61,above,below,indirect,antonym,variable swap,1111,0,0.3718528747558594,0.5664710998535156,0.19461822509765625,1,1,11
oldtok_50M,spatial-relations_63,spatial-relations,63,above,below,indirect,antonym,variable swap,1111,0,0.7433700561523438,0.8277626037597656,0.08439254760742188,1,1,11
oldtok_50M,spatial-relations_67,spatial-relations,67,above,below,indirect,antonym,variable swap,1111,0,-0.07487678527832031,0.08974456787109375,0.16462135314941406,0,1,01
oldtok_50M,spatial-relations_72,spatial-relations,72,above,below,indirect,antonym,variable swap,1111,0,2.08087158203125,-0.26042747497558594,-2.341299057006836,1,0,10
oldtok_50M,spatial-relations_75,spatial-relations,75,above,below,indirect,antonym,variable swap,1111,0,-1.079019546508789,1.1744117736816406,2.2534313201904297,0,1,01
oldtok_50M,spatial-relations_91,spatial-relations,91,above,below,indirect,variable swap,concept swap,1111,0,6.502281188964844,2.3376541137695312,-4.1646270751953125,1,1,11
oldtok_50M,spatial-relations_1,spatial-relations,1,above,below,direct,antonym,concept swap,0000,0,-4.845636367797852,-4.706762313842773,0.13887405395507812,0,0,00
oldtok_50M,spatial-relations_3,spatial-relations,3,above,below,direct,antonym,concept swap,0000,0,-6.403636932373047,-5.0777130126953125,1.3259239196777344,0,0,00
oldtok_50M,spatial-relations_4,spatial-relations,4,above,below,direct,antonym,concept swap,0000,0,-0.025926589965820312,-2.327037811279297,-2.3011112213134766,0,0,00
oldtok_50M,spatial-relations_5,spatial-relations,5,above,below,direct,antonym,concept swap,0000,0,-5.3395538330078125,-3.3146743774414062,2.0248794555664062,0,0,00
oldtok_50M,spatial-relations_8,spatial-relations,8,above,below,direct,antonym,concept swap,0000,0,-1.9362010955810547,-3.533139228820801,-1.596938133239746,0,0,00
oldtok_50M,spatial-relations_17,spatial-relations,17,above,below,indirect,antonym,concept swap,0000,0,-4.810827255249023,-0.8932704925537109,3.9175567626953125,0,0,00
oldtok_50M,spatial-relations_18,spatial-relations,18,above,below,indirect,antonym,concept swap,0000,0,-1.0638256072998047,-0.1785888671875,0.8852367401123047,0,0,00
oldtok_50M,spatial-relations_31,spatial-relations,31,above,below,indirect,antonym,concept swap,0000,0,-2.7812328338623047,-3.4149112701416016,-0.6336784362792969,0,0,00
oldtok_50M,spatial-relations_33,spatial-relations,33,above,below,indirect,antonym,concept swap,0000,0,-3.8583831787109375,-3.4500961303710938,0.40828704833984375,0,0,00
oldtok_50M,spatial-relations_37,spatial-relations,37,above,below,indirect,antonym,concept swap,0000,0,-5.025196075439453,-3.5316200256347656,1.4935760498046875,0,0,00
oldtok_50M,physical-interactions_39,physical-interactions,39,break,fix,direct,antonym,concept swap,0110,-2,1.5631351470947266,0.2841930389404297,-1.2789421081542969,1,1,11
oldtok_50M,physical-interactions_266,physical-interactions,266,kick,drop,direct,antonym,concept swap,0110,-2,0.17734146118164062,-1.9011383056640625,-2.078479766845703,1,0,10
oldtok_50M,physical-interactions_272,physical-interactions,272,kick,drop,direct,antonym,concept swap,0110,-2,0.3414459228515625,-1.5333013534545898,-1.8747472763061523,1,0,10
oldtok_50M,physical-interactions_274,physical-interactions,274,kick,drop,direct,antonym,concept swap,0110,-2,0.016988754272460938,-1.1325855255126953,-1.1495742797851562,1,0,10
oldtok_50M,physical-interactions_306,physical-interactions,306,kick,touch,direct,antonym,concept swap,0110,-2,0.17734146118164062,-1.9011383056640625,-2.078479766845703,1,0,10
oldtok_50M,physical-interactions_312,physical-interactions,312,kick,touch,direct,antonym,concept swap,0110,-2,0.3414459228515625,-1.5333013534545898,-1.8747472763061523,1,0,10
oldtok_50M,physical-interactions_314,physical-interactions,314,kick,touch,direct,antonym,concept swap,0110,-2,0.016988754272460938,-1.1325855255126953,-1.1495742797851562,1,0,10
oldtok_50M,physical-interactions_366,physical-interactions,366,push,pull,direct,antonym,concept swap,0110,-2,-1.5662517547607422,-0.8902549743652344,0.6759967803955078,0,0,00
oldtok_50M,physical-interactions_378,physical-interactions,378,push,pull,direct,antonym,concept swap,0110,-2,-2.3289661407470703,0.05790519714355469,2.386871337890625,0,1,01
oldtok_50M,physical-interactions_336,physical-interactions,336,push,-,direct,other,variable swap,0110,-2,0.6716327667236328,-0.28856372833251953,-0.9601964950561523,1,0,10
oldtok_50M,physical-interactions_396,physical-interactions,396,revolve around,-,direct,variable swap,variable swap,0110,-2,3.57513427734375,0.6592826843261719,-2.915851593017578,1,1,11
oldtok_50M,physical-interactions_149,physical-interactions,149,heat,cool,direct,variable_swap,concept swap,0110,-2,-0.418304443359375,-3.2337722778320312,-2.8154678344726562,0,0,00
oldtok_50M,physical-interactions_163,physical-interactions,163,heat,cool,direct,variable_swap,variable swap,0110,-2,-0.418304443359375,-3.2337722778320312,-2.8154678344726562,0,0,00
oldtok_50M,physical-interactions_48,physical-interactions,48,break,fix,indirect,antonym,concept swap,0110,-2,1.9343833923339844,-0.10736656188964844,-2.041749954223633,1,0,10
oldtok_50M,physical-interactions_325,physical-interactions,325,kick,touch,indirect,antonym,concept swap,0110,-2,-1.7931289672851562,-1.8531761169433594,-0.060047149658203125,0,0,00
oldtok_50M,physical-interactions_545,physical-interactions,545,throw,touch,indirect,antonym,concept swap,0110,-2,-1.7931289672851562,-1.8531761169433594,-0.060047149658203125,0,0,00
oldtok_50M,physical-interactions_327,physical-interactions,327,kick,touch,indirect,negation,concept swap,0110,-2,0.23369598388671875,0.2902412414550781,0.056545257568359375,1,1,11
oldtok_50M,physical-interactions_547,physical-interactions,547,throw,touch,indirect,negation,concept swap,0110,-2,0.23369598388671875,0.2902412414550781,0.056545257568359375,1,1,11
oldtok_50M,physical-interactions_279,physical-interactions,279,kick,drop,indirect,other,concept swap,0110,-2,2.1974964141845703,-1.0079307556152344,-3.2054271697998047,1,0,10
oldtok_50M,physical-interactions_4,physical-interactions,4,attract,repel,direct,antonym,concept swap,0111,-1,2.054584503173828,0.7794666290283203,-1.2751178741455078,1,1,11
oldtok_50M,physical-interactions_6,physical-interactions,6,attract,repel,direct,antonym,concept swap,0111,-1,2.518627166748047,1.156606674194336,-1.362020492553711,1,1,11
oldtok_50M,physical-interactions_8,physical-interactions,8,attract,repel,direct,antonym,concept swap,0111,-1,3.8022308349609375,1.9569358825683594,-1.8452949523925781,1,1,11
oldtok_50M,physical-interactions_11,physical-interactions,11,attract,repel,direct,antonym,concept swap,1110,-1,-2.012248992919922,-0.20053863525390625,1.8117103576660156,0,0,00
oldtok_50M,physical-interactions_12,physical-interactions,12,attract,repel,direct,antonym,concept swap,0111,-1,1.5595855712890625,0.6906623840332031,-0.8689231872558594,1,1,11
oldtok_50M,physical-interactions_14,physical-interactions,14,attract,repel,direct,antonym,concept swap,0111,-1,1.5541343688964844,1.2391185760498047,-0.3150157928466797,1,1,11
oldtok_50M,physical-interactions_27,physical-interactions,27,break,fix,direct,antonym,concept swap,0111,-1,1.2932567596435547,0.7012290954589844,-0.5920276641845703,1,1,11
oldtok_50M,physical-interactions_31,physical-interactions,31,break,fix,direct,antonym,concept swap,0111,-1,0.4552783966064453,1.0261211395263672,0.5708427429199219,1,1,11
oldtok_50M,physical-interactions_32,physical-interactions,32,break,fix,direct,antonym,concept swap,1110,-1,-0.8829307556152344,-0.14819717407226562,0.7347335815429688,0,0,00
oldtok_50M,physical-interactions_35,physical-interactions,35,break,fix,direct,antonym,concept swap,0111,-1,0.9111652374267578,1.139120101928711,0.22795486450195312,1,1,11
oldtok_50M,physical-interactions_36,physical-interactions,36,break,fix,direct,antonym,concept swap,0111,-1,-0.9135169982910156,1.104949951171875,2.0184669494628906,0,1,01
oldtok_50M,physical-interactions_44,physical-interactions,44,break,fix,direct,antonym,concept swap,1110,-1,0.13570213317871094,0.8204669952392578,0.6847648620605469,1,1,11
oldtok_50M,physical-interactions_57,physical-interactions,57,catch,throw,direct,antonym,concept swap,1110,-1,-1.4928531646728516,-0.9574928283691406,0.5353603363037109,0,0,00
oldtok_50M,physical-interactions_59,physical-interactions,59,catch,throw,direct,antonym,concept swap,0010,-1,-0.8605117797851562,-0.6476402282714844,0.21287155151367188,0,0,00
oldtok_50M,physical-interactions_60,physical-interactions,60,catch,throw,direct,antonym,concept swap,0100,-1,3.3351974487304688,0.11261177062988281,-3.222585678100586,1,1,11
oldtok_50M,physical-interactions_62,physical-interactions,62,catch,throw,direct,antonym,concept swap,1110,-1,1.0668048858642578,-0.4467048645019531,-1.513509750366211,1,0,10
oldtok_50M,physical-interactions_63,physical-interactions,63,catch,throw,direct,antonym,concept swap,0100,-1,-1.4755802154541016,3.744173049926758,5.219753265380859,0,1,01
oldtok_50M,physical-interactions_65,physical-interactions,65,catch,throw,direct,antonym,concept swap,0010,-1,-0.37573814392089844,3.1365041732788086,3.512242317199707,0,1,01
oldtok_50M,physical-interactions_126,physical-interactions,126,drop,lift,direct,antonym,concept swap,0010,-1,-1.0012016296386719,-0.8839607238769531,0.11724090576171875,0,0,00
oldtok_50M,physical-interactions_127,physical-interactions,127,drop,lift,direct,antonym,concept swap,0100,-1,0.7021560668945312,1.1190071105957031,0.4168510437011719,1,1,11
oldtok_50M,physical-interactions_128,physical-interactions,128,drop,lift,direct,antonym,concept swap,0010,-1,0.05606651306152344,0.5564670562744141,0.5004005432128906,1,1,11
oldtok_50M,physical-interactions_130,physical-interactions,130,drop,lift,direct,antonym,concept swap,0010,-1,-0.32123565673828125,-0.04778099060058594,0.2734546661376953,0,0,00
oldtok_50M,physical-interactions_132,physical-interactions,132,drop,lift,direct,antonym,concept swap,0010,-1,-0.07428169250488281,0.09507369995117188,0.1693553924560547,0,1,01
oldtok_50M,physical-interactions_133,physical-interactions,133,drop,lift,direct,antonym,concept swap,0100,-1,0.5018672943115234,-0.25240325927734375,-0.7542705535888672,1,0,10
oldtok_50M,physical-interactions_134,physical-interactions,134,drop,lift,direct,antonym,concept swap,0010,-1,-0.2772216796875,-0.5069313049316406,-0.22970962524414062,0,0,00
oldtok_50M,physical-interactions_135,physical-interactions,135,drop,lift,direct,antonym,concept swap,0100,-1,-0.35205078125,0.5102119445800781,0.8622627258300781,0,1,01
oldtok_50M,physical-interactions_269,physical-interactions,269,kick,drop,direct,antonym,concept swap,0111,-1,-0.5573911666870117,-0.3113861083984375,0.24600505828857422,0,0,00
oldtok_50M,physical-interactions_270,physical-interactions,270,kick,drop,direct,antonym,concept swap,1110,-1,0.9034595489501953,-1.6809749603271484,-2.5844345092773438,1,0,10
oldtok_50M,physical-interactions_309,physical-interactions,309,kick,touch,direct,antonym,concept swap,0111,-1,-0.8977994918823242,-1.3208799362182617,-0.4230804443359375,0,0,00
oldtok_50M,physical-interactions_310,physical-interactions,310,kick,touch,direct,antonym,concept swap,1110,-1,0.9034595489501953,-1.6809749603271484,-2.5844345092773438,1,0,10
oldtok_50M,physical-interactions_0,physical-interactions,0,attract,repel,direct,antonym,concept swap,1111,0,3.8663578033447266,1.7625350952148438,-2.103822708129883,1,1,11
oldtok_50M,physical-interactions_10,physical-interactions,10,attract,repel,direct,antonym,concept swap,1111,0,3.6623878479003906,-0.20505905151367188,-3.8674468994140625,1,0,10
oldtok_50M,physical-interactions_17,physical-interactions,17,attract,repel,direct,antonym,concept swap,1111,0,-0.997833251953125,0.5327415466308594,1.5305747985839844,0,1,01
oldtok_50M,physical-interactions_28,physical-interactions,28,break,fix,direct,antonym,concept swap,1111,0,0.8552169799804688,1.5828189849853516,0.7276020050048828,1,1,11
oldtok_50M,physical-interactions_30,physical-interactions,30,break,fix,direct,antonym,concept swap,1111,0,-0.5711822509765625,-0.0775604248046875,0.493621826171875,0,0,00
oldtok_50M,physical-interactions_34,physical-interactions,34,break,fix,direct,antonym,concept swap,1111,0,-0.7019214630126953,0.1348094940185547,0.83673095703125,0,1,01
oldtok_50M,physical-interactions_50,physical-interactions,50,break,fix,indirect,antonym,concept swap,1111,0,0.8271865844726562,2.0787057876586914,1.2515192031860352,1,1,11
oldtok_50M,physical-interactions_52,physical-interactions,52,break,fix,indirect,antonym,concept swap,1111,0,3.4509334564208984,4.826957702636719,1.3760242462158203,1,1,11
oldtok_50M,physical-interactions_54,physical-interactions,54,break,fix,indirect,antonym,concept swap,1111,0,6.741117477416992,1.9039745330810547,-4.8371429443359375,1,1,11
oldtok_50M,physical-interactions_68,physical-interactions,68,catch,throw,indirect,antonym,concept swap,1111,0,0.8923835754394531,-1.822824478149414,-2.715208053588867,1,0,10
oldtok_50M,physical-interactions_29,physical-interactions,29,break,fix,direct,antonym,concept swap,0000,0,-0.7780017852783203,-0.5711784362792969,0.20682334899902344,0,0,00
oldtok_50M,physical-interactions_69,physical-interactions,69,catch,throw,indirect,antonym,concept swap,0000,0,-0.4139404296875,0.8560810089111328,1.2700214385986328,0,1,01
oldtok_50M,physical-interactions_71,physical-interactions,71,catch,throw,indirect,antonym,concept swap,0000,0,-1.6242713928222656,-0.2547874450683594,1.3694839477539062,0,0,00
oldtok_50M,physical-interactions_73,physical-interactions,73,catch,throw,indirect,antonym,concept swap,0000,0,-1.8864498138427734,-0.05532646179199219,1.8311233520507812,0,0,00
oldtok_50M,physical-interactions_80,physical-interactions,80,catch,throw,indirect,antonym,concept swap,0000,0,-3.526651382446289,-2.76007080078125,0.7665805816650391,0,0,00
oldtok_50M,physical-interactions_88,physical-interactions,88,collide with,-,direct,antonym,variable swap,0000,0,-0.5564937591552734,-3.8665218353271484,-3.310028076171875,0,0,00
oldtok_50M,physical-interactions_94,physical-interactions,94,collide with,-,direct,antonym,variable swap,0000,0,0.3026142120361328,-1.905843734741211,-2.2084579467773438,1,0,10
oldtok_50M,physical-interactions_96,physical-interactions,96,collide with,-,direct,variable swap,variable swap,0000,0,-15.354564666748047,-12.502986907958984,2.8515777587890625,0,0,00
oldtok_50M,physical-interactions_97,physical-interactions,97,collide with,-,direct,variable swap,variable swap,0000,0,-11.72988510131836,-15.516702651977539,-3.7868175506591797,0,0,00
oldtok_50M,physical-interactions_98,physical-interactions,98,collide with,-,direct,variable swap,variable swap,0000,0,-12.981739044189453,-21.707860946655273,-8.72612190246582,0,0,00
oldtok_50M,social-relations_6,social-relations,6,boss,subordinate,direct,antonym,concept swap,0110,-2,0.4614715576171875,-1.5933971405029297,-2.054868698120117,1,0,10
oldtok_50M,social-relations_18,social-relations,18,boss,subordinate,direct,antonym,concept swap,0110,-2,0.9397106170654297,-1.4912796020507812,-2.430990219116211,1,0,10
oldtok_50M,social-relations_460,social-relations,460,friend,enemy,direct,antonym,concept swap,0110,-2,0.161468505859375,2.402708053588867,2.241239547729492,1,1,11
oldtok_50M,social-relations_462,social-relations,462,friend,enemy,direct,antonym,concept swap,0110,-2,0.8339443206787109,1.1968536376953125,0.36290931701660156,1,1,11
oldtok_50M,social-relations_466,social-relations,466,friend,enemy,direct,antonym,concept swap,0110,-2,0.3812885284423828,0.6560401916503906,0.2747516632080078,1,1,11
oldtok_50M,social-relations_470,social-relations,470,friend,enemy,direct,antonym,concept swap,0110,-2,0.5970535278320312,1.4655017852783203,0.8684482574462891,1,1,11
oldtok_50M,social-relations_476,social-relations,476,friend,enemy,direct,antonym,concept swap,0110,-2,0.06257247924804688,5.118375778198242,5.055803298950195,1,1,11
oldtok_50M,social-relations_478,social-relations,478,friend,enemy,direct,antonym,concept swap,0110,-2,1.1735515594482422,0.8469944000244141,-0.3265571594238281,1,1,11
oldtok_50M,social-relations_1282,social-relations,1282,teacher,student,direct,antonym,concept swap,0110,-2,1.5041465759277344,-2.575672149658203,-4.0798187255859375,1,0,10
oldtok_50M,social-relations_32,social-relations,32,boss,subordinate,direct,antonym,variable swap,0110,-2,0.4614715576171875,-1.5933971405029297,-2.054868698120117,1,0,10
oldtok_50M,social-relations_58,social-relations,58,boss,subordinate,direct,antonym,variable swap,0110,-2,0.9397106170654297,-1.4912796020507812,-2.430990219116211,1,0,10
oldtok_50M,social-relations_1297,social-relations,1297,teacher,student,direct,antonym,variable swap,0110,-2,-0.3463592529296875,0.10445785522460938,0.4508171081542969,0,1,01
oldtok_50M,social-relations_1316,social-relations,1316,teacher,student,direct,antonym,variable swap,0110,-2,1.5041465759277344,-2.575672149658203,-4.0798187255859375,1,0,10
oldtok_50M,social-relations_549,social-relations,549,friend,stranger,direct,negation,concept swap,0110,-2,1.0500774383544922,1.2911968231201172,0.241119384765625,1,1,11
oldtok_50M,social-relations_580,social-relations,580,landlord,roommate,direct,other,concept swap,0110,-2,1.9847488403320312,-5.039520263671875,-7.024269104003906,1,0,10
oldtok_50M,social-relations_1216,social-relations,1216,sibling,child,direct,other,concept swap,0110,-2,-0.6271247863769531,-5.839012145996094,-5.211887359619141,0,0,00
oldtok_50M,social-relations_72,social-relations,72,boss,subordinate,direct,variable swap,concept swap,0110,-2,4.898479461669922,2.4548492431640625,-2.4436302185058594,1,1,11
oldtok_50M,social-relations_670,social-relations,670,landlord,tenant,direct,variable swap,concept swap,0110,-2,-0.3154449462890625,0.5847320556640625,0.900177001953125,0,1,01
oldtok_50M,social-relations_697,social-relations,697,landlord,tenant,direct,variable swap,concept swap,0110,-2,-2.2100563049316406,0.333648681640625,2.5437049865722656,0,1,01
oldtok_50M,social-relations_1355,social-relations,1355,teacher,student,direct,variable swap,concept swap,0110,-2,2.4146804809570312,5.374706268310547,2.9600257873535156,1,1,11
oldtok_50M,social-relations_1367,social-relations,1367,teacher,student,direct,variable swap,concept swap,0110,-2,3.9971694946289062,2.8251914978027344,-1.1719779968261719,1,1,11
oldtok_50M,social-relations_124,social-relations,124,boss,subordinate,direct,variable swap,variable swap,0110,-2,4.898479461669922,2.4548492431640625,-2.4436302185058594,1,1,11
oldtok_50M,social-relations_150,social-relations,150,boss,subordinate,direct,variable swap,variable swap,0110,-2,-2.3040313720703125,-1.6921348571777344,0.6118965148925781,0,0,00
oldtok_50M,social-relations_159,social-relations,159,boss,subordinate,direct,variable swap,variable swap,0110,-2,0.5705585479736328,1.4677925109863281,0.8972339630126953,1,1,11
oldtok_50M,social-relations_173,social-relations,173,boss,subordinate,direct,variable swap,variable swap,0110,-2,-2.997377395629883,-2.4063796997070312,0.5909976959228516,0,0,00
oldtok_50M,social-relations_722,social-relations,722,landlord,tenant,direct,variable swap,variable swap,0110,-2,-0.3154449462890625,0.5847320556640625,0.900177001953125,0,1,01
oldtok_50M,social-relations_775,social-relations,775,landlord,tenant,direct,variable swap,variable swap,0110,-2,-2.2100563049316406,0.333648681640625,2.5437049865722656,0,1,01
oldtok_50M,social-relations_957,social-relations,957,parent,child,direct,variable swap,variable swap,0110,-2,-1.6362113952636719,-2.8698883056640625,-1.2336769104003906,0,0,00
oldtok_50M,social-relations_1423,social-relations,1423,teacher,student,direct,variable swap,variable swap,0110,-2,2.4146804809570312,5.374706268310547,2.9600257873535156,1,1,11
oldtok_50M,social-relations_1441,social-relations,1441,teacher,student,direct,variable swap,variable swap,0110,-2,-0.3300285339355469,-6.529354095458984,-6.1993255615234375,0,0,00
oldtok_50M,social-relations_1445,social-relations,1445,teacher,student,direct,variable swap,variable swap,0110,-2,-4.2290496826171875,4.094150543212891,8.323200225830078,0,1,01
oldtok_50M,social-relations_1447,social-relations,1447,teacher,student,direct,variable swap,variable swap,0110,-2,3.9971694946289062,2.8251914978027344,-1.1719779968261719,1,1,11
oldtok_50M,social-relations_189,social-relations,189,boss,subordinate,indirect,antonym,concept swap,0110,-2,2.5587539672851562,-2.5339584350585938,-5.09271240234375,1,0,10
oldtok_50M,social-relations_402,social-relations,402,colleague,boss,indirect,antonym,concept swap,0110,-2,-1.4169845581054688,0.0631866455078125,1.4801712036132812,0,1,01
oldtok_50M,social-relations_494,social-relations,494,friend,enemy,indirect,antonym,concept swap,0110,-2,1.5536079406738281,-0.6539306640625,-2.207538604736328,1,0,10
oldtok_50M,social-relations_500,social-relations,500,friend,enemy,indirect,antonym,concept swap,0110,-2,-0.6248989105224609,-1.3481006622314453,-0.7232017517089844,0,0,00
oldtok_50M,social-relations_511,social-relations,511,friend,enemy,indirect,antonym,concept swap,0110,-2,2.860645294189453,-1.7383384704589844,-4.5989837646484375,1,0,10
oldtok_50M,social-relations_566,social-relations,566,friend,stranger,indirect,antonym,concept swap,0110,-2,0.5582485198974609,-0.34057044982910156,-0.8988189697265625,1,0,10
oldtok_50M,social-relations_960,social-relations,960,parent,child,indirect,antonym,concept swap,0110,-2,0.6476097106933594,-4.0847320556640625,-4.732341766357422,1,0,10
oldtok_50M,social-relations_972,social-relations,972,parent,child,indirect,antonym,concept swap,0110,-2,2.584392547607422,-2.0575103759765625,-4.641902923583984,1,0,10
oldtok_50M,social-relations_1255,social-relations,1255,stranger,romantic partner,indirect,antonym,concept swap,0110,-2,0.10743522644042969,-0.6176948547363281,-0.7251300811767578,1,0,10
oldtok_50M,social-relations_229,social-relations,229,boss,subordinate,indirect,antonym,variable swap,0110,-2,2.5587539672851562,-2.5339584350585938,-5.09271240234375,1,0,10
oldtok_50M,social-relations_990,social-relations,990,parent,child,indirect,antonym,variable swap,0110,-2,0.6476097106933594,-4.0847320556640625,-4.732341766357422,1,0,10
oldtok_50M,social-relations_995,social-relations,995,parent,child,indirect,antonym,variable swap,0110,-2,0.000934600830078125,-0.6762924194335938,-0.6772270202636719,1,0,10
oldtok_50M,social-relations_1016,social-relations,1016,parent,child,indirect,antonym,variable swap,0110,-2,2.584392547607422,-2.0575103759765625,-4.641902923583984,1,0,10
oldtok_50M,social-relations_521,social-relations,521,friend,romantic partner,indirect,other,concept swap,0110,-2,2.56072998046875,-5.873968124389648,-8.434698104858398,1,0,10
oldtok_50M,social-relations_529,social-relations,529,friend,romantic partner,indirect,other,concept swap,0110,-2,2.7087459564208984,-5.42719841003418,-8.135944366455078,1,0,10
oldtok_50M,social-relations_533,social-relations,533,friend,romantic partner,indirect,other,concept swap,0110,-2,2.0441036224365234,-5.786472320556641,-7.830575942993164,1,0,10
oldtok_50M,social-relations_539,social-relations,539,friend,romantic partner,indirect,other,concept swap,0110,-2,-0.7254104614257812,-1.1209335327148438,-0.3955230712890625,0,0,00
oldtok_50M,social-relations_284,social-relations,284,boss,subordinate,indirect,variable swap,concept swap,0110,-2,1.3856353759765625,2.584949493408203,1.1993141174316406,1,1,11
oldtok_50M,social-relations_816,social-relations,816,landlord,tenant,indirect,variable swap,concept swap,0110,-2,8.918071746826172,-0.5994110107421875,-9.51748275756836,1,0,10
oldtok_50M,social-relations_829,social-relations,829,landlord,tenant,indirect,variable swap,concept swap,0110,-2,-0.23828506469726562,-0.3681983947753906,-0.129913330078125,0,0,00
oldtok_50M,social-relations_1087,social-relations,1087,parent,child,indirect,variable swap,concept swap,0110,-2,2.7906951904296875,7.673065185546875,4.8823699951171875,1,1,11
oldtok_50M,social-relations_338,social-relations,338,boss,subordinate,indirect,variable swap,variable swap,0110,-2,1.3856353759765625,2.584949493408203,1.1993141174316406,1,1,11
oldtok_50M,social-relations_387,social-relations,387,boss,subordinate,indirect,variable swap,variable swap,0110,-2,-1.7906112670898438,-3.102691650390625,-1.3120803833007812,0,0,00
oldtok_50M,social-relations_842,social-relations,842,landlord,tenant,indirect,variable swap,variable swap,0110,-2,8.918071746826172,-0.5994110107421875,-9.51748275756836,1,0,10
oldtok_50M,social-relations_844,social-relations,844,landlord,tenant,indirect,variable swap,variable swap,0110,-2,-3.1926193237304688,0.394866943359375,3.5874862670898438,0,1,01
oldtok_50M,social-relations_869,social-relations,869,landlord,tenant,indirect,variable swap,variable swap,0110,-2,-0.23828506469726562,-0.3681983947753906,-0.129913330078125,0,0,00
oldtok_50M,social-relations_1165,social-relations,1165,parent,child,indirect,variable swap,variable swap,0110,-2,2.7906951904296875,7.673065185546875,4.8823699951171875,1,1,11
oldtok_50M,social-relations_1167,social-relations,1167,parent,child,indirect,variable swap,variable swap,0110,-2,-0.6612777709960938,-14.179203033447266,-13.517925262451172,0,0,00
oldtok_50M,social-relations_1519,social-relations,1519,teacher,student,indirect,variable swap,variable swap,0110,-2,-3.1576900482177734,-6.412025451660156,-3.254335403442383,0,0,00
oldtok_50M,social-relations_875,social-relations,875,parent,child,direct,active-passive,concept swap,1110,-1,-1.7281379699707031,-1.5678977966308594,0.16024017333984375,0,0,00
oldtok_50M,social-relations_876,social-relations,876,parent,child,direct,active-passive,concept swap,0100,-1,-2.9696807861328125,-3.4695167541503906,-0.4998359680175781,0,0,00
oldtok_50M,social-relations_882,social-relations,882,parent,child,direct,active-passive,variable swap,0010,-1,-0.8382606506347656,0.4435462951660156,1.2818069458007812,0,1,01
oldtok_50M,social-relations_886,social-relations,886,parent,child,direct,active-passive,variable swap,0010,-1,-2.973979949951172,-5.462680816650391,-2.4887008666992188,0,0,00
oldtok_50M,social-relations_889,social-relations,889,parent,child,direct,active-passive,variable swap,1110,-1,-1.7281379699707031,-1.5678977966308594,0.16024017333984375,0,0,00
oldtok_50M,social-relations_892,social-relations,892,parent,child,direct,active-passive,variable swap,0100,-1,-2.9696807861328125,-3.4695167541503906,-0.4998359680175781,0,0,00
oldtok_50M,social-relations_2,social-relations,2,boss,subordinate,direct,antonym,concept swap,0010,-1,1.3455352783203125,-2.743891716003418,-4.0894269943237305,1,0,10
oldtok_50M,social-relations_4,social-relations,4,boss,subordinate,direct,antonym,concept swap,0010,-1,2.328531265258789,-1.4860038757324219,-3.814535140991211,1,0,10
oldtok_50M,social-relations_7,social-relations,7,boss,subordinate,direct,antonym,concept swap,0111,-1,2.3158302307128906,3.9397926330566406,1.62396240234375,1,1,11
oldtok_50M,social-relations_9,social-relations,9,boss,subordinate,direct,antonym,concept swap,1110,-1,1.7539100646972656,-1.9732818603515625,-3.727191925048828,1,0,10
oldtok_50M,social-relations_10,social-relations,10,boss,subordinate,direct,antonym,concept swap,0010,-1,1.1178607940673828,-1.5481739044189453,-2.666034698486328,1,0,10
oldtok_50M,social-relations_13,social-relations,13,boss,subordinate,direct,antonym,concept swap,1110,-1,1.8442764282226562,-3.47265625,-5.316932678222656,1,0,10
oldtok_50M,social-relations_14,social-relations,14,boss,subordinate,direct,antonym,concept swap,0010,-1,0.9048185348510742,-2.148954391479492,-3.0537729263305664,1,0,10
oldtok_50M,social-relations_464,social-relations,464,friend,enemy,direct,antonym,concept swap,1110,-1,0.7617893218994141,-0.2965126037597656,-1.0583019256591797,1,0,10
oldtok_50M,social-relations_473,social-relations,473,friend,enemy,direct,antonym,concept swap,0010,-1,-2.603504180908203,-1.7136116027832031,0.889892578125,0,0,00
oldtok_50M,social-relations_605,social-relations,605,landlord,tenant,direct,antonym,concept swap,0010,-1,4.071445465087891,1.8571319580078125,-2.214313507080078,1,1,11
oldtok_50M,social-relations_607,social-relations,607,landlord,tenant,direct,antonym,concept swap,0111,-1,0.151336669921875,3.1604766845703125,3.0091400146484375,1,1,11
oldtok_50M,social-relations_608,social-relations,608,landlord,tenant,direct,antonym,concept swap,0010,-1,-1.1597309112548828,-4.2586822509765625,-3.0989513397216797,0,0,00
oldtok_50M,social-relations_615,social-relations,615,landlord,tenant,direct,antonym,concept swap,1110,-1,-1.4823112487792969,2.0370140075683594,3.5193252563476562,0,1,01
oldtok_50M,social-relations_617,social-relations,617,landlord,tenant,direct,antonym,concept swap,0010,-1,2.564220428466797,4.800529479980469,2.236309051513672,1,1,11
oldtok_50M,social-relations_619,social-relations,619,landlord,tenant,direct,antonym,concept swap,0100,-1,1.6834564208984375,1.1436767578125,-0.5397796630859375,1,1,11
oldtok_50M,social-relations_1269,social-relations,1269,teacher,student,direct,antonym,concept swap,1110,-1,4.578346252441406,-0.9539146423339844,-5.532260894775391,1,0,10
oldtok_50M,social-relations_1273,social-relations,1273,teacher,student,direct,antonym,concept swap,0111,-1,0.7955856323242188,0.6474037170410156,-0.14818191528320312,1,1,11
oldtok_50M,social-relations_1275,social-relations,1275,teacher,student,direct,antonym,concept swap,0111,-1,4.729709625244141,0.8913612365722656,-3.838348388671875,1,1,11
oldtok_50M,social-relations_1278,social-relations,1278,teacher,student,direct,antonym,concept swap,0010,-1,2.3378429412841797,-3.3357505798339844,-5.673593521118164,1,0,10
oldtok_50M,social-relations_1285,social-relations,1285,teacher,student,direct,antonym,concept swap,1110,-1,2.5553627014160156,0.12499237060546875,-2.430370330810547,1,1,11
oldtok_50M,social-relations_21,social-relations,21,boss,subordinate,direct,antonym,variable swap,0100,-1,-2.2753982543945312,-1.062570571899414,1.2128276824951172,0,0,00
oldtok_50M,social-relations_24,social-relations,24,boss,subordinate,direct,antonym,variable swap,0010,-1,1.3455352783203125,-2.743891716003418,-4.0894269943237305,1,0,10
oldtok_50M,social-relations_28,social-relations,28,boss,subordinate,direct,antonym,variable swap,0010,-1,2.328531265258789,-1.4860038757324219,-3.814535140991211,1,0,10
oldtok_50M,social-relations_30,social-relations,30,boss,subordinate,direct,antonym,variable swap,0010,-1,-2.2488975524902344,1.1494293212890625,3.398326873779297,0,1,01
oldtok_50M,social-relations_3,social-relations,3,boss,subordinate,direct,antonym,concept swap,1111,0,2.3488807678222656,5.120756149291992,2.7718753814697266,1,1,11
oldtok_50M,social-relations_11,social-relations,11,boss,subordinate,direct,antonym,concept swap,1111,0,0.9107227325439453,3.9488372802734375,3.038114547729492,1,1,11
oldtok_50M,social-relations_19,social-relations,19,boss,subordinate,direct,antonym,concept swap,1111,0,1.0336837768554688,4.849388122558594,3.815704345703125,1,1,11
oldtok_50M,social-relations_27,social-relations,27,boss,subordinate,direct,antonym,variable swap,1111,0,2.3488807678222656,5.120756149291992,2.7718753814697266,1,1,11
oldtok_50M,social-relations_41,social-relations,41,boss,subordinate,direct,antonym,variable swap,1111,0,0.9107227325439453,3.9488372802734375,3.038114547729492,1,1,11
oldtok_50M,social-relations_57,social-relations,57,boss,subordinate,direct,antonym,variable swap,1111,0,1.0336837768554688,4.849388122558594,3.815704345703125,1,1,11
oldtok_50M,social-relations_63,social-relations,63,boss,subordinate,direct,variable swap,concept swap,1111,0,11.797155380249023,17.34363555908203,5.546480178833008,1,1,11
oldtok_50M,social-relations_64,social-relations,64,boss,subordinate,direct,variable swap,concept swap,1111,0,4.367177963256836,7.37078857421875,3.003610610961914,1,1,11
oldtok_50M,social-relations_66,social-relations,66,boss,subordinate,direct,variable swap,concept swap,1111,0,10.924018859863281,9.898275375366211,-1.0257434844970703,1,1,11
oldtok_50M,social-relations_71,social-relations,71,boss,subordinate,direct,variable swap,concept swap,1111,0,10.74844741821289,14.144966125488281,3.3965187072753906,1,1,11
oldtok_50M,social-relations_46,social-relations,46,boss,subordinate,direct,antonym,variable swap,0000,0,-3.44482421875,2.1367225646972656,5.581546783447266,0,1,01
oldtok_50M,social-relations_62,social-relations,62,boss,subordinate,direct,variable swap,concept swap,0000,0,-10.975970268249512,-14.88143539428711,-3.9054651260375977,0,0,00
oldtok_50M,social-relations_65,social-relations,65,boss,subordinate,direct,variable swap,concept swap,0000,0,-1.9724998474121094,-9.267448425292969,-7.294948577880859,0,0,00
oldtok_50M,social-relations_67,social-relations,67,boss,subordinate,direct,variable swap,concept swap,0000,0,-9.510150909423828,-11.429542541503906,-1.9193916320800781,0,0,00
oldtok_50M,social-relations_68,social-relations,68,boss,subordinate,direct,variable swap,concept swap,0000,0,-2.724668502807617,-0.2410125732421875,2.4836559295654297,0,0,00
oldtok_50M,social-relations_70,social-relations,70,boss,subordinate,direct,variable swap,concept swap,0000,0,-8.228195190429688,-11.153428077697754,-2.9252328872680664,0,0,00
oldtok_50M,social-relations_75,social-relations,75,boss,subordinate,direct,variable swap,concept swap,0000,0,-13.303817749023438,-15.378231048583984,-2.074413299560547,0,0,00
oldtok_50M,social-relations_79,social-relations,79,boss,subordinate,direct,variable swap,concept swap,0000,0,-11.335979461669922,-13.550724029541016,-2.2147445678710938,0,0,00
oldtok_50M,social-relations_83,social-relations,83,boss,subordinate,direct,variable swap,concept swap,0000,0,-22.88143539428711,-17.59708023071289,5.284355163574219,0,0,00
oldtok_50M,social-relations_86,social-relations,86,boss,subordinate,direct,variable swap,concept swap,0000,0,-20.473864555358887,-17.442753791809082,3.0311107635498047,0,0,00
oldtok_50M,agent-properties_4,agent-properties,4,believe,doubt,direct,antonym,concept swap,1111,0,1.920602798461914,-1.6483211517333984,-3.5689239501953125,1,0,10
oldtok_50M,agent-properties_12,agent-properties,12,believe,doubt,indirect,antonym,concept swap,1111,0,4.725866317749023,2.281879425048828,-2.4439868927001953,1,1,11
oldtok_50M,agent-properties_18,agent-properties,18,believe,doubt,indirect,antonym,concept swap,1111,0,4.117246627807617,1.9336414337158203,-2.183605194091797,1,1,11
oldtok_50M,agent-properties_21,agent-properties,21,believe,doubt,indirect,antonym,concept swap,1111,0,3.8665695190429688,2.7513160705566406,-1.1152534484863281,1,1,11
oldtok_50M,agent-properties_30,agent-properties,30,believe,doubt,indirect,antonym,concept swap,1111,0,3.8456497192382812,1.0803470611572266,-2.7653026580810547,1,1,11
oldtok_50M,agent-properties_33,agent-properties,33,believe,doubt,indirect,antonym,concept swap,1111,0,3.532299041748047,0.7207565307617188,-2.811542510986328,1,1,11
oldtok_50M,agent-properties_34,agent-properties,34,believe,doubt,indirect,antonym,concept swap,1111,0,4.066007614135742,1.832021713256836,-2.2339859008789062,1,1,11
oldtok_50M,agent-properties_39,agent-properties,39,believe,doubt,indirect,antonym,concept swap,1111,0,0.31182098388671875,-0.04906654357910156,-0.3608875274658203,1,0,10
oldtok_50M,agent-properties_44,agent-properties,44,believe,doubt,indirect,antonym,concept swap,1111,0,3.535909652709961,1.6298885345458984,-1.9060211181640625,1,1,11
oldtok_50M,agent-properties_50,agent-properties,50,believe,doubt,indirect,antonym,concept swap,1111,0,3.4261341094970703,1.6633472442626953,-1.762786865234375,1,1,11
oldtok_50M,agent-properties_54,agent-properties,54,believe,doubt,indirect,antonym,concept swap,1111,0,3.20855712890625,2.5512447357177734,-0.6573123931884766,1,1,11
oldtok_50M,agent-properties_56,agent-properties,56,believe,doubt,indirect,antonym,concept swap,1111,0,4.453178405761719,1.7121868133544922,-2.7409915924072266,1,1,11
oldtok_50M,agent-properties_65,agent-properties,65,believe,doubt,indirect,antonym,concept swap,1111,0,4.0965423583984375,2.3356666564941406,-1.7608757019042969,1,1,11
oldtok_50M,agent-properties_66,agent-properties,66,believe,doubt,indirect,antonym,concept swap,1111,0,4.615167617797852,2.7552146911621094,-1.8599529266357422,1,1,11
oldtok_50M,agent-properties_71,agent-properties,71,believe,doubt,indirect,negation,concept swap,1111,0,-0.5497970581054688,2.308826446533203,2.858623504638672,0,1,01
oldtok_50M,agent-properties_3,agent-properties,3,believe,doubt,direct,antonym,concept swap,0000,0,0.7926216125488281,2.3839073181152344,1.5912857055664062,1,1,11
oldtok_50M,agent-properties_13,agent-properties,13,believe,doubt,indirect,antonym,concept swap,0000,0,-4.2974395751953125,-2.703460693359375,1.5939788818359375,0,0,00
oldtok_50M,agent-properties_19,agent-properties,19,believe,doubt,indirect,antonym,concept swap,0000,0,-3.6849098205566406,-2.367504119873047,1.3174057006835938,0,0,00
oldtok_50M,agent-properties_20,agent-properties,20,believe,doubt,indirect,antonym,concept swap,0000,0,-4.634275436401367,-2.3492164611816406,2.2850589752197266,0,0,00
oldtok_50M,agent-properties_25,agent-properties,25,believe,doubt,indirect,antonym,concept swap,0000,0,-4.170297622680664,-1.0175113677978516,3.1527862548828125,0,0,00
oldtok_50M,agent-properties_31,agent-properties,31,believe,doubt,indirect,antonym,concept swap,0000,0,-3.284177780151367,-0.522918701171875,2.761259078979492,0,0,00
oldtok_50M,agent-properties_32,agent-properties,32,believe,doubt,indirect,antonym,concept swap,0000,0,-4.422478675842285,-1.727996826171875,2.69448184967041,0,0,00
oldtok_50M,agent-properties_35,agent-properties,35,believe,doubt,indirect,antonym,concept swap,0000,0,-3.775615692138672,-2.8317031860351562,0.9439125061035156,0,0,00
oldtok_50M,agent-properties_41,agent-properties,41,believe,doubt,indirect,antonym,concept swap,0000,0,-3.2751846313476562,-2.0888214111328125,1.1863632202148438,0,0,00
oldtok_50M,agent-properties_42,agent-properties,42,believe,doubt,indirect,antonym,concept swap,0000,0,-4.191486358642578,-1.9602985382080078,2.2311878204345703,0,0,00
oldtok_50M,agent-properties_45,agent-properties,45,believe,doubt,indirect,antonym,concept swap,0000,0,-3.451648712158203,-1.3863983154296875,2.0652503967285156,0,0,00
oldtok_50M,agent-properties_52,agent-properties,52,believe,doubt,indirect,antonym,concept swap,0000,0,-4.277040481567383,-2.0270462036132812,2.2499942779541016,0,0,00
oldtok_50M,agent-properties_55,agent-properties,55,believe,doubt,indirect,antonym,concept swap,0000,0,-2.9296531677246094,-1.8023109436035156,1.1273422241210938,0,0,00
oldtok_50M,agent-properties_57,agent-properties,57,believe,doubt,indirect,antonym,concept swap,0000,0,-4.233066558837891,-3.0517311096191406,1.18133544921875,0,0,00
oldtok_50M,agent-properties_63,agent-properties,63,believe,doubt,indirect,antonym,concept swap,0000,0,-3.77593994140625,-2.108013153076172,1.6679267883300781,0,0,00
oldtok_50M,agent-properties_7,agent-properties,7,believe,doubt,direct,antonym,concept swap,1001,2,-1.6587276458740234,-0.4841766357421875,1.174551010131836,0,0,00
oldtok_50M,agent-properties_29,agent-properties,29,believe,doubt,indirect,antonym,concept swap,1001,2,-1.2474403381347656,3.473461151123047,4.7209014892578125,0,1,01
oldtok_50M,agent-properties_47,agent-properties,47,believe,doubt,indirect,antonym,concept swap,1001,2,-3.2613143920898438,2.6214981079101562,5.8828125,0,1,01
oldtok_50M,agent-properties_48,agent-properties,48,believe,doubt,indirect,antonym,concept swap,1001,2,-0.31394195556640625,1.2181739807128906,1.5321159362792969,0,1,01
oldtok_50M,agent-properties_100,agent-properties,100,believe,doubt,indirect,variable swap,concept swap,1001,2,1.1177520751953125,1.932607650756836,0.8148555755615234,1,1,11
oldtok_50M,agent-properties_112,agent-properties,112,believe,imagine,direct,negation,concept swap,1001,2,-0.07491683959960938,1.7252159118652344,1.8001327514648438,0,1,01
oldtok_50M,agent-properties_121,agent-properties,121,believe,imagine,direct,other,concept swap,1001,2,0.2528877258300781,2.972015380859375,2.719127655029297,1,1,11
oldtok_50M,agent-properties_129,agent-properties,129,believe,imagine,direct,other,concept swap,1001,2,-0.2637481689453125,1.59869384765625,1.8624420166015625,0,1,01
oldtok_50M,agent-properties_138,agent-properties,138,choose,-,indirect,antonym,variable swap,1001,2,0.5713577270507812,0.3072090148925781,-0.2641487121582031,1,1,11
oldtok_50M,agent-properties_142,agent-properties,142,choose,-,indirect,antonym,variable swap,1001,2,0.21348953247070312,-0.8358497619628906,-1.0493392944335938,1,0,10
oldtok_50M,agent-properties_147,agent-properties,147,choose,-,indirect,antonym,variable swap,1001,2,-0.3482208251953125,-0.3599433898925781,-0.011722564697265625,0,0,00
oldtok_50M,agent-properties_153,agent-properties,153,choose,-,indirect,antonym,variable swap,1001,2,-2.6951217651367188,2.328907012939453,5.024028778076172,0,1,01
oldtok_50M,agent-properties_207,agent-properties,207,choose,-,indirect,antonym,variable swap,1001,2,-0.3983192443847656,-0.9263839721679688,-0.5280647277832031,0,0,00
oldtok_50M,agent-properties_230,agent-properties,230,choose,-,indirect,antonym,variable swap,1001,2,0.04814910888671875,0.2722053527832031,0.22405624389648438,1,1,11
oldtok_50M,agent-properties_343,agent-properties,343,choose,-,indirect,variable swap,variable swap,1001,2,-1.8753547668457031,6.9082489013671875,8.78360366821289,0,1,01
oldtok_50M,material-properties_10,material-properties,10,bouncy,not bouncy,indirect,material,concept swap,1111,0,-0.2791252136230469,-0.626190185546875,-0.3470649719238281,0,0,00
oldtok_50M,material-properties_22,material-properties,22,bouncy,not bouncy,indirect,material,concept swap,1111,0,3.465855598449707,3.5707216262817383,0.10486602783203125,1,1,11
oldtok_50M,material-properties_25,material-properties,25,bouncy,not bouncy,indirect,material,concept swap,1111,0,1.3928451538085938,5.730401992797852,4.337556838989258,1,1,11
oldtok_50M,material-properties_27,material-properties,27,bouncy,not bouncy,indirect,material,concept swap,1111,0,1.7167682647705078,8.207771301269531,6.491003036499023,1,1,11
oldtok_50M,material-properties_48,material-properties,48,fragile,sturdy,direct,antonym,concept swap,1111,0,5.821409225463867,4.555580139160156,-1.265829086303711,1,1,11
oldtok_50M,material-properties_50,material-properties,50,fragile,sturdy,direct,antonym,concept swap,1111,0,4.685113906860352,7.627220153808594,2.942106246948242,1,1,11
oldtok_50M,material-properties_52,material-properties,52,fragile,sturdy,direct,antonym,concept swap,1111,0,6.180381774902344,8.183671951293945,2.0032901763916016,1,1,11
oldtok_50M,material-properties_54,material-properties,54,fragile,sturdy,direct,antonym,concept swap,1111,0,6.5602874755859375,6.968524932861328,0.4082374572753906,1,1,11
oldtok_50M,material-properties_56,material-properties,56,fragile,sturdy,direct,antonym,concept swap,1111,0,5.480693817138672,7.951559066772461,2.470865249633789,1,1,11
oldtok_50M,material-properties_59,material-properties,59,fragile,sturdy,direct,antonym,concept swap,1111,0,0.5172023773193359,0.8813648223876953,0.3641624450683594,1,1,11
oldtok_50M,material-properties_67,material-properties,67,fragile,sturdy,direct,antonym,concept swap,1111,0,0.4861335754394531,0.7364101409912109,0.2502765655517578,1,1,11
oldtok_50M,material-properties_72,material-properties,72,fragile,sturdy,indirect,material,concept swap,1111,0,-3.441720962524414,-4.249542236328125,-0.8078212738037109,0,0,00
oldtok_50M,material-properties_77,material-properties,77,fragile,sturdy,indirect,material,concept swap,1111,0,0.032833099365234375,2.02783203125,1.9949989318847656,1,1,11
oldtok_50M,material-properties_79,material-properties,79,heavy,light,direct,antonym,concept swap,1111,0,0.5683965682983398,1.7751874923706055,1.2067909240722656,1,1,11
oldtok_50M,material-properties_81,material-properties,81,heavy,light,direct,antonym,concept swap,1111,0,0.6547584533691406,1.6142768859863281,0.9595184326171875,1,1,11
oldtok_50M,material-properties_0,material-properties,0,bouncy,not bouncy,indirect,antonym,concept swap,0000,0,-0.21724510192871094,3.7406005859375,3.957845687866211,0,1,01
oldtok_50M,material-properties_20,material-properties,20,bouncy,not bouncy,indirect,material,concept swap,0000,0,-2.3837528228759766,-7.254775047302246,-4.8710222244262695,0,0,00
oldtok_50M,material-properties_24,material-properties,24,bouncy,not bouncy,indirect,material,concept swap,0000,0,-0.6539115905761719,-5.190035820007324,-4.536124229431152,0,0,00
oldtok_50M,material-properties_26,material-properties,26,bouncy,not bouncy,indirect,material,concept swap,0000,0,-1.4961509704589844,-4.5437211990356445,-3.04757022857666,0,0,00
oldtok_50M,material-properties_28,material-properties,28,cold,warm,direct,antonym,concept swap,0000,0,-0.9031496047973633,0.051067352294921875,0.9542169570922852,0,1,01
oldtok_50M,material-properties_30,material-properties,30,cold,warm,direct,antonym,concept swap,0000,0,-0.49451637268066406,0.1449899673461914,0.6395063400268555,0,1,01
oldtok_50M,material-properties_32,material-properties,32,cold,warm,direct,antonym,concept swap,0000,0,-0.7084388732910156,-1.747054100036621,-1.0386152267456055,0,0,00
oldtok_50M,material-properties_34,material-properties,34,cold,warm,direct,antonym,concept swap,0000,0,-0.7072658538818359,-1.3266181945800781,-0.6193523406982422,0,0,00
oldtok_50M,material-properties_36,material-properties,36,cold,warm,direct,antonym,concept swap,0000,0,-0.5295848846435547,0.12712764739990234,0.656712532043457,0,1,01
oldtok_50M,material-properties_38,material-properties,38,cold,warm,direct,antonym,concept swap,0000,0,0.21624374389648438,0.07323169708251953,-0.14301204681396484,1,1,11
oldtok_50M,material-properties_42,material-properties,42,cold,warm,direct,antonym,concept swap,0000,0,-0.9272422790527344,0.3016080856323242,1.2288503646850586,0,1,01
oldtok_50M,material-properties_44,material-properties,44,cold,warm,direct,antonym,concept swap,0000,0,-0.3756675720214844,-1.2866077423095703,-0.9109401702880859,0,0,00
oldtok_50M,material-properties_46,material-properties,46,cold,warm,direct,antonym,concept swap,0000,0,-1.1836776733398438,-1.978891372680664,-0.7952136993408203,0,0,00
oldtok_50M,material-properties_49,material-properties,49,fragile,sturdy,direct,antonym,concept swap,0000,0,-6.139591217041016,-2.0950088500976562,4.044582366943359,0,0,00
oldtok_50M,material-properties_51,material-properties,51,fragile,sturdy,direct,antonym,concept swap,0000,0,-5.386302947998047,-5.318094253540039,0.06820869445800781,0,0,00
oldtok_50M,material-properties_8,material-properties,8,bouncy,not bouncy,indirect,antonym,concept swap,1001,2,-1.0557289123535156,1.7550163269042969,2.8107452392578125,0,1,01
oldtok_50M,material-properties_152,material-properties,152,transparent,opaque,direct,negation,concept swap,1001,2,0.030302047729492188,1.6836910247802734,1.6533889770507812,1,1,11
oldtok_50M,material-properties_1,material-properties,1,bouncy,not bouncy,indirect,antonym,concept swap,1101,1,2.6942710876464844,-1.8169174194335938,-4.511188507080078,1,0,10
oldtok_50M,material-properties_2,material-properties,2,bouncy,not bouncy,indirect,antonym,concept swap,1011,1,-0.04250335693359375,2.301921844482422,2.3444252014160156,0,1,01
oldtok_50M,material-properties_5,material-properties,5,bouncy,not bouncy,indirect,antonym,concept swap,1101,1,2.943021774291992,-0.7744884490966797,-3.717510223388672,1,0,10
oldtok_50M,material-properties_6,material-properties,6,bouncy,not bouncy,indirect,antonym,concept swap,0001,1,0.05334663391113281,3.895191192626953,3.8418445587158203,1,1,11
oldtok_50M,material-properties_7,material-properties,7,bouncy,not bouncy,indirect,antonym,concept swap,1101,1,2.291872024536133,-2.05792236328125,-4.349794387817383,1,0,10
oldtok_50M,material-properties_14,material-properties,14,bouncy,not bouncy,indirect,material,concept swap,0001,1,0.11259269714355469,-0.3092765808105469,-0.42186927795410156,1,0,10
oldtok_50M,material-properties_15,material-properties,15,bouncy,not bouncy,indirect,material,concept swap,1011,1,-0.3951759338378906,1.6138687133789062,2.009044647216797,0,1,01
oldtok_50M,material-properties_19,material-properties,19,bouncy,not bouncy,indirect,material,concept swap,1011,1,0.09253883361816406,1.7098312377929688,1.6172924041748047,1,1,11
oldtok_50M,material-properties_21,material-properties,21,bouncy,not bouncy,indirect,material,concept swap,1101,1,5.419574737548828,5.9634857177734375,0.5439109802246094,1,1,11
oldtok_50M,material-properties_40,material-properties,40,cold,warm,direct,antonym,concept swap,1000,1,-0.2518272399902344,0.4079761505126953,0.6598033905029297,0,1,01
oldtok_50M,material-properties_58,material-properties,58,fragile,sturdy,direct,antonym,concept swap,0001,1,0.3686676025390625,-0.033870697021484375,-0.4025382995605469,1,0,10
oldtok_50M,material-properties_60,material-properties,60,fragile,sturdy,direct,antonym,concept swap,0001,1,0.9783115386962891,0.05718040466308594,-0.9211311340332031,1,1,11
oldtok_50M,material-properties_61,material-properties,61,fragile,sturdy,direct,antonym,concept swap,1101,1,1.0574684143066406,0.9284553527832031,-0.1290130615234375,1,1,11
oldtok_50M,social-interactions_8,social-interactions,8,cooperate,compete,direct,antonym,concept swap,1111,0,2.676603317260742,9.266258239746094,6.589654922485352,1,1,11
oldtok_50M,social-interactions_18,social-interactions,18,cooperate,compete,direct,antonym,concept swap,1111,0,-0.5648746490478516,1.5977458953857422,2.1626205444335938,0,1,01
oldtok_50M,social-interactions_30,social-interactions,30,deceive,help,direct,antonym,concept swap,1111,0,-1.5098819732666016,-0.5168781280517578,0.9930038452148438,0,0,00
oldtok_50M,social-interactions_34,social-interactions,34,deceive,help,direct,antonym,concept swap,1111,0,2.367145538330078,4.309070587158203,1.941925048828125,1,1,11
oldtok_50M,social-interactions_38,social-interactions,38,deceive,help,direct,antonym,concept swap,1111,0,1.4661846160888672,2.8737525939941406,1.4075679779052734,1,1,11
oldtok_50M,social-interactions_40,social-interactions,40,deceive,help,direct,antonym,concept swap,1111,0,-0.09683609008789062,-5.064746856689453,-4.9679107666015625,0,0,00
oldtok_50M,social-interactions_42,social-interactions,42,deceive,help,direct,antonym,concept swap,1111,0,2.5805225372314453,2.4521312713623047,-0.12839126586914062,1,1,11
oldtok_50M,social-interactions_46,social-interactions,46,deceive,help,direct,antonym,concept swap,1111,0,0.6609153747558594,-0.06295394897460938,-0.7238693237304688,1,0,10
oldtok_50M,social-interactions_48,social-interactions,48,deceive,help,direct,antonym,concept swap,1111,0,1.3942699432373047,2.1703414916992188,0.7760715484619141,1,1,11
oldtok_50M,social-interactions_63,social-interactions,63,evade,chase,direct,antonym,concept swap,1111,0,-3.1633968353271484,1.823629379272461,4.987026214599609,0,1,01
oldtok_50M,social-interactions_81,social-interactions,81,evade,seek,direct,antonym,concept swap,1111,0,2.616598129272461,1.1248750686645508,-1.4917230606079102,1,1,11
oldtok_50M,social-interactions_83,social-interactions,83,evade,seek,direct,antonym,concept swap,1111,0,2.5856523513793945,1.75762939453125,-0.8280229568481445,1,1,11
oldtok_50M,social-interactions_85,social-interactions,85,evade,seek,direct,antonym,concept swap,1111,0,2.6252403259277344,2.9692535400390625,0.3440132141113281,1,1,11
oldtok_50M,social-interactions_87,social-interactions,87,evade,seek,direct,antonym,concept swap,1111,0,1.417776107788086,4.77059268951416,3.352816581726074,1,1,11
oldtok_50M,social-interactions_88,social-interactions,88,evade,seek,direct,antonym,concept swap,1111,0,0.30802154541015625,3.869762420654297,3.5617408752441406,1,1,11
oldtok_50M,social-interactions_3,social-interactions,3,cooperate,compete,direct,antonym,concept swap,0000,0,0.5823822021484375,-4.457921981811523,-5.040304183959961,1,0,10
oldtok_50M,social-interactions_14,social-interactions,14,cooperate,compete,direct,antonym,concept swap,0000,0,-1.1593151092529297,-0.7989692687988281,0.36034584045410156,0,0,00
oldtok_50M,social-interactions_19,social-interactions,19,cooperate,compete,direct,antonym,concept swap,0000,0,0.6946563720703125,-4.588926315307617,-5.28358268737793,1,0,10
oldtok_50M,social-interactions_35,social-interactions,35,deceive,help,direct,antonym,concept swap,0000,0,-1.5402488708496094,-3.4556045532226562,-1.9153556823730469,0,0,00
oldtok_50M,social-interactions_43,social-interactions,43,deceive,help,direct,antonym,concept swap,0000,0,-1.3237991333007812,-1.0056467056274414,0.31815242767333984,0,0,00
oldtok_50M,social-interactions_76,social-interactions,76,evade,chase,indirect,antonym,concept swap,0000,0,-3.0833969116210938,-1.7209281921386719,1.3624687194824219,0,0,00
oldtok_50M,social-interactions_98,social-interactions,98,evade,seek,indirect,antonym,concept swap,0000,0,-2.0276565551757812,-2.0181140899658203,0.009542465209960938,0,0,00
oldtok_50M,social-interactions_141,social-interactions,141,help,hinder,indirect,antonym,concept swap,0000,0,-3.5694217681884766,1.0057258605957031,4.57514762878418,0,1,01
oldtok_50M,social-interactions_149,social-interactions,149,help,hinder,indirect,antonym,concept swap,0000,0,-3.6662368774414062,-1.8715667724609375,1.7946701049804688,0,0,00
oldtok_50M,social-interactions_157,social-interactions,157,respect,insult,direct,antonym,concept swap,0000,0,1.2653388977050781,-4.842144012451172,-6.10748291015625,1,0,10
oldtok_50M,social-interactions_170,social-interactions,170,respect,insult,indirect,antonym,concept swap,0000,0,-0.61334228515625,5.35539436340332,5.96873664855957,0,1,01
oldtok_50M,social-interactions_178,social-interactions,178,respect,insult,indirect,antonym,concept swap,0000,0,-4.746574401855469,3.4627456665039062,8.209320068359375,0,1,01
oldtok_50M,social-interactions_181,social-interactions,181,teach,learn,direct,variable swap,concept swap,0000,0,-4.389822006225586,-5.2436065673828125,-0.8537845611572266,0,0,00
oldtok_50M,social-interactions_183,social-interactions,183,teach,learn,direct,variable swap,concept swap,0000,0,-4.389822006225586,-5.2436065673828125,-0.8537845611572266,0,0,00
oldtok_50M,social-interactions_189,social-interactions,189,teach,learn,direct,variable swap,concept swap,0000,0,-8.897838592529297,-12.310047149658203,-3.4122085571289062,0,0,00
oldtok_50M,social-interactions_33,social-interactions,33,deceive,help,direct,antonym,concept swap,1001,2,-1.473836898803711,-0.6928377151489258,0.7809991836547852,0,0,00
oldtok_50M,social-interactions_49,social-interactions,49,deceive,help,direct,antonym,concept swap,1001,2,-0.7082748413085938,-1.471327781677246,-0.7630529403686523,0,0,00
oldtok_50M,social-interactions_65,social-interactions,65,evade,chase,direct,antonym,concept swap,1001,2,-1.2970008850097656,0.6338310241699219,1.9308319091796875,0,1,01
oldtok_50M,social-interactions_67,social-interactions,67,evade,chase,direct,antonym,concept swap,1001,2,-1.5234146118164062,-1.8309268951416016,-0.3075122833251953,0,0,00
oldtok_50M,social-interactions_69,social-interactions,69,evade,chase,direct,antonym,concept swap,1001,2,-0.6639766693115234,-2.635272979736328,-1.9712963104248047,0,0,00
oldtok_50M,social-interactions_70,social-interactions,70,evade,chase,indirect,antonym,concept swap,1001,2,-2.6963577270507812,1.3911361694335938,4.087493896484375,0,1,01
oldtok_50M,social-interactions_80,social-interactions,80,evade,seek,direct,antonym,concept swap,1001,2,1.1748466491699219,1.833730697631836,0.6588840484619141,1,1,11
oldtok_50M,social-interactions_86,social-interactions,86,evade,seek,direct,antonym,concept swap,1001,2,0.5255126953125,-1.2705020904541016,-1.7960147857666016,1,0,10
oldtok_50M,social-interactions_119,social-interactions,119,flirt,insult,indirect,antonym,concept swap,1001,2,1.8608207702636719,-0.97064208984375,-2.831462860107422,1,0,10
oldtok_50M,social-interactions_172,social-interactions,172,respect,insult,indirect,antonym,concept swap,1001,2,-3.2568817138671875,6.224399566650391,9.481281280517578,0,1,01
oldtok_50M,social-interactions_174,social-interactions,174,respect,insult,indirect,antonym,concept swap,1001,2,-0.2567329406738281,7.519737243652344,7.776470184326172,0,1,01
oldtok_50M,social-interactions_240,social-interactions,240,teach,learn,indirect,antonym,variable swap,1001,2,0.48121070861816406,-3.4207115173339844,-3.9019222259521484,1,0,10
oldtok_50M,social-interactions_250,social-interactions,250,tease,comfort,direct,other,concept swap,1001,2,-4.526601791381836,-1.4653129577636719,3.061288833618164,0,0,00
oldtok_50M,social-interactions_252,social-interactions,252,tease,comfort,direct,other,concept swap,1001,2,1.681253433227539,1.697098731994629,0.015845298767089844,1,1,11
oldtok_50M,social-interactions_258,social-interactions,258,tease,comfort,indirect,antonym,concept swap,1001,2,-2.454130172729492,-0.7688140869140625,1.6853160858154297,0,0,00
oldtok_80M,material-dynamics_0,material-dynamics,0,break,drip,direct,material,concept swap,0110,-2,0.2193002700805664,-1.3420495986938477,-1.561349868774414,1,0,10
oldtok_80M,material-dynamics_4,material-dynamics,4,break,drip,direct,material,concept swap,0110,-2,0.3659629821777344,-1.518747329711914,-1.8847103118896484,1,0,10
oldtok_80M,material-dynamics_20,material-dynamics,20,break,flap,direct,material,concept swap,0110,-2,0.9362516403198242,-1.3082313537597656,-2.24448299407959,1,0,10
oldtok_80M,material-dynamics_22,material-dynamics,22,break,flap,direct,material,concept swap,0110,-2,1.1409225463867188,-1.5788192749023438,-2.7197418212890625,1,0,10
oldtok_80M,material-dynamics_24,material-dynamics,24,break,flap,direct,material,concept swap,0110,-2,1.339752197265625,-1.7166337966918945,-3.0563859939575195,1,0,10
oldtok_80M,material-dynamics_26,material-dynamics,26,break,flap,direct,material,concept swap,0110,-2,0.42982006072998047,-1.662358283996582,-2.0921783447265625,1,0,10
oldtok_80M,material-dynamics_28,material-dynamics,28,break,flap,direct,material,concept swap,0110,-2,1.1990127563476562,-1.0324506759643555,-2.2314634323120117,1,0,10
oldtok_80M,material-dynamics_40,material-dynamics,40,break,rip ,direct,material,concept swap,0110,-2,0.9362516403198242,-1.3082313537597656,-2.24448299407959,1,0,10
oldtok_80M,material-dynamics_42,material-dynamics,42,break,rip ,direct,material,concept swap,0110,-2,1.1409225463867188,-1.5788192749023438,-2.7197418212890625,1,0,10
oldtok_80M,material-dynamics_44,material-dynamics,44,break,rip ,direct,material,concept swap,0110,-2,1.339752197265625,-1.7166337966918945,-3.0563859939575195,1,0,10
oldtok_80M,material-dynamics_46,material-dynamics,46,break,rip ,direct,material,concept swap,0110,-2,0.42982006072998047,-1.662358283996582,-2.0921783447265625,1,0,10
oldtok_80M,material-dynamics_48,material-dynamics,48,break,rip ,direct,material,concept swap,0110,-2,1.1990127563476562,-1.0324506759643555,-2.2314634323120117,1,0,10
oldtok_80M,material-dynamics_50,material-dynamics,50,break,ripple,direct,material,concept swap,0110,-2,0.9362516403198242,-1.3082313537597656,-2.24448299407959,1,0,10
oldtok_80M,material-dynamics_52,material-dynamics,52,break,ripple,direct,material,concept swap,0110,-2,0.2193002700805664,-1.3420495986938477,-1.561349868774414,1,0,10
oldtok_80M,material-dynamics_54,material-dynamics,54,break,ripple,direct,material,concept swap,0110,-2,1.1409225463867188,-1.5788192749023438,-2.7197418212890625,1,0,10
oldtok_80M,material-dynamics_58,material-dynamics,58,break,ripple,direct,material,concept swap,0110,-2,1.339752197265625,-1.7166337966918945,-3.0563859939575195,1,0,10
oldtok_80M,material-dynamics_60,material-dynamics,60,break,ripple,direct,material,concept swap,0110,-2,0.3659629821777344,-1.518747329711914,-1.8847103118896484,1,0,10
oldtok_80M,material-dynamics_62,material-dynamics,62,break,ripple,direct,material,concept swap,0110,-2,0.42982006072998047,-1.662358283996582,-2.0921783447265625,1,0,10
oldtok_80M,material-dynamics_66,material-dynamics,66,break,ripple,direct,material,concept swap,0110,-2,1.1990127563476562,-1.0324506759643555,-2.2314634323120117,1,0,10
oldtok_80M,material-dynamics_90,material-dynamics,90,break,splash,direct,material,concept swap,0110,-2,0.2193002700805664,-1.3420495986938477,-1.561349868774414,1,0,10
oldtok_80M,material-dynamics_94,material-dynamics,94,break,splash,direct,material,concept swap,0110,-2,0.3659629821777344,-1.518747329711914,-1.8847103118896484,1,0,10
oldtok_80M,material-dynamics_110,material-dynamics,110,break,wrinkle,direct,material,concept swap,0110,-2,0.9362516403198242,-1.3082313537597656,-2.24448299407959,1,0,10
oldtok_80M,material-dynamics_112,material-dynamics,112,break,wrinkle,direct,material,concept swap,0110,-2,1.1409225463867188,-1.5788192749023438,-2.7197418212890625,1,0,10
oldtok_80M,material-dynamics_114,material-dynamics,114,break,wrinkle,direct,material,concept swap,0110,-2,1.339752197265625,-1.7166337966918945,-3.0563859939575195,1,0,10
oldtok_80M,material-dynamics_116,material-dynamics,116,break,wrinkle,direct,material,concept swap,0110,-2,0.42982006072998047,-1.662358283996582,-2.0921783447265625,1,0,10
oldtok_80M,material-dynamics_118,material-dynamics,118,break,wrinkle,direct,material,concept swap,0110,-2,1.1990127563476562,-1.0324506759643555,-2.2314634323120117,1,0,10
oldtok_80M,material-dynamics_130,material-dynamics,130,drape,pour,direct,material,concept swap,0110,-2,0.174591064453125,0.24939727783203125,0.07480621337890625,1,1,11
oldtok_80M,material-dynamics_134,material-dynamics,134,drape,pour,direct,material,concept swap,0110,-2,0.11644744873046875,-0.6211700439453125,-0.7376174926757812,1,0,10
oldtok_80M,material-dynamics_136,material-dynamics,136,drape,pour,direct,material,concept swap,0110,-2,-0.07345199584960938,-0.6984481811523438,-0.6249961853027344,0,0,00
oldtok_80M,material-dynamics_138,material-dynamics,138,drape,pour,direct,material,concept swap,0110,-2,2.3769989013671875,-0.5873947143554688,-2.9643936157226562,1,0,10
oldtok_80M,material-dynamics_152,material-dynamics,152,drape,stir,direct,material,concept swap,0110,-2,0.174591064453125,0.24939727783203125,0.07480621337890625,1,1,11
oldtok_80M,material-dynamics_160,material-dynamics,160,drape,stir,direct,material,concept swap,0110,-2,0.11644744873046875,-0.6211700439453125,-0.7376174926757812,1,0,10
oldtok_80M,material-dynamics_164,material-dynamics,164,drape,stir,direct,material,concept swap,0110,-2,-0.07345199584960938,-0.6984481811523438,-0.6249961853027344,0,0,00
oldtok_80M,material-dynamics_168,material-dynamics,168,drape,stir,direct,material,concept swap,0110,-2,2.3769989013671875,-0.5873947143554688,-2.9643936157226562,1,0,10
oldtok_80M,material-dynamics_404,material-dynamics,404,rip ,pour,direct,material,concept swap,0110,-2,0.9364891052246094,-0.46924781799316406,-1.4057369232177734,1,0,10
oldtok_80M,material-dynamics_406,material-dynamics,406,rip ,pour,direct,material,concept swap,0110,-2,0.1792011260986328,-0.4086570739746094,-0.5878582000732422,1,0,10
oldtok_80M,material-dynamics_408,material-dynamics,408,rip ,pour,direct,material,concept swap,0110,-2,1.6417865753173828,-0.5861854553222656,-2.2279720306396484,1,0,10
oldtok_80M,material-dynamics_440,material-dynamics,440,rip ,stir,direct,material,concept swap,0110,-2,0.9364891052246094,-0.46924781799316406,-1.4057369232177734,1,0,10
oldtok_80M,material-dynamics_444,material-dynamics,444,rip ,stir,direct,material,concept swap,0110,-2,0.1792011260986328,-0.4086570739746094,-0.5878582000732422,1,0,10
oldtok_80M,material-dynamics_448,material-dynamics,448,rip ,stir,direct,material,concept swap,0110,-2,1.6417865753173828,-0.5861854553222656,-2.2279720306396484,1,0,10
oldtok_80M,material-dynamics_478,material-dynamics,478,squeeze,pour,direct,material,concept swap,0110,-2,1.922769546508789,-0.9136161804199219,-2.836385726928711,1,0,10
oldtok_80M,material-dynamics_482,material-dynamics,482,squeeze,pour,direct,material,concept swap,0110,-2,0.9996070861816406,-0.3706235885620117,-1.3702306747436523,1,0,10
oldtok_80M,material-dynamics_486,material-dynamics,486,squeeze,pour,direct,material,concept swap,0110,-2,1.95941162109375,-0.6125240325927734,-2.5719356536865234,1,0,10
oldtok_80M,material-dynamics_525,material-dynamics,525,squeeze,stir,direct,material,concept swap,0110,-2,1.9291324615478516,-0.5128917694091797,-2.4420242309570312,1,0,10
oldtok_80M,material-dynamics_538,material-dynamics,538,squeeze,stir,direct,material,concept swap,0110,-2,1.922769546508789,-0.9136161804199219,-2.836385726928711,1,0,10
oldtok_80M,material-dynamics_541,material-dynamics,541,squeeze,stir,direct,material,concept swap,0110,-2,0.8687934875488281,-0.3506336212158203,-1.2194271087646484,1,0,10
oldtok_80M,material-dynamics_546,material-dynamics,546,squeeze,stir,direct,material,concept swap,0110,-2,0.9996070861816406,-0.3706235885620117,-1.3702306747436523,1,0,10
oldtok_80M,material-dynamics_554,material-dynamics,554,squeeze,stir,direct,material,concept swap,0110,-2,1.95941162109375,-0.6125240325927734,-2.5719356536865234,1,0,10
oldtok_80M,material-dynamics_661,material-dynamics,661,tap,stir,direct,material,concept swap,0110,-2,1.9291324615478516,-0.5128917694091797,-2.4420242309570312,1,0,10
oldtok_80M,material-dynamics_665,material-dynamics,665,tap,stir,direct,material,concept swap,0110,-2,0.8687934875488281,-0.3506336212158203,-1.2194271087646484,1,0,10
oldtok_80M,material-dynamics_31,material-dynamics,31,break,flap,indirect,material,concept swap,0110,-2,-0.1687488555908203,-5.300239562988281,-5.131490707397461,0,0,00
oldtok_80M,material-dynamics_177,material-dynamics,177,drape,stir,indirect,material,concept swap,0110,-2,0.41318321228027344,-1.831441879272461,-2.2446250915527344,1,0,10
oldtok_80M,material-dynamics_187,material-dynamics,187,drape,stir,indirect,material,concept swap,0110,-2,1.6148319244384766,-2.711671829223633,-4.326503753662109,1,0,10
oldtok_80M,material-dynamics_257,material-dynamics,257,fold,stir,indirect,material,concept swap,0110,-2,0.41318321228027344,-1.831441879272461,-2.2446250915527344,1,0,10
oldtok_80M,material-dynamics_260,material-dynamics,260,fold,stir,indirect,material,concept swap,0110,-2,2.105642318725586,-2.866750717163086,-4.972393035888672,1,0,10
oldtok_80M,material-dynamics_267,material-dynamics,267,fold,stir,indirect,material,concept swap,0110,-2,1.6148319244384766,-2.711671829223633,-4.326503753662109,1,0,10
oldtok_80M,material-dynamics_317,material-dynamics,317,hang,stir,indirect,material,concept swap,0110,-2,0.41318321228027344,-1.831441879272461,-2.2446250915527344,1,0,10
oldtok_80M,material-dynamics_320,material-dynamics,320,hang,stir,indirect,material,concept swap,0110,-2,2.43829345703125,-0.28302955627441406,-2.721323013305664,1,0,10
oldtok_80M,material-dynamics_327,material-dynamics,327,hang,stir,indirect,material,concept swap,0110,-2,1.6148319244384766,-2.711671829223633,-4.326503753662109,1,0,10
oldtok_80M,material-dynamics_457,material-dynamics,457,rip ,stir,indirect,material,concept swap,0110,-2,0.41318321228027344,-1.831441879272461,-2.2446250915527344,1,0,10
oldtok_80M,material-dynamics_467,material-dynamics,467,rip ,stir,indirect,material,concept swap,0110,-2,1.6148319244384766,-2.711671829223633,-4.326503753662109,1,0,10
oldtok_80M,material-dynamics_503,material-dynamics,503,squeeze,pour,indirect,material,concept swap,0110,-2,2.4305267333984375,-0.257415771484375,-2.6879425048828125,1,0,10
oldtok_80M,material-dynamics_579,material-dynamics,579,squeeze,stir,indirect,material,concept swap,0110,-2,0.41318321228027344,-1.831441879272461,-2.2446250915527344,1,0,10
oldtok_80M,material-dynamics_585,material-dynamics,585,squeeze,stir,indirect,material,concept swap,0110,-2,1.5210952758789062,0.1528034210205078,-1.3682918548583984,1,1,11
oldtok_80M,material-dynamics_611,material-dynamics,611,squeeze,stir,indirect,material,concept swap,0110,-2,-0.41361045837402344,-2.5273780822753906,-2.113767623901367,0,0,00
oldtok_80M,material-dynamics_617,material-dynamics,617,squeeze,stir,indirect,material,concept swap,0110,-2,1.6148319244384766,-2.711671829223633,-4.326503753662109,1,0,10
oldtok_80M,material-dynamics_682,material-dynamics,682,tap,stir,indirect,material,concept swap,0110,-2,1.8580913543701172,-0.9113407135009766,-2.7694320678710938,1,0,10
oldtok_80M,material-dynamics_687,material-dynamics,687,tap,stir,indirect,material,concept swap,0110,-2,-0.41361045837402344,-2.5273780822753906,-2.113767623901367,0,0,00
oldtok_80M,material-dynamics_757,material-dynamics,757,wrinkle,stir,indirect,material,concept swap,0110,-2,0.41318321228027344,-1.831441879272461,-2.2446250915527344,1,0,10
oldtok_80M,material-dynamics_767,material-dynamics,767,wrinkle,stir,indirect,material,concept swap,0110,-2,1.6148319244384766,-2.711671829223633,-4.326503753662109,1,0,10
oldtok_80M,material-dynamics_2,material-dynamics,2,break,drip,direct,material,concept swap,1110,-1,0.09006595611572266,-1.6989212036132812,-1.788987159729004,1,0,10
oldtok_80M,material-dynamics_6,material-dynamics,6,break,drip,direct,material,concept swap,0010,-1,-0.1041717529296875,-1.4670276641845703,-1.3628559112548828,0,0,00
oldtok_80M,material-dynamics_8,material-dynamics,8,break,drip,direct,material,concept swap,0010,-1,-0.061859130859375,-1.1329708099365234,-1.0711116790771484,0,0,00
oldtok_80M,material-dynamics_21,material-dynamics,21,break,flap,direct,material,concept swap,1110,-1,4.493999481201172,-0.8056564331054688,-5.299655914306641,1,0,10
oldtok_80M,material-dynamics_23,material-dynamics,23,break,flap,direct,material,concept swap,1110,-1,5.780099868774414,-1.1034660339355469,-6.883565902709961,1,0,10
oldtok_80M,material-dynamics_25,material-dynamics,25,break,flap,direct,material,concept swap,1110,-1,5.227399826049805,-0.8591289520263672,-6.086528778076172,1,0,10
oldtok_80M,material-dynamics_27,material-dynamics,27,break,flap,direct,material,concept swap,1110,-1,5.381923675537109,-0.18082237243652344,-5.562746047973633,1,0,10
oldtok_80M,material-dynamics_29,material-dynamics,29,break,flap,direct,material,concept swap,1110,-1,4.418354034423828,-0.7419967651367188,-5.160350799560547,1,0,10
oldtok_80M,material-dynamics_56,material-dynamics,56,break,ripple,direct,material,concept swap,1110,-1,0.09006595611572266,-1.6989212036132812,-1.788987159729004,1,0,10
oldtok_80M,material-dynamics_64,material-dynamics,64,break,ripple,direct,material,concept swap,0010,-1,-0.1041717529296875,-1.4670276641845703,-1.3628559112548828,0,0,00
oldtok_80M,material-dynamics_68,material-dynamics,68,break,ripple,direct,material,concept swap,0010,-1,-0.061859130859375,-1.1329708099365234,-1.0711116790771484,0,0,00
oldtok_80M,material-dynamics_92,material-dynamics,92,break,splash,direct,material,concept swap,1110,-1,0.09006595611572266,-1.6989212036132812,-1.788987159729004,1,0,10
oldtok_80M,material-dynamics_96,material-dynamics,96,break,splash,direct,material,concept swap,0010,-1,-0.1041717529296875,-1.4670276641845703,-1.3628559112548828,0,0,00
oldtok_80M,material-dynamics_98,material-dynamics,98,break,splash,direct,material,concept swap,0010,-1,-0.061859130859375,-1.1329708099365234,-1.0711116790771484,0,0,00
oldtok_80M,material-dynamics_155,material-dynamics,155,drape,stir,direct,material,concept swap,1110,-1,0.5601158142089844,-3.1340389251708984,-3.694154739379883,1,0,10
oldtok_80M,material-dynamics_157,material-dynamics,157,drape,stir,direct,material,concept swap,1110,-1,0.07056808471679688,-0.8040351867675781,-0.874603271484375,1,0,10
oldtok_80M,material-dynamics_159,material-dynamics,159,drape,stir,direct,material,concept swap,1110,-1,1.6200199127197266,-3.393970489501953,-5.01399040222168,1,0,10
oldtok_80M,material-dynamics_162,material-dynamics,162,drape,stir,direct,material,concept swap,0010,-1,-1.4856452941894531,-1.9365959167480469,-0.45095062255859375,0,0,00
oldtok_80M,material-dynamics_166,material-dynamics,166,drape,stir,direct,material,concept swap,0111,-1,0.06174468994140625,0.7272758483886719,0.6655311584472656,1,1,11
oldtok_80M,material-dynamics_191,material-dynamics,191,flap,drip,direct,material,concept swap,0111,-1,0.6011962890625,0.487457275390625,-0.113739013671875,1,1,11
oldtok_80M,material-dynamics_193,material-dynamics,193,flap,drip,direct,material,concept swap,0111,-1,0.7275238037109375,0.43570518493652344,-0.29181861877441406,1,1,11
oldtok_80M,material-dynamics_195,material-dynamics,195,flap,drip,direct,material,concept swap,0111,-1,0.4759712219238281,0.44559288024902344,-0.030378341674804688,1,1,11
oldtok_80M,material-dynamics_197,material-dynamics,197,flap,drip,direct,material,concept swap,0111,-1,0.3124809265136719,0.32326698303222656,0.010786056518554688,1,1,11
oldtok_80M,material-dynamics_199,material-dynamics,199,flap,drip,direct,material,concept swap,0111,-1,0.4879188537597656,0.52020263671875,0.032283782958984375,1,1,11
oldtok_80M,material-dynamics_210,material-dynamics,210,fold,pour,direct,material,concept swap,0111,-1,0.48493194580078125,3.1286697387695312,2.64373779296875,1,1,11
oldtok_80M,material-dynamics_214,material-dynamics,214,fold,pour,direct,material,concept swap,0111,-1,1.1180458068847656,1.8963699340820312,0.7783241271972656,1,1,11
oldtok_80M,material-dynamics_218,material-dynamics,218,fold,pour,direct,material,concept swap,0111,-1,1.4905891418457031,2.7981491088867188,1.3075599670410156,1,1,11
oldtok_80M,material-dynamics_232,material-dynamics,232,fold,stir,direct,material,concept swap,0111,-1,0.48493194580078125,3.1286697387695312,2.64373779296875,1,1,11
oldtok_80M,material-dynamics_234,material-dynamics,234,fold,stir,direct,material,concept swap,0111,-1,1.4282073974609375,2.34222412109375,0.9140167236328125,1,1,11
oldtok_80M,material-dynamics_235,material-dynamics,235,fold,stir,direct,material,concept swap,1110,-1,0.5601158142089844,-3.1340389251708984,-3.694154739379883,1,0,10
oldtok_80M,material-dynamics_13,material-dynamics,13,break,drip,indirect,material,concept swap,1111,0,0.45276641845703125,0.5410614013671875,0.08829498291015625,1,1,11
oldtok_80M,material-dynamics_15,material-dynamics,15,break,drip,indirect,material,concept swap,1111,0,3.1824913024902344,2.6093883514404297,-0.5731029510498047,1,1,11
oldtok_80M,material-dynamics_17,material-dynamics,17,break,drip,indirect,material,concept swap,1111,0,5.642522811889648,0.5615463256835938,-5.080976486206055,1,1,11
oldtok_80M,material-dynamics_19,material-dynamics,19,break,drip,indirect,material,concept swap,1111,0,3.2069034576416016,0.04741668701171875,-3.159486770629883,1,1,11
oldtok_80M,material-dynamics_30,material-dynamics,30,break,flap,indirect,material,concept swap,1111,0,2.7817697525024414,0.6979522705078125,-2.083817481994629,1,1,11
oldtok_80M,material-dynamics_34,material-dynamics,34,break,flap,indirect,material,concept swap,1111,0,0.4984779357910156,1.549957275390625,1.0514793395996094,1,1,11
oldtok_80M,material-dynamics_39,material-dynamics,39,break,flap,indirect,material,concept swap,1111,0,1.5979747772216797,1.4409751892089844,-0.1569995880126953,1,1,11
oldtok_80M,material-dynamics_53,material-dynamics,53,break,ripple,direct,material,concept swap,1111,0,4.850608825683594,0.5870933532714844,-4.263515472412109,1,1,11
oldtok_80M,material-dynamics_61,material-dynamics,61,break,ripple,direct,material,concept swap,1111,0,4.516071319580078,1.2054309844970703,-3.310640335083008,1,1,11
oldtok_80M,material-dynamics_65,material-dynamics,65,break,ripple,direct,material,concept swap,1111,0,4.431873321533203,0.8346061706542969,-3.5972671508789062,1,1,11
oldtok_80M,material-dynamics_12,material-dynamics,12,break,drip,indirect,material,concept swap,0000,0,-1.034942626953125,-1.5637378692626953,-0.5287952423095703,0,0,00
oldtok_80M,material-dynamics_16,material-dynamics,16,break,drip,indirect,material,concept swap,0000,0,-1.0499534606933594,-0.5302371978759766,0.5197162628173828,0,0,00
oldtok_80M,material-dynamics_18,material-dynamics,18,break,drip,indirect,material,concept swap,0000,0,-1.2330780029296875,-0.1375732421875,1.0955047607421875,0,0,00
oldtok_80M,material-dynamics_33,material-dynamics,33,break,flap,indirect,material,concept swap,0000,0,-0.6838645935058594,-1.0107269287109375,-0.3268623352050781,0,0,00
oldtok_80M,material-dynamics_38,material-dynamics,38,break,flap,indirect,material,concept swap,0000,0,-2.783313751220703,-1.983316421508789,0.7999973297119141,0,0,00
oldtok_80M,material-dynamics_76,material-dynamics,76,break,ripple,indirect,material,concept swap,0000,0,-1.034942626953125,-1.5637378692626953,-0.5287952423095703,0,0,00
oldtok_80M,material-dynamics_82,material-dynamics,82,break,ripple,indirect,material,concept swap,0000,0,-1.0499534606933594,-0.5302371978759766,0.5197162628173828,0,0,00
oldtok_80M,material-dynamics_86,material-dynamics,86,break,ripple,indirect,material,concept swap,0000,0,-1.2330780029296875,-0.1375732421875,1.0955047607421875,0,0,00
oldtok_80M,material-dynamics_88,material-dynamics,88,break,ripple,indirect,material,concept swap,0000,0,-2.783313751220703,-1.983316421508789,0.7999973297119141,0,0,00
oldtok_80M,material-dynamics_102,material-dynamics,102,break,splash,indirect,material,concept swap,0000,0,-1.034942626953125,-1.5637378692626953,-0.5287952423095703,0,0,00
oldtok_80M,physical-dynamics_5,physical-dynamics,5,accelerate,slow down,direct,antonym,concept swap,0110,-2,1.7172479629516602,-3.359355926513672,-5.076603889465332,1,0,10
oldtok_80M,physical-dynamics_7,physical-dynamics,7,accelerate,slow down,direct,antonym,concept swap,0110,-2,1.5849552154541016,-0.6868686676025391,-2.2718238830566406,1,0,10
oldtok_80M,physical-dynamics_1,physical-dynamics,1,accelerate,slow down,direct,antonym,concept swap,0100,-1,1.7491741180419922,-3.450685501098633,-5.199859619140625,1,0,10
oldtok_80M,physical-dynamics_3,physical-dynamics,3,accelerate,slow down,direct,antonym,concept swap,1110,-1,1.7973518371582031,-4.669345855712891,-6.466697692871094,1,0,10
oldtok_80M,physical-dynamics_9,physical-dynamics,9,accelerate,slow down,direct,antonym,concept swap,0100,-1,1.9591503143310547,-2.721893310546875,-4.68104362487793,1,0,10
oldtok_80M,physical-dynamics_24,physical-dynamics,24,fall,rise,direct,antonym,concept swap,0111,-1,0.5238552093505859,0.4874105453491211,-0.036444664001464844,1,1,11
oldtok_80M,physical-dynamics_26,physical-dynamics,26,fall,rise,direct,antonym,concept swap,0100,-1,0.10357666015625,0.17745590209960938,0.07387924194335938,1,1,11
oldtok_80M,physical-dynamics_40,physical-dynamics,40,grow,shrink,direct,antonym,concept swap,0010,-1,-1.427032470703125,-0.16085147857666016,1.2661809921264648,0,0,00
oldtok_80M,physical-dynamics_42,physical-dynamics,42,grow,shrink,direct,antonym,concept swap,0010,-1,-1.12353515625,-0.12979888916015625,0.9937362670898438,0,0,00
oldtok_80M,physical-dynamics_44,physical-dynamics,44,grow,shrink,direct,antonym,concept swap,0010,-1,-1.0431442260742188,0.022867202758789062,1.0660114288330078,0,1,01
oldtok_80M,physical-dynamics_45,physical-dynamics,45,grow,shrink,direct,antonym,concept swap,1110,-1,0.5289688110351562,0.0472564697265625,-0.48171234130859375,1,1,11
oldtok_80M,physical-dynamics_46,physical-dynamics,46,grow,shrink,direct,antonym,concept swap,0010,-1,-0.9598274230957031,-0.6934280395507812,0.2663993835449219,0,0,00
oldtok_80M,physical-dynamics_48,physical-dynamics,48,grow,shrink,direct,antonym,concept swap,0010,-1,-1.4268264770507812,-0.07517242431640625,1.351654052734375,0,0,00
oldtok_80M,physical-dynamics_49,physical-dynamics,49,grow,shrink,direct,antonym,concept swap,1110,-1,0.9530200958251953,0.10376548767089844,-0.8492546081542969,1,1,11
oldtok_80M,physical-dynamics_81,physical-dynamics,81,sink,float,direct,antonym,concept swap,0100,-1,-1.0333213806152344,-2.5355443954467773,-1.502223014831543,0,0,00
oldtok_80M,physical-dynamics_83,physical-dynamics,83,sink,float,direct,antonym,concept swap,0100,-1,0.16433143615722656,0.8480548858642578,0.6837234497070312,1,1,11
oldtok_80M,physical-dynamics_95,physical-dynamics,95,sink,float,direct,antonym,concept swap,0100,-1,-0.16583538055419922,0.4588451385498047,0.6246805191040039,0,1,01
oldtok_80M,physical-dynamics_99,physical-dynamics,99,sink,float,direct,antonym,concept swap,0100,-1,-0.15313434600830078,0.4245033264160156,0.5776376724243164,0,1,01
oldtok_80M,physical-dynamics_103,physical-dynamics,103,sink,float,indirect,antonym,concept swap,1110,-1,1.0860042572021484,-2.0743255615234375,-3.160329818725586,1,0,10
oldtok_80M,physical-dynamics_107,physical-dynamics,107,sink,float,indirect,antonym,concept swap,1110,-1,1.7411212921142578,-1.5620880126953125,-3.3032093048095703,1,0,10
oldtok_80M,physical-dynamics_110,physical-dynamics,110,sink,float,indirect,antonym,concept swap,0010,-1,-2.6620922088623047,-2.43609619140625,0.2259960174560547,0,0,00
oldtok_80M,physical-dynamics_112,physical-dynamics,112,sink,float,indirect,antonym,concept swap,0010,-1,-3.6701269149780273,-2.2518444061279297,1.4182825088500977,0,0,00
oldtok_80M,physical-dynamics_114,physical-dynamics,114,sink,float,indirect,antonym,concept swap,0010,-1,-2.5612106323242188,-1.352762222290039,1.2084484100341797,0,0,00
oldtok_80M,physical-dynamics_115,physical-dynamics,115,sink,float,indirect,antonym,concept swap,0111,-1,1.3867826461791992,0.15746307373046875,-1.2293195724487305,1,1,11
oldtok_80M,physical-dynamics_116,physical-dynamics,116,sink,float,indirect,antonym,concept swap,0010,-1,-3.209085464477539,-0.2878131866455078,2.9212722778320312,0,0,00
oldtok_80M,physical-dynamics_118,physical-dynamics,118,sink,float,indirect,antonym,concept swap,0010,-1,-2.7948951721191406,-1.7051677703857422,1.0897274017333984,0,0,00
oldtok_80M,physical-dynamics_51,physical-dynamics,51,roll,slide,indirect,negation,concept swap,0010,-1,-1.8728837966918945,-0.109954833984375,1.7629289627075195,0,0,00
oldtok_80M,physical-dynamics_52,physical-dynamics,52,roll,slide,indirect,negation,concept swap,1110,-1,0.4035053253173828,0.21565914154052734,-0.18784618377685547,1,1,11
oldtok_80M,physical-dynamics_59,physical-dynamics,59,roll,slide,indirect,negation,concept swap,0010,-1,-1.3989238739013672,-0.1290760040283203,1.2698478698730469,0,0,00
oldtok_80M,physical-dynamics_62,physical-dynamics,62,roll,slide,indirect,other,concept swap,1110,-1,3.1166954040527344,-2.1850433349609375,-5.301738739013672,1,0,10
oldtok_80M,physical-dynamics_64,physical-dynamics,64,roll,slide,indirect,other,concept swap,1110,-1,4.507637023925781,-0.03011608123779297,-4.537753105163574,1,0,10
oldtok_80M,physical-dynamics_66,physical-dynamics,66,roll,slide,indirect,other,concept swap,0100,-1,3.0664749145507812,-2.1474342346191406,-5.213909149169922,1,0,10
oldtok_80M,physical-dynamics_0,physical-dynamics,0,accelerate,slow down,direct,antonym,concept swap,1111,0,1.8649797439575195,3.364805221557617,1.4998254776000977,1,1,11
oldtok_80M,physical-dynamics_2,physical-dynamics,2,accelerate,slow down,direct,antonym,concept swap,1111,0,1.5555353164672852,4.230754852294922,2.6752195358276367,1,1,11
oldtok_80M,physical-dynamics_4,physical-dynamics,4,accelerate,slow down,direct,antonym,concept swap,1111,0,1.8340282440185547,3.3592681884765625,1.5252399444580078,1,1,11
oldtok_80M,physical-dynamics_6,physical-dynamics,6,accelerate,slow down,direct,antonym,concept swap,1111,0,1.4463787078857422,1.006866455078125,-0.4395122528076172,1,1,11
oldtok_80M,physical-dynamics_8,physical-dynamics,8,accelerate,slow down,direct,antonym,concept swap,1111,0,1.6331748962402344,3.1922607421875,1.5590858459472656,1,1,11
oldtok_80M,physical-dynamics_10,physical-dynamics,10,accelerate,slow down,indirect,antonym,concept swap,1111,0,1.0354461669921875,1.0997200012207031,0.06427383422851562,1,1,11
oldtok_80M,physical-dynamics_12,physical-dynamics,12,accelerate,slow down,indirect,antonym,concept swap,1111,0,0.8261613845825195,0.7240390777587891,-0.10212230682373047,1,1,11
oldtok_80M,physical-dynamics_14,physical-dynamics,14,accelerate,slow down,indirect,antonym,concept swap,1111,0,1.0065479278564453,0.5467853546142578,-0.4597625732421875,1,1,11
oldtok_80M,physical-dynamics_16,physical-dynamics,16,accelerate,slow down,indirect,antonym,concept swap,1111,0,0.5907983779907227,1.2296466827392578,0.6388483047485352,1,1,11
oldtok_80M,physical-dynamics_18,physical-dynamics,18,accelerate,slow down,indirect,antonym,concept swap,1111,0,1.393326759338379,0.7111082077026367,-0.6822185516357422,1,1,11
oldtok_80M,physical-dynamics_20,physical-dynamics,20,fall,rise,direct,antonym,concept swap,0000,0,-0.2169628143310547,0.15467357635498047,0.37163639068603516,0,1,01
oldtok_80M,physical-dynamics_22,physical-dynamics,22,fall,rise,direct,antonym,concept swap,0000,0,-0.6238336563110352,-0.5063447952270508,0.11748886108398438,0,0,00
oldtok_80M,physical-dynamics_28,physical-dynamics,28,fall,rise,direct,antonym,concept swap,0000,0,-0.1925058364868164,-0.6628437042236328,-0.4703378677368164,0,0,00
oldtok_80M,physical-dynamics_33,physical-dynamics,33,fall,rise,direct,antonym,concept swap,0000,0,-0.3597602844238281,-6.009807586669922,-5.650047302246094,0,0,00
oldtok_80M,physical-dynamics_36,physical-dynamics,36,fall,rise,direct,antonym,concept swap,0000,0,-0.07036209106445312,-0.42516136169433594,-0.3547992706298828,0,0,00
oldtok_80M,physical-dynamics_38,physical-dynamics,38,fall,rise,direct,antonym,concept swap,0000,0,-0.7028989791870117,-0.38411998748779297,0.31877899169921875,0,0,00
oldtok_80M,physical-dynamics_57,physical-dynamics,57,roll,slide,indirect,negation,concept swap,0000,0,-1.1563606262207031,-0.5785064697265625,0.5778541564941406,0,0,00
oldtok_80M,physical-dynamics_70,physical-dynamics,70,roll,slide,indirect,other,concept swap,0000,0,-2.730602264404297,-2.368541717529297,0.362060546875,0,0,00
oldtok_80M,physical-dynamics_72,physical-dynamics,72,roll,slide,indirect,other,concept swap,0000,0,-3.0090560913085938,-2.607706069946289,0.4013500213623047,0,0,00
oldtok_80M,physical-dynamics_74,physical-dynamics,74,roll,slide,indirect,other,concept swap,0000,0,-3.0119142532348633,-2.6926956176757812,0.31921863555908203,0,0,00
oldtok_80M,spatial-relations_355,spatial-relations,355,left,right,direct,antonym,concept swap,0110,-2,-0.3569068908691406,-1.7605171203613281,-1.4036102294921875,0,0,00
oldtok_80M,spatial-relations_359,spatial-relations,359,left,right,direct,antonym,concept swap,0110,-2,-0.5661869049072266,-1.6447257995605469,-1.0785388946533203,0,0,00
oldtok_80M,spatial-relations_363,spatial-relations,363,left,right,direct,antonym,concept swap,0110,-2,0.59722900390625,-2.14483642578125,-2.7420654296875,1,0,10
oldtok_80M,spatial-relations_375,spatial-relations,375,left,right,direct,antonym,variable swap,0110,-2,-0.3569068908691406,-1.7605171203613281,-1.4036102294921875,0,0,00
oldtok_80M,spatial-relations_379,spatial-relations,379,left,right,direct,antonym,variable swap,0110,-2,-0.5661869049072266,-1.6447257995605469,-1.0785388946533203,0,0,00
oldtok_80M,spatial-relations_383,spatial-relations,383,left,right,direct,antonym,variable swap,0110,-2,0.59722900390625,-2.14483642578125,-2.7420654296875,1,0,10
oldtok_80M,spatial-relations_25,spatial-relations,25,above,below,indirect,antonym,concept swap,0110,-2,2.921825408935547,-7.540779113769531,-10.462604522705078,1,0,10
oldtok_80M,spatial-relations_29,spatial-relations,29,above,below,indirect,antonym,concept swap,0110,-2,0.6414070129394531,-2.6818771362304688,-3.323284149169922,1,0,10
oldtok_80M,spatial-relations_36,spatial-relations,36,above,below,indirect,antonym,concept swap,0110,-2,-0.3113441467285156,-4.416015625,-4.104671478271484,0,0,00
oldtok_80M,spatial-relations_304,spatial-relations,304,front,behind,indirect,antonym,concept swap,0110,-2,0.3787059783935547,-0.010582923889160156,-0.38928890228271484,1,0,10
oldtok_80M,spatial-relations_322,spatial-relations,322,front,behind,indirect,antonym,concept swap,0110,-2,0.4301466941833496,-0.22342157363891602,-0.6535682678222656,1,0,10
oldtok_80M,spatial-relations_342,spatial-relations,342,front,behind,indirect,antonym,concept swap,0110,-2,0.26091432571411133,0.40435123443603516,0.14343690872192383,1,1,11
oldtok_80M,spatial-relations_405,spatial-relations,405,left,right,indirect,antonym,concept swap,0110,-2,0.6062831878662109,-1.4211864471435547,-2.0274696350097656,1,0,10
oldtok_80M,spatial-relations_113,spatial-relations,113,above,below,indirect,variable swap,concept swap,0110,-2,2.6931114196777344,-1.577066421508789,-4.270177841186523,1,0,10
oldtok_80M,spatial-relations_429,spatial-relations,429,left,right,indirect,variable swap,concept swap,0110,-2,0.2224712371826172,-4.067258834838867,-4.289730072021484,1,0,10
oldtok_80M,spatial-relations_177,spatial-relations,177,above,below,indirect,variable swap,variable swap,0110,-2,2.6931114196777344,-1.577066421508789,-4.270177841186523,1,0,10
oldtok_80M,spatial-relations_0,spatial-relations,0,above,below,direct,antonym,concept swap,0100,-1,2.4962730407714844,-3.611825942993164,-6.108098983764648,1,0,10
oldtok_80M,spatial-relations_2,spatial-relations,2,above,below,direct,antonym,concept swap,0100,-1,2.6296706199645996,-3.115915298461914,-5.745585918426514,1,0,10
oldtok_80M,spatial-relations_6,spatial-relations,6,above,below,direct,antonym,concept swap,0100,-1,0.3896617889404297,-3.2922096252441406,-3.6818714141845703,1,0,10
oldtok_80M,spatial-relations_7,spatial-relations,7,above,below,direct,antonym,concept swap,0010,-1,-4.278149604797363,-3.3176403045654297,0.9605093002319336,0,0,00
oldtok_80M,spatial-relations_210,spatial-relations,210,close,far,direct,antonym,concept swap,1110,-1,3.6317138671875,0.7087621688842773,-2.9229516983032227,1,1,11
oldtok_80M,spatial-relations_223,spatial-relations,223,close,far,direct,antonym,concept swap,1110,-1,6.807168960571289,-1.205923080444336,-8.013092041015625,1,0,10
oldtok_80M,spatial-relations_240,spatial-relations,240,east,west,direct,antonym,concept swap,0010,-1,-2.975238800048828,-2.801971435546875,0.17326736450195312,0,0,00
oldtok_80M,spatial-relations_291,spatial-relations,291,front,behind,direct,antonym,concept swap,1110,-1,2.538999557495117,-2.7817821502685547,-5.320781707763672,1,0,10
oldtok_80M,spatial-relations_295,spatial-relations,295,front,behind,direct,antonym,concept swap,1110,-1,-1.4498682022094727,-1.4820899963378906,-0.03222179412841797,0,0,00
oldtok_80M,spatial-relations_297,spatial-relations,297,front,behind,direct,antonym,concept swap,1110,-1,-2.163863182067871,-2.0601558685302734,0.10370731353759766,0,0,00
oldtok_80M,spatial-relations_351,spatial-relations,351,left,right,direct,antonym,concept swap,0010,-1,0.13547897338867188,-2.947925567626953,-3.083404541015625,1,0,10
oldtok_80M,spatial-relations_358,spatial-relations,358,left,right,direct,antonym,concept swap,0010,-1,-1.0295295715332031,-2.5814247131347656,-1.5518951416015625,0,0,00
oldtok_80M,spatial-relations_366,spatial-relations,366,left,right,direct,antonym,concept swap,0010,-1,-0.9291553497314453,-2.646108627319336,-1.7169532775878906,0,0,00
oldtok_80M,spatial-relations_367,spatial-relations,367,left,right,direct,antonym,concept swap,0111,-1,-0.4434852600097656,0.37005615234375,0.8135414123535156,0,1,01
oldtok_80M,spatial-relations_447,spatial-relations,447,north,south,direct,antonym,concept swap,0100,-1,-0.5476322174072266,-3.1043262481689453,-2.5566940307617188,0,0,00
oldtok_80M,spatial-relations_448,spatial-relations,448,north,south,direct,antonym,concept swap,0010,-1,-4.302107334136963,-2.051576614379883,2.25053071975708,0,0,00
oldtok_80M,spatial-relations_449,spatial-relations,449,north,south,direct,antonym,concept swap,0100,-1,1.2577705383300781,-2.615203857421875,-3.872974395751953,1,0,10
oldtok_80M,spatial-relations_371,spatial-relations,371,left,right,direct,antonym,variable swap,0010,-1,0.13547897338867188,-2.947925567626953,-3.083404541015625,1,0,10
oldtok_80M,spatial-relations_380,spatial-relations,380,left,right,direct,antonym,variable swap,0010,-1,-1.0295295715332031,-2.5814247131347656,-1.5518951416015625,0,0,00
oldtok_80M,spatial-relations_386,spatial-relations,386,left,right,direct,antonym,variable swap,0010,-1,-0.9291553497314453,-2.646108627319336,-1.7169532775878906,0,0,00
oldtok_80M,spatial-relations_389,spatial-relations,389,left,right,direct,antonym,variable swap,0111,-1,-0.4434852600097656,0.37005615234375,0.8135414123535156,0,1,01
oldtok_80M,spatial-relations_13,spatial-relations,13,above,below,indirect,antonym,concept swap,0010,-1,-2.1525535583496094,-2.7668838500976562,-0.6143302917480469,0,0,00
oldtok_80M,spatial-relations_14,spatial-relations,14,above,below,indirect,antonym,concept swap,0100,-1,0.4823265075683594,-0.46527862548828125,-0.9476051330566406,1,0,10
oldtok_80M,spatial-relations_16,spatial-relations,16,above,below,indirect,antonym,concept swap,0010,-1,0.19361495971679688,-1.4183645248413086,-1.6119794845581055,1,0,10
oldtok_80M,spatial-relations_21,spatial-relations,21,above,below,indirect,antonym,concept swap,0100,-1,0.034393310546875,-2.1780529022216797,-2.2124462127685547,1,0,10
oldtok_80M,spatial-relations_22,spatial-relations,22,above,below,indirect,antonym,concept swap,0100,-1,-0.06763839721679688,-0.10942268371582031,-0.04178428649902344,0,0,00
oldtok_80M,spatial-relations_30,spatial-relations,30,above,below,indirect,antonym,concept swap,0100,-1,-1.2340412139892578,-2.671649932861328,-1.4376087188720703,0,0,00
oldtok_80M,spatial-relations_32,spatial-relations,32,above,below,indirect,antonym,concept swap,0100,-1,0.28569602966308594,-3.9023704528808594,-4.188066482543945,1,0,10
oldtok_80M,spatial-relations_34,spatial-relations,34,above,below,indirect,antonym,concept swap,0100,-1,-0.6215286254882812,-2.7436695098876953,-2.122140884399414,0,0,00
oldtok_80M,spatial-relations_39,spatial-relations,39,above,below,indirect,antonym,concept swap,0010,-1,-0.37242889404296875,-0.5981769561767578,-0.22574806213378906,0,0,00
oldtok_80M,spatial-relations_19,spatial-relations,19,above,below,indirect,antonym,concept swap,1111,0,1.4094505310058594,0.4088935852050781,-1.0005569458007812,1,1,11
oldtok_80M,spatial-relations_27,spatial-relations,27,above,below,indirect,antonym,concept swap,1111,0,0.23801040649414062,0.2968616485595703,0.05885124206542969,1,1,11
oldtok_80M,spatial-relations_38,spatial-relations,38,above,below,indirect,antonym,concept swap,1111,0,0.4430732727050781,0.19304656982421875,-0.2500267028808594,1,1,11
oldtok_80M,spatial-relations_59,spatial-relations,59,above,below,indirect,antonym,variable swap,1111,0,1.4094505310058594,0.4088935852050781,-1.0005569458007812,1,1,11
oldtok_80M,spatial-relations_61,spatial-relations,61,above,below,indirect,antonym,variable swap,1111,0,0.13638687133789062,0.5851249694824219,0.44873809814453125,1,1,11
oldtok_80M,spatial-relations_63,spatial-relations,63,above,below,indirect,antonym,variable swap,1111,0,0.10084152221679688,0.48485565185546875,0.3840141296386719,1,1,11
oldtok_80M,spatial-relations_67,spatial-relations,67,above,below,indirect,antonym,variable swap,1111,0,0.23801040649414062,0.2968616485595703,0.05885124206542969,1,1,11
oldtok_80M,spatial-relations_72,spatial-relations,72,above,below,indirect,antonym,variable swap,1111,0,0.4430732727050781,0.19304656982421875,-0.2500267028808594,1,1,11
oldtok_80M,spatial-relations_75,spatial-relations,75,above,below,indirect,antonym,variable swap,1111,0,1.0552711486816406,0.878901481628418,-0.17636966705322266,1,1,11
oldtok_80M,spatial-relations_91,spatial-relations,91,above,below,indirect,variable swap,concept swap,1111,0,6.065715789794922,4.914070129394531,-1.1516456604003906,1,1,11
oldtok_80M,spatial-relations_1,spatial-relations,1,above,below,direct,antonym,concept swap,0000,0,-4.215679168701172,-3.408182144165039,0.8074970245361328,0,0,00
oldtok_80M,spatial-relations_3,spatial-relations,3,above,below,direct,antonym,concept swap,0000,0,-6.880977630615234,-2.4088401794433594,4.472137451171875,0,0,00
oldtok_80M,spatial-relations_4,spatial-relations,4,above,below,direct,antonym,concept swap,0000,0,-0.40591907501220703,-3.597288131713867,-3.19136905670166,0,0,00
oldtok_80M,spatial-relations_5,spatial-relations,5,above,below,direct,antonym,concept swap,0000,0,-4.801980972290039,-3.1213951110839844,1.6805858612060547,0,0,00
oldtok_80M,spatial-relations_8,spatial-relations,8,above,below,direct,antonym,concept swap,0000,0,-1.0874524116516113,-3.5029611587524414,-2.41550874710083,0,0,00
oldtok_80M,spatial-relations_17,spatial-relations,17,above,below,indirect,antonym,concept swap,0000,0,-0.7794094085693359,-1.7770986557006836,-0.9976892471313477,0,0,00
oldtok_80M,spatial-relations_18,spatial-relations,18,above,below,indirect,antonym,concept swap,0000,0,-0.9581985473632812,-0.3042163848876953,0.6539821624755859,0,0,00
oldtok_80M,spatial-relations_31,spatial-relations,31,above,below,indirect,antonym,concept swap,0000,0,-2.174945831298828,-3.276592254638672,-1.1016464233398438,0,0,00
oldtok_80M,spatial-relations_33,spatial-relations,33,above,below,indirect,antonym,concept swap,0000,0,-2.044240951538086,-2.775975227355957,-0.7317342758178711,0,0,00
oldtok_80M,spatial-relations_37,spatial-relations,37,above,below,indirect,antonym,concept swap,0000,0,-2.6651878356933594,-3.261545181274414,-0.5963573455810547,0,0,00
oldtok_80M,physical-interactions_39,physical-interactions,39,break,fix,direct,antonym,concept swap,0110,-2,1.7795181274414062,-0.20781898498535156,-1.9873371124267578,1,0,10
oldtok_80M,physical-interactions_266,physical-interactions,266,kick,drop,direct,antonym,concept swap,0110,-2,1.1069679260253906,-2.3608627319335938,-3.4678306579589844,1,0,10
oldtok_80M,physical-interactions_272,physical-interactions,272,kick,drop,direct,antonym,concept swap,0110,-2,-0.2968921661376953,-3.7880067825317383,-3.491114616394043,0,0,00
oldtok_80M,physical-interactions_274,physical-interactions,274,kick,drop,direct,antonym,concept swap,0110,-2,1.7992820739746094,-5.127508163452148,-6.926790237426758,1,0,10
oldtok_80M,physical-interactions_306,physical-interactions,306,kick,touch,direct,antonym,concept swap,0110,-2,1.1069679260253906,-2.3608627319335938,-3.4678306579589844,1,0,10
oldtok_80M,physical-interactions_312,physical-interactions,312,kick,touch,direct,antonym,concept swap,0110,-2,-0.2968921661376953,-3.7880067825317383,-3.491114616394043,0,0,00
oldtok_80M,physical-interactions_314,physical-interactions,314,kick,touch,direct,antonym,concept swap,0110,-2,1.7992820739746094,-5.127508163452148,-6.926790237426758,1,0,10
oldtok_80M,physical-interactions_366,physical-interactions,366,push,pull,direct,antonym,concept swap,0110,-2,-0.7570514678955078,-1.315572738647461,-0.5585212707519531,0,0,00
oldtok_80M,physical-interactions_378,physical-interactions,378,push,pull,direct,antonym,concept swap,0110,-2,-0.9575786590576172,-2.628337860107422,-1.6707592010498047,0,0,00
oldtok_80M,physical-interactions_336,physical-interactions,336,push,-,direct,other,variable swap,0110,-2,0.7313137054443359,-1.5991344451904297,-2.3304481506347656,1,0,10
oldtok_80M,physical-interactions_396,physical-interactions,396,revolve around,-,direct,variable swap,variable swap,0110,-2,3.1019058227539062,-1.1642417907714844,-4.266147613525391,1,0,10
oldtok_80M,physical-interactions_149,physical-interactions,149,heat,cool,direct,variable_swap,concept swap,0110,-2,1.031332015991211,-1.3683624267578125,-2.3996944427490234,1,0,10
oldtok_80M,physical-interactions_163,physical-interactions,163,heat,cool,direct,variable_swap,variable swap,0110,-2,1.031332015991211,-1.3683624267578125,-2.3996944427490234,1,0,10
oldtok_80M,physical-interactions_48,physical-interactions,48,break,fix,indirect,antonym,concept swap,0110,-2,0.06603431701660156,-0.5107936859130859,-0.5768280029296875,1,0,10
oldtok_80M,physical-interactions_325,physical-interactions,325,kick,touch,indirect,antonym,concept swap,0110,-2,1.7560596466064453,-0.18774795532226562,-1.943807601928711,1,0,10
oldtok_80M,physical-interactions_545,physical-interactions,545,throw,touch,indirect,antonym,concept swap,0110,-2,1.7560596466064453,-0.18774795532226562,-1.943807601928711,1,0,10
oldtok_80M,physical-interactions_327,physical-interactions,327,kick,touch,indirect,negation,concept swap,0110,-2,1.2740955352783203,-1.1422252655029297,-2.41632080078125,1,0,10
oldtok_80M,physical-interactions_547,physical-interactions,547,throw,touch,indirect,negation,concept swap,0110,-2,1.2740955352783203,-1.1422252655029297,-2.41632080078125,1,0,10
oldtok_80M,physical-interactions_279,physical-interactions,279,kick,drop,indirect,other,concept swap,0110,-2,1.0271472930908203,0.31404876708984375,-0.7130985260009766,1,1,11
oldtok_80M,physical-interactions_4,physical-interactions,4,attract,repel,direct,antonym,concept swap,0111,-1,3.2601318359375,0.4243965148925781,-2.835735321044922,1,1,11
oldtok_80M,physical-interactions_6,physical-interactions,6,attract,repel,direct,antonym,concept swap,0111,-1,3.1852073669433594,1.2456398010253906,-1.9395675659179688,1,1,11
oldtok_80M,physical-interactions_8,physical-interactions,8,attract,repel,direct,antonym,concept swap,0111,-1,5.057519912719727,2.4463272094726562,-2.6111927032470703,1,1,11
oldtok_80M,physical-interactions_11,physical-interactions,11,attract,repel,direct,antonym,concept swap,1110,-1,-0.8398361206054688,0.30915069580078125,1.14898681640625,0,1,01
oldtok_80M,physical-interactions_12,physical-interactions,12,attract,repel,direct,antonym,concept swap,0111,-1,3.585958480834961,0.6924057006835938,-2.893552780151367,1,1,11
oldtok_80M,physical-interactions_14,physical-interactions,14,attract,repel,direct,antonym,concept swap,0111,-1,4.28959846496582,1.2166213989257812,-3.072977066040039,1,1,11
oldtok_80M,physical-interactions_27,physical-interactions,27,break,fix,direct,antonym,concept swap,0111,-1,1.1909618377685547,0.44266319274902344,-0.7482986450195312,1,1,11
oldtok_80M,physical-interactions_31,physical-interactions,31,break,fix,direct,antonym,concept swap,0111,-1,0.21068382263183594,1.098876953125,0.8881931304931641,1,1,11
oldtok_80M,physical-interactions_32,physical-interactions,32,break,fix,direct,antonym,concept swap,1110,-1,0.6067237854003906,-0.8031940460205078,-1.4099178314208984,1,0,10
oldtok_80M,physical-interactions_35,physical-interactions,35,break,fix,direct,antonym,concept swap,0111,-1,0.5245609283447266,0.18669891357421875,-0.3378620147705078,1,1,11
oldtok_80M,physical-interactions_36,physical-interactions,36,break,fix,direct,antonym,concept swap,0111,-1,-0.3437232971191406,1.6184196472167969,1.9621429443359375,0,1,01
oldtok_80M,physical-interactions_44,physical-interactions,44,break,fix,direct,antonym,concept swap,1110,-1,0.4759864807128906,0.12085151672363281,-0.3551349639892578,1,1,11
oldtok_80M,physical-interactions_57,physical-interactions,57,catch,throw,direct,antonym,concept swap,1110,-1,-0.5026779174804688,-1.0117301940917969,-0.5090522766113281,0,0,00
oldtok_80M,physical-interactions_59,physical-interactions,59,catch,throw,direct,antonym,concept swap,0010,-1,-3.66390323638916,-0.7976322174072266,2.8662710189819336,0,0,00
oldtok_80M,physical-interactions_60,physical-interactions,60,catch,throw,direct,antonym,concept swap,0100,-1,1.6743888854980469,-0.8389205932617188,-2.5133094787597656,1,0,10
oldtok_80M,physical-interactions_62,physical-interactions,62,catch,throw,direct,antonym,concept swap,1110,-1,3.2026519775390625,-1.4020767211914062,-4.604728698730469,1,0,10
oldtok_80M,physical-interactions_63,physical-interactions,63,catch,throw,direct,antonym,concept swap,0100,-1,-0.03867912292480469,0.6575736999511719,0.6962528228759766,0,1,01
oldtok_80M,physical-interactions_65,physical-interactions,65,catch,throw,direct,antonym,concept swap,0010,-1,-3.336275100708008,-0.5586585998535156,2.777616500854492,0,0,00
oldtok_80M,physical-interactions_126,physical-interactions,126,drop,lift,direct,antonym,concept swap,0010,-1,-0.8814754486083984,-0.7058830261230469,0.17559242248535156,0,0,00
oldtok_80M,physical-interactions_127,physical-interactions,127,drop,lift,direct,antonym,concept swap,0100,-1,0.98004150390625,-0.1496105194091797,-1.1296520233154297,1,0,10
oldtok_80M,physical-interactions_128,physical-interactions,128,drop,lift,direct,antonym,concept swap,0010,-1,-1.2310047149658203,-0.47777557373046875,0.7532291412353516,0,0,00
oldtok_80M,physical-interactions_130,physical-interactions,130,drop,lift,direct,antonym,concept swap,0010,-1,-1.713247299194336,-1.8674335479736328,-0.15418624877929688,0,0,00
oldtok_80M,physical-interactions_132,physical-interactions,132,drop,lift,direct,antonym,concept swap,0010,-1,-0.6023941040039062,-0.22352981567382812,0.3788642883300781,0,0,00
oldtok_80M,physical-interactions_133,physical-interactions,133,drop,lift,direct,antonym,concept swap,0100,-1,0.6631622314453125,-1.8518638610839844,-2.515026092529297,1,0,10
oldtok_80M,physical-interactions_134,physical-interactions,134,drop,lift,direct,antonym,concept swap,0010,-1,-0.9066658020019531,-0.6421279907226562,0.2645378112792969,0,0,00
oldtok_80M,physical-interactions_135,physical-interactions,135,drop,lift,direct,antonym,concept swap,0100,-1,0.9265537261962891,-0.2798309326171875,-1.2063846588134766,1,0,10
oldtok_80M,physical-interactions_269,physical-interactions,269,kick,drop,direct,antonym,concept swap,0111,-1,2.125011444091797,1.6446990966796875,-0.4803123474121094,1,1,11
oldtok_80M,physical-interactions_270,physical-interactions,270,kick,drop,direct,antonym,concept swap,1110,-1,1.0071372985839844,-3.027414321899414,-4.034551620483398,1,0,10
oldtok_80M,physical-interactions_309,physical-interactions,309,kick,touch,direct,antonym,concept swap,0111,-1,0.4644947052001953,1.837050437927246,1.3725557327270508,1,1,11
oldtok_80M,physical-interactions_310,physical-interactions,310,kick,touch,direct,antonym,concept swap,1110,-1,1.0071372985839844,-3.027414321899414,-4.034551620483398,1,0,10
oldtok_80M,physical-interactions_0,physical-interactions,0,attract,repel,direct,antonym,concept swap,1111,0,4.305168151855469,0.7758827209472656,-3.529285430908203,1,1,11
oldtok_80M,physical-interactions_10,physical-interactions,10,attract,repel,direct,antonym,concept swap,1111,0,3.3102264404296875,-0.41564178466796875,-3.7258682250976562,1,0,10
oldtok_80M,physical-interactions_17,physical-interactions,17,attract,repel,direct,antonym,concept swap,1111,0,-0.015886306762695312,1.1344146728515625,1.1503009796142578,0,1,01
oldtok_80M,physical-interactions_28,physical-interactions,28,break,fix,direct,antonym,concept swap,1111,0,1.388620376586914,3.4338245391845703,2.0452041625976562,1,1,11
oldtok_80M,physical-interactions_30,physical-interactions,30,break,fix,direct,antonym,concept swap,1111,0,0.5002212524414062,2.285411834716797,1.7851905822753906,1,1,11
oldtok_80M,physical-interactions_34,physical-interactions,34,break,fix,direct,antonym,concept swap,1111,0,0.6282157897949219,2.534280776977539,1.9060649871826172,1,1,11
oldtok_80M,physical-interactions_50,physical-interactions,50,break,fix,indirect,antonym,concept swap,1111,0,-0.44079017639160156,0.928044319152832,1.3688344955444336,0,1,01
oldtok_80M,physical-interactions_52,physical-interactions,52,break,fix,indirect,antonym,concept swap,1111,0,1.9718151092529297,1.3865118026733398,-0.5853033065795898,1,1,11
oldtok_80M,physical-interactions_54,physical-interactions,54,break,fix,indirect,antonym,concept swap,1111,0,2.5158119201660156,2.81173038482666,0.29591846466064453,1,1,11
oldtok_80M,physical-interactions_68,physical-interactions,68,catch,throw,indirect,antonym,concept swap,1111,0,2.757805824279785,0.2659931182861328,-2.4918127059936523,1,1,11
oldtok_80M,physical-interactions_29,physical-interactions,29,break,fix,direct,antonym,concept swap,0000,0,-2.5797882080078125,-2.0766525268554688,0.5031356811523438,0,0,00
oldtok_80M,physical-interactions_69,physical-interactions,69,catch,throw,indirect,antonym,concept swap,0000,0,-0.2109203338623047,-0.20124053955078125,0.009679794311523438,0,0,00
oldtok_80M,physical-interactions_71,physical-interactions,71,catch,throw,indirect,antonym,concept swap,0000,0,-1.408853530883789,-0.3745536804199219,1.0342998504638672,0,0,00
oldtok_80M,physical-interactions_73,physical-interactions,73,catch,throw,indirect,antonym,concept swap,0000,0,-0.6405925750732422,-0.8601589202880859,-0.21956634521484375,0,0,00
oldtok_80M,physical-interactions_80,physical-interactions,80,catch,throw,indirect,antonym,concept swap,0000,0,-2.9652366638183594,-1.9004745483398438,1.0647621154785156,0,0,00
oldtok_80M,physical-interactions_88,physical-interactions,88,collide with,-,direct,antonym,variable swap,0000,0,-1.2552108764648438,-1.5163459777832031,-0.2611351013183594,0,0,00
oldtok_80M,physical-interactions_94,physical-interactions,94,collide with,-,direct,antonym,variable swap,0000,0,-1.5455474853515625,-1.102701187133789,0.44284629821777344,0,0,00
oldtok_80M,physical-interactions_96,physical-interactions,96,collide with,-,direct,variable swap,variable swap,0000,0,-10.731908798217773,-9.71719741821289,1.0147113800048828,0,0,00
oldtok_80M,physical-interactions_97,physical-interactions,97,collide with,-,direct,variable swap,variable swap,0000,0,-12.308565139770508,-7.90641975402832,4.4021453857421875,0,0,00
oldtok_80M,physical-interactions_98,physical-interactions,98,collide with,-,direct,variable swap,variable swap,0000,0,-7.940092086791992,-14.743215560913086,-6.803123474121094,0,0,00
oldtok_80M,social-relations_6,social-relations,6,boss,subordinate,direct,antonym,concept swap,0110,-2,0.8381156921386719,1.0403881072998047,0.2022724151611328,1,1,11
oldtok_80M,social-relations_18,social-relations,18,boss,subordinate,direct,antonym,concept swap,0110,-2,0.6006603240966797,-0.4970588684082031,-1.0977191925048828,1,0,10
oldtok_80M,social-relations_460,social-relations,460,friend,enemy,direct,antonym,concept swap,0110,-2,1.8791007995605469,0.29369449615478516,-1.5854063034057617,1,1,11
oldtok_80M,social-relations_462,social-relations,462,friend,enemy,direct,antonym,concept swap,0110,-2,1.559072494506836,-1.6027870178222656,-3.1618595123291016,1,0,10
oldtok_80M,social-relations_466,social-relations,466,friend,enemy,direct,antonym,concept swap,0110,-2,0.7926692962646484,-2.0316600799560547,-2.824329376220703,1,0,10
oldtok_80M,social-relations_470,social-relations,470,friend,enemy,direct,antonym,concept swap,0110,-2,2.1119632720947266,-1.1233634948730469,-3.2353267669677734,1,0,10
oldtok_80M,social-relations_476,social-relations,476,friend,enemy,direct,antonym,concept swap,0110,-2,1.1730117797851562,-0.18995952606201172,-1.362971305847168,1,0,10
oldtok_80M,social-relations_478,social-relations,478,friend,enemy,direct,antonym,concept swap,0110,-2,0.7864322662353516,-0.7594051361083984,-1.54583740234375,1,0,10
oldtok_80M,social-relations_1282,social-relations,1282,teacher,student,direct,antonym,concept swap,0110,-2,1.8642826080322266,-0.4554252624511719,-2.3197078704833984,1,0,10
oldtok_80M,social-relations_32,social-relations,32,boss,subordinate,direct,antonym,variable swap,0110,-2,0.8381156921386719,1.0403881072998047,0.2022724151611328,1,1,11
oldtok_80M,social-relations_58,social-relations,58,boss,subordinate,direct,antonym,variable swap,0110,-2,0.6006603240966797,-0.4970588684082031,-1.0977191925048828,1,0,10
oldtok_80M,social-relations_1297,social-relations,1297,teacher,student,direct,antonym,variable swap,0110,-2,-0.031646728515625,-0.4370765686035156,-0.4054298400878906,0,0,00
oldtok_80M,social-relations_1316,social-relations,1316,teacher,student,direct,antonym,variable swap,0110,-2,1.8642826080322266,-0.4554252624511719,-2.3197078704833984,1,0,10
oldtok_80M,social-relations_549,social-relations,549,friend,stranger,direct,negation,concept swap,0110,-2,3.8413524627685547,-1.2036151885986328,-5.0449676513671875,1,0,10
oldtok_80M,social-relations_580,social-relations,580,landlord,roommate,direct,other,concept swap,0110,-2,0.37021446228027344,-4.558576583862305,-4.928791046142578,1,0,10
oldtok_80M,social-relations_1216,social-relations,1216,sibling,child,direct,other,concept swap,0110,-2,0.5358734130859375,-1.8992500305175781,-2.4351234436035156,1,0,10
oldtok_80M,social-relations_72,social-relations,72,boss,subordinate,direct,variable swap,concept swap,0110,-2,6.332088470458984,-3.7774486541748047,-10.109537124633789,1,0,10
oldtok_80M,social-relations_670,social-relations,670,landlord,tenant,direct,variable swap,concept swap,0110,-2,1.28607177734375,-1.8995399475097656,-3.1856117248535156,1,0,10
oldtok_80M,social-relations_697,social-relations,697,landlord,tenant,direct,variable swap,concept swap,0110,-2,-0.17219161987304688,-2.368572235107422,-2.196380615234375,0,0,00
oldtok_80M,social-relations_1355,social-relations,1355,teacher,student,direct,variable swap,concept swap,0110,-2,0.43061256408691406,-1.3559722900390625,-1.7865848541259766,1,0,10
oldtok_80M,social-relations_1367,social-relations,1367,teacher,student,direct,variable swap,concept swap,0110,-2,7.360040664672852,-5.081520080566406,-12.441560745239258,1,0,10
oldtok_80M,social-relations_124,social-relations,124,boss,subordinate,direct,variable swap,variable swap,0110,-2,6.332088470458984,-3.7774486541748047,-10.109537124633789,1,0,10
oldtok_80M,social-relations_150,social-relations,150,boss,subordinate,direct,variable swap,variable swap,0110,-2,3.040546417236328,-0.9911155700683594,-4.0316619873046875,1,0,10
oldtok_80M,social-relations_159,social-relations,159,boss,subordinate,direct,variable swap,variable swap,0110,-2,0.3739738464355469,-1.643758773803711,-2.017732620239258,1,0,10
oldtok_80M,social-relations_173,social-relations,173,boss,subordinate,direct,variable swap,variable swap,0110,-2,1.92486572265625,-2.4318675994873047,-4.356733322143555,1,0,10
oldtok_80M,social-relations_722,social-relations,722,landlord,tenant,direct,variable swap,variable swap,0110,-2,1.28607177734375,-1.8995399475097656,-3.1856117248535156,1,0,10
oldtok_80M,social-relations_775,social-relations,775,landlord,tenant,direct,variable swap,variable swap,0110,-2,-0.17219161987304688,-2.368572235107422,-2.196380615234375,0,0,00
oldtok_80M,social-relations_957,social-relations,957,parent,child,direct,variable swap,variable swap,0110,-2,1.6716842651367188,-0.808135986328125,-2.4798202514648438,1,0,10
oldtok_80M,social-relations_1423,social-relations,1423,teacher,student,direct,variable swap,variable swap,0110,-2,0.43061256408691406,-1.3559722900390625,-1.7865848541259766,1,0,10
oldtok_80M,social-relations_1441,social-relations,1441,teacher,student,direct,variable swap,variable swap,0110,-2,3.4320106506347656,-5.196128845214844,-8.62813949584961,1,0,10
oldtok_80M,social-relations_1445,social-relations,1445,teacher,student,direct,variable swap,variable swap,0110,-2,3.1061649322509766,-1.2308311462402344,-4.336996078491211,1,0,10
oldtok_80M,social-relations_1447,social-relations,1447,teacher,student,direct,variable swap,variable swap,0110,-2,7.360040664672852,-5.081520080566406,-12.441560745239258,1,0,10
oldtok_80M,social-relations_189,social-relations,189,boss,subordinate,indirect,antonym,concept swap,0110,-2,2.048206329345703,-1.383056640625,-3.431262969970703,1,0,10
oldtok_80M,social-relations_402,social-relations,402,colleague,boss,indirect,antonym,concept swap,0110,-2,1.1941184997558594,-1.0682144165039062,-2.2623329162597656,1,0,10
oldtok_80M,social-relations_494,social-relations,494,friend,enemy,indirect,antonym,concept swap,0110,-2,0.8647232055664062,-0.8641948699951172,-1.7289180755615234,1,0,10
oldtok_80M,social-relations_500,social-relations,500,friend,enemy,indirect,antonym,concept swap,0110,-2,1.6059074401855469,-0.9897251129150391,-2.595632553100586,1,0,10
oldtok_80M,social-relations_511,social-relations,511,friend,enemy,indirect,antonym,concept swap,0110,-2,2.3049793243408203,-1.1138343811035156,-3.418813705444336,1,0,10
oldtok_80M,social-relations_566,social-relations,566,friend,stranger,indirect,antonym,concept swap,0110,-2,1.4716968536376953,-2.238880157470703,-3.7105770111083984,1,0,10
oldtok_80M,social-relations_960,social-relations,960,parent,child,indirect,antonym,concept swap,0110,-2,2.2685012817382812,-5.546123504638672,-7.814624786376953,1,0,10
oldtok_80M,social-relations_972,social-relations,972,parent,child,indirect,antonym,concept swap,0110,-2,1.4276371002197266,1.0074234008789062,-0.4202136993408203,1,1,11
oldtok_80M,social-relations_1255,social-relations,1255,stranger,romantic partner,indirect,antonym,concept swap,0110,-2,0.15568923950195312,-0.6334419250488281,-0.7891311645507812,1,0,10
oldtok_80M,social-relations_229,social-relations,229,boss,subordinate,indirect,antonym,variable swap,0110,-2,2.048206329345703,-1.383056640625,-3.431262969970703,1,0,10
oldtok_80M,social-relations_990,social-relations,990,parent,child,indirect,antonym,variable swap,0110,-2,2.2685012817382812,-5.546123504638672,-7.814624786376953,1,0,10
oldtok_80M,social-relations_995,social-relations,995,parent,child,indirect,antonym,variable swap,0110,-2,0.05791282653808594,-0.0921478271484375,-0.15006065368652344,1,0,10
oldtok_80M,social-relations_1016,social-relations,1016,parent,child,indirect,antonym,variable swap,0110,-2,1.4276371002197266,1.0074234008789062,-0.4202136993408203,1,1,11
oldtok_80M,social-relations_521,social-relations,521,friend,romantic partner,indirect,other,concept swap,0110,-2,0.43883323669433594,-2.3099288940429688,-2.7487621307373047,1,0,10
oldtok_80M,social-relations_529,social-relations,529,friend,romantic partner,indirect,other,concept swap,0110,-2,1.4830055236816406,-2.1259288787841797,-3.6089344024658203,1,0,10
oldtok_80M,social-relations_533,social-relations,533,friend,romantic partner,indirect,other,concept swap,0110,-2,1.779550552368164,-1.9139766693115234,-3.6935272216796875,1,0,10
oldtok_80M,social-relations_539,social-relations,539,friend,romantic partner,indirect,other,concept swap,0110,-2,0.8418006896972656,0.3594551086425781,-0.4823455810546875,1,1,11
oldtok_80M,social-relations_284,social-relations,284,boss,subordinate,indirect,variable swap,concept swap,0110,-2,2.683502197265625,-3.62139892578125,-6.304901123046875,1,0,10
oldtok_80M,social-relations_816,social-relations,816,landlord,tenant,indirect,variable swap,concept swap,0110,-2,10.550176620483398,-2.8621177673339844,-13.412294387817383,1,0,10
oldtok_80M,social-relations_829,social-relations,829,landlord,tenant,indirect,variable swap,concept swap,0110,-2,-0.3081512451171875,-4.049858093261719,-3.7417068481445312,0,0,00
oldtok_80M,social-relations_1087,social-relations,1087,parent,child,indirect,variable swap,concept swap,0110,-2,1.4274635314941406,-2.2348709106445312,-3.662334442138672,1,0,10
oldtok_80M,social-relations_338,social-relations,338,boss,subordinate,indirect,variable swap,variable swap,0110,-2,2.683502197265625,-3.62139892578125,-6.304901123046875,1,0,10
oldtok_80M,social-relations_387,social-relations,387,boss,subordinate,indirect,variable swap,variable swap,0110,-2,1.6219654083251953,-1.2247428894042969,-2.846708297729492,1,0,10
oldtok_80M,social-relations_842,social-relations,842,landlord,tenant,indirect,variable swap,variable swap,0110,-2,10.550176620483398,-2.8621177673339844,-13.412294387817383,1,0,10
oldtok_80M,social-relations_844,social-relations,844,landlord,tenant,indirect,variable swap,variable swap,0110,-2,1.4876289367675781,-2.501995086669922,-3.9896240234375,1,0,10
oldtok_80M,social-relations_869,social-relations,869,landlord,tenant,indirect,variable swap,variable swap,0110,-2,-0.3081512451171875,-4.049858093261719,-3.7417068481445312,0,0,00
oldtok_80M,social-relations_1165,social-relations,1165,parent,child,indirect,variable swap,variable swap,0110,-2,1.4274635314941406,-2.2348709106445312,-3.662334442138672,1,0,10
oldtok_80M,social-relations_1167,social-relations,1167,parent,child,indirect,variable swap,variable swap,0110,-2,0.5006904602050781,-4.125335693359375,-4.626026153564453,1,0,10
oldtok_80M,social-relations_1519,social-relations,1519,teacher,student,indirect,variable swap,variable swap,0110,-2,2.894664764404297,-4.86305046081543,-7.757715225219727,1,0,10
oldtok_80M,social-relations_875,social-relations,875,parent,child,direct,active-passive,concept swap,1110,-1,4.323263168334961,-2.559720993041992,-6.882984161376953,1,0,10
oldtok_80M,social-relations_876,social-relations,876,parent,child,direct,active-passive,concept swap,0100,-1,0.6451187133789062,-4.426839828491211,-5.071958541870117,1,0,10
oldtok_80M,social-relations_882,social-relations,882,parent,child,direct,active-passive,variable swap,0010,-1,-2.4358787536621094,-2.0736255645751953,0.36225318908691406,0,0,00
oldtok_80M,social-relations_886,social-relations,886,parent,child,direct,active-passive,variable swap,0010,-1,-1.4513015747070312,-1.8284873962402344,-0.3771858215332031,0,0,00
oldtok_80M,social-relations_889,social-relations,889,parent,child,direct,active-passive,variable swap,1110,-1,4.323263168334961,-2.559720993041992,-6.882984161376953,1,0,10
oldtok_80M,social-relations_892,social-relations,892,parent,child,direct,active-passive,variable swap,0100,-1,0.6451187133789062,-4.426839828491211,-5.071958541870117,1,0,10
oldtok_80M,social-relations_2,social-relations,2,boss,subordinate,direct,antonym,concept swap,0010,-1,-0.883967399597168,-3.3661184310913086,-2.4821510314941406,0,0,00
oldtok_80M,social-relations_4,social-relations,4,boss,subordinate,direct,antonym,concept swap,0010,-1,-5.106517791748047,-1.7014808654785156,3.4050369262695312,0,0,00
oldtok_80M,social-relations_7,social-relations,7,boss,subordinate,direct,antonym,concept swap,0111,-1,3.062236785888672,4.236820220947266,1.1745834350585938,1,1,11
oldtok_80M,social-relations_9,social-relations,9,boss,subordinate,direct,antonym,concept swap,1110,-1,3.0275497436523438,-1.4278182983398438,-4.4553680419921875,1,0,10
oldtok_80M,social-relations_10,social-relations,10,boss,subordinate,direct,antonym,concept swap,0010,-1,0.4377450942993164,-3.2672882080078125,-3.705033302307129,1,0,10
oldtok_80M,social-relations_13,social-relations,13,boss,subordinate,direct,antonym,concept swap,1110,-1,2.172985076904297,-1.6816444396972656,-3.8546295166015625,1,0,10
oldtok_80M,social-relations_14,social-relations,14,boss,subordinate,direct,antonym,concept swap,0010,-1,-0.3135805130004883,-2.1208343505859375,-1.8072538375854492,0,0,00
oldtok_80M,social-relations_464,social-relations,464,friend,enemy,direct,antonym,concept swap,1110,-1,1.4916362762451172,0.10335922241210938,-1.3882770538330078,1,1,11
oldtok_80M,social-relations_473,social-relations,473,friend,enemy,direct,antonym,concept swap,0010,-1,-2.767838478088379,-1.7826766967773438,0.9851617813110352,0,0,00
oldtok_80M,social-relations_605,social-relations,605,landlord,tenant,direct,antonym,concept swap,0010,-1,-6.3455047607421875,-4.1007537841796875,2.2447509765625,0,0,00
oldtok_80M,social-relations_607,social-relations,607,landlord,tenant,direct,antonym,concept swap,0111,-1,5.701770782470703,2.561603546142578,-3.140167236328125,1,1,11
oldtok_80M,social-relations_608,social-relations,608,landlord,tenant,direct,antonym,concept swap,0010,-1,0.05307769775390625,-3.6744937896728516,-3.727571487426758,1,0,10
oldtok_80M,social-relations_615,social-relations,615,landlord,tenant,direct,antonym,concept swap,1110,-1,2.1363563537597656,-0.11436843872070312,-2.2507247924804688,1,0,10
oldtok_80M,social-relations_617,social-relations,617,landlord,tenant,direct,antonym,concept swap,0010,-1,-2.2297897338867188,-1.1535415649414062,1.0762481689453125,0,0,00
oldtok_80M,social-relations_619,social-relations,619,landlord,tenant,direct,antonym,concept swap,0100,-1,0.8805503845214844,-0.22908782958984375,-1.1096382141113281,1,0,10
oldtok_80M,social-relations_1269,social-relations,1269,teacher,student,direct,antonym,concept swap,1110,-1,3.602428436279297,-3.1280078887939453,-6.730436325073242,1,0,10
oldtok_80M,social-relations_1273,social-relations,1273,teacher,student,direct,antonym,concept swap,0111,-1,2.5982799530029297,1.8824043273925781,-0.7158756256103516,1,1,11
oldtok_80M,social-relations_1275,social-relations,1275,teacher,student,direct,antonym,concept swap,0111,-1,10.216211318969727,7.413791656494141,-2.802419662475586,1,1,11
oldtok_80M,social-relations_1278,social-relations,1278,teacher,student,direct,antonym,concept swap,0010,-1,-1.3129005432128906,-2.024444580078125,-0.7115440368652344,0,0,00
oldtok_80M,social-relations_1285,social-relations,1285,teacher,student,direct,antonym,concept swap,1110,-1,5.929155349731445,-1.9663543701171875,-7.895509719848633,1,0,10
oldtok_80M,social-relations_21,social-relations,21,boss,subordinate,direct,antonym,variable swap,0100,-1,1.817617416381836,-1.7545623779296875,-3.5721797943115234,1,0,10
oldtok_80M,social-relations_24,social-relations,24,boss,subordinate,direct,antonym,variable swap,0010,-1,-0.883967399597168,-3.3661184310913086,-2.4821510314941406,0,0,00
oldtok_80M,social-relations_28,social-relations,28,boss,subordinate,direct,antonym,variable swap,0010,-1,-5.106517791748047,-1.7014808654785156,3.4050369262695312,0,0,00
oldtok_80M,social-relations_30,social-relations,30,boss,subordinate,direct,antonym,variable swap,0010,-1,-5.459285736083984,-0.9769439697265625,4.482341766357422,0,0,00
oldtok_80M,social-relations_3,social-relations,3,boss,subordinate,direct,antonym,concept swap,1111,0,2.6649627685546875,8.727529525756836,6.062566757202148,1,1,11
oldtok_80M,social-relations_11,social-relations,11,boss,subordinate,direct,antonym,concept swap,1111,0,4.363555908203125,6.824058532714844,2.4605026245117188,1,1,11
oldtok_80M,social-relations_19,social-relations,19,boss,subordinate,direct,antonym,concept swap,1111,0,1.7319526672363281,6.557411193847656,4.825458526611328,1,1,11
oldtok_80M,social-relations_27,social-relations,27,boss,subordinate,direct,antonym,variable swap,1111,0,2.6649627685546875,8.727529525756836,6.062566757202148,1,1,11
oldtok_80M,social-relations_41,social-relations,41,boss,subordinate,direct,antonym,variable swap,1111,0,4.363555908203125,6.824058532714844,2.4605026245117188,1,1,11
oldtok_80M,social-relations_57,social-relations,57,boss,subordinate,direct,antonym,variable swap,1111,0,1.7319526672363281,6.557411193847656,4.825458526611328,1,1,11
oldtok_80M,social-relations_63,social-relations,63,boss,subordinate,direct,variable swap,concept swap,1111,0,16.235090255737305,16.70651626586914,0.47142601013183594,1,1,11
oldtok_80M,social-relations_64,social-relations,64,boss,subordinate,direct,variable swap,concept swap,1111,0,2.1507034301757812,5.135335922241211,2.9846324920654297,1,1,11
oldtok_80M,social-relations_66,social-relations,66,boss,subordinate,direct,variable swap,concept swap,1111,0,8.37617015838623,5.92633056640625,-2.4498395919799805,1,1,11
oldtok_80M,social-relations_71,social-relations,71,boss,subordinate,direct,variable swap,concept swap,1111,0,10.025184631347656,15.674667358398438,5.649482727050781,1,1,11
oldtok_80M,social-relations_46,social-relations,46,boss,subordinate,direct,antonym,variable swap,0000,0,-2.9888458251953125,-1.5110397338867188,1.4778060913085938,0,0,00
oldtok_80M,social-relations_62,social-relations,62,boss,subordinate,direct,variable swap,concept swap,0000,0,-16.54690933227539,-17.324462890625,-0.7775535583496094,0,0,00
oldtok_80M,social-relations_65,social-relations,65,boss,subordinate,direct,variable swap,concept swap,0000,0,-0.9648056030273438,-2.0136375427246094,-1.0488319396972656,0,0,00
oldtok_80M,social-relations_67,social-relations,67,boss,subordinate,direct,variable swap,concept swap,0000,0,-8.904241561889648,-6.269191741943359,2.635049819946289,0,0,00
oldtok_80M,social-relations_68,social-relations,68,boss,subordinate,direct,variable swap,concept swap,0000,0,-1.39825439453125,-1.35675048828125,0.04150390625,0,0,00
oldtok_80M,social-relations_70,social-relations,70,boss,subordinate,direct,variable swap,concept swap,0000,0,-7.017595291137695,-10.876670837402344,-3.8590755462646484,0,0,00
oldtok_80M,social-relations_75,social-relations,75,boss,subordinate,direct,variable swap,concept swap,0000,0,-19.423809051513672,-10.233909606933594,9.189899444580078,0,0,00
oldtok_80M,social-relations_79,social-relations,79,boss,subordinate,direct,variable swap,concept swap,0000,0,-16.140607833862305,-15.106208801269531,1.0343990325927734,0,0,00
oldtok_80M,social-relations_83,social-relations,83,boss,subordinate,direct,variable swap,concept swap,0000,0,-22.24869155883789,-19.75884246826172,2.489849090576172,0,0,00
oldtok_80M,social-relations_86,social-relations,86,boss,subordinate,direct,variable swap,concept swap,0000,0,-21.175786018371582,-19.576295852661133,1.5994901657104492,0,0,00
oldtok_80M,agent-properties_4,agent-properties,4,believe,doubt,direct,antonym,concept swap,1111,0,1.6121139526367188,-0.16167545318603516,-1.773789405822754,1,0,10
oldtok_80M,agent-properties_12,agent-properties,12,believe,doubt,indirect,antonym,concept swap,1111,0,1.7969856262207031,2.1307506561279297,0.33376502990722656,1,1,11
oldtok_80M,agent-properties_18,agent-properties,18,believe,doubt,indirect,antonym,concept swap,1111,0,1.3122711181640625,2.391468048095703,1.0791969299316406,1,1,11
oldtok_80M,agent-properties_21,agent-properties,21,believe,doubt,indirect,antonym,concept swap,1111,0,1.4694061279296875,1.9037284851074219,0.4343223571777344,1,1,11
oldtok_80M,agent-properties_30,agent-properties,30,believe,doubt,indirect,antonym,concept swap,1111,0,1.025491714477539,2.118701934814453,1.093210220336914,1,1,11
oldtok_80M,agent-properties_33,agent-properties,33,believe,doubt,indirect,antonym,concept swap,1111,0,0.4552783966064453,2.219594955444336,1.7643165588378906,1,1,11
oldtok_80M,agent-properties_34,agent-properties,34,believe,doubt,indirect,antonym,concept swap,1111,0,1.3931465148925781,2.366750717163086,0.9736042022705078,1,1,11
oldtok_80M,agent-properties_39,agent-properties,39,believe,doubt,indirect,antonym,concept swap,1111,0,0.86590576171875,-1.1917304992675781,-2.057636260986328,1,0,10
oldtok_80M,agent-properties_44,agent-properties,44,believe,doubt,indirect,antonym,concept swap,1111,0,1.8791723251342773,1.078451156616211,-0.8007211685180664,1,1,11
oldtok_80M,agent-properties_50,agent-properties,50,believe,doubt,indirect,antonym,concept swap,1111,0,1.6585845947265625,0.9201889038085938,-0.7383956909179688,1,1,11
oldtok_80M,agent-properties_54,agent-properties,54,believe,doubt,indirect,antonym,concept swap,1111,0,1.3049259185791016,1.3357219696044922,0.030796051025390625,1,1,11
oldtok_80M,agent-properties_56,agent-properties,56,believe,doubt,indirect,antonym,concept swap,1111,0,1.458648681640625,0.7940044403076172,-0.6646442413330078,1,1,11
oldtok_80M,agent-properties_65,agent-properties,65,believe,doubt,indirect,antonym,concept swap,1111,0,2.076082229614258,1.8602523803710938,-0.21582984924316406,1,1,11
oldtok_80M,agent-properties_66,agent-properties,66,believe,doubt,indirect,antonym,concept swap,1111,0,1.5450820922851562,3.3350086212158203,1.789926528930664,1,1,11
oldtok_80M,agent-properties_71,agent-properties,71,believe,doubt,indirect,negation,concept swap,1111,0,1.4000205993652344,1.749298095703125,0.3492774963378906,1,1,11
oldtok_80M,agent-properties_3,agent-properties,3,believe,doubt,direct,antonym,concept swap,0000,0,-2.2292308807373047,-0.025140762329101562,2.204090118408203,0,0,00
oldtok_80M,agent-properties_13,agent-properties,13,believe,doubt,indirect,antonym,concept swap,0000,0,-1.1898078918457031,-2.2794570922851562,-1.0896492004394531,0,0,00
oldtok_80M,agent-properties_19,agent-properties,19,believe,doubt,indirect,antonym,concept swap,0000,0,-0.7700920104980469,-2.208576202392578,-1.4384841918945312,0,0,00
oldtok_80M,agent-properties_20,agent-properties,20,believe,doubt,indirect,antonym,concept swap,0000,0,-2.150691032409668,-2.2415504455566406,-0.09085941314697266,0,0,00
oldtok_80M,agent-properties_25,agent-properties,25,believe,doubt,indirect,antonym,concept swap,0000,0,-0.7137374877929688,-1.822641372680664,-1.1089038848876953,0,0,00
oldtok_80M,agent-properties_31,agent-properties,31,believe,doubt,indirect,antonym,concept swap,0000,0,-0.7789058685302734,-1.7742481231689453,-0.9953422546386719,0,0,00
oldtok_80M,agent-properties_32,agent-properties,32,believe,doubt,indirect,antonym,concept swap,0000,0,-1.100031852722168,-2.649545669555664,-1.549513816833496,0,0,00
oldtok_80M,agent-properties_35,agent-properties,35,believe,doubt,indirect,antonym,concept swap,0000,0,-0.9487323760986328,-3.010690689086914,-2.0619583129882812,0,0,00
oldtok_80M,agent-properties_41,agent-properties,41,believe,doubt,indirect,antonym,concept swap,0000,0,-1.0459747314453125,-3.0358200073242188,-1.9898452758789062,0,0,00
oldtok_80M,agent-properties_42,agent-properties,42,believe,doubt,indirect,antonym,concept swap,0000,0,-1.491048812866211,-2.8890914916992188,-1.3980426788330078,0,0,00
oldtok_80M,agent-properties_45,agent-properties,45,believe,doubt,indirect,antonym,concept swap,0000,0,-1.6685466766357422,-1.0685367584228516,0.6000099182128906,0,0,00
oldtok_80M,agent-properties_52,agent-properties,52,believe,doubt,indirect,antonym,concept swap,0000,0,-2.1532115936279297,-1.7332935333251953,0.4199180603027344,0,0,00
oldtok_80M,agent-properties_55,agent-properties,55,believe,doubt,indirect,antonym,concept swap,0000,0,-1.30316162109375,-0.6633491516113281,0.6398124694824219,0,0,00
oldtok_80M,agent-properties_57,agent-properties,57,believe,doubt,indirect,antonym,concept swap,0000,0,-1.5650749206542969,-1.7040138244628906,-0.13893890380859375,0,0,00
oldtok_80M,agent-properties_63,agent-properties,63,believe,doubt,indirect,antonym,concept swap,0000,0,-1.6103172302246094,-2.1263675689697266,-0.5160503387451172,0,0,00
oldtok_80M,agent-properties_7,agent-properties,7,believe,doubt,direct,antonym,concept swap,1001,2,-1.651082992553711,0.761932373046875,2.413015365600586,0,1,01
oldtok_80M,agent-properties_29,agent-properties,29,believe,doubt,indirect,antonym,concept swap,1001,2,-0.6268730163574219,3.9998531341552734,4.626726150512695,0,1,01
oldtok_80M,agent-properties_47,agent-properties,47,believe,doubt,indirect,antonym,concept swap,1001,2,-2.0341224670410156,1.024057388305664,3.0581798553466797,0,1,01
oldtok_80M,agent-properties_48,agent-properties,48,believe,doubt,indirect,antonym,concept swap,1001,2,-2.0081520080566406,1.4529991149902344,3.461151123046875,0,1,01
oldtok_80M,agent-properties_100,agent-properties,100,believe,doubt,indirect,variable swap,concept swap,1001,2,0.4099922180175781,0.12642478942871094,-0.2835674285888672,1,1,11
oldtok_80M,agent-properties_112,agent-properties,112,believe,imagine,direct,negation,concept swap,1001,2,-0.3684406280517578,1.591181755065918,1.9596223831176758,0,1,01
oldtok_80M,agent-properties_121,agent-properties,121,believe,imagine,direct,other,concept swap,1001,2,-1.4807605743408203,2.0573177337646484,3.5380783081054688,0,1,01
oldtok_80M,agent-properties_129,agent-properties,129,believe,imagine,direct,other,concept swap,1001,2,0.15880393981933594,3.5674304962158203,3.4086265563964844,1,1,11
oldtok_80M,agent-properties_138,agent-properties,138,choose,-,indirect,antonym,variable swap,1001,2,-0.2505302429199219,0.24742698669433594,0.4979572296142578,0,1,01
oldtok_80M,agent-properties_142,agent-properties,142,choose,-,indirect,antonym,variable swap,1001,2,-0.36959266662597656,0.38690757751464844,0.756500244140625,0,1,01
oldtok_80M,agent-properties_147,agent-properties,147,choose,-,indirect,antonym,variable swap,1001,2,-0.01195526123046875,0.7166671752929688,0.7286224365234375,0,1,01
oldtok_80M,agent-properties_153,agent-properties,153,choose,-,indirect,antonym,variable swap,1001,2,-1.8212738037109375,0.4543876647949219,2.2756614685058594,0,1,01
oldtok_80M,agent-properties_207,agent-properties,207,choose,-,indirect,antonym,variable swap,1001,2,-0.8633689880371094,0.7116203308105469,1.5749893188476562,0,1,01
oldtok_80M,agent-properties_230,agent-properties,230,choose,-,indirect,antonym,variable swap,1001,2,0.05581092834472656,0.4357891082763672,0.3799781799316406,1,1,11
oldtok_80M,agent-properties_343,agent-properties,343,choose,-,indirect,variable swap,variable swap,1001,2,-0.9766197204589844,5.75294303894043,6.729562759399414,0,1,01
oldtok_80M,material-properties_10,material-properties,10,bouncy,not bouncy,indirect,material,concept swap,1111,0,0.4646110534667969,1.5614299774169922,1.0968189239501953,1,1,11
oldtok_80M,material-properties_22,material-properties,22,bouncy,not bouncy,indirect,material,concept swap,1111,0,2.9434127807617188,6.981412887573242,4.038000106811523,1,1,11
oldtok_80M,material-properties_25,material-properties,25,bouncy,not bouncy,indirect,material,concept swap,1111,0,2.6587867736816406,5.199079513549805,2.540292739868164,1,1,11
oldtok_80M,material-properties_27,material-properties,27,bouncy,not bouncy,indirect,material,concept swap,1111,0,0.2251262664794922,4.4258880615234375,4.200761795043945,1,1,11
oldtok_80M,material-properties_48,material-properties,48,fragile,sturdy,direct,antonym,concept swap,1111,0,6.171611785888672,10.044330596923828,3.8727188110351562,1,1,11
oldtok_80M,material-properties_50,material-properties,50,fragile,sturdy,direct,antonym,concept swap,1111,0,4.929513931274414,11.992101669311523,7.062587738037109,1,1,11
oldtok_80M,material-properties_52,material-properties,52,fragile,sturdy,direct,antonym,concept swap,1111,0,5.378408432006836,11.135673522949219,5.757265090942383,1,1,11
oldtok_80M,material-properties_54,material-properties,54,fragile,sturdy,direct,antonym,concept swap,1111,0,6.1681976318359375,10.740234375,4.5720367431640625,1,1,11
oldtok_80M,material-properties_56,material-properties,56,fragile,sturdy,direct,antonym,concept swap,1111,0,3.7860031127929688,11.316268920898438,7.530265808105469,1,1,11
oldtok_80M,material-properties_59,material-properties,59,fragile,sturdy,direct,antonym,concept swap,1111,0,0.8746242523193359,0.6970329284667969,-0.17759132385253906,1,1,11
oldtok_80M,material-properties_67,material-properties,67,fragile,sturdy,direct,antonym,concept swap,1111,0,0.9983634948730469,0.7733097076416016,-0.2250537872314453,1,1,11
oldtok_80M,material-properties_72,material-properties,72,fragile,sturdy,indirect,material,concept swap,1111,0,-0.1802997589111328,0.8440093994140625,1.0243091583251953,0,1,01
oldtok_80M,material-properties_77,material-properties,77,fragile,sturdy,indirect,material,concept swap,1111,0,0.7080631256103516,0.9141082763671875,0.20604515075683594,1,1,11
oldtok_80M,material-properties_79,material-properties,79,heavy,light,direct,antonym,concept swap,1111,0,1.1816329956054688,1.0678071975708008,-0.11382579803466797,1,1,11
oldtok_80M,material-properties_81,material-properties,81,heavy,light,direct,antonym,concept swap,1111,0,0.48047733306884766,2.122507095336914,1.6420297622680664,1,1,11
oldtok_80M,material-properties_0,material-properties,0,bouncy,not bouncy,indirect,antonym,concept swap,0000,0,-0.43830299377441406,0.3578643798828125,0.7961673736572266,0,1,01
oldtok_80M,material-properties_20,material-properties,20,bouncy,not bouncy,indirect,material,concept swap,0000,0,-2.044872283935547,-8.273242950439453,-6.228370666503906,0,0,00
oldtok_80M,material-properties_24,material-properties,24,bouncy,not bouncy,indirect,material,concept swap,0000,0,-1.6608333587646484,-8.152535438537598,-6.491702079772949,0,0,00
oldtok_80M,material-properties_26,material-properties,26,bouncy,not bouncy,indirect,material,concept swap,0000,0,-1.2539749145507812,-5.147015571594238,-3.893040657043457,0,0,00
oldtok_80M,material-properties_28,material-properties,28,cold,warm,direct,antonym,concept swap,0000,0,-4.258008003234863,-0.9887771606445312,3.269230842590332,0,0,00
oldtok_80M,material-properties_30,material-properties,30,cold,warm,direct,antonym,concept swap,0000,0,-1.6219730377197266,-1.367044448852539,0.2549285888671875,0,0,00
oldtok_80M,material-properties_32,material-properties,32,cold,warm,direct,antonym,concept swap,0000,0,-4.262991905212402,-1.4325675964355469,2.8304243087768555,0,0,00
oldtok_80M,material-properties_34,material-properties,34,cold,warm,direct,antonym,concept swap,0000,0,-2.6497840881347656,-1.9724235534667969,0.6773605346679688,0,0,00
oldtok_80M,material-properties_36,material-properties,36,cold,warm,direct,antonym,concept swap,0000,0,-3.8537044525146484,-0.42955970764160156,3.424144744873047,0,0,00
oldtok_80M,material-properties_38,material-properties,38,cold,warm,direct,antonym,concept swap,0000,0,-2.378936767578125,-1.6761131286621094,0.7028236389160156,0,0,00
oldtok_80M,material-properties_42,material-properties,42,cold,warm,direct,antonym,concept swap,0000,0,-5.100383758544922,-0.1762561798095703,4.924127578735352,0,0,00
oldtok_80M,material-properties_44,material-properties,44,cold,warm,direct,antonym,concept swap,0000,0,-3.277545928955078,-1.810312271118164,1.467233657836914,0,0,00
oldtok_80M,material-properties_46,material-properties,46,cold,warm,direct,antonym,concept swap,0000,0,-4.707707405090332,-1.581578254699707,3.126129150390625,0,0,00
oldtok_80M,material-properties_49,material-properties,49,fragile,sturdy,direct,antonym,concept swap,0000,0,-5.378618240356445,-6.342620849609375,-0.9640026092529297,0,0,00
oldtok_80M,material-properties_51,material-properties,51,fragile,sturdy,direct,antonym,concept swap,0000,0,-4.446849822998047,-8.286260604858398,-3.8394107818603516,0,0,00
oldtok_80M,material-properties_8,material-properties,8,bouncy,not bouncy,indirect,antonym,concept swap,1001,2,-0.2931079864501953,0.5350933074951172,0.8282012939453125,0,1,01
oldtok_80M,material-properties_152,material-properties,152,transparent,opaque,direct,negation,concept swap,1001,2,0.1272296905517578,2.5640392303466797,2.436809539794922,1,1,11
oldtok_80M,material-properties_1,material-properties,1,bouncy,not bouncy,indirect,antonym,concept swap,1101,1,0.9101409912109375,-0.17280197143554688,-1.0829429626464844,1,0,10
oldtok_80M,material-properties_2,material-properties,2,bouncy,not bouncy,indirect,antonym,concept swap,1011,1,-0.14635086059570312,0.8157844543457031,0.9621353149414062,0,1,01
oldtok_80M,material-properties_5,material-properties,5,bouncy,not bouncy,indirect,antonym,concept swap,1101,1,0.5571861267089844,0.06832313537597656,-0.4888629913330078,1,1,11
oldtok_80M,material-properties_6,material-properties,6,bouncy,not bouncy,indirect,antonym,concept swap,0001,1,-0.5554637908935547,0.4784202575683594,1.033884048461914,0,1,01
oldtok_80M,material-properties_7,material-properties,7,bouncy,not bouncy,indirect,antonym,concept swap,1101,1,0.9989185333251953,0.008251190185546875,-0.9906673431396484,1,1,11
oldtok_80M,material-properties_14,material-properties,14,bouncy,not bouncy,indirect,material,concept swap,0001,1,-0.3648853302001953,-0.23122024536132812,0.1336650848388672,0,0,00
oldtok_80M,material-properties_15,material-properties,15,bouncy,not bouncy,indirect,material,concept swap,1011,1,-1.9269466400146484,1.8246707916259766,3.751617431640625,0,1,01
oldtok_80M,material-properties_19,material-properties,19,bouncy,not bouncy,indirect,material,concept swap,1011,1,-0.9563961029052734,1.3307628631591797,2.287158966064453,0,1,01
oldtok_80M,material-properties_21,material-properties,21,bouncy,not bouncy,indirect,material,concept swap,1101,1,2.905487060546875,4.921258926391602,2.0157718658447266,1,1,11
oldtok_80M,material-properties_40,material-properties,40,cold,warm,direct,antonym,concept swap,1000,1,-2.7070484161376953,-0.7304458618164062,1.976602554321289,0,0,00
oldtok_80M,material-properties_58,material-properties,58,fragile,sturdy,direct,antonym,concept swap,0001,1,-0.4582099914550781,0.5767459869384766,1.0349559783935547,0,1,01
oldtok_80M,material-properties_60,material-properties,60,fragile,sturdy,direct,antonym,concept swap,0001,1,-0.4502220153808594,0.20403671264648438,0.6542587280273438,0,1,01
oldtok_80M,material-properties_61,material-properties,61,fragile,sturdy,direct,antonym,concept swap,1101,1,1.201589584350586,1.0819339752197266,-0.11965560913085938,1,1,11
oldtok_80M,social-interactions_8,social-interactions,8,cooperate,compete,direct,antonym,concept swap,1111,0,7.934284210205078,7.734096527099609,-0.20018768310546875,1,1,11
oldtok_80M,social-interactions_18,social-interactions,18,cooperate,compete,direct,antonym,concept swap,1111,0,0.2553062438964844,1.0737686157226562,0.8184623718261719,1,1,11
oldtok_80M,social-interactions_30,social-interactions,30,deceive,help,direct,antonym,concept swap,1111,0,0.6826572418212891,0.4611358642578125,-0.22152137756347656,1,1,11
oldtok_80M,social-interactions_34,social-interactions,34,deceive,help,direct,antonym,concept swap,1111,0,2.6997718811035156,3.447765350341797,0.7479934692382812,1,1,11
oldtok_80M,social-interactions_38,social-interactions,38,deceive,help,direct,antonym,concept swap,1111,0,0.8734683990478516,2.171152114868164,1.2976837158203125,1,1,11
oldtok_80M,social-interactions_40,social-interactions,40,deceive,help,direct,antonym,concept swap,1111,0,0.6725845336914062,0.1941509246826172,-0.47843360900878906,1,1,11
oldtok_80M,social-interactions_42,social-interactions,42,deceive,help,direct,antonym,concept swap,1111,0,1.6524505615234375,1.9320259094238281,0.2795753479003906,1,1,11
oldtok_80M,social-interactions_46,social-interactions,46,deceive,help,direct,antonym,concept swap,1111,0,0.7211093902587891,1.4184017181396484,0.6972923278808594,1,1,11
oldtok_80M,social-interactions_48,social-interactions,48,deceive,help,direct,antonym,concept swap,1111,0,-0.05445098876953125,0.8375759124755859,0.8920269012451172,0,1,01
oldtok_80M,social-interactions_63,social-interactions,63,evade,chase,direct,antonym,concept swap,1111,0,0.43239402770996094,3.647913932800293,3.215519905090332,1,1,11
oldtok_80M,social-interactions_81,social-interactions,81,evade,seek,direct,antonym,concept swap,1111,0,3.685171127319336,2.6140642166137695,-1.0711069107055664,1,1,11
oldtok_80M,social-interactions_83,social-interactions,83,evade,seek,direct,antonym,concept swap,1111,0,5.0185546875,4.435639381408691,-0.5829153060913086,1,1,11
oldtok_80M,social-interactions_85,social-interactions,85,evade,seek,direct,antonym,concept swap,1111,0,4.683567047119141,3.7412452697753906,-0.94232177734375,1,1,11
oldtok_80M,social-interactions_87,social-interactions,87,evade,seek,direct,antonym,concept swap,1111,0,3.8084888458251953,5.266315460205078,1.4578266143798828,1,1,11
oldtok_80M,social-interactions_88,social-interactions,88,evade,seek,direct,antonym,concept swap,1111,0,-0.39283180236816406,4.972446441650391,5.365278244018555,0,1,01
oldtok_80M,social-interactions_3,social-interactions,3,cooperate,compete,direct,antonym,concept swap,0000,0,-0.18622589111328125,-4.382471084594727,-4.196245193481445,0,0,00
oldtok_80M,social-interactions_14,social-interactions,14,cooperate,compete,direct,antonym,concept swap,0000,0,-0.8365135192871094,-1.3089065551757812,-0.4723930358886719,0,0,00
oldtok_80M,social-interactions_19,social-interactions,19,cooperate,compete,direct,antonym,concept swap,0000,0,-0.4431114196777344,-3.9699935913085938,-3.5268821716308594,0,0,00
oldtok_80M,social-interactions_35,social-interactions,35,deceive,help,direct,antonym,concept swap,0000,0,-3.380636215209961,-2.208341598510742,1.1722946166992188,0,0,00
oldtok_80M,social-interactions_43,social-interactions,43,deceive,help,direct,antonym,concept swap,0000,0,-1.2280492782592773,-0.9200658798217773,0.3079833984375,0,0,00
oldtok_80M,social-interactions_76,social-interactions,76,evade,chase,indirect,antonym,concept swap,0000,0,-4.504383087158203,-0.3684539794921875,4.135929107666016,0,0,00
oldtok_80M,social-interactions_98,social-interactions,98,evade,seek,indirect,antonym,concept swap,0000,0,-1.4163970947265625,-0.9833564758300781,0.4330406188964844,0,0,00
oldtok_80M,social-interactions_141,social-interactions,141,help,hinder,indirect,antonym,concept swap,0000,0,-3.5364418029785156,-0.8716278076171875,2.664813995361328,0,0,00
oldtok_80M,social-interactions_149,social-interactions,149,help,hinder,indirect,antonym,concept swap,0000,0,-4.9716033935546875,-1.1777267456054688,3.7938766479492188,0,0,00
oldtok_80M,social-interactions_157,social-interactions,157,respect,insult,direct,antonym,concept swap,0000,0,-2.5222320556640625,-4.014686584472656,-1.4924545288085938,0,0,00
oldtok_80M,social-interactions_170,social-interactions,170,respect,insult,indirect,antonym,concept swap,0000,0,-4.990728378295898,-0.46169090270996094,4.5290374755859375,0,0,00
oldtok_80M,social-interactions_178,social-interactions,178,respect,insult,indirect,antonym,concept swap,0000,0,-2.7523765563964844,-1.47784423828125,1.2745323181152344,0,0,00
oldtok_80M,social-interactions_181,social-interactions,181,teach,learn,direct,variable swap,concept swap,0000,0,-4.468568801879883,-3.3320999145507812,1.1364688873291016,0,0,00
oldtok_80M,social-interactions_183,social-interactions,183,teach,learn,direct,variable swap,concept swap,0000,0,-4.468568801879883,-3.3320999145507812,1.1364688873291016,0,0,00
oldtok_80M,social-interactions_189,social-interactions,189,teach,learn,direct,variable swap,concept swap,0000,0,-6.311363220214844,-16.69822883605957,-10.386865615844727,0,0,00
oldtok_80M,social-interactions_33,social-interactions,33,deceive,help,direct,antonym,concept swap,1001,2,-3.170069694519043,0.21595001220703125,3.386019706726074,0,1,01
oldtok_80M,social-interactions_49,social-interactions,49,deceive,help,direct,antonym,concept swap,1001,2,-1.3296852111816406,0.23708152770996094,1.5667667388916016,0,1,01
oldtok_80M,social-interactions_65,social-interactions,65,evade,chase,direct,antonym,concept swap,1001,2,-1.6710405349731445,6.303799629211426,7.97484016418457,0,1,01
oldtok_80M,social-interactions_67,social-interactions,67,evade,chase,direct,antonym,concept swap,1001,2,-3.953523635864258,4.058586120605469,8.012109756469727,0,1,01
oldtok_80M,social-interactions_69,social-interactions,69,evade,chase,direct,antonym,concept swap,1001,2,-3.46099853515625,2.6854076385498047,6.146406173706055,0,1,01
oldtok_80M,social-interactions_70,social-interactions,70,evade,chase,indirect,antonym,concept swap,1001,2,-2.223268508911133,0.8031120300292969,3.0263805389404297,0,1,01
oldtok_80M,social-interactions_80,social-interactions,80,evade,seek,direct,antonym,concept swap,1001,2,-1.1759300231933594,6.062236785888672,7.238166809082031,0,1,01
oldtok_80M,social-interactions_86,social-interactions,86,evade,seek,direct,antonym,concept swap,1001,2,-3.5661373138427734,2.6540775299072266,6.22021484375,0,1,01
oldtok_80M,social-interactions_119,social-interactions,119,flirt,insult,indirect,antonym,concept swap,1001,2,-0.0541229248046875,2.045827865600586,2.0999507904052734,0,1,01
oldtok_80M,social-interactions_172,social-interactions,172,respect,insult,indirect,antonym,concept swap,1001,2,-2.7370834350585938,1.2410049438476562,3.97808837890625,0,1,01
oldtok_80M,social-interactions_174,social-interactions,174,respect,insult,indirect,antonym,concept swap,1001,2,-1.4811782836914062,0.4723854064941406,1.9535636901855469,0,1,01
oldtok_80M,social-interactions_240,social-interactions,240,teach,learn,indirect,antonym,variable swap,1001,2,-0.42656898498535156,0.5493659973144531,0.9759349822998047,0,1,01
oldtok_80M,social-interactions_250,social-interactions,250,tease,comfort,direct,other,concept swap,1001,2,-1.9144153594970703,3.192659378051758,5.107074737548828,0,1,01
oldtok_80M,social-interactions_252,social-interactions,252,tease,comfort,direct,other,concept swap,1001,2,-5.588410377502441,5.063969612121582,10.652379989624023,0,1,01
oldtok_80M,social-interactions_258,social-interactions,258,tease,comfort,indirect,antonym,concept swap,1001,2,-1.6666450500488281,0.5493183135986328,2.215963363647461,0,1,01
